name,label,assembly,role,shape,carrier,node,cap,material,r_in,r_out,start_deg,w_deg,z0,z1,c,r,p0,p1,volume
A_flange_carrier,"carriers / A_flange_carrier - A-flange carrier, insulating: rotor A outer flange; holds the ND8 island bars; r0-749.35 mm, 8 mm thick, z -114..-106 [G10 rotor flange, rotor A]",carriers - the insulating carrier discs (G10); no node,carrier,sector,A-flange,,,G10 rotor flange,0.0000,749.3540,0.0000,360.0000,-114.0000,-106.0000,,,,,14112823.9979
Cx4_bars_1,"node-8 / Cx4_bars_1 - island bars on A, node 8, Cx4, sector 1 of 6 (0-30 deg), r112.4-524.55 mm, Al foil 1 mm, septum side of A-flange, z -106..-105 [Al foil, rotor A]",node-8 - Node 8: ND8 - island on rotor A (Cx4 bars),foil,sector,A-flange,8,Cx4,Al foil,112.4031,524.5478,0.0000,30.0000,-106.0000,-105.0000,,,,,68726.5127
Cx4_bars_2,"node-8 / Cx4_bars_2 - island bars on A, node 8, Cx4, sector 2 of 6 (60-90 deg), r112.4-524.55 mm, Al foil 1 mm, septum side of A-flange, z -106..-105 [Al foil, rotor A]",node-8 - Node 8: ND8 - island on rotor A (Cx4 bars),foil,sector,A-flange,8,Cx4,Al foil,112.4031,524.5478,60.0000,30.0000,-106.0000,-105.0000,,,,,68726.5127
Cx4_bars_3,"node-8 / Cx4_bars_3 - island bars on A, node 8, Cx4, sector 3 of 6 (120-150 deg), r112.4-524.55 mm, Al foil 1 mm, septum side of A-flange, z -106..-105 [Al foil, rotor A]",node-8 - Node 8: ND8 - island on rotor A (Cx4 bars),foil,sector,A-flange,8,Cx4,Al foil,112.4031,524.5478,120.0000,30.0000,-106.0000,-105.0000,,,,,68726.5127
Cx4_bars_4,"node-8 / Cx4_bars_4 - island bars on A, node 8, Cx4, sector 4 of 6 (180-210 deg), r112.4-524.55 mm, Al foil 1 mm, septum side of A-flange, z -106..-105 [Al foil, rotor A]",node-8 - Node 8: ND8 - island on rotor A (Cx4 bars),foil,sector,A-flange,8,Cx4,Al foil,112.4031,524.5478,180.0000,30.0000,-106.0000,-105.0000,,,,,68726.5127
Cx4_bars_5,"node-8 / Cx4_bars_5 - island bars on A, node 8, Cx4, sector 5 of 6 (240-270 deg), r112.4-524.55 mm, Al foil 1 mm, septum side of A-flange, z -106..-105 [Al foil, rotor A]",node-8 - Node 8: ND8 - island on rotor A (Cx4 bars),foil,sector,A-flange,8,Cx4,Al foil,112.4031,524.5478,240.0000,30.0000,-106.0000,-105.0000,,,,,68726.5127
Cx4_bars_6,"node-8 / Cx4_bars_6 - island bars on A, node 8, Cx4, sector 6 of 6 (300-330 deg), r112.4-524.55 mm, Al foil 1 mm, septum side of A-flange, z -106..-105 [Al foil, rotor A]",node-8 - Node 8: ND8 - island on rotor A (Cx4 bars),foil,sector,A-flange,8,Cx4,Al foil,112.4031,524.5478,300.0000,30.0000,-106.0000,-105.0000,,,,,68726.5127
Cx4_pickup_1,"node-n23 / Cx4_pickup_1 - Cx4 pickup, node n23, Cx4, sector 1 of 6 (0-30 deg), r86.93-524.55 mm, Al foil 1 mm, outer side of ND2, z -101.4..-100.4 [Al foil, stator]",node-n23 - Node n23: Cx4 pickup on ND2 (Lx4 to node 2),foil,sector,ND2,n23,Cx4,Al foil,86.9251,524.5478,0.0000,30.0000,-101.4000,-100.4000,,,,,70056.0583
Cx4_pickup_2,"node-n23 / Cx4_pickup_2 - Cx4 pickup, node n23, Cx4, sector 2 of 6 (60-90 deg), r86.93-524.55 mm, Al foil 1 mm, outer side of ND2, z -101.4..-100.4 [Al foil, stator]",node-n23 - Node n23: Cx4 pickup on ND2 (Lx4 to node 2),foil,sector,ND2,n23,Cx4,Al foil,86.9251,524.5478,60.0000,30.0000,-101.4000,-100.4000,,,,,70056.0583
Cx4_pickup_3,"node-n23 / Cx4_pickup_3 - Cx4 pickup, node n23, Cx4, sector 3 of 6 (120-150 deg), r86.93-524.55 mm, Al foil 1 mm, outer side of ND2, z -101.4..-100.4 [Al foil, stator]",node-n23 - Node n23: Cx4 pickup on ND2 (Lx4 to node 2),foil,sector,ND2,n23,Cx4,Al foil,86.9251,524.5478,120.0000,30.0000,-101.4000,-100.4000,,,,,70056.0583
Cx4_pickup_4,"node-n23 / Cx4_pickup_4 - Cx4 pickup, node n23, Cx4, sector 4 of 6 (180-210 deg), r86.93-524.55 mm, Al foil 1 mm, outer side of ND2, z -101.4..-100.4 [Al foil, stator]",node-n23 - Node n23: Cx4 pickup on ND2 (Lx4 to node 2),foil,sector,ND2,n23,Cx4,Al foil,86.9251,524.5478,180.0000,30.0000,-101.4000,-100.4000,,,,,70056.0583
Cx4_pickup_5,"node-n23 / Cx4_pickup_5 - Cx4 pickup, node n23, Cx4, sector 5 of 6 (240-270 deg), r86.93-524.55 mm, Al foil 1 mm, outer side of ND2, z -101.4..-100.4 [Al foil, stator]",node-n23 - Node n23: Cx4 pickup on ND2 (Lx4 to node 2),foil,sector,ND2,n23,Cx4,Al foil,86.9251,524.5478,240.0000,30.0000,-101.4000,-100.4000,,,,,70056.0583
Cx4_pickup_6,"node-n23 / Cx4_pickup_6 - Cx4 pickup, node n23, Cx4, sector 6 of 6 (300-330 deg), r86.93-524.55 mm, Al foil 1 mm, outer side of ND2, z -101.4..-100.4 [Al foil, stator]",node-n23 - Node n23: Cx4 pickup on ND2 (Lx4 to node 2),foil,sector,ND2,n23,Cx4,Al foil,86.9251,524.5478,300.0000,30.0000,-101.4000,-100.4000,,,,,70056.0583
ND2_carrier,"carriers / ND2_carrier - ND2 carrier, insulating: stator carrier ND2; holds the Ca electrode (AR bank, 2) and the Cx4 pickup (n23); r50-583 mm, 41.15 mm thick, z -100.4..-59.25 [G10 carrier, stator]",carriers - the insulating carrier discs (G10); no node,carrier,sector,ND2,,,G10 carrier,50.0000,583.0000,0.0000,360.0000,-100.4000,-59.2500,,,,,43616481.7765
Ca_el_1,"node-2 / Ca_el_1 - Ca electrode, node 2, Ca, sector 1 of 6 (30-60 deg), r536.4-575 mm, Al foil 1 mm, septum side of ND2, z -59.25..-58.25 [Al foil, stator]",node-2 - Node 2: ND2 - AR bank: Ca electrode,foil,sector,ND2,2,Ca,Al foil,536.4020,575.0000,30.0000,30.0000,-59.2500,-58.2500,,,,,11230.6383
Ca_el_2,"node-2 / Ca_el_2 - Ca electrode, node 2, Ca, sector 2 of 6 (90-120 deg), r536.4-575 mm, Al foil 1 mm, septum side of ND2, z -59.25..-58.25 [Al foil, stator]",node-2 - Node 2: ND2 - AR bank: Ca electrode,foil,sector,ND2,2,Ca,Al foil,536.4020,575.0000,90.0000,30.0000,-59.2500,-58.2500,,,,,11230.6383
Ca_el_3,"node-2 / Ca_el_3 - Ca electrode, node 2, Ca, sector 3 of 6 (150-180 deg), r536.4-575 mm, Al foil 1 mm, septum side of ND2, z -59.25..-58.25 [Al foil, stator]",node-2 - Node 2: ND2 - AR bank: Ca electrode,foil,sector,ND2,2,Ca,Al foil,536.4020,575.0000,150.0000,30.0000,-59.2500,-58.2500,,,,,11230.6383
Ca_el_4,"node-2 / Ca_el_4 - Ca electrode, node 2, Ca, sector 4 of 6 (210-240 deg), r536.4-575 mm, Al foil 1 mm, septum side of ND2, z -59.25..-58.25 [Al foil, stator]",node-2 - Node 2: ND2 - AR bank: Ca electrode,foil,sector,ND2,2,Ca,Al foil,536.4020,575.0000,210.0000,30.0000,-59.2500,-58.2500,,,,,11230.6383
Ca_el_5,"node-2 / Ca_el_5 - Ca electrode, node 2, Ca, sector 5 of 6 (270-300 deg), r536.4-575 mm, Al foil 1 mm, septum side of ND2, z -59.25..-58.25 [Al foil, stator]",node-2 - Node 2: ND2 - AR bank: Ca electrode,foil,sector,ND2,2,Ca,Al foil,536.4020,575.0000,270.0000,30.0000,-59.2500,-58.2500,,,,,11230.6383
Ca_el_6,"node-2 / Ca_el_6 - Ca electrode, node 2, Ca, sector 6 of 6 (330-360 deg), r536.4-575 mm, Al foil 1 mm, septum side of ND2, z -59.25..-58.25 [Al foil, stator]",node-2 - Node 2: ND2 - AR bank: Ca electrode,foil,sector,ND2,2,Ca,Al foil,536.4020,575.0000,330.0000,30.0000,-59.2500,-58.2500,,,,,11230.6383
Ca_diel_1,"dielectrics / Ca_diel_1 - Ca-diel_1, mica dielectric for Ca (between the Ca electrode and its counter), slab 1 of 6 (29.47-60.53 deg), r531.4-580 mm, 4.5 mm thick (foil + 5 mm margin), z -58.25..-53.75 [mica, stator]","dielectrics - septum (C_R, garolite), the Ca / Cb mica slabs and the Cx mica facings; no node",dielectric,sector,,,Ca,mica,531.4020,580.0000,29.4659,31.0681,-58.2500,-53.7500,,,,,65896.8602
Ca_diel_2,"dielectrics / Ca_diel_2 - Ca-diel_2, mica dielectric for Ca (between the Ca electrode and its counter), slab 2 of 6 (89.47-120.53 deg), r531.4-580 mm, 4.5 mm thick (foil + 5 mm margin), z -58.25..-53.75 [mica, stator]","dielectrics - septum (C_R, garolite), the Ca / Cb mica slabs and the Cx mica facings; no node",dielectric,sector,,,Ca,mica,531.4020,580.0000,89.4659,31.0681,-58.2500,-53.7500,,,,,65896.8602
Ca_diel_3,"dielectrics / Ca_diel_3 - Ca-diel_3, mica dielectric for Ca (between the Ca electrode and its counter), slab 3 of 6 (149.47-180.53 deg), r531.4-580 mm, 4.5 mm thick (foil + 5 mm margin), z -58.25..-53.75 [mica, stator]","dielectrics - septum (C_R, garolite), the Ca / Cb mica slabs and the Cx mica facings; no node",dielectric,sector,,,Ca,mica,531.4020,580.0000,149.4659,31.0681,-58.2500,-53.7500,,,,,65896.8602
Ca_diel_4,"dielectrics / Ca_diel_4 - Ca-diel_4, mica dielectric for Ca (between the Ca electrode and its counter), slab 4 of 6 (209.47-240.53 deg), r531.4-580 mm, 4.5 mm thick (foil + 5 mm margin), z -58.25..-53.75 [mica, stator]","dielectrics - septum (C_R, garolite), the Ca / Cb mica slabs and the Cx mica facings; no node",dielectric,sector,,,Ca,mica,531.4020,580.0000,209.4659,31.0681,-58.2500,-53.7500,,,,,65896.8602
Ca_diel_5,"dielectrics / Ca_diel_5 - Ca-diel_5, mica dielectric for Ca (between the Ca electrode and its counter), slab 5 of 6 (269.47-300.53 deg), r531.4-580 mm, 4.5 mm thick (foil + 5 mm margin), z -58.25..-53.75 [mica, stator]","dielectrics - septum (C_R, garolite), the Ca / Cb mica slabs and the Cx mica facings; no node",dielectric,sector,,,Ca,mica,531.4020,580.0000,269.4659,31.0681,-58.2500,-53.7500,,,,,65896.8602
Ca_diel_6,"dielectrics / Ca_diel_6 - Ca-diel_6, mica dielectric for Ca (between the Ca electrode and its counter), slab 6 of 6 (329.47-0.53 deg), r531.4-580 mm, 4.5 mm thick (foil + 5 mm margin), z -58.25..-53.75 [mica, stator]","dielectrics - septum (C_R, garolite), the Ca / Cb mica slabs and the Cx mica facings; no node",dielectric,sector,,,Ca,mica,531.4020,580.0000,329.4659,31.0681,-58.2500,-53.7500,,,,,65896.8602
Ca_counter_1,"node-1 / Ca_counter_1 - Ca counter (ND1 back face), node 1, Ca, sector 1 of 6 (30-60 deg), r95-580 mm, Al foil 1 mm, outer side of ND1, z -53.75..-52.75 [Al foil, stator]",node-1 - Node 1: ND1 - A-rail: C1 stator plate + Ca counter-electrode,foil,sector,ND1,1,Ca,Al foil,95.0000,580.0000,30.0000,30.0000,-53.7500,-52.7500,,,,,85706.5746
Ca_counter_2,"node-1 / Ca_counter_2 - Ca counter (ND1 back face), node 1, Ca, sector 2 of 6 (90-120 deg), r95-580 mm, Al foil 1 mm, outer side of ND1, z -53.75..-52.75 [Al foil, stator]",node-1 - Node 1: ND1 - A-rail: C1 stator plate + Ca counter-electrode,foil,sector,ND1,1,Ca,Al foil,95.0000,580.0000,90.0000,30.0000,-53.7500,-52.7500,,,,,85706.5746
Ca_counter_3,"node-1 / Ca_counter_3 - Ca counter (ND1 back face), node 1, Ca, sector 3 of 6 (150-180 deg), r95-580 mm, Al foil 1 mm, outer side of ND1, z -53.75..-52.75 [Al foil, stator]",node-1 - Node 1: ND1 - A-rail: C1 stator plate + Ca counter-electrode,foil,sector,ND1,1,Ca,Al foil,95.0000,580.0000,150.0000,30.0000,-53.7500,-52.7500,,,,,85706.5746
Ca_counter_4,"node-1 / Ca_counter_4 - Ca counter (ND1 back face), node 1, Ca, sector 4 of 6 (210-240 deg), r95-580 mm, Al foil 1 mm, outer side of ND1, z -53.75..-52.75 [Al foil, stator]",node-1 - Node 1: ND1 - A-rail: C1 stator plate + Ca counter-electrode,foil,sector,ND1,1,Ca,Al foil,95.0000,580.0000,210.0000,30.0000,-53.7500,-52.7500,,,,,85706.5746
Ca_counter_5,"node-1 / Ca_counter_5 - Ca counter (ND1 back face), node 1, Ca, sector 5 of 6 (270-300 deg), r95-580 mm, Al foil 1 mm, outer side of ND1, z -53.75..-52.75 [Al foil, stator]",node-1 - Node 1: ND1 - A-rail: C1 stator plate + Ca counter-electrode,foil,sector,ND1,1,Ca,Al foil,95.0000,580.0000,270.0000,30.0000,-53.7500,-52.7500,,,,,85706.5746
Ca_counter_6,"node-1 / Ca_counter_6 - Ca counter (ND1 back face), node 1, Ca, sector 6 of 6 (330-360 deg), r95-580 mm, Al foil 1 mm, outer side of ND1, z -53.75..-52.75 [Al foil, stator]",node-1 - Node 1: ND1 - A-rail: C1 stator plate + Ca counter-electrode,foil,sector,ND1,1,Ca,Al foil,95.0000,580.0000,330.0000,30.0000,-53.7500,-52.7500,,,,,85706.5746
ND1_carrier_1,"carriers / ND1_carrier_1 - ND1 carrier ring 1 of 3, insulating: stator carrier ND1; holds the C1 stator plate and the Ca counter-electrode (A-rail, 1); r50-595 mm, 18.5 mm thick, z -52.75..-34.25 [G10 carrier, stator]",carriers - the insulating carrier discs (G10); no node,carrier,sector,ND1,,,G10 carrier,50.0000,595.0000,0.0000,360.0000,-52.7500,-34.2500,,,,,20430444.6147
ND1_carrier_2,"carriers / ND1_carrier_2 - ND1 carrier ring 2 of 3, insulating: stator carrier ND1; holds the C1 stator plate and the Ca counter-electrode (A-rail, 1); r595-611 mm, 14.25 mm thick (recessed spark-gap band), z -52.75..-38.5 [G10 carrier, stator]",carriers - the insulating carrier discs (G10); no node,carrier,sector,ND1,,,G10 carrier,595.0000,611.0000,0.0000,360.0000,-52.7500,-38.5000,,,,,863837.4488
ND1_carrier_3,"carriers / ND1_carrier_3 - ND1 carrier ring 3 of 3, insulating: stator carrier ND1; holds the C1 stator plate and the Ca counter-electrode (A-rail, 1); r611-749.35 mm, 18.5 mm thick, z -52.75..-34.25 [G10 carrier, stator]",carriers - the insulating carrier discs (G10); no node,carrier,sector,ND1,,,G10 carrier,611.0000,749.3540,0.0000,360.0000,-52.7500,-34.2500,,,,,10938689.0410
C1_stator_1,"node-1 / C1_stator_1 - C1 stator plate, node 1, C1, sector 1 of 6 (30-60 deg), r95-580 mm, Al foil 1 mm, septum side of ND1, z -34.25..-33.25 [Al foil, stator]",node-1 - Node 1: ND1 - A-rail: C1 stator plate + Ca counter-electrode,foil,sector,ND1,1,C1,Al foil,95.0000,580.0000,30.0000,30.0000,-34.2500,-33.2500,,,,,85706.5746
C1_stator_2,"node-1 / C1_stator_2 - C1 stator plate, node 1, C1, sector 2 of 6 (90-120 deg), r95-580 mm, Al foil 1 mm, septum side of ND1, z -34.25..-33.25 [Al foil, stator]",node-1 - Node 1: ND1 - A-rail: C1 stator plate + Ca counter-electrode,foil,sector,ND1,1,C1,Al foil,95.0000,580.0000,90.0000,30.0000,-34.2500,-33.2500,,,,,85706.5746
C1_stator_3,"node-1 / C1_stator_3 - C1 stator plate, node 1, C1, sector 3 of 6 (150-180 deg), r95-580 mm, Al foil 1 mm, septum side of ND1, z -34.25..-33.25 [Al foil, stator]",node-1 - Node 1: ND1 - A-rail: C1 stator plate + Ca counter-electrode,foil,sector,ND1,1,C1,Al foil,95.0000,580.0000,150.0000,30.0000,-34.2500,-33.2500,,,,,85706.5746
C1_stator_4,"node-1 / C1_stator_4 - C1 stator plate, node 1, C1, sector 4 of 6 (210-240 deg), r95-580 mm, Al foil 1 mm, septum side of ND1, z -34.25..-33.25 [Al foil, stator]",node-1 - Node 1: ND1 - A-rail: C1 stator plate + Ca counter-electrode,foil,sector,ND1,1,C1,Al foil,95.0000,580.0000,210.0000,30.0000,-34.2500,-33.2500,,,,,85706.5746
C1_stator_5,"node-1 / C1_stator_5 - C1 stator plate, node 1, C1, sector 5 of 6 (270-300 deg), r95-580 mm, Al foil 1 mm, septum side of ND1, z -34.25..-33.25 [Al foil, stator]",node-1 - Node 1: ND1 - A-rail: C1 stator plate + Ca counter-electrode,foil,sector,ND1,1,C1,Al foil,95.0000,580.0000,270.0000,30.0000,-34.2500,-33.2500,,,,,85706.5746
C1_stator_6,"node-1 / C1_stator_6 - C1 stator plate, node 1, C1, sector 6 of 6 (330-360 deg), r95-580 mm, Al foil 1 mm, septum side of ND1, z -34.25..-33.25 [Al foil, stator]",node-1 - Node 1: ND1 - A-rail: C1 stator plate + Ca counter-electrode,foil,sector,ND1,1,C1,Al foil,95.0000,580.0000,330.0000,30.0000,-34.2500,-33.2500,,,,,85706.5746
C1_rotor_1,"node-R-A / C1_rotor_1 - C1 rotor face, node R-A, C1, sector 1 of 6 (30-60 deg), r75-580 mm, Al foil 1 mm, outer side of A-disc, z -26.25..-25.25 [Al foil, rotor A]",node-R-A - Node R-A: ND5 - resonator end A: rotor A (C1 rotor face),foil,sector,A-disc,R-A,C1,Al foil,75.0000,580.0000,30.0000,30.0000,-26.2500,-25.2500,,,,,86596.6925
C1_rotor_2,"node-R-A / C1_rotor_2 - C1 rotor face, node R-A, C1, sector 2 of 6 (90-120 deg), r75-580 mm, Al foil 1 mm, outer side of A-disc, z -26.25..-25.25 [Al foil, rotor A]",node-R-A - Node R-A: ND5 - resonator end A: rotor A (C1 rotor face),foil,sector,A-disc,R-A,C1,Al foil,75.0000,580.0000,90.0000,30.0000,-26.2500,-25.2500,,,,,86596.6925
C1_rotor_3,"node-R-A / C1_rotor_3 - C1 rotor face, node R-A, C1, sector 3 of 6 (150-180 deg), r75-580 mm, Al foil 1 mm, outer side of A-disc, z -26.25..-25.25 [Al foil, rotor A]",node-R-A - Node R-A: ND5 - resonator end A: rotor A (C1 rotor face),foil,sector,A-disc,R-A,C1,Al foil,75.0000,580.0000,150.0000,30.0000,-26.2500,-25.2500,,,,,86596.6925
C1_rotor_4,"node-R-A / C1_rotor_4 - C1 rotor face, node R-A, C1, sector 4 of 6 (210-240 deg), r75-580 mm, Al foil 1 mm, outer side of A-disc, z -26.25..-25.25 [Al foil, rotor A]",node-R-A - Node R-A: ND5 - resonator end A: rotor A (C1 rotor face),foil,sector,A-disc,R-A,C1,Al foil,75.0000,580.0000,210.0000,30.0000,-26.2500,-25.2500,,,,,86596.6925
C1_rotor_5,"node-R-A / C1_rotor_5 - C1 rotor face, node R-A, C1, sector 5 of 6 (270-300 deg), r75-580 mm, Al foil 1 mm, outer side of A-disc, z -26.25..-25.25 [Al foil, rotor A]",node-R-A - Node R-A: ND5 - resonator end A: rotor A (C1 rotor face),foil,sector,A-disc,R-A,C1,Al foil,75.0000,580.0000,270.0000,30.0000,-26.2500,-25.2500,,,,,86596.6925
C1_rotor_6,"node-R-A / C1_rotor_6 - C1 rotor face, node R-A, C1, sector 6 of 6 (330-360 deg), r75-580 mm, Al foil 1 mm, outer side of A-disc, z -26.25..-25.25 [Al foil, rotor A]",node-R-A - Node R-A: ND5 - resonator end A: rotor A (C1 rotor face),foil,sector,A-disc,R-A,C1,Al foil,75.0000,580.0000,330.0000,30.0000,-26.2500,-25.2500,,,,,86596.6925
A_disc_carrier_1,"carriers / A_disc_carrier_1 - A-disc carrier ring 1 of 3, insulating: rotor A main disc; holds the C1 rotor face (R-A) and, septum side, the C_R plate (n18); r0-595 mm, 18.25 mm thick, z -25.25..-7 [G10 rotor disc, rotor A]",carriers - the insulating carrier discs (G10); no node,carrier,sector,A-disc,,,G10 rotor disc,0.0000,595.0000,0.0000,360.0000,-25.2500,-7.0000,,,,,20297692.6902
A_disc_carrier_2,"carriers / A_disc_carrier_2 - A-disc carrier ring 2 of 3, insulating: rotor A main disc; holds the C1 rotor face (R-A) and, septum side, the C_R plate (n18); r595-611 mm, 14 mm thick (recessed spark-gap band), z -21..-7 [G10 rotor disc, rotor A]",carriers - the insulating carrier discs (G10); no node,carrier,sector,A-disc,,,G10 rotor disc,595.0000,611.0000,0.0000,360.0000,-21.0000,-7.0000,,,,,848682.4058
A_disc_carrier_3,"carriers / A_disc_carrier_3 - A-disc carrier ring 3 of 3, insulating: rotor A main disc; holds the C1 rotor face (R-A) and, septum side, the C_R plate (n18); r611-749.35 mm, 18.25 mm thick, z -25.25..-7 [G10 rotor disc, rotor A]",carriers - the insulating carrier discs (G10); no node,carrier,sector,A-disc,,,G10 rotor disc,611.0000,749.3540,0.0000,360.0000,-25.2500,-7.0000,,,,,10790868.9188
CR_A_1,"node-n18 / CR_A_1 - C_R plate (rotor A), node n18, C_R, sector 1 of 6 (30-60 deg), r75-580 mm, Al foil 1 mm, septum side of A-disc, z -7..-6 [Al foil, rotor A]",node-n18 - Node n18: ND9 - C_R plate on rotor A (L_R1 to R-A),foil,sector,A-disc,n18,C_R,Al foil,75.0000,580.0000,30.0000,30.0000,-7.0000,-6.0000,,,,,86596.6925
CR_A_2,"node-n18 / CR_A_2 - C_R plate (rotor A), node n18, C_R, sector 2 of 6 (90-120 deg), r75-580 mm, Al foil 1 mm, septum side of A-disc, z -7..-6 [Al foil, rotor A]",node-n18 - Node n18: ND9 - C_R plate on rotor A (L_R1 to R-A),foil,sector,A-disc,n18,C_R,Al foil,75.0000,580.0000,90.0000,30.0000,-7.0000,-6.0000,,,,,86596.6925
CR_A_3,"node-n18 / CR_A_3 - C_R plate (rotor A), node n18, C_R, sector 3 of 6 (150-180 deg), r75-580 mm, Al foil 1 mm, septum side of A-disc, z -7..-6 [Al foil, rotor A]",node-n18 - Node n18: ND9 - C_R plate on rotor A (L_R1 to R-A),foil,sector,A-disc,n18,C_R,Al foil,75.0000,580.0000,150.0000,30.0000,-7.0000,-6.0000,,,,,86596.6925
CR_A_4,"node-n18 / CR_A_4 - C_R plate (rotor A), node n18, C_R, sector 4 of 6 (210-240 deg), r75-580 mm, Al foil 1 mm, septum side of A-disc, z -7..-6 [Al foil, rotor A]",node-n18 - Node n18: ND9 - C_R plate on rotor A (L_R1 to R-A),foil,sector,A-disc,n18,C_R,Al foil,75.0000,580.0000,210.0000,30.0000,-7.0000,-6.0000,,,,,86596.6925
CR_A_5,"node-n18 / CR_A_5 - C_R plate (rotor A), node n18, C_R, sector 5 of 6 (270-300 deg), r75-580 mm, Al foil 1 mm, septum side of A-disc, z -7..-6 [Al foil, rotor A]",node-n18 - Node n18: ND9 - C_R plate on rotor A (L_R1 to R-A),foil,sector,A-disc,n18,C_R,Al foil,75.0000,580.0000,270.0000,30.0000,-7.0000,-6.0000,,,,,86596.6925
CR_A_6,"node-n18 / CR_A_6 - C_R plate (rotor A), node n18, C_R, sector 6 of 6 (330-360 deg), r75-580 mm, Al foil 1 mm, septum side of A-disc, z -7..-6 [Al foil, rotor A]",node-n18 - Node n18: ND9 - C_R plate on rotor A (L_R1 to R-A),foil,sector,A-disc,n18,C_R,Al foil,75.0000,580.0000,330.0000,30.0000,-7.0000,-6.0000,,,,,86596.6925
septum,"dielectrics / septum - septum, garolite, C_R dielectric between rotor A and rotor B, r0-749.35 mm, 12 mm thick, z -6..6 [garolite, rotor AB]","dielectrics - septum (C_R, garolite), the Ca / Cb mica slabs and the Cx mica facings; no node",dielectric,sector,,,C_R,garolite,0.0000,749.3540,0.0000,360.0000,-6.0000,6.0000,,,,,21169235.9968
CR_B_1,"node-n00 / CR_B_1 - C_R plate (rotor B), node n00, C_R, sector 1 of 6 (30-60 deg), r75-580 mm, Al foil 1 mm, septum side of B-disc, z 6..7 [Al foil, rotor B]",node-n00 - Node n00: ND10 - C_R plate on rotor B (L_R2 to R-B),foil,sector,B-disc,n00,C_R,Al foil,75.0000,580.0000,30.0000,30.0000,6.0000,7.0000,,,,,86596.6925
CR_B_2,"node-n00 / CR_B_2 - C_R plate (rotor B), node n00, C_R, sector 2 of 6 (90-120 deg), r75-580 mm, Al foil 1 mm, septum side of B-disc, z 6..7 [Al foil, rotor B]",node-n00 - Node n00: ND10 - C_R plate on rotor B (L_R2 to R-B),foil,sector,B-disc,n00,C_R,Al foil,75.0000,580.0000,90.0000,30.0000,6.0000,7.0000,,,,,86596.6925
CR_B_3,"node-n00 / CR_B_3 - C_R plate (rotor B), node n00, C_R, sector 3 of 6 (150-180 deg), r75-580 mm, Al foil 1 mm, septum side of B-disc, z 6..7 [Al foil, rotor B]",node-n00 - Node n00: ND10 - C_R plate on rotor B (L_R2 to R-B),foil,sector,B-disc,n00,C_R,Al foil,75.0000,580.0000,150.0000,30.0000,6.0000,7.0000,,,,,86596.6925
CR_B_4,"node-n00 / CR_B_4 - C_R plate (rotor B), node n00, C_R, sector 4 of 6 (210-240 deg), r75-580 mm, Al foil 1 mm, septum side of B-disc, z 6..7 [Al foil, rotor B]",node-n00 - Node n00: ND10 - C_R plate on rotor B (L_R2 to R-B),foil,sector,B-disc,n00,C_R,Al foil,75.0000,580.0000,210.0000,30.0000,6.0000,7.0000,,,,,86596.6925
CR_B_5,"node-n00 / CR_B_5 - C_R plate (rotor B), node n00, C_R, sector 5 of 6 (270-300 deg), r75-580 mm, Al foil 1 mm, septum side of B-disc, z 6..7 [Al foil, rotor B]",node-n00 - Node n00: ND10 - C_R plate on rotor B (L_R2 to R-B),foil,sector,B-disc,n00,C_R,Al foil,75.0000,580.0000,270.0000,30.0000,6.0000,7.0000,,,,,86596.6925
CR_B_6,"node-n00 / CR_B_6 - C_R plate (rotor B), node n00, C_R, sector 6 of 6 (330-360 deg), r75-580 mm, Al foil 1 mm, septum side of B-disc, z 6..7 [Al foil, rotor B]",node-n00 - Node n00: ND10 - C_R plate on rotor B (L_R2 to R-B),foil,sector,B-disc,n00,C_R,Al foil,75.0000,580.0000,330.0000,30.0000,6.0000,7.0000,,,,,86596.6925
B_disc_carrier_1,"carriers / B_disc_carrier_1 - B-disc carrier ring 1 of 3, insulating: rotor B main disc; holds the C2 rotor face (R-B) and, septum side, the C_R plate (n00); r0-595 mm, 18.25 mm thick, z 7..25.25 [G10 rotor disc, rotor B]",carriers - the insulating carrier discs (G10); no node,carrier,sector,B-disc,,,G10 rotor disc,0.0000,595.0000,0.0000,360.0000,7.0000,25.2500,,,,,20297692.6902
B_disc_carrier_2,"carriers / B_disc_carrier_2 - B-disc carrier ring 2 of 3, insulating: rotor B main disc; holds the C2 rotor face (R-B) and, septum side, the C_R plate (n00); r595-611 mm, 14 mm thick (recessed spark-gap band), z 7..21 [G10 rotor disc, rotor B]",carriers - the insulating carrier discs (G10); no node,carrier,sector,B-disc,,,G10 rotor disc,595.0000,611.0000,0.0000,360.0000,7.0000,21.0000,,,,,848682.4058
B_disc_carrier_3,"carriers / B_disc_carrier_3 - B-disc carrier ring 3 of 3, insulating: rotor B main disc; holds the C2 rotor face (R-B) and, septum side, the C_R plate (n00); r611-749.35 mm, 18.25 mm thick, z 7..25.25 [G10 rotor disc, rotor B]",carriers - the insulating carrier discs (G10); no node,carrier,sector,B-disc,,,G10 rotor disc,611.0000,749.3540,0.0000,360.0000,7.0000,25.2500,,,,,10790868.9188
C2_rotor_1,"node-R-B / C2_rotor_1 - C2 rotor face, node R-B, C2, sector 1 of 6 (30-60 deg), r75-580 mm, Al foil 1 mm, outer side of B-disc, z 25.25..26.25 [Al foil, rotor B]",node-R-B - Node R-B: ND6 - resonator end B: rotor B (C2 rotor face),foil,sector,B-disc,R-B,C2,Al foil,75.0000,580.0000,30.0000,30.0000,25.2500,26.2500,,,,,86596.6925
C2_rotor_2,"node-R-B / C2_rotor_2 - C2 rotor face, node R-B, C2, sector 2 of 6 (90-120 deg), r75-580 mm, Al foil 1 mm, outer side of B-disc, z 25.25..26.25 [Al foil, rotor B]",node-R-B - Node R-B: ND6 - resonator end B: rotor B (C2 rotor face),foil,sector,B-disc,R-B,C2,Al foil,75.0000,580.0000,90.0000,30.0000,25.2500,26.2500,,,,,86596.6925
C2_rotor_3,"node-R-B / C2_rotor_3 - C2 rotor face, node R-B, C2, sector 3 of 6 (150-180 deg), r75-580 mm, Al foil 1 mm, outer side of B-disc, z 25.25..26.25 [Al foil, rotor B]",node-R-B - Node R-B: ND6 - resonator end B: rotor B (C2 rotor face),foil,sector,B-disc,R-B,C2,Al foil,75.0000,580.0000,150.0000,30.0000,25.2500,26.2500,,,,,86596.6925
C2_rotor_4,"node-R-B / C2_rotor_4 - C2 rotor face, node R-B, C2, sector 4 of 6 (210-240 deg), r75-580 mm, Al foil 1 mm, outer side of B-disc, z 25.25..26.25 [Al foil, rotor B]",node-R-B - Node R-B: ND6 - resonator end B: rotor B (C2 rotor face),foil,sector,B-disc,R-B,C2,Al foil,75.0000,580.0000,210.0000,30.0000,25.2500,26.2500,,,,,86596.6925
C2_rotor_5,"node-R-B / C2_rotor_5 - C2 rotor face, node R-B, C2, sector 5 of 6 (270-300 deg), r75-580 mm, Al foil 1 mm, outer side of B-disc, z 25.25..26.25 [Al foil, rotor B]",node-R-B - Node R-B: ND6 - resonator end B: rotor B (C2 rotor face),foil,sector,B-disc,R-B,C2,Al foil,75.0000,580.0000,270.0000,30.0000,25.2500,26.2500,,,,,86596.6925
C2_rotor_6,"node-R-B / C2_rotor_6 - C2 rotor face, node R-B, C2, sector 6 of 6 (330-360 deg), r75-580 mm, Al foil 1 mm, outer side of B-disc, z 25.25..26.25 [Al foil, rotor B]",node-R-B - Node R-B: ND6 - resonator end B: rotor B (C2 rotor face),foil,sector,B-disc,R-B,C2,Al foil,75.0000,580.0000,330.0000,30.0000,25.2500,26.2500,,,,,86596.6925
C2_stator_1,"node-4 / C2_stator_1 - C2 stator plate, node 4, C2, sector 1 of 6 (0-30 deg), r95-580 mm, Al foil 1 mm, septum side of ND4, z 33.25..34.25 [Al foil, stator]",node-4 - Node 4: ND4 - B-rail: C2 stator plate + Cb counter-electrode,foil,sector,ND4,4,C2,Al foil,95.0000,580.0000,0.0000,30.0000,33.2500,34.2500,,,,,85706.5746
C2_stator_2,"node-4 / C2_stator_2 - C2 stator plate, node 4, C2, sector 2 of 6 (60-90 deg), r95-580 mm, Al foil 1 mm, septum side of ND4, z 33.25..34.25 [Al foil, stator]",node-4 - Node 4: ND4 - B-rail: C2 stator plate + Cb counter-electrode,foil,sector,ND4,4,C2,Al foil,95.0000,580.0000,60.0000,30.0000,33.2500,34.2500,,,,,85706.5746
C2_stator_3,"node-4 / C2_stator_3 - C2 stator plate, node 4, C2, sector 3 of 6 (120-150 deg), r95-580 mm, Al foil 1 mm, septum side of ND4, z 33.25..34.25 [Al foil, stator]",node-4 - Node 4: ND4 - B-rail: C2 stator plate + Cb counter-electrode,foil,sector,ND4,4,C2,Al foil,95.0000,580.0000,120.0000,30.0000,33.2500,34.2500,,,,,85706.5746
C2_stator_4,"node-4 / C2_stator_4 - C2 stator plate, node 4, C2, sector 4 of 6 (180-210 deg), r95-580 mm, Al foil 1 mm, septum side of ND4, z 33.25..34.25 [Al foil, stator]",node-4 - Node 4: ND4 - B-rail: C2 stator plate + Cb counter-electrode,foil,sector,ND4,4,C2,Al foil,95.0000,580.0000,180.0000,30.0000,33.2500,34.2500,,,,,85706.5746
C2_stator_5,"node-4 / C2_stator_5 - C2 stator plate, node 4, C2, sector 5 of 6 (240-270 deg), r95-580 mm, Al foil 1 mm, septum side of ND4, z 33.25..34.25 [Al foil, stator]",node-4 - Node 4: ND4 - B-rail: C2 stator plate + Cb counter-electrode,foil,sector,ND4,4,C2,Al foil,95.0000,580.0000,240.0000,30.0000,33.2500,34.2500,,,,,85706.5746
C2_stator_6,"node-4 / C2_stator_6 - C2 stator plate, node 4, C2, sector 6 of 6 (300-330 deg), r95-580 mm, Al foil 1 mm, septum side of ND4, z 33.25..34.25 [Al foil, stator]",node-4 - Node 4: ND4 - B-rail: C2 stator plate + Cb counter-electrode,foil,sector,ND4,4,C2,Al foil,95.0000,580.0000,300.0000,30.0000,33.2500,34.2500,,,,,85706.5746
ND4_carrier_1,"carriers / ND4_carrier_1 - ND4 carrier ring 1 of 3, insulating: stator carrier ND4; holds the C2 stator plate and the Cb counter-electrode (B-rail, 4); r50-595 mm, 18.5 mm thick, z 34.25..52.75 [G10 carrier, stator]",carriers - the insulating carrier discs (G10); no node,carrier,sector,ND4,,,G10 carrier,50.0000,595.0000,0.0000,360.0000,34.2500,52.7500,,,,,20430444.6147
ND4_carrier_2,"carriers / ND4_carrier_2 - ND4 carrier ring 2 of 3, insulating: stator carrier ND4; holds the C2 stator plate and the Cb counter-electrode (B-rail, 4); r595-611 mm, 14.25 mm thick (recessed spark-gap band), z 38.5..52.75 [G10 carrier, stator]",carriers - the insulating carrier discs (G10); no node,carrier,sector,ND4,,,G10 carrier,595.0000,611.0000,0.0000,360.0000,38.5000,52.7500,,,,,863837.4488
ND4_carrier_3,"carriers / ND4_carrier_3 - ND4 carrier ring 3 of 3, insulating: stator carrier ND4; holds the C2 stator plate and the Cb counter-electrode (B-rail, 4); r611-749.35 mm, 18.5 mm thick, z 34.25..52.75 [G10 carrier, stator]",carriers - the insulating carrier discs (G10); no node,carrier,sector,ND4,,,G10 carrier,611.0000,749.3540,0.0000,360.0000,34.2500,52.7500,,,,,10938689.0410
Cb_counter_1,"node-4 / Cb_counter_1 - Cb counter (ND4 back face), node 4, Cb, sector 1 of 6 (0-30 deg), r95-580 mm, Al foil 1 mm, outer side of ND4, z 52.75..53.75 [Al foil, stator]",node-4 - Node 4: ND4 - B-rail: C2 stator plate + Cb counter-electrode,foil,sector,ND4,4,Cb,Al foil,95.0000,580.0000,0.0000,30.0000,52.7500,53.7500,,,,,85706.5746
Cb_counter_2,"node-4 / Cb_counter_2 - Cb counter (ND4 back face), node 4, Cb, sector 2 of 6 (60-90 deg), r95-580 mm, Al foil 1 mm, outer side of ND4, z 52.75..53.75 [Al foil, stator]",node-4 - Node 4: ND4 - B-rail: C2 stator plate + Cb counter-electrode,foil,sector,ND4,4,Cb,Al foil,95.0000,580.0000,60.0000,30.0000,52.7500,53.7500,,,,,85706.5746
Cb_counter_3,"node-4 / Cb_counter_3 - Cb counter (ND4 back face), node 4, Cb, sector 3 of 6 (120-150 deg), r95-580 mm, Al foil 1 mm, outer side of ND4, z 52.75..53.75 [Al foil, stator]",node-4 - Node 4: ND4 - B-rail: C2 stator plate + Cb counter-electrode,foil,sector,ND4,4,Cb,Al foil,95.0000,580.0000,120.0000,30.0000,52.7500,53.7500,,,,,85706.5746
Cb_counter_4,"node-4 / Cb_counter_4 - Cb counter (ND4 back face), node 4, Cb, sector 4 of 6 (180-210 deg), r95-580 mm, Al foil 1 mm, outer side of ND4, z 52.75..53.75 [Al foil, stator]",node-4 - Node 4: ND4 - B-rail: C2 stator plate + Cb counter-electrode,foil,sector,ND4,4,Cb,Al foil,95.0000,580.0000,180.0000,30.0000,52.7500,53.7500,,,,,85706.5746
Cb_counter_5,"node-4 / Cb_counter_5 - Cb counter (ND4 back face), node 4, Cb, sector 5 of 6 (240-270 deg), r95-580 mm, Al foil 1 mm, outer side of ND4, z 52.75..53.75 [Al foil, stator]",node-4 - Node 4: ND4 - B-rail: C2 stator plate + Cb counter-electrode,foil,sector,ND4,4,Cb,Al foil,95.0000,580.0000,240.0000,30.0000,52.7500,53.7500,,,,,85706.5746
Cb_counter_6,"node-4 / Cb_counter_6 - Cb counter (ND4 back face), node 4, Cb, sector 6 of 6 (300-330 deg), r95-580 mm, Al foil 1 mm, outer side of ND4, z 52.75..53.75 [Al foil, stator]",node-4 - Node 4: ND4 - B-rail: C2 stator plate + Cb counter-electrode,foil,sector,ND4,4,Cb,Al foil,95.0000,580.0000,300.0000,30.0000,52.7500,53.7500,,,,,85706.5746
Cb_diel_1,"dielectrics / Cb_diel_1 - Cb-diel_1, mica dielectric for Cb (between the Cb electrode and its counter), slab 1 of 6 (359.47-30.53 deg), r531.4-580 mm, 4.5 mm thick (foil + 5 mm margin), z 53.75..58.25 [mica, stator]","dielectrics - septum (C_R, garolite), the Ca / Cb mica slabs and the Cx mica facings; no node",dielectric,sector,,,Cb,mica,531.4020,580.0000,-0.5341,31.0681,53.7500,58.2500,,,,,65896.8602
Cb_diel_2,"dielectrics / Cb_diel_2 - Cb-diel_2, mica dielectric for Cb (between the Cb electrode and its counter), slab 2 of 6 (59.47-90.53 deg), r531.4-580 mm, 4.5 mm thick (foil + 5 mm margin), z 53.75..58.25 [mica, stator]","dielectrics - septum (C_R, garolite), the Ca / Cb mica slabs and the Cx mica facings; no node",dielectric,sector,,,Cb,mica,531.4020,580.0000,59.4659,31.0681,53.7500,58.2500,,,,,65896.8602
Cb_diel_3,"dielectrics / Cb_diel_3 - Cb-diel_3, mica dielectric for Cb (between the Cb electrode and its counter), slab 3 of 6 (119.47-150.53 deg), r531.4-580 mm, 4.5 mm thick (foil + 5 mm margin), z 53.75..58.25 [mica, stator]","dielectrics - septum (C_R, garolite), the Ca / Cb mica slabs and the Cx mica facings; no node",dielectric,sector,,,Cb,mica,531.4020,580.0000,119.4659,31.0681,53.7500,58.2500,,,,,65896.8602
Cb_diel_4,"dielectrics / Cb_diel_4 - Cb-diel_4, mica dielectric for Cb (between the Cb electrode and its counter), slab 4 of 6 (179.47-210.53 deg), r531.4-580 mm, 4.5 mm thick (foil + 5 mm margin), z 53.75..58.25 [mica, stator]","dielectrics - septum (C_R, garolite), the Ca / Cb mica slabs and the Cx mica facings; no node",dielectric,sector,,,Cb,mica,531.4020,580.0000,179.4659,31.0681,53.7500,58.2500,,,,,65896.8602
Cb_diel_5,"dielectrics / Cb_diel_5 - Cb-diel_5, mica dielectric for Cb (between the Cb electrode and its counter), slab 5 of 6 (239.47-270.53 deg), r531.4-580 mm, 4.5 mm thick (foil + 5 mm margin), z 53.75..58.25 [mica, stator]","dielectrics - septum (C_R, garolite), the Ca / Cb mica slabs and the Cx mica facings; no node",dielectric,sector,,,Cb,mica,531.4020,580.0000,239.4659,31.0681,53.7500,58.2500,,,,,65896.8602
Cb_diel_6,"dielectrics / Cb_diel_6 - Cb-diel_6, mica dielectric for Cb (between the Cb electrode and its counter), slab 6 of 6 (299.47-330.53 deg), r531.4-580 mm, 4.5 mm thick (foil + 5 mm margin), z 53.75..58.25 [mica, stator]","dielectrics - septum (C_R, garolite), the Ca / Cb mica slabs and the Cx mica facings; no node",dielectric,sector,,,Cb,mica,531.4020,580.0000,299.4659,31.0681,53.7500,58.2500,,,,,65896.8602
Cb_el_1,"node-3 / Cb_el_1 - Cb electrode, node 3, Cb, sector 1 of 6 (0-30 deg), r536.4-575 mm, Al foil 1 mm, septum side of ND3, z 58.25..59.25 [Al foil, stator]",node-3 - Node 3: ND3 - BR bank: Cb electrode,foil,sector,ND3,3,Cb,Al foil,536.4020,575.0000,0.0000,30.0000,58.2500,59.2500,,,,,11230.6383
Cb_el_2,"node-3 / Cb_el_2 - Cb electrode, node 3, Cb, sector 2 of 6 (60-90 deg), r536.4-575 mm, Al foil 1 mm, septum side of ND3, z 58.25..59.25 [Al foil, stator]",node-3 - Node 3: ND3 - BR bank: Cb electrode,foil,sector,ND3,3,Cb,Al foil,536.4020,575.0000,60.0000,30.0000,58.2500,59.2500,,,,,11230.6383
Cb_el_3,"node-3 / Cb_el_3 - Cb electrode, node 3, Cb, sector 3 of 6 (120-150 deg), r536.4-575 mm, Al foil 1 mm, septum side of ND3, z 58.25..59.25 [Al foil, stator]",node-3 - Node 3: ND3 - BR bank: Cb electrode,foil,sector,ND3,3,Cb,Al foil,536.4020,575.0000,120.0000,30.0000,58.2500,59.2500,,,,,11230.6383
Cb_el_4,"node-3 / Cb_el_4 - Cb electrode, node 3, Cb, sector 4 of 6 (180-210 deg), r536.4-575 mm, Al foil 1 mm, septum side of ND3, z 58.25..59.25 [Al foil, stator]",node-3 - Node 3: ND3 - BR bank: Cb electrode,foil,sector,ND3,3,Cb,Al foil,536.4020,575.0000,180.0000,30.0000,58.2500,59.2500,,,,,11230.6383
Cb_el_5,"node-3 / Cb_el_5 - Cb electrode, node 3, Cb, sector 5 of 6 (240-270 deg), r536.4-575 mm, Al foil 1 mm, septum side of ND3, z 58.25..59.25 [Al foil, stator]",node-3 - Node 3: ND3 - BR bank: Cb electrode,foil,sector,ND3,3,Cb,Al foil,536.4020,575.0000,240.0000,30.0000,58.2500,59.2500,,,,,11230.6383
Cb_el_6,"node-3 / Cb_el_6 - Cb electrode, node 3, Cb, sector 6 of 6 (300-330 deg), r536.4-575 mm, Al foil 1 mm, septum side of ND3, z 58.25..59.25 [Al foil, stator]",node-3 - Node 3: ND3 - BR bank: Cb electrode,foil,sector,ND3,3,Cb,Al foil,536.4020,575.0000,300.0000,30.0000,58.2500,59.2500,,,,,11230.6383
ND3_carrier,"carriers / ND3_carrier - ND3 carrier, insulating: stator carrier ND3; holds the Cb electrode (BR bank, 3) and the Cx3 pickup (n17); r50-583 mm, 41.15 mm thick, z 59.25..100.4 [G10 carrier, stator]",carriers - the insulating carrier discs (G10); no node,carrier,sector,ND3,,,G10 carrier,50.0000,583.0000,0.0000,360.0000,59.2500,100.4000,,,,,43616481.7765
Cx3_pickup_1,"node-n17 / Cx3_pickup_1 - Cx3 pickup, node n17, Cx3, sector 1 of 6 (30-60 deg), r86.93-524.55 mm, Al foil 1 mm, outer side of ND3, z 100.4..101.4 [Al foil, stator]",node-n17 - Node n17: Cx3 pickup on ND3 (Lx3 to node 3),foil,sector,ND3,n17,Cx3,Al foil,86.9251,524.5478,30.0000,30.0000,100.4000,101.4000,,,,,70056.0583
Cx3_pickup_2,"node-n17 / Cx3_pickup_2 - Cx3 pickup, node n17, Cx3, sector 2 of 6 (90-120 deg), r86.93-524.55 mm, Al foil 1 mm, outer side of ND3, z 100.4..101.4 [Al foil, stator]",node-n17 - Node n17: Cx3 pickup on ND3 (Lx3 to node 3),foil,sector,ND3,n17,Cx3,Al foil,86.9251,524.5478,90.0000,30.0000,100.4000,101.4000,,,,,70056.0583
Cx3_pickup_3,"node-n17 / Cx3_pickup_3 - Cx3 pickup, node n17, Cx3, sector 3 of 6 (150-180 deg), r86.93-524.55 mm, Al foil 1 mm, outer side of ND3, z 100.4..101.4 [Al foil, stator]",node-n17 - Node n17: Cx3 pickup on ND3 (Lx3 to node 3),foil,sector,ND3,n17,Cx3,Al foil,86.9251,524.5478,150.0000,30.0000,100.4000,101.4000,,,,,70056.0583
Cx3_pickup_4,"node-n17 / Cx3_pickup_4 - Cx3 pickup, node n17, Cx3, sector 4 of 6 (210-240 deg), r86.93-524.55 mm, Al foil 1 mm, outer side of ND3, z 100.4..101.4 [Al foil, stator]",node-n17 - Node n17: Cx3 pickup on ND3 (Lx3 to node 3),foil,sector,ND3,n17,Cx3,Al foil,86.9251,524.5478,210.0000,30.0000,100.4000,101.4000,,,,,70056.0583
Cx3_pickup_5,"node-n17 / Cx3_pickup_5 - Cx3 pickup, node n17, Cx3, sector 5 of 6 (270-300 deg), r86.93-524.55 mm, Al foil 1 mm, outer side of ND3, z 100.4..101.4 [Al foil, stator]",node-n17 - Node n17: Cx3 pickup on ND3 (Lx3 to node 3),foil,sector,ND3,n17,Cx3,Al foil,86.9251,524.5478,270.0000,30.0000,100.4000,101.4000,,,,,70056.0583
Cx3_pickup_6,"node-n17 / Cx3_pickup_6 - Cx3 pickup, node n17, Cx3, sector 6 of 6 (330-360 deg), r86.93-524.55 mm, Al foil 1 mm, outer side of ND3, z 100.4..101.4 [Al foil, stator]",node-n17 - Node n17: Cx3 pickup on ND3 (Lx3 to node 3),foil,sector,ND3,n17,Cx3,Al foil,86.9251,524.5478,330.0000,30.0000,100.4000,101.4000,,,,,70056.0583
Cx3_bars_1,"node-7 / Cx3_bars_1 - island bars on B, node 7, Cx3, sector 1 of 6 (30-60 deg), r112.4-524.55 mm, Al foil 1 mm, septum side of B-flange, z 105..106 [Al foil, rotor B]",node-7 - Node 7: ND7 - island on rotor B (Cx3 bars),foil,sector,B-flange,7,Cx3,Al foil,112.4031,524.5478,30.0000,30.0000,105.0000,106.0000,,,,,68726.5127
Cx3_bars_2,"node-7 / Cx3_bars_2 - island bars on B, node 7, Cx3, sector 2 of 6 (90-120 deg), r112.4-524.55 mm, Al foil 1 mm, septum side of B-flange, z 105..106 [Al foil, rotor B]",node-7 - Node 7: ND7 - island on rotor B (Cx3 bars),foil,sector,B-flange,7,Cx3,Al foil,112.4031,524.5478,90.0000,30.0000,105.0000,106.0000,,,,,68726.5127
Cx3_bars_3,"node-7 / Cx3_bars_3 - island bars on B, node 7, Cx3, sector 3 of 6 (150-180 deg), r112.4-524.55 mm, Al foil 1 mm, septum side of B-flange, z 105..106 [Al foil, rotor B]",node-7 - Node 7: ND7 - island on rotor B (Cx3 bars),foil,sector,B-flange,7,Cx3,Al foil,112.4031,524.5478,150.0000,30.0000,105.0000,106.0000,,,,,68726.5127
Cx3_bars_4,"node-7 / Cx3_bars_4 - island bars on B, node 7, Cx3, sector 4 of 6 (210-240 deg), r112.4-524.55 mm, Al foil 1 mm, septum side of B-flange, z 105..106 [Al foil, rotor B]",node-7 - Node 7: ND7 - island on rotor B (Cx3 bars),foil,sector,B-flange,7,Cx3,Al foil,112.4031,524.5478,210.0000,30.0000,105.0000,106.0000,,,,,68726.5127
Cx3_bars_5,"node-7 / Cx3_bars_5 - island bars on B, node 7, Cx3, sector 5 of 6 (270-300 deg), r112.4-524.55 mm, Al foil 1 mm, septum side of B-flange, z 105..106 [Al foil, rotor B]",node-7 - Node 7: ND7 - island on rotor B (Cx3 bars),foil,sector,B-flange,7,Cx3,Al foil,112.4031,524.5478,270.0000,30.0000,105.0000,106.0000,,,,,68726.5127
Cx3_bars_6,"node-7 / Cx3_bars_6 - island bars on B, node 7, Cx3, sector 6 of 6 (330-360 deg), r112.4-524.55 mm, Al foil 1 mm, septum side of B-flange, z 105..106 [Al foil, rotor B]",node-7 - Node 7: ND7 - island on rotor B (Cx3 bars),foil,sector,B-flange,7,Cx3,Al foil,112.4031,524.5478,330.0000,30.0000,105.0000,106.0000,,,,,68726.5127
B_flange_carrier,"carriers / B_flange_carrier - B-flange carrier, insulating: rotor B outer flange; holds the ND7 island bars; r0-749.35 mm, 8 mm thick, z 106..114 [G10 rotor flange, rotor B]",carriers - the insulating carrier discs (G10); no node,carrier,sector,B-flange,,,G10 rotor flange,0.0000,749.3540,0.0000,360.0000,106.0000,114.0000,,,,,14112823.9979
Cx4_mica_bars_1,"dielectrics / Cx4_mica_bars_1 - Cx4 mica facing on Cx4_bars (A-flange), r107.4-529.55 mm, 0.3 mm, z -105..-104.7 [mica, rotor A]","dielectrics - septum (C_R, garolite), the Ca / Cb mica slabs and the Cx mica facings; no node",dielectric,sector,A-flange,,Cx4,mica,107.4031,529.5478,-2.5487,35.0973,-105.0000,-104.7000,,,,,24706.4439
Cx4_mica_bars_2,"dielectrics / Cx4_mica_bars_2 - Cx4 mica facing on Cx4_bars (A-flange), r107.4-529.55 mm, 0.3 mm, z -105..-104.7 [mica, rotor A]","dielectrics - septum (C_R, garolite), the Ca / Cb mica slabs and the Cx mica facings; no node",dielectric,sector,A-flange,,Cx4,mica,107.4031,529.5478,57.4513,35.0973,-105.0000,-104.7000,,,,,24706.4439
Cx4_mica_bars_3,"dielectrics / Cx4_mica_bars_3 - Cx4 mica facing on Cx4_bars (A-flange), r107.4-529.55 mm, 0.3 mm, z -105..-104.7 [mica, rotor A]","dielectrics - septum (C_R, garolite), the Ca / Cb mica slabs and the Cx mica facings; no node",dielectric,sector,A-flange,,Cx4,mica,107.4031,529.5478,117.4513,35.0973,-105.0000,-104.7000,,,,,24706.4439
Cx4_mica_bars_4,"dielectrics / Cx4_mica_bars_4 - Cx4 mica facing on Cx4_bars (A-flange), r107.4-529.55 mm, 0.3 mm, z -105..-104.7 [mica, rotor A]","dielectrics - septum (C_R, garolite), the Ca / Cb mica slabs and the Cx mica facings; no node",dielectric,sector,A-flange,,Cx4,mica,107.4031,529.5478,177.4513,35.0973,-105.0000,-104.7000,,,,,24706.4439
Cx4_mica_bars_5,"dielectrics / Cx4_mica_bars_5 - Cx4 mica facing on Cx4_bars (A-flange), r107.4-529.55 mm, 0.3 mm, z -105..-104.7 [mica, rotor A]","dielectrics - septum (C_R, garolite), the Ca / Cb mica slabs and the Cx mica facings; no node",dielectric,sector,A-flange,,Cx4,mica,107.4031,529.5478,237.4513,35.0973,-105.0000,-104.7000,,,,,24706.4439
Cx4_mica_bars_6,"dielectrics / Cx4_mica_bars_6 - Cx4 mica facing on Cx4_bars (A-flange), r107.4-529.55 mm, 0.3 mm, z -105..-104.7 [mica, rotor A]","dielectrics - septum (C_R, garolite), the Ca / Cb mica slabs and the Cx mica facings; no node",dielectric,sector,A-flange,,Cx4,mica,107.4031,529.5478,297.4513,35.0973,-105.0000,-104.7000,,,,,24706.4439
Cx4_mica_pickup_1,"dielectrics / Cx4_mica_pickup_1 - Cx4 mica facing on Cx4_pickup (ND2), r81.93-529.55 mm, 0.3 mm, z -101.7..-101.4 [mica, stator]","dielectrics - septum (C_R, garolite), the Ca / Cb mica slabs and the Cx mica facings; no node",dielectric,sector,ND2,,Cx4,mica,81.9251,529.5478,-3.2957,36.5914,-101.7000,-101.4000,,,,,26220.2588
Cx4_mica_pickup_2,"dielectrics / Cx4_mica_pickup_2 - Cx4 mica facing on Cx4_pickup (ND2), r81.93-529.55 mm, 0.3 mm, z -101.7..-101.4 [mica, stator]","dielectrics - septum (C_R, garolite), the Ca / Cb mica slabs and the Cx mica facings; no node",dielectric,sector,ND2,,Cx4,mica,81.9251,529.5478,56.7043,36.5914,-101.7000,-101.4000,,,,,26220.2588
Cx4_mica_pickup_3,"dielectrics / Cx4_mica_pickup_3 - Cx4 mica facing on Cx4_pickup (ND2), r81.93-529.55 mm, 0.3 mm, z -101.7..-101.4 [mica, stator]","dielectrics - septum (C_R, garolite), the Ca / Cb mica slabs and the Cx mica facings; no node",dielectric,sector,ND2,,Cx4,mica,81.9251,529.5478,116.7043,36.5914,-101.7000,-101.4000,,,,,26220.2588
Cx4_mica_pickup_4,"dielectrics / Cx4_mica_pickup_4 - Cx4 mica facing on Cx4_pickup (ND2), r81.93-529.55 mm, 0.3 mm, z -101.7..-101.4 [mica, stator]","dielectrics - septum (C_R, garolite), the Ca / Cb mica slabs and the Cx mica facings; no node",dielectric,sector,ND2,,Cx4,mica,81.9251,529.5478,176.7043,36.5914,-101.7000,-101.4000,,,,,26220.2588
Cx4_mica_pickup_5,"dielectrics / Cx4_mica_pickup_5 - Cx4 mica facing on Cx4_pickup (ND2), r81.93-529.55 mm, 0.3 mm, z -101.7..-101.4 [mica, stator]","dielectrics - septum (C_R, garolite), the Ca / Cb mica slabs and the Cx mica facings; no node",dielectric,sector,ND2,,Cx4,mica,81.9251,529.5478,236.7043,36.5914,-101.7000,-101.4000,,,,,26220.2588
Cx4_mica_pickup_6,"dielectrics / Cx4_mica_pickup_6 - Cx4 mica facing on Cx4_pickup (ND2), r81.93-529.55 mm, 0.3 mm, z -101.7..-101.4 [mica, stator]","dielectrics - septum (C_R, garolite), the Ca / Cb mica slabs and the Cx mica facings; no node",dielectric,sector,ND2,,Cx4,mica,81.9251,529.5478,296.7043,36.5914,-101.7000,-101.4000,,,,,26220.2588
Cx3_mica_pickup_1,"dielectrics / Cx3_mica_pickup_1 - Cx3 mica facing on Cx3_pickup (ND3), r81.93-529.55 mm, 0.3 mm, z 101.4..101.7 [mica, stator]","dielectrics - septum (C_R, garolite), the Ca / Cb mica slabs and the Cx mica facings; no node",dielectric,sector,ND3,,Cx3,mica,81.9251,529.5478,26.7043,36.5914,101.4000,101.7000,,,,,26220.2588
Cx3_mica_pickup_2,"dielectrics / Cx3_mica_pickup_2 - Cx3 mica facing on Cx3_pickup (ND3), r81.93-529.55 mm, 0.3 mm, z 101.4..101.7 [mica, stator]","dielectrics - septum (C_R, garolite), the Ca / Cb mica slabs and the Cx mica facings; no node",dielectric,sector,ND3,,Cx3,mica,81.9251,529.5478,86.7043,36.5914,101.4000,101.7000,,,,,26220.2588
Cx3_mica_pickup_3,"dielectrics / Cx3_mica_pickup_3 - Cx3 mica facing on Cx3_pickup (ND3), r81.93-529.55 mm, 0.3 mm, z 101.4..101.7 [mica, stator]","dielectrics - septum (C_R, garolite), the Ca / Cb mica slabs and the Cx mica facings; no node",dielectric,sector,ND3,,Cx3,mica,81.9251,529.5478,146.7043,36.5914,101.4000,101.7000,,,,,26220.2588
Cx3_mica_pickup_4,"dielectrics / Cx3_mica_pickup_4 - Cx3 mica facing on Cx3_pickup (ND3), r81.93-529.55 mm, 0.3 mm, z 101.4..101.7 [mica, stator]","dielectrics - septum (C_R, garolite), the Ca / Cb mica slabs and the Cx mica facings; no node",dielectric,sector,ND3,,Cx3,mica,81.9251,529.5478,206.7043,36.5914,101.4000,101.7000,,,,,26220.2588
Cx3_mica_pickup_5,"dielectrics / Cx3_mica_pickup_5 - Cx3 mica facing on Cx3_pickup (ND3), r81.93-529.55 mm, 0.3 mm, z 101.4..101.7 [mica, stator]","dielectrics - septum (C_R, garolite), the Ca / Cb mica slabs and the Cx mica facings; no node",dielectric,sector,ND3,,Cx3,mica,81.9251,529.5478,266.7043,36.5914,101.4000,101.7000,,,,,26220.2588
Cx3_mica_pickup_6,"dielectrics / Cx3_mica_pickup_6 - Cx3 mica facing on Cx3_pickup (ND3), r81.93-529.55 mm, 0.3 mm, z 101.4..101.7 [mica, stator]","dielectrics - septum (C_R, garolite), the Ca / Cb mica slabs and the Cx mica facings; no node",dielectric,sector,ND3,,Cx3,mica,81.9251,529.5478,326.7043,36.5914,101.4000,101.7000,,,,,26220.2588
Cx3_mica_bars_1,"dielectrics / Cx3_mica_bars_1 - Cx3 mica facing on Cx3_bars (B-flange), r107.4-529.55 mm, 0.3 mm, z 104.7..105 [mica, rotor B]","dielectrics - septum (C_R, garolite), the Ca / Cb mica slabs and the Cx mica facings; no node",dielectric,sector,B-flange,,Cx3,mica,107.4031,529.5478,27.4513,35.0973,104.7000,105.0000,,,,,24706.4439
Cx3_mica_bars_2,"dielectrics / Cx3_mica_bars_2 - Cx3 mica facing on Cx3_bars (B-flange), r107.4-529.55 mm, 0.3 mm, z 104.7..105 [mica, rotor B]","dielectrics - septum (C_R, garolite), the Ca / Cb mica slabs and the Cx mica facings; no node",dielectric,sector,B-flange,,Cx3,mica,107.4031,529.5478,87.4513,35.0973,104.7000,105.0000,,,,,24706.4439
Cx3_mica_bars_3,"dielectrics / Cx3_mica_bars_3 - Cx3 mica facing on Cx3_bars (B-flange), r107.4-529.55 mm, 0.3 mm, z 104.7..105 [mica, rotor B]","dielectrics - septum (C_R, garolite), the Ca / Cb mica slabs and the Cx mica facings; no node",dielectric,sector,B-flange,,Cx3,mica,107.4031,529.5478,147.4513,35.0973,104.7000,105.0000,,,,,24706.4439
Cx3_mica_bars_4,"dielectrics / Cx3_mica_bars_4 - Cx3 mica facing on Cx3_bars (B-flange), r107.4-529.55 mm, 0.3 mm, z 104.7..105 [mica, rotor B]","dielectrics - septum (C_R, garolite), the Ca / Cb mica slabs and the Cx mica facings; no node",dielectric,sector,B-flange,,Cx3,mica,107.4031,529.5478,207.4513,35.0973,104.7000,105.0000,,,,,24706.4439
Cx3_mica_bars_5,"dielectrics / Cx3_mica_bars_5 - Cx3 mica facing on Cx3_bars (B-flange), r107.4-529.55 mm, 0.3 mm, z 104.7..105 [mica, rotor B]","dielectrics - septum (C_R, garolite), the Ca / Cb mica slabs and the Cx mica facings; no node",dielectric,sector,B-flange,,Cx3,mica,107.4031,529.5478,267.4513,35.0973,104.7000,105.0000,,,,,24706.4439
Cx3_mica_bars_6,"dielectrics / Cx3_mica_bars_6 - Cx3 mica facing on Cx3_bars (B-flange), r107.4-529.55 mm, 0.3 mm, z 104.7..105 [mica, rotor B]","dielectrics - septum (C_R, garolite), the Ca / Cb mica slabs and the Cx mica facings; no node",dielectric,sector,B-flange,,Cx3,mica,107.4031,529.5478,327.4513,35.0973,104.7000,105.0000,,,,,24706.4439
SG1_sph_1,"node-2 / SG1_sph_1 - SG1 stator sphere 1 of 6 (return), node 2, 12 mm W-Cu on ND1 at r603 3 deg, apex 6 mm proud, 6 mm in its socket, gap 5.5 mm to the rotor A (R-A) tip - fed from ND2, in ND1 [W-Cu sphere, stator]",node-2 - Node 2: ND2 - AR bank: Ca electrode,gap-stator,sphere,ND1,2,SG1,W-Cu sphere,,,,,,,602.174 31.559 -38.500,6.0000,,,904.7787
SG1_stem_1,"node-2 / SG1_stem_1 - SG1 stem 1 (node 2): sphere centre to the lead plane in ND1, in ND1 [Cu stem, stator]",node-2 - Node 2: ND2 - AR bank: Ca electrode,gap-stem,rod,ND1,2,SG1,Cu stem,,,,,,,,2.0000,602.174 31.559 -38.500,602.174 31.559 -49.000,131.9469
SG1_lead_1a,"node-2 / SG1_lead_1a - SG1 lead 1 (node 2): embedded in ND1, radial to its rim, in ND1 [Cu lead, stator]",node-2 - Node 2: ND2 - AR bank: Ca electrode,gap-lead,rod,ND1,2,SG1,Cu lead,,,,,,,,1.5000,602.174 31.559 -49.000,748.327 39.218 -49.000,1034.5155
SG1_lead_1b,"node-2 / SG1_lead_1b - SG1 lead 1 (node 2): out to the stator frame, in ND1 [Cu lead, stator]",node-2 - Node 2: ND2 - AR bank: Ca electrode,gap-lead,rod,ND1,2,SG1,Cu lead,,,,,,,,1.5000,748.327 39.218 -49.000,808.245 42.358 -49.000,424.1150
SG1_lead_1c,"node-2 / SG1_lead_1c - SG1 lead 1 (node 2): along the frame R809.35 to ND2, in ND1 [Cu lead, stator]",node-2 - Node 2: ND2 - AR bank: Ca electrode,gap-lead,rod,ND1,2,SG1,Cu lead,,,,,,,,1.5000,808.245 42.358 -49.000,808.245 42.358 -74.000,176.7146
SG1_lead_1d,"node-2 / SG1_lead_1d - SG1 lead 1 (node 2): into the ND2 rim, in ND2 [Cu lead, stator]",node-2 - Node 2: ND2 - AR bank: Ca electrode,gap-lead,rod,ND2,2,SG1,Cu lead,,,,,,,,1.5000,808.245 42.358 -74.000,582.201 30.512 -74.000,1600.0022
SG1_lead_1e,"node-2 / SG1_lead_1e - SG1 lead 1 (node 2): in ND2: radial to r565 at 3 deg, in ND2 [Cu lead, stator]",node-2 - Node 2: ND2 - AR bank: Ca electrode,gap-lead,rod,ND2,2,SG1,Cu lead,,,,,,,,1.5000,582.201 30.512 -74.000,564.226 29.570 -74.000,127.2345
SG1_lead_1f,"node-2 / SG1_lead_1f - SG1 lead 1 (node 2): in ND2: under Ca_el to 359.65 deg, in ND2 [Cu lead, stator]",node-2 - Node 2: ND2 - AR bank: Ca electrode,gap-lead,rod,ND2,2,SG1,Cu lead,,,,,,,,1.5000,564.226 29.570 -74.000,564.989 -3.500 -74.000,233.8189
SG1_lead_1g,"node-2 / SG1_lead_1g - SG1 lead 1 (node 2): in ND2: riser to Ca_el (node 2), in ND2 [Cu lead, stator]",node-2 - Node 2: ND2 - AR bank: Ca electrode,gap-lead,rod,ND2,2,SG1,Cu lead,,,,,,,,1.5000,564.989 -3.500 -74.000,564.989 -3.500 -58.750,107.7959
SG1_sph_2,"node-2 / SG1_sph_2 - SG1 stator sphere 2 of 6 (return), node 2, 12 mm W-Cu on ND1 at r603 63 deg, apex 6 mm proud, 6 mm in its socket, gap 5.5 mm to the rotor A (R-A) tip - fed from ND2, in ND1 [W-Cu sphere, stator]",node-2 - Node 2: ND2 - AR bank: Ca electrode,gap-stator,sphere,ND1,2,SG1,W-Cu sphere,,,,,,,273.756 537.277 -38.500,6.0000,,,904.7787
SG1_stem_2,"node-2 / SG1_stem_2 - SG1 stem 2 (node 2): sphere centre to the lead plane in ND1, in ND1 [Cu stem, stator]",node-2 - Node 2: ND2 - AR bank: Ca electrode,gap-stem,rod,ND1,2,SG1,Cu stem,,,,,,,,2.0000,273.756 537.277 -38.500,273.756 537.277 -49.000,131.9469
SG1_lead_2a,"node-2 / SG1_lead_2a - SG1 lead 2 (node 2): embedded in ND1, radial to its rim, in ND1 [Cu lead, stator]",node-2 - Node 2: ND2 - AR bank: Ca electrode,gap-lead,rod,ND1,2,SG1,Cu lead,,,,,,,,1.5000,273.756 537.277 -49.000,340.200 667.679 -49.000,1034.5155
SG1_lead_2b,"node-2 / SG1_lead_2b - SG1 lead 2 (node 2): out to the stator frame, in ND1 [Cu lead, stator]",node-2 - Node 2: ND2 - AR bank: Ca electrode,gap-lead,rod,ND1,2,SG1,Cu lead,,,,,,,,1.5000,340.200 667.679 -49.000,367.439 721.140 -49.000,424.1150
SG1_lead_2c,"node-2 / SG1_lead_2c - SG1 lead 2 (node 2): along the frame R809.35 to ND2, in ND1 [Cu lead, stator]",node-2 - Node 2: ND2 - AR bank: Ca electrode,gap-lead,rod,ND1,2,SG1,Cu lead,,,,,,,,1.5000,367.439 721.140 -49.000,367.439 721.140 -74.000,176.7146
SG1_lead_2d,"node-2 / SG1_lead_2d - SG1 lead 2 (node 2): into the ND2 rim, in ND2 [Cu lead, stator]",node-2 - Node 2: ND2 - AR bank: Ca electrode,gap-lead,rod,ND2,2,SG1,Cu lead,,,,,,,,1.5000,367.439 721.140 -74.000,264.676 519.457 -74.000,1600.0022
SG1_lead_2e,"node-2 / SG1_lead_2e - SG1 lead 2 (node 2): in ND2: radial to r565 at 63 deg, in ND2 [Cu lead, stator]",node-2 - Node 2: ND2 - AR bank: Ca electrode,gap-lead,rod,ND2,2,SG1,Cu lead,,,,,,,,1.5000,264.676 519.457 -74.000,256.505 503.419 -74.000,127.2345
SG1_lead_2f,"node-2 / SG1_lead_2f - SG1 lead 2 (node 2): in ND2: under Ca_el to 59.65 deg, in ND2 [Cu lead, stator]",node-2 - Node 2: ND2 - AR bank: Ca electrode,gap-lead,rod,ND2,2,SG1,Cu lead,,,,,,,,1.5000,256.505 503.419 -74.000,285.526 487.545 -74.000,233.8189
SG1_lead_2g,"node-2 / SG1_lead_2g - SG1 lead 2 (node 2): in ND2: riser to Ca_el (node 2), in ND2 [Cu lead, stator]",node-2 - Node 2: ND2 - AR bank: Ca electrode,gap-lead,rod,ND2,2,SG1,Cu lead,,,,,,,,1.5000,285.526 487.545 -74.000,285.526 487.545 -58.750,107.7959
SG1_sph_3,"node-2 / SG1_sph_3 - SG1 stator sphere 3 of 6 (return), node 2, 12 mm W-Cu on ND1 at r603 123 deg, apex 6 mm proud, 6 mm in its socket, gap 5.5 mm to the rotor A (R-A) tip - fed from ND2, in ND1 [W-Cu sphere, stator]",node-2 - Node 2: ND2 - AR bank: Ca electrode,gap-stator,sphere,ND1,2,SG1,W-Cu sphere,,,,,,,-328.417 505.718 -38.500,6.0000,,,904.7787
SG1_stem_3,"node-2 / SG1_stem_3 - SG1 stem 3 (node 2): sphere centre to the lead plane in ND1, in ND1 [Cu stem, stator]",node-2 - Node 2: ND2 - AR bank: Ca electrode,gap-stem,rod,ND1,2,SG1,Cu stem,,,,,,,,2.0000,-328.417 505.718 -38.500,-328.417 505.718 -49.000,131.9469
SG1_lead_3a,"node-2 / SG1_lead_3a - SG1 lead 3 (node 2): embedded in ND1, radial to its rim, in ND1 [Cu lead, stator]",node-2 - Node 2: ND2 - AR bank: Ca electrode,gap-lead,rod,ND1,2,SG1,Cu lead,,,,,,,,1.5000,-328.417 505.718 -49.000,-408.127 628.461 -49.000,1034.5155
SG1_lead_3b,"node-2 / SG1_lead_3b - SG1 lead 3 (node 2): out to the stator frame, in ND1 [Cu lead, stator]",node-2 - Node 2: ND2 - AR bank: Ca electrode,gap-lead,rod,ND1,2,SG1,Cu lead,,,,,,,,1.5000,-408.127 628.461 -49.000,-440.806 678.781 -49.000,424.1150
SG1_lead_3c,"node-2 / SG1_lead_3c - SG1 lead 3 (node 2): along the frame R809.35 to ND2, in ND1 [Cu lead, stator]",node-2 - Node 2: ND2 - AR bank: Ca electrode,gap-lead,rod,ND1,2,SG1,Cu lead,,,,,,,,1.5000,-440.806 678.781 -49.000,-440.806 678.781 -74.000,176.7146
SG1_lead_3d,"node-2 / SG1_lead_3d - SG1 lead 3 (node 2): into the ND2 rim, in ND2 [Cu lead, stator]",node-2 - Node 2: ND2 - AR bank: Ca electrode,gap-lead,rod,ND2,2,SG1,Cu lead,,,,,,,,1.5000,-440.806 678.781 -74.000,-317.525 488.945 -74.000,1600.0022
SG1_lead_3e,"node-2 / SG1_lead_3e - SG1 lead 3 (node 2): in ND2: radial to r565 at 123 deg, in ND2 [Cu lead, stator]",node-2 - Node 2: ND2 - AR bank: Ca electrode,gap-lead,rod,ND2,2,SG1,Cu lead,,,,,,,,1.5000,-317.525 488.945 -74.000,-307.721 473.849 -74.000,127.2345
SG1_lead_3f,"node-2 / SG1_lead_3f - SG1 lead 3 (node 2): in ND2: under Ca_el to 119.65 deg, in ND2 [Cu lead, stator]",node-2 - Node 2: ND2 - AR bank: Ca electrode,gap-lead,rod,ND2,2,SG1,Cu lead,,,,,,,,1.5000,-307.721 473.849 -74.000,-279.464 491.045 -74.000,233.8189
SG1_lead_3g,"node-2 / SG1_lead_3g - SG1 lead 3 (node 2): in ND2: riser to Ca_el (node 2), in ND2 [Cu lead, stator]",node-2 - Node 2: ND2 - AR bank: Ca electrode,gap-lead,rod,ND2,2,SG1,Cu lead,,,,,,,,1.5000,-279.464 491.045 -74.000,-279.464 491.045 -58.750,107.7959
SG1_sph_4,"node-2 / SG1_sph_4 - SG1 stator sphere 4 of 6 (return), node 2, 12 mm W-Cu on ND1 at r603 183 deg, apex 6 mm proud, 6 mm in its socket, gap 5.5 mm to the rotor A (R-A) tip - fed from ND2, in ND1 [W-Cu sphere, stator]",node-2 - Node 2: ND2 - AR bank: Ca electrode,gap-stator,sphere,ND1,2,SG1,W-Cu sphere,,,,,,,-602.174 -31.559 -38.500,6.0000,,,904.7787
SG1_stem_4,"node-2 / SG1_stem_4 - SG1 stem 4 (node 2): sphere centre to the lead plane in ND1, in ND1 [Cu stem, stator]",node-2 - Node 2: ND2 - AR bank: Ca electrode,gap-stem,rod,ND1,2,SG1,Cu stem,,,,,,,,2.0000,-602.174 -31.559 -38.500,-602.174 -31.559 -49.000,131.9469
SG1_lead_4a,"node-2 / SG1_lead_4a - SG1 lead 4 (node 2): embedded in ND1, radial to its rim, in ND1 [Cu lead, stator]",node-2 - Node 2: ND2 - AR bank: Ca electrode,gap-lead,rod,ND1,2,SG1,Cu lead,,,,,,,,1.5000,-602.174 -31.559 -49.000,-748.327 -39.218 -49.000,1034.5155
SG1_lead_4b,"node-2 / SG1_lead_4b - SG1 lead 4 (node 2): out to the stator frame, in ND1 [Cu lead, stator]",node-2 - Node 2: ND2 - AR bank: Ca electrode,gap-lead,rod,ND1,2,SG1,Cu lead,,,,,,,,1.5000,-748.327 -39.218 -49.000,-808.245 -42.358 -49.000,424.1150
SG1_lead_4c,"node-2 / SG1_lead_4c - SG1 lead 4 (node 2): along the frame R809.35 to ND2, in ND1 [Cu lead, stator]",node-2 - Node 2: ND2 - AR bank: Ca electrode,gap-lead,rod,ND1,2,SG1,Cu lead,,,,,,,,1.5000,-808.245 -42.358 -49.000,-808.245 -42.358 -74.000,176.7146
SG1_lead_4d,"node-2 / SG1_lead_4d - SG1 lead 4 (node 2): into the ND2 rim, in ND2 [Cu lead, stator]",node-2 - Node 2: ND2 - AR bank: Ca electrode,gap-lead,rod,ND2,2,SG1,Cu lead,,,,,,,,1.5000,-808.245 -42.358 -74.000,-582.201 -30.512 -74.000,1600.0022
SG1_lead_4e,"node-2 / SG1_lead_4e - SG1 lead 4 (node 2): in ND2: radial to r565 at 183 deg, in ND2 [Cu lead, stator]",node-2 - Node 2: ND2 - AR bank: Ca electrode,gap-lead,rod,ND2,2,SG1,Cu lead,,,,,,,,1.5000,-582.201 -30.512 -74.000,-564.226 -29.570 -74.000,127.2345
SG1_lead_4f,"node-2 / SG1_lead_4f - SG1 lead 4 (node 2): in ND2: under Ca_el to 179.65 deg, in ND2 [Cu lead, stator]",node-2 - Node 2: ND2 - AR bank: Ca electrode,gap-lead,rod,ND2,2,SG1,Cu lead,,,,,,,,1.5000,-564.226 -29.570 -74.000,-564.989 3.500 -74.000,233.8189
SG1_lead_4g,"node-2 / SG1_lead_4g - SG1 lead 4 (node 2): in ND2: riser to Ca_el (node 2), in ND2 [Cu lead, stator]",node-2 - Node 2: ND2 - AR bank: Ca electrode,gap-lead,rod,ND2,2,SG1,Cu lead,,,,,,,,1.5000,-564.989 3.500 -74.000,-564.989 3.500 -58.750,107.7959
SG1_sph_5,"node-2 / SG1_sph_5 - SG1 stator sphere 5 of 6 (return), node 2, 12 mm W-Cu on ND1 at r603 243 deg, apex 6 mm proud, 6 mm in its socket, gap 5.5 mm to the rotor A (R-A) tip - fed from ND2, in ND1 [W-Cu sphere, stator]",node-2 - Node 2: ND2 - AR bank: Ca electrode,gap-stator,sphere,ND1,2,SG1,W-Cu sphere,,,,,,,-273.756 -537.277 -38.500,6.0000,,,904.7787
SG1_stem_5,"node-2 / SG1_stem_5 - SG1 stem 5 (node 2): sphere centre to the lead plane in ND1, in ND1 [Cu stem, stator]",node-2 - Node 2: ND2 - AR bank: Ca electrode,gap-stem,rod,ND1,2,SG1,Cu stem,,,,,,,,2.0000,-273.756 -537.277 -38.500,-273.756 -537.277 -49.000,131.9469
SG1_lead_5a,"node-2 / SG1_lead_5a - SG1 lead 5 (node 2): embedded in ND1, radial to its rim, in ND1 [Cu lead, stator]",node-2 - Node 2: ND2 - AR bank: Ca electrode,gap-lead,rod,ND1,2,SG1,Cu lead,,,,,,,,1.5000,-273.756 -537.277 -49.000,-340.200 -667.679 -49.000,1034.5155
SG1_lead_5b,"node-2 / SG1_lead_5b - SG1 lead 5 (node 2): out to the stator frame, in ND1 [Cu lead, stator]",node-2 - Node 2: ND2 - AR bank: Ca electrode,gap-lead,rod,ND1,2,SG1,Cu lead,,,,,,,,1.5000,-340.200 -667.679 -49.000,-367.439 -721.140 -49.000,424.1150
SG1_lead_5c,"node-2 / SG1_lead_5c - SG1 lead 5 (node 2): along the frame R809.35 to ND2, in ND1 [Cu lead, stator]",node-2 - Node 2: ND2 - AR bank: Ca electrode,gap-lead,rod,ND1,2,SG1,Cu lead,,,,,,,,1.5000,-367.439 -721.140 -49.000,-367.439 -721.140 -74.000,176.7146
SG1_lead_5d,"node-2 / SG1_lead_5d - SG1 lead 5 (node 2): into the ND2 rim, in ND2 [Cu lead, stator]",node-2 - Node 2: ND2 - AR bank: Ca electrode,gap-lead,rod,ND2,2,SG1,Cu lead,,,,,,,,1.5000,-367.439 -721.140 -74.000,-264.676 -519.457 -74.000,1600.0022
SG1_lead_5e,"node-2 / SG1_lead_5e - SG1 lead 5 (node 2): in ND2: radial to r565 at 243 deg, in ND2 [Cu lead, stator]",node-2 - Node 2: ND2 - AR bank: Ca electrode,gap-lead,rod,ND2,2,SG1,Cu lead,,,,,,,,1.5000,-264.676 -519.457 -74.000,-256.505 -503.419 -74.000,127.2345
SG1_lead_5f,"node-2 / SG1_lead_5f - SG1 lead 5 (node 2): in ND2: under Ca_el to 239.65 deg, in ND2 [Cu lead, stator]",node-2 - Node 2: ND2 - AR bank: Ca electrode,gap-lead,rod,ND2,2,SG1,Cu lead,,,,,,,,1.5000,-256.505 -503.419 -74.000,-285.526 -487.545 -74.000,233.8189
SG1_lead_5g,"node-2 / SG1_lead_5g - SG1 lead 5 (node 2): in ND2: riser to Ca_el (node 2), in ND2 [Cu lead, stator]",node-2 - Node 2: ND2 - AR bank: Ca electrode,gap-lead,rod,ND2,2,SG1,Cu lead,,,,,,,,1.5000,-285.526 -487.545 -74.000,-285.526 -487.545 -58.750,107.7959
SG1_sph_6,"node-2 / SG1_sph_6 - SG1 stator sphere 6 of 6 (return), node 2, 12 mm W-Cu on ND1 at r603 303 deg, apex 6 mm proud, 6 mm in its socket, gap 5.5 mm to the rotor A (R-A) tip - fed from ND2, in ND1 [W-Cu sphere, stator]",node-2 - Node 2: ND2 - AR bank: Ca electrode,gap-stator,sphere,ND1,2,SG1,W-Cu sphere,,,,,,,328.417 -505.718 -38.500,6.0000,,,904.7787
SG1_stem_6,"node-2 / SG1_stem_6 - SG1 stem 6 (node 2): sphere centre to the lead plane in ND1, in ND1 [Cu stem, stator]",node-2 - Node 2: ND2 - AR bank: Ca electrode,gap-stem,rod,ND1,2,SG1,Cu stem,,,,,,,,2.0000,328.417 -505.718 -38.500,328.417 -505.718 -49.000,131.9469
SG1_lead_6a,"node-2 / SG1_lead_6a - SG1 lead 6 (node 2): embedded in ND1, radial to its rim, in ND1 [Cu lead, stator]",node-2 - Node 2: ND2 - AR bank: Ca electrode,gap-lead,rod,ND1,2,SG1,Cu lead,,,,,,,,1.5000,328.417 -505.718 -49.000,408.127 -628.461 -49.000,1034.5155
SG1_lead_6b,"node-2 / SG1_lead_6b - SG1 lead 6 (node 2): out to the stator frame, in ND1 [Cu lead, stator]",node-2 - Node 2: ND2 - AR bank: Ca electrode,gap-lead,rod,ND1,2,SG1,Cu lead,,,,,,,,1.5000,408.127 -628.461 -49.000,440.806 -678.781 -49.000,424.1150
SG1_lead_6c,"node-2 / SG1_lead_6c - SG1 lead 6 (node 2): along the frame R809.35 to ND2, in ND1 [Cu lead, stator]",node-2 - Node 2: ND2 - AR bank: Ca electrode,gap-lead,rod,ND1,2,SG1,Cu lead,,,,,,,,1.5000,440.806 -678.781 -49.000,440.806 -678.781 -74.000,176.7146
SG1_lead_6d,"node-2 / SG1_lead_6d - SG1 lead 6 (node 2): into the ND2 rim, in ND2 [Cu lead, stator]",node-2 - Node 2: ND2 - AR bank: Ca electrode,gap-lead,rod,ND2,2,SG1,Cu lead,,,,,,,,1.5000,440.806 -678.781 -74.000,317.525 -488.945 -74.000,1600.0022
SG1_lead_6e,"node-2 / SG1_lead_6e - SG1 lead 6 (node 2): in ND2: radial to r565 at 303 deg, in ND2 [Cu lead, stator]",node-2 - Node 2: ND2 - AR bank: Ca electrode,gap-lead,rod,ND2,2,SG1,Cu lead,,,,,,,,1.5000,317.525 -488.945 -74.000,307.721 -473.849 -74.000,127.2345
SG1_lead_6f,"node-2 / SG1_lead_6f - SG1 lead 6 (node 2): in ND2: under Ca_el to 299.65 deg, in ND2 [Cu lead, stator]",node-2 - Node 2: ND2 - AR bank: Ca electrode,gap-lead,rod,ND2,2,SG1,Cu lead,,,,,,,,1.5000,307.721 -473.849 -74.000,279.464 -491.045 -74.000,233.8189
SG1_lead_6g,"node-2 / SG1_lead_6g - SG1 lead 6 (node 2): in ND2: riser to Ca_el (node 2), in ND2 [Cu lead, stator]",node-2 - Node 2: ND2 - AR bank: Ca electrode,gap-lead,rod,ND2,2,SG1,Cu lead,,,,,,,,1.5000,279.464 -491.045 -74.000,279.464 -491.045 -58.750,107.7959
SG4a1_sph_1,"node-4 / SG4a1_sph_1 - SG4a1 stator sphere 1 of 6 (load), node 4, 12 mm W-Cu at r614.25 37.2 deg on a radial arm in from the stator frame R809.35, at the tip height beside its path (horizontal gap), gap 4.75 mm to the island bar 8 tip - fed from ND4 by a CROSSOVER over the stator, in stator frame [W-Cu sphere, stator]",node-4 - Node 4: ND4 - B-rail: C2 stator plate + Cb counter-electrode,gap-stator,sphere,stator frame,4,SG4a1,W-Cu sphere,,,,,,,489.269 371.375 -98.000,6.0000,,,904.7787
SG4a1_stem_1,"node-4 / SG4a1_stem_1 - SG4a1 arm 1 (node 4): radial, sphere centre out to the stator frame R809.35, in stator frame [Cu stem, stator]",node-4 - Node 4: ND4 - B-rail: C2 stator plate + Cb counter-electrode,gap-stem,rod,stator frame,4,SG4a1,Cu stem,,,,,,,,2.0000,489.269 371.375 -98.000,644.675 489.335 -98.000,2451.7492
SG4a1_lead_1a,"node-4 / SG4a1_lead_1a - SG4a1 lead 1 (node 4): along the frame R809.35 to ND4 - CROSSOVER over the stator, in stator frame [Cu lead, stator]",node-4 - Node 4: ND4 - B-rail: C2 stator plate + Cb counter-electrode,gap-lead,rod,stator frame,4,SG4a1,Cu lead,,,,,,,,1.5000,644.675 489.335 -98.000,644.675 489.335 49.000,1039.0818
SG4a1_lead_1b,"node-4 / SG4a1_lead_1b - SG4a1 lead 1 (node 4): into the ND4 rim, in ND4 [Cu lead, stator]",node-4 - Node 4: ND4 - B-rail: C2 stator plate + Cb counter-electrode,gap-lead,rod,ND4,4,SG4a1,Cu lead,,,,,,,,1.5000,644.675 489.335 49.000,596.883 453.059 49.000,424.1150
SG4a1_lead_1c,"node-4 / SG4a1_lead_1c - SG4a1 lead 1 (node 4): in ND4: radial to r570 at 37.2 deg, in ND4 [Cu lead, stator]",node-4 - Node 4: ND4 - B-rail: C2 stator plate + Cb counter-electrode,gap-lead,rod,ND4,4,SG4a1,Cu lead,,,,,,,,1.5000,596.883 453.059 49.000,454.022 344.621 49.000,1267.7788
SG4a1_lead_1d,"node-4 / SG4a1_lead_1d - SG4a1 lead 1 (node 4): in ND4: under Cb_counter to 29.65 deg, in ND4 [Cu lead, stator]",node-4 - Node 4: ND4 - B-rail: C2 stator plate + Cb counter-electrode,gap-lead,rod,ND4,4,SG4a1,Cu lead,,,,,,,,1.5000,454.022 344.621 49.000,495.375 281.964 49.000,530.6664
SG4a1_lead_1e,"node-4 / SG4a1_lead_1e - SG4a1 lead 1 (node 4): in ND4: riser to Cb_counter (node 4), in ND4 [Cu lead, stator]",node-4 - Node 4: ND4 - B-rail: C2 stator plate + Cb counter-electrode,gap-lead,rod,ND4,4,SG4a1,Cu lead,,,,,,,,1.5000,495.375 281.964 49.000,495.375 281.964 53.250,30.0415
SG4a1_sph_2,"node-4 / SG4a1_sph_2 - SG4a1 stator sphere 2 of 6 (load), node 4, 12 mm W-Cu at r614.25 97.2 deg on a radial arm in from the stator frame R809.35, at the tip height beside its path (horizontal gap), gap 4.75 mm to the island bar 8 tip - fed from ND4 by a CROSSOVER over the stator, in stator frame [W-Cu sphere, stator]",node-4 - Node 4: ND4 - B-rail: C2 stator plate + Cb counter-electrode,gap-stator,sphere,stator frame,4,SG4a1,W-Cu sphere,,,,,,,-76.986 609.406 -98.000,6.0000,,,904.7787
SG4a1_stem_2,"node-4 / SG4a1_stem_2 - SG4a1 arm 2 (node 4): radial, sphere centre out to the stator frame R809.35, in stator frame [Cu stem, stator]",node-4 - Node 4: ND4 - B-rail: C2 stator plate + Cb counter-electrode,gap-stem,rod,stator frame,4,SG4a1,Cu stem,,,,,,,,2.0000,-76.986 609.406 -98.000,-101.439 802.972 -98.000,2451.7492
SG4a1_lead_2a,"node-4 / SG4a1_lead_2a - SG4a1 lead 2 (node 4): along the frame R809.35 to ND4 - CROSSOVER over the stator, in stator frame [Cu lead, stator]",node-4 - Node 4: ND4 - B-rail: C2 stator plate + Cb counter-electrode,gap-lead,rod,stator frame,4,SG4a1,Cu lead,,,,,,,,1.5000,-101.439 802.972 -98.000,-101.439 802.972 49.000,1039.0818
SG4a1_lead_2b,"node-4 / SG4a1_lead_2b - SG4a1 lead 2 (node 4): into the ND4 rim, in ND4 [Cu lead, stator]",node-4 - Node 4: ND4 - B-rail: C2 stator plate + Cb counter-electrode,gap-lead,rod,ND4,4,SG4a1,Cu lead,,,,,,,,1.5000,-101.439 802.972 49.000,-93.919 743.445 49.000,424.1150
SG4a1_lead_2c,"node-4 / SG4a1_lead_2c - SG4a1 lead 2 (node 4): in ND4: radial to r570 at 97.2 deg, in ND4 [Cu lead, stator]",node-4 - Node 4: ND4 - B-rail: C2 stator plate + Cb counter-electrode,gap-lead,rod,ND4,4,SG4a1,Cu lead,,,,,,,,1.5000,-93.919 743.445 49.000,-71.440 565.505 49.000,1267.7788
SG4a1_lead_2d,"node-4 / SG4a1_lead_2d - SG4a1 lead 2 (node 4): in ND4: under Cb_counter to 89.65 deg, in ND4 [Cu lead, stator]",node-4 - Node 4: ND4 - B-rail: C2 stator plate + Cb counter-electrode,gap-lead,rod,ND4,4,SG4a1,Cu lead,,,,,,,,1.5000,-71.440 565.505 49.000,3.500 569.989 49.000,530.6664
SG4a1_lead_2e,"node-4 / SG4a1_lead_2e - SG4a1 lead 2 (node 4): in ND4: riser to Cb_counter (node 4), in ND4 [Cu lead, stator]",node-4 - Node 4: ND4 - B-rail: C2 stator plate + Cb counter-electrode,gap-lead,rod,ND4,4,SG4a1,Cu lead,,,,,,,,1.5000,3.500 569.989 49.000,3.500 569.989 53.250,30.0415
SG4a1_sph_3,"node-4 / SG4a1_sph_3 - SG4a1 stator sphere 3 of 6 (load), node 4, 12 mm W-Cu at r614.25 157.2 deg on a radial arm in from the stator frame R809.35, at the tip height beside its path (horizontal gap), gap 4.75 mm to the island bar 8 tip - fed from ND4 by a CROSSOVER over the stator, in stator frame [W-Cu sphere, stator]",node-4 - Node 4: ND4 - B-rail: C2 stator plate + Cb counter-electrode,gap-stator,sphere,stator frame,4,SG4a1,W-Cu sphere,,,,,,,-566.254 238.031 -98.000,6.0000,,,904.7787
SG4a1_stem_3,"node-4 / SG4a1_stem_3 - SG4a1 arm 3 (node 4): radial, sphere centre out to the stator frame R809.35, in stator frame [Cu stem, stator]",node-4 - Node 4: ND4 - B-rail: C2 stator plate + Cb counter-electrode,gap-stem,rod,stator frame,4,SG4a1,Cu stem,,,,,,,,2.0000,-566.254 238.031 -98.000,-746.114 313.637 -98.000,2451.7492
SG4a1_lead_3a,"node-4 / SG4a1_lead_3a - SG4a1 lead 3 (node 4): along the frame R809.35 to ND4 - CROSSOVER over the stator, in stator frame [Cu lead, stator]",node-4 - Node 4: ND4 - B-rail: C2 stator plate + Cb counter-electrode,gap-lead,rod,stator frame,4,SG4a1,Cu lead,,,,,,,,1.5000,-746.114 313.637 -98.000,-746.114 313.637 49.000,1039.0818
SG4a1_lead_3b,"node-4 / SG4a1_lead_3b - SG4a1 lead 3 (node 4): into the ND4 rim, in ND4 [Cu lead, stator]",node-4 - Node 4: ND4 - B-rail: C2 stator plate + Cb counter-electrode,gap-lead,rod,ND4,4,SG4a1,Cu lead,,,,,,,,1.5000,-746.114 313.637 49.000,-690.802 290.386 49.000,424.1150
SG4a1_lead_3c,"node-4 / SG4a1_lead_3c - SG4a1 lead 3 (node 4): in ND4: radial to r570 at 157.2 deg, in ND4 [Cu lead, stator]",node-4 - Node 4: ND4 - B-rail: C2 stator plate + Cb counter-electrode,gap-lead,rod,ND4,4,SG4a1,Cu lead,,,,,,,,1.5000,-690.802 290.386 49.000,-525.462 220.884 49.000,1267.7788
SG4a1_lead_3d,"node-4 / SG4a1_lead_3d - SG4a1 lead 3 (node 4): in ND4: under Cb_counter to 149.65 deg, in ND4 [Cu lead, stator]",node-4 - Node 4: ND4 - B-rail: C2 stator plate + Cb counter-electrode,gap-lead,rod,ND4,4,SG4a1,Cu lead,,,,,,,,1.5000,-525.462 220.884 49.000,-491.875 288.026 49.000,530.6664
SG4a1_lead_3e,"node-4 / SG4a1_lead_3e - SG4a1 lead 3 (node 4): in ND4: riser to Cb_counter (node 4), in ND4 [Cu lead, stator]",node-4 - Node 4: ND4 - B-rail: C2 stator plate + Cb counter-electrode,gap-lead,rod,ND4,4,SG4a1,Cu lead,,,,,,,,1.5000,-491.875 288.026 49.000,-491.875 288.026 53.250,30.0415
SG4a1_sph_4,"node-4 / SG4a1_sph_4 - SG4a1 stator sphere 4 of 6 (load), node 4, 12 mm W-Cu at r614.25 217.2 deg on a radial arm in from the stator frame R809.35, at the tip height beside its path (horizontal gap), gap 4.75 mm to the island bar 8 tip - fed from ND4 by a CROSSOVER over the stator, in stator frame [W-Cu sphere, stator]",node-4 - Node 4: ND4 - B-rail: C2 stator plate + Cb counter-electrode,gap-stator,sphere,stator frame,4,SG4a1,W-Cu sphere,,,,,,,-489.269 -371.375 -98.000,6.0000,,,904.7787
SG4a1_stem_4,"node-4 / SG4a1_stem_4 - SG4a1 arm 4 (node 4): radial, sphere centre out to the stator frame R809.35, in stator frame [Cu stem, stator]",node-4 - Node 4: ND4 - B-rail: C2 stator plate + Cb counter-electrode,gap-stem,rod,stator frame,4,SG4a1,Cu stem,,,,,,,,2.0000,-489.269 -371.375 -98.000,-644.675 -489.335 -98.000,2451.7492
SG4a1_lead_4a,"node-4 / SG4a1_lead_4a - SG4a1 lead 4 (node 4): along the frame R809.35 to ND4 - CROSSOVER over the stator, in stator frame [Cu lead, stator]",node-4 - Node 4: ND4 - B-rail: C2 stator plate + Cb counter-electrode,gap-lead,rod,stator frame,4,SG4a1,Cu lead,,,,,,,,1.5000,-644.675 -489.335 -98.000,-644.675 -489.335 49.000,1039.0818
SG4a1_lead_4b,"node-4 / SG4a1_lead_4b - SG4a1 lead 4 (node 4): into the ND4 rim, in ND4 [Cu lead, stator]",node-4 - Node 4: ND4 - B-rail: C2 stator plate + Cb counter-electrode,gap-lead,rod,ND4,4,SG4a1,Cu lead,,,,,,,,1.5000,-644.675 -489.335 49.000,-596.883 -453.059 49.000,424.1150
SG4a1_lead_4c,"node-4 / SG4a1_lead_4c - SG4a1 lead 4 (node 4): in ND4: radial to r570 at 217.2 deg, in ND4 [Cu lead, stator]",node-4 - Node 4: ND4 - B-rail: C2 stator plate + Cb counter-electrode,gap-lead,rod,ND4,4,SG4a1,Cu lead,,,,,,,,1.5000,-596.883 -453.059 49.000,-454.022 -344.621 49.000,1267.7788
SG4a1_lead_4d,"node-4 / SG4a1_lead_4d - SG4a1 lead 4 (node 4): in ND4: under Cb_counter to 209.65 deg, in ND4 [Cu lead, stator]",node-4 - Node 4: ND4 - B-rail: C2 stator plate + Cb counter-electrode,gap-lead,rod,ND4,4,SG4a1,Cu lead,,,,,,,,1.5000,-454.022 -344.621 49.000,-495.375 -281.964 49.000,530.6664
SG4a1_lead_4e,"node-4 / SG4a1_lead_4e - SG4a1 lead 4 (node 4): in ND4: riser to Cb_counter (node 4), in ND4 [Cu lead, stator]",node-4 - Node 4: ND4 - B-rail: C2 stator plate + Cb counter-electrode,gap-lead,rod,ND4,4,SG4a1,Cu lead,,,,,,,,1.5000,-495.375 -281.964 49.000,-495.375 -281.964 53.250,30.0415
SG4a1_sph_5,"node-4 / SG4a1_sph_5 - SG4a1 stator sphere 5 of 6 (load), node 4, 12 mm W-Cu at r614.25 277.2 deg on a radial arm in from the stator frame R809.35, at the tip height beside its path (horizontal gap), gap 4.75 mm to the island bar 8 tip - fed from ND4 by a CROSSOVER over the stator, in stator frame [W-Cu sphere, stator]",node-4 - Node 4: ND4 - B-rail: C2 stator plate + Cb counter-electrode,gap-stator,sphere,stator frame,4,SG4a1,W-Cu sphere,,,,,,,76.986 -609.406 -98.000,6.0000,,,904.7787
SG4a1_stem_5,"node-4 / SG4a1_stem_5 - SG4a1 arm 5 (node 4): radial, sphere centre out to the stator frame R809.35, in stator frame [Cu stem, stator]",node-4 - Node 4: ND4 - B-rail: C2 stator plate + Cb counter-electrode,gap-stem,rod,stator frame,4,SG4a1,Cu stem,,,,,,,,2.0000,76.986 -609.406 -98.000,101.439 -802.972 -98.000,2451.7492
SG4a1_lead_5a,"node-4 / SG4a1_lead_5a - SG4a1 lead 5 (node 4): along the frame R809.35 to ND4 - CROSSOVER over the stator, in stator frame [Cu lead, stator]",node-4 - Node 4: ND4 - B-rail: C2 stator plate + Cb counter-electrode,gap-lead,rod,stator frame,4,SG4a1,Cu lead,,,,,,,,1.5000,101.439 -802.972 -98.000,101.439 -802.972 49.000,1039.0818
SG4a1_lead_5b,"node-4 / SG4a1_lead_5b - SG4a1 lead 5 (node 4): into the ND4 rim, in ND4 [Cu lead, stator]",node-4 - Node 4: ND4 - B-rail: C2 stator plate + Cb counter-electrode,gap-lead,rod,ND4,4,SG4a1,Cu lead,,,,,,,,1.5000,101.439 -802.972 49.000,93.919 -743.445 49.000,424.1150
SG4a1_lead_5c,"node-4 / SG4a1_lead_5c - SG4a1 lead 5 (node 4): in ND4: radial to r570 at 277.2 deg, in ND4 [Cu lead, stator]",node-4 - Node 4: ND4 - B-rail: C2 stator plate + Cb counter-electrode,gap-lead,rod,ND4,4,SG4a1,Cu lead,,,,,,,,1.5000,93.919 -743.445 49.000,71.440 -565.505 49.000,1267.7788
SG4a1_lead_5d,"node-4 / SG4a1_lead_5d - SG4a1 lead 5 (node 4): in ND4: under Cb_counter to 269.65 deg, in ND4 [Cu lead, stator]",node-4 - Node 4: ND4 - B-rail: C2 stator plate + Cb counter-electrode,gap-lead,rod,ND4,4,SG4a1,Cu lead,,,,,,,,1.5000,71.440 -565.505 49.000,-3.500 -569.989 49.000,530.6664
SG4a1_lead_5e,"node-4 / SG4a1_lead_5e - SG4a1 lead 5 (node 4): in ND4: riser to Cb_counter (node 4), in ND4 [Cu lead, stator]",node-4 - Node 4: ND4 - B-rail: C2 stator plate + Cb counter-electrode,gap-lead,rod,ND4,4,SG4a1,Cu lead,,,,,,,,1.5000,-3.500 -569.989 49.000,-3.500 -569.989 53.250,30.0415
SG4a1_sph_6,"node-4 / SG4a1_sph_6 - SG4a1 stator sphere 6 of 6 (load), node 4, 12 mm W-Cu at r614.25 337.2 deg on a radial arm in from the stator frame R809.35, at the tip height beside its path (horizontal gap), gap 4.75 mm to the island bar 8 tip - fed from ND4 by a CROSSOVER over the stator, in stator frame [W-Cu sphere, stator]",node-4 - Node 4: ND4 - B-rail: C2 stator plate + Cb counter-electrode,gap-stator,sphere,stator frame,4,SG4a1,W-Cu sphere,,,,,,,566.254 -238.031 -98.000,6.0000,,,904.7787
SG4a1_stem_6,"node-4 / SG4a1_stem_6 - SG4a1 arm 6 (node 4): radial, sphere centre out to the stator frame R809.35, in stator frame [Cu stem, stator]",node-4 - Node 4: ND4 - B-rail: C2 stator plate + Cb counter-electrode,gap-stem,rod,stator frame,4,SG4a1,Cu stem,,,,,,,,2.0000,566.254 -238.031 -98.000,746.114 -313.637 -98.000,2451.7492
SG4a1_lead_6a,"node-4 / SG4a1_lead_6a - SG4a1 lead 6 (node 4): along the frame R809.35 to ND4 - CROSSOVER over the stator, in stator frame [Cu lead, stator]",node-4 - Node 4: ND4 - B-rail: C2 stator plate + Cb counter-electrode,gap-lead,rod,stator frame,4,SG4a1,Cu lead,,,,,,,,1.5000,746.114 -313.637 -98.000,746.114 -313.637 49.000,1039.0818
SG4a1_lead_6b,"node-4 / SG4a1_lead_6b - SG4a1 lead 6 (node 4): into the ND4 rim, in ND4 [Cu lead, stator]",node-4 - Node 4: ND4 - B-rail: C2 stator plate + Cb counter-electrode,gap-lead,rod,ND4,4,SG4a1,Cu lead,,,,,,,,1.5000,746.114 -313.637 49.000,690.802 -290.386 49.000,424.1150
SG4a1_lead_6c,"node-4 / SG4a1_lead_6c - SG4a1 lead 6 (node 4): in ND4: radial to r570 at 337.2 deg, in ND4 [Cu lead, stator]",node-4 - Node 4: ND4 - B-rail: C2 stator plate + Cb counter-electrode,gap-lead,rod,ND4,4,SG4a1,Cu lead,,,,,,,,1.5000,690.802 -290.386 49.000,525.462 -220.884 49.000,1267.7788
SG4a1_lead_6d,"node-4 / SG4a1_lead_6d - SG4a1 lead 6 (node 4): in ND4: under Cb_counter to 329.65 deg, in ND4 [Cu lead, stator]",node-4 - Node 4: ND4 - B-rail: C2 stator plate + Cb counter-electrode,gap-lead,rod,ND4,4,SG4a1,Cu lead,,,,,,,,1.5000,525.462 -220.884 49.000,491.875 -288.026 49.000,530.6664
SG4a1_lead_6e,"node-4 / SG4a1_lead_6e - SG4a1 lead 6 (node 4): in ND4: riser to Cb_counter (node 4), in ND4 [Cu lead, stator]",node-4 - Node 4: ND4 - B-rail: C2 stator plate + Cb counter-electrode,gap-lead,rod,ND4,4,SG4a1,Cu lead,,,,,,,,1.5000,491.875 -288.026 49.000,491.875 -288.026 53.250,30.0415
SG4b1_sph_1,"node-2 / SG4b1_sph_1 - SG4b1 stator sphere 1 of 6 (fire), node 2, 12 mm W-Cu at r597.5 46.05 deg on a radial stem out of the ND2 rim r583, centre 19.9 mm below its Cx face, under the tip path (vertical gap), gap 5.5 mm to the island bar 8 tip, in ND2 [W-Cu sphere, stator]",node-2 - Node 2: ND2 - AR bank: Ca electrode,gap-stator,sphere,ND2,2,SG4b1,W-Cu sphere,,,,,,,414.683 430.168 -80.500,6.0000,,,904.7787
SG4b1_stem_1,"node-2 / SG4b1_stem_1 - SG4b1 stem 1 (node 2): radial, sphere centre into the ND2 rim (seated 3 mm), in ND2 [Cu stem, stator]",node-2 - Node 2: ND2 - AR bank: Ca electrode,gap-stem,rod,ND2,2,SG4b1,Cu stem,,,,,,,,2.0000,414.683 430.168 -80.500,402.538 417.569 -80.500,219.9115
SG4b1_lead_1a,"node-2 / SG4b1_lead_1a - SG4b1 lead 1 (node 2): in ND2: radial in to r565 under Ca_el, in ND2 [Cu lead, stator]",node-2 - Node 2: ND2 - AR bank: Ca electrode,gap-lead,rod,ND2,2,SG4b1,Cu lead,,,,,,,,1.5000,402.538 417.569 -80.500,392.127 406.769 -80.500,106.0288
SG4b1_lead_1b,"node-2 / SG4b1_lead_1b - SG4b1 lead 1 (node 2): in ND2: riser to Ca_el (node 2), in ND2 [Cu lead, stator]",node-2 - Node 2: ND2 - AR bank: Ca electrode,gap-lead,rod,ND2,2,SG4b1,Cu lead,,,,,,,,1.5000,392.127 406.769 -80.500,392.127 406.769 -58.750,153.7417
SG4b1_sph_2,"node-2 / SG4b1_sph_2 - SG4b1 stator sphere 2 of 6 (fire), node 2, 12 mm W-Cu at r597.5 106.05 deg on a radial stem out of the ND2 rim r583, centre 19.9 mm below its Cx face, under the tip path (vertical gap), gap 5.5 mm to the island bar 8 tip, in ND2 [W-Cu sphere, stator]",node-2 - Node 2: ND2 - AR bank: Ca electrode,gap-stator,sphere,ND2,2,SG4b1,W-Cu sphere,,,,,,,-165.194 574.210 -80.500,6.0000,,,904.7787
SG4b1_stem_2,"node-2 / SG4b1_stem_2 - SG4b1 stem 2 (node 2): radial, sphere centre into the ND2 rim (seated 3 mm), in ND2 [Cu stem, stator]",node-2 - Node 2: ND2 - AR bank: Ca electrode,gap-stem,rod,ND2,2,SG4b1,Cu stem,,,,,,,,2.0000,-165.194 574.210 -80.500,-160.356 557.392 -80.500,219.9115
SG4b1_lead_2a,"node-2 / SG4b1_lead_2a - SG4b1 lead 2 (node 2): in ND2: radial in to r565 under Ca_el, in ND2 [Cu lead, stator]",node-2 - Node 2: ND2 - AR bank: Ca electrode,gap-lead,rod,ND2,2,SG4b1,Cu lead,,,,,,,,1.5000,-160.356 557.392 -80.500,-156.209 542.977 -80.500,106.0288
SG4b1_lead_2b,"node-2 / SG4b1_lead_2b - SG4b1 lead 2 (node 2): in ND2: riser to Ca_el (node 2), in ND2 [Cu lead, stator]",node-2 - Node 2: ND2 - AR bank: Ca electrode,gap-lead,rod,ND2,2,SG4b1,Cu lead,,,,,,,,1.5000,-156.209 542.977 -80.500,-156.209 542.977 -58.750,153.7417
SG4b1_sph_3,"node-2 / SG4b1_sph_3 - SG4b1 stator sphere 3 of 6 (fire), node 2, 12 mm W-Cu at r597.5 166.05 deg on a radial stem out of the ND2 rim r583, centre 19.9 mm below its Cx face, under the tip path (vertical gap), gap 5.5 mm to the island bar 8 tip, in ND2 [W-Cu sphere, stator]",node-2 - Node 2: ND2 - AR bank: Ca electrode,gap-stator,sphere,ND2,2,SG4b1,W-Cu sphere,,,,,,,-579.878 144.042 -80.500,6.0000,,,904.7787
SG4b1_stem_3,"node-2 / SG4b1_stem_3 - SG4b1 stem 3 (node 2): radial, sphere centre into the ND2 rim (seated 3 mm), in ND2 [Cu stem, stator]",node-2 - Node 2: ND2 - AR bank: Ca electrode,gap-stem,rod,ND2,2,SG4b1,Cu stem,,,,,,,,2.0000,-579.878 144.042 -80.500,-562.894 139.824 -80.500,219.9115
SG4b1_lead_3a,"node-2 / SG4b1_lead_3a - SG4b1 lead 3 (node 2): in ND2: radial in to r565 under Ca_el, in ND2 [Cu lead, stator]",node-2 - Node 2: ND2 - AR bank: Ca electrode,gap-lead,rod,ND2,2,SG4b1,Cu lead,,,,,,,,1.5000,-562.894 139.824 -80.500,-548.336 136.207 -80.500,106.0288
SG4b1_lead_3b,"node-2 / SG4b1_lead_3b - SG4b1 lead 3 (node 2): in ND2: riser to Ca_el (node 2), in ND2 [Cu lead, stator]",node-2 - Node 2: ND2 - AR bank: Ca electrode,gap-lead,rod,ND2,2,SG4b1,Cu lead,,,,,,,,1.5000,-548.336 136.207 -80.500,-548.336 136.207 -58.750,153.7417
SG4b1_sph_4,"node-2 / SG4b1_sph_4 - SG4b1 stator sphere 4 of 6 (fire), node 2, 12 mm W-Cu at r597.5 226.05 deg on a radial stem out of the ND2 rim r583, centre 19.9 mm below its Cx face, under the tip path (vertical gap), gap 5.5 mm to the island bar 8 tip, in ND2 [W-Cu sphere, stator]",node-2 - Node 2: ND2 - AR bank: Ca electrode,gap-stator,sphere,ND2,2,SG4b1,W-Cu sphere,,,,,,,-414.683 -430.168 -80.500,6.0000,,,904.7787
SG4b1_stem_4,"node-2 / SG4b1_stem_4 - SG4b1 stem 4 (node 2): radial, sphere centre into the ND2 rim (seated 3 mm), in ND2 [Cu stem, stator]",node-2 - Node 2: ND2 - AR bank: Ca electrode,gap-stem,rod,ND2,2,SG4b1,Cu stem,,,,,,,,2.0000,-414.683 -430.168 -80.500,-402.538 -417.569 -80.500,219.9115
SG4b1_lead_4a,"node-2 / SG4b1_lead_4a - SG4b1 lead 4 (node 2): in ND2: radial in to r565 under Ca_el, in ND2 [Cu lead, stator]",node-2 - Node 2: ND2 - AR bank: Ca electrode,gap-lead,rod,ND2,2,SG4b1,Cu lead,,,,,,,,1.5000,-402.538 -417.569 -80.500,-392.127 -406.769 -80.500,106.0288
SG4b1_lead_4b,"node-2 / SG4b1_lead_4b - SG4b1 lead 4 (node 2): in ND2: riser to Ca_el (node 2), in ND2 [Cu lead, stator]",node-2 - Node 2: ND2 - AR bank: Ca electrode,gap-lead,rod,ND2,2,SG4b1,Cu lead,,,,,,,,1.5000,-392.127 -406.769 -80.500,-392.127 -406.769 -58.750,153.7417
SG4b1_sph_5,"node-2 / SG4b1_sph_5 - SG4b1 stator sphere 5 of 6 (fire), node 2, 12 mm W-Cu at r597.5 286.05 deg on a radial stem out of the ND2 rim r583, centre 19.9 mm below its Cx face, under the tip path (vertical gap), gap 5.5 mm to the island bar 8 tip, in ND2 [W-Cu sphere, stator]",node-2 - Node 2: ND2 - AR bank: Ca electrode,gap-stator,sphere,ND2,2,SG4b1,W-Cu sphere,,,,,,,165.194 -574.210 -80.500,6.0000,,,904.7787
SG4b1_stem_5,"node-2 / SG4b1_stem_5 - SG4b1 stem 5 (node 2): radial, sphere centre into the ND2 rim (seated 3 mm), in ND2 [Cu stem, stator]",node-2 - Node 2: ND2 - AR bank: Ca electrode,gap-stem,rod,ND2,2,SG4b1,Cu stem,,,,,,,,2.0000,165.194 -574.210 -80.500,160.356 -557.392 -80.500,219.9115
SG4b1_lead_5a,"node-2 / SG4b1_lead_5a - SG4b1 lead 5 (node 2): in ND2: radial in to r565 under Ca_el, in ND2 [Cu lead, stator]",node-2 - Node 2: ND2 - AR bank: Ca electrode,gap-lead,rod,ND2,2,SG4b1,Cu lead,,,,,,,,1.5000,160.356 -557.392 -80.500,156.209 -542.977 -80.500,106.0288
SG4b1_lead_5b,"node-2 / SG4b1_lead_5b - SG4b1 lead 5 (node 2): in ND2: riser to Ca_el (node 2), in ND2 [Cu lead, stator]",node-2 - Node 2: ND2 - AR bank: Ca electrode,gap-lead,rod,ND2,2,SG4b1,Cu lead,,,,,,,,1.5000,156.209 -542.977 -80.500,156.209 -542.977 -58.750,153.7417
SG4b1_sph_6,"node-2 / SG4b1_sph_6 - SG4b1 stator sphere 6 of 6 (fire), node 2, 12 mm W-Cu at r597.5 346.05 deg on a radial stem out of the ND2 rim r583, centre 19.9 mm below its Cx face, under the tip path (vertical gap), gap 5.5 mm to the island bar 8 tip, in ND2 [W-Cu sphere, stator]",node-2 - Node 2: ND2 - AR bank: Ca electrode,gap-stator,sphere,ND2,2,SG4b1,W-Cu sphere,,,,,,,579.878 -144.042 -80.500,6.0000,,,904.7787
SG4b1_stem_6,"node-2 / SG4b1_stem_6 - SG4b1 stem 6 (node 2): radial, sphere centre into the ND2 rim (seated 3 mm), in ND2 [Cu stem, stator]",node-2 - Node 2: ND2 - AR bank: Ca electrode,gap-stem,rod,ND2,2,SG4b1,Cu stem,,,,,,,,2.0000,579.878 -144.042 -80.500,562.894 -139.824 -80.500,219.9115
SG4b1_lead_6a,"node-2 / SG4b1_lead_6a - SG4b1 lead 6 (node 2): in ND2: radial in to r565 under Ca_el, in ND2 [Cu lead, stator]",node-2 - Node 2: ND2 - AR bank: Ca electrode,gap-lead,rod,ND2,2,SG4b1,Cu lead,,,,,,,,1.5000,562.894 -139.824 -80.500,548.336 -136.207 -80.500,106.0288
SG4b1_lead_6b,"node-2 / SG4b1_lead_6b - SG4b1 lead 6 (node 2): in ND2: riser to Ca_el (node 2), in ND2 [Cu lead, stator]",node-2 - Node 2: ND2 - AR bank: Ca electrode,gap-lead,rod,ND2,2,SG4b1,Cu lead,,,,,,,,1.5000,548.336 -136.207 -80.500,548.336 -136.207 -58.750,153.7417
BS4_sph_1,"node-2 / BS4_sph_1 - BS4 stator sphere 1 of 6 (backstop), node 2, 25 mm polished at r597.5 49 deg on a radial stem out of the ND2 rim r583, centre 26.4 mm below its Cx face, under the tip path (vertical gap), gap 5.5 mm to the island bar 8 tip, in ND2 [polished sphere, stator]",node-2 - Node 2: ND2 - AR bank: Ca electrode,gap-stator,sphere,ND2,2,BS4,polished sphere,,,,,,,391.995 450.939 -74.000,12.5000,,,8181.2309
BS4_stem_1,"node-2 / BS4_stem_1 - BS4 stem 1 (node 2): radial, sphere centre into the ND2 rim (seated 3 mm), in ND2 [Cu stem, stator]",node-2 - Node 2: ND2 - AR bank: Ca electrode,gap-stem,rod,ND2,2,BS4,Cu stem,,,,,,,,2.0000,391.995 450.939 -74.000,380.514 437.732 -74.000,219.9115
BS4_lead_1a,"node-2 / BS4_lead_1a - BS4 lead 1 (node 2): in ND2: radial in to r565 under Ca_el, in ND2 [Cu lead, stator]",node-2 - Node 2: ND2 - AR bank: Ca electrode,gap-lead,rod,ND2,2,BS4,Cu lead,,,,,,,,1.5000,380.514 437.732 -74.000,370.673 426.411 -74.000,106.0288
BS4_lead_1b,"node-2 / BS4_lead_1b - BS4 lead 1 (node 2): in ND2: riser to Ca_el (node 2), in ND2 [Cu lead, stator]",node-2 - Node 2: ND2 - AR bank: Ca electrode,gap-lead,rod,ND2,2,BS4,Cu lead,,,,,,,,1.5000,370.673 426.411 -74.000,370.673 426.411 -58.750,107.7959
BS4_sph_2,"node-2 / BS4_sph_2 - BS4 stator sphere 2 of 6 (backstop), node 2, 25 mm polished at r597.5 109 deg on a radial stem out of the ND2 rim r583, centre 26.4 mm below its Cx face, under the tip path (vertical gap), gap 5.5 mm to the island bar 8 tip, in ND2 [polished sphere, stator]",node-2 - Node 2: ND2 - AR bank: Ca electrode,gap-stator,sphere,ND2,2,BS4,polished sphere,,,,,,,-194.527 564.947 -74.000,12.5000,,,8181.2309
BS4_stem_2,"node-2 / BS4_stem_2 - BS4 stem 2 (node 2): radial, sphere centre into the ND2 rim (seated 3 mm), in ND2 [Cu stem, stator]",node-2 - Node 2: ND2 - AR bank: Ca electrode,gap-stem,rod,ND2,2,BS4,Cu stem,,,,,,,,2.0000,-194.527 564.947 -74.000,-188.830 548.401 -74.000,219.9115
BS4_lead_2a,"node-2 / BS4_lead_2a - BS4 lead 2 (node 2): in ND2: radial in to r565 under Ca_el, in ND2 [Cu lead, stator]",node-2 - Node 2: ND2 - AR bank: Ca electrode,gap-lead,rod,ND2,2,BS4,Cu lead,,,,,,,,1.5000,-188.830 548.401 -74.000,-183.946 534.218 -74.000,106.0288
BS4_lead_2b,"node-2 / BS4_lead_2b - BS4 lead 2 (node 2): in ND2: riser to Ca_el (node 2), in ND2 [Cu lead, stator]",node-2 - Node 2: ND2 - AR bank: Ca electrode,gap-lead,rod,ND2,2,BS4,Cu lead,,,,,,,,1.5000,-183.946 534.218 -74.000,-183.946 534.218 -58.750,107.7959
BS4_sph_3,"node-2 / BS4_sph_3 - BS4 stator sphere 3 of 6 (backstop), node 2, 25 mm polished at r597.5 169 deg on a radial stem out of the ND2 rim r583, centre 26.4 mm below its Cx face, under the tip path (vertical gap), gap 5.5 mm to the island bar 8 tip, in ND2 [polished sphere, stator]",node-2 - Node 2: ND2 - AR bank: Ca electrode,gap-stator,sphere,ND2,2,BS4,polished sphere,,,,,,,-586.522 114.008 -74.000,12.5000,,,8181.2309
BS4_stem_3,"node-2 / BS4_stem_3 - BS4 stem 3 (node 2): radial, sphere centre into the ND2 rim (seated 3 mm), in ND2 [Cu stem, stator]",node-2 - Node 2: ND2 - AR bank: Ca electrode,gap-stem,rod,ND2,2,BS4,Cu stem,,,,,,,,2.0000,-586.522 114.008 -74.000,-569.344 110.669 -74.000,219.9115
BS4_lead_3a,"node-2 / BS4_lead_3a - BS4 lead 3 (node 2): in ND2: radial in to r565 under Ca_el, in ND2 [Cu lead, stator]",node-2 - Node 2: ND2 - AR bank: Ca electrode,gap-lead,rod,ND2,2,BS4,Cu lead,,,,,,,,1.5000,-569.344 110.669 -74.000,-554.619 107.807 -74.000,106.0288
BS4_lead_3b,"node-2 / BS4_lead_3b - BS4 lead 3 (node 2): in ND2: riser to Ca_el (node 2), in ND2 [Cu lead, stator]",node-2 - Node 2: ND2 - AR bank: Ca electrode,gap-lead,rod,ND2,2,BS4,Cu lead,,,,,,,,1.5000,-554.619 107.807 -74.000,-554.619 107.807 -58.750,107.7959
BS4_sph_4,"node-2 / BS4_sph_4 - BS4 stator sphere 4 of 6 (backstop), node 2, 25 mm polished at r597.5 229 deg on a radial stem out of the ND2 rim r583, centre 26.4 mm below its Cx face, under the tip path (vertical gap), gap 5.5 mm to the island bar 8 tip, in ND2 [polished sphere, stator]",node-2 - Node 2: ND2 - AR bank: Ca electrode,gap-stator,sphere,ND2,2,BS4,polished sphere,,,,,,,-391.995 -450.939 -74.000,12.5000,,,8181.2309
BS4_stem_4,"node-2 / BS4_stem_4 - BS4 stem 4 (node 2): radial, sphere centre into the ND2 rim (seated 3 mm), in ND2 [Cu stem, stator]",node-2 - Node 2: ND2 - AR bank: Ca electrode,gap-stem,rod,ND2,2,BS4,Cu stem,,,,,,,,2.0000,-391.995 -450.939 -74.000,-380.514 -437.732 -74.000,219.9115
BS4_lead_4a,"node-2 / BS4_lead_4a - BS4 lead 4 (node 2): in ND2: radial in to r565 under Ca_el, in ND2 [Cu lead, stator]",node-2 - Node 2: ND2 - AR bank: Ca electrode,gap-lead,rod,ND2,2,BS4,Cu lead,,,,,,,,1.5000,-380.514 -437.732 -74.000,-370.673 -426.411 -74.000,106.0288
BS4_lead_4b,"node-2 / BS4_lead_4b - BS4 lead 4 (node 2): in ND2: riser to Ca_el (node 2), in ND2 [Cu lead, stator]",node-2 - Node 2: ND2 - AR bank: Ca electrode,gap-lead,rod,ND2,2,BS4,Cu lead,,,,,,,,1.5000,-370.673 -426.411 -74.000,-370.673 -426.411 -58.750,107.7959
BS4_sph_5,"node-2 / BS4_sph_5 - BS4 stator sphere 5 of 6 (backstop), node 2, 25 mm polished at r597.5 289 deg on a radial stem out of the ND2 rim r583, centre 26.4 mm below its Cx face, under the tip path (vertical gap), gap 5.5 mm to the island bar 8 tip, in ND2 [polished sphere, stator]",node-2 - Node 2: ND2 - AR bank: Ca electrode,gap-stator,sphere,ND2,2,BS4,polished sphere,,,,,,,194.527 -564.947 -74.000,12.5000,,,8181.2309
BS4_stem_5,"node-2 / BS4_stem_5 - BS4 stem 5 (node 2): radial, sphere centre into the ND2 rim (seated 3 mm), in ND2 [Cu stem, stator]",node-2 - Node 2: ND2 - AR bank: Ca electrode,gap-stem,rod,ND2,2,BS4,Cu stem,,,,,,,,2.0000,194.527 -564.947 -74.000,188.830 -548.401 -74.000,219.9115
BS4_lead_5a,"node-2 / BS4_lead_5a - BS4 lead 5 (node 2): in ND2: radial in to r565 under Ca_el, in ND2 [Cu lead, stator]",node-2 - Node 2: ND2 - AR bank: Ca electrode,gap-lead,rod,ND2,2,BS4,Cu lead,,,,,,,,1.5000,188.830 -548.401 -74.000,183.946 -534.218 -74.000,106.0288
BS4_lead_5b,"node-2 / BS4_lead_5b - BS4 lead 5 (node 2): in ND2: riser to Ca_el (node 2), in ND2 [Cu lead, stator]",node-2 - Node 2: ND2 - AR bank: Ca electrode,gap-lead,rod,ND2,2,BS4,Cu lead,,,,,,,,1.5000,183.946 -534.218 -74.000,183.946 -534.218 -58.750,107.7959
BS4_sph_6,"node-2 / BS4_sph_6 - BS4 stator sphere 6 of 6 (backstop), node 2, 25 mm polished at r597.5 349 deg on a radial stem out of the ND2 rim r583, centre 26.4 mm below its Cx face, under the tip path (vertical gap), gap 5.5 mm to the island bar 8 tip, in ND2 [polished sphere, stator]",node-2 - Node 2: ND2 - AR bank: Ca electrode,gap-stator,sphere,ND2,2,BS4,polished sphere,,,,,,,586.522 -114.008 -74.000,12.5000,,,8181.2309
BS4_stem_6,"node-2 / BS4_stem_6 - BS4 stem 6 (node 2): radial, sphere centre into the ND2 rim (seated 3 mm), in ND2 [Cu stem, stator]",node-2 - Node 2: ND2 - AR bank: Ca electrode,gap-stem,rod,ND2,2,BS4,Cu stem,,,,,,,,2.0000,586.522 -114.008 -74.000,569.344 -110.669 -74.000,219.9115
BS4_lead_6a,"node-2 / BS4_lead_6a - BS4 lead 6 (node 2): in ND2: radial in to r565 under Ca_el, in ND2 [Cu lead, stator]",node-2 - Node 2: ND2 - AR bank: Ca electrode,gap-lead,rod,ND2,2,BS4,Cu lead,,,,,,,,1.5000,569.344 -110.669 -74.000,554.619 -107.807 -74.000,106.0288
BS4_lead_6b,"node-2 / BS4_lead_6b - BS4 lead 6 (node 2): in ND2: riser to Ca_el (node 2), in ND2 [Cu lead, stator]",node-2 - Node 2: ND2 - AR bank: Ca electrode,gap-lead,rod,ND2,2,BS4,Cu lead,,,,,,,,1.5000,554.619 -107.807 -74.000,554.619 -107.807 -58.750,107.7959
SG2_sph_1,"node-3 / SG2_sph_1 - SG2 stator sphere 1 of 6 (return), node 3, 12 mm W-Cu on ND4 at r603 33 deg, apex 6 mm proud, 6 mm in its socket, gap 5.5 mm to the rotor B (R-B) tip - fed from ND3, in ND4 [W-Cu sphere, stator]",node-3 - Node 3: ND3 - BR bank: Cb electrode,gap-stator,sphere,ND4,3,SG2,W-Cu sphere,,,,,,,505.718 328.417 38.500,6.0000,,,904.7787
SG2_stem_1,"node-3 / SG2_stem_1 - SG2 stem 1 (node 3): sphere centre to the lead plane in ND4, in ND4 [Cu stem, stator]",node-3 - Node 3: ND3 - BR bank: Cb electrode,gap-stem,rod,ND4,3,SG2,Cu stem,,,,,,,,2.0000,505.718 328.417 38.500,505.718 328.417 49.000,131.9469
SG2_lead_1a,"node-3 / SG2_lead_1a - SG2 lead 1 (node 3): embedded in ND4, radial to its rim, in ND4 [Cu lead, stator]",node-3 - Node 3: ND3 - BR bank: Cb electrode,gap-lead,rod,ND4,3,SG2,Cu lead,,,,,,,,1.5000,505.718 328.417 49.000,628.461 408.127 49.000,1034.5155
SG2_lead_1b,"node-3 / SG2_lead_1b - SG2 lead 1 (node 3): out to the stator frame, in ND4 [Cu lead, stator]",node-3 - Node 3: ND3 - BR bank: Cb electrode,gap-lead,rod,ND4,3,SG2,Cu lead,,,,,,,,1.5000,628.461 408.127 49.000,678.781 440.806 49.000,424.1150
SG2_lead_1c,"node-3 / SG2_lead_1c - SG2 lead 1 (node 3): along the frame R809.35 to ND3, in ND4 [Cu lead, stator]",node-3 - Node 3: ND3 - BR bank: Cb electrode,gap-lead,rod,ND4,3,SG2,Cu lead,,,,,,,,1.5000,678.781 440.806 49.000,678.781 440.806 74.000,176.7146
SG2_lead_1d,"node-3 / SG2_lead_1d - SG2 lead 1 (node 3): into the ND3 rim, in ND3 [Cu lead, stator]",node-3 - Node 3: ND3 - BR bank: Cb electrode,gap-lead,rod,ND3,3,SG2,Cu lead,,,,,,,,1.5000,678.781 440.806 74.000,488.945 317.525 74.000,1600.0022
SG2_lead_1e,"node-3 / SG2_lead_1e - SG2 lead 1 (node 3): in ND3: radial to r565 at 33 deg, in ND3 [Cu lead, stator]",node-3 - Node 3: ND3 - BR bank: Cb electrode,gap-lead,rod,ND3,3,SG2,Cu lead,,,,,,,,1.5000,488.945 317.525 74.000,473.849 307.721 74.000,127.2345
SG2_lead_1f,"node-3 / SG2_lead_1f - SG2 lead 1 (node 3): in ND3: under Cb_el to 29.65 deg, in ND3 [Cu lead, stator]",node-3 - Node 3: ND3 - BR bank: Cb electrode,gap-lead,rod,ND3,3,SG2,Cu lead,,,,,,,,1.5000,473.849 307.721 74.000,491.045 279.464 74.000,233.8189
SG2_lead_1g,"node-3 / SG2_lead_1g - SG2 lead 1 (node 3): in ND3: riser to Cb_el (node 3), in ND3 [Cu lead, stator]",node-3 - Node 3: ND3 - BR bank: Cb electrode,gap-lead,rod,ND3,3,SG2,Cu lead,,,,,,,,1.5000,491.045 279.464 74.000,491.045 279.464 58.750,107.7959
SG2_sph_2,"node-3 / SG2_sph_2 - SG2 stator sphere 2 of 6 (return), node 3, 12 mm W-Cu on ND4 at r603 93 deg, apex 6 mm proud, 6 mm in its socket, gap 5.5 mm to the rotor B (R-B) tip - fed from ND3, in ND4 [W-Cu sphere, stator]",node-3 - Node 3: ND3 - BR bank: Cb electrode,gap-stator,sphere,ND4,3,SG2,W-Cu sphere,,,,,,,-31.559 602.174 38.500,6.0000,,,904.7787
SG2_stem_2,"node-3 / SG2_stem_2 - SG2 stem 2 (node 3): sphere centre to the lead plane in ND4, in ND4 [Cu stem, stator]",node-3 - Node 3: ND3 - BR bank: Cb electrode,gap-stem,rod,ND4,3,SG2,Cu stem,,,,,,,,2.0000,-31.559 602.174 38.500,-31.559 602.174 49.000,131.9469
SG2_lead_2a,"node-3 / SG2_lead_2a - SG2 lead 2 (node 3): embedded in ND4, radial to its rim, in ND4 [Cu lead, stator]",node-3 - Node 3: ND3 - BR bank: Cb electrode,gap-lead,rod,ND4,3,SG2,Cu lead,,,,,,,,1.5000,-31.559 602.174 49.000,-39.218 748.327 49.000,1034.5155
SG2_lead_2b,"node-3 / SG2_lead_2b - SG2 lead 2 (node 3): out to the stator frame, in ND4 [Cu lead, stator]",node-3 - Node 3: ND3 - BR bank: Cb electrode,gap-lead,rod,ND4,3,SG2,Cu lead,,,,,,,,1.5000,-39.218 748.327 49.000,-42.358 808.245 49.000,424.1150
SG2_lead_2c,"node-3 / SG2_lead_2c - SG2 lead 2 (node 3): along the frame R809.35 to ND3, in ND4 [Cu lead, stator]",node-3 - Node 3: ND3 - BR bank: Cb electrode,gap-lead,rod,ND4,3,SG2,Cu lead,,,,,,,,1.5000,-42.358 808.245 49.000,-42.358 808.245 74.000,176.7146
SG2_lead_2d,"node-3 / SG2_lead_2d - SG2 lead 2 (node 3): into the ND3 rim, in ND3 [Cu lead, stator]",node-3 - Node 3: ND3 - BR bank: Cb electrode,gap-lead,rod,ND3,3,SG2,Cu lead,,,,,,,,1.5000,-42.358 808.245 74.000,-30.512 582.201 74.000,1600.0022
SG2_lead_2e,"node-3 / SG2_lead_2e - SG2 lead 2 (node 3): in ND3: radial to r565 at 93 deg, in ND3 [Cu lead, stator]",node-3 - Node 3: ND3 - BR bank: Cb electrode,gap-lead,rod,ND3,3,SG2,Cu lead,,,,,,,,1.5000,-30.512 582.201 74.000,-29.570 564.226 74.000,127.2345
SG2_lead_2f,"node-3 / SG2_lead_2f - SG2 lead 2 (node 3): in ND3: under Cb_el to 89.65 deg, in ND3 [Cu lead, stator]",node-3 - Node 3: ND3 - BR bank: Cb electrode,gap-lead,rod,ND3,3,SG2,Cu lead,,,,,,,,1.5000,-29.570 564.226 74.000,3.500 564.989 74.000,233.8189
SG2_lead_2g,"node-3 / SG2_lead_2g - SG2 lead 2 (node 3): in ND3: riser to Cb_el (node 3), in ND3 [Cu lead, stator]",node-3 - Node 3: ND3 - BR bank: Cb electrode,gap-lead,rod,ND3,3,SG2,Cu lead,,,,,,,,1.5000,3.500 564.989 74.000,3.500 564.989 58.750,107.7959
SG2_sph_3,"node-3 / SG2_sph_3 - SG2 stator sphere 3 of 6 (return), node 3, 12 mm W-Cu on ND4 at r603 153 deg, apex 6 mm proud, 6 mm in its socket, gap 5.5 mm to the rotor B (R-B) tip - fed from ND3, in ND4 [W-Cu sphere, stator]",node-3 - Node 3: ND3 - BR bank: Cb electrode,gap-stator,sphere,ND4,3,SG2,W-Cu sphere,,,,,,,-537.277 273.756 38.500,6.0000,,,904.7787
SG2_stem_3,"node-3 / SG2_stem_3 - SG2 stem 3 (node 3): sphere centre to the lead plane in ND4, in ND4 [Cu stem, stator]",node-3 - Node 3: ND3 - BR bank: Cb electrode,gap-stem,rod,ND4,3,SG2,Cu stem,,,,,,,,2.0000,-537.277 273.756 38.500,-537.277 273.756 49.000,131.9469
SG2_lead_3a,"node-3 / SG2_lead_3a - SG2 lead 3 (node 3): embedded in ND4, radial to its rim, in ND4 [Cu lead, stator]",node-3 - Node 3: ND3 - BR bank: Cb electrode,gap-lead,rod,ND4,3,SG2,Cu lead,,,,,,,,1.5000,-537.277 273.756 49.000,-667.679 340.200 49.000,1034.5155
SG2_lead_3b,"node-3 / SG2_lead_3b - SG2 lead 3 (node 3): out to the stator frame, in ND4 [Cu lead, stator]",node-3 - Node 3: ND3 - BR bank: Cb electrode,gap-lead,rod,ND4,3,SG2,Cu lead,,,,,,,,1.5000,-667.679 340.200 49.000,-721.140 367.439 49.000,424.1150
SG2_lead_3c,"node-3 / SG2_lead_3c - SG2 lead 3 (node 3): along the frame R809.35 to ND3, in ND4 [Cu lead, stator]",node-3 - Node 3: ND3 - BR bank: Cb electrode,gap-lead,rod,ND4,3,SG2,Cu lead,,,,,,,,1.5000,-721.140 367.439 49.000,-721.140 367.439 74.000,176.7146
SG2_lead_3d,"node-3 / SG2_lead_3d - SG2 lead 3 (node 3): into the ND3 rim, in ND3 [Cu lead, stator]",node-3 - Node 3: ND3 - BR bank: Cb electrode,gap-lead,rod,ND3,3,SG2,Cu lead,,,,,,,,1.5000,-721.140 367.439 74.000,-519.457 264.676 74.000,1600.0022
SG2_lead_3e,"node-3 / SG2_lead_3e - SG2 lead 3 (node 3): in ND3: radial to r565 at 153 deg, in ND3 [Cu lead, stator]",node-3 - Node 3: ND3 - BR bank: Cb electrode,gap-lead,rod,ND3,3,SG2,Cu lead,,,,,,,,1.5000,-519.457 264.676 74.000,-503.419 256.505 74.000,127.2345
SG2_lead_3f,"node-3 / SG2_lead_3f - SG2 lead 3 (node 3): in ND3: under Cb_el to 149.65 deg, in ND3 [Cu lead, stator]",node-3 - Node 3: ND3 - BR bank: Cb electrode,gap-lead,rod,ND3,3,SG2,Cu lead,,,,,,,,1.5000,-503.419 256.505 74.000,-487.545 285.526 74.000,233.8189
SG2_lead_3g,"node-3 / SG2_lead_3g - SG2 lead 3 (node 3): in ND3: riser to Cb_el (node 3), in ND3 [Cu lead, stator]",node-3 - Node 3: ND3 - BR bank: Cb electrode,gap-lead,rod,ND3,3,SG2,Cu lead,,,,,,,,1.5000,-487.545 285.526 74.000,-487.545 285.526 58.750,107.7959
SG2_sph_4,"node-3 / SG2_sph_4 - SG2 stator sphere 4 of 6 (return), node 3, 12 mm W-Cu on ND4 at r603 213 deg, apex 6 mm proud, 6 mm in its socket, gap 5.5 mm to the rotor B (R-B) tip - fed from ND3, in ND4 [W-Cu sphere, stator]",node-3 - Node 3: ND3 - BR bank: Cb electrode,gap-stator,sphere,ND4,3,SG2,W-Cu sphere,,,,,,,-505.718 -328.417 38.500,6.0000,,,904.7787
SG2_stem_4,"node-3 / SG2_stem_4 - SG2 stem 4 (node 3): sphere centre to the lead plane in ND4, in ND4 [Cu stem, stator]",node-3 - Node 3: ND3 - BR bank: Cb electrode,gap-stem,rod,ND4,3,SG2,Cu stem,,,,,,,,2.0000,-505.718 -328.417 38.500,-505.718 -328.417 49.000,131.9469
SG2_lead_4a,"node-3 / SG2_lead_4a - SG2 lead 4 (node 3): embedded in ND4, radial to its rim, in ND4 [Cu lead, stator]",node-3 - Node 3: ND3 - BR bank: Cb electrode,gap-lead,rod,ND4,3,SG2,Cu lead,,,,,,,,1.5000,-505.718 -328.417 49.000,-628.461 -408.127 49.000,1034.5155
SG2_lead_4b,"node-3 / SG2_lead_4b - SG2 lead 4 (node 3): out to the stator frame, in ND4 [Cu lead, stator]",node-3 - Node 3: ND3 - BR bank: Cb electrode,gap-lead,rod,ND4,3,SG2,Cu lead,,,,,,,,1.5000,-628.461 -408.127 49.000,-678.781 -440.806 49.000,424.1150
SG2_lead_4c,"node-3 / SG2_lead_4c - SG2 lead 4 (node 3): along the frame R809.35 to ND3, in ND4 [Cu lead, stator]",node-3 - Node 3: ND3 - BR bank: Cb electrode,gap-lead,rod,ND4,3,SG2,Cu lead,,,,,,,,1.5000,-678.781 -440.806 49.000,-678.781 -440.806 74.000,176.7146
SG2_lead_4d,"node-3 / SG2_lead_4d - SG2 lead 4 (node 3): into the ND3 rim, in ND3 [Cu lead, stator]",node-3 - Node 3: ND3 - BR bank: Cb electrode,gap-lead,rod,ND3,3,SG2,Cu lead,,,,,,,,1.5000,-678.781 -440.806 74.000,-488.945 -317.525 74.000,1600.0022
SG2_lead_4e,"node-3 / SG2_lead_4e - SG2 lead 4 (node 3): in ND3: radial to r565 at 213 deg, in ND3 [Cu lead, stator]",node-3 - Node 3: ND3 - BR bank: Cb electrode,gap-lead,rod,ND3,3,SG2,Cu lead,,,,,,,,1.5000,-488.945 -317.525 74.000,-473.849 -307.721 74.000,127.2345
SG2_lead_4f,"node-3 / SG2_lead_4f - SG2 lead 4 (node 3): in ND3: under Cb_el to 209.65 deg, in ND3 [Cu lead, stator]",node-3 - Node 3: ND3 - BR bank: Cb electrode,gap-lead,rod,ND3,3,SG2,Cu lead,,,,,,,,1.5000,-473.849 -307.721 74.000,-491.045 -279.464 74.000,233.8189
SG2_lead_4g,"node-3 / SG2_lead_4g - SG2 lead 4 (node 3): in ND3: riser to Cb_el (node 3), in ND3 [Cu lead, stator]",node-3 - Node 3: ND3 - BR bank: Cb electrode,gap-lead,rod,ND3,3,SG2,Cu lead,,,,,,,,1.5000,-491.045 -279.464 74.000,-491.045 -279.464 58.750,107.7959
SG2_sph_5,"node-3 / SG2_sph_5 - SG2 stator sphere 5 of 6 (return), node 3, 12 mm W-Cu on ND4 at r603 273 deg, apex 6 mm proud, 6 mm in its socket, gap 5.5 mm to the rotor B (R-B) tip - fed from ND3, in ND4 [W-Cu sphere, stator]",node-3 - Node 3: ND3 - BR bank: Cb electrode,gap-stator,sphere,ND4,3,SG2,W-Cu sphere,,,,,,,31.559 -602.174 38.500,6.0000,,,904.7787
SG2_stem_5,"node-3 / SG2_stem_5 - SG2 stem 5 (node 3): sphere centre to the lead plane in ND4, in ND4 [Cu stem, stator]",node-3 - Node 3: ND3 - BR bank: Cb electrode,gap-stem,rod,ND4,3,SG2,Cu stem,,,,,,,,2.0000,31.559 -602.174 38.500,31.559 -602.174 49.000,131.9469
SG2_lead_5a,"node-3 / SG2_lead_5a - SG2 lead 5 (node 3): embedded in ND4, radial to its rim, in ND4 [Cu lead, stator]",node-3 - Node 3: ND3 - BR bank: Cb electrode,gap-lead,rod,ND4,3,SG2,Cu lead,,,,,,,,1.5000,31.559 -602.174 49.000,39.218 -748.327 49.000,1034.5155
SG2_lead_5b,"node-3 / SG2_lead_5b - SG2 lead 5 (node 3): out to the stator frame, in ND4 [Cu lead, stator]",node-3 - Node 3: ND3 - BR bank: Cb electrode,gap-lead,rod,ND4,3,SG2,Cu lead,,,,,,,,1.5000,39.218 -748.327 49.000,42.358 -808.245 49.000,424.1150
SG2_lead_5c,"node-3 / SG2_lead_5c - SG2 lead 5 (node 3): along the frame R809.35 to ND3, in ND4 [Cu lead, stator]",node-3 - Node 3: ND3 - BR bank: Cb electrode,gap-lead,rod,ND4,3,SG2,Cu lead,,,,,,,,1.5000,42.358 -808.245 49.000,42.358 -808.245 74.000,176.7146
SG2_lead_5d,"node-3 / SG2_lead_5d - SG2 lead 5 (node 3): into the ND3 rim, in ND3 [Cu lead, stator]",node-3 - Node 3: ND3 - BR bank: Cb electrode,gap-lead,rod,ND3,3,SG2,Cu lead,,,,,,,,1.5000,42.358 -808.245 74.000,30.512 -582.201 74.000,1600.0022
SG2_lead_5e,"node-3 / SG2_lead_5e - SG2 lead 5 (node 3): in ND3: radial to r565 at 273 deg, in ND3 [Cu lead, stator]",node-3 - Node 3: ND3 - BR bank: Cb electrode,gap-lead,rod,ND3,3,SG2,Cu lead,,,,,,,,1.5000,30.512 -582.201 74.000,29.570 -564.226 74.000,127.2345
SG2_lead_5f,"node-3 / SG2_lead_5f - SG2 lead 5 (node 3): in ND3: under Cb_el to 269.65 deg, in ND3 [Cu lead, stator]",node-3 - Node 3: ND3 - BR bank: Cb electrode,gap-lead,rod,ND3,3,SG2,Cu lead,,,,,,,,1.5000,29.570 -564.226 74.000,-3.500 -564.989 74.000,233.8189
SG2_lead_5g,"node-3 / SG2_lead_5g - SG2 lead 5 (node 3): in ND3: riser to Cb_el (node 3), in ND3 [Cu lead, stator]",node-3 - Node 3: ND3 - BR bank: Cb electrode,gap-lead,rod,ND3,3,SG2,Cu lead,,,,,,,,1.5000,-3.500 -564.989 74.000,-3.500 -564.989 58.750,107.7959
SG2_sph_6,"node-3 / SG2_sph_6 - SG2 stator sphere 6 of 6 (return), node 3, 12 mm W-Cu on ND4 at r603 333 deg, apex 6 mm proud, 6 mm in its socket, gap 5.5 mm to the rotor B (R-B) tip - fed from ND3, in ND4 [W-Cu sphere, stator]",node-3 - Node 3: ND3 - BR bank: Cb electrode,gap-stator,sphere,ND4,3,SG2,W-Cu sphere,,,,,,,537.277 -273.756 38.500,6.0000,,,904.7787
SG2_stem_6,"node-3 / SG2_stem_6 - SG2 stem 6 (node 3): sphere centre to the lead plane in ND4, in ND4 [Cu stem, stator]",node-3 - Node 3: ND3 - BR bank: Cb electrode,gap-stem,rod,ND4,3,SG2,Cu stem,,,,,,,,2.0000,537.277 -273.756 38.500,537.277 -273.756 49.000,131.9469
SG2_lead_6a,"node-3 / SG2_lead_6a - SG2 lead 6 (node 3): embedded in ND4, radial to its rim, in ND4 [Cu lead, stator]",node-3 - Node 3: ND3 - BR bank: Cb electrode,gap-lead,rod,ND4,3,SG2,Cu lead,,,,,,,,1.5000,537.277 -273.756 49.000,667.679 -340.200 49.000,1034.5155
SG2_lead_6b,"node-3 / SG2_lead_6b - SG2 lead 6 (node 3): out to the stator frame, in ND4 [Cu lead, stator]",node-3 - Node 3: ND3 - BR bank: Cb electrode,gap-lead,rod,ND4,3,SG2,Cu lead,,,,,,,,1.5000,667.679 -340.200 49.000,721.140 -367.439 49.000,424.1150
SG2_lead_6c,"node-3 / SG2_lead_6c - SG2 lead 6 (node 3): along the frame R809.35 to ND3, in ND4 [Cu lead, stator]",node-3 - Node 3: ND3 - BR bank: Cb electrode,gap-lead,rod,ND4,3,SG2,Cu lead,,,,,,,,1.5000,721.140 -367.439 49.000,721.140 -367.439 74.000,176.7146
SG2_lead_6d,"node-3 / SG2_lead_6d - SG2 lead 6 (node 3): into the ND3 rim, in ND3 [Cu lead, stator]",node-3 - Node 3: ND3 - BR bank: Cb electrode,gap-lead,rod,ND3,3,SG2,Cu lead,,,,,,,,1.5000,721.140 -367.439 74.000,519.457 -264.676 74.000,1600.0022
SG2_lead_6e,"node-3 / SG2_lead_6e - SG2 lead 6 (node 3): in ND3: radial to r565 at 333 deg, in ND3 [Cu lead, stator]",node-3 - Node 3: ND3 - BR bank: Cb electrode,gap-lead,rod,ND3,3,SG2,Cu lead,,,,,,,,1.5000,519.457 -264.676 74.000,503.419 -256.505 74.000,127.2345
SG2_lead_6f,"node-3 / SG2_lead_6f - SG2 lead 6 (node 3): in ND3: under Cb_el to 329.65 deg, in ND3 [Cu lead, stator]",node-3 - Node 3: ND3 - BR bank: Cb electrode,gap-lead,rod,ND3,3,SG2,Cu lead,,,,,,,,1.5000,503.419 -256.505 74.000,487.545 -285.526 74.000,233.8189
SG2_lead_6g,"node-3 / SG2_lead_6g - SG2 lead 6 (node 3): in ND3: riser to Cb_el (node 3), in ND3 [Cu lead, stator]",node-3 - Node 3: ND3 - BR bank: Cb electrode,gap-lead,rod,ND3,3,SG2,Cu lead,,,,,,,,1.5000,487.545 -285.526 74.000,487.545 -285.526 58.750,107.7959
SG3a1_sph_1,"node-1 / SG3a1_sph_1 - SG3a1 stator sphere 1 of 6 (load), node 1, 12 mm W-Cu at r614.25 7.2 deg on a radial arm in from the stator frame R809.35, at the tip height beside its path (horizontal gap), gap 4.75 mm to the island bar 7 tip - fed from ND1 by a CROSSOVER over the stator, in stator frame [W-Cu sphere, stator]",node-1 - Node 1: ND1 - A-rail: C1 stator plate + Ca counter-electrode,gap-stator,sphere,stator frame,1,SG3a1,W-Cu sphere,,,,,,,609.406 76.986 98.000,6.0000,,,904.7787
SG3a1_stem_1,"node-1 / SG3a1_stem_1 - SG3a1 arm 1 (node 1): radial, sphere centre out to the stator frame R809.35, in stator frame [Cu stem, stator]",node-1 - Node 1: ND1 - A-rail: C1 stator plate + Ca counter-electrode,gap-stem,rod,stator frame,1,SG3a1,Cu stem,,,,,,,,2.0000,609.406 76.986 98.000,802.972 101.439 98.000,2451.7492
SG3a1_lead_1a,"node-1 / SG3a1_lead_1a - SG3a1 lead 1 (node 1): along the frame R809.35 to ND1 - CROSSOVER over the stator, in stator frame [Cu lead, stator]",node-1 - Node 1: ND1 - A-rail: C1 stator plate + Ca counter-electrode,gap-lead,rod,stator frame,1,SG3a1,Cu lead,,,,,,,,1.5000,802.972 101.439 98.000,802.972 101.439 -49.000,1039.0818
SG3a1_lead_1b,"node-1 / SG3a1_lead_1b - SG3a1 lead 1 (node 1): into the ND1 rim, in ND1 [Cu lead, stator]",node-1 - Node 1: ND1 - A-rail: C1 stator plate + Ca counter-electrode,gap-lead,rod,ND1,1,SG3a1,Cu lead,,,,,,,,1.5000,802.972 101.439 -49.000,743.445 93.919 -49.000,424.1150
SG3a1_lead_1c,"node-1 / SG3a1_lead_1c - SG3a1 lead 1 (node 1): in ND1: radial to r570 at 7.2 deg, in ND1 [Cu lead, stator]",node-1 - Node 1: ND1 - A-rail: C1 stator plate + Ca counter-electrode,gap-lead,rod,ND1,1,SG3a1,Cu lead,,,,,,,,1.5000,743.445 93.919 -49.000,565.505 71.440 -49.000,1267.7788
SG3a1_lead_1d,"node-1 / SG3a1_lead_1d - SG3a1 lead 1 (node 1): in ND1: under Ca_counter to 359.65 deg, in ND1 [Cu lead, stator]",node-1 - Node 1: ND1 - A-rail: C1 stator plate + Ca counter-electrode,gap-lead,rod,ND1,1,SG3a1,Cu lead,,,,,,,,1.5000,565.505 71.440 -49.000,569.989 -3.500 -49.000,530.6664
SG3a1_lead_1e,"node-1 / SG3a1_lead_1e - SG3a1 lead 1 (node 1): in ND1: riser to Ca_counter (node 1), in ND1 [Cu lead, stator]",node-1 - Node 1: ND1 - A-rail: C1 stator plate + Ca counter-electrode,gap-lead,rod,ND1,1,SG3a1,Cu lead,,,,,,,,1.5000,569.989 -3.500 -49.000,569.989 -3.500 -53.250,30.0415
SG3a1_sph_2,"node-1 / SG3a1_sph_2 - SG3a1 stator sphere 2 of 6 (load), node 1, 12 mm W-Cu at r614.25 67.2 deg on a radial arm in from the stator frame R809.35, at the tip height beside its path (horizontal gap), gap 4.75 mm to the island bar 7 tip - fed from ND1 by a CROSSOVER over the stator, in stator frame [W-Cu sphere, stator]",node-1 - Node 1: ND1 - A-rail: C1 stator plate + Ca counter-electrode,gap-stator,sphere,stator frame,1,SG3a1,W-Cu sphere,,,,,,,238.031 566.254 98.000,6.0000,,,904.7787
SG3a1_stem_2,"node-1 / SG3a1_stem_2 - SG3a1 arm 2 (node 1): radial, sphere centre out to the stator frame R809.35, in stator frame [Cu stem, stator]",node-1 - Node 1: ND1 - A-rail: C1 stator plate + Ca counter-electrode,gap-stem,rod,stator frame,1,SG3a1,Cu stem,,,,,,,,2.0000,238.031 566.254 98.000,313.637 746.114 98.000,2451.7492
SG3a1_lead_2a,"node-1 / SG3a1_lead_2a - SG3a1 lead 2 (node 1): along the frame R809.35 to ND1 - CROSSOVER over the stator, in stator frame [Cu lead, stator]",node-1 - Node 1: ND1 - A-rail: C1 stator plate + Ca counter-electrode,gap-lead,rod,stator frame,1,SG3a1,Cu lead,,,,,,,,1.5000,313.637 746.114 98.000,313.637 746.114 -49.000,1039.0818
SG3a1_lead_2b,"node-1 / SG3a1_lead_2b - SG3a1 lead 2 (node 1): into the ND1 rim, in ND1 [Cu lead, stator]",node-1 - Node 1: ND1 - A-rail: C1 stator plate + Ca counter-electrode,gap-lead,rod,ND1,1,SG3a1,Cu lead,,,,,,,,1.5000,313.637 746.114 -49.000,290.386 690.802 -49.000,424.1150
SG3a1_lead_2c,"node-1 / SG3a1_lead_2c - SG3a1 lead 2 (node 1): in ND1: radial to r570 at 67.2 deg, in ND1 [Cu lead, stator]",node-1 - Node 1: ND1 - A-rail: C1 stator plate + Ca counter-electrode,gap-lead,rod,ND1,1,SG3a1,Cu lead,,,,,,,,1.5000,290.386 690.802 -49.000,220.884 525.462 -49.000,1267.7788
SG3a1_lead_2d,"node-1 / SG3a1_lead_2d - SG3a1 lead 2 (node 1): in ND1: under Ca_counter to 59.65 deg, in ND1 [Cu lead, stator]",node-1 - Node 1: ND1 - A-rail: C1 stator plate + Ca counter-electrode,gap-lead,rod,ND1,1,SG3a1,Cu lead,,,,,,,,1.5000,220.884 525.462 -49.000,288.026 491.875 -49.000,530.6664
SG3a1_lead_2e,"node-1 / SG3a1_lead_2e - SG3a1 lead 2 (node 1): in ND1: riser to Ca_counter (node 1), in ND1 [Cu lead, stator]",node-1 - Node 1: ND1 - A-rail: C1 stator plate + Ca counter-electrode,gap-lead,rod,ND1,1,SG3a1,Cu lead,,,,,,,,1.5000,288.026 491.875 -49.000,288.026 491.875 -53.250,30.0415
SG3a1_sph_3,"node-1 / SG3a1_sph_3 - SG3a1 stator sphere 3 of 6 (load), node 1, 12 mm W-Cu at r614.25 127.2 deg on a radial arm in from the stator frame R809.35, at the tip height beside its path (horizontal gap), gap 4.75 mm to the island bar 7 tip - fed from ND1 by a CROSSOVER over the stator, in stator frame [W-Cu sphere, stator]",node-1 - Node 1: ND1 - A-rail: C1 stator plate + Ca counter-electrode,gap-stator,sphere,stator frame,1,SG3a1,W-Cu sphere,,,,,,,-371.375 489.269 98.000,6.0000,,,904.7787
SG3a1_stem_3,"node-1 / SG3a1_stem_3 - SG3a1 arm 3 (node 1): radial, sphere centre out to the stator frame R809.35, in stator frame [Cu stem, stator]",node-1 - Node 1: ND1 - A-rail: C1 stator plate + Ca counter-electrode,gap-stem,rod,stator frame,1,SG3a1,Cu stem,,,,,,,,2.0000,-371.375 489.269 98.000,-489.335 644.675 98.000,2451.7492
SG3a1_lead_3a,"node-1 / SG3a1_lead_3a - SG3a1 lead 3 (node 1): along the frame R809.35 to ND1 - CROSSOVER over the stator, in stator frame [Cu lead, stator]",node-1 - Node 1: ND1 - A-rail: C1 stator plate + Ca counter-electrode,gap-lead,rod,stator frame,1,SG3a1,Cu lead,,,,,,,,1.5000,-489.335 644.675 98.000,-489.335 644.675 -49.000,1039.0818
SG3a1_lead_3b,"node-1 / SG3a1_lead_3b - SG3a1 lead 3 (node 1): into the ND1 rim, in ND1 [Cu lead, stator]",node-1 - Node 1: ND1 - A-rail: C1 stator plate + Ca counter-electrode,gap-lead,rod,ND1,1,SG3a1,Cu lead,,,,,,,,1.5000,-489.335 644.675 -49.000,-453.059 596.883 -49.000,424.1150
SG3a1_lead_3c,"node-1 / SG3a1_lead_3c - SG3a1 lead 3 (node 1): in ND1: radial to r570 at 127.2 deg, in ND1 [Cu lead, stator]",node-1 - Node 1: ND1 - A-rail: C1 stator plate + Ca counter-electrode,gap-lead,rod,ND1,1,SG3a1,Cu lead,,,,,,,,1.5000,-453.059 596.883 -49.000,-344.621 454.022 -49.000,1267.7788
SG3a1_lead_3d,"node-1 / SG3a1_lead_3d - SG3a1 lead 3 (node 1): in ND1: under Ca_counter to 119.65 deg, in ND1 [Cu lead, stator]",node-1 - Node 1: ND1 - A-rail: C1 stator plate + Ca counter-electrode,gap-lead,rod,ND1,1,SG3a1,Cu lead,,,,,,,,1.5000,-344.621 454.022 -49.000,-281.964 495.375 -49.000,530.6664
SG3a1_lead_3e,"node-1 / SG3a1_lead_3e - SG3a1 lead 3 (node 1): in ND1: riser to Ca_counter (node 1), in ND1 [Cu lead, stator]",node-1 - Node 1: ND1 - A-rail: C1 stator plate + Ca counter-electrode,gap-lead,rod,ND1,1,SG3a1,Cu lead,,,,,,,,1.5000,-281.964 495.375 -49.000,-281.964 495.375 -53.250,30.0415
SG3a1_sph_4,"node-1 / SG3a1_sph_4 - SG3a1 stator sphere 4 of 6 (load), node 1, 12 mm W-Cu at r614.25 187.2 deg on a radial arm in from the stator frame R809.35, at the tip height beside its path (horizontal gap), gap 4.75 mm to the island bar 7 tip - fed from ND1 by a CROSSOVER over the stator, in stator frame [W-Cu sphere, stator]",node-1 - Node 1: ND1 - A-rail: C1 stator plate + Ca counter-electrode,gap-stator,sphere,stator frame,1,SG3a1,W-Cu sphere,,,,,,,-609.406 -76.986 98.000,6.0000,,,904.7787
SG3a1_stem_4,"node-1 / SG3a1_stem_4 - SG3a1 arm 4 (node 1): radial, sphere centre out to the stator frame R809.35, in stator frame [Cu stem, stator]",node-1 - Node 1: ND1 - A-rail: C1 stator plate + Ca counter-electrode,gap-stem,rod,stator frame,1,SG3a1,Cu stem,,,,,,,,2.0000,-609.406 -76.986 98.000,-802.972 -101.439 98.000,2451.7492
SG3a1_lead_4a,"node-1 / SG3a1_lead_4a - SG3a1 lead 4 (node 1): along the frame R809.35 to ND1 - CROSSOVER over the stator, in stator frame [Cu lead, stator]",node-1 - Node 1: ND1 - A-rail: C1 stator plate + Ca counter-electrode,gap-lead,rod,stator frame,1,SG3a1,Cu lead,,,,,,,,1.5000,-802.972 -101.439 98.000,-802.972 -101.439 -49.000,1039.0818
SG3a1_lead_4b,"node-1 / SG3a1_lead_4b - SG3a1 lead 4 (node 1): into the ND1 rim, in ND1 [Cu lead, stator]",node-1 - Node 1: ND1 - A-rail: C1 stator plate + Ca counter-electrode,gap-lead,rod,ND1,1,SG3a1,Cu lead,,,,,,,,1.5000,-802.972 -101.439 -49.000,-743.445 -93.919 -49.000,424.1150
SG3a1_lead_4c,"node-1 / SG3a1_lead_4c - SG3a1 lead 4 (node 1): in ND1: radial to r570 at 187.2 deg, in ND1 [Cu lead, stator]",node-1 - Node 1: ND1 - A-rail: C1 stator plate + Ca counter-electrode,gap-lead,rod,ND1,1,SG3a1,Cu lead,,,,,,,,1.5000,-743.445 -93.919 -49.000,-565.505 -71.440 -49.000,1267.7788
SG3a1_lead_4d,"node-1 / SG3a1_lead_4d - SG3a1 lead 4 (node 1): in ND1: under Ca_counter to 179.65 deg, in ND1 [Cu lead, stator]",node-1 - Node 1: ND1 - A-rail: C1 stator plate + Ca counter-electrode,gap-lead,rod,ND1,1,SG3a1,Cu lead,,,,,,,,1.5000,-565.505 -71.440 -49.000,-569.989 3.500 -49.000,530.6664
SG3a1_lead_4e,"node-1 / SG3a1_lead_4e - SG3a1 lead 4 (node 1): in ND1: riser to Ca_counter (node 1), in ND1 [Cu lead, stator]",node-1 - Node 1: ND1 - A-rail: C1 stator plate + Ca counter-electrode,gap-lead,rod,ND1,1,SG3a1,Cu lead,,,,,,,,1.5000,-569.989 3.500 -49.000,-569.989 3.500 -53.250,30.0415
SG3a1_sph_5,"node-1 / SG3a1_sph_5 - SG3a1 stator sphere 5 of 6 (load), node 1, 12 mm W-Cu at r614.25 247.2 deg on a radial arm in from the stator frame R809.35, at the tip height beside its path (horizontal gap), gap 4.75 mm to the island bar 7 tip - fed from ND1 by a CROSSOVER over the stator, in stator frame [W-Cu sphere, stator]",node-1 - Node 1: ND1 - A-rail: C1 stator plate + Ca counter-electrode,gap-stator,sphere,stator frame,1,SG3a1,W-Cu sphere,,,,,,,-238.031 -566.254 98.000,6.0000,,,904.7787
SG3a1_stem_5,"node-1 / SG3a1_stem_5 - SG3a1 arm 5 (node 1): radial, sphere centre out to the stator frame R809.35, in stator frame [Cu stem, stator]",node-1 - Node 1: ND1 - A-rail: C1 stator plate + Ca counter-electrode,gap-stem,rod,stator frame,1,SG3a1,Cu stem,,,,,,,,2.0000,-238.031 -566.254 98.000,-313.637 -746.114 98.000,2451.7492
SG3a1_lead_5a,"node-1 / SG3a1_lead_5a - SG3a1 lead 5 (node 1): along the frame R809.35 to ND1 - CROSSOVER over the stator, in stator frame [Cu lead, stator]",node-1 - Node 1: ND1 - A-rail: C1 stator plate + Ca counter-electrode,gap-lead,rod,stator frame,1,SG3a1,Cu lead,,,,,,,,1.5000,-313.637 -746.114 98.000,-313.637 -746.114 -49.000,1039.0818
SG3a1_lead_5b,"node-1 / SG3a1_lead_5b - SG3a1 lead 5 (node 1): into the ND1 rim, in ND1 [Cu lead, stator]",node-1 - Node 1: ND1 - A-rail: C1 stator plate + Ca counter-electrode,gap-lead,rod,ND1,1,SG3a1,Cu lead,,,,,,,,1.5000,-313.637 -746.114 -49.000,-290.386 -690.802 -49.000,424.1150
SG3a1_lead_5c,"node-1 / SG3a1_lead_5c - SG3a1 lead 5 (node 1): in ND1: radial to r570 at 247.2 deg, in ND1 [Cu lead, stator]",node-1 - Node 1: ND1 - A-rail: C1 stator plate + Ca counter-electrode,gap-lead,rod,ND1,1,SG3a1,Cu lead,,,,,,,,1.5000,-290.386 -690.802 -49.000,-220.884 -525.462 -49.000,1267.7788
SG3a1_lead_5d,"node-1 / SG3a1_lead_5d - SG3a1 lead 5 (node 1): in ND1: under Ca_counter to 239.65 deg, in ND1 [Cu lead, stator]",node-1 - Node 1: ND1 - A-rail: C1 stator plate + Ca counter-electrode,gap-lead,rod,ND1,1,SG3a1,Cu lead,,,,,,,,1.5000,-220.884 -525.462 -49.000,-288.026 -491.875 -49.000,530.6664
SG3a1_lead_5e,"node-1 / SG3a1_lead_5e - SG3a1 lead 5 (node 1): in ND1: riser to Ca_counter (node 1), in ND1 [Cu lead, stator]",node-1 - Node 1: ND1 - A-rail: C1 stator plate + Ca counter-electrode,gap-lead,rod,ND1,1,SG3a1,Cu lead,,,,,,,,1.5000,-288.026 -491.875 -49.000,-288.026 -491.875 -53.250,30.0415
SG3a1_sph_6,"node-1 / SG3a1_sph_6 - SG3a1 stator sphere 6 of 6 (load), node 1, 12 mm W-Cu at r614.25 307.2 deg on a radial arm in from the stator frame R809.35, at the tip height beside its path (horizontal gap), gap 4.75 mm to the island bar 7 tip - fed from ND1 by a CROSSOVER over the stator, in stator frame [W-Cu sphere, stator]",node-1 - Node 1: ND1 - A-rail: C1 stator plate + Ca counter-electrode,gap-stator,sphere,stator frame,1,SG3a1,W-Cu sphere,,,,,,,371.375 -489.269 98.000,6.0000,,,904.7787
SG3a1_stem_6,"node-1 / SG3a1_stem_6 - SG3a1 arm 6 (node 1): radial, sphere centre out to the stator frame R809.35, in stator frame [Cu stem, stator]",node-1 - Node 1: ND1 - A-rail: C1 stator plate + Ca counter-electrode,gap-stem,rod,stator frame,1,SG3a1,Cu stem,,,,,,,,2.0000,371.375 -489.269 98.000,489.335 -644.675 98.000,2451.7492
SG3a1_lead_6a,"node-1 / SG3a1_lead_6a - SG3a1 lead 6 (node 1): along the frame R809.35 to ND1 - CROSSOVER over the stator, in stator frame [Cu lead, stator]",node-1 - Node 1: ND1 - A-rail: C1 stator plate + Ca counter-electrode,gap-lead,rod,stator frame,1,SG3a1,Cu lead,,,,,,,,1.5000,489.335 -644.675 98.000,489.335 -644.675 -49.000,1039.0818
SG3a1_lead_6b,"node-1 / SG3a1_lead_6b - SG3a1 lead 6 (node 1): into the ND1 rim, in ND1 [Cu lead, stator]",node-1 - Node 1: ND1 - A-rail: C1 stator plate + Ca counter-electrode,gap-lead,rod,ND1,1,SG3a1,Cu lead,,,,,,,,1.5000,489.335 -644.675 -49.000,453.059 -596.883 -49.000,424.1150
SG3a1_lead_6c,"node-1 / SG3a1_lead_6c - SG3a1 lead 6 (node 1): in ND1: radial to r570 at 307.2 deg, in ND1 [Cu lead, stator]",node-1 - Node 1: ND1 - A-rail: C1 stator plate + Ca counter-electrode,gap-lead,rod,ND1,1,SG3a1,Cu lead,,,,,,,,1.5000,453.059 -596.883 -49.000,344.621 -454.022 -49.000,1267.7788
SG3a1_lead_6d,"node-1 / SG3a1_lead_6d - SG3a1 lead 6 (node 1): in ND1: under Ca_counter to 299.65 deg, in ND1 [Cu lead, stator]",node-1 - Node 1: ND1 - A-rail: C1 stator plate + Ca counter-electrode,gap-lead,rod,ND1,1,SG3a1,Cu lead,,,,,,,,1.5000,344.621 -454.022 -49.000,281.964 -495.375 -49.000,530.6664
SG3a1_lead_6e,"node-1 / SG3a1_lead_6e - SG3a1 lead 6 (node 1): in ND1: riser to Ca_counter (node 1), in ND1 [Cu lead, stator]",node-1 - Node 1: ND1 - A-rail: C1 stator plate + Ca counter-electrode,gap-lead,rod,ND1,1,SG3a1,Cu lead,,,,,,,,1.5000,281.964 -495.375 -49.000,281.964 -495.375 -53.250,30.0415
SG3b1_sph_1,"node-3 / SG3b1_sph_1 - SG3b1 stator sphere 1 of 6 (fire), node 3, 12 mm W-Cu at r597.5 16.05 deg on a radial stem out of the ND3 rim r583, centre 19.9 mm below its Cx face, under the tip path (vertical gap), gap 5.5 mm to the island bar 7 tip, in ND3 [W-Cu sphere, stator]",node-3 - Node 3: ND3 - BR bank: Cb electrode,gap-stator,sphere,ND3,3,SG3b1,W-Cu sphere,,,,,,,574.210 165.194 80.500,6.0000,,,904.7787
SG3b1_stem_1,"node-3 / SG3b1_stem_1 - SG3b1 stem 1 (node 3): radial, sphere centre into the ND3 rim (seated 3 mm), in ND3 [Cu stem, stator]",node-3 - Node 3: ND3 - BR bank: Cb electrode,gap-stem,rod,ND3,3,SG3b1,Cu stem,,,,,,,,2.0000,574.210 165.194 80.500,557.392 160.356 80.500,219.9115
SG3b1_lead_1a,"node-3 / SG3b1_lead_1a - SG3b1 lead 1 (node 3): in ND3: radial in to r565 under Cb_el, in ND3 [Cu lead, stator]",node-3 - Node 3: ND3 - BR bank: Cb electrode,gap-lead,rod,ND3,3,SG3b1,Cu lead,,,,,,,,1.5000,557.392 160.356 80.500,542.977 156.209 80.500,106.0288
SG3b1_lead_1b,"node-3 / SG3b1_lead_1b - SG3b1 lead 1 (node 3): in ND3: riser to Cb_el (node 3), in ND3 [Cu lead, stator]",node-3 - Node 3: ND3 - BR bank: Cb electrode,gap-lead,rod,ND3,3,SG3b1,Cu lead,,,,,,,,1.5000,542.977 156.209 80.500,542.977 156.209 58.750,153.7417
SG3b1_sph_2,"node-3 / SG3b1_sph_2 - SG3b1 stator sphere 2 of 6 (fire), node 3, 12 mm W-Cu at r597.5 76.05 deg on a radial stem out of the ND3 rim r583, centre 19.9 mm below its Cx face, under the tip path (vertical gap), gap 5.5 mm to the island bar 7 tip, in ND3 [W-Cu sphere, stator]",node-3 - Node 3: ND3 - BR bank: Cb electrode,gap-stator,sphere,ND3,3,SG3b1,W-Cu sphere,,,,,,,144.042 579.878 80.500,6.0000,,,904.7787
SG3b1_stem_2,"node-3 / SG3b1_stem_2 - SG3b1 stem 2 (node 3): radial, sphere centre into the ND3 rim (seated 3 mm), in ND3 [Cu stem, stator]",node-3 - Node 3: ND3 - BR bank: Cb electrode,gap-stem,rod,ND3,3,SG3b1,Cu stem,,,,,,,,2.0000,144.042 579.878 80.500,139.824 562.894 80.500,219.9115
SG3b1_lead_2a,"node-3 / SG3b1_lead_2a - SG3b1 lead 2 (node 3): in ND3: radial in to r565 under Cb_el, in ND3 [Cu lead, stator]",node-3 - Node 3: ND3 - BR bank: Cb electrode,gap-lead,rod,ND3,3,SG3b1,Cu lead,,,,,,,,1.5000,139.824 562.894 80.500,136.207 548.336 80.500,106.0288
SG3b1_lead_2b,"node-3 / SG3b1_lead_2b - SG3b1 lead 2 (node 3): in ND3: riser to Cb_el (node 3), in ND3 [Cu lead, stator]",node-3 - Node 3: ND3 - BR bank: Cb electrode,gap-lead,rod,ND3,3,SG3b1,Cu lead,,,,,,,,1.5000,136.207 548.336 80.500,136.207 548.336 58.750,153.7417
SG3b1_sph_3,"node-3 / SG3b1_sph_3 - SG3b1 stator sphere 3 of 6 (fire), node 3, 12 mm W-Cu at r597.5 136.05 deg on a radial stem out of the ND3 rim r583, centre 19.9 mm below its Cx face, under the tip path (vertical gap), gap 5.5 mm to the island bar 7 tip, in ND3 [W-Cu sphere, stator]",node-3 - Node 3: ND3 - BR bank: Cb electrode,gap-stator,sphere,ND3,3,SG3b1,W-Cu sphere,,,,,,,-430.168 414.683 80.500,6.0000,,,904.7787
SG3b1_stem_3,"node-3 / SG3b1_stem_3 - SG3b1 stem 3 (node 3): radial, sphere centre into the ND3 rim (seated 3 mm), in ND3 [Cu stem, stator]",node-3 - Node 3: ND3 - BR bank: Cb electrode,gap-stem,rod,ND3,3,SG3b1,Cu stem,,,,,,,,2.0000,-430.168 414.683 80.500,-417.569 402.538 80.500,219.9115
SG3b1_lead_3a,"node-3 / SG3b1_lead_3a - SG3b1 lead 3 (node 3): in ND3: radial in to r565 under Cb_el, in ND3 [Cu lead, stator]",node-3 - Node 3: ND3 - BR bank: Cb electrode,gap-lead,rod,ND3,3,SG3b1,Cu lead,,,,,,,,1.5000,-417.569 402.538 80.500,-406.769 392.127 80.500,106.0288
SG3b1_lead_3b,"node-3 / SG3b1_lead_3b - SG3b1 lead 3 (node 3): in ND3: riser to Cb_el (node 3), in ND3 [Cu lead, stator]",node-3 - Node 3: ND3 - BR bank: Cb electrode,gap-lead,rod,ND3,3,SG3b1,Cu lead,,,,,,,,1.5000,-406.769 392.127 80.500,-406.769 392.127 58.750,153.7417
SG3b1_sph_4,"node-3 / SG3b1_sph_4 - SG3b1 stator sphere 4 of 6 (fire), node 3, 12 mm W-Cu at r597.5 196.05 deg on a radial stem out of the ND3 rim r583, centre 19.9 mm below its Cx face, under the tip path (vertical gap), gap 5.5 mm to the island bar 7 tip, in ND3 [W-Cu sphere, stator]",node-3 - Node 3: ND3 - BR bank: Cb electrode,gap-stator,sphere,ND3,3,SG3b1,W-Cu sphere,,,,,,,-574.210 -165.194 80.500,6.0000,,,904.7787
SG3b1_stem_4,"node-3 / SG3b1_stem_4 - SG3b1 stem 4 (node 3): radial, sphere centre into the ND3 rim (seated 3 mm), in ND3 [Cu stem, stator]",node-3 - Node 3: ND3 - BR bank: Cb electrode,gap-stem,rod,ND3,3,SG3b1,Cu stem,,,,,,,,2.0000,-574.210 -165.194 80.500,-557.392 -160.356 80.500,219.9115
SG3b1_lead_4a,"node-3 / SG3b1_lead_4a - SG3b1 lead 4 (node 3): in ND3: radial in to r565 under Cb_el, in ND3 [Cu lead, stator]",node-3 - Node 3: ND3 - BR bank: Cb electrode,gap-lead,rod,ND3,3,SG3b1,Cu lead,,,,,,,,1.5000,-557.392 -160.356 80.500,-542.977 -156.209 80.500,106.0288
SG3b1_lead_4b,"node-3 / SG3b1_lead_4b - SG3b1 lead 4 (node 3): in ND3: riser to Cb_el (node 3), in ND3 [Cu lead, stator]",node-3 - Node 3: ND3 - BR bank: Cb electrode,gap-lead,rod,ND3,3,SG3b1,Cu lead,,,,,,,,1.5000,-542.977 -156.209 80.500,-542.977 -156.209 58.750,153.7417
SG3b1_sph_5,"node-3 / SG3b1_sph_5 - SG3b1 stator sphere 5 of 6 (fire), node 3, 12 mm W-Cu at r597.5 256.05 deg on a radial stem out of the ND3 rim r583, centre 19.9 mm below its Cx face, under the tip path (vertical gap), gap 5.5 mm to the island bar 7 tip, in ND3 [W-Cu sphere, stator]",node-3 - Node 3: ND3 - BR bank: Cb electrode,gap-stator,sphere,ND3,3,SG3b1,W-Cu sphere,,,,,,,-144.042 -579.878 80.500,6.0000,,,904.7787
SG3b1_stem_5,"node-3 / SG3b1_stem_5 - SG3b1 stem 5 (node 3): radial, sphere centre into the ND3 rim (seated 3 mm), in ND3 [Cu stem, stator]",node-3 - Node 3: ND3 - BR bank: Cb electrode,gap-stem,rod,ND3,3,SG3b1,Cu stem,,,,,,,,2.0000,-144.042 -579.878 80.500,-139.824 -562.894 80.500,219.9115
SG3b1_lead_5a,"node-3 / SG3b1_lead_5a - SG3b1 lead 5 (node 3): in ND3: radial in to r565 under Cb_el, in ND3 [Cu lead, stator]",node-3 - Node 3: ND3 - BR bank: Cb electrode,gap-lead,rod,ND3,3,SG3b1,Cu lead,,,,,,,,1.5000,-139.824 -562.894 80.500,-136.207 -548.336 80.500,106.0288
SG3b1_lead_5b,"node-3 / SG3b1_lead_5b - SG3b1 lead 5 (node 3): in ND3: riser to Cb_el (node 3), in ND3 [Cu lead, stator]",node-3 - Node 3: ND3 - BR bank: Cb electrode,gap-lead,rod,ND3,3,SG3b1,Cu lead,,,,,,,,1.5000,-136.207 -548.336 80.500,-136.207 -548.336 58.750,153.7417
SG3b1_sph_6,"node-3 / SG3b1_sph_6 - SG3b1 stator sphere 6 of 6 (fire), node 3, 12 mm W-Cu at r597.5 316.05 deg on a radial stem out of the ND3 rim r583, centre 19.9 mm below its Cx face, under the tip path (vertical gap), gap 5.5 mm to the island bar 7 tip, in ND3 [W-Cu sphere, stator]",node-3 - Node 3: ND3 - BR bank: Cb electrode,gap-stator,sphere,ND3,3,SG3b1,W-Cu sphere,,,,,,,430.168 -414.683 80.500,6.0000,,,904.7787
SG3b1_stem_6,"node-3 / SG3b1_stem_6 - SG3b1 stem 6 (node 3): radial, sphere centre into the ND3 rim (seated 3 mm), in ND3 [Cu stem, stator]",node-3 - Node 3: ND3 - BR bank: Cb electrode,gap-stem,rod,ND3,3,SG3b1,Cu stem,,,,,,,,2.0000,430.168 -414.683 80.500,417.569 -402.538 80.500,219.9115
SG3b1_lead_6a,"node-3 / SG3b1_lead_6a - SG3b1 lead 6 (node 3): in ND3: radial in to r565 under Cb_el, in ND3 [Cu lead, stator]",node-3 - Node 3: ND3 - BR bank: Cb electrode,gap-lead,rod,ND3,3,SG3b1,Cu lead,,,,,,,,1.5000,417.569 -402.538 80.500,406.769 -392.127 80.500,106.0288
SG3b1_lead_6b,"node-3 / SG3b1_lead_6b - SG3b1 lead 6 (node 3): in ND3: riser to Cb_el (node 3), in ND3 [Cu lead, stator]",node-3 - Node 3: ND3 - BR bank: Cb electrode,gap-lead,rod,ND3,3,SG3b1,Cu lead,,,,,,,,1.5000,406.769 -392.127 80.500,406.769 -392.127 58.750,153.7417
BS3_sph_1,"node-3 / BS3_sph_1 - BS3 stator sphere 1 of 6 (backstop), node 3, 25 mm polished at r597.5 19 deg on a radial stem out of the ND3 rim r583, centre 26.4 mm below its Cx face, under the tip path (vertical gap), gap 5.5 mm to the island bar 7 tip, in ND3 [polished sphere, stator]",node-3 - Node 3: ND3 - BR bank: Cb electrode,gap-stator,sphere,ND3,3,BS3,polished sphere,,,,,,,564.947 194.527 74.000,12.5000,,,8181.2309
BS3_stem_1,"node-3 / BS3_stem_1 - BS3 stem 1 (node 3): radial, sphere centre into the ND3 rim (seated 3 mm), in ND3 [Cu stem, stator]",node-3 - Node 3: ND3 - BR bank: Cb electrode,gap-stem,rod,ND3,3,BS3,Cu stem,,,,,,,,2.0000,564.947 194.527 74.000,548.401 188.830 74.000,219.9115
BS3_lead_1a,"node-3 / BS3_lead_1a - BS3 lead 1 (node 3): in ND3: radial in to r565 under Cb_el, in ND3 [Cu lead, stator]",node-3 - Node 3: ND3 - BR bank: Cb electrode,gap-lead,rod,ND3,3,BS3,Cu lead,,,,,,,,1.5000,548.401 188.830 74.000,534.218 183.946 74.000,106.0288
BS3_lead_1b,"node-3 / BS3_lead_1b - BS3 lead 1 (node 3): in ND3: riser to Cb_el (node 3), in ND3 [Cu lead, stator]",node-3 - Node 3: ND3 - BR bank: Cb electrode,gap-lead,rod,ND3,3,BS3,Cu lead,,,,,,,,1.5000,534.218 183.946 74.000,534.218 183.946 58.750,107.7959
BS3_sph_2,"node-3 / BS3_sph_2 - BS3 stator sphere 2 of 6 (backstop), node 3, 25 mm polished at r597.5 79 deg on a radial stem out of the ND3 rim r583, centre 26.4 mm below its Cx face, under the tip path (vertical gap), gap 5.5 mm to the island bar 7 tip, in ND3 [polished sphere, stator]",node-3 - Node 3: ND3 - BR bank: Cb electrode,gap-stator,sphere,ND3,3,BS3,polished sphere,,,,,,,114.008 586.522 74.000,12.5000,,,8181.2309
BS3_stem_2,"node-3 / BS3_stem_2 - BS3 stem 2 (node 3): radial, sphere centre into the ND3 rim (seated 3 mm), in ND3 [Cu stem, stator]",node-3 - Node 3: ND3 - BR bank: Cb electrode,gap-stem,rod,ND3,3,BS3,Cu stem,,,,,,,,2.0000,114.008 586.522 74.000,110.669 569.344 74.000,219.9115
BS3_lead_2a,"node-3 / BS3_lead_2a - BS3 lead 2 (node 3): in ND3: radial in to r565 under Cb_el, in ND3 [Cu lead, stator]",node-3 - Node 3: ND3 - BR bank: Cb electrode,gap-lead,rod,ND3,3,BS3,Cu lead,,,,,,,,1.5000,110.669 569.344 74.000,107.807 554.619 74.000,106.0288
BS3_lead_2b,"node-3 / BS3_lead_2b - BS3 lead 2 (node 3): in ND3: riser to Cb_el (node 3), in ND3 [Cu lead, stator]",node-3 - Node 3: ND3 - BR bank: Cb electrode,gap-lead,rod,ND3,3,BS3,Cu lead,,,,,,,,1.5000,107.807 554.619 74.000,107.807 554.619 58.750,107.7959
BS3_sph_3,"node-3 / BS3_sph_3 - BS3 stator sphere 3 of 6 (backstop), node 3, 25 mm polished at r597.5 139 deg on a radial stem out of the ND3 rim r583, centre 26.4 mm below its Cx face, under the tip path (vertical gap), gap 5.5 mm to the island bar 7 tip, in ND3 [polished sphere, stator]",node-3 - Node 3: ND3 - BR bank: Cb electrode,gap-stator,sphere,ND3,3,BS3,polished sphere,,,,,,,-450.939 391.995 74.000,12.5000,,,8181.2309
BS3_stem_3,"node-3 / BS3_stem_3 - BS3 stem 3 (node 3): radial, sphere centre into the ND3 rim (seated 3 mm), in ND3 [Cu stem, stator]",node-3 - Node 3: ND3 - BR bank: Cb electrode,gap-stem,rod,ND3,3,BS3,Cu stem,,,,,,,,2.0000,-450.939 391.995 74.000,-437.732 380.514 74.000,219.9115
BS3_lead_3a,"node-3 / BS3_lead_3a - BS3 lead 3 (node 3): in ND3: radial in to r565 under Cb_el, in ND3 [Cu lead, stator]",node-3 - Node 3: ND3 - BR bank: Cb electrode,gap-lead,rod,ND3,3,BS3,Cu lead,,,,,,,,1.5000,-437.732 380.514 74.000,-426.411 370.673 74.000,106.0288
BS3_lead_3b,"node-3 / BS3_lead_3b - BS3 lead 3 (node 3): in ND3: riser to Cb_el (node 3), in ND3 [Cu lead, stator]",node-3 - Node 3: ND3 - BR bank: Cb electrode,gap-lead,rod,ND3,3,BS3,Cu lead,,,,,,,,1.5000,-426.411 370.673 74.000,-426.411 370.673 58.750,107.7959
BS3_sph_4,"node-3 / BS3_sph_4 - BS3 stator sphere 4 of 6 (backstop), node 3, 25 mm polished at r597.5 199 deg on a radial stem out of the ND3 rim r583, centre 26.4 mm below its Cx face, under the tip path (vertical gap), gap 5.5 mm to the island bar 7 tip, in ND3 [polished sphere, stator]",node-3 - Node 3: ND3 - BR bank: Cb electrode,gap-stator,sphere,ND3,3,BS3,polished sphere,,,,,,,-564.947 -194.527 74.000,12.5000,,,8181.2309
BS3_stem_4,"node-3 / BS3_stem_4 - BS3 stem 4 (node 3): radial, sphere centre into the ND3 rim (seated 3 mm), in ND3 [Cu stem, stator]",node-3 - Node 3: ND3 - BR bank: Cb electrode,gap-stem,rod,ND3,3,BS3,Cu stem,,,,,,,,2.0000,-564.947 -194.527 74.000,-548.401 -188.830 74.000,219.9115
BS3_lead_4a,"node-3 / BS3_lead_4a - BS3 lead 4 (node 3): in ND3: radial in to r565 under Cb_el, in ND3 [Cu lead, stator]",node-3 - Node 3: ND3 - BR bank: Cb electrode,gap-lead,rod,ND3,3,BS3,Cu lead,,,,,,,,1.5000,-548.401 -188.830 74.000,-534.218 -183.946 74.000,106.0288
BS3_lead_4b,"node-3 / BS3_lead_4b - BS3 lead 4 (node 3): in ND3: riser to Cb_el (node 3), in ND3 [Cu lead, stator]",node-3 - Node 3: ND3 - BR bank: Cb electrode,gap-lead,rod,ND3,3,BS3,Cu lead,,,,,,,,1.5000,-534.218 -183.946 74.000,-534.218 -183.946 58.750,107.7959
BS3_sph_5,"node-3 / BS3_sph_5 - BS3 stator sphere 5 of 6 (backstop), node 3, 25 mm polished at r597.5 259 deg on a radial stem out of the ND3 rim r583, centre 26.4 mm below its Cx face, under the tip path (vertical gap), gap 5.5 mm to the island bar 7 tip, in ND3 [polished sphere, stator]",node-3 - Node 3: ND3 - BR bank: Cb electrode,gap-stator,sphere,ND3,3,BS3,polished sphere,,,,,,,-114.008 -586.522 74.000,12.5000,,,8181.2309
BS3_stem_5,"node-3 / BS3_stem_5 - BS3 stem 5 (node 3): radial, sphere centre into the ND3 rim (seated 3 mm), in ND3 [Cu stem, stator]",node-3 - Node 3: ND3 - BR bank: Cb electrode,gap-stem,rod,ND3,3,BS3,Cu stem,,,,,,,,2.0000,-114.008 -586.522 74.000,-110.669 -569.344 74.000,219.9115
BS3_lead_5a,"node-3 / BS3_lead_5a - BS3 lead 5 (node 3): in ND3: radial in to r565 under Cb_el, in ND3 [Cu lead, stator]",node-3 - Node 3: ND3 - BR bank: Cb electrode,gap-lead,rod,ND3,3,BS3,Cu lead,,,,,,,,1.5000,-110.669 -569.344 74.000,-107.807 -554.619 74.000,106.0288
BS3_lead_5b,"node-3 / BS3_lead_5b - BS3 lead 5 (node 3): in ND3: riser to Cb_el (node 3), in ND3 [Cu lead, stator]",node-3 - Node 3: ND3 - BR bank: Cb electrode,gap-lead,rod,ND3,3,BS3,Cu lead,,,,,,,,1.5000,-107.807 -554.619 74.000,-107.807 -554.619 58.750,107.7959
BS3_sph_6,"node-3 / BS3_sph_6 - BS3 stator sphere 6 of 6 (backstop), node 3, 25 mm polished at r597.5 319 deg on a radial stem out of the ND3 rim r583, centre 26.4 mm below its Cx face, under the tip path (vertical gap), gap 5.5 mm to the island bar 7 tip, in ND3 [polished sphere, stator]",node-3 - Node 3: ND3 - BR bank: Cb electrode,gap-stator,sphere,ND3,3,BS3,polished sphere,,,,,,,450.939 -391.995 74.000,12.5000,,,8181.2309
BS3_stem_6,"node-3 / BS3_stem_6 - BS3 stem 6 (node 3): radial, sphere centre into the ND3 rim (seated 3 mm), in ND3 [Cu stem, stator]",node-3 - Node 3: ND3 - BR bank: Cb electrode,gap-stem,rod,ND3,3,BS3,Cu stem,,,,,,,,2.0000,450.939 -391.995 74.000,437.732 -380.514 74.000,219.9115
BS3_lead_6a,"node-3 / BS3_lead_6a - BS3 lead 6 (node 3): in ND3: radial in to r565 under Cb_el, in ND3 [Cu lead, stator]",node-3 - Node 3: ND3 - BR bank: Cb electrode,gap-lead,rod,ND3,3,BS3,Cu lead,,,,,,,,1.5000,437.732 -380.514 74.000,426.411 -370.673 74.000,106.0288
BS3_lead_6b,"node-3 / BS3_lead_6b - BS3 lead 6 (node 3): in ND3: riser to Cb_el (node 3), in ND3 [Cu lead, stator]",node-3 - Node 3: ND3 - BR bank: Cb electrode,gap-lead,rod,ND3,3,BS3,Cu lead,,,,,,,,1.5000,426.411 -370.673 74.000,426.411 -370.673 58.750,107.7959
bartip_A_1,"node-8 / bartip_A_1 - island bar tip 1 of 6 (node 8, rotor A), 12 mm W-Cu sphere hanging from A-flange at r597.5 15 deg outside the ND2 rim r583, its bottom 14 mm below the face, in A-flange [W-Cu sphere, rotor A]",node-8 - Node 8: ND8 - island on rotor A (Cx4 bars),gap-rotor,sphere,A-flange,8,,W-Cu sphere,,,,,,,577.141 154.644 -98.000,6.0000,,,904.7787
bartip_A_stem_1,"node-8 / bartip_A_stem_1 - island bar tip 1 stem (node 8): sphere centre to the lead plane in A-flange, in A-flange [Cu stem, rotor A]",node-8 - Node 8: ND8 - island on rotor A (Cx4 bars),gap-stem,rod,A-flange,8,,Cu stem,,,,,,,,2.0000,577.141 154.644 -98.000,577.141 154.644 -110.500,157.0796
bartip_A_lead_1a,"node-8 / bartip_A_lead_1a - island bar tip 1 lead (node 8): in A-flange: round the chord ring to 30.39 deg, in A-flange [Cu lead, rotor A]",node-8 - Node 8: ND8 - island on rotor A (Cx4 bars),gap-lead,rod,A-flange,8,,Cu lead,,,,,,,,1.5000,577.141 154.644 -110.500,551.237 230.529 -110.500,566.7901
bartip_A_lead_1b,"node-8 / bartip_A_lead_1b - island bar tip 1 lead (node 8): in A-flange: round the chord ring to 30.39 deg, in A-flange [Cu lead, rotor A]",node-8 - Node 8: ND8 - island on rotor A (Cx4 bars),gap-lead,rod,A-flange,8,,Cu lead,,,,,,,,1.5000,551.237 230.529 -110.500,515.406 302.263 -110.500,566.7901
bartip_A_lead_1c,"node-8 / bartip_A_lead_1c - island bar tip 1 lead (node 8): in A-flange: radial to r514.55 at 30.39 deg, in A-flange [Cu lead, rotor A]",node-8 - Node 8: ND8 - island on rotor A (Cx4 bars),gap-lead,rod,A-flange,8,,Cu lead,,,,,,,,1.5000,515.406 302.263 -110.500,443.851 260.299 -110.500,586.3545
bartip_A_lead_1d,"node-8 / bartip_A_lead_1d - island bar tip 1 lead (node 8): in A-flange: under Cx4_bars to 29.61 deg, in A-flange [Cu lead, rotor A]",node-8 - Node 8: ND8 - island on rotor A (Cx4 bars),gap-lead,rod,A-flange,8,,Cu lead,,,,,,,,1.5000,443.851 260.299 -110.500,447.351 254.237 -110.500,49.4797
bartip_A_lead_1e,"node-8 / bartip_A_lead_1e - island bar tip 1 lead (node 8): in A-flange: riser to Cx4_bars (node 8), in A-flange [Cu lead, rotor A]",node-8 - Node 8: ND8 - island on rotor A (Cx4 bars),gap-lead,rod,A-flange,8,,Cu lead,,,,,,,,1.5000,447.351 254.237 -110.500,447.351 254.237 -105.500,35.3429
bartip_A_2,"node-8 / bartip_A_2 - island bar tip 2 of 6 (node 8, rotor A), 12 mm W-Cu sphere hanging from A-flange at r597.5 75 deg outside the ND2 rim r583, its bottom 14 mm below the face, in A-flange [W-Cu sphere, rotor A]",node-8 - Node 8: ND8 - island on rotor A (Cx4 bars),gap-rotor,sphere,A-flange,8,,W-Cu sphere,,,,,,,154.644 577.141 -98.000,6.0000,,,904.7787
bartip_A_stem_2,"node-8 / bartip_A_stem_2 - island bar tip 2 stem (node 8): sphere centre to the lead plane in A-flange, in A-flange [Cu stem, rotor A]",node-8 - Node 8: ND8 - island on rotor A (Cx4 bars),gap-stem,rod,A-flange,8,,Cu stem,,,,,,,,2.0000,154.644 577.141 -98.000,154.644 577.141 -110.500,157.0796
bartip_A_lead_2a,"node-8 / bartip_A_lead_2a - island bar tip 2 lead (node 8): in A-flange: round the chord ring to 59.61 deg, in A-flange [Cu lead, rotor A]",node-8 - Node 8: ND8 - island on rotor A (Cx4 bars),gap-lead,rod,A-flange,8,,Cu lead,,,,,,,,1.5000,154.644 577.141 -110.500,230.529 551.237 -110.500,566.7901
bartip_A_lead_2b,"node-8 / bartip_A_lead_2b - island bar tip 2 lead (node 8): in A-flange: round the chord ring to 59.61 deg, in A-flange [Cu lead, rotor A]",node-8 - Node 8: ND8 - island on rotor A (Cx4 bars),gap-lead,rod,A-flange,8,,Cu lead,,,,,,,,1.5000,230.529 551.237 -110.500,302.263 515.406 -110.500,566.7901
bartip_A_lead_2c,"node-8 / bartip_A_lead_2c - island bar tip 2 lead (node 8): in A-flange: radial to r514.55 at 59.61 deg, in A-flange [Cu lead, rotor A]",node-8 - Node 8: ND8 - island on rotor A (Cx4 bars),gap-lead,rod,A-flange,8,,Cu lead,,,,,,,,1.5000,302.263 515.406 -110.500,260.299 443.851 -110.500,586.3545
bartip_A_lead_2d,"node-8 / bartip_A_lead_2d - island bar tip 2 lead (node 8): in A-flange: under Cx4_bars to 60.39 deg, in A-flange [Cu lead, rotor A]",node-8 - Node 8: ND8 - island on rotor A (Cx4 bars),gap-lead,rod,A-flange,8,,Cu lead,,,,,,,,1.5000,260.299 443.851 -110.500,254.237 447.351 -110.500,49.4797
bartip_A_lead_2e,"node-8 / bartip_A_lead_2e - island bar tip 2 lead (node 8): in A-flange: riser to Cx4_bars (node 8), in A-flange [Cu lead, rotor A]",node-8 - Node 8: ND8 - island on rotor A (Cx4 bars),gap-lead,rod,A-flange,8,,Cu lead,,,,,,,,1.5000,254.237 447.351 -110.500,254.237 447.351 -105.500,35.3429
bartip_A_3,"node-8 / bartip_A_3 - island bar tip 3 of 6 (node 8, rotor A), 12 mm W-Cu sphere hanging from A-flange at r597.5 135 deg outside the ND2 rim r583, its bottom 14 mm below the face, in A-flange [W-Cu sphere, rotor A]",node-8 - Node 8: ND8 - island on rotor A (Cx4 bars),gap-rotor,sphere,A-flange,8,,W-Cu sphere,,,,,,,-422.496 422.496 -98.000,6.0000,,,904.7787
bartip_A_stem_3,"node-8 / bartip_A_stem_3 - island bar tip 3 stem (node 8): sphere centre to the lead plane in A-flange, in A-flange [Cu stem, rotor A]",node-8 - Node 8: ND8 - island on rotor A (Cx4 bars),gap-stem,rod,A-flange,8,,Cu stem,,,,,,,,2.0000,-422.496 422.496 -98.000,-422.496 422.496 -110.500,157.0796
bartip_A_lead_3a,"node-8 / bartip_A_lead_3a - island bar tip 3 lead (node 8): in A-flange: round the chord ring to 119.61 deg, in A-flange [Cu lead, rotor A]",node-8 - Node 8: ND8 - island on rotor A (Cx4 bars),gap-lead,rod,A-flange,8,,Cu lead,,,,,,,,1.5000,-422.496 422.496 -110.500,-362.121 475.263 -110.500,566.7901
bartip_A_lead_3b,"node-8 / bartip_A_lead_3b - island bar tip 3 lead (node 8): in A-flange: round the chord ring to 119.61 deg, in A-flange [Cu lead, rotor A]",node-8 - Node 8: ND8 - island on rotor A (Cx4 bars),gap-lead,rod,A-flange,8,,Cu lead,,,,,,,,1.5000,-362.121 475.263 -110.500,-295.223 519.470 -110.500,566.7901
bartip_A_lead_3c,"node-8 / bartip_A_lead_3c - island bar tip 3 lead (node 8): in A-flange: radial to r514.55 at 119.61 deg, in A-flange [Cu lead, rotor A]",node-8 - Node 8: ND8 - island on rotor A (Cx4 bars),gap-lead,rod,A-flange,8,,Cu lead,,,,,,,,1.5000,-295.223 519.470 -110.500,-254.237 447.351 -110.500,586.3545
bartip_A_lead_3d,"node-8 / bartip_A_lead_3d - island bar tip 3 lead (node 8): in A-flange: under Cx4_bars to 120.39 deg, in A-flange [Cu lead, rotor A]",node-8 - Node 8: ND8 - island on rotor A (Cx4 bars),gap-lead,rod,A-flange,8,,Cu lead,,,,,,,,1.5000,-254.237 447.351 -110.500,-260.299 443.851 -110.500,49.4797
bartip_A_lead_3e,"node-8 / bartip_A_lead_3e - island bar tip 3 lead (node 8): in A-flange: riser to Cx4_bars (node 8), in A-flange [Cu lead, rotor A]",node-8 - Node 8: ND8 - island on rotor A (Cx4 bars),gap-lead,rod,A-flange,8,,Cu lead,,,,,,,,1.5000,-260.299 443.851 -110.500,-260.299 443.851 -105.500,35.3429
bartip_A_4,"node-8 / bartip_A_4 - island bar tip 4 of 6 (node 8, rotor A), 12 mm W-Cu sphere hanging from A-flange at r597.5 195 deg outside the ND2 rim r583, its bottom 14 mm below the face, in A-flange [W-Cu sphere, rotor A]",node-8 - Node 8: ND8 - island on rotor A (Cx4 bars),gap-rotor,sphere,A-flange,8,,W-Cu sphere,,,,,,,-577.141 -154.644 -98.000,6.0000,,,904.7787
bartip_A_stem_4,"node-8 / bartip_A_stem_4 - island bar tip 4 stem (node 8): sphere centre to the lead plane in A-flange, in A-flange [Cu stem, rotor A]",node-8 - Node 8: ND8 - island on rotor A (Cx4 bars),gap-stem,rod,A-flange,8,,Cu stem,,,,,,,,2.0000,-577.141 -154.644 -98.000,-577.141 -154.644 -110.500,157.0796
bartip_A_lead_4a,"node-8 / bartip_A_lead_4a - island bar tip 4 lead (node 8): in A-flange: round the chord ring to 179.61 deg, in A-flange [Cu lead, rotor A]",node-8 - Node 8: ND8 - island on rotor A (Cx4 bars),gap-lead,rod,A-flange,8,,Cu lead,,,,,,,,1.5000,-577.141 -154.644 -110.500,-592.650 -75.974 -110.500,566.7901
bartip_A_lead_4b,"node-8 / bartip_A_lead_4b - island bar tip 4 lead (node 8): in A-flange: round the chord ring to 179.61 deg, in A-flange [Cu lead, rotor A]",node-8 - Node 8: ND8 - island on rotor A (Cx4 bars),gap-lead,rod,A-flange,8,,Cu lead,,,,,,,,1.5000,-592.650 -75.974 -110.500,-597.486 4.064 -110.500,566.7901
bartip_A_lead_4c,"node-8 / bartip_A_lead_4c - island bar tip 4 lead (node 8): in A-flange: radial to r514.55 at 179.61 deg, in A-flange [Cu lead, rotor A]",node-8 - Node 8: ND8 - island on rotor A (Cx4 bars),gap-lead,rod,A-flange,8,,Cu lead,,,,,,,,1.5000,-597.486 4.064 -110.500,-514.536 3.500 -110.500,586.3545
bartip_A_lead_4d,"node-8 / bartip_A_lead_4d - island bar tip 4 lead (node 8): in A-flange: under Cx4_bars to 180.39 deg, in A-flange [Cu lead, rotor A]",node-8 - Node 8: ND8 - island on rotor A (Cx4 bars),gap-lead,rod,A-flange,8,,Cu lead,,,,,,,,1.5000,-514.536 3.500 -110.500,-514.536 -3.500 -110.500,49.4797
bartip_A_lead_4e,"node-8 / bartip_A_lead_4e - island bar tip 4 lead (node 8): in A-flange: riser to Cx4_bars (node 8), in A-flange [Cu lead, rotor A]",node-8 - Node 8: ND8 - island on rotor A (Cx4 bars),gap-lead,rod,A-flange,8,,Cu lead,,,,,,,,1.5000,-514.536 -3.500 -110.500,-514.536 -3.500 -105.500,35.3429
bartip_A_5,"node-8 / bartip_A_5 - island bar tip 5 of 6 (node 8, rotor A), 12 mm W-Cu sphere hanging from A-flange at r597.5 255 deg outside the ND2 rim r583, its bottom 14 mm below the face, in A-flange [W-Cu sphere, rotor A]",node-8 - Node 8: ND8 - island on rotor A (Cx4 bars),gap-rotor,sphere,A-flange,8,,W-Cu sphere,,,,,,,-154.644 -577.141 -98.000,6.0000,,,904.7787
bartip_A_stem_5,"node-8 / bartip_A_stem_5 - island bar tip 5 stem (node 8): sphere centre to the lead plane in A-flange, in A-flange [Cu stem, rotor A]",node-8 - Node 8: ND8 - island on rotor A (Cx4 bars),gap-stem,rod,A-flange,8,,Cu stem,,,,,,,,2.0000,-154.644 -577.141 -98.000,-154.644 -577.141 -110.500,157.0796
bartip_A_lead_5a,"node-8 / bartip_A_lead_5a - island bar tip 5 lead (node 8): in A-flange: round the chord ring to 239.61 deg, in A-flange [Cu lead, rotor A]",node-8 - Node 8: ND8 - island on rotor A (Cx4 bars),gap-lead,rod,A-flange,8,,Cu lead,,,,,,,,1.5000,-154.644 -577.141 -110.500,-230.529 -551.237 -110.500,566.7901
bartip_A_lead_5b,"node-8 / bartip_A_lead_5b - island bar tip 5 lead (node 8): in A-flange: round the chord ring to 239.61 deg, in A-flange [Cu lead, rotor A]",node-8 - Node 8: ND8 - island on rotor A (Cx4 bars),gap-lead,rod,A-flange,8,,Cu lead,,,,,,,,1.5000,-230.529 -551.237 -110.500,-302.263 -515.406 -110.500,566.7901
bartip_A_lead_5c,"node-8 / bartip_A_lead_5c - island bar tip 5 lead (node 8): in A-flange: radial to r514.55 at 239.61 deg, in A-flange [Cu lead, rotor A]",node-8 - Node 8: ND8 - island on rotor A (Cx4 bars),gap-lead,rod,A-flange,8,,Cu lead,,,,,,,,1.5000,-302.263 -515.406 -110.500,-260.299 -443.851 -110.500,586.3545
bartip_A_lead_5d,"node-8 / bartip_A_lead_5d - island bar tip 5 lead (node 8): in A-flange: under Cx4_bars to 240.39 deg, in A-flange [Cu lead, rotor A]",node-8 - Node 8: ND8 - island on rotor A (Cx4 bars),gap-lead,rod,A-flange,8,,Cu lead,,,,,,,,1.5000,-260.299 -443.851 -110.500,-254.237 -447.351 -110.500,49.4797
bartip_A_lead_5e,"node-8 / bartip_A_lead_5e - island bar tip 5 lead (node 8): in A-flange: riser to Cx4_bars (node 8), in A-flange [Cu lead, rotor A]",node-8 - Node 8: ND8 - island on rotor A (Cx4 bars),gap-lead,rod,A-flange,8,,Cu lead,,,,,,,,1.5000,-254.237 -447.351 -110.500,-254.237 -447.351 -105.500,35.3429
bartip_A_6,"node-8 / bartip_A_6 - island bar tip 6 of 6 (node 8, rotor A), 12 mm W-Cu sphere hanging from A-flange at r597.5 315 deg outside the ND2 rim r583, its bottom 14 mm below the face, in A-flange [W-Cu sphere, rotor A]",node-8 - Node 8: ND8 - island on rotor A (Cx4 bars),gap-rotor,sphere,A-flange,8,,W-Cu sphere,,,,,,,422.496 -422.496 -98.000,6.0000,,,904.7787
bartip_A_stem_6,"node-8 / bartip_A_stem_6 - island bar tip 6 stem (node 8): sphere centre to the lead plane in A-flange, in A-flange [Cu stem, rotor A]",node-8 - Node 8: ND8 - island on rotor A (Cx4 bars),gap-stem,rod,A-flange,8,,Cu stem,,,,,,,,2.0000,422.496 -422.496 -98.000,422.496 -422.496 -110.500,157.0796
bartip_A_lead_6a,"node-8 / bartip_A_lead_6a - island bar tip 6 lead (node 8): in A-flange: round the chord ring to 299.61 deg, in A-flange [Cu lead, rotor A]",node-8 - Node 8: ND8 - island on rotor A (Cx4 bars),gap-lead,rod,A-flange,8,,Cu lead,,,,,,,,1.5000,422.496 -422.496 -110.500,362.121 -475.263 -110.500,566.7901
bartip_A_lead_6b,"node-8 / bartip_A_lead_6b - island bar tip 6 lead (node 8): in A-flange: round the chord ring to 299.61 deg, in A-flange [Cu lead, rotor A]",node-8 - Node 8: ND8 - island on rotor A (Cx4 bars),gap-lead,rod,A-flange,8,,Cu lead,,,,,,,,1.5000,362.121 -475.263 -110.500,295.223 -519.470 -110.500,566.7901
bartip_A_lead_6c,"node-8 / bartip_A_lead_6c - island bar tip 6 lead (node 8): in A-flange: radial to r514.55 at 299.61 deg, in A-flange [Cu lead, rotor A]",node-8 - Node 8: ND8 - island on rotor A (Cx4 bars),gap-lead,rod,A-flange,8,,Cu lead,,,,,,,,1.5000,295.223 -519.470 -110.500,254.237 -447.351 -110.500,586.3545
bartip_A_lead_6d,"node-8 / bartip_A_lead_6d - island bar tip 6 lead (node 8): in A-flange: under Cx4_bars to 300.39 deg, in A-flange [Cu lead, rotor A]",node-8 - Node 8: ND8 - island on rotor A (Cx4 bars),gap-lead,rod,A-flange,8,,Cu lead,,,,,,,,1.5000,254.237 -447.351 -110.500,260.299 -443.851 -110.500,49.4797
bartip_A_lead_6e,"node-8 / bartip_A_lead_6e - island bar tip 6 lead (node 8): in A-flange: riser to Cx4_bars (node 8), in A-flange [Cu lead, rotor A]",node-8 - Node 8: ND8 - island on rotor A (Cx4 bars),gap-lead,rod,A-flange,8,,Cu lead,,,,,,,,1.5000,260.299 -443.851 -110.500,260.299 -443.851 -105.500,35.3429
rotortip_A_1,"node-R-A / rotortip_A_1 - rotor face tip 1 of 6 (node R-A, rotor A), 12 mm W-Cu sphere on A-disc at r603 15 deg, apex 6 mm proud, 6 mm in its socket, in A-disc [W-Cu sphere, rotor A]",node-R-A - Node R-A: ND5 - resonator end A: rotor A (C1 rotor face),gap-rotor,sphere,A-disc,R-A,,W-Cu sphere,,,,,,,582.453 156.068 -21.000,6.0000,,,904.7787
rotortip_A_stem_1,"node-R-A / rotortip_A_stem_1 - rotor face tip 1 stem (node R-A): sphere centre to the lead plane in A-disc, in A-disc [Cu stem, rotor A]",node-R-A - Node R-A: ND5 - resonator end A: rotor A (C1 rotor face),gap-stem,rod,A-disc,R-A,,Cu stem,,,,,,,,2.0000,582.453 156.068 -21.000,582.453 156.068 -10.500,131.9469
rotortip_A_lead_1a,"node-R-A / rotortip_A_lead_1a - rotor face tip 1 lead (node R-A): in A-disc: radial to r570 at 15 deg, in A-disc [Cu lead, rotor A]",node-R-A - Node R-A: ND5 - resonator end A: rotor A (C1 rotor face),gap-lead,rod,A-disc,R-A,,Cu lead,,,,,,,,1.5000,582.453 156.068 -10.500,550.578 147.527 -10.500,233.2633
rotortip_A_lead_1b,"node-R-A / rotortip_A_lead_1b - rotor face tip 1 lead (node R-A): in A-disc: under C1_rotor to 30.35 deg, in A-disc [Cu lead, rotor A]",node-R-A - Node R-A: ND5 - resonator end A: rotor A (C1 rotor face),gap-lead,rod,A-disc,R-A,,Cu lead,,,,,,,,1.5000,550.578 147.527 -10.500,525.939 219.745 -10.500,539.3734
rotortip_A_lead_1c,"node-R-A / rotortip_A_lead_1c - rotor face tip 1 lead (node R-A): in A-disc: under C1_rotor to 30.35 deg, in A-disc [Cu lead, rotor A]",node-R-A - Node R-A: ND5 - resonator end A: rotor A (C1 rotor face),gap-lead,rod,A-disc,R-A,,Cu lead,,,,,,,,1.5000,525.939 219.745 -10.500,491.875 288.026 -10.500,539.3734
rotortip_A_lead_1d,"node-R-A / rotortip_A_lead_1d - rotor face tip 1 lead (node R-A): in A-disc: riser to C1_rotor (node R-A), in A-disc [Cu lead, rotor A]",node-R-A - Node R-A: ND5 - resonator end A: rotor A (C1 rotor face),gap-lead,rod,A-disc,R-A,,Cu lead,,,,,,,,1.5000,491.875 288.026 -10.500,491.875 288.026 -25.750,107.7959
rotortip_A_2,"node-R-A / rotortip_A_2 - rotor face tip 2 of 6 (node R-A, rotor A), 12 mm W-Cu sphere on A-disc at r603 75 deg, apex 6 mm proud, 6 mm in its socket, in A-disc [W-Cu sphere, rotor A]",node-R-A - Node R-A: ND5 - resonator end A: rotor A (C1 rotor face),gap-rotor,sphere,A-disc,R-A,,W-Cu sphere,,,,,,,156.068 582.453 -21.000,6.0000,,,904.7787
rotortip_A_stem_2,"node-R-A / rotortip_A_stem_2 - rotor face tip 2 stem (node R-A): sphere centre to the lead plane in A-disc, in A-disc [Cu stem, rotor A]",node-R-A - Node R-A: ND5 - resonator end A: rotor A (C1 rotor face),gap-stem,rod,A-disc,R-A,,Cu stem,,,,,,,,2.0000,156.068 582.453 -21.000,156.068 582.453 -10.500,131.9469
rotortip_A_lead_2a,"node-R-A / rotortip_A_lead_2a - rotor face tip 2 lead (node R-A): in A-disc: radial to r570 at 75 deg, in A-disc [Cu lead, rotor A]",node-R-A - Node R-A: ND5 - resonator end A: rotor A (C1 rotor face),gap-lead,rod,A-disc,R-A,,Cu lead,,,,,,,,1.5000,156.068 582.453 -10.500,147.527 550.578 -10.500,233.2633
rotortip_A_lead_2b,"node-R-A / rotortip_A_lead_2b - rotor face tip 2 lead (node R-A): in A-disc: under C1_rotor to 59.65 deg, in A-disc [Cu lead, rotor A]",node-R-A - Node R-A: ND5 - resonator end A: rotor A (C1 rotor face),gap-lead,rod,A-disc,R-A,,Cu lead,,,,,,,,1.5000,147.527 550.578 -10.500,219.745 525.939 -10.500,539.3734
rotortip_A_lead_2c,"node-R-A / rotortip_A_lead_2c - rotor face tip 2 lead (node R-A): in A-disc: under C1_rotor to 59.65 deg, in A-disc [Cu lead, rotor A]",node-R-A - Node R-A: ND5 - resonator end A: rotor A (C1 rotor face),gap-lead,rod,A-disc,R-A,,Cu lead,,,,,,,,1.5000,219.745 525.939 -10.500,288.026 491.875 -10.500,539.3734
rotortip_A_lead_2d,"node-R-A / rotortip_A_lead_2d - rotor face tip 2 lead (node R-A): in A-disc: riser to C1_rotor (node R-A), in A-disc [Cu lead, rotor A]",node-R-A - Node R-A: ND5 - resonator end A: rotor A (C1 rotor face),gap-lead,rod,A-disc,R-A,,Cu lead,,,,,,,,1.5000,288.026 491.875 -10.500,288.026 491.875 -25.750,107.7959
rotortip_A_3,"node-R-A / rotortip_A_3 - rotor face tip 3 of 6 (node R-A, rotor A), 12 mm W-Cu sphere on A-disc at r603 135 deg, apex 6 mm proud, 6 mm in its socket, in A-disc [W-Cu sphere, rotor A]",node-R-A - Node R-A: ND5 - resonator end A: rotor A (C1 rotor face),gap-rotor,sphere,A-disc,R-A,,W-Cu sphere,,,,,,,-426.385 426.385 -21.000,6.0000,,,904.7787
rotortip_A_stem_3,"node-R-A / rotortip_A_stem_3 - rotor face tip 3 stem (node R-A): sphere centre to the lead plane in A-disc, in A-disc [Cu stem, rotor A]",node-R-A - Node R-A: ND5 - resonator end A: rotor A (C1 rotor face),gap-stem,rod,A-disc,R-A,,Cu stem,,,,,,,,2.0000,-426.385 426.385 -21.000,-426.385 426.385 -10.500,131.9469
rotortip_A_lead_3a,"node-R-A / rotortip_A_lead_3a - rotor face tip 3 lead (node R-A): in A-disc: radial to r570 at 135 deg, in A-disc [Cu lead, rotor A]",node-R-A - Node R-A: ND5 - resonator end A: rotor A (C1 rotor face),gap-lead,rod,A-disc,R-A,,Cu lead,,,,,,,,1.5000,-426.385 426.385 -10.500,-403.051 403.051 -10.500,233.2633
rotortip_A_lead_3b,"node-R-A / rotortip_A_lead_3b - rotor face tip 3 lead (node R-A): in A-disc: under C1_rotor to 119.65 deg, in A-disc [Cu lead, rotor A]",node-R-A - Node R-A: ND5 - resonator end A: rotor A (C1 rotor face),gap-lead,rod,A-disc,R-A,,Cu lead,,,,,,,,1.5000,-403.051 403.051 -10.500,-345.604 453.275 -10.500,539.3734
rotortip_A_lead_3c,"node-R-A / rotortip_A_lead_3c - rotor face tip 3 lead (node R-A): in A-disc: under C1_rotor to 119.65 deg, in A-disc [Cu lead, rotor A]",node-R-A - Node R-A: ND5 - resonator end A: rotor A (C1 rotor face),gap-lead,rod,A-disc,R-A,,Cu lead,,,,,,,,1.5000,-345.604 453.275 -10.500,-281.964 495.375 -10.500,539.3734
rotortip_A_lead_3d,"node-R-A / rotortip_A_lead_3d - rotor face tip 3 lead (node R-A): in A-disc: riser to C1_rotor (node R-A), in A-disc [Cu lead, rotor A]",node-R-A - Node R-A: ND5 - resonator end A: rotor A (C1 rotor face),gap-lead,rod,A-disc,R-A,,Cu lead,,,,,,,,1.5000,-281.964 495.375 -10.500,-281.964 495.375 -25.750,107.7959
rotortip_A_4,"node-R-A / rotortip_A_4 - rotor face tip 4 of 6 (node R-A, rotor A), 12 mm W-Cu sphere on A-disc at r603 195 deg, apex 6 mm proud, 6 mm in its socket, in A-disc [W-Cu sphere, rotor A]",node-R-A - Node R-A: ND5 - resonator end A: rotor A (C1 rotor face),gap-rotor,sphere,A-disc,R-A,,W-Cu sphere,,,,,,,-582.453 -156.068 -21.000,6.0000,,,904.7787
rotortip_A_stem_4,"node-R-A / rotortip_A_stem_4 - rotor face tip 4 stem (node R-A): sphere centre to the lead plane in A-disc, in A-disc [Cu stem, rotor A]",node-R-A - Node R-A: ND5 - resonator end A: rotor A (C1 rotor face),gap-stem,rod,A-disc,R-A,,Cu stem,,,,,,,,2.0000,-582.453 -156.068 -21.000,-582.453 -156.068 -10.500,131.9469
rotortip_A_lead_4a,"node-R-A / rotortip_A_lead_4a - rotor face tip 4 lead (node R-A): in A-disc: radial to r570 at 195 deg, in A-disc [Cu lead, rotor A]",node-R-A - Node R-A: ND5 - resonator end A: rotor A (C1 rotor face),gap-lead,rod,A-disc,R-A,,Cu lead,,,,,,,,1.5000,-582.453 -156.068 -10.500,-550.578 -147.527 -10.500,233.2633
rotortip_A_lead_4b,"node-R-A / rotortip_A_lead_4b - rotor face tip 4 lead (node R-A): in A-disc: under C1_rotor to 179.65 deg, in A-disc [Cu lead, rotor A]",node-R-A - Node R-A: ND5 - resonator end A: rotor A (C1 rotor face),gap-lead,rod,A-disc,R-A,,Cu lead,,,,,,,,1.5000,-550.578 -147.527 -10.500,-565.349 -72.665 -10.500,539.3734
rotortip_A_lead_4c,"node-R-A / rotortip_A_lead_4c - rotor face tip 4 lead (node R-A): in A-disc: under C1_rotor to 179.65 deg, in A-disc [Cu lead, rotor A]",node-R-A - Node R-A: ND5 - resonator end A: rotor A (C1 rotor face),gap-lead,rod,A-disc,R-A,,Cu lead,,,,,,,,1.5000,-565.349 -72.665 -10.500,-569.989 3.500 -10.500,539.3734
rotortip_A_lead_4d,"node-R-A / rotortip_A_lead_4d - rotor face tip 4 lead (node R-A): in A-disc: riser to C1_rotor (node R-A), in A-disc [Cu lead, rotor A]",node-R-A - Node R-A: ND5 - resonator end A: rotor A (C1 rotor face),gap-lead,rod,A-disc,R-A,,Cu lead,,,,,,,,1.5000,-569.989 3.500 -10.500,-569.989 3.500 -25.750,107.7959
rotortip_A_5,"node-R-A / rotortip_A_5 - rotor face tip 5 of 6 (node R-A, rotor A), 12 mm W-Cu sphere on A-disc at r603 255 deg, apex 6 mm proud, 6 mm in its socket, in A-disc [W-Cu sphere, rotor A]",node-R-A - Node R-A: ND5 - resonator end A: rotor A (C1 rotor face),gap-rotor,sphere,A-disc,R-A,,W-Cu sphere,,,,,,,-156.068 -582.453 -21.000,6.0000,,,904.7787
rotortip_A_stem_5,"node-R-A / rotortip_A_stem_5 - rotor face tip 5 stem (node R-A): sphere centre to the lead plane in A-disc, in A-disc [Cu stem, rotor A]",node-R-A - Node R-A: ND5 - resonator end A: rotor A (C1 rotor face),gap-stem,rod,A-disc,R-A,,Cu stem,,,,,,,,2.0000,-156.068 -582.453 -21.000,-156.068 -582.453 -10.500,131.9469
rotortip_A_lead_5a,"node-R-A / rotortip_A_lead_5a - rotor face tip 5 lead (node R-A): in A-disc: radial to r570 at 255 deg, in A-disc [Cu lead, rotor A]",node-R-A - Node R-A: ND5 - resonator end A: rotor A (C1 rotor face),gap-lead,rod,A-disc,R-A,,Cu lead,,,,,,,,1.5000,-156.068 -582.453 -10.500,-147.527 -550.578 -10.500,233.2633
rotortip_A_lead_5b,"node-R-A / rotortip_A_lead_5b - rotor face tip 5 lead (node R-A): in A-disc: under C1_rotor to 239.65 deg, in A-disc [Cu lead, rotor A]",node-R-A - Node R-A: ND5 - resonator end A: rotor A (C1 rotor face),gap-lead,rod,A-disc,R-A,,Cu lead,,,,,,,,1.5000,-147.527 -550.578 -10.500,-219.745 -525.939 -10.500,539.3734
rotortip_A_lead_5c,"node-R-A / rotortip_A_lead_5c - rotor face tip 5 lead (node R-A): in A-disc: under C1_rotor to 239.65 deg, in A-disc [Cu lead, rotor A]",node-R-A - Node R-A: ND5 - resonator end A: rotor A (C1 rotor face),gap-lead,rod,A-disc,R-A,,Cu lead,,,,,,,,1.5000,-219.745 -525.939 -10.500,-288.026 -491.875 -10.500,539.3734
rotortip_A_lead_5d,"node-R-A / rotortip_A_lead_5d - rotor face tip 5 lead (node R-A): in A-disc: riser to C1_rotor (node R-A), in A-disc [Cu lead, rotor A]",node-R-A - Node R-A: ND5 - resonator end A: rotor A (C1 rotor face),gap-lead,rod,A-disc,R-A,,Cu lead,,,,,,,,1.5000,-288.026 -491.875 -10.500,-288.026 -491.875 -25.750,107.7959
rotortip_A_6,"node-R-A / rotortip_A_6 - rotor face tip 6 of 6 (node R-A, rotor A), 12 mm W-Cu sphere on A-disc at r603 315 deg, apex 6 mm proud, 6 mm in its socket, in A-disc [W-Cu sphere, rotor A]",node-R-A - Node R-A: ND5 - resonator end A: rotor A (C1 rotor face),gap-rotor,sphere,A-disc,R-A,,W-Cu sphere,,,,,,,426.385 -426.385 -21.000,6.0000,,,904.7787
rotortip_A_stem_6,"node-R-A / rotortip_A_stem_6 - rotor face tip 6 stem (node R-A): sphere centre to the lead plane in A-disc, in A-disc [Cu stem, rotor A]",node-R-A - Node R-A: ND5 - resonator end A: rotor A (C1 rotor face),gap-stem,rod,A-disc,R-A,,Cu stem,,,,,,,,2.0000,426.385 -426.385 -21.000,426.385 -426.385 -10.500,131.9469
rotortip_A_lead_6a,"node-R-A / rotortip_A_lead_6a - rotor face tip 6 lead (node R-A): in A-disc: radial to r570 at 315 deg, in A-disc [Cu lead, rotor A]",node-R-A - Node R-A: ND5 - resonator end A: rotor A (C1 rotor face),gap-lead,rod,A-disc,R-A,,Cu lead,,,,,,,,1.5000,426.385 -426.385 -10.500,403.051 -403.051 -10.500,233.2633
rotortip_A_lead_6b,"node-R-A / rotortip_A_lead_6b - rotor face tip 6 lead (node R-A): in A-disc: under C1_rotor to 299.65 deg, in A-disc [Cu lead, rotor A]",node-R-A - Node R-A: ND5 - resonator end A: rotor A (C1 rotor face),gap-lead,rod,A-disc,R-A,,Cu lead,,,,,,,,1.5000,403.051 -403.051 -10.500,345.604 -453.275 -10.500,539.3734
rotortip_A_lead_6c,"node-R-A / rotortip_A_lead_6c - rotor face tip 6 lead (node R-A): in A-disc: under C1_rotor to 299.65 deg, in A-disc [Cu lead, rotor A]",node-R-A - Node R-A: ND5 - resonator end A: rotor A (C1 rotor face),gap-lead,rod,A-disc,R-A,,Cu lead,,,,,,,,1.5000,345.604 -453.275 -10.500,281.964 -495.375 -10.500,539.3734
rotortip_A_lead_6d,"node-R-A / rotortip_A_lead_6d - rotor face tip 6 lead (node R-A): in A-disc: riser to C1_rotor (node R-A), in A-disc [Cu lead, rotor A]",node-R-A - Node R-A: ND5 - resonator end A: rotor A (C1 rotor face),gap-lead,rod,A-disc,R-A,,Cu lead,,,,,,,,1.5000,281.964 -495.375 -10.500,281.964 -495.375 -25.750,107.7959
bartip_B_1,"node-7 / bartip_B_1 - island bar tip 1 of 6 (node 7, rotor B), 12 mm W-Cu sphere hanging from B-flange at r597.5 15 deg outside the ND3 rim r583, its bottom 14 mm below the face, in B-flange [W-Cu sphere, rotor B]",node-7 - Node 7: ND7 - island on rotor B (Cx3 bars),gap-rotor,sphere,B-flange,7,,W-Cu sphere,,,,,,,577.141 154.644 98.000,6.0000,,,904.7787
bartip_B_stem_1,"node-7 / bartip_B_stem_1 - island bar tip 1 stem (node 7): sphere centre to the lead plane in B-flange, in B-flange [Cu stem, rotor B]",node-7 - Node 7: ND7 - island on rotor B (Cx3 bars),gap-stem,rod,B-flange,7,,Cu stem,,,,,,,,2.0000,577.141 154.644 98.000,577.141 154.644 110.500,157.0796
bartip_B_lead_1a,"node-7 / bartip_B_lead_1a - island bar tip 1 lead (node 7): in B-flange: radial to r514.55 at 15 deg, in B-flange [Cu lead, rotor B]",node-7 - Node 7: ND7 - island on rotor B (Cx3 bars),gap-lead,rod,B-flange,7,,Cu lead,,,,,,,,1.5000,577.141 154.644 110.500,497.015 133.175 110.500,586.3545
bartip_B_lead_1b,"node-7 / bartip_B_lead_1b - island bar tip 1 lead (node 7): in B-flange: under Cx3_bars to 30.39 deg, in B-flange [Cu lead, rotor B]",node-7 - Node 7: ND7 - island on rotor B (Cx3 bars),gap-lead,rod,B-flange,7,,Cu lead,,,,,,,,1.5000,497.015 133.175 110.500,474.708 198.525 110.500,488.1014
bartip_B_lead_1c,"node-7 / bartip_B_lead_1c - island bar tip 1 lead (node 7): in B-flange: under Cx3_bars to 30.39 deg, in B-flange [Cu lead, rotor B]",node-7 - Node 7: ND7 - island on rotor B (Cx3 bars),gap-lead,rod,B-flange,7,,Cu lead,,,,,,,,1.5000,474.708 198.525 110.500,443.851 260.299 110.500,488.1014
bartip_B_lead_1d,"node-7 / bartip_B_lead_1d - island bar tip 1 lead (node 7): in B-flange: riser to Cx3_bars (node 7), in B-flange [Cu lead, rotor B]",node-7 - Node 7: ND7 - island on rotor B (Cx3 bars),gap-lead,rod,B-flange,7,,Cu lead,,,,,,,,1.5000,443.851 260.299 110.500,443.851 260.299 105.500,35.3429
bartip_B_2,"node-7 / bartip_B_2 - island bar tip 2 of 6 (node 7, rotor B), 12 mm W-Cu sphere hanging from B-flange at r597.5 75 deg outside the ND3 rim r583, its bottom 14 mm below the face, in B-flange [W-Cu sphere, rotor B]",node-7 - Node 7: ND7 - island on rotor B (Cx3 bars),gap-rotor,sphere,B-flange,7,,W-Cu sphere,,,,,,,154.644 577.141 98.000,6.0000,,,904.7787
bartip_B_stem_2,"node-7 / bartip_B_stem_2 - island bar tip 2 stem (node 7): sphere centre to the lead plane in B-flange, in B-flange [Cu stem, rotor B]",node-7 - Node 7: ND7 - island on rotor B (Cx3 bars),gap-stem,rod,B-flange,7,,Cu stem,,,,,,,,2.0000,154.644 577.141 98.000,154.644 577.141 110.500,157.0796
bartip_B_lead_2a,"node-7 / bartip_B_lead_2a - island bar tip 2 lead (node 7): in B-flange: radial to r514.55 at 75 deg, in B-flange [Cu lead, rotor B]",node-7 - Node 7: ND7 - island on rotor B (Cx3 bars),gap-lead,rod,B-flange,7,,Cu lead,,,,,,,,1.5000,154.644 577.141 110.500,133.175 497.015 110.500,586.3545
bartip_B_lead_2b,"node-7 / bartip_B_lead_2b - island bar tip 2 lead (node 7): in B-flange: under Cx3_bars to 59.61 deg, in B-flange [Cu lead, rotor B]",node-7 - Node 7: ND7 - island on rotor B (Cx3 bars),gap-lead,rod,B-flange,7,,Cu lead,,,,,,,,1.5000,133.175 497.015 110.500,198.525 474.708 110.500,488.1014
bartip_B_lead_2c,"node-7 / bartip_B_lead_2c - island bar tip 2 lead (node 7): in B-flange: under Cx3_bars to 59.61 deg, in B-flange [Cu lead, rotor B]",node-7 - Node 7: ND7 - island on rotor B (Cx3 bars),gap-lead,rod,B-flange,7,,Cu lead,,,,,,,,1.5000,198.525 474.708 110.500,260.299 443.851 110.500,488.1014
bartip_B_lead_2d,"node-7 / bartip_B_lead_2d - island bar tip 2 lead (node 7): in B-flange: riser to Cx3_bars (node 7), in B-flange [Cu lead, rotor B]",node-7 - Node 7: ND7 - island on rotor B (Cx3 bars),gap-lead,rod,B-flange,7,,Cu lead,,,,,,,,1.5000,260.299 443.851 110.500,260.299 443.851 105.500,35.3429
bartip_B_3,"node-7 / bartip_B_3 - island bar tip 3 of 6 (node 7, rotor B), 12 mm W-Cu sphere hanging from B-flange at r597.5 135 deg outside the ND3 rim r583, its bottom 14 mm below the face, in B-flange [W-Cu sphere, rotor B]",node-7 - Node 7: ND7 - island on rotor B (Cx3 bars),gap-rotor,sphere,B-flange,7,,W-Cu sphere,,,,,,,-422.496 422.496 98.000,6.0000,,,904.7787
bartip_B_stem_3,"node-7 / bartip_B_stem_3 - island bar tip 3 stem (node 7): sphere centre to the lead plane in B-flange, in B-flange [Cu stem, rotor B]",node-7 - Node 7: ND7 - island on rotor B (Cx3 bars),gap-stem,rod,B-flange,7,,Cu stem,,,,,,,,2.0000,-422.496 422.496 98.000,-422.496 422.496 110.500,157.0796
bartip_B_lead_3a,"node-7 / bartip_B_lead_3a - island bar tip 3 lead (node 7): in B-flange: radial to r514.55 at 135 deg, in B-flange [Cu lead, rotor B]",node-7 - Node 7: ND7 - island on rotor B (Cx3 bars),gap-lead,rod,B-flange,7,,Cu lead,,,,,,,,1.5000,-422.496 422.496 110.500,-363.840 363.840 110.500,586.3545
bartip_B_lead_3b,"node-7 / bartip_B_lead_3b - island bar tip 3 lead (node 7): in B-flange: under Cx3_bars to 119.61 deg, in B-flange [Cu lead, rotor B]",node-7 - Node 7: ND7 - island on rotor B (Cx3 bars),gap-lead,rod,B-flange,7,,Cu lead,,,,,,,,1.5000,-363.840 363.840 110.500,-311.847 409.281 110.500,488.1014
bartip_B_lead_3c,"node-7 / bartip_B_lead_3c - island bar tip 3 lead (node 7): in B-flange: under Cx3_bars to 119.61 deg, in B-flange [Cu lead, rotor B]",node-7 - Node 7: ND7 - island on rotor B (Cx3 bars),gap-lead,rod,B-flange,7,,Cu lead,,,,,,,,1.5000,-311.847 409.281 110.500,-254.237 447.351 110.500,488.1014
bartip_B_lead_3d,"node-7 / bartip_B_lead_3d - island bar tip 3 lead (node 7): in B-flange: riser to Cx3_bars (node 7), in B-flange [Cu lead, rotor B]",node-7 - Node 7: ND7 - island on rotor B (Cx3 bars),gap-lead,rod,B-flange,7,,Cu lead,,,,,,,,1.5000,-254.237 447.351 110.500,-254.237 447.351 105.500,35.3429
bartip_B_4,"node-7 / bartip_B_4 - island bar tip 4 of 6 (node 7, rotor B), 12 mm W-Cu sphere hanging from B-flange at r597.5 195 deg outside the ND3 rim r583, its bottom 14 mm below the face, in B-flange [W-Cu sphere, rotor B]",node-7 - Node 7: ND7 - island on rotor B (Cx3 bars),gap-rotor,sphere,B-flange,7,,W-Cu sphere,,,,,,,-577.141 -154.644 98.000,6.0000,,,904.7787
bartip_B_stem_4,"node-7 / bartip_B_stem_4 - island bar tip 4 stem (node 7): sphere centre to the lead plane in B-flange, in B-flange [Cu stem, rotor B]",node-7 - Node 7: ND7 - island on rotor B (Cx3 bars),gap-stem,rod,B-flange,7,,Cu stem,,,,,,,,2.0000,-577.141 -154.644 98.000,-577.141 -154.644 110.500,157.0796
bartip_B_lead_4a,"node-7 / bartip_B_lead_4a - island bar tip 4 lead (node 7): in B-flange: radial to r514.55 at 195 deg, in B-flange [Cu lead, rotor B]",node-7 - Node 7: ND7 - island on rotor B (Cx3 bars),gap-lead,rod,B-flange,7,,Cu lead,,,,,,,,1.5000,-577.141 -154.644 110.500,-497.015 -133.175 110.500,586.3545
bartip_B_lead_4b,"node-7 / bartip_B_lead_4b - island bar tip 4 lead (node 7): in B-flange: under Cx3_bars to 179.61 deg, in B-flange [Cu lead, rotor B]",node-7 - Node 7: ND7 - island on rotor B (Cx3 bars),gap-lead,rod,B-flange,7,,Cu lead,,,,,,,,1.5000,-497.015 -133.175 110.500,-510.371 -65.427 110.500,488.1014
bartip_B_lead_4c,"node-7 / bartip_B_lead_4c - island bar tip 4 lead (node 7): in B-flange: under Cx3_bars to 179.61 deg, in B-flange [Cu lead, rotor B]",node-7 - Node 7: ND7 - island on rotor B (Cx3 bars),gap-lead,rod,B-flange,7,,Cu lead,,,,,,,,1.5000,-510.371 -65.427 110.500,-514.536 3.500 110.500,488.1014
bartip_B_lead_4d,"node-7 / bartip_B_lead_4d - island bar tip 4 lead (node 7): in B-flange: riser to Cx3_bars (node 7), in B-flange [Cu lead, rotor B]",node-7 - Node 7: ND7 - island on rotor B (Cx3 bars),gap-lead,rod,B-flange,7,,Cu lead,,,,,,,,1.5000,-514.536 3.500 110.500,-514.536 3.500 105.500,35.3429
bartip_B_5,"node-7 / bartip_B_5 - island bar tip 5 of 6 (node 7, rotor B), 12 mm W-Cu sphere hanging from B-flange at r597.5 255 deg outside the ND3 rim r583, its bottom 14 mm below the face, in B-flange [W-Cu sphere, rotor B]",node-7 - Node 7: ND7 - island on rotor B (Cx3 bars),gap-rotor,sphere,B-flange,7,,W-Cu sphere,,,,,,,-154.644 -577.141 98.000,6.0000,,,904.7787
bartip_B_stem_5,"node-7 / bartip_B_stem_5 - island bar tip 5 stem (node 7): sphere centre to the lead plane in B-flange, in B-flange [Cu stem, rotor B]",node-7 - Node 7: ND7 - island on rotor B (Cx3 bars),gap-stem,rod,B-flange,7,,Cu stem,,,,,,,,2.0000,-154.644 -577.141 98.000,-154.644 -577.141 110.500,157.0796
bartip_B_lead_5a,"node-7 / bartip_B_lead_5a - island bar tip 5 lead (node 7): in B-flange: radial to r514.55 at 255 deg, in B-flange [Cu lead, rotor B]",node-7 - Node 7: ND7 - island on rotor B (Cx3 bars),gap-lead,rod,B-flange,7,,Cu lead,,,,,,,,1.5000,-154.644 -577.141 110.500,-133.175 -497.015 110.500,586.3545
bartip_B_lead_5b,"node-7 / bartip_B_lead_5b - island bar tip 5 lead (node 7): in B-flange: under Cx3_bars to 239.61 deg, in B-flange [Cu lead, rotor B]",node-7 - Node 7: ND7 - island on rotor B (Cx3 bars),gap-lead,rod,B-flange,7,,Cu lead,,,,,,,,1.5000,-133.175 -497.015 110.500,-198.525 -474.708 110.500,488.1014
bartip_B_lead_5c,"node-7 / bartip_B_lead_5c - island bar tip 5 lead (node 7): in B-flange: under Cx3_bars to 239.61 deg, in B-flange [Cu lead, rotor B]",node-7 - Node 7: ND7 - island on rotor B (Cx3 bars),gap-lead,rod,B-flange,7,,Cu lead,,,,,,,,1.5000,-198.525 -474.708 110.500,-260.299 -443.851 110.500,488.1014
bartip_B_lead_5d,"node-7 / bartip_B_lead_5d - island bar tip 5 lead (node 7): in B-flange: riser to Cx3_bars (node 7), in B-flange [Cu lead, rotor B]",node-7 - Node 7: ND7 - island on rotor B (Cx3 bars),gap-lead,rod,B-flange,7,,Cu lead,,,,,,,,1.5000,-260.299 -443.851 110.500,-260.299 -443.851 105.500,35.3429
bartip_B_6,"node-7 / bartip_B_6 - island bar tip 6 of 6 (node 7, rotor B), 12 mm W-Cu sphere hanging from B-flange at r597.5 315 deg outside the ND3 rim r583, its bottom 14 mm below the face, in B-flange [W-Cu sphere, rotor B]",node-7 - Node 7: ND7 - island on rotor B (Cx3 bars),gap-rotor,sphere,B-flange,7,,W-Cu sphere,,,,,,,422.496 -422.496 98.000,6.0000,,,904.7787
bartip_B_stem_6,"node-7 / bartip_B_stem_6 - island bar tip 6 stem (node 7): sphere centre to the lead plane in B-flange, in B-flange [Cu stem, rotor B]",node-7 - Node 7: ND7 - island on rotor B (Cx3 bars),gap-stem,rod,B-flange,7,,Cu stem,,,,,,,,2.0000,422.496 -422.496 98.000,422.496 -422.496 110.500,157.0796
bartip_B_lead_6a,"node-7 / bartip_B_lead_6a - island bar tip 6 lead (node 7): in B-flange: radial to r514.55 at 315 deg, in B-flange [Cu lead, rotor B]",node-7 - Node 7: ND7 - island on rotor B (Cx3 bars),gap-lead,rod,B-flange,7,,Cu lead,,,,,,,,1.5000,422.496 -422.496 110.500,363.840 -363.840 110.500,586.3545
bartip_B_lead_6b,"node-7 / bartip_B_lead_6b - island bar tip 6 lead (node 7): in B-flange: under Cx3_bars to 299.61 deg, in B-flange [Cu lead, rotor B]",node-7 - Node 7: ND7 - island on rotor B (Cx3 bars),gap-lead,rod,B-flange,7,,Cu lead,,,,,,,,1.5000,363.840 -363.840 110.500,311.847 -409.281 110.500,488.1014
bartip_B_lead_6c,"node-7 / bartip_B_lead_6c - island bar tip 6 lead (node 7): in B-flange: under Cx3_bars to 299.61 deg, in B-flange [Cu lead, rotor B]",node-7 - Node 7: ND7 - island on rotor B (Cx3 bars),gap-lead,rod,B-flange,7,,Cu lead,,,,,,,,1.5000,311.847 -409.281 110.500,254.237 -447.351 110.500,488.1014
bartip_B_lead_6d,"node-7 / bartip_B_lead_6d - island bar tip 6 lead (node 7): in B-flange: riser to Cx3_bars (node 7), in B-flange [Cu lead, rotor B]",node-7 - Node 7: ND7 - island on rotor B (Cx3 bars),gap-lead,rod,B-flange,7,,Cu lead,,,,,,,,1.5000,254.237 -447.351 110.500,254.237 -447.351 105.500,35.3429
rotortip_B_1,"node-R-B / rotortip_B_1 - rotor face tip 1 of 6 (node R-B, rotor B), 12 mm W-Cu sphere on B-disc at r603 15 deg, apex 6 mm proud, 6 mm in its socket, in B-disc [W-Cu sphere, rotor B]",node-R-B - Node R-B: ND6 - resonator end B: rotor B (C2 rotor face),gap-rotor,sphere,B-disc,R-B,,W-Cu sphere,,,,,,,582.453 156.068 21.000,6.0000,,,904.7787
rotortip_B_stem_1,"node-R-B / rotortip_B_stem_1 - rotor face tip 1 stem (node R-B): sphere centre to the lead plane in B-disc, in B-disc [Cu stem, rotor B]",node-R-B - Node R-B: ND6 - resonator end B: rotor B (C2 rotor face),gap-stem,rod,B-disc,R-B,,Cu stem,,,,,,,,2.0000,582.453 156.068 21.000,582.453 156.068 10.500,131.9469
rotortip_B_lead_1a,"node-R-B / rotortip_B_lead_1a - rotor face tip 1 lead (node R-B): in B-disc: radial to r570 at 15 deg, in B-disc [Cu lead, rotor B]",node-R-B - Node R-B: ND6 - resonator end B: rotor B (C2 rotor face),gap-lead,rod,B-disc,R-B,,Cu lead,,,,,,,,1.5000,582.453 156.068 10.500,550.578 147.527 10.500,233.2633
rotortip_B_lead_1b,"node-R-B / rotortip_B_lead_1b - rotor face tip 1 lead (node R-B): in B-disc: under C2_rotor to 30.35 deg, in B-disc [Cu lead, rotor B]",node-R-B - Node R-B: ND6 - resonator end B: rotor B (C2 rotor face),gap-lead,rod,B-disc,R-B,,Cu lead,,,,,,,,1.5000,550.578 147.527 10.500,525.939 219.745 10.500,539.3734
rotortip_B_lead_1c,"node-R-B / rotortip_B_lead_1c - rotor face tip 1 lead (node R-B): in B-disc: under C2_rotor to 30.35 deg, in B-disc [Cu lead, rotor B]",node-R-B - Node R-B: ND6 - resonator end B: rotor B (C2 rotor face),gap-lead,rod,B-disc,R-B,,Cu lead,,,,,,,,1.5000,525.939 219.745 10.500,491.875 288.026 10.500,539.3734
rotortip_B_lead_1d,"node-R-B / rotortip_B_lead_1d - rotor face tip 1 lead (node R-B): in B-disc: riser to C2_rotor (node R-B), in B-disc [Cu lead, rotor B]",node-R-B - Node R-B: ND6 - resonator end B: rotor B (C2 rotor face),gap-lead,rod,B-disc,R-B,,Cu lead,,,,,,,,1.5000,491.875 288.026 10.500,491.875 288.026 25.750,107.7959
rotortip_B_2,"node-R-B / rotortip_B_2 - rotor face tip 2 of 6 (node R-B, rotor B), 12 mm W-Cu sphere on B-disc at r603 75 deg, apex 6 mm proud, 6 mm in its socket, in B-disc [W-Cu sphere, rotor B]",node-R-B - Node R-B: ND6 - resonator end B: rotor B (C2 rotor face),gap-rotor,sphere,B-disc,R-B,,W-Cu sphere,,,,,,,156.068 582.453 21.000,6.0000,,,904.7787
rotortip_B_stem_2,"node-R-B / rotortip_B_stem_2 - rotor face tip 2 stem (node R-B): sphere centre to the lead plane in B-disc, in B-disc [Cu stem, rotor B]",node-R-B - Node R-B: ND6 - resonator end B: rotor B (C2 rotor face),gap-stem,rod,B-disc,R-B,,Cu stem,,,,,,,,2.0000,156.068 582.453 21.000,156.068 582.453 10.500,131.9469
rotortip_B_lead_2a,"node-R-B / rotortip_B_lead_2a - rotor face tip 2 lead (node R-B): in B-disc: radial to r570 at 75 deg, in B-disc [Cu lead, rotor B]",node-R-B - Node R-B: ND6 - resonator end B: rotor B (C2 rotor face),gap-lead,rod,B-disc,R-B,,Cu lead,,,,,,,,1.5000,156.068 582.453 10.500,147.527 550.578 10.500,233.2633
rotortip_B_lead_2b,"node-R-B / rotortip_B_lead_2b - rotor face tip 2 lead (node R-B): in B-disc: under C2_rotor to 59.65 deg, in B-disc [Cu lead, rotor B]",node-R-B - Node R-B: ND6 - resonator end B: rotor B (C2 rotor face),gap-lead,rod,B-disc,R-B,,Cu lead,,,,,,,,1.5000,147.527 550.578 10.500,219.745 525.939 10.500,539.3734
rotortip_B_lead_2c,"node-R-B / rotortip_B_lead_2c - rotor face tip 2 lead (node R-B): in B-disc: under C2_rotor to 59.65 deg, in B-disc [Cu lead, rotor B]",node-R-B - Node R-B: ND6 - resonator end B: rotor B (C2 rotor face),gap-lead,rod,B-disc,R-B,,Cu lead,,,,,,,,1.5000,219.745 525.939 10.500,288.026 491.875 10.500,539.3734
rotortip_B_lead_2d,"node-R-B / rotortip_B_lead_2d - rotor face tip 2 lead (node R-B): in B-disc: riser to C2_rotor (node R-B), in B-disc [Cu lead, rotor B]",node-R-B - Node R-B: ND6 - resonator end B: rotor B (C2 rotor face),gap-lead,rod,B-disc,R-B,,Cu lead,,,,,,,,1.5000,288.026 491.875 10.500,288.026 491.875 25.750,107.7959
rotortip_B_3,"node-R-B / rotortip_B_3 - rotor face tip 3 of 6 (node R-B, rotor B), 12 mm W-Cu sphere on B-disc at r603 135 deg, apex 6 mm proud, 6 mm in its socket, in B-disc [W-Cu sphere, rotor B]",node-R-B - Node R-B: ND6 - resonator end B: rotor B (C2 rotor face),gap-rotor,sphere,B-disc,R-B,,W-Cu sphere,,,,,,,-426.385 426.385 21.000,6.0000,,,904.7787
rotortip_B_stem_3,"node-R-B / rotortip_B_stem_3 - rotor face tip 3 stem (node R-B): sphere centre to the lead plane in B-disc, in B-disc [Cu stem, rotor B]",node-R-B - Node R-B: ND6 - resonator end B: rotor B (C2 rotor face),gap-stem,rod,B-disc,R-B,,Cu stem,,,,,,,,2.0000,-426.385 426.385 21.000,-426.385 426.385 10.500,131.9469
rotortip_B_lead_3a,"node-R-B / rotortip_B_lead_3a - rotor face tip 3 lead (node R-B): in B-disc: radial to r570 at 135 deg, in B-disc [Cu lead, rotor B]",node-R-B - Node R-B: ND6 - resonator end B: rotor B (C2 rotor face),gap-lead,rod,B-disc,R-B,,Cu lead,,,,,,,,1.5000,-426.385 426.385 10.500,-403.051 403.051 10.500,233.2633
rotortip_B_lead_3b,"node-R-B / rotortip_B_lead_3b - rotor face tip 3 lead (node R-B): in B-disc: under C2_rotor to 119.65 deg, in B-disc [Cu lead, rotor B]",node-R-B - Node R-B: ND6 - resonator end B: rotor B (C2 rotor face),gap-lead,rod,B-disc,R-B,,Cu lead,,,,,,,,1.5000,-403.051 403.051 10.500,-345.604 453.275 10.500,539.3734
rotortip_B_lead_3c,"node-R-B / rotortip_B_lead_3c - rotor face tip 3 lead (node R-B): in B-disc: under C2_rotor to 119.65 deg, in B-disc [Cu lead, rotor B]",node-R-B - Node R-B: ND6 - resonator end B: rotor B (C2 rotor face),gap-lead,rod,B-disc,R-B,,Cu lead,,,,,,,,1.5000,-345.604 453.275 10.500,-281.964 495.375 10.500,539.3734
rotortip_B_lead_3d,"node-R-B / rotortip_B_lead_3d - rotor face tip 3 lead (node R-B): in B-disc: riser to C2_rotor (node R-B), in B-disc [Cu lead, rotor B]",node-R-B - Node R-B: ND6 - resonator end B: rotor B (C2 rotor face),gap-lead,rod,B-disc,R-B,,Cu lead,,,,,,,,1.5000,-281.964 495.375 10.500,-281.964 495.375 25.750,107.7959
rotortip_B_4,"node-R-B / rotortip_B_4 - rotor face tip 4 of 6 (node R-B, rotor B), 12 mm W-Cu sphere on B-disc at r603 195 deg, apex 6 mm proud, 6 mm in its socket, in B-disc [W-Cu sphere, rotor B]",node-R-B - Node R-B: ND6 - resonator end B: rotor B (C2 rotor face),gap-rotor,sphere,B-disc,R-B,,W-Cu sphere,,,,,,,-582.453 -156.068 21.000,6.0000,,,904.7787
rotortip_B_stem_4,"node-R-B / rotortip_B_stem_4 - rotor face tip 4 stem (node R-B): sphere centre to the lead plane in B-disc, in B-disc [Cu stem, rotor B]",node-R-B - Node R-B: ND6 - resonator end B: rotor B (C2 rotor face),gap-stem,rod,B-disc,R-B,,Cu stem,,,,,,,,2.0000,-582.453 -156.068 21.000,-582.453 -156.068 10.500,131.9469
rotortip_B_lead_4a,"node-R-B / rotortip_B_lead_4a - rotor face tip 4 lead (node R-B): in B-disc: radial to r570 at 195 deg, in B-disc [Cu lead, rotor B]",node-R-B - Node R-B: ND6 - resonator end B: rotor B (C2 rotor face),gap-lead,rod,B-disc,R-B,,Cu lead,,,,,,,,1.5000,-582.453 -156.068 10.500,-550.578 -147.527 10.500,233.2633
rotortip_B_lead_4b,"node-R-B / rotortip_B_lead_4b - rotor face tip 4 lead (node R-B): in B-disc: under C2_rotor to 179.65 deg, in B-disc [Cu lead, rotor B]",node-R-B - Node R-B: ND6 - resonator end B: rotor B (C2 rotor face),gap-lead,rod,B-disc,R-B,,Cu lead,,,,,,,,1.5000,-550.578 -147.527 10.500,-565.349 -72.665 10.500,539.3734
rotortip_B_lead_4c,"node-R-B / rotortip_B_lead_4c - rotor face tip 4 lead (node R-B): in B-disc: under C2_rotor to 179.65 deg, in B-disc [Cu lead, rotor B]",node-R-B - Node R-B: ND6 - resonator end B: rotor B (C2 rotor face),gap-lead,rod,B-disc,R-B,,Cu lead,,,,,,,,1.5000,-565.349 -72.665 10.500,-569.989 3.500 10.500,539.3734
rotortip_B_lead_4d,"node-R-B / rotortip_B_lead_4d - rotor face tip 4 lead (node R-B): in B-disc: riser to C2_rotor (node R-B), in B-disc [Cu lead, rotor B]",node-R-B - Node R-B: ND6 - resonator end B: rotor B (C2 rotor face),gap-lead,rod,B-disc,R-B,,Cu lead,,,,,,,,1.5000,-569.989 3.500 10.500,-569.989 3.500 25.750,107.7959
rotortip_B_5,"node-R-B / rotortip_B_5 - rotor face tip 5 of 6 (node R-B, rotor B), 12 mm W-Cu sphere on B-disc at r603 255 deg, apex 6 mm proud, 6 mm in its socket, in B-disc [W-Cu sphere, rotor B]",node-R-B - Node R-B: ND6 - resonator end B: rotor B (C2 rotor face),gap-rotor,sphere,B-disc,R-B,,W-Cu sphere,,,,,,,-156.068 -582.453 21.000,6.0000,,,904.7787
rotortip_B_stem_5,"node-R-B / rotortip_B_stem_5 - rotor face tip 5 stem (node R-B): sphere centre to the lead plane in B-disc, in B-disc [Cu stem, rotor B]",node-R-B - Node R-B: ND6 - resonator end B: rotor B (C2 rotor face),gap-stem,rod,B-disc,R-B,,Cu stem,,,,,,,,2.0000,-156.068 -582.453 21.000,-156.068 -582.453 10.500,131.9469
rotortip_B_lead_5a,"node-R-B / rotortip_B_lead_5a - rotor face tip 5 lead (node R-B): in B-disc: radial to r570 at 255 deg, in B-disc [Cu lead, rotor B]",node-R-B - Node R-B: ND6 - resonator end B: rotor B (C2 rotor face),gap-lead,rod,B-disc,R-B,,Cu lead,,,,,,,,1.5000,-156.068 -582.453 10.500,-147.527 -550.578 10.500,233.2633
rotortip_B_lead_5b,"node-R-B / rotortip_B_lead_5b - rotor face tip 5 lead (node R-B): in B-disc: under C2_rotor to 239.65 deg, in B-disc [Cu lead, rotor B]",node-R-B - Node R-B: ND6 - resonator end B: rotor B (C2 rotor face),gap-lead,rod,B-disc,R-B,,Cu lead,,,,,,,,1.5000,-147.527 -550.578 10.500,-219.745 -525.939 10.500,539.3734
rotortip_B_lead_5c,"node-R-B / rotortip_B_lead_5c - rotor face tip 5 lead (node R-B): in B-disc: under C2_rotor to 239.65 deg, in B-disc [Cu lead, rotor B]",node-R-B - Node R-B: ND6 - resonator end B: rotor B (C2 rotor face),gap-lead,rod,B-disc,R-B,,Cu lead,,,,,,,,1.5000,-219.745 -525.939 10.500,-288.026 -491.875 10.500,539.3734
rotortip_B_lead_5d,"node-R-B / rotortip_B_lead_5d - rotor face tip 5 lead (node R-B): in B-disc: riser to C2_rotor (node R-B), in B-disc [Cu lead, rotor B]",node-R-B - Node R-B: ND6 - resonator end B: rotor B (C2 rotor face),gap-lead,rod,B-disc,R-B,,Cu lead,,,,,,,,1.5000,-288.026 -491.875 10.500,-288.026 -491.875 25.750,107.7959
rotortip_B_6,"node-R-B / rotortip_B_6 - rotor face tip 6 of 6 (node R-B, rotor B), 12 mm W-Cu sphere on B-disc at r603 315 deg, apex 6 mm proud, 6 mm in its socket, in B-disc [W-Cu sphere, rotor B]",node-R-B - Node R-B: ND6 - resonator end B: rotor B (C2 rotor face),gap-rotor,sphere,B-disc,R-B,,W-Cu sphere,,,,,,,426.385 -426.385 21.000,6.0000,,,904.7787
rotortip_B_stem_6,"node-R-B / rotortip_B_stem_6 - rotor face tip 6 stem (node R-B): sphere centre to the lead plane in B-disc, in B-disc [Cu stem, rotor B]",node-R-B - Node R-B: ND6 - resonator end B: rotor B (C2 rotor face),gap-stem,rod,B-disc,R-B,,Cu stem,,,,,,,,2.0000,426.385 -426.385 21.000,426.385 -426.385 10.500,131.9469
rotortip_B_lead_6a,"node-R-B / rotortip_B_lead_6a - rotor face tip 6 lead (node R-B): in B-disc: radial to r570 at 315 deg, in B-disc [Cu lead, rotor B]",node-R-B - Node R-B: ND6 - resonator end B: rotor B (C2 rotor face),gap-lead,rod,B-disc,R-B,,Cu lead,,,,,,,,1.5000,426.385 -426.385 10.500,403.051 -403.051 10.500,233.2633
rotortip_B_lead_6b,"node-R-B / rotortip_B_lead_6b - rotor face tip 6 lead (node R-B): in B-disc: under C2_rotor to 299.65 deg, in B-disc [Cu lead, rotor B]",node-R-B - Node R-B: ND6 - resonator end B: rotor B (C2 rotor face),gap-lead,rod,B-disc,R-B,,Cu lead,,,,,,,,1.5000,403.051 -403.051 10.500,345.604 -453.275 10.500,539.3734
rotortip_B_lead_6c,"node-R-B / rotortip_B_lead_6c - rotor face tip 6 lead (node R-B): in B-disc: under C2_rotor to 299.65 deg, in B-disc [Cu lead, rotor B]",node-R-B - Node R-B: ND6 - resonator end B: rotor B (C2 rotor face),gap-lead,rod,B-disc,R-B,,Cu lead,,,,,,,,1.5000,345.604 -453.275 10.500,281.964 -495.375 10.500,539.3734
rotortip_B_lead_6d,"node-R-B / rotortip_B_lead_6d - rotor face tip 6 lead (node R-B): in B-disc: riser to C2_rotor (node R-B), in B-disc [Cu lead, rotor B]",node-R-B - Node R-B: ND6 - resonator end B: rotor B (C2 rotor face),gap-lead,rod,B-disc,R-B,,Cu lead,,,,,,,,1.5000,281.964 -495.375 10.500,281.964 -495.375 25.750,107.7959
ND1_link_1,"node-1 / ND1_link_1 - ND1 equipotential link 1 of 6 (node 1): C1_stator <-> Ca_counter through ND1 at r337.5 45 deg, 18.5 mm, in ND1 [Cu link, stator]",node-1 - Node 1: ND1 - A-rail: C1 stator plate + Ca counter-electrode,link,rod,ND1,1,,Cu link,,,,,,,,1.5000,238.649 238.649 -33.750,238.649 238.649 -53.250,137.8374
ND1_link_2,"node-1 / ND1_link_2 - ND1 equipotential link 2 of 6 (node 1): C1_stator <-> Ca_counter through ND1 at r337.5 105 deg, 18.5 mm, in ND1 [Cu link, stator]",node-1 - Node 1: ND1 - A-rail: C1 stator plate + Ca counter-electrode,link,rod,ND1,1,,Cu link,,,,,,,,1.5000,-87.351 326.000 -33.750,-87.351 326.000 -53.250,137.8374
ND1_link_3,"node-1 / ND1_link_3 - ND1 equipotential link 3 of 6 (node 1): C1_stator <-> Ca_counter through ND1 at r337.5 165 deg, 18.5 mm, in ND1 [Cu link, stator]",node-1 - Node 1: ND1 - A-rail: C1 stator plate + Ca counter-electrode,link,rod,ND1,1,,Cu link,,,,,,,,1.5000,-326.000 87.351 -33.750,-326.000 87.351 -53.250,137.8374
ND1_link_4,"node-1 / ND1_link_4 - ND1 equipotential link 4 of 6 (node 1): C1_stator <-> Ca_counter through ND1 at r337.5 225 deg, 18.5 mm, in ND1 [Cu link, stator]",node-1 - Node 1: ND1 - A-rail: C1 stator plate + Ca counter-electrode,link,rod,ND1,1,,Cu link,,,,,,,,1.5000,-238.649 -238.649 -33.750,-238.649 -238.649 -53.250,137.8374
ND1_link_5,"node-1 / ND1_link_5 - ND1 equipotential link 5 of 6 (node 1): C1_stator <-> Ca_counter through ND1 at r337.5 285 deg, 18.5 mm, in ND1 [Cu link, stator]",node-1 - Node 1: ND1 - A-rail: C1 stator plate + Ca counter-electrode,link,rod,ND1,1,,Cu link,,,,,,,,1.5000,87.351 -326.000 -33.750,87.351 -326.000 -53.250,137.8374
ND1_link_6,"node-1 / ND1_link_6 - ND1 equipotential link 6 of 6 (node 1): C1_stator <-> Ca_counter through ND1 at r337.5 345 deg, 18.5 mm, in ND1 [Cu link, stator]",node-1 - Node 1: ND1 - A-rail: C1 stator plate + Ca counter-electrode,link,rod,ND1,1,,Cu link,,,,,,,,1.5000,326.000 -87.351 -33.750,326.000 -87.351 -53.250,137.8374
ND4_link_1,"node-4 / ND4_link_1 - ND4 equipotential link 1 of 6 (node 4): C2_stator <-> Cb_counter through ND4 at r337.5 15 deg, 18.5 mm, in ND4 [Cu link, stator]",node-4 - Node 4: ND4 - B-rail: C2 stator plate + Cb counter-electrode,link,rod,ND4,4,,Cu link,,,,,,,,1.5000,326.000 87.351 33.750,326.000 87.351 53.250,137.8374
ND4_link_2,"node-4 / ND4_link_2 - ND4 equipotential link 2 of 6 (node 4): C2_stator <-> Cb_counter through ND4 at r337.5 75 deg, 18.5 mm, in ND4 [Cu link, stator]",node-4 - Node 4: ND4 - B-rail: C2 stator plate + Cb counter-electrode,link,rod,ND4,4,,Cu link,,,,,,,,1.5000,87.351 326.000 33.750,87.351 326.000 53.250,137.8374
ND4_link_3,"node-4 / ND4_link_3 - ND4 equipotential link 3 of 6 (node 4): C2_stator <-> Cb_counter through ND4 at r337.5 135 deg, 18.5 mm, in ND4 [Cu link, stator]",node-4 - Node 4: ND4 - B-rail: C2 stator plate + Cb counter-electrode,link,rod,ND4,4,,Cu link,,,,,,,,1.5000,-238.649 238.649 33.750,-238.649 238.649 53.250,137.8374
ND4_link_4,"node-4 / ND4_link_4 - ND4 equipotential link 4 of 6 (node 4): C2_stator <-> Cb_counter through ND4 at r337.5 195 deg, 18.5 mm, in ND4 [Cu link, stator]",node-4 - Node 4: ND4 - B-rail: C2 stator plate + Cb counter-electrode,link,rod,ND4,4,,Cu link,,,,,,,,1.5000,-326.000 -87.351 33.750,-326.000 -87.351 53.250,137.8374
ND4_link_5,"node-4 / ND4_link_5 - ND4 equipotential link 5 of 6 (node 4): C2_stator <-> Cb_counter through ND4 at r337.5 255 deg, 18.5 mm, in ND4 [Cu link, stator]",node-4 - Node 4: ND4 - B-rail: C2 stator plate + Cb counter-electrode,link,rod,ND4,4,,Cu link,,,,,,,,1.5000,-87.351 -326.000 33.750,-87.351 -326.000 53.250,137.8374
ND4_link_6,"node-4 / ND4_link_6 - ND4 equipotential link 6 of 6 (node 4): C2_stator <-> Cb_counter through ND4 at r337.5 315 deg, 18.5 mm, in ND4 [Cu link, stator]",node-4 - Node 4: ND4 - B-rail: C2 stator plate + Cb counter-electrode,link,rod,ND4,4,,Cu link,,,,,,,,1.5000,238.649 -238.649 33.750,238.649 -238.649 53.250,137.8374
bus_ND1_1,"node-1 / bus_ND1_1 - ND1 bus ring (node 1): joins the 6 sectors of Ca_counter, r96.5, 3 x 3 mm, embedded 2.25 mm under its face, in ND1 [Cu bus, stator]",node-1 - Node 1: ND1 - A-rail: C1 stator plate + Ca counter-electrode,bus,sector,ND1,1,,Cu bus,95.0000,98.0000,0.0000,360.0000,-50.5000,-47.5000,,,,,5456.9464
bus_ND1_1_riser_1,"node-1 / bus_ND1_1_riser_1 - ND1 bus riser 1 of 6 (node 1): bus ring to Ca_counter at 45 deg, in ND1 [Cu bus, stator]",node-1 - Node 1: ND1 - A-rail: C1 stator plate + Ca counter-electrode,bus,rod,ND1,1,,Cu bus,,,,,,,,1.5000,68.236 68.236 -49.000,68.236 68.236 -53.250,30.0415
bus_ND1_1_riser_2,"node-1 / bus_ND1_1_riser_2 - ND1 bus riser 2 of 6 (node 1): bus ring to Ca_counter at 105 deg, in ND1 [Cu bus, stator]",node-1 - Node 1: ND1 - A-rail: C1 stator plate + Ca counter-electrode,bus,rod,ND1,1,,Cu bus,,,,,,,,1.5000,-24.976 93.212 -49.000,-24.976 93.212 -53.250,30.0415
bus_ND1_1_riser_3,"node-1 / bus_ND1_1_riser_3 - ND1 bus riser 3 of 6 (node 1): bus ring to Ca_counter at 165 deg, in ND1 [Cu bus, stator]",node-1 - Node 1: ND1 - A-rail: C1 stator plate + Ca counter-electrode,bus,rod,ND1,1,,Cu bus,,,,,,,,1.5000,-93.212 24.976 -49.000,-93.212 24.976 -53.250,30.0415
bus_ND1_1_riser_4,"node-1 / bus_ND1_1_riser_4 - ND1 bus riser 4 of 6 (node 1): bus ring to Ca_counter at 225 deg, in ND1 [Cu bus, stator]",node-1 - Node 1: ND1 - A-rail: C1 stator plate + Ca counter-electrode,bus,rod,ND1,1,,Cu bus,,,,,,,,1.5000,-68.236 -68.236 -49.000,-68.236 -68.236 -53.250,30.0415
bus_ND1_1_riser_5,"node-1 / bus_ND1_1_riser_5 - ND1 bus riser 5 of 6 (node 1): bus ring to Ca_counter at 285 deg, in ND1 [Cu bus, stator]",node-1 - Node 1: ND1 - A-rail: C1 stator plate + Ca counter-electrode,bus,rod,ND1,1,,Cu bus,,,,,,,,1.5000,24.976 -93.212 -49.000,24.976 -93.212 -53.250,30.0415
bus_ND1_1_riser_6,"node-1 / bus_ND1_1_riser_6 - ND1 bus riser 6 of 6 (node 1): bus ring to Ca_counter at 345 deg, in ND1 [Cu bus, stator]",node-1 - Node 1: ND1 - A-rail: C1 stator plate + Ca counter-electrode,bus,rod,ND1,1,,Cu bus,,,,,,,,1.5000,93.212 -24.976 -49.000,93.212 -24.976 -53.250,30.0415
bus_ND2_n23,"node-n23 / bus_ND2_n23 - ND2 bus ring (node n23): joins the 6 sectors of Cx4_pickup, r88.43, 3 x 3 mm, embedded 2.25 mm under its face, in ND2 [Cu bus, stator]",node-n23 - Node n23: Cx4 pickup on ND2 (Lx4 to node 2),bus,sector,ND2,n23,,Cu bus,86.9251,89.9251,0.0000,360.0000,-98.1500,-95.1500,,,,,5000.3196
bus_ND2_n23_riser_1,"node-n23 / bus_ND2_n23_riser_1 - ND2 bus riser 1 of 6 (node n23): bus ring to Cx4_pickup at 15 deg, in ND2 [Cu bus, stator]",node-n23 - Node n23: Cx4 pickup on ND2 (Lx4 to node 2),bus,rod,ND2,n23,,Cu bus,,,,,,,,1.5000,85.412 22.886 -96.650,85.412 22.886 -100.900,30.0415
bus_ND2_n23_riser_2,"node-n23 / bus_ND2_n23_riser_2 - ND2 bus riser 2 of 6 (node n23): bus ring to Cx4_pickup at 75 deg, in ND2 [Cu bus, stator]",node-n23 - Node n23: Cx4 pickup on ND2 (Lx4 to node 2),bus,rod,ND2,n23,,Cu bus,,,,,,,,1.5000,22.886 85.412 -96.650,22.886 85.412 -100.900,30.0415
bus_ND2_n23_riser_3,"node-n23 / bus_ND2_n23_riser_3 - ND2 bus riser 3 of 6 (node n23): bus ring to Cx4_pickup at 135 deg, in ND2 [Cu bus, stator]",node-n23 - Node n23: Cx4 pickup on ND2 (Lx4 to node 2),bus,rod,ND2,n23,,Cu bus,,,,,,,,1.5000,-62.526 62.526 -96.650,-62.526 62.526 -100.900,30.0415
bus_ND2_n23_riser_4,"node-n23 / bus_ND2_n23_riser_4 - ND2 bus riser 4 of 6 (node n23): bus ring to Cx4_pickup at 195 deg, in ND2 [Cu bus, stator]",node-n23 - Node n23: Cx4 pickup on ND2 (Lx4 to node 2),bus,rod,ND2,n23,,Cu bus,,,,,,,,1.5000,-85.412 -22.886 -96.650,-85.412 -22.886 -100.900,30.0415
bus_ND2_n23_riser_5,"node-n23 / bus_ND2_n23_riser_5 - ND2 bus riser 5 of 6 (node n23): bus ring to Cx4_pickup at 255 deg, in ND2 [Cu bus, stator]",node-n23 - Node n23: Cx4 pickup on ND2 (Lx4 to node 2),bus,rod,ND2,n23,,Cu bus,,,,,,,,1.5000,-22.886 -85.412 -96.650,-22.886 -85.412 -100.900,30.0415
bus_ND2_n23_riser_6,"node-n23 / bus_ND2_n23_riser_6 - ND2 bus riser 6 of 6 (node n23): bus ring to Cx4_pickup at 315 deg, in ND2 [Cu bus, stator]",node-n23 - Node n23: Cx4 pickup on ND2 (Lx4 to node 2),bus,rod,ND2,n23,,Cu bus,,,,,,,,1.5000,62.526 -62.526 -96.650,62.526 -62.526 -100.900,30.0415
bus_ND2_2,"node-2 / bus_ND2_2 - ND2 bus ring (node 2): joins the 6 sectors of Ca_el, r537.9, 3 x 3 mm, embedded 2.25 mm under its face, in ND2 [Cu bus, stator]",node-2 - Node 2: ND2 - AR bank: Ca electrode,bus,sector,ND2,2,,Cu bus,536.4020,539.4020,0.0000,360.0000,-64.5000,-61.5000,,,,,30417.6423
bus_ND2_2_riser_1,"node-2 / bus_ND2_2_riser_1 - ND2 bus riser 1 of 6 (node 2): bus ring to Ca_el at 45 deg, in ND2 [Cu bus, stator]",node-2 - Node 2: ND2 - AR bank: Ca electrode,bus,rod,ND2,2,,Cu bus,,,,,,,,1.5000,380.354 380.354 -63.000,380.354 380.354 -58.750,30.0415
bus_ND2_2_riser_2,"node-2 / bus_ND2_2_riser_2 - ND2 bus riser 2 of 6 (node 2): bus ring to Ca_el at 105 deg, in ND2 [Cu bus, stator]",node-2 - Node 2: ND2 - AR bank: Ca electrode,bus,rod,ND2,2,,Cu bus,,,,,,,,1.5000,-139.219 519.573 -63.000,-139.219 519.573 -58.750,30.0415
bus_ND2_2_riser_3,"node-2 / bus_ND2_2_riser_3 - ND2 bus riser 3 of 6 (node 2): bus ring to Ca_el at 165 deg, in ND2 [Cu bus, stator]",node-2 - Node 2: ND2 - AR bank: Ca electrode,bus,rod,ND2,2,,Cu bus,,,,,,,,1.5000,-519.573 139.219 -63.000,-519.573 139.219 -58.750,30.0415
bus_ND2_2_riser_4,"node-2 / bus_ND2_2_riser_4 - ND2 bus riser 4 of 6 (node 2): bus ring to Ca_el at 225 deg, in ND2 [Cu bus, stator]",node-2 - Node 2: ND2 - AR bank: Ca electrode,bus,rod,ND2,2,,Cu bus,,,,,,,,1.5000,-380.354 -380.354 -63.000,-380.354 -380.354 -58.750,30.0415
bus_ND2_2_riser_5,"node-2 / bus_ND2_2_riser_5 - ND2 bus riser 5 of 6 (node 2): bus ring to Ca_el at 285 deg, in ND2 [Cu bus, stator]",node-2 - Node 2: ND2 - AR bank: Ca electrode,bus,rod,ND2,2,,Cu bus,,,,,,,,1.5000,139.219 -519.573 -63.000,139.219 -519.573 -58.750,30.0415
bus_ND2_2_riser_6,"node-2 / bus_ND2_2_riser_6 - ND2 bus riser 6 of 6 (node 2): bus ring to Ca_el at 345 deg, in ND2 [Cu bus, stator]",node-2 - Node 2: ND2 - AR bank: Ca electrode,bus,rod,ND2,2,,Cu bus,,,,,,,,1.5000,519.573 -139.219 -63.000,519.573 -139.219 -58.750,30.0415
bus_ND3_n17,"node-n17 / bus_ND3_n17 - ND3 bus ring (node n17): joins the 6 sectors of Cx3_pickup, r88.43, 3 x 3 mm, embedded 2.25 mm under its face, in ND3 [Cu bus, stator]",node-n17 - Node n17: Cx3 pickup on ND3 (Lx3 to node 3),bus,sector,ND3,n17,,Cu bus,86.9251,89.9251,0.0000,360.0000,95.1500,98.1500,,,,,5000.3196
bus_ND3_n17_riser_1,"node-n17 / bus_ND3_n17_riser_1 - ND3 bus riser 1 of 6 (node n17): bus ring to Cx3_pickup at 45 deg, in ND3 [Cu bus, stator]",node-n17 - Node n17: Cx3 pickup on ND3 (Lx3 to node 3),bus,rod,ND3,n17,,Cu bus,,,,,,,,1.5000,62.526 62.526 96.650,62.526 62.526 100.900,30.0415
bus_ND3_n17_riser_2,"node-n17 / bus_ND3_n17_riser_2 - ND3 bus riser 2 of 6 (node n17): bus ring to Cx3_pickup at 105 deg, in ND3 [Cu bus, stator]",node-n17 - Node n17: Cx3 pickup on ND3 (Lx3 to node 3),bus,rod,ND3,n17,,Cu bus,,,,,,,,1.5000,-22.886 85.412 96.650,-22.886 85.412 100.900,30.0415
bus_ND3_n17_riser_3,"node-n17 / bus_ND3_n17_riser_3 - ND3 bus riser 3 of 6 (node n17): bus ring to Cx3_pickup at 165 deg, in ND3 [Cu bus, stator]",node-n17 - Node n17: Cx3 pickup on ND3 (Lx3 to node 3),bus,rod,ND3,n17,,Cu bus,,,,,,,,1.5000,-85.412 22.886 96.650,-85.412 22.886 100.900,30.0415
bus_ND3_n17_riser_4,"node-n17 / bus_ND3_n17_riser_4 - ND3 bus riser 4 of 6 (node n17): bus ring to Cx3_pickup at 225 deg, in ND3 [Cu bus, stator]",node-n17 - Node n17: Cx3 pickup on ND3 (Lx3 to node 3),bus,rod,ND3,n17,,Cu bus,,,,,,,,1.5000,-62.526 -62.526 96.650,-62.526 -62.526 100.900,30.0415
bus_ND3_n17_riser_5,"node-n17 / bus_ND3_n17_riser_5 - ND3 bus riser 5 of 6 (node n17): bus ring to Cx3_pickup at 285 deg, in ND3 [Cu bus, stator]",node-n17 - Node n17: Cx3 pickup on ND3 (Lx3 to node 3),bus,rod,ND3,n17,,Cu bus,,,,,,,,1.5000,22.886 -85.412 96.650,22.886 -85.412 100.900,30.0415
bus_ND3_n17_riser_6,"node-n17 / bus_ND3_n17_riser_6 - ND3 bus riser 6 of 6 (node n17): bus ring to Cx3_pickup at 345 deg, in ND3 [Cu bus, stator]",node-n17 - Node n17: Cx3 pickup on ND3 (Lx3 to node 3),bus,rod,ND3,n17,,Cu bus,,,,,,,,1.5000,85.412 -22.886 96.650,85.412 -22.886 100.900,30.0415
bus_ND3_3,"node-3 / bus_ND3_3 - ND3 bus ring (node 3): joins the 6 sectors of Cb_el, r537.9, 3 x 3 mm, embedded 2.25 mm under its face, in ND3 [Cu bus, stator]",node-3 - Node 3: ND3 - BR bank: Cb electrode,bus,sector,ND3,3,,Cu bus,536.4020,539.4020,0.0000,360.0000,61.5000,64.5000,,,,,30417.6423
bus_ND3_3_riser_1,"node-3 / bus_ND3_3_riser_1 - ND3 bus riser 1 of 6 (node 3): bus ring to Cb_el at 15 deg, in ND3 [Cu bus, stator]",node-3 - Node 3: ND3 - BR bank: Cb electrode,bus,rod,ND3,3,,Cu bus,,,,,,,,1.5000,519.573 139.219 63.000,519.573 139.219 58.750,30.0415
bus_ND3_3_riser_2,"node-3 / bus_ND3_3_riser_2 - ND3 bus riser 2 of 6 (node 3): bus ring to Cb_el at 75 deg, in ND3 [Cu bus, stator]",node-3 - Node 3: ND3 - BR bank: Cb electrode,bus,rod,ND3,3,,Cu bus,,,,,,,,1.5000,139.219 519.573 63.000,139.219 519.573 58.750,30.0415
bus_ND3_3_riser_3,"node-3 / bus_ND3_3_riser_3 - ND3 bus riser 3 of 6 (node 3): bus ring to Cb_el at 135 deg, in ND3 [Cu bus, stator]",node-3 - Node 3: ND3 - BR bank: Cb electrode,bus,rod,ND3,3,,Cu bus,,,,,,,,1.5000,-380.354 380.354 63.000,-380.354 380.354 58.750,30.0415
bus_ND3_3_riser_4,"node-3 / bus_ND3_3_riser_4 - ND3 bus riser 4 of 6 (node 3): bus ring to Cb_el at 195 deg, in ND3 [Cu bus, stator]",node-3 - Node 3: ND3 - BR bank: Cb electrode,bus,rod,ND3,3,,Cu bus,,,,,,,,1.5000,-519.573 -139.219 63.000,-519.573 -139.219 58.750,30.0415
bus_ND3_3_riser_5,"node-3 / bus_ND3_3_riser_5 - ND3 bus riser 5 of 6 (node 3): bus ring to Cb_el at 255 deg, in ND3 [Cu bus, stator]",node-3 - Node 3: ND3 - BR bank: Cb electrode,bus,rod,ND3,3,,Cu bus,,,,,,,,1.5000,-139.219 -519.573 63.000,-139.219 -519.573 58.750,30.0415
bus_ND3_3_riser_6,"node-3 / bus_ND3_3_riser_6 - ND3 bus riser 6 of 6 (node 3): bus ring to Cb_el at 315 deg, in ND3 [Cu bus, stator]",node-3 - Node 3: ND3 - BR bank: Cb electrode,bus,rod,ND3,3,,Cu bus,,,,,,,,1.5000,380.354 -380.354 63.000,380.354 -380.354 58.750,30.0415
bus_ND4_4,"node-4 / bus_ND4_4 - ND4 bus ring (node 4): joins the 6 sectors of Cb_counter, r96.5, 3 x 3 mm, embedded 2.25 mm under its face, in ND4 [Cu bus, stator]",node-4 - Node 4: ND4 - B-rail: C2 stator plate + Cb counter-electrode,bus,sector,ND4,4,,Cu bus,95.0000,98.0000,0.0000,360.0000,47.5000,50.5000,,,,,5456.9464
bus_ND4_4_riser_1,"node-4 / bus_ND4_4_riser_1 - ND4 bus riser 1 of 6 (node 4): bus ring to Cb_counter at 15 deg, in ND4 [Cu bus, stator]",node-4 - Node 4: ND4 - B-rail: C2 stator plate + Cb counter-electrode,bus,rod,ND4,4,,Cu bus,,,,,,,,1.5000,93.212 24.976 49.000,93.212 24.976 53.250,30.0415
bus_ND4_4_riser_2,"node-4 / bus_ND4_4_riser_2 - ND4 bus riser 2 of 6 (node 4): bus ring to Cb_counter at 75 deg, in ND4 [Cu bus, stator]",node-4 - Node 4: ND4 - B-rail: C2 stator plate + Cb counter-electrode,bus,rod,ND4,4,,Cu bus,,,,,,,,1.5000,24.976 93.212 49.000,24.976 93.212 53.250,30.0415
bus_ND4_4_riser_3,"node-4 / bus_ND4_4_riser_3 - ND4 bus riser 3 of 6 (node 4): bus ring to Cb_counter at 135 deg, in ND4 [Cu bus, stator]",node-4 - Node 4: ND4 - B-rail: C2 stator plate + Cb counter-electrode,bus,rod,ND4,4,,Cu bus,,,,,,,,1.5000,-68.236 68.236 49.000,-68.236 68.236 53.250,30.0415
bus_ND4_4_riser_4,"node-4 / bus_ND4_4_riser_4 - ND4 bus riser 4 of 6 (node 4): bus ring to Cb_counter at 195 deg, in ND4 [Cu bus, stator]",node-4 - Node 4: ND4 - B-rail: C2 stator plate + Cb counter-electrode,bus,rod,ND4,4,,Cu bus,,,,,,,,1.5000,-93.212 -24.976 49.000,-93.212 -24.976 53.250,30.0415
bus_ND4_4_riser_5,"node-4 / bus_ND4_4_riser_5 - ND4 bus riser 5 of 6 (node 4): bus ring to Cb_counter at 255 deg, in ND4 [Cu bus, stator]",node-4 - Node 4: ND4 - B-rail: C2 stator plate + Cb counter-electrode,bus,rod,ND4,4,,Cu bus,,,,,,,,1.5000,-24.976 -93.212 49.000,-24.976 -93.212 53.250,30.0415
bus_ND4_4_riser_6,"node-4 / bus_ND4_4_riser_6 - ND4 bus riser 6 of 6 (node 4): bus ring to Cb_counter at 315 deg, in ND4 [Cu bus, stator]",node-4 - Node 4: ND4 - B-rail: C2 stator plate + Cb counter-electrode,bus,rod,ND4,4,,Cu bus,,,,,,,,1.5000,68.236 -68.236 49.000,68.236 -68.236 53.250,30.0415
bus_A_disc_RA,"node-R-A / bus_A_disc_RA - A-disc bus ring (node R-A): joins the 6 sectors of C1_rotor, r76.5, 3 x 3 mm, embedded 2 mm under its face, in A-disc [Cu bus, rotor A]",node-R-A - Node R-A: ND5 - resonator end A: rotor A (C1 rotor face),bus,sector,A-disc,R-A,,Cu bus,75.0000,78.0000,0.0000,360.0000,-23.2500,-20.2500,,,,,4325.9731
bus_A_disc_RA_riser_1,"node-R-A / bus_A_disc_RA_riser_1 - A-disc bus riser 1 of 6 (node R-A): bus ring to C1_rotor at 45 deg, in A-disc [Cu bus, rotor A]",node-R-A - Node R-A: ND5 - resonator end A: rotor A (C1 rotor face),bus,rod,A-disc,R-A,,Cu bus,,,,,,,,1.5000,54.094 54.094 -21.750,54.094 54.094 -25.750,28.2743
bus_A_disc_RA_riser_2,"node-R-A / bus_A_disc_RA_riser_2 - A-disc bus riser 2 of 6 (node R-A): bus ring to C1_rotor at 105 deg, in A-disc [Cu bus, rotor A]",node-R-A - Node R-A: ND5 - resonator end A: rotor A (C1 rotor face),bus,rod,A-disc,R-A,,Cu bus,,,,,,,,1.5000,-19.800 73.893 -21.750,-19.800 73.893 -25.750,28.2743
bus_A_disc_RA_riser_3,"node-R-A / bus_A_disc_RA_riser_3 - A-disc bus riser 3 of 6 (node R-A): bus ring to C1_rotor at 165 deg, in A-disc [Cu bus, rotor A]",node-R-A - Node R-A: ND5 - resonator end A: rotor A (C1 rotor face),bus,rod,A-disc,R-A,,Cu bus,,,,,,,,1.5000,-73.893 19.800 -21.750,-73.893 19.800 -25.750,28.2743
bus_A_disc_RA_riser_4,"node-R-A / bus_A_disc_RA_riser_4 - A-disc bus riser 4 of 6 (node R-A): bus ring to C1_rotor at 225 deg, in A-disc [Cu bus, rotor A]",node-R-A - Node R-A: ND5 - resonator end A: rotor A (C1 rotor face),bus,rod,A-disc,R-A,,Cu bus,,,,,,,,1.5000,-54.094 -54.094 -21.750,-54.094 -54.094 -25.750,28.2743
bus_A_disc_RA_riser_5,"node-R-A / bus_A_disc_RA_riser_5 - A-disc bus riser 5 of 6 (node R-A): bus ring to C1_rotor at 285 deg, in A-disc [Cu bus, rotor A]",node-R-A - Node R-A: ND5 - resonator end A: rotor A (C1 rotor face),bus,rod,A-disc,R-A,,Cu bus,,,,,,,,1.5000,19.800 -73.893 -21.750,19.800 -73.893 -25.750,28.2743
bus_A_disc_RA_riser_6,"node-R-A / bus_A_disc_RA_riser_6 - A-disc bus riser 6 of 6 (node R-A): bus ring to C1_rotor at 345 deg, in A-disc [Cu bus, rotor A]",node-R-A - Node R-A: ND5 - resonator end A: rotor A (C1 rotor face),bus,rod,A-disc,R-A,,Cu bus,,,,,,,,1.5000,73.893 -19.800 -21.750,73.893 -19.800 -25.750,28.2743
bus_A_disc_n18,"node-n18 / bus_A_disc_n18 - A-disc bus ring (node n18): joins the 6 sectors of CR_A, r86.78, 3 x 3 mm, embedded 2 mm under its face, in A-disc [Cu bus, rotor A]",node-n18 - Node n18: ND9 - C_R plate on rotor A (L_R1 to R-A),bus,sector,A-disc,n18,,Cu bus,85.2758,88.2758,0.0000,360.0000,-12.0000,-9.0000,,,,,4907.0568
bus_A_disc_n18_riser_1,"node-n18 / bus_A_disc_n18_riser_1 - A-disc bus riser 1 of 6 (node n18): bus ring to CR_A at 45 deg, in A-disc [Cu bus, rotor A]",node-n18 - Node n18: ND9 - C_R plate on rotor A (L_R1 to R-A),bus,rod,A-disc,n18,,Cu bus,,,,,,,,1.5000,61.360 61.360 -10.500,61.360 61.360 -6.500,28.2743
bus_A_disc_n18_riser_2,"node-n18 / bus_A_disc_n18_riser_2 - A-disc bus riser 2 of 6 (node n18): bus ring to CR_A at 105 deg, in A-disc [Cu bus, rotor A]",node-n18 - Node n18: ND9 - C_R plate on rotor A (L_R1 to R-A),bus,rod,A-disc,n18,,Cu bus,,,,,,,,1.5000,-22.459 83.819 -10.500,-22.459 83.819 -6.500,28.2743
bus_A_disc_n18_riser_3,"node-n18 / bus_A_disc_n18_riser_3 - A-disc bus riser 3 of 6 (node n18): bus ring to CR_A at 165 deg, in A-disc [Cu bus, rotor A]",node-n18 - Node n18: ND9 - C_R plate on rotor A (L_R1 to R-A),bus,rod,A-disc,n18,,Cu bus,,,,,,,,1.5000,-83.819 22.459 -10.500,-83.819 22.459 -6.500,28.2743
bus_A_disc_n18_riser_4,"node-n18 / bus_A_disc_n18_riser_4 - A-disc bus riser 4 of 6 (node n18): bus ring to CR_A at 225 deg, in A-disc [Cu bus, rotor A]",node-n18 - Node n18: ND9 - C_R plate on rotor A (L_R1 to R-A),bus,rod,A-disc,n18,,Cu bus,,,,,,,,1.5000,-61.360 -61.360 -10.500,-61.360 -61.360 -6.500,28.2743
bus_A_disc_n18_riser_5,"node-n18 / bus_A_disc_n18_riser_5 - A-disc bus riser 5 of 6 (node n18): bus ring to CR_A at 285 deg, in A-disc [Cu bus, rotor A]",node-n18 - Node n18: ND9 - C_R plate on rotor A (L_R1 to R-A),bus,rod,A-disc,n18,,Cu bus,,,,,,,,1.5000,22.459 -83.819 -10.500,22.459 -83.819 -6.500,28.2743
bus_A_disc_n18_riser_6,"node-n18 / bus_A_disc_n18_riser_6 - A-disc bus riser 6 of 6 (node n18): bus ring to CR_A at 345 deg, in A-disc [Cu bus, rotor A]",node-n18 - Node n18: ND9 - C_R plate on rotor A (L_R1 to R-A),bus,rod,A-disc,n18,,Cu bus,,,,,,,,1.5000,83.819 -22.459 -10.500,83.819 -22.459 -6.500,28.2743
bus_B_disc_RB,"node-R-B / bus_B_disc_RB - B-disc bus ring (node R-B): joins the 6 sectors of C2_rotor, r76.5, 3 x 3 mm, embedded 2 mm under its face, in B-disc [Cu bus, rotor B]",node-R-B - Node R-B: ND6 - resonator end B: rotor B (C2 rotor face),bus,sector,B-disc,R-B,,Cu bus,75.0000,78.0000,0.0000,360.0000,20.2500,23.2500,,,,,4325.9731
bus_B_disc_RB_riser_1,"node-R-B / bus_B_disc_RB_riser_1 - B-disc bus riser 1 of 6 (node R-B): bus ring to C2_rotor at 45 deg, in B-disc [Cu bus, rotor B]",node-R-B - Node R-B: ND6 - resonator end B: rotor B (C2 rotor face),bus,rod,B-disc,R-B,,Cu bus,,,,,,,,1.5000,54.094 54.094 21.750,54.094 54.094 25.750,28.2743
bus_B_disc_RB_riser_2,"node-R-B / bus_B_disc_RB_riser_2 - B-disc bus riser 2 of 6 (node R-B): bus ring to C2_rotor at 105 deg, in B-disc [Cu bus, rotor B]",node-R-B - Node R-B: ND6 - resonator end B: rotor B (C2 rotor face),bus,rod,B-disc,R-B,,Cu bus,,,,,,,,1.5000,-19.800 73.893 21.750,-19.800 73.893 25.750,28.2743
bus_B_disc_RB_riser_3,"node-R-B / bus_B_disc_RB_riser_3 - B-disc bus riser 3 of 6 (node R-B): bus ring to C2_rotor at 165 deg, in B-disc [Cu bus, rotor B]",node-R-B - Node R-B: ND6 - resonator end B: rotor B (C2 rotor face),bus,rod,B-disc,R-B,,Cu bus,,,,,,,,1.5000,-73.893 19.800 21.750,-73.893 19.800 25.750,28.2743
bus_B_disc_RB_riser_4,"node-R-B / bus_B_disc_RB_riser_4 - B-disc bus riser 4 of 6 (node R-B): bus ring to C2_rotor at 225 deg, in B-disc [Cu bus, rotor B]",node-R-B - Node R-B: ND6 - resonator end B: rotor B (C2 rotor face),bus,rod,B-disc,R-B,,Cu bus,,,,,,,,1.5000,-54.094 -54.094 21.750,-54.094 -54.094 25.750,28.2743
bus_B_disc_RB_riser_5,"node-R-B / bus_B_disc_RB_riser_5 - B-disc bus riser 5 of 6 (node R-B): bus ring to C2_rotor at 285 deg, in B-disc [Cu bus, rotor B]",node-R-B - Node R-B: ND6 - resonator end B: rotor B (C2 rotor face),bus,rod,B-disc,R-B,,Cu bus,,,,,,,,1.5000,19.800 -73.893 21.750,19.800 -73.893 25.750,28.2743
bus_B_disc_RB_riser_6,"node-R-B / bus_B_disc_RB_riser_6 - B-disc bus riser 6 of 6 (node R-B): bus ring to C2_rotor at 345 deg, in B-disc [Cu bus, rotor B]",node-R-B - Node R-B: ND6 - resonator end B: rotor B (C2 rotor face),bus,rod,B-disc,R-B,,Cu bus,,,,,,,,1.5000,73.893 -19.800 21.750,73.893 -19.800 25.750,28.2743
bus_B_disc_n00,"node-n00 / bus_B_disc_n00 - B-disc bus ring (node n00): joins the 6 sectors of CR_B, r86.78, 3 x 3 mm, embedded 2 mm under its face, in B-disc [Cu bus, rotor B]",node-n00 - Node n00: ND10 - C_R plate on rotor B (L_R2 to R-B),bus,sector,B-disc,n00,,Cu bus,85.2758,88.2758,0.0000,360.0000,9.0000,12.0000,,,,,4907.0568
bus_B_disc_n00_riser_1,"node-n00 / bus_B_disc_n00_riser_1 - B-disc bus riser 1 of 6 (node n00): bus ring to CR_B at 45 deg, in B-disc [Cu bus, rotor B]",node-n00 - Node n00: ND10 - C_R plate on rotor B (L_R2 to R-B),bus,rod,B-disc,n00,,Cu bus,,,,,,,,1.5000,61.360 61.360 10.500,61.360 61.360 6.500,28.2743
bus_B_disc_n00_riser_2,"node-n00 / bus_B_disc_n00_riser_2 - B-disc bus riser 2 of 6 (node n00): bus ring to CR_B at 105 deg, in B-disc [Cu bus, rotor B]",node-n00 - Node n00: ND10 - C_R plate on rotor B (L_R2 to R-B),bus,rod,B-disc,n00,,Cu bus,,,,,,,,1.5000,-22.459 83.819 10.500,-22.459 83.819 6.500,28.2743
bus_B_disc_n00_riser_3,"node-n00 / bus_B_disc_n00_riser_3 - B-disc bus riser 3 of 6 (node n00): bus ring to CR_B at 165 deg, in B-disc [Cu bus, rotor B]",node-n00 - Node n00: ND10 - C_R plate on rotor B (L_R2 to R-B),bus,rod,B-disc,n00,,Cu bus,,,,,,,,1.5000,-83.819 22.459 10.500,-83.819 22.459 6.500,28.2743
bus_B_disc_n00_riser_4,"node-n00 / bus_B_disc_n00_riser_4 - B-disc bus riser 4 of 6 (node n00): bus ring to CR_B at 225 deg, in B-disc [Cu bus, rotor B]",node-n00 - Node n00: ND10 - C_R plate on rotor B (L_R2 to R-B),bus,rod,B-disc,n00,,Cu bus,,,,,,,,1.5000,-61.360 -61.360 10.500,-61.360 -61.360 6.500,28.2743
bus_B_disc_n00_riser_5,"node-n00 / bus_B_disc_n00_riser_5 - B-disc bus riser 5 of 6 (node n00): bus ring to CR_B at 285 deg, in B-disc [Cu bus, rotor B]",node-n00 - Node n00: ND10 - C_R plate on rotor B (L_R2 to R-B),bus,rod,B-disc,n00,,Cu bus,,,,,,,,1.5000,22.459 -83.819 10.500,22.459 -83.819 6.500,28.2743
bus_B_disc_n00_riser_6,"node-n00 / bus_B_disc_n00_riser_6 - B-disc bus riser 6 of 6 (node n00): bus ring to CR_B at 345 deg, in B-disc [Cu bus, rotor B]",node-n00 - Node n00: ND10 - C_R plate on rotor B (L_R2 to R-B),bus,rod,B-disc,n00,,Cu bus,,,,,,,,1.5000,83.819 -22.459 10.500,83.819 -22.459 6.500,28.2743
bus_A_flange_8,"node-8 / bus_A_flange_8 - A-flange bus ring (node 8): joins the 6 sectors of Cx4_bars, r113.9, 3 x 3 mm, embedded 2 mm under its face, in A-flange [Cu bus, rotor A]",node-8 - Node 8: ND8 - island on rotor A (Cx4 bars),bus,sector,A-flange,8,,Cu bus,112.4031,115.4031,0.0000,360.0000,-111.0000,-108.0000,,,,,6441.0686
bus_A_flange_8_riser_1,"node-8 / bus_A_flange_8_riser_1 - A-flange bus riser 1 of 6 (node 8): bus ring to Cx4_bars at 15 deg, in A-flange [Cu bus, rotor A]",node-8 - Node 8: ND8 - island on rotor A (Cx4 bars),bus,rod,A-flange,8,,Cu bus,,,,,,,,1.5000,110.022 29.480 -109.500,110.022 29.480 -105.500,28.2743
bus_A_flange_8_riser_2,"node-8 / bus_A_flange_8_riser_2 - A-flange bus riser 2 of 6 (node 8): bus ring to Cx4_bars at 75 deg, in A-flange [Cu bus, rotor A]",node-8 - Node 8: ND8 - island on rotor A (Cx4 bars),bus,rod,A-flange,8,,Cu bus,,,,,,,,1.5000,29.480 110.022 -109.500,29.480 110.022 -105.500,28.2743
bus_A_flange_8_riser_3,"node-8 / bus_A_flange_8_riser_3 - A-flange bus riser 3 of 6 (node 8): bus ring to Cx4_bars at 135 deg, in A-flange [Cu bus, rotor A]",node-8 - Node 8: ND8 - island on rotor A (Cx4 bars),bus,rod,A-flange,8,,Cu bus,,,,,,,,1.5000,-80.542 80.542 -109.500,-80.542 80.542 -105.500,28.2743
bus_A_flange_8_riser_4,"node-8 / bus_A_flange_8_riser_4 - A-flange bus riser 4 of 6 (node 8): bus ring to Cx4_bars at 195 deg, in A-flange [Cu bus, rotor A]",node-8 - Node 8: ND8 - island on rotor A (Cx4 bars),bus,rod,A-flange,8,,Cu bus,,,,,,,,1.5000,-110.022 -29.480 -109.500,-110.022 -29.480 -105.500,28.2743
bus_A_flange_8_riser_5,"node-8 / bus_A_flange_8_riser_5 - A-flange bus riser 5 of 6 (node 8): bus ring to Cx4_bars at 255 deg, in A-flange [Cu bus, rotor A]",node-8 - Node 8: ND8 - island on rotor A (Cx4 bars),bus,rod,A-flange,8,,Cu bus,,,,,,,,1.5000,-29.480 -110.022 -109.500,-29.480 -110.022 -105.500,28.2743
bus_A_flange_8_riser_6,"node-8 / bus_A_flange_8_riser_6 - A-flange bus riser 6 of 6 (node 8): bus ring to Cx4_bars at 315 deg, in A-flange [Cu bus, rotor A]",node-8 - Node 8: ND8 - island on rotor A (Cx4 bars),bus,rod,A-flange,8,,Cu bus,,,,,,,,1.5000,80.542 -80.542 -109.500,80.542 -80.542 -105.500,28.2743
bus_B_flange_7,"node-7 / bus_B_flange_7 - B-flange bus ring (node 7): joins the 6 sectors of Cx3_bars, r113.9, 3 x 3 mm, embedded 2 mm under its face, in B-flange [Cu bus, rotor B]",node-7 - Node 7: ND7 - island on rotor B (Cx3 bars),bus,sector,B-flange,7,,Cu bus,112.4031,115.4031,0.0000,360.0000,108.0000,111.0000,,,,,6441.0686
bus_B_flange_7_riser_1,"node-7 / bus_B_flange_7_riser_1 - B-flange bus riser 1 of 6 (node 7): bus ring to Cx3_bars at 45 deg, in B-flange [Cu bus, rotor B]",node-7 - Node 7: ND7 - island on rotor B (Cx3 bars),bus,rod,B-flange,7,,Cu bus,,,,,,,,1.5000,80.542 80.542 109.500,80.542 80.542 105.500,28.2743
bus_B_flange_7_riser_2,"node-7 / bus_B_flange_7_riser_2 - B-flange bus riser 2 of 6 (node 7): bus ring to Cx3_bars at 105 deg, in B-flange [Cu bus, rotor B]",node-7 - Node 7: ND7 - island on rotor B (Cx3 bars),bus,rod,B-flange,7,,Cu bus,,,,,,,,1.5000,-29.480 110.022 109.500,-29.480 110.022 105.500,28.2743
bus_B_flange_7_riser_3,"node-7 / bus_B_flange_7_riser_3 - B-flange bus riser 3 of 6 (node 7): bus ring to Cx3_bars at 165 deg, in B-flange [Cu bus, rotor B]",node-7 - Node 7: ND7 - island on rotor B (Cx3 bars),bus,rod,B-flange,7,,Cu bus,,,,,,,,1.5000,-110.022 29.480 109.500,-110.022 29.480 105.500,28.2743
bus_B_flange_7_riser_4,"node-7 / bus_B_flange_7_riser_4 - B-flange bus riser 4 of 6 (node 7): bus ring to Cx3_bars at 225 deg, in B-flange [Cu bus, rotor B]",node-7 - Node 7: ND7 - island on rotor B (Cx3 bars),bus,rod,B-flange,7,,Cu bus,,,,,,,,1.5000,-80.542 -80.542 109.500,-80.542 -80.542 105.500,28.2743
bus_B_flange_7_riser_5,"node-7 / bus_B_flange_7_riser_5 - B-flange bus riser 5 of 6 (node 7): bus ring to Cx3_bars at 285 deg, in B-flange [Cu bus, rotor B]",node-7 - Node 7: ND7 - island on rotor B (Cx3 bars),bus,rod,B-flange,7,,Cu bus,,,,,,,,1.5000,29.480 -110.022 109.500,29.480 -110.022 105.500,28.2743
bus_B_flange_7_riser_6,"node-7 / bus_B_flange_7_riser_6 - B-flange bus riser 6 of 6 (node 7): bus ring to Cx3_bars at 345 deg, in B-flange [Cu bus, rotor B]",node-7 - Node 7: ND7 - island on rotor B (Cx3 bars),bus,rod,B-flange,7,,Cu bus,,,,,,,,1.5000,110.022 -29.480 109.500,110.022 -29.480 105.500,28.2743
