name,label,assembly,role,shape,carrier,node,cap,material,r_in,r_out,start_deg,w_deg,z0,z1,c,r,p0,p1,volume
A_flange_carrier,"carriers / A_flange_carrier - A-flange carrier, insulating: rotor A outer flange; holds the ND8 island bars; r0-500 mm, 8 mm thick, z -114..-106 [PTFE rotor flange, rotor A]",carriers - the insulating carrier discs (G10); no node,carrier,sector,A-flange,,,PTFE rotor flange,0.0000,500.0000,0.0000,360.0000,-151.2000,-143.2000,,,,,6283185.3072
Cx4_bars_1,"node-8 / Cx4_bars_1 - island bars on A, node 8, Cx4, sector 1 of 6 (0-30 deg), r75-350 mm, Al foil 1 mm, septum side of A-flange, z -106..-105 [Al foil, rotor A]",node-8 - Node 8: ND8 - island on rotor A (Cx4 bars),foil,sector,A-flange,8,Cx4,Al foil,75.0000,350.0000,0.0000,30.0000,-143.2000,-142.2000,,,,,30597.8034
Cx4_bars_2,"node-8 / Cx4_bars_2 - island bars on A, node 8, Cx4, sector 2 of 6 (60-90 deg), r75-350 mm, Al foil 1 mm, septum side of A-flange, z -106..-105 [Al foil, rotor A]",node-8 - Node 8: ND8 - island on rotor A (Cx4 bars),foil,sector,A-flange,8,Cx4,Al foil,75.0000,350.0000,60.0000,30.0000,-143.2000,-142.2000,,,,,30597.8034
Cx4_bars_3,"node-8 / Cx4_bars_3 - island bars on A, node 8, Cx4, sector 3 of 6 (120-150 deg), r75-350 mm, Al foil 1 mm, septum side of A-flange, z -106..-105 [Al foil, rotor A]",node-8 - Node 8: ND8 - island on rotor A (Cx4 bars),foil,sector,A-flange,8,Cx4,Al foil,75.0000,350.0000,120.0000,30.0000,-143.2000,-142.2000,,,,,30597.8034
Cx4_bars_4,"node-8 / Cx4_bars_4 - island bars on A, node 8, Cx4, sector 4 of 6 (180-210 deg), r75-350 mm, Al foil 1 mm, septum side of A-flange, z -106..-105 [Al foil, rotor A]",node-8 - Node 8: ND8 - island on rotor A (Cx4 bars),foil,sector,A-flange,8,Cx4,Al foil,75.0000,350.0000,180.0000,30.0000,-143.2000,-142.2000,,,,,30597.8034
Cx4_bars_5,"node-8 / Cx4_bars_5 - island bars on A, node 8, Cx4, sector 5 of 6 (240-270 deg), r75-350 mm, Al foil 1 mm, septum side of A-flange, z -106..-105 [Al foil, rotor A]",node-8 - Node 8: ND8 - island on rotor A (Cx4 bars),foil,sector,A-flange,8,Cx4,Al foil,75.0000,350.0000,240.0000,30.0000,-143.2000,-142.2000,,,,,30597.8034
Cx4_bars_6,"node-8 / Cx4_bars_6 - island bars on A, node 8, Cx4, sector 6 of 6 (300-330 deg), r75-350 mm, Al foil 1 mm, septum side of A-flange, z -106..-105 [Al foil, rotor A]",node-8 - Node 8: ND8 - island on rotor A (Cx4 bars),foil,sector,A-flange,8,Cx4,Al foil,75.0000,350.0000,300.0000,30.0000,-143.2000,-142.2000,,,,,30597.8034
Cx4_pickup_1,"node-n23 / Cx4_pickup_1 - Cx4 pickup, node n23, Cx4, sector 1 of 6 (0-30 deg), r58-350 mm, Al foil 1 mm, outer side of ND2, z -101.4..-100.4 [Al foil, stator]",node-n23 - Node n23: Cx4 pickup on ND2 (Lx4 to node 2),foil,sector,ND2,n23,Cx4,Al foil,58.0000,350.0000,0.0000,30.0000,-119.4000,-118.4000,,,,,31189.7319
Cx4_pickup_2,"node-n23 / Cx4_pickup_2 - Cx4 pickup, node n23, Cx4, sector 2 of 6 (60-90 deg), r58-350 mm, Al foil 1 mm, outer side of ND2, z -101.4..-100.4 [Al foil, stator]",node-n23 - Node n23: Cx4 pickup on ND2 (Lx4 to node 2),foil,sector,ND2,n23,Cx4,Al foil,58.0000,350.0000,60.0000,30.0000,-119.4000,-118.4000,,,,,31189.7319
Cx4_pickup_3,"node-n23 / Cx4_pickup_3 - Cx4 pickup, node n23, Cx4, sector 3 of 6 (120-150 deg), r58-350 mm, Al foil 1 mm, outer side of ND2, z -101.4..-100.4 [Al foil, stator]",node-n23 - Node n23: Cx4 pickup on ND2 (Lx4 to node 2),foil,sector,ND2,n23,Cx4,Al foil,58.0000,350.0000,120.0000,30.0000,-119.4000,-118.4000,,,,,31189.7319
Cx4_pickup_4,"node-n23 / Cx4_pickup_4 - Cx4 pickup, node n23, Cx4, sector 4 of 6 (180-210 deg), r58-350 mm, Al foil 1 mm, outer side of ND2, z -101.4..-100.4 [Al foil, stator]",node-n23 - Node n23: Cx4 pickup on ND2 (Lx4 to node 2),foil,sector,ND2,n23,Cx4,Al foil,58.0000,350.0000,180.0000,30.0000,-119.4000,-118.4000,,,,,31189.7319
Cx4_pickup_5,"node-n23 / Cx4_pickup_5 - Cx4 pickup, node n23, Cx4, sector 5 of 6 (240-270 deg), r58-350 mm, Al foil 1 mm, outer side of ND2, z -101.4..-100.4 [Al foil, stator]",node-n23 - Node n23: Cx4 pickup on ND2 (Lx4 to node 2),foil,sector,ND2,n23,Cx4,Al foil,58.0000,350.0000,240.0000,30.0000,-119.4000,-118.4000,,,,,31189.7319
Cx4_pickup_6,"node-n23 / Cx4_pickup_6 - Cx4 pickup, node n23, Cx4, sector 6 of 6 (300-330 deg), r58-350 mm, Al foil 1 mm, outer side of ND2, z -101.4..-100.4 [Al foil, stator]",node-n23 - Node n23: Cx4 pickup on ND2 (Lx4 to node 2),foil,sector,ND2,n23,Cx4,Al foil,58.0000,350.0000,300.0000,30.0000,-119.4000,-118.4000,,,,,31189.7319
ND2_carrier,"carriers / ND2_carrier - ND2 carrier, insulating: stator carrier ND2; holds the Ca electrode (AR bank, 2) and the Cx4 pickup (n23); r50-390 mm, 41.15 mm thick, z -100.4..-59.25 [PTFE carrier, stator]",carriers - the insulating carrier discs (G10); no node,carrier,sector,ND2,,,PTFE carrier,50.0000,390.0000,0.0000,360.0000,-118.4000,-77.2500,,,,,19339770.0392
Ca_el_1,"node-2 / Ca_el_1 - Ca electrode, node 2, Ca, sector 1 of 6 (35-55 deg), r285.26-382 mm, Al foil 1 mm, septum side of ND2, z -59.25..-58.25 [Al foil, stator]",node-2 - Node 2: ND2 - AR bank: Ca electrode,foil,sector,ND2,2,Ca,Al foil,285.2634,382.0000,35.0000,20.0000,-77.2500,-76.2500,,,,,11265.8925
Ca_el_2,"node-2 / Ca_el_2 - Ca electrode, node 2, Ca, sector 2 of 6 (95-115 deg), r285.26-382 mm, Al foil 1 mm, septum side of ND2, z -59.25..-58.25 [Al foil, stator]",node-2 - Node 2: ND2 - AR bank: Ca electrode,foil,sector,ND2,2,Ca,Al foil,285.2634,382.0000,95.0000,20.0000,-77.2500,-76.2500,,,,,11265.8925
Ca_el_3,"node-2 / Ca_el_3 - Ca electrode, node 2, Ca, sector 3 of 6 (155-175 deg), r285.26-382 mm, Al foil 1 mm, septum side of ND2, z -59.25..-58.25 [Al foil, stator]",node-2 - Node 2: ND2 - AR bank: Ca electrode,foil,sector,ND2,2,Ca,Al foil,285.2634,382.0000,155.0000,20.0000,-77.2500,-76.2500,,,,,11265.8925
Ca_el_4,"node-2 / Ca_el_4 - Ca electrode, node 2, Ca, sector 4 of 6 (215-235 deg), r285.26-382 mm, Al foil 1 mm, septum side of ND2, z -59.25..-58.25 [Al foil, stator]",node-2 - Node 2: ND2 - AR bank: Ca electrode,foil,sector,ND2,2,Ca,Al foil,285.2634,382.0000,215.0000,20.0000,-77.2500,-76.2500,,,,,11265.8925
Ca_el_5,"node-2 / Ca_el_5 - Ca electrode, node 2, Ca, sector 5 of 6 (275-295 deg), r285.26-382 mm, Al foil 1 mm, septum side of ND2, z -59.25..-58.25 [Al foil, stator]",node-2 - Node 2: ND2 - AR bank: Ca electrode,foil,sector,ND2,2,Ca,Al foil,285.2634,382.0000,275.0000,20.0000,-77.2500,-76.2500,,,,,11265.8925
Ca_el_6,"node-2 / Ca_el_6 - Ca electrode, node 2, Ca, sector 6 of 6 (335-355 deg), r285.26-382 mm, Al foil 1 mm, septum side of ND2, z -59.25..-58.25 [Al foil, stator]",node-2 - Node 2: ND2 - AR bank: Ca electrode,foil,sector,ND2,2,Ca,Al foil,285.2634,382.0000,335.0000,20.0000,-77.2500,-76.2500,,,,,11265.8925
Ca_diel_1,"dielectrics / Ca_diel_1 - Ca-diel_1, mica dielectric for Ca (between the Ca electrode and its counter), slab 1 of 6 (34-56 deg), r280.26-387 mm, 4.5 mm thick (foil + 5 mm margin), z -58.25..-53.75 [mica, stator]","dielectrics - septum (C_R, garolite), the Ca / Cb mica slabs and the Cx mica facings; no node",dielectric,sector,,,Ca,mica,280.2634,387.0000,33.9957,22.0085,-76.2500,-71.7500,,,,,61554.7450
Ca_diel_2,"dielectrics / Ca_diel_2 - Ca-diel_2, mica dielectric for Ca (between the Ca electrode and its counter), slab 2 of 6 (94-116 deg), r280.26-387 mm, 4.5 mm thick (foil + 5 mm margin), z -58.25..-53.75 [mica, stator]","dielectrics - septum (C_R, garolite), the Ca / Cb mica slabs and the Cx mica facings; no node",dielectric,sector,,,Ca,mica,280.2634,387.0000,93.9957,22.0085,-76.2500,-71.7500,,,,,61554.7450
Ca_diel_3,"dielectrics / Ca_diel_3 - Ca-diel_3, mica dielectric for Ca (between the Ca electrode and its counter), slab 3 of 6 (154-176 deg), r280.26-387 mm, 4.5 mm thick (foil + 5 mm margin), z -58.25..-53.75 [mica, stator]","dielectrics - septum (C_R, garolite), the Ca / Cb mica slabs and the Cx mica facings; no node",dielectric,sector,,,Ca,mica,280.2634,387.0000,153.9957,22.0085,-76.2500,-71.7500,,,,,61554.7450
Ca_diel_4,"dielectrics / Ca_diel_4 - Ca-diel_4, mica dielectric for Ca (between the Ca electrode and its counter), slab 4 of 6 (214-236 deg), r280.26-387 mm, 4.5 mm thick (foil + 5 mm margin), z -58.25..-53.75 [mica, stator]","dielectrics - septum (C_R, garolite), the Ca / Cb mica slabs and the Cx mica facings; no node",dielectric,sector,,,Ca,mica,280.2634,387.0000,213.9957,22.0085,-76.2500,-71.7500,,,,,61554.7450
Ca_diel_5,"dielectrics / Ca_diel_5 - Ca-diel_5, mica dielectric for Ca (between the Ca electrode and its counter), slab 5 of 6 (274-296 deg), r280.26-387 mm, 4.5 mm thick (foil + 5 mm margin), z -58.25..-53.75 [mica, stator]","dielectrics - septum (C_R, garolite), the Ca / Cb mica slabs and the Cx mica facings; no node",dielectric,sector,,,Ca,mica,280.2634,387.0000,273.9957,22.0085,-76.2500,-71.7500,,,,,61554.7450
Ca_diel_6,"dielectrics / Ca_diel_6 - Ca-diel_6, mica dielectric for Ca (between the Ca electrode and its counter), slab 6 of 6 (334-356 deg), r280.26-387 mm, 4.5 mm thick (foil + 5 mm margin), z -58.25..-53.75 [mica, stator]","dielectrics - septum (C_R, garolite), the Ca / Cb mica slabs and the Cx mica facings; no node",dielectric,sector,,,Ca,mica,280.2634,387.0000,333.9957,22.0085,-76.2500,-71.7500,,,,,61554.7450
Ca_counter_1,"node-1 / Ca_counter_1 - Ca counter (ND1 back face), node 1, Ca, sector 1 of 6 (34-56 deg), r95-387 mm, Al foil 1 mm, outer side of ND1, z -53.75..-52.75 [Al foil, stator]",node-1 - Node 1: ND1 - A-rail: C1 stator plate + Ca counter-electrode,foil,sector,ND1,1,Ca,Al foil,95.0000,387.0000,34.0000,22.0000,-71.7500,-70.7500,,,,,27020.9082
Ca_counter_2,"node-1 / Ca_counter_2 - Ca counter (ND1 back face), node 1, Ca, sector 2 of 6 (94-116 deg), r95-387 mm, Al foil 1 mm, outer side of ND1, z -53.75..-52.75 [Al foil, stator]",node-1 - Node 1: ND1 - A-rail: C1 stator plate + Ca counter-electrode,foil,sector,ND1,1,Ca,Al foil,95.0000,387.0000,94.0000,22.0000,-71.7500,-70.7500,,,,,27020.9082
Ca_counter_3,"node-1 / Ca_counter_3 - Ca counter (ND1 back face), node 1, Ca, sector 3 of 6 (154-176 deg), r95-387 mm, Al foil 1 mm, outer side of ND1, z -53.75..-52.75 [Al foil, stator]",node-1 - Node 1: ND1 - A-rail: C1 stator plate + Ca counter-electrode,foil,sector,ND1,1,Ca,Al foil,95.0000,387.0000,154.0000,22.0000,-71.7500,-70.7500,,,,,27020.9082
Ca_counter_4,"node-1 / Ca_counter_4 - Ca counter (ND1 back face), node 1, Ca, sector 4 of 6 (214-236 deg), r95-387 mm, Al foil 1 mm, outer side of ND1, z -53.75..-52.75 [Al foil, stator]",node-1 - Node 1: ND1 - A-rail: C1 stator plate + Ca counter-electrode,foil,sector,ND1,1,Ca,Al foil,95.0000,387.0000,214.0000,22.0000,-71.7500,-70.7500,,,,,27020.9082
Ca_counter_5,"node-1 / Ca_counter_5 - Ca counter (ND1 back face), node 1, Ca, sector 5 of 6 (274-296 deg), r95-387 mm, Al foil 1 mm, outer side of ND1, z -53.75..-52.75 [Al foil, stator]",node-1 - Node 1: ND1 - A-rail: C1 stator plate + Ca counter-electrode,foil,sector,ND1,1,Ca,Al foil,95.0000,387.0000,274.0000,22.0000,-71.7500,-70.7500,,,,,27020.9082
Ca_counter_6,"node-1 / Ca_counter_6 - Ca counter (ND1 back face), node 1, Ca, sector 6 of 6 (334-356 deg), r95-387 mm, Al foil 1 mm, outer side of ND1, z -53.75..-52.75 [Al foil, stator]",node-1 - Node 1: ND1 - A-rail: C1 stator plate + Ca counter-electrode,foil,sector,ND1,1,Ca,Al foil,95.0000,387.0000,334.0000,22.0000,-71.7500,-70.7500,,,,,27020.9082
ND1_carrier_1,"carriers / ND1_carrier_1 - ND1 carrier ring 1 of 3, insulating: stator carrier ND1; holds the C1 stator plate and the Ca counter-electrode (A-rail, 1); r50-402 mm, 20.5 mm thick, z -52.75..-32.25 [PTFE carrier, stator]",carriers - the insulating carrier discs (G10); no node,carrier,sector,ND1,,,PTFE carrier,50.0000,402.0000,0.0000,360.0000,-70.7500,-50.2500,,,,,10246719.1299
ND1_carrier_2,"carriers / ND1_carrier_2 - ND1 carrier ring 2 of 3, insulating: stator carrier ND1; holds the C1 stator plate and the Ca counter-electrode (A-rail, 1); r402-418 mm, 14.25 mm thick (recessed spark-gap band), z -52.75..-38.5 [PTFE carrier, stator]",carriers - the insulating carrier discs (G10); no node,carrier,sector,ND1,,,PTFE carrier,402.0000,418.0000,0.0000,360.0000,-70.7500,-56.5000,,,,,587352.1625
ND1_carrier_3,"carriers / ND1_carrier_3 - ND1 carrier ring 3 of 3, insulating: stator carrier ND1; holds the C1 stator plate and the Ca counter-electrode (A-rail, 1); r418-500 mm, 20.5 mm thick, z -52.75..-32.25 [PTFE carrier, stator]",carriers - the insulating carrier discs (G10); no node,carrier,sector,ND1,,,PTFE carrier,418.0000,500.0000,0.0000,360.0000,-70.7500,-50.2500,,,,,4847973.8361
C1_stator_1,"node-1 / C1_stator_1 - C1 stator plate, node 1, C1, sector 1 of 6 (34-56 deg), r95-387 mm, Al foil 1 mm, septum side of ND1, z -32.25..-31.25 [Al foil, stator]",node-1 - Node 1: ND1 - A-rail: C1 stator plate + Ca counter-electrode,foil,sector,ND1,1,C1,Al foil,95.0000,387.0000,34.0000,22.0000,-50.2500,-49.2500,,,,,27020.9082
C1_stator_2,"node-1 / C1_stator_2 - C1 stator plate, node 1, C1, sector 2 of 6 (94-116 deg), r95-387 mm, Al foil 1 mm, septum side of ND1, z -32.25..-31.25 [Al foil, stator]",node-1 - Node 1: ND1 - A-rail: C1 stator plate + Ca counter-electrode,foil,sector,ND1,1,C1,Al foil,95.0000,387.0000,94.0000,22.0000,-50.2500,-49.2500,,,,,27020.9082
C1_stator_3,"node-1 / C1_stator_3 - C1 stator plate, node 1, C1, sector 3 of 6 (154-176 deg), r95-387 mm, Al foil 1 mm, septum side of ND1, z -32.25..-31.25 [Al foil, stator]",node-1 - Node 1: ND1 - A-rail: C1 stator plate + Ca counter-electrode,foil,sector,ND1,1,C1,Al foil,95.0000,387.0000,154.0000,22.0000,-50.2500,-49.2500,,,,,27020.9082
C1_stator_4,"node-1 / C1_stator_4 - C1 stator plate, node 1, C1, sector 4 of 6 (214-236 deg), r95-387 mm, Al foil 1 mm, septum side of ND1, z -32.25..-31.25 [Al foil, stator]",node-1 - Node 1: ND1 - A-rail: C1 stator plate + Ca counter-electrode,foil,sector,ND1,1,C1,Al foil,95.0000,387.0000,214.0000,22.0000,-50.2500,-49.2500,,,,,27020.9082
C1_stator_5,"node-1 / C1_stator_5 - C1 stator plate, node 1, C1, sector 5 of 6 (274-296 deg), r95-387 mm, Al foil 1 mm, septum side of ND1, z -32.25..-31.25 [Al foil, stator]",node-1 - Node 1: ND1 - A-rail: C1 stator plate + Ca counter-electrode,foil,sector,ND1,1,C1,Al foil,95.0000,387.0000,274.0000,22.0000,-50.2500,-49.2500,,,,,27020.9082
C1_stator_6,"node-1 / C1_stator_6 - C1 stator plate, node 1, C1, sector 6 of 6 (334-356 deg), r95-387 mm, Al foil 1 mm, septum side of ND1, z -32.25..-31.25 [Al foil, stator]",node-1 - Node 1: ND1 - A-rail: C1 stator plate + Ca counter-electrode,foil,sector,ND1,1,C1,Al foil,95.0000,387.0000,334.0000,22.0000,-50.2500,-49.2500,,,,,27020.9082
C1_rotor_1,"node-R-A / C1_rotor_1 - C1 rotor face, node R-A, C1, sector 1 of 6 (30-60 deg), r75-387 mm, Al foil 1 mm, outer side of A-disc, z -28.25..-27.25 [Al foil, rotor A]",node-R-A - Node R-A: ND5 - resonator end A: rotor A (C1 rotor face),foil,sector,A-disc,R-A,C1,Al foil,75.0000,387.0000,30.0000,30.0000,-28.2500,-27.2500,,,,,37736.8110
C1_rotor_2,"node-R-A / C1_rotor_2 - C1 rotor face, node R-A, C1, sector 2 of 6 (90-120 deg), r75-387 mm, Al foil 1 mm, outer side of A-disc, z -28.25..-27.25 [Al foil, rotor A]",node-R-A - Node R-A: ND5 - resonator end A: rotor A (C1 rotor face),foil,sector,A-disc,R-A,C1,Al foil,75.0000,387.0000,90.0000,30.0000,-28.2500,-27.2500,,,,,37736.8110
C1_rotor_3,"node-R-A / C1_rotor_3 - C1 rotor face, node R-A, C1, sector 3 of 6 (150-180 deg), r75-387 mm, Al foil 1 mm, outer side of A-disc, z -28.25..-27.25 [Al foil, rotor A]",node-R-A - Node R-A: ND5 - resonator end A: rotor A (C1 rotor face),foil,sector,A-disc,R-A,C1,Al foil,75.0000,387.0000,150.0000,30.0000,-28.2500,-27.2500,,,,,37736.8110
C1_rotor_4,"node-R-A / C1_rotor_4 - C1 rotor face, node R-A, C1, sector 4 of 6 (210-240 deg), r75-387 mm, Al foil 1 mm, outer side of A-disc, z -28.25..-27.25 [Al foil, rotor A]",node-R-A - Node R-A: ND5 - resonator end A: rotor A (C1 rotor face),foil,sector,A-disc,R-A,C1,Al foil,75.0000,387.0000,210.0000,30.0000,-28.2500,-27.2500,,,,,37736.8110
C1_rotor_5,"node-R-A / C1_rotor_5 - C1 rotor face, node R-A, C1, sector 5 of 6 (270-300 deg), r75-387 mm, Al foil 1 mm, outer side of A-disc, z -28.25..-27.25 [Al foil, rotor A]",node-R-A - Node R-A: ND5 - resonator end A: rotor A (C1 rotor face),foil,sector,A-disc,R-A,C1,Al foil,75.0000,387.0000,270.0000,30.0000,-28.2500,-27.2500,,,,,37736.8110
C1_rotor_6,"node-R-A / C1_rotor_6 - C1 rotor face, node R-A, C1, sector 6 of 6 (330-360 deg), r75-387 mm, Al foil 1 mm, outer side of A-disc, z -28.25..-27.25 [Al foil, rotor A]",node-R-A - Node R-A: ND5 - resonator end A: rotor A (C1 rotor face),foil,sector,A-disc,R-A,C1,Al foil,75.0000,387.0000,330.0000,30.0000,-28.2500,-27.2500,,,,,37736.8110
A_disc_carrier_1,"carriers / A_disc_carrier_1 - A-disc carrier ring 1 of 3, insulating: rotor A main disc; holds the C1 rotor face (R-A) and, septum side, the C_R plate (n18); r0-402 mm, 20.25 mm thick, z -27.25..-7 [PTFE rotor disc, rotor A]",carriers - the insulating carrier discs (G10); no node,carrier,sector,A-disc,,,PTFE rotor disc,0.0000,402.0000,0.0000,360.0000,-27.2500,-7.0000,,,,,10280802.2686
A_disc_carrier_2,"carriers / A_disc_carrier_2 - A-disc carrier ring 2 of 3, insulating: rotor A main disc; holds the C1 rotor face (R-A) and, septum side, the C_R plate (n18); r402-418 mm, 14 mm thick (recessed spark-gap band), z -21..-7 [PTFE rotor disc, rotor A]",carriers - the insulating carrier discs (G10); no node,carrier,sector,A-disc,,,PTFE rotor disc,402.0000,418.0000,0.0000,360.0000,-21.0000,-7.0000,,,,,577047.7386
A_disc_carrier_3,"carriers / A_disc_carrier_3 - A-disc carrier ring 3 of 3, insulating: rotor A main disc; holds the C1 rotor face (R-A) and, septum side, the C_R plate (n18); r418-500 mm, 20.25 mm thick, z -27.25..-7 [PTFE rotor disc, rotor A]",carriers - the insulating carrier discs (G10); no node,carrier,sector,A-disc,,,PTFE rotor disc,418.0000,500.0000,0.0000,360.0000,-27.2500,-7.0000,,,,,4788852.2040
CR_A_1,"node-n18 / CR_A_1 - C_R plate (rotor A), node n18, C_R, sector 1 of 6 (34-56 deg), r75-387 mm, Al foil 1 mm, septum side of A-disc, z -7..-6 [Al foil, rotor A]",node-n18 - Node n18: ND9 - C_R plate on rotor A (L_R1 to R-A),foil,sector,A-disc,n18,C_R,Al foil,75.0000,387.0000,34.0000,22.0000,-7.0000,-6.0000,,,,,27673.6614
CR_A_2,"node-n18 / CR_A_2 - C_R plate (rotor A), node n18, C_R, sector 2 of 6 (94-116 deg), r75-387 mm, Al foil 1 mm, septum side of A-disc, z -7..-6 [Al foil, rotor A]",node-n18 - Node n18: ND9 - C_R plate on rotor A (L_R1 to R-A),foil,sector,A-disc,n18,C_R,Al foil,75.0000,387.0000,94.0000,22.0000,-7.0000,-6.0000,,,,,27673.6614
CR_A_3,"node-n18 / CR_A_3 - C_R plate (rotor A), node n18, C_R, sector 3 of 6 (154-176 deg), r75-387 mm, Al foil 1 mm, septum side of A-disc, z -7..-6 [Al foil, rotor A]",node-n18 - Node n18: ND9 - C_R plate on rotor A (L_R1 to R-A),foil,sector,A-disc,n18,C_R,Al foil,75.0000,387.0000,154.0000,22.0000,-7.0000,-6.0000,,,,,27673.6614
CR_A_4,"node-n18 / CR_A_4 - C_R plate (rotor A), node n18, C_R, sector 4 of 6 (214-236 deg), r75-387 mm, Al foil 1 mm, septum side of A-disc, z -7..-6 [Al foil, rotor A]",node-n18 - Node n18: ND9 - C_R plate on rotor A (L_R1 to R-A),foil,sector,A-disc,n18,C_R,Al foil,75.0000,387.0000,214.0000,22.0000,-7.0000,-6.0000,,,,,27673.6614
CR_A_5,"node-n18 / CR_A_5 - C_R plate (rotor A), node n18, C_R, sector 5 of 6 (274-296 deg), r75-387 mm, Al foil 1 mm, septum side of A-disc, z -7..-6 [Al foil, rotor A]",node-n18 - Node n18: ND9 - C_R plate on rotor A (L_R1 to R-A),foil,sector,A-disc,n18,C_R,Al foil,75.0000,387.0000,274.0000,22.0000,-7.0000,-6.0000,,,,,27673.6614
CR_A_6,"node-n18 / CR_A_6 - C_R plate (rotor A), node n18, C_R, sector 6 of 6 (334-356 deg), r75-387 mm, Al foil 1 mm, septum side of A-disc, z -7..-6 [Al foil, rotor A]",node-n18 - Node n18: ND9 - C_R plate on rotor A (L_R1 to R-A),foil,sector,A-disc,n18,C_R,Al foil,75.0000,387.0000,334.0000,22.0000,-7.0000,-6.0000,,,,,27673.6614
septum,"dielectrics / septum - septum, garolite, C_R dielectric between rotor A and rotor B, r0-500 mm, 12 mm thick, z -6..6 [garolite, rotor AB]","dielectrics - septum (C_R, garolite), the Ca / Cb mica slabs and the Cx mica facings; no node",dielectric,sector,,,C_R,garolite,0.0000,500.0000,0.0000,360.0000,-6.0000,6.0000,,,,,9424777.9608
CR_B_1,"node-n00 / CR_B_1 - C_R plate (rotor B), node n00, C_R, sector 1 of 6 (34-56 deg), r75-387 mm, Al foil 1 mm, septum side of B-disc, z 6..7 [Al foil, rotor B]",node-n00 - Node n00: ND10 - C_R plate on rotor B (L_R2 to R-B),foil,sector,B-disc,n00,C_R,Al foil,75.0000,387.0000,34.0000,22.0000,6.0000,7.0000,,,,,27673.6614
CR_B_2,"node-n00 / CR_B_2 - C_R plate (rotor B), node n00, C_R, sector 2 of 6 (94-116 deg), r75-387 mm, Al foil 1 mm, septum side of B-disc, z 6..7 [Al foil, rotor B]",node-n00 - Node n00: ND10 - C_R plate on rotor B (L_R2 to R-B),foil,sector,B-disc,n00,C_R,Al foil,75.0000,387.0000,94.0000,22.0000,6.0000,7.0000,,,,,27673.6614
CR_B_3,"node-n00 / CR_B_3 - C_R plate (rotor B), node n00, C_R, sector 3 of 6 (154-176 deg), r75-387 mm, Al foil 1 mm, septum side of B-disc, z 6..7 [Al foil, rotor B]",node-n00 - Node n00: ND10 - C_R plate on rotor B (L_R2 to R-B),foil,sector,B-disc,n00,C_R,Al foil,75.0000,387.0000,154.0000,22.0000,6.0000,7.0000,,,,,27673.6614
CR_B_4,"node-n00 / CR_B_4 - C_R plate (rotor B), node n00, C_R, sector 4 of 6 (214-236 deg), r75-387 mm, Al foil 1 mm, septum side of B-disc, z 6..7 [Al foil, rotor B]",node-n00 - Node n00: ND10 - C_R plate on rotor B (L_R2 to R-B),foil,sector,B-disc,n00,C_R,Al foil,75.0000,387.0000,214.0000,22.0000,6.0000,7.0000,,,,,27673.6614
CR_B_5,"node-n00 / CR_B_5 - C_R plate (rotor B), node n00, C_R, sector 5 of 6 (274-296 deg), r75-387 mm, Al foil 1 mm, septum side of B-disc, z 6..7 [Al foil, rotor B]",node-n00 - Node n00: ND10 - C_R plate on rotor B (L_R2 to R-B),foil,sector,B-disc,n00,C_R,Al foil,75.0000,387.0000,274.0000,22.0000,6.0000,7.0000,,,,,27673.6614
CR_B_6,"node-n00 / CR_B_6 - C_R plate (rotor B), node n00, C_R, sector 6 of 6 (334-356 deg), r75-387 mm, Al foil 1 mm, septum side of B-disc, z 6..7 [Al foil, rotor B]",node-n00 - Node n00: ND10 - C_R plate on rotor B (L_R2 to R-B),foil,sector,B-disc,n00,C_R,Al foil,75.0000,387.0000,334.0000,22.0000,6.0000,7.0000,,,,,27673.6614
B_disc_carrier_1,"carriers / B_disc_carrier_1 - B-disc carrier ring 1 of 3, insulating: rotor B main disc; holds the C2 rotor face (R-B) and, septum side, the C_R plate (n00); r0-402 mm, 20.25 mm thick, z 7..27.25 [PTFE rotor disc, rotor B]",carriers - the insulating carrier discs (G10); no node,carrier,sector,B-disc,,,PTFE rotor disc,0.0000,402.0000,0.0000,360.0000,7.0000,27.2500,,,,,10280802.2686
B_disc_carrier_2,"carriers / B_disc_carrier_2 - B-disc carrier ring 2 of 3, insulating: rotor B main disc; holds the C2 rotor face (R-B) and, septum side, the C_R plate (n00); r402-418 mm, 14 mm thick (recessed spark-gap band), z 7..21 [PTFE rotor disc, rotor B]",carriers - the insulating carrier discs (G10); no node,carrier,sector,B-disc,,,PTFE rotor disc,402.0000,418.0000,0.0000,360.0000,7.0000,21.0000,,,,,577047.7386
B_disc_carrier_3,"carriers / B_disc_carrier_3 - B-disc carrier ring 3 of 3, insulating: rotor B main disc; holds the C2 rotor face (R-B) and, septum side, the C_R plate (n00); r418-500 mm, 20.25 mm thick, z 7..27.25 [PTFE rotor disc, rotor B]",carriers - the insulating carrier discs (G10); no node,carrier,sector,B-disc,,,PTFE rotor disc,418.0000,500.0000,0.0000,360.0000,7.0000,27.2500,,,,,4788852.2040
C2_rotor_1,"node-R-B / C2_rotor_1 - C2 rotor face, node R-B, C2, sector 1 of 6 (30-60 deg), r75-387 mm, Al foil 1 mm, outer side of B-disc, z 27.25..28.25 [Al foil, rotor B]",node-R-B - Node R-B: ND6 - resonator end B: rotor B (C2 rotor face),foil,sector,B-disc,R-B,C2,Al foil,75.0000,387.0000,30.0000,30.0000,27.2500,28.2500,,,,,37736.8110
C2_rotor_2,"node-R-B / C2_rotor_2 - C2 rotor face, node R-B, C2, sector 2 of 6 (90-120 deg), r75-387 mm, Al foil 1 mm, outer side of B-disc, z 27.25..28.25 [Al foil, rotor B]",node-R-B - Node R-B: ND6 - resonator end B: rotor B (C2 rotor face),foil,sector,B-disc,R-B,C2,Al foil,75.0000,387.0000,90.0000,30.0000,27.2500,28.2500,,,,,37736.8110
C2_rotor_3,"node-R-B / C2_rotor_3 - C2 rotor face, node R-B, C2, sector 3 of 6 (150-180 deg), r75-387 mm, Al foil 1 mm, outer side of B-disc, z 27.25..28.25 [Al foil, rotor B]",node-R-B - Node R-B: ND6 - resonator end B: rotor B (C2 rotor face),foil,sector,B-disc,R-B,C2,Al foil,75.0000,387.0000,150.0000,30.0000,27.2500,28.2500,,,,,37736.8110
C2_rotor_4,"node-R-B / C2_rotor_4 - C2 rotor face, node R-B, C2, sector 4 of 6 (210-240 deg), r75-387 mm, Al foil 1 mm, outer side of B-disc, z 27.25..28.25 [Al foil, rotor B]",node-R-B - Node R-B: ND6 - resonator end B: rotor B (C2 rotor face),foil,sector,B-disc,R-B,C2,Al foil,75.0000,387.0000,210.0000,30.0000,27.2500,28.2500,,,,,37736.8110
C2_rotor_5,"node-R-B / C2_rotor_5 - C2 rotor face, node R-B, C2, sector 5 of 6 (270-300 deg), r75-387 mm, Al foil 1 mm, outer side of B-disc, z 27.25..28.25 [Al foil, rotor B]",node-R-B - Node R-B: ND6 - resonator end B: rotor B (C2 rotor face),foil,sector,B-disc,R-B,C2,Al foil,75.0000,387.0000,270.0000,30.0000,27.2500,28.2500,,,,,37736.8110
C2_rotor_6,"node-R-B / C2_rotor_6 - C2 rotor face, node R-B, C2, sector 6 of 6 (330-360 deg), r75-387 mm, Al foil 1 mm, outer side of B-disc, z 27.25..28.25 [Al foil, rotor B]",node-R-B - Node R-B: ND6 - resonator end B: rotor B (C2 rotor face),foil,sector,B-disc,R-B,C2,Al foil,75.0000,387.0000,330.0000,30.0000,27.2500,28.2500,,,,,37736.8110
C2_stator_1,"node-4 / C2_stator_1 - C2 stator plate, node 4, C2, sector 1 of 6 (4-26 deg), r95-387 mm, Al foil 1 mm, septum side of ND4, z 31.25..32.25 [Al foil, stator]",node-4 - Node 4: ND4 - B-rail: C2 stator plate + Cb counter-electrode,foil,sector,ND4,4,C2,Al foil,95.0000,387.0000,4.0000,22.0000,49.2500,50.2500,,,,,27020.9082
C2_stator_2,"node-4 / C2_stator_2 - C2 stator plate, node 4, C2, sector 2 of 6 (64-86 deg), r95-387 mm, Al foil 1 mm, septum side of ND4, z 31.25..32.25 [Al foil, stator]",node-4 - Node 4: ND4 - B-rail: C2 stator plate + Cb counter-electrode,foil,sector,ND4,4,C2,Al foil,95.0000,387.0000,64.0000,22.0000,49.2500,50.2500,,,,,27020.9082
C2_stator_3,"node-4 / C2_stator_3 - C2 stator plate, node 4, C2, sector 3 of 6 (124-146 deg), r95-387 mm, Al foil 1 mm, septum side of ND4, z 31.25..32.25 [Al foil, stator]",node-4 - Node 4: ND4 - B-rail: C2 stator plate + Cb counter-electrode,foil,sector,ND4,4,C2,Al foil,95.0000,387.0000,124.0000,22.0000,49.2500,50.2500,,,,,27020.9082
C2_stator_4,"node-4 / C2_stator_4 - C2 stator plate, node 4, C2, sector 4 of 6 (184-206 deg), r95-387 mm, Al foil 1 mm, septum side of ND4, z 31.25..32.25 [Al foil, stator]",node-4 - Node 4: ND4 - B-rail: C2 stator plate + Cb counter-electrode,foil,sector,ND4,4,C2,Al foil,95.0000,387.0000,184.0000,22.0000,49.2500,50.2500,,,,,27020.9082
C2_stator_5,"node-4 / C2_stator_5 - C2 stator plate, node 4, C2, sector 5 of 6 (244-266 deg), r95-387 mm, Al foil 1 mm, septum side of ND4, z 31.25..32.25 [Al foil, stator]",node-4 - Node 4: ND4 - B-rail: C2 stator plate + Cb counter-electrode,foil,sector,ND4,4,C2,Al foil,95.0000,387.0000,244.0000,22.0000,49.2500,50.2500,,,,,27020.9082
C2_stator_6,"node-4 / C2_stator_6 - C2 stator plate, node 4, C2, sector 6 of 6 (304-326 deg), r95-387 mm, Al foil 1 mm, septum side of ND4, z 31.25..32.25 [Al foil, stator]",node-4 - Node 4: ND4 - B-rail: C2 stator plate + Cb counter-electrode,foil,sector,ND4,4,C2,Al foil,95.0000,387.0000,304.0000,22.0000,49.2500,50.2500,,,,,27020.9082
ND4_carrier_1,"carriers / ND4_carrier_1 - ND4 carrier ring 1 of 3, insulating: stator carrier ND4; holds the C2 stator plate and the Cb counter-electrode (B-rail, 4); r50-402 mm, 20.5 mm thick, z 32.25..52.75 [PTFE carrier, stator]",carriers - the insulating carrier discs (G10); no node,carrier,sector,ND4,,,PTFE carrier,50.0000,402.0000,0.0000,360.0000,50.2500,70.7500,,,,,10246719.1299
ND4_carrier_2,"carriers / ND4_carrier_2 - ND4 carrier ring 2 of 3, insulating: stator carrier ND4; holds the C2 stator plate and the Cb counter-electrode (B-rail, 4); r402-418 mm, 14.25 mm thick (recessed spark-gap band), z 38.5..52.75 [PTFE carrier, stator]",carriers - the insulating carrier discs (G10); no node,carrier,sector,ND4,,,PTFE carrier,402.0000,418.0000,0.0000,360.0000,56.5000,70.7500,,,,,587352.1625
ND4_carrier_3,"carriers / ND4_carrier_3 - ND4 carrier ring 3 of 3, insulating: stator carrier ND4; holds the C2 stator plate and the Cb counter-electrode (B-rail, 4); r418-500 mm, 20.5 mm thick, z 32.25..52.75 [PTFE carrier, stator]",carriers - the insulating carrier discs (G10); no node,carrier,sector,ND4,,,PTFE carrier,418.0000,500.0000,0.0000,360.0000,50.2500,70.7500,,,,,4847973.8361
Cb_counter_1,"node-4 / Cb_counter_1 - Cb counter (ND4 back face), node 4, Cb, sector 1 of 6 (4-26 deg), r95-387 mm, Al foil 1 mm, outer side of ND4, z 52.75..53.75 [Al foil, stator]",node-4 - Node 4: ND4 - B-rail: C2 stator plate + Cb counter-electrode,foil,sector,ND4,4,Cb,Al foil,95.0000,387.0000,4.0000,22.0000,70.7500,71.7500,,,,,27020.9082
Cb_counter_2,"node-4 / Cb_counter_2 - Cb counter (ND4 back face), node 4, Cb, sector 2 of 6 (64-86 deg), r95-387 mm, Al foil 1 mm, outer side of ND4, z 52.75..53.75 [Al foil, stator]",node-4 - Node 4: ND4 - B-rail: C2 stator plate + Cb counter-electrode,foil,sector,ND4,4,Cb,Al foil,95.0000,387.0000,64.0000,22.0000,70.7500,71.7500,,,,,27020.9082
Cb_counter_3,"node-4 / Cb_counter_3 - Cb counter (ND4 back face), node 4, Cb, sector 3 of 6 (124-146 deg), r95-387 mm, Al foil 1 mm, outer side of ND4, z 52.75..53.75 [Al foil, stator]",node-4 - Node 4: ND4 - B-rail: C2 stator plate + Cb counter-electrode,foil,sector,ND4,4,Cb,Al foil,95.0000,387.0000,124.0000,22.0000,70.7500,71.7500,,,,,27020.9082
Cb_counter_4,"node-4 / Cb_counter_4 - Cb counter (ND4 back face), node 4, Cb, sector 4 of 6 (184-206 deg), r95-387 mm, Al foil 1 mm, outer side of ND4, z 52.75..53.75 [Al foil, stator]",node-4 - Node 4: ND4 - B-rail: C2 stator plate + Cb counter-electrode,foil,sector,ND4,4,Cb,Al foil,95.0000,387.0000,184.0000,22.0000,70.7500,71.7500,,,,,27020.9082
Cb_counter_5,"node-4 / Cb_counter_5 - Cb counter (ND4 back face), node 4, Cb, sector 5 of 6 (244-266 deg), r95-387 mm, Al foil 1 mm, outer side of ND4, z 52.75..53.75 [Al foil, stator]",node-4 - Node 4: ND4 - B-rail: C2 stator plate + Cb counter-electrode,foil,sector,ND4,4,Cb,Al foil,95.0000,387.0000,244.0000,22.0000,70.7500,71.7500,,,,,27020.9082
Cb_counter_6,"node-4 / Cb_counter_6 - Cb counter (ND4 back face), node 4, Cb, sector 6 of 6 (304-326 deg), r95-387 mm, Al foil 1 mm, outer side of ND4, z 52.75..53.75 [Al foil, stator]",node-4 - Node 4: ND4 - B-rail: C2 stator plate + Cb counter-electrode,foil,sector,ND4,4,Cb,Al foil,95.0000,387.0000,304.0000,22.0000,70.7500,71.7500,,,,,27020.9082
Cb_diel_1,"dielectrics / Cb_diel_1 - Cb-diel_1, mica dielectric for Cb (between the Cb electrode and its counter), slab 1 of 6 (4-26 deg), r280.26-387 mm, 4.5 mm thick (foil + 5 mm margin), z 53.75..58.25 [mica, stator]","dielectrics - septum (C_R, garolite), the Ca / Cb mica slabs and the Cx mica facings; no node",dielectric,sector,,,Cb,mica,280.2634,387.0000,3.9957,22.0085,71.7500,76.2500,,,,,61554.7450
Cb_diel_2,"dielectrics / Cb_diel_2 - Cb-diel_2, mica dielectric for Cb (between the Cb electrode and its counter), slab 2 of 6 (64-86 deg), r280.26-387 mm, 4.5 mm thick (foil + 5 mm margin), z 53.75..58.25 [mica, stator]","dielectrics - septum (C_R, garolite), the Ca / Cb mica slabs and the Cx mica facings; no node",dielectric,sector,,,Cb,mica,280.2634,387.0000,63.9957,22.0085,71.7500,76.2500,,,,,61554.7450
Cb_diel_3,"dielectrics / Cb_diel_3 - Cb-diel_3, mica dielectric for Cb (between the Cb electrode and its counter), slab 3 of 6 (124-146 deg), r280.26-387 mm, 4.5 mm thick (foil + 5 mm margin), z 53.75..58.25 [mica, stator]","dielectrics - septum (C_R, garolite), the Ca / Cb mica slabs and the Cx mica facings; no node",dielectric,sector,,,Cb,mica,280.2634,387.0000,123.9957,22.0085,71.7500,76.2500,,,,,61554.7450
Cb_diel_4,"dielectrics / Cb_diel_4 - Cb-diel_4, mica dielectric for Cb (between the Cb electrode and its counter), slab 4 of 6 (184-206 deg), r280.26-387 mm, 4.5 mm thick (foil + 5 mm margin), z 53.75..58.25 [mica, stator]","dielectrics - septum (C_R, garolite), the Ca / Cb mica slabs and the Cx mica facings; no node",dielectric,sector,,,Cb,mica,280.2634,387.0000,183.9957,22.0085,71.7500,76.2500,,,,,61554.7450
Cb_diel_5,"dielectrics / Cb_diel_5 - Cb-diel_5, mica dielectric for Cb (between the Cb electrode and its counter), slab 5 of 6 (244-266 deg), r280.26-387 mm, 4.5 mm thick (foil + 5 mm margin), z 53.75..58.25 [mica, stator]","dielectrics - septum (C_R, garolite), the Ca / Cb mica slabs and the Cx mica facings; no node",dielectric,sector,,,Cb,mica,280.2634,387.0000,243.9957,22.0085,71.7500,76.2500,,,,,61554.7450
Cb_diel_6,"dielectrics / Cb_diel_6 - Cb-diel_6, mica dielectric for Cb (between the Cb electrode and its counter), slab 6 of 6 (304-326 deg), r280.26-387 mm, 4.5 mm thick (foil + 5 mm margin), z 53.75..58.25 [mica, stator]","dielectrics - septum (C_R, garolite), the Ca / Cb mica slabs and the Cx mica facings; no node",dielectric,sector,,,Cb,mica,280.2634,387.0000,303.9957,22.0085,71.7500,76.2500,,,,,61554.7450
Cb_el_1,"node-3 / Cb_el_1 - Cb electrode, node 3, Cb, sector 1 of 6 (5-25 deg), r285.26-382 mm, Al foil 1 mm, septum side of ND3, z 58.25..59.25 [Al foil, stator]",node-3 - Node 3: ND3 - BR bank: Cb electrode,foil,sector,ND3,3,Cb,Al foil,285.2634,382.0000,5.0000,20.0000,76.2500,77.2500,,,,,11265.8925
Cb_el_2,"node-3 / Cb_el_2 - Cb electrode, node 3, Cb, sector 2 of 6 (65-85 deg), r285.26-382 mm, Al foil 1 mm, septum side of ND3, z 58.25..59.25 [Al foil, stator]",node-3 - Node 3: ND3 - BR bank: Cb electrode,foil,sector,ND3,3,Cb,Al foil,285.2634,382.0000,65.0000,20.0000,76.2500,77.2500,,,,,11265.8925
Cb_el_3,"node-3 / Cb_el_3 - Cb electrode, node 3, Cb, sector 3 of 6 (125-145 deg), r285.26-382 mm, Al foil 1 mm, septum side of ND3, z 58.25..59.25 [Al foil, stator]",node-3 - Node 3: ND3 - BR bank: Cb electrode,foil,sector,ND3,3,Cb,Al foil,285.2634,382.0000,125.0000,20.0000,76.2500,77.2500,,,,,11265.8925
Cb_el_4,"node-3 / Cb_el_4 - Cb electrode, node 3, Cb, sector 4 of 6 (185-205 deg), r285.26-382 mm, Al foil 1 mm, septum side of ND3, z 58.25..59.25 [Al foil, stator]",node-3 - Node 3: ND3 - BR bank: Cb electrode,foil,sector,ND3,3,Cb,Al foil,285.2634,382.0000,185.0000,20.0000,76.2500,77.2500,,,,,11265.8925
Cb_el_5,"node-3 / Cb_el_5 - Cb electrode, node 3, Cb, sector 5 of 6 (245-265 deg), r285.26-382 mm, Al foil 1 mm, septum side of ND3, z 58.25..59.25 [Al foil, stator]",node-3 - Node 3: ND3 - BR bank: Cb electrode,foil,sector,ND3,3,Cb,Al foil,285.2634,382.0000,245.0000,20.0000,76.2500,77.2500,,,,,11265.8925
Cb_el_6,"node-3 / Cb_el_6 - Cb electrode, node 3, Cb, sector 6 of 6 (305-325 deg), r285.26-382 mm, Al foil 1 mm, septum side of ND3, z 58.25..59.25 [Al foil, stator]",node-3 - Node 3: ND3 - BR bank: Cb electrode,foil,sector,ND3,3,Cb,Al foil,285.2634,382.0000,305.0000,20.0000,76.2500,77.2500,,,,,11265.8925
ND3_carrier,"carriers / ND3_carrier - ND3 carrier, insulating: stator carrier ND3; holds the Cb electrode (BR bank, 3) and the Cx3 pickup (n17); r50-390 mm, 41.15 mm thick, z 59.25..100.4 [PTFE carrier, stator]",carriers - the insulating carrier discs (G10); no node,carrier,sector,ND3,,,PTFE carrier,50.0000,390.0000,0.0000,360.0000,77.2500,118.4000,,,,,19339770.0392
Cx3_pickup_1,"node-n17 / Cx3_pickup_1 - Cx3 pickup, node n17, Cx3, sector 1 of 6 (30-60 deg), r58-350 mm, Al foil 1 mm, outer side of ND3, z 100.4..101.4 [Al foil, stator]",node-n17 - Node n17: Cx3 pickup on ND3 (Lx3 to node 3),foil,sector,ND3,n17,Cx3,Al foil,58.0000,350.0000,30.0000,30.0000,118.4000,119.4000,,,,,31189.7319
Cx3_pickup_2,"node-n17 / Cx3_pickup_2 - Cx3 pickup, node n17, Cx3, sector 2 of 6 (90-120 deg), r58-350 mm, Al foil 1 mm, outer side of ND3, z 100.4..101.4 [Al foil, stator]",node-n17 - Node n17: Cx3 pickup on ND3 (Lx3 to node 3),foil,sector,ND3,n17,Cx3,Al foil,58.0000,350.0000,90.0000,30.0000,118.4000,119.4000,,,,,31189.7319
Cx3_pickup_3,"node-n17 / Cx3_pickup_3 - Cx3 pickup, node n17, Cx3, sector 3 of 6 (150-180 deg), r58-350 mm, Al foil 1 mm, outer side of ND3, z 100.4..101.4 [Al foil, stator]",node-n17 - Node n17: Cx3 pickup on ND3 (Lx3 to node 3),foil,sector,ND3,n17,Cx3,Al foil,58.0000,350.0000,150.0000,30.0000,118.4000,119.4000,,,,,31189.7319
Cx3_pickup_4,"node-n17 / Cx3_pickup_4 - Cx3 pickup, node n17, Cx3, sector 4 of 6 (210-240 deg), r58-350 mm, Al foil 1 mm, outer side of ND3, z 100.4..101.4 [Al foil, stator]",node-n17 - Node n17: Cx3 pickup on ND3 (Lx3 to node 3),foil,sector,ND3,n17,Cx3,Al foil,58.0000,350.0000,210.0000,30.0000,118.4000,119.4000,,,,,31189.7319
Cx3_pickup_5,"node-n17 / Cx3_pickup_5 - Cx3 pickup, node n17, Cx3, sector 5 of 6 (270-300 deg), r58-350 mm, Al foil 1 mm, outer side of ND3, z 100.4..101.4 [Al foil, stator]",node-n17 - Node n17: Cx3 pickup on ND3 (Lx3 to node 3),foil,sector,ND3,n17,Cx3,Al foil,58.0000,350.0000,270.0000,30.0000,118.4000,119.4000,,,,,31189.7319
Cx3_pickup_6,"node-n17 / Cx3_pickup_6 - Cx3 pickup, node n17, Cx3, sector 6 of 6 (330-360 deg), r58-350 mm, Al foil 1 mm, outer side of ND3, z 100.4..101.4 [Al foil, stator]",node-n17 - Node n17: Cx3 pickup on ND3 (Lx3 to node 3),foil,sector,ND3,n17,Cx3,Al foil,58.0000,350.0000,330.0000,30.0000,118.4000,119.4000,,,,,31189.7319
Cx3_bars_1,"node-7 / Cx3_bars_1 - island bars on B, node 7, Cx3, sector 1 of 6 (30-60 deg), r75-350 mm, Al foil 1 mm, septum side of B-flange, z 105..106 [Al foil, rotor B]",node-7 - Node 7: ND7 - island on rotor B (Cx3 bars),foil,sector,B-flange,7,Cx3,Al foil,75.0000,350.0000,30.0000,30.0000,142.2000,143.2000,,,,,30597.8034
Cx3_bars_2,"node-7 / Cx3_bars_2 - island bars on B, node 7, Cx3, sector 2 of 6 (90-120 deg), r75-350 mm, Al foil 1 mm, septum side of B-flange, z 105..106 [Al foil, rotor B]",node-7 - Node 7: ND7 - island on rotor B (Cx3 bars),foil,sector,B-flange,7,Cx3,Al foil,75.0000,350.0000,90.0000,30.0000,142.2000,143.2000,,,,,30597.8034
Cx3_bars_3,"node-7 / Cx3_bars_3 - island bars on B, node 7, Cx3, sector 3 of 6 (150-180 deg), r75-350 mm, Al foil 1 mm, septum side of B-flange, z 105..106 [Al foil, rotor B]",node-7 - Node 7: ND7 - island on rotor B (Cx3 bars),foil,sector,B-flange,7,Cx3,Al foil,75.0000,350.0000,150.0000,30.0000,142.2000,143.2000,,,,,30597.8034
Cx3_bars_4,"node-7 / Cx3_bars_4 - island bars on B, node 7, Cx3, sector 4 of 6 (210-240 deg), r75-350 mm, Al foil 1 mm, septum side of B-flange, z 105..106 [Al foil, rotor B]",node-7 - Node 7: ND7 - island on rotor B (Cx3 bars),foil,sector,B-flange,7,Cx3,Al foil,75.0000,350.0000,210.0000,30.0000,142.2000,143.2000,,,,,30597.8034
Cx3_bars_5,"node-7 / Cx3_bars_5 - island bars on B, node 7, Cx3, sector 5 of 6 (270-300 deg), r75-350 mm, Al foil 1 mm, septum side of B-flange, z 105..106 [Al foil, rotor B]",node-7 - Node 7: ND7 - island on rotor B (Cx3 bars),foil,sector,B-flange,7,Cx3,Al foil,75.0000,350.0000,270.0000,30.0000,142.2000,143.2000,,,,,30597.8034
Cx3_bars_6,"node-7 / Cx3_bars_6 - island bars on B, node 7, Cx3, sector 6 of 6 (330-360 deg), r75-350 mm, Al foil 1 mm, septum side of B-flange, z 105..106 [Al foil, rotor B]",node-7 - Node 7: ND7 - island on rotor B (Cx3 bars),foil,sector,B-flange,7,Cx3,Al foil,75.0000,350.0000,330.0000,30.0000,142.2000,143.2000,,,,,30597.8034
B_flange_carrier,"carriers / B_flange_carrier - B-flange carrier, insulating: rotor B outer flange; holds the ND7 island bars; r0-500 mm, 8 mm thick, z 106..114 [PTFE rotor flange, rotor B]",carriers - the insulating carrier discs (G10); no node,carrier,sector,B-flange,,,PTFE rotor flange,0.0000,500.0000,0.0000,360.0000,143.2000,151.2000,,,,,6283185.3072
Cx4_mica_bars_1,"dielectrics / Cx4_mica_bars_1 - Cx4 mica facing on Cx4_bars (A-flange), r70-355 mm, 0.3 mm, z -105..-104.7 [mica, rotor A]","dielectrics - septum (C_R, garolite), the Ca / Cb mica slabs and the Cx mica facings; no node",dielectric,sector,A-flange,,Cx4,mica,70.0000,355.0000,-3.8197,37.6394,-142.2000,-141.9000,,,,,11935.6353
Cx4_mica_bars_2,"dielectrics / Cx4_mica_bars_2 - Cx4 mica facing on Cx4_bars (A-flange), r70-355 mm, 0.3 mm, z -105..-104.7 [mica, rotor A]","dielectrics - septum (C_R, garolite), the Ca / Cb mica slabs and the Cx mica facings; no node",dielectric,sector,A-flange,,Cx4,mica,70.0000,355.0000,56.1803,37.6394,-142.2000,-141.9000,,,,,11935.6353
Cx4_mica_bars_3,"dielectrics / Cx4_mica_bars_3 - Cx4 mica facing on Cx4_bars (A-flange), r70-355 mm, 0.3 mm, z -105..-104.7 [mica, rotor A]","dielectrics - septum (C_R, garolite), the Ca / Cb mica slabs and the Cx mica facings; no node",dielectric,sector,A-flange,,Cx4,mica,70.0000,355.0000,116.1803,37.6394,-142.2000,-141.9000,,,,,11935.6353
Cx4_mica_bars_4,"dielectrics / Cx4_mica_bars_4 - Cx4 mica facing on Cx4_bars (A-flange), r70-355 mm, 0.3 mm, z -105..-104.7 [mica, rotor A]","dielectrics - septum (C_R, garolite), the Ca / Cb mica slabs and the Cx mica facings; no node",dielectric,sector,A-flange,,Cx4,mica,70.0000,355.0000,176.1803,37.6394,-142.2000,-141.9000,,,,,11935.6353
Cx4_mica_bars_5,"dielectrics / Cx4_mica_bars_5 - Cx4 mica facing on Cx4_bars (A-flange), r70-355 mm, 0.3 mm, z -105..-104.7 [mica, rotor A]","dielectrics - septum (C_R, garolite), the Ca / Cb mica slabs and the Cx mica facings; no node",dielectric,sector,A-flange,,Cx4,mica,70.0000,355.0000,236.1803,37.6394,-142.2000,-141.9000,,,,,11935.6353
Cx4_mica_bars_6,"dielectrics / Cx4_mica_bars_6 - Cx4 mica facing on Cx4_bars (A-flange), r70-355 mm, 0.3 mm, z -105..-104.7 [mica, rotor A]","dielectrics - septum (C_R, garolite), the Ca / Cb mica slabs and the Cx mica facings; no node",dielectric,sector,A-flange,,Cx4,mica,70.0000,355.0000,296.1803,37.6394,-142.2000,-141.9000,,,,,11935.6353
Cx4_mica_pickup_1,"dielectrics / Cx4_mica_pickup_1 - Cx4 mica facing on Cx4_pickup (ND2), r53-355 mm, 0.3 mm, z -101.7..-101.4 [mica, stator]","dielectrics - septum (C_R, garolite), the Ca / Cb mica slabs and the Cx mica facings; no node",dielectric,sector,ND2,,Cx4,mica,53.0000,355.0000,-4.9393,39.8786,-119.7000,-119.4000,,,,,12863.9827
Cx4_mica_pickup_2,"dielectrics / Cx4_mica_pickup_2 - Cx4 mica facing on Cx4_pickup (ND2), r53-355 mm, 0.3 mm, z -101.7..-101.4 [mica, stator]","dielectrics - septum (C_R, garolite), the Ca / Cb mica slabs and the Cx mica facings; no node",dielectric,sector,ND2,,Cx4,mica,53.0000,355.0000,55.0607,39.8786,-119.7000,-119.4000,,,,,12863.9827
Cx4_mica_pickup_3,"dielectrics / Cx4_mica_pickup_3 - Cx4 mica facing on Cx4_pickup (ND2), r53-355 mm, 0.3 mm, z -101.7..-101.4 [mica, stator]","dielectrics - septum (C_R, garolite), the Ca / Cb mica slabs and the Cx mica facings; no node",dielectric,sector,ND2,,Cx4,mica,53.0000,355.0000,115.0607,39.8786,-119.7000,-119.4000,,,,,12863.9827
Cx4_mica_pickup_4,"dielectrics / Cx4_mica_pickup_4 - Cx4 mica facing on Cx4_pickup (ND2), r53-355 mm, 0.3 mm, z -101.7..-101.4 [mica, stator]","dielectrics - septum (C_R, garolite), the Ca / Cb mica slabs and the Cx mica facings; no node",dielectric,sector,ND2,,Cx4,mica,53.0000,355.0000,175.0607,39.8786,-119.7000,-119.4000,,,,,12863.9827
Cx4_mica_pickup_5,"dielectrics / Cx4_mica_pickup_5 - Cx4 mica facing on Cx4_pickup (ND2), r53-355 mm, 0.3 mm, z -101.7..-101.4 [mica, stator]","dielectrics - septum (C_R, garolite), the Ca / Cb mica slabs and the Cx mica facings; no node",dielectric,sector,ND2,,Cx4,mica,53.0000,355.0000,235.0607,39.8786,-119.7000,-119.4000,,,,,12863.9827
Cx4_mica_pickup_6,"dielectrics / Cx4_mica_pickup_6 - Cx4 mica facing on Cx4_pickup (ND2), r53-355 mm, 0.3 mm, z -101.7..-101.4 [mica, stator]","dielectrics - septum (C_R, garolite), the Ca / Cb mica slabs and the Cx mica facings; no node",dielectric,sector,ND2,,Cx4,mica,53.0000,355.0000,295.0607,39.8786,-119.7000,-119.4000,,,,,12863.9827
C1_mica_stator_1,"dielectrics / C1_mica_stator_1 - C1 mica facing on C1_stator (ND1), r94-388 mm, 0.5 mm, z -31.25..-30.75 [mica, stator]","dielectrics - septum (C_R, garolite), the Ca / Cb mica slabs and the Cx mica facings; no node",dielectric,sector,ND1,,C1,mica,94.0000,388.0000,33.3969,23.2062,-49.2500,-48.7500,,,,,14348.8230
C1_mica_stator_2,"dielectrics / C1_mica_stator_2 - C1 mica facing on C1_stator (ND1), r94-388 mm, 0.5 mm, z -31.25..-30.75 [mica, stator]","dielectrics - septum (C_R, garolite), the Ca / Cb mica slabs and the Cx mica facings; no node",dielectric,sector,ND1,,C1,mica,94.0000,388.0000,93.3969,23.2062,-49.2500,-48.7500,,,,,14348.8230
C1_mica_stator_3,"dielectrics / C1_mica_stator_3 - C1 mica facing on C1_stator (ND1), r94-388 mm, 0.5 mm, z -31.25..-30.75 [mica, stator]","dielectrics - septum (C_R, garolite), the Ca / Cb mica slabs and the Cx mica facings; no node",dielectric,sector,ND1,,C1,mica,94.0000,388.0000,153.3969,23.2062,-49.2500,-48.7500,,,,,14348.8230
C1_mica_stator_4,"dielectrics / C1_mica_stator_4 - C1 mica facing on C1_stator (ND1), r94-388 mm, 0.5 mm, z -31.25..-30.75 [mica, stator]","dielectrics - septum (C_R, garolite), the Ca / Cb mica slabs and the Cx mica facings; no node",dielectric,sector,ND1,,C1,mica,94.0000,388.0000,213.3969,23.2062,-49.2500,-48.7500,,,,,14348.8230
C1_mica_stator_5,"dielectrics / C1_mica_stator_5 - C1 mica facing on C1_stator (ND1), r94-388 mm, 0.5 mm, z -31.25..-30.75 [mica, stator]","dielectrics - septum (C_R, garolite), the Ca / Cb mica slabs and the Cx mica facings; no node",dielectric,sector,ND1,,C1,mica,94.0000,388.0000,273.3969,23.2062,-49.2500,-48.7500,,,,,14348.8230
C1_mica_stator_6,"dielectrics / C1_mica_stator_6 - C1 mica facing on C1_stator (ND1), r94-388 mm, 0.5 mm, z -31.25..-30.75 [mica, stator]","dielectrics - septum (C_R, garolite), the Ca / Cb mica slabs and the Cx mica facings; no node",dielectric,sector,ND1,,C1,mica,94.0000,388.0000,333.3969,23.2062,-49.2500,-48.7500,,,,,14348.8230
C1_mica_rotor_1,"dielectrics / C1_mica_rotor_1 - C1 mica facing on C1_rotor (A-disc), r74-388 mm, 0.5 mm, z -28.75..-28.25 [mica, rotor A]","dielectrics - septum (C_R, garolite), the Ca / Cb mica slabs and the Cx mica facings; no node",dielectric,sector,A-disc,,C1,mica,74.0000,388.0000,29.2361,31.5279,-28.7500,-28.2500,,,,,19956.4768
C1_mica_rotor_2,"dielectrics / C1_mica_rotor_2 - C1 mica facing on C1_rotor (A-disc), r74-388 mm, 0.5 mm, z -28.75..-28.25 [mica, rotor A]","dielectrics - septum (C_R, garolite), the Ca / Cb mica slabs and the Cx mica facings; no node",dielectric,sector,A-disc,,C1,mica,74.0000,388.0000,89.2361,31.5279,-28.7500,-28.2500,,,,,19956.4768
C1_mica_rotor_3,"dielectrics / C1_mica_rotor_3 - C1 mica facing on C1_rotor (A-disc), r74-388 mm, 0.5 mm, z -28.75..-28.25 [mica, rotor A]","dielectrics - septum (C_R, garolite), the Ca / Cb mica slabs and the Cx mica facings; no node",dielectric,sector,A-disc,,C1,mica,74.0000,388.0000,149.2361,31.5279,-28.7500,-28.2500,,,,,19956.4768
C1_mica_rotor_4,"dielectrics / C1_mica_rotor_4 - C1 mica facing on C1_rotor (A-disc), r74-388 mm, 0.5 mm, z -28.75..-28.25 [mica, rotor A]","dielectrics - septum (C_R, garolite), the Ca / Cb mica slabs and the Cx mica facings; no node",dielectric,sector,A-disc,,C1,mica,74.0000,388.0000,209.2361,31.5279,-28.7500,-28.2500,,,,,19956.4768
C1_mica_rotor_5,"dielectrics / C1_mica_rotor_5 - C1 mica facing on C1_rotor (A-disc), r74-388 mm, 0.5 mm, z -28.75..-28.25 [mica, rotor A]","dielectrics - septum (C_R, garolite), the Ca / Cb mica slabs and the Cx mica facings; no node",dielectric,sector,A-disc,,C1,mica,74.0000,388.0000,269.2361,31.5279,-28.7500,-28.2500,,,,,19956.4768
C1_mica_rotor_6,"dielectrics / C1_mica_rotor_6 - C1 mica facing on C1_rotor (A-disc), r74-388 mm, 0.5 mm, z -28.75..-28.25 [mica, rotor A]","dielectrics - septum (C_R, garolite), the Ca / Cb mica slabs and the Cx mica facings; no node",dielectric,sector,A-disc,,C1,mica,74.0000,388.0000,329.2361,31.5279,-28.7500,-28.2500,,,,,19956.4768
C2_mica_rotor_1,"dielectrics / C2_mica_rotor_1 - C2 mica facing on C2_rotor (B-disc), r74-388 mm, 0.5 mm, z 28.25..28.75 [mica, rotor B]","dielectrics - septum (C_R, garolite), the Ca / Cb mica slabs and the Cx mica facings; no node",dielectric,sector,B-disc,,C2,mica,74.0000,388.0000,29.2361,31.5279,28.2500,28.7500,,,,,19956.4768
C2_mica_rotor_2,"dielectrics / C2_mica_rotor_2 - C2 mica facing on C2_rotor (B-disc), r74-388 mm, 0.5 mm, z 28.25..28.75 [mica, rotor B]","dielectrics - septum (C_R, garolite), the Ca / Cb mica slabs and the Cx mica facings; no node",dielectric,sector,B-disc,,C2,mica,74.0000,388.0000,89.2361,31.5279,28.2500,28.7500,,,,,19956.4768
C2_mica_rotor_3,"dielectrics / C2_mica_rotor_3 - C2 mica facing on C2_rotor (B-disc), r74-388 mm, 0.5 mm, z 28.25..28.75 [mica, rotor B]","dielectrics - septum (C_R, garolite), the Ca / Cb mica slabs and the Cx mica facings; no node",dielectric,sector,B-disc,,C2,mica,74.0000,388.0000,149.2361,31.5279,28.2500,28.7500,,,,,19956.4768
C2_mica_rotor_4,"dielectrics / C2_mica_rotor_4 - C2 mica facing on C2_rotor (B-disc), r74-388 mm, 0.5 mm, z 28.25..28.75 [mica, rotor B]","dielectrics - septum (C_R, garolite), the Ca / Cb mica slabs and the Cx mica facings; no node",dielectric,sector,B-disc,,C2,mica,74.0000,388.0000,209.2361,31.5279,28.2500,28.7500,,,,,19956.4768
C2_mica_rotor_5,"dielectrics / C2_mica_rotor_5 - C2 mica facing on C2_rotor (B-disc), r74-388 mm, 0.5 mm, z 28.25..28.75 [mica, rotor B]","dielectrics - septum (C_R, garolite), the Ca / Cb mica slabs and the Cx mica facings; no node",dielectric,sector,B-disc,,C2,mica,74.0000,388.0000,269.2361,31.5279,28.2500,28.7500,,,,,19956.4768
C2_mica_rotor_6,"dielectrics / C2_mica_rotor_6 - C2 mica facing on C2_rotor (B-disc), r74-388 mm, 0.5 mm, z 28.25..28.75 [mica, rotor B]","dielectrics - septum (C_R, garolite), the Ca / Cb mica slabs and the Cx mica facings; no node",dielectric,sector,B-disc,,C2,mica,74.0000,388.0000,329.2361,31.5279,28.2500,28.7500,,,,,19956.4768
C2_mica_stator_1,"dielectrics / C2_mica_stator_1 - C2 mica facing on C2_stator (ND4), r94-388 mm, 0.5 mm, z 30.75..31.25 [mica, stator]","dielectrics - septum (C_R, garolite), the Ca / Cb mica slabs and the Cx mica facings; no node",dielectric,sector,ND4,,C2,mica,94.0000,388.0000,3.3969,23.2062,48.7500,49.2500,,,,,14348.8230
C2_mica_stator_2,"dielectrics / C2_mica_stator_2 - C2 mica facing on C2_stator (ND4), r94-388 mm, 0.5 mm, z 30.75..31.25 [mica, stator]","dielectrics - septum (C_R, garolite), the Ca / Cb mica slabs and the Cx mica facings; no node",dielectric,sector,ND4,,C2,mica,94.0000,388.0000,63.3969,23.2062,48.7500,49.2500,,,,,14348.8230
C2_mica_stator_3,"dielectrics / C2_mica_stator_3 - C2 mica facing on C2_stator (ND4), r94-388 mm, 0.5 mm, z 30.75..31.25 [mica, stator]","dielectrics - septum (C_R, garolite), the Ca / Cb mica slabs and the Cx mica facings; no node",dielectric,sector,ND4,,C2,mica,94.0000,388.0000,123.3969,23.2062,48.7500,49.2500,,,,,14348.8230
C2_mica_stator_4,"dielectrics / C2_mica_stator_4 - C2 mica facing on C2_stator (ND4), r94-388 mm, 0.5 mm, z 30.75..31.25 [mica, stator]","dielectrics - septum (C_R, garolite), the Ca / Cb mica slabs and the Cx mica facings; no node",dielectric,sector,ND4,,C2,mica,94.0000,388.0000,183.3969,23.2062,48.7500,49.2500,,,,,14348.8230
C2_mica_stator_5,"dielectrics / C2_mica_stator_5 - C2 mica facing on C2_stator (ND4), r94-388 mm, 0.5 mm, z 30.75..31.25 [mica, stator]","dielectrics - septum (C_R, garolite), the Ca / Cb mica slabs and the Cx mica facings; no node",dielectric,sector,ND4,,C2,mica,94.0000,388.0000,243.3969,23.2062,48.7500,49.2500,,,,,14348.8230
C2_mica_stator_6,"dielectrics / C2_mica_stator_6 - C2 mica facing on C2_stator (ND4), r94-388 mm, 0.5 mm, z 30.75..31.25 [mica, stator]","dielectrics - septum (C_R, garolite), the Ca / Cb mica slabs and the Cx mica facings; no node",dielectric,sector,ND4,,C2,mica,94.0000,388.0000,303.3969,23.2062,48.7500,49.2500,,,,,14348.8230
Cx3_mica_pickup_1,"dielectrics / Cx3_mica_pickup_1 - Cx3 mica facing on Cx3_pickup (ND3), r53-355 mm, 0.3 mm, z 101.4..101.7 [mica, stator]","dielectrics - septum (C_R, garolite), the Ca / Cb mica slabs and the Cx mica facings; no node",dielectric,sector,ND3,,Cx3,mica,53.0000,355.0000,25.0607,39.8786,119.4000,119.7000,,,,,12863.9827
Cx3_mica_pickup_2,"dielectrics / Cx3_mica_pickup_2 - Cx3 mica facing on Cx3_pickup (ND3), r53-355 mm, 0.3 mm, z 101.4..101.7 [mica, stator]","dielectrics - septum (C_R, garolite), the Ca / Cb mica slabs and the Cx mica facings; no node",dielectric,sector,ND3,,Cx3,mica,53.0000,355.0000,85.0607,39.8786,119.4000,119.7000,,,,,12863.9827
Cx3_mica_pickup_3,"dielectrics / Cx3_mica_pickup_3 - Cx3 mica facing on Cx3_pickup (ND3), r53-355 mm, 0.3 mm, z 101.4..101.7 [mica, stator]","dielectrics - septum (C_R, garolite), the Ca / Cb mica slabs and the Cx mica facings; no node",dielectric,sector,ND3,,Cx3,mica,53.0000,355.0000,145.0607,39.8786,119.4000,119.7000,,,,,12863.9827
Cx3_mica_pickup_4,"dielectrics / Cx3_mica_pickup_4 - Cx3 mica facing on Cx3_pickup (ND3), r53-355 mm, 0.3 mm, z 101.4..101.7 [mica, stator]","dielectrics - septum (C_R, garolite), the Ca / Cb mica slabs and the Cx mica facings; no node",dielectric,sector,ND3,,Cx3,mica,53.0000,355.0000,205.0607,39.8786,119.4000,119.7000,,,,,12863.9827
Cx3_mica_pickup_5,"dielectrics / Cx3_mica_pickup_5 - Cx3 mica facing on Cx3_pickup (ND3), r53-355 mm, 0.3 mm, z 101.4..101.7 [mica, stator]","dielectrics - septum (C_R, garolite), the Ca / Cb mica slabs and the Cx mica facings; no node",dielectric,sector,ND3,,Cx3,mica,53.0000,355.0000,265.0607,39.8786,119.4000,119.7000,,,,,12863.9827
Cx3_mica_pickup_6,"dielectrics / Cx3_mica_pickup_6 - Cx3 mica facing on Cx3_pickup (ND3), r53-355 mm, 0.3 mm, z 101.4..101.7 [mica, stator]","dielectrics - septum (C_R, garolite), the Ca / Cb mica slabs and the Cx mica facings; no node",dielectric,sector,ND3,,Cx3,mica,53.0000,355.0000,325.0607,39.8786,119.4000,119.7000,,,,,12863.9827
Cx3_mica_bars_1,"dielectrics / Cx3_mica_bars_1 - Cx3 mica facing on Cx3_bars (B-flange), r70-355 mm, 0.3 mm, z 104.7..105 [mica, rotor B]","dielectrics - septum (C_R, garolite), the Ca / Cb mica slabs and the Cx mica facings; no node",dielectric,sector,B-flange,,Cx3,mica,70.0000,355.0000,26.1803,37.6394,141.9000,142.2000,,,,,11935.6353
Cx3_mica_bars_2,"dielectrics / Cx3_mica_bars_2 - Cx3 mica facing on Cx3_bars (B-flange), r70-355 mm, 0.3 mm, z 104.7..105 [mica, rotor B]","dielectrics - septum (C_R, garolite), the Ca / Cb mica slabs and the Cx mica facings; no node",dielectric,sector,B-flange,,Cx3,mica,70.0000,355.0000,86.1803,37.6394,141.9000,142.2000,,,,,11935.6353
Cx3_mica_bars_3,"dielectrics / Cx3_mica_bars_3 - Cx3 mica facing on Cx3_bars (B-flange), r70-355 mm, 0.3 mm, z 104.7..105 [mica, rotor B]","dielectrics - septum (C_R, garolite), the Ca / Cb mica slabs and the Cx mica facings; no node",dielectric,sector,B-flange,,Cx3,mica,70.0000,355.0000,146.1803,37.6394,141.9000,142.2000,,,,,11935.6353
Cx3_mica_bars_4,"dielectrics / Cx3_mica_bars_4 - Cx3 mica facing on Cx3_bars (B-flange), r70-355 mm, 0.3 mm, z 104.7..105 [mica, rotor B]","dielectrics - septum (C_R, garolite), the Ca / Cb mica slabs and the Cx mica facings; no node",dielectric,sector,B-flange,,Cx3,mica,70.0000,355.0000,206.1803,37.6394,141.9000,142.2000,,,,,11935.6353
Cx3_mica_bars_5,"dielectrics / Cx3_mica_bars_5 - Cx3 mica facing on Cx3_bars (B-flange), r70-355 mm, 0.3 mm, z 104.7..105 [mica, rotor B]","dielectrics - septum (C_R, garolite), the Ca / Cb mica slabs and the Cx mica facings; no node",dielectric,sector,B-flange,,Cx3,mica,70.0000,355.0000,266.1803,37.6394,141.9000,142.2000,,,,,11935.6353
Cx3_mica_bars_6,"dielectrics / Cx3_mica_bars_6 - Cx3 mica facing on Cx3_bars (B-flange), r70-355 mm, 0.3 mm, z 104.7..105 [mica, rotor B]","dielectrics - septum (C_R, garolite), the Ca / Cb mica slabs and the Cx mica facings; no node",dielectric,sector,B-flange,,Cx3,mica,70.0000,355.0000,326.1803,37.6394,141.9000,142.2000,,,,,11935.6353
SG1_sph_1,"node-2 / SG1_sph_1 - SG1 stator sphere 1 of 6 (return), node 2, 12 mm W-Cu on ND1 at r410 3 deg, apex 6 mm proud, 6 mm in its socket, gap 5.5 mm to the rotor A (R-A) tip - fed from ND2, in ND1 [W-Cu sphere, stator]",node-2 - Node 2: ND2 - AR bank: Ca electrode,gap-stator,sphere,ND1,2,SG1,W-Cu sphere,,,,,,,409.438 21.458 -56.500,6.0000,,,904.7787
SG1_stem_1,"node-2 / SG1_stem_1 - SG1 stem 1 (node 2): sphere centre to the lead plane in ND1, in ND1 [Cu stem, stator]",node-2 - Node 2: ND2 - AR bank: Ca electrode,gap-stem,rod,ND1,2,SG1,Cu stem,,,,,,,,3.0000,409.438 21.458 -56.500,409.438 21.458 -67.000,296.8805
SG1_lead_1a,"node-2 / SG1_lead_1a - SG1 lead 1 (node 2): embedded in ND1, radial to its rim, in ND1 [Cu lead, stator]",node-2 - Node 2: ND2 - AR bank: Ca electrode,gap-lead,rod,ND1,2,SG1,Cu lead,,,,,,,,1.5000,409.438 21.458 -67.000,499.315 26.168 -67.000,636.1725
SG1_lead_1b,"node-2 / SG1_lead_1b - SG1 lead 1 (node 2): out to the stator frame, in ND1 [Cu lead, stator]",node-2 - Node 2: ND2 - AR bank: Ca electrode,gap-lead,rod,ND1,2,SG1,Cu lead,,,,,,,,1.5000,499.315 26.168 -67.000,559.233 29.308 -67.000,424.1150
SG1_lead_1c,"node-2 / SG1_lead_1c - SG1 lead 1 (node 2): along the frame R560 to ND2, in ND1 [Cu lead, stator]",node-2 - Node 2: ND2 - AR bank: Ca electrode,gap-lead,rod,ND1,2,SG1,Cu lead,,,,,,,,1.5000,559.233 29.308 -67.000,559.233 29.308 -92.000,176.7146
SG1_lead_1d,"node-2 / SG1_lead_1d - SG1 lead 1 (node 2): into the ND2 rim, in ND2 [Cu lead, stator]",node-2 - Node 2: ND2 - AR bank: Ca electrode,gap-lead,rod,ND2,2,SG1,Cu lead,,,,,,,,1.5000,559.233 29.308 -92.000,389.466 20.411 -92.000,1201.6592
SG1_lead_1e,"node-2 / SG1_lead_1e - SG1 lead 1 (node 2): in ND2: radial to r372 at 3 deg, in ND2 [Cu lead, stator]",node-2 - Node 2: ND2 - AR bank: Ca electrode,gap-lead,rod,ND2,2,SG1,Cu lead,,,,,,,,1.5000,389.466 20.411 -92.000,371.490 19.469 -92.000,127.2345
SG1_lead_1f,"node-2 / SG1_lead_1f - SG1 lead 1 (node 2): in ND2: under Ca_el to 354.46 deg, in ND2 [Cu lead, stator]",node-2 - Node 2: ND2 - AR bank: Ca electrode,gap-lead,rod,ND2,2,SG1,Cu lead,,,,,,,,1.5000,371.490 19.469 -92.000,370.263 -35.907 -92.000,391.5267
SG1_lead_1g,"node-2 / SG1_lead_1g - SG1 lead 1 (node 2): in ND2: riser to Ca_el (node 2), in ND2 [Cu lead, stator]",node-2 - Node 2: ND2 - AR bank: Ca electrode,gap-lead,rod,ND2,2,SG1,Cu lead,,,,,,,,1.5000,370.263 -35.907 -92.000,370.263 -35.907 -76.750,107.7959
SG1_sph_2,"node-2 / SG1_sph_2 - SG1 stator sphere 2 of 6 (return), node 2, 12 mm W-Cu on ND1 at r410 63 deg, apex 6 mm proud, 6 mm in its socket, gap 5.5 mm to the rotor A (R-A) tip - fed from ND2, in ND1 [W-Cu sphere, stator]",node-2 - Node 2: ND2 - AR bank: Ca electrode,gap-stator,sphere,ND1,2,SG1,W-Cu sphere,,,,,,,186.136 365.313 -56.500,6.0000,,,904.7787
SG1_stem_2,"node-2 / SG1_stem_2 - SG1 stem 2 (node 2): sphere centre to the lead plane in ND1, in ND1 [Cu stem, stator]",node-2 - Node 2: ND2 - AR bank: Ca electrode,gap-stem,rod,ND1,2,SG1,Cu stem,,,,,,,,3.0000,186.136 365.313 -56.500,186.136 365.313 -67.000,296.8805
SG1_lead_2a,"node-2 / SG1_lead_2a - SG1 lead 2 (node 2): embedded in ND1, radial to its rim, in ND1 [Cu lead, stator]",node-2 - Node 2: ND2 - AR bank: Ca electrode,gap-lead,rod,ND1,2,SG1,Cu lead,,,,,,,,1.5000,186.136 365.313 -67.000,226.995 445.503 -67.000,636.1725
SG1_lead_2b,"node-2 / SG1_lead_2b - SG1 lead 2 (node 2): out to the stator frame, in ND1 [Cu lead, stator]",node-2 - Node 2: ND2 - AR bank: Ca electrode,gap-lead,rod,ND1,2,SG1,Cu lead,,,,,,,,1.5000,226.995 445.503 -67.000,254.235 498.964 -67.000,424.1150
SG1_lead_2c,"node-2 / SG1_lead_2c - SG1 lead 2 (node 2): along the frame R560 to ND2, in ND1 [Cu lead, stator]",node-2 - Node 2: ND2 - AR bank: Ca electrode,gap-lead,rod,ND1,2,SG1,Cu lead,,,,,,,,1.5000,254.235 498.964 -67.000,254.235 498.964 -92.000,176.7146
SG1_lead_2d,"node-2 / SG1_lead_2d - SG1 lead 2 (node 2): into the ND2 rim, in ND2 [Cu lead, stator]",node-2 - Node 2: ND2 - AR bank: Ca electrode,gap-lead,rod,ND2,2,SG1,Cu lead,,,,,,,,1.5000,254.235 498.964 -92.000,177.056 347.493 -92.000,1201.6592
SG1_lead_2e,"node-2 / SG1_lead_2e - SG1 lead 2 (node 2): in ND2: radial to r372 at 63 deg, in ND2 [Cu lead, stator]",node-2 - Node 2: ND2 - AR bank: Ca electrode,gap-lead,rod,ND2,2,SG1,Cu lead,,,,,,,,1.5000,177.056 347.493 -92.000,168.884 331.454 -92.000,127.2345
SG1_lead_2f,"node-2 / SG1_lead_2f - SG1 lead 2 (node 2): in ND2: under Ca_el to 54.46 deg, in ND2 [Cu lead, stator]",node-2 - Node 2: ND2 - AR bank: Ca electrode,gap-lead,rod,ND2,2,SG1,Cu lead,,,,,,,,1.5000,168.884 331.454 -92.000,216.228 302.704 -92.000,391.5267
SG1_lead_2g,"node-2 / SG1_lead_2g - SG1 lead 2 (node 2): in ND2: riser to Ca_el (node 2), in ND2 [Cu lead, stator]",node-2 - Node 2: ND2 - AR bank: Ca electrode,gap-lead,rod,ND2,2,SG1,Cu lead,,,,,,,,1.5000,216.228 302.704 -92.000,216.228 302.704 -76.750,107.7959
SG1_sph_3,"node-2 / SG1_sph_3 - SG1 stator sphere 3 of 6 (return), node 2, 12 mm W-Cu on ND1 at r410 123 deg, apex 6 mm proud, 6 mm in its socket, gap 5.5 mm to the rotor A (R-A) tip - fed from ND2, in ND1 [W-Cu sphere, stator]",node-2 - Node 2: ND2 - AR bank: Ca electrode,gap-stator,sphere,ND1,2,SG1,W-Cu sphere,,,,,,,-223.302 343.855 -56.500,6.0000,,,904.7787
SG1_stem_3,"node-2 / SG1_stem_3 - SG1 stem 3 (node 2): sphere centre to the lead plane in ND1, in ND1 [Cu stem, stator]",node-2 - Node 2: ND2 - AR bank: Ca electrode,gap-stem,rod,ND1,2,SG1,Cu stem,,,,,,,,3.0000,-223.302 343.855 -56.500,-223.302 343.855 -67.000,296.8805
SG1_lead_3a,"node-2 / SG1_lead_3a - SG1 lead 3 (node 2): embedded in ND1, radial to its rim, in ND1 [Cu lead, stator]",node-2 - Node 2: ND2 - AR bank: Ca electrode,gap-lead,rod,ND1,2,SG1,Cu lead,,,,,,,,1.5000,-223.302 343.855 -67.000,-272.320 419.335 -67.000,636.1725
SG1_lead_3b,"node-2 / SG1_lead_3b - SG1 lead 3 (node 2): out to the stator frame, in ND1 [Cu lead, stator]",node-2 - Node 2: ND2 - AR bank: Ca electrode,gap-lead,rod,ND1,2,SG1,Cu lead,,,,,,,,1.5000,-272.320 419.335 -67.000,-304.998 469.656 -67.000,424.1150
SG1_lead_3c,"node-2 / SG1_lead_3c - SG1 lead 3 (node 2): along the frame R560 to ND2, in ND1 [Cu lead, stator]",node-2 - Node 2: ND2 - AR bank: Ca electrode,gap-lead,rod,ND1,2,SG1,Cu lead,,,,,,,,1.5000,-304.998 469.656 -67.000,-304.998 469.656 -92.000,176.7146
SG1_lead_3d,"node-2 / SG1_lead_3d - SG1 lead 3 (node 2): into the ND2 rim, in ND2 [Cu lead, stator]",node-2 - Node 2: ND2 - AR bank: Ca electrode,gap-lead,rod,ND2,2,SG1,Cu lead,,,,,,,,1.5000,-304.998 469.656 -92.000,-212.409 327.082 -92.000,1201.6592
SG1_lead_3e,"node-2 / SG1_lead_3e - SG1 lead 3 (node 2): in ND2: radial to r372 at 123 deg, in ND2 [Cu lead, stator]",node-2 - Node 2: ND2 - AR bank: Ca electrode,gap-lead,rod,ND2,2,SG1,Cu lead,,,,,,,,1.5000,-212.409 327.082 -92.000,-202.606 311.985 -92.000,127.2345
SG1_lead_3f,"node-2 / SG1_lead_3f - SG1 lead 3 (node 2): in ND2: under Ca_el to 114.46 deg, in ND2 [Cu lead, stator]",node-2 - Node 2: ND2 - AR bank: Ca electrode,gap-lead,rod,ND2,2,SG1,Cu lead,,,,,,,,1.5000,-202.606 311.985 -92.000,-154.035 338.611 -92.000,391.5267
SG1_lead_3g,"node-2 / SG1_lead_3g - SG1 lead 3 (node 2): in ND2: riser to Ca_el (node 2), in ND2 [Cu lead, stator]",node-2 - Node 2: ND2 - AR bank: Ca electrode,gap-lead,rod,ND2,2,SG1,Cu lead,,,,,,,,1.5000,-154.035 338.611 -92.000,-154.035 338.611 -76.750,107.7959
SG1_sph_4,"node-2 / SG1_sph_4 - SG1 stator sphere 4 of 6 (return), node 2, 12 mm W-Cu on ND1 at r410 183 deg, apex 6 mm proud, 6 mm in its socket, gap 5.5 mm to the rotor A (R-A) tip - fed from ND2, in ND1 [W-Cu sphere, stator]",node-2 - Node 2: ND2 - AR bank: Ca electrode,gap-stator,sphere,ND1,2,SG1,W-Cu sphere,,,,,,,-409.438 -21.458 -56.500,6.0000,,,904.7787
SG1_stem_4,"node-2 / SG1_stem_4 - SG1 stem 4 (node 2): sphere centre to the lead plane in ND1, in ND1 [Cu stem, stator]",node-2 - Node 2: ND2 - AR bank: Ca electrode,gap-stem,rod,ND1,2,SG1,Cu stem,,,,,,,,3.0000,-409.438 -21.458 -56.500,-409.438 -21.458 -67.000,296.8805
SG1_lead_4a,"node-2 / SG1_lead_4a - SG1 lead 4 (node 2): embedded in ND1, radial to its rim, in ND1 [Cu lead, stator]",node-2 - Node 2: ND2 - AR bank: Ca electrode,gap-lead,rod,ND1,2,SG1,Cu lead,,,,,,,,1.5000,-409.438 -21.458 -67.000,-499.315 -26.168 -67.000,636.1725
SG1_lead_4b,"node-2 / SG1_lead_4b - SG1 lead 4 (node 2): out to the stator frame, in ND1 [Cu lead, stator]",node-2 - Node 2: ND2 - AR bank: Ca electrode,gap-lead,rod,ND1,2,SG1,Cu lead,,,,,,,,1.5000,-499.315 -26.168 -67.000,-559.233 -29.308 -67.000,424.1150
SG1_lead_4c,"node-2 / SG1_lead_4c - SG1 lead 4 (node 2): along the frame R560 to ND2, in ND1 [Cu lead, stator]",node-2 - Node 2: ND2 - AR bank: Ca electrode,gap-lead,rod,ND1,2,SG1,Cu lead,,,,,,,,1.5000,-559.233 -29.308 -67.000,-559.233 -29.308 -92.000,176.7146
SG1_lead_4d,"node-2 / SG1_lead_4d - SG1 lead 4 (node 2): into the ND2 rim, in ND2 [Cu lead, stator]",node-2 - Node 2: ND2 - AR bank: Ca electrode,gap-lead,rod,ND2,2,SG1,Cu lead,,,,,,,,1.5000,-559.233 -29.308 -92.000,-389.466 -20.411 -92.000,1201.6592
SG1_lead_4e,"node-2 / SG1_lead_4e - SG1 lead 4 (node 2): in ND2: radial to r372 at 183 deg, in ND2 [Cu lead, stator]",node-2 - Node 2: ND2 - AR bank: Ca electrode,gap-lead,rod,ND2,2,SG1,Cu lead,,,,,,,,1.5000,-389.466 -20.411 -92.000,-371.490 -19.469 -92.000,127.2345
SG1_lead_4f,"node-2 / SG1_lead_4f - SG1 lead 4 (node 2): in ND2: under Ca_el to 174.46 deg, in ND2 [Cu lead, stator]",node-2 - Node 2: ND2 - AR bank: Ca electrode,gap-lead,rod,ND2,2,SG1,Cu lead,,,,,,,,1.5000,-371.490 -19.469 -92.000,-370.263 35.907 -92.000,391.5267
SG1_lead_4g,"node-2 / SG1_lead_4g - SG1 lead 4 (node 2): in ND2: riser to Ca_el (node 2), in ND2 [Cu lead, stator]",node-2 - Node 2: ND2 - AR bank: Ca electrode,gap-lead,rod,ND2,2,SG1,Cu lead,,,,,,,,1.5000,-370.263 35.907 -92.000,-370.263 35.907 -76.750,107.7959
SG1_sph_5,"node-2 / SG1_sph_5 - SG1 stator sphere 5 of 6 (return), node 2, 12 mm W-Cu on ND1 at r410 243 deg, apex 6 mm proud, 6 mm in its socket, gap 5.5 mm to the rotor A (R-A) tip - fed from ND2, in ND1 [W-Cu sphere, stator]",node-2 - Node 2: ND2 - AR bank: Ca electrode,gap-stator,sphere,ND1,2,SG1,W-Cu sphere,,,,,,,-186.136 -365.313 -56.500,6.0000,,,904.7787
SG1_stem_5,"node-2 / SG1_stem_5 - SG1 stem 5 (node 2): sphere centre to the lead plane in ND1, in ND1 [Cu stem, stator]",node-2 - Node 2: ND2 - AR bank: Ca electrode,gap-stem,rod,ND1,2,SG1,Cu stem,,,,,,,,3.0000,-186.136 -365.313 -56.500,-186.136 -365.313 -67.000,296.8805
SG1_lead_5a,"node-2 / SG1_lead_5a - SG1 lead 5 (node 2): embedded in ND1, radial to its rim, in ND1 [Cu lead, stator]",node-2 - Node 2: ND2 - AR bank: Ca electrode,gap-lead,rod,ND1,2,SG1,Cu lead,,,,,,,,1.5000,-186.136 -365.313 -67.000,-226.995 -445.503 -67.000,636.1725
SG1_lead_5b,"node-2 / SG1_lead_5b - SG1 lead 5 (node 2): out to the stator frame, in ND1 [Cu lead, stator]",node-2 - Node 2: ND2 - AR bank: Ca electrode,gap-lead,rod,ND1,2,SG1,Cu lead,,,,,,,,1.5000,-226.995 -445.503 -67.000,-254.235 -498.964 -67.000,424.1150
SG1_lead_5c,"node-2 / SG1_lead_5c - SG1 lead 5 (node 2): along the frame R560 to ND2, in ND1 [Cu lead, stator]",node-2 - Node 2: ND2 - AR bank: Ca electrode,gap-lead,rod,ND1,2,SG1,Cu lead,,,,,,,,1.5000,-254.235 -498.964 -67.000,-254.235 -498.964 -92.000,176.7146
SG1_lead_5d,"node-2 / SG1_lead_5d - SG1 lead 5 (node 2): into the ND2 rim, in ND2 [Cu lead, stator]",node-2 - Node 2: ND2 - AR bank: Ca electrode,gap-lead,rod,ND2,2,SG1,Cu lead,,,,,,,,1.5000,-254.235 -498.964 -92.000,-177.056 -347.493 -92.000,1201.6592
SG1_lead_5e,"node-2 / SG1_lead_5e - SG1 lead 5 (node 2): in ND2: radial to r372 at 243 deg, in ND2 [Cu lead, stator]",node-2 - Node 2: ND2 - AR bank: Ca electrode,gap-lead,rod,ND2,2,SG1,Cu lead,,,,,,,,1.5000,-177.056 -347.493 -92.000,-168.884 -331.454 -92.000,127.2345
SG1_lead_5f,"node-2 / SG1_lead_5f - SG1 lead 5 (node 2): in ND2: under Ca_el to 234.46 deg, in ND2 [Cu lead, stator]",node-2 - Node 2: ND2 - AR bank: Ca electrode,gap-lead,rod,ND2,2,SG1,Cu lead,,,,,,,,1.5000,-168.884 -331.454 -92.000,-216.228 -302.704 -92.000,391.5267
SG1_lead_5g,"node-2 / SG1_lead_5g - SG1 lead 5 (node 2): in ND2: riser to Ca_el (node 2), in ND2 [Cu lead, stator]",node-2 - Node 2: ND2 - AR bank: Ca electrode,gap-lead,rod,ND2,2,SG1,Cu lead,,,,,,,,1.5000,-216.228 -302.704 -92.000,-216.228 -302.704 -76.750,107.7959
SG1_sph_6,"node-2 / SG1_sph_6 - SG1 stator sphere 6 of 6 (return), node 2, 12 mm W-Cu on ND1 at r410 303 deg, apex 6 mm proud, 6 mm in its socket, gap 5.5 mm to the rotor A (R-A) tip - fed from ND2, in ND1 [W-Cu sphere, stator]",node-2 - Node 2: ND2 - AR bank: Ca electrode,gap-stator,sphere,ND1,2,SG1,W-Cu sphere,,,,,,,223.302 -343.855 -56.500,6.0000,,,904.7787
SG1_stem_6,"node-2 / SG1_stem_6 - SG1 stem 6 (node 2): sphere centre to the lead plane in ND1, in ND1 [Cu stem, stator]",node-2 - Node 2: ND2 - AR bank: Ca electrode,gap-stem,rod,ND1,2,SG1,Cu stem,,,,,,,,3.0000,223.302 -343.855 -56.500,223.302 -343.855 -67.000,296.8805
SG1_lead_6a,"node-2 / SG1_lead_6a - SG1 lead 6 (node 2): embedded in ND1, radial to its rim, in ND1 [Cu lead, stator]",node-2 - Node 2: ND2 - AR bank: Ca electrode,gap-lead,rod,ND1,2,SG1,Cu lead,,,,,,,,1.5000,223.302 -343.855 -67.000,272.320 -419.335 -67.000,636.1725
SG1_lead_6b,"node-2 / SG1_lead_6b - SG1 lead 6 (node 2): out to the stator frame, in ND1 [Cu lead, stator]",node-2 - Node 2: ND2 - AR bank: Ca electrode,gap-lead,rod,ND1,2,SG1,Cu lead,,,,,,,,1.5000,272.320 -419.335 -67.000,304.998 -469.656 -67.000,424.1150
SG1_lead_6c,"node-2 / SG1_lead_6c - SG1 lead 6 (node 2): along the frame R560 to ND2, in ND1 [Cu lead, stator]",node-2 - Node 2: ND2 - AR bank: Ca electrode,gap-lead,rod,ND1,2,SG1,Cu lead,,,,,,,,1.5000,304.998 -469.656 -67.000,304.998 -469.656 -92.000,176.7146
SG1_lead_6d,"node-2 / SG1_lead_6d - SG1 lead 6 (node 2): into the ND2 rim, in ND2 [Cu lead, stator]",node-2 - Node 2: ND2 - AR bank: Ca electrode,gap-lead,rod,ND2,2,SG1,Cu lead,,,,,,,,1.5000,304.998 -469.656 -92.000,212.409 -327.082 -92.000,1201.6592
SG1_lead_6e,"node-2 / SG1_lead_6e - SG1 lead 6 (node 2): in ND2: radial to r372 at 303 deg, in ND2 [Cu lead, stator]",node-2 - Node 2: ND2 - AR bank: Ca electrode,gap-lead,rod,ND2,2,SG1,Cu lead,,,,,,,,1.5000,212.409 -327.082 -92.000,202.606 -311.985 -92.000,127.2345
SG1_lead_6f,"node-2 / SG1_lead_6f - SG1 lead 6 (node 2): in ND2: under Ca_el to 294.46 deg, in ND2 [Cu lead, stator]",node-2 - Node 2: ND2 - AR bank: Ca electrode,gap-lead,rod,ND2,2,SG1,Cu lead,,,,,,,,1.5000,202.606 -311.985 -92.000,154.035 -338.611 -92.000,391.5267
SG1_lead_6g,"node-2 / SG1_lead_6g - SG1 lead 6 (node 2): in ND2: riser to Ca_el (node 2), in ND2 [Cu lead, stator]",node-2 - Node 2: ND2 - AR bank: Ca electrode,gap-lead,rod,ND2,2,SG1,Cu lead,,,,,,,,1.5000,154.035 -338.611 -92.000,154.035 -338.611 -76.750,107.7959
SG4a1_sph_1,"node-4 / SG4a1_sph_1 - SG4a1 stator sphere 1 of 6 (load), node 4, 12 mm W-Cu at r421.25 37.2 deg on a radial arm in from the stator frame R560, at the tip height beside its path (horizontal gap), gap 4.75 mm to the island bar 8 tip - fed from ND4 by a CROSSOVER over the stator, in stator frame [W-Cu sphere, stator]",node-4 - Node 4: ND4 - B-rail: C2 stator plate + Cb counter-electrode,gap-stator,sphere,stator frame,4,SG4a1,W-Cu sphere,,,,,,,335.538 254.687 -116.000,6.0000,,,904.7787
SG4a1_stem_1,"node-4 / SG4a1_stem_1 - SG4a1 arm 1 (node 4): radial, sphere centre out to the stator frame R560, in stator frame [Cu stem, stator]",node-4 - Node 4: ND4 - B-rail: C2 stator plate + Cb counter-electrode,gap-stem,rod,stator frame,4,SG4a1,Cu stem,,,,,,,,3.0000,335.538 254.687 -116.000,446.057 338.576 -116.000,3923.0638
SG4a1_lead_1a,"node-4 / SG4a1_lead_1a - SG4a1 lead 1 (node 4): along the frame R560 to ND4 - CROSSOVER over the stator, in stator frame [Cu lead, stator]",node-4 - Node 4: ND4 - B-rail: C2 stator plate + Cb counter-electrode,gap-lead,rod,stator frame,4,SG4a1,Cu lead,,,,,,,,1.5000,446.057 338.576 -116.000,446.057 338.576 67.000,1293.5508
SG4a1_lead_1b,"node-4 / SG4a1_lead_1b - SG4a1 lead 1 (node 4): into the ND4 rim, in ND4 [Cu lead, stator]",node-4 - Node 4: ND4 - B-rail: C2 stator plate + Cb counter-electrode,gap-lead,rod,ND4,4,SG4a1,Cu lead,,,,,,,,1.5000,446.057 338.576 67.000,398.265 302.300 67.000,424.1150
SG4a1_lead_1c,"node-4 / SG4a1_lead_1c - SG4a1 lead 1 (node 4): in ND4: radial to r377 at 37.2 deg, in ND4 [Cu lead, stator]",node-4 - Node 4: ND4 - B-rail: C2 stator plate + Cb counter-electrode,gap-lead,rod,ND4,4,SG4a1,Cu lead,,,,,,,,1.5000,398.265 302.300 67.000,300.292 227.934 67.000,869.4358
SG4a1_lead_1d,"node-4 / SG4a1_lead_1d - SG4a1 lead 1 (node 4): in ND4: under Cb_counter to 25.47 deg, in ND4 [Cu lead, stator]",node-4 - Node 4: ND4 - B-rail: C2 stator plate + Cb counter-electrode,gap-lead,rod,ND4,4,SG4a1,Cu lead,,,,,,,,1.5000,300.292 227.934 67.000,322.015 196.050 67.000,272.7097
SG4a1_lead_1e,"node-4 / SG4a1_lead_1e - SG4a1 lead 1 (node 4): in ND4: under Cb_counter to 25.47 deg, in ND4 [Cu lead, stator]",node-4 - Node 4: ND4 - B-rail: C2 stator plate + Cb counter-electrode,gap-lead,rod,ND4,4,SG4a1,Cu lead,,,,,,,,1.5000,322.015 196.050 67.000,340.365 162.113 67.000,272.7097
SG4a1_lead_1f,"node-4 / SG4a1_lead_1f - SG4a1 lead 1 (node 4): in ND4: riser to Cb_counter (node 4), in ND4 [Cu lead, stator]",node-4 - Node 4: ND4 - B-rail: C2 stator plate + Cb counter-electrode,gap-lead,rod,ND4,4,SG4a1,Cu lead,,,,,,,,1.5000,340.365 162.113 67.000,340.365 162.113 71.250,30.0415
SG4a1_sph_2,"node-4 / SG4a1_sph_2 - SG4a1 stator sphere 2 of 6 (load), node 4, 12 mm W-Cu at r421.25 97.2 deg on a radial arm in from the stator frame R560, at the tip height beside its path (horizontal gap), gap 4.75 mm to the island bar 8 tip - fed from ND4 by a CROSSOVER over the stator, in stator frame [W-Cu sphere, stator]",node-4 - Node 4: ND4 - B-rail: C2 stator plate + Cb counter-electrode,gap-stator,sphere,stator frame,4,SG4a1,W-Cu sphere,,,,,,,-52.797 417.928 -116.000,6.0000,,,904.7787
SG4a1_stem_2,"node-4 / SG4a1_stem_2 - SG4a1 arm 2 (node 4): radial, sphere centre out to the stator frame R560, in stator frame [Cu stem, stator]",node-4 - Node 4: ND4 - B-rail: C2 stator plate + Cb counter-electrode,gap-stem,rod,stator frame,4,SG4a1,Cu stem,,,,,,,,3.0000,-52.797 417.928 -116.000,-70.187 555.584 -116.000,3923.0638
SG4a1_lead_2a,"node-4 / SG4a1_lead_2a - SG4a1 lead 2 (node 4): along the frame R560 to ND4 - CROSSOVER over the stator, in stator frame [Cu lead, stator]",node-4 - Node 4: ND4 - B-rail: C2 stator plate + Cb counter-electrode,gap-lead,rod,stator frame,4,SG4a1,Cu lead,,,,,,,,1.5000,-70.187 555.584 -116.000,-70.187 555.584 67.000,1293.5508
SG4a1_lead_2b,"node-4 / SG4a1_lead_2b - SG4a1 lead 2 (node 4): into the ND4 rim, in ND4 [Cu lead, stator]",node-4 - Node 4: ND4 - B-rail: C2 stator plate + Cb counter-electrode,gap-lead,rod,ND4,4,SG4a1,Cu lead,,,,,,,,1.5000,-70.187 555.584 67.000,-62.667 496.057 67.000,424.1150
SG4a1_lead_2c,"node-4 / SG4a1_lead_2c - SG4a1 lead 2 (node 4): in ND4: radial to r377 at 97.2 deg, in ND4 [Cu lead, stator]",node-4 - Node 4: ND4 - B-rail: C2 stator plate + Cb counter-electrode,gap-lead,rod,ND4,4,SG4a1,Cu lead,,,,,,,,1.5000,-62.667 496.057 67.000,-47.251 374.027 67.000,869.4358
SG4a1_lead_2d,"node-4 / SG4a1_lead_2d - SG4a1 lead 2 (node 4): in ND4: under Cb_counter to 85.47 deg, in ND4 [Cu lead, stator]",node-4 - Node 4: ND4 - B-rail: C2 stator plate + Cb counter-electrode,gap-lead,rod,ND4,4,SG4a1,Cu lead,,,,,,,,1.5000,-47.251 374.027 67.000,-8.777 376.898 67.000,272.7097
SG4a1_lead_2e,"node-4 / SG4a1_lead_2e - SG4a1 lead 2 (node 4): in ND4: under Cb_counter to 85.47 deg, in ND4 [Cu lead, stator]",node-4 - Node 4: ND4 - B-rail: C2 stator plate + Cb counter-electrode,gap-lead,rod,ND4,4,SG4a1,Cu lead,,,,,,,,1.5000,-8.777 376.898 67.000,29.788 375.821 67.000,272.7097
SG4a1_lead_2f,"node-4 / SG4a1_lead_2f - SG4a1 lead 2 (node 4): in ND4: riser to Cb_counter (node 4), in ND4 [Cu lead, stator]",node-4 - Node 4: ND4 - B-rail: C2 stator plate + Cb counter-electrode,gap-lead,rod,ND4,4,SG4a1,Cu lead,,,,,,,,1.5000,29.788 375.821 67.000,29.788 375.821 71.250,30.0415
SG4a1_sph_3,"node-4 / SG4a1_sph_3 - SG4a1 stator sphere 3 of 6 (load), node 4, 12 mm W-Cu at r421.25 157.2 deg on a radial arm in from the stator frame R560, at the tip height beside its path (horizontal gap), gap 4.75 mm to the island bar 8 tip - fed from ND4 by a CROSSOVER over the stator, in stator frame [W-Cu sphere, stator]",node-4 - Node 4: ND4 - B-rail: C2 stator plate + Cb counter-electrode,gap-stator,sphere,stator frame,4,SG4a1,W-Cu sphere,,,,,,,-388.335 163.241 -116.000,6.0000,,,904.7787
SG4a1_stem_3,"node-4 / SG4a1_stem_3 - SG4a1 arm 3 (node 4): radial, sphere centre out to the stator frame R560, in stator frame [Cu stem, stator]",node-4 - Node 4: ND4 - B-rail: C2 stator plate + Cb counter-electrode,gap-stem,rod,stator frame,4,SG4a1,Cu stem,,,,,,,,3.0000,-388.335 163.241 -116.000,-516.243 217.009 -116.000,3923.0638
SG4a1_lead_3a,"node-4 / SG4a1_lead_3a - SG4a1 lead 3 (node 4): along the frame R560 to ND4 - CROSSOVER over the stator, in stator frame [Cu lead, stator]",node-4 - Node 4: ND4 - B-rail: C2 stator plate + Cb counter-electrode,gap-lead,rod,stator frame,4,SG4a1,Cu lead,,,,,,,,1.5000,-516.243 217.009 -116.000,-516.243 217.009 67.000,1293.5508
SG4a1_lead_3b,"node-4 / SG4a1_lead_3b - SG4a1 lead 3 (node 4): into the ND4 rim, in ND4 [Cu lead, stator]",node-4 - Node 4: ND4 - B-rail: C2 stator plate + Cb counter-electrode,gap-lead,rod,ND4,4,SG4a1,Cu lead,,,,,,,,1.5000,-516.243 217.009 67.000,-460.932 193.758 67.000,424.1150
SG4a1_lead_3c,"node-4 / SG4a1_lead_3c - SG4a1 lead 3 (node 4): in ND4: radial to r377 at 157.2 deg, in ND4 [Cu lead, stator]",node-4 - Node 4: ND4 - B-rail: C2 stator plate + Cb counter-electrode,gap-lead,rod,ND4,4,SG4a1,Cu lead,,,,,,,,1.5000,-460.932 193.758 67.000,-347.542 146.093 67.000,869.4358
SG4a1_lead_3d,"node-4 / SG4a1_lead_3d - SG4a1 lead 3 (node 4): in ND4: under Cb_counter to 145.47 deg, in ND4 [Cu lead, stator]",node-4 - Node 4: ND4 - B-rail: C2 stator plate + Cb counter-electrode,gap-lead,rod,ND4,4,SG4a1,Cu lead,,,,,,,,1.5000,-347.542 146.093 67.000,-330.792 180.848 67.000,272.7097
SG4a1_lead_3e,"node-4 / SG4a1_lead_3e - SG4a1 lead 3 (node 4): in ND4: under Cb_counter to 145.47 deg, in ND4 [Cu lead, stator]",node-4 - Node 4: ND4 - B-rail: C2 stator plate + Cb counter-electrode,gap-lead,rod,ND4,4,SG4a1,Cu lead,,,,,,,,1.5000,-330.792 180.848 67.000,-310.577 213.708 67.000,272.7097
SG4a1_lead_3f,"node-4 / SG4a1_lead_3f - SG4a1 lead 3 (node 4): in ND4: riser to Cb_counter (node 4), in ND4 [Cu lead, stator]",node-4 - Node 4: ND4 - B-rail: C2 stator plate + Cb counter-electrode,gap-lead,rod,ND4,4,SG4a1,Cu lead,,,,,,,,1.5000,-310.577 213.708 67.000,-310.577 213.708 71.250,30.0415
SG4a1_sph_4,"node-4 / SG4a1_sph_4 - SG4a1 stator sphere 4 of 6 (load), node 4, 12 mm W-Cu at r421.25 217.2 deg on a radial arm in from the stator frame R560, at the tip height beside its path (horizontal gap), gap 4.75 mm to the island bar 8 tip - fed from ND4 by a CROSSOVER over the stator, in stator frame [W-Cu sphere, stator]",node-4 - Node 4: ND4 - B-rail: C2 stator plate + Cb counter-electrode,gap-stator,sphere,stator frame,4,SG4a1,W-Cu sphere,,,,,,,-335.538 -254.687 -116.000,6.0000,,,904.7787
SG4a1_stem_4,"node-4 / SG4a1_stem_4 - SG4a1 arm 4 (node 4): radial, sphere centre out to the stator frame R560, in stator frame [Cu stem, stator]",node-4 - Node 4: ND4 - B-rail: C2 stator plate + Cb counter-electrode,gap-stem,rod,stator frame,4,SG4a1,Cu stem,,,,,,,,3.0000,-335.538 -254.687 -116.000,-446.057 -338.576 -116.000,3923.0638
SG4a1_lead_4a,"node-4 / SG4a1_lead_4a - SG4a1 lead 4 (node 4): along the frame R560 to ND4 - CROSSOVER over the stator, in stator frame [Cu lead, stator]",node-4 - Node 4: ND4 - B-rail: C2 stator plate + Cb counter-electrode,gap-lead,rod,stator frame,4,SG4a1,Cu lead,,,,,,,,1.5000,-446.057 -338.576 -116.000,-446.057 -338.576 67.000,1293.5508
SG4a1_lead_4b,"node-4 / SG4a1_lead_4b - SG4a1 lead 4 (node 4): into the ND4 rim, in ND4 [Cu lead, stator]",node-4 - Node 4: ND4 - B-rail: C2 stator plate + Cb counter-electrode,gap-lead,rod,ND4,4,SG4a1,Cu lead,,,,,,,,1.5000,-446.057 -338.576 67.000,-398.265 -302.300 67.000,424.1150
SG4a1_lead_4c,"node-4 / SG4a1_lead_4c - SG4a1 lead 4 (node 4): in ND4: radial to r377 at 217.2 deg, in ND4 [Cu lead, stator]",node-4 - Node 4: ND4 - B-rail: C2 stator plate + Cb counter-electrode,gap-lead,rod,ND4,4,SG4a1,Cu lead,,,,,,,,1.5000,-398.265 -302.300 67.000,-300.292 -227.934 67.000,869.4358
SG4a1_lead_4d,"node-4 / SG4a1_lead_4d - SG4a1 lead 4 (node 4): in ND4: under Cb_counter to 205.47 deg, in ND4 [Cu lead, stator]",node-4 - Node 4: ND4 - B-rail: C2 stator plate + Cb counter-electrode,gap-lead,rod,ND4,4,SG4a1,Cu lead,,,,,,,,1.5000,-300.292 -227.934 67.000,-322.015 -196.050 67.000,272.7097
SG4a1_lead_4e,"node-4 / SG4a1_lead_4e - SG4a1 lead 4 (node 4): in ND4: under Cb_counter to 205.47 deg, in ND4 [Cu lead, stator]",node-4 - Node 4: ND4 - B-rail: C2 stator plate + Cb counter-electrode,gap-lead,rod,ND4,4,SG4a1,Cu lead,,,,,,,,1.5000,-322.015 -196.050 67.000,-340.365 -162.113 67.000,272.7097
SG4a1_lead_4f,"node-4 / SG4a1_lead_4f - SG4a1 lead 4 (node 4): in ND4: riser to Cb_counter (node 4), in ND4 [Cu lead, stator]",node-4 - Node 4: ND4 - B-rail: C2 stator plate + Cb counter-electrode,gap-lead,rod,ND4,4,SG4a1,Cu lead,,,,,,,,1.5000,-340.365 -162.113 67.000,-340.365 -162.113 71.250,30.0415
SG4a1_sph_5,"node-4 / SG4a1_sph_5 - SG4a1 stator sphere 5 of 6 (load), node 4, 12 mm W-Cu at r421.25 277.2 deg on a radial arm in from the stator frame R560, at the tip height beside its path (horizontal gap), gap 4.75 mm to the island bar 8 tip - fed from ND4 by a CROSSOVER over the stator, in stator frame [W-Cu sphere, stator]",node-4 - Node 4: ND4 - B-rail: C2 stator plate + Cb counter-electrode,gap-stator,sphere,stator frame,4,SG4a1,W-Cu sphere,,,,,,,52.797 -417.928 -116.000,6.0000,,,904.7787
SG4a1_stem_5,"node-4 / SG4a1_stem_5 - SG4a1 arm 5 (node 4): radial, sphere centre out to the stator frame R560, in stator frame [Cu stem, stator]",node-4 - Node 4: ND4 - B-rail: C2 stator plate + Cb counter-electrode,gap-stem,rod,stator frame,4,SG4a1,Cu stem,,,,,,,,3.0000,52.797 -417.928 -116.000,70.187 -555.584 -116.000,3923.0638
SG4a1_lead_5a,"node-4 / SG4a1_lead_5a - SG4a1 lead 5 (node 4): along the frame R560 to ND4 - CROSSOVER over the stator, in stator frame [Cu lead, stator]",node-4 - Node 4: ND4 - B-rail: C2 stator plate + Cb counter-electrode,gap-lead,rod,stator frame,4,SG4a1,Cu lead,,,,,,,,1.5000,70.187 -555.584 -116.000,70.187 -555.584 67.000,1293.5508
SG4a1_lead_5b,"node-4 / SG4a1_lead_5b - SG4a1 lead 5 (node 4): into the ND4 rim, in ND4 [Cu lead, stator]",node-4 - Node 4: ND4 - B-rail: C2 stator plate + Cb counter-electrode,gap-lead,rod,ND4,4,SG4a1,Cu lead,,,,,,,,1.5000,70.187 -555.584 67.000,62.667 -496.057 67.000,424.1150
SG4a1_lead_5c,"node-4 / SG4a1_lead_5c - SG4a1 lead 5 (node 4): in ND4: radial to r377 at 277.2 deg, in ND4 [Cu lead, stator]",node-4 - Node 4: ND4 - B-rail: C2 stator plate + Cb counter-electrode,gap-lead,rod,ND4,4,SG4a1,Cu lead,,,,,,,,1.5000,62.667 -496.057 67.000,47.251 -374.027 67.000,869.4358
SG4a1_lead_5d,"node-4 / SG4a1_lead_5d - SG4a1 lead 5 (node 4): in ND4: under Cb_counter to 265.47 deg, in ND4 [Cu lead, stator]",node-4 - Node 4: ND4 - B-rail: C2 stator plate + Cb counter-electrode,gap-lead,rod,ND4,4,SG4a1,Cu lead,,,,,,,,1.5000,47.251 -374.027 67.000,8.777 -376.898 67.000,272.7097
SG4a1_lead_5e,"node-4 / SG4a1_lead_5e - SG4a1 lead 5 (node 4): in ND4: under Cb_counter to 265.47 deg, in ND4 [Cu lead, stator]",node-4 - Node 4: ND4 - B-rail: C2 stator plate + Cb counter-electrode,gap-lead,rod,ND4,4,SG4a1,Cu lead,,,,,,,,1.5000,8.777 -376.898 67.000,-29.788 -375.821 67.000,272.7097
SG4a1_lead_5f,"node-4 / SG4a1_lead_5f - SG4a1 lead 5 (node 4): in ND4: riser to Cb_counter (node 4), in ND4 [Cu lead, stator]",node-4 - Node 4: ND4 - B-rail: C2 stator plate + Cb counter-electrode,gap-lead,rod,ND4,4,SG4a1,Cu lead,,,,,,,,1.5000,-29.788 -375.821 67.000,-29.788 -375.821 71.250,30.0415
SG4a1_sph_6,"node-4 / SG4a1_sph_6 - SG4a1 stator sphere 6 of 6 (load), node 4, 12 mm W-Cu at r421.25 337.2 deg on a radial arm in from the stator frame R560, at the tip height beside its path (horizontal gap), gap 4.75 mm to the island bar 8 tip - fed from ND4 by a CROSSOVER over the stator, in stator frame [W-Cu sphere, stator]",node-4 - Node 4: ND4 - B-rail: C2 stator plate + Cb counter-electrode,gap-stator,sphere,stator frame,4,SG4a1,W-Cu sphere,,,,,,,388.335 -163.241 -116.000,6.0000,,,904.7787
SG4a1_stem_6,"node-4 / SG4a1_stem_6 - SG4a1 arm 6 (node 4): radial, sphere centre out to the stator frame R560, in stator frame [Cu stem, stator]",node-4 - Node 4: ND4 - B-rail: C2 stator plate + Cb counter-electrode,gap-stem,rod,stator frame,4,SG4a1,Cu stem,,,,,,,,3.0000,388.335 -163.241 -116.000,516.243 -217.009 -116.000,3923.0638
SG4a1_lead_6a,"node-4 / SG4a1_lead_6a - SG4a1 lead 6 (node 4): along the frame R560 to ND4 - CROSSOVER over the stator, in stator frame [Cu lead, stator]",node-4 - Node 4: ND4 - B-rail: C2 stator plate + Cb counter-electrode,gap-lead,rod,stator frame,4,SG4a1,Cu lead,,,,,,,,1.5000,516.243 -217.009 -116.000,516.243 -217.009 67.000,1293.5508
SG4a1_lead_6b,"node-4 / SG4a1_lead_6b - SG4a1 lead 6 (node 4): into the ND4 rim, in ND4 [Cu lead, stator]",node-4 - Node 4: ND4 - B-rail: C2 stator plate + Cb counter-electrode,gap-lead,rod,ND4,4,SG4a1,Cu lead,,,,,,,,1.5000,516.243 -217.009 67.000,460.932 -193.758 67.000,424.1150
SG4a1_lead_6c,"node-4 / SG4a1_lead_6c - SG4a1 lead 6 (node 4): in ND4: radial to r377 at 337.2 deg, in ND4 [Cu lead, stator]",node-4 - Node 4: ND4 - B-rail: C2 stator plate + Cb counter-electrode,gap-lead,rod,ND4,4,SG4a1,Cu lead,,,,,,,,1.5000,460.932 -193.758 67.000,347.542 -146.093 67.000,869.4358
SG4a1_lead_6d,"node-4 / SG4a1_lead_6d - SG4a1 lead 6 (node 4): in ND4: under Cb_counter to 325.47 deg, in ND4 [Cu lead, stator]",node-4 - Node 4: ND4 - B-rail: C2 stator plate + Cb counter-electrode,gap-lead,rod,ND4,4,SG4a1,Cu lead,,,,,,,,1.5000,347.542 -146.093 67.000,330.792 -180.848 67.000,272.7097
SG4a1_lead_6e,"node-4 / SG4a1_lead_6e - SG4a1 lead 6 (node 4): in ND4: under Cb_counter to 325.47 deg, in ND4 [Cu lead, stator]",node-4 - Node 4: ND4 - B-rail: C2 stator plate + Cb counter-electrode,gap-lead,rod,ND4,4,SG4a1,Cu lead,,,,,,,,1.5000,330.792 -180.848 67.000,310.577 -213.708 67.000,272.7097
SG4a1_lead_6f,"node-4 / SG4a1_lead_6f - SG4a1 lead 6 (node 4): in ND4: riser to Cb_counter (node 4), in ND4 [Cu lead, stator]",node-4 - Node 4: ND4 - B-rail: C2 stator plate + Cb counter-electrode,gap-lead,rod,ND4,4,SG4a1,Cu lead,,,,,,,,1.5000,310.577 -213.708 67.000,310.577 -213.708 71.250,30.0415
SG4b1_sph_1,"node-2 / SG4b1_sph_1 - SG4b1 stator sphere 1 of 6 (fire), node 2, 12 mm W-Cu at r404.5 46.05 deg on a radial stem out of the ND2 rim r390, centre 19.9 mm below its Cx face, under the tip path (vertical gap), gap 5.5 mm to the island bar 8 tip, in ND2 [W-Cu sphere, stator]",node-2 - Node 2: ND2 - AR bank: Ca electrode,gap-stator,sphere,ND2,2,SG4b1,W-Cu sphere,,,,,,,280.735 291.218 -98.500,6.0000,,,904.7787
SG4b1_stem_1,"node-2 / SG4b1_stem_1 - SG4b1 stem 1 (node 2): radial, sphere centre into the ND2 rim (seated 3 mm), in ND2 [Cu stem, stator]",node-2 - Node 2: ND2 - AR bank: Ca electrode,gap-stem,rod,ND2,2,SG4b1,Cu stem,,,,,,,,3.0000,280.735 291.218 -98.500,268.590 278.619 -98.500,494.8008
SG4b1_lead_1a,"node-2 / SG4b1_lead_1a - SG4b1 lead 1 (node 2): in ND2: radial in to r372 under Ca_el, in ND2 [Cu lead, stator]",node-2 - Node 2: ND2 - AR bank: Ca electrode,gap-lead,rod,ND2,2,SG4b1,Cu lead,,,,,,,,1.5000,268.590 278.619 -98.500,258.179 267.820 -98.500,106.0288
SG4b1_lead_1b,"node-2 / SG4b1_lead_1b - SG4b1 lead 1 (node 2): in ND2: riser to Ca_el (node 2), in ND2 [Cu lead, stator]",node-2 - Node 2: ND2 - AR bank: Ca electrode,gap-lead,rod,ND2,2,SG4b1,Cu lead,,,,,,,,1.5000,258.179 267.820 -98.500,258.179 267.820 -76.750,153.7417
SG4b1_sph_2,"node-2 / SG4b1_sph_2 - SG4b1 stator sphere 2 of 6 (fire), node 2, 12 mm W-Cu at r404.5 106.05 deg on a radial stem out of the ND2 rim r390, centre 19.9 mm below its Cx face, under the tip path (vertical gap), gap 5.5 mm to the island bar 8 tip, in ND2 [W-Cu sphere, stator]",node-2 - Node 2: ND2 - AR bank: Ca electrode,gap-stator,sphere,ND2,2,SG4b1,W-Cu sphere,,,,,,,-111.835 388.733 -98.500,6.0000,,,904.7787
SG4b1_stem_2,"node-2 / SG4b1_stem_2 - SG4b1 stem 2 (node 2): radial, sphere centre into the ND2 rim (seated 3 mm), in ND2 [Cu stem, stator]",node-2 - Node 2: ND2 - AR bank: Ca electrode,gap-stem,rod,ND2,2,SG4b1,Cu stem,,,,,,,,3.0000,-111.835 388.733 -98.500,-106.996 371.915 -98.500,494.8008
SG4b1_lead_2a,"node-2 / SG4b1_lead_2a - SG4b1 lead 2 (node 2): in ND2: radial in to r372 under Ca_el, in ND2 [Cu lead, stator]",node-2 - Node 2: ND2 - AR bank: Ca electrode,gap-lead,rod,ND2,2,SG4b1,Cu lead,,,,,,,,1.5000,-106.996 371.915 -98.500,-102.849 357.500 -98.500,106.0288
SG4b1_lead_2b,"node-2 / SG4b1_lead_2b - SG4b1 lead 2 (node 2): in ND2: riser to Ca_el (node 2), in ND2 [Cu lead, stator]",node-2 - Node 2: ND2 - AR bank: Ca electrode,gap-lead,rod,ND2,2,SG4b1,Cu lead,,,,,,,,1.5000,-102.849 357.500 -98.500,-102.849 357.500 -76.750,153.7417
SG4b1_sph_3,"node-2 / SG4b1_sph_3 - SG4b1 stator sphere 3 of 6 (fire), node 2, 12 mm W-Cu at r404.5 166.05 deg on a radial stem out of the ND2 rim r390, centre 19.9 mm below its Cx face, under the tip path (vertical gap), gap 5.5 mm to the island bar 8 tip, in ND2 [W-Cu sphere, stator]",node-2 - Node 2: ND2 - AR bank: Ca electrode,gap-stator,sphere,ND2,2,SG4b1,W-Cu sphere,,,,,,,-392.570 97.515 -98.500,6.0000,,,904.7787
SG4b1_stem_3,"node-2 / SG4b1_stem_3 - SG4b1 stem 3 (node 2): radial, sphere centre into the ND2 rim (seated 3 mm), in ND2 [Cu stem, stator]",node-2 - Node 2: ND2 - AR bank: Ca electrode,gap-stem,rod,ND2,2,SG4b1,Cu stem,,,,,,,,3.0000,-392.570 97.515 -98.500,-375.586 93.296 -98.500,494.8008
SG4b1_lead_3a,"node-2 / SG4b1_lead_3a - SG4b1 lead 3 (node 2): in ND2: radial in to r372 under Ca_el, in ND2 [Cu lead, stator]",node-2 - Node 2: ND2 - AR bank: Ca electrode,gap-lead,rod,ND2,2,SG4b1,Cu lead,,,,,,,,1.5000,-375.586 93.296 -98.500,-361.028 89.680 -98.500,106.0288
SG4b1_lead_3b,"node-2 / SG4b1_lead_3b - SG4b1 lead 3 (node 2): in ND2: riser to Ca_el (node 2), in ND2 [Cu lead, stator]",node-2 - Node 2: ND2 - AR bank: Ca electrode,gap-lead,rod,ND2,2,SG4b1,Cu lead,,,,,,,,1.5000,-361.028 89.680 -98.500,-361.028 89.680 -76.750,153.7417
SG4b1_sph_4,"node-2 / SG4b1_sph_4 - SG4b1 stator sphere 4 of 6 (fire), node 2, 12 mm W-Cu at r404.5 226.05 deg on a radial stem out of the ND2 rim r390, centre 19.9 mm below its Cx face, under the tip path (vertical gap), gap 5.5 mm to the island bar 8 tip, in ND2 [W-Cu sphere, stator]",node-2 - Node 2: ND2 - AR bank: Ca electrode,gap-stator,sphere,ND2,2,SG4b1,W-Cu sphere,,,,,,,-280.735 -291.218 -98.500,6.0000,,,904.7787
SG4b1_stem_4,"node-2 / SG4b1_stem_4 - SG4b1 stem 4 (node 2): radial, sphere centre into the ND2 rim (seated 3 mm), in ND2 [Cu stem, stator]",node-2 - Node 2: ND2 - AR bank: Ca electrode,gap-stem,rod,ND2,2,SG4b1,Cu stem,,,,,,,,3.0000,-280.735 -291.218 -98.500,-268.590 -278.619 -98.500,494.8008
SG4b1_lead_4a,"node-2 / SG4b1_lead_4a - SG4b1 lead 4 (node 2): in ND2: radial in to r372 under Ca_el, in ND2 [Cu lead, stator]",node-2 - Node 2: ND2 - AR bank: Ca electrode,gap-lead,rod,ND2,2,SG4b1,Cu lead,,,,,,,,1.5000,-268.590 -278.619 -98.500,-258.179 -267.820 -98.500,106.0288
SG4b1_lead_4b,"node-2 / SG4b1_lead_4b - SG4b1 lead 4 (node 2): in ND2: riser to Ca_el (node 2), in ND2 [Cu lead, stator]",node-2 - Node 2: ND2 - AR bank: Ca electrode,gap-lead,rod,ND2,2,SG4b1,Cu lead,,,,,,,,1.5000,-258.179 -267.820 -98.500,-258.179 -267.820 -76.750,153.7417
SG4b1_sph_5,"node-2 / SG4b1_sph_5 - SG4b1 stator sphere 5 of 6 (fire), node 2, 12 mm W-Cu at r404.5 286.05 deg on a radial stem out of the ND2 rim r390, centre 19.9 mm below its Cx face, under the tip path (vertical gap), gap 5.5 mm to the island bar 8 tip, in ND2 [W-Cu sphere, stator]",node-2 - Node 2: ND2 - AR bank: Ca electrode,gap-stator,sphere,ND2,2,SG4b1,W-Cu sphere,,,,,,,111.835 -388.733 -98.500,6.0000,,,904.7787
SG4b1_stem_5,"node-2 / SG4b1_stem_5 - SG4b1 stem 5 (node 2): radial, sphere centre into the ND2 rim (seated 3 mm), in ND2 [Cu stem, stator]",node-2 - Node 2: ND2 - AR bank: Ca electrode,gap-stem,rod,ND2,2,SG4b1,Cu stem,,,,,,,,3.0000,111.835 -388.733 -98.500,106.996 -371.915 -98.500,494.8008
SG4b1_lead_5a,"node-2 / SG4b1_lead_5a - SG4b1 lead 5 (node 2): in ND2: radial in to r372 under Ca_el, in ND2 [Cu lead, stator]",node-2 - Node 2: ND2 - AR bank: Ca electrode,gap-lead,rod,ND2,2,SG4b1,Cu lead,,,,,,,,1.5000,106.996 -371.915 -98.500,102.849 -357.500 -98.500,106.0288
SG4b1_lead_5b,"node-2 / SG4b1_lead_5b - SG4b1 lead 5 (node 2): in ND2: riser to Ca_el (node 2), in ND2 [Cu lead, stator]",node-2 - Node 2: ND2 - AR bank: Ca electrode,gap-lead,rod,ND2,2,SG4b1,Cu lead,,,,,,,,1.5000,102.849 -357.500 -98.500,102.849 -357.500 -76.750,153.7417
SG4b1_sph_6,"node-2 / SG4b1_sph_6 - SG4b1 stator sphere 6 of 6 (fire), node 2, 12 mm W-Cu at r404.5 346.05 deg on a radial stem out of the ND2 rim r390, centre 19.9 mm below its Cx face, under the tip path (vertical gap), gap 5.5 mm to the island bar 8 tip, in ND2 [W-Cu sphere, stator]",node-2 - Node 2: ND2 - AR bank: Ca electrode,gap-stator,sphere,ND2,2,SG4b1,W-Cu sphere,,,,,,,392.570 -97.515 -98.500,6.0000,,,904.7787
SG4b1_stem_6,"node-2 / SG4b1_stem_6 - SG4b1 stem 6 (node 2): radial, sphere centre into the ND2 rim (seated 3 mm), in ND2 [Cu stem, stator]",node-2 - Node 2: ND2 - AR bank: Ca electrode,gap-stem,rod,ND2,2,SG4b1,Cu stem,,,,,,,,3.0000,392.570 -97.515 -98.500,375.586 -93.296 -98.500,494.8008
SG4b1_lead_6a,"node-2 / SG4b1_lead_6a - SG4b1 lead 6 (node 2): in ND2: radial in to r372 under Ca_el, in ND2 [Cu lead, stator]",node-2 - Node 2: ND2 - AR bank: Ca electrode,gap-lead,rod,ND2,2,SG4b1,Cu lead,,,,,,,,1.5000,375.586 -93.296 -98.500,361.028 -89.680 -98.500,106.0288
SG4b1_lead_6b,"node-2 / SG4b1_lead_6b - SG4b1 lead 6 (node 2): in ND2: riser to Ca_el (node 2), in ND2 [Cu lead, stator]",node-2 - Node 2: ND2 - AR bank: Ca electrode,gap-lead,rod,ND2,2,SG4b1,Cu lead,,,,,,,,1.5000,361.028 -89.680 -98.500,361.028 -89.680 -76.750,153.7417
BS4_sph_1,"node-2 / BS4_sph_1 - BS4 stator sphere 1 of 6 (backstop), node 2, 25 mm polished at r404.5 49 deg on a radial stem out of the ND2 rim r390, centre 26.4 mm below its Cx face, under the tip path (vertical gap), gap 5.5 mm to the island bar 8 tip, in ND2 [polished sphere, stator]",node-2 - Node 2: ND2 - AR bank: Ca electrode,gap-stator,sphere,ND2,2,BS4,polished sphere,,,,,,,265.376 305.280 -92.000,12.5000,,,8181.2309
BS4_stem_1,"node-2 / BS4_stem_1 - BS4 stem 1 (node 2): radial, sphere centre into the ND2 rim (seated 3 mm), in ND2 [Cu stem, stator]",node-2 - Node 2: ND2 - AR bank: Ca electrode,gap-stem,rod,ND2,2,BS4,Cu stem,,,,,,,,3.0000,265.376 305.280 -92.000,253.895 292.073 -92.000,494.8008
BS4_lead_1a,"node-2 / BS4_lead_1a - BS4 lead 1 (node 2): in ND2: radial in to r372 under Ca_el, in ND2 [Cu lead, stator]",node-2 - Node 2: ND2 - AR bank: Ca electrode,gap-lead,rod,ND2,2,BS4,Cu lead,,,,,,,,1.5000,253.895 292.073 -92.000,244.054 280.752 -92.000,106.0288
BS4_lead_1b,"node-2 / BS4_lead_1b - BS4 lead 1 (node 2): in ND2: riser to Ca_el (node 2), in ND2 [Cu lead, stator]",node-2 - Node 2: ND2 - AR bank: Ca electrode,gap-lead,rod,ND2,2,BS4,Cu lead,,,,,,,,1.5000,244.054 280.752 -92.000,244.054 280.752 -76.750,107.7959
BS4_sph_2,"node-2 / BS4_sph_2 - BS4 stator sphere 2 of 6 (backstop), node 2, 25 mm polished at r404.5 109 deg on a radial stem out of the ND2 rim r390, centre 26.4 mm below its Cx face, under the tip path (vertical gap), gap 5.5 mm to the island bar 8 tip, in ND2 [polished sphere, stator]",node-2 - Node 2: ND2 - AR bank: Ca electrode,gap-stator,sphere,ND2,2,BS4,polished sphere,,,,,,,-131.692 382.462 -92.000,12.5000,,,8181.2309
BS4_stem_2,"node-2 / BS4_stem_2 - BS4 stem 2 (node 2): radial, sphere centre into the ND2 rim (seated 3 mm), in ND2 [Cu stem, stator]",node-2 - Node 2: ND2 - AR bank: Ca electrode,gap-stem,rod,ND2,2,BS4,Cu stem,,,,,,,,3.0000,-131.692 382.462 -92.000,-125.995 365.916 -92.000,494.8008
BS4_lead_2a,"node-2 / BS4_lead_2a - BS4 lead 2 (node 2): in ND2: radial in to r372 under Ca_el, in ND2 [Cu lead, stator]",node-2 - Node 2: ND2 - AR bank: Ca electrode,gap-lead,rod,ND2,2,BS4,Cu lead,,,,,,,,1.5000,-125.995 365.916 -92.000,-121.111 351.733 -92.000,106.0288
BS4_lead_2b,"node-2 / BS4_lead_2b - BS4 lead 2 (node 2): in ND2: riser to Ca_el (node 2), in ND2 [Cu lead, stator]",node-2 - Node 2: ND2 - AR bank: Ca electrode,gap-lead,rod,ND2,2,BS4,Cu lead,,,,,,,,1.5000,-121.111 351.733 -92.000,-121.111 351.733 -76.750,107.7959
BS4_sph_3,"node-2 / BS4_sph_3 - BS4 stator sphere 3 of 6 (backstop), node 2, 25 mm polished at r404.5 169 deg on a radial stem out of the ND2 rim r390, centre 26.4 mm below its Cx face, under the tip path (vertical gap), gap 5.5 mm to the island bar 8 tip, in ND2 [polished sphere, stator]",node-2 - Node 2: ND2 - AR bank: Ca electrode,gap-stator,sphere,ND2,2,BS4,polished sphere,,,,,,,-397.068 77.182 -92.000,12.5000,,,8181.2309
BS4_stem_3,"node-2 / BS4_stem_3 - BS4 stem 3 (node 2): radial, sphere centre into the ND2 rim (seated 3 mm), in ND2 [Cu stem, stator]",node-2 - Node 2: ND2 - AR bank: Ca electrode,gap-stem,rod,ND2,2,BS4,Cu stem,,,,,,,,3.0000,-397.068 77.182 -92.000,-379.890 73.843 -92.000,494.8008
BS4_lead_3a,"node-2 / BS4_lead_3a - BS4 lead 3 (node 2): in ND2: radial in to r372 under Ca_el, in ND2 [Cu lead, stator]",node-2 - Node 2: ND2 - AR bank: Ca electrode,gap-lead,rod,ND2,2,BS4,Cu lead,,,,,,,,1.5000,-379.890 73.843 -92.000,-365.165 70.981 -92.000,106.0288
BS4_lead_3b,"node-2 / BS4_lead_3b - BS4 lead 3 (node 2): in ND2: riser to Ca_el (node 2), in ND2 [Cu lead, stator]",node-2 - Node 2: ND2 - AR bank: Ca electrode,gap-lead,rod,ND2,2,BS4,Cu lead,,,,,,,,1.5000,-365.165 70.981 -92.000,-365.165 70.981 -76.750,107.7959
BS4_sph_4,"node-2 / BS4_sph_4 - BS4 stator sphere 4 of 6 (backstop), node 2, 25 mm polished at r404.5 229 deg on a radial stem out of the ND2 rim r390, centre 26.4 mm below its Cx face, under the tip path (vertical gap), gap 5.5 mm to the island bar 8 tip, in ND2 [polished sphere, stator]",node-2 - Node 2: ND2 - AR bank: Ca electrode,gap-stator,sphere,ND2,2,BS4,polished sphere,,,,,,,-265.376 -305.280 -92.000,12.5000,,,8181.2309
BS4_stem_4,"node-2 / BS4_stem_4 - BS4 stem 4 (node 2): radial, sphere centre into the ND2 rim (seated 3 mm), in ND2 [Cu stem, stator]",node-2 - Node 2: ND2 - AR bank: Ca electrode,gap-stem,rod,ND2,2,BS4,Cu stem,,,,,,,,3.0000,-265.376 -305.280 -92.000,-253.895 -292.073 -92.000,494.8008
BS4_lead_4a,"node-2 / BS4_lead_4a - BS4 lead 4 (node 2): in ND2: radial in to r372 under Ca_el, in ND2 [Cu lead, stator]",node-2 - Node 2: ND2 - AR bank: Ca electrode,gap-lead,rod,ND2,2,BS4,Cu lead,,,,,,,,1.5000,-253.895 -292.073 -92.000,-244.054 -280.752 -92.000,106.0288
BS4_lead_4b,"node-2 / BS4_lead_4b - BS4 lead 4 (node 2): in ND2: riser to Ca_el (node 2), in ND2 [Cu lead, stator]",node-2 - Node 2: ND2 - AR bank: Ca electrode,gap-lead,rod,ND2,2,BS4,Cu lead,,,,,,,,1.5000,-244.054 -280.752 -92.000,-244.054 -280.752 -76.750,107.7959
BS4_sph_5,"node-2 / BS4_sph_5 - BS4 stator sphere 5 of 6 (backstop), node 2, 25 mm polished at r404.5 289 deg on a radial stem out of the ND2 rim r390, centre 26.4 mm below its Cx face, under the tip path (vertical gap), gap 5.5 mm to the island bar 8 tip, in ND2 [polished sphere, stator]",node-2 - Node 2: ND2 - AR bank: Ca electrode,gap-stator,sphere,ND2,2,BS4,polished sphere,,,,,,,131.692 -382.462 -92.000,12.5000,,,8181.2309
BS4_stem_5,"node-2 / BS4_stem_5 - BS4 stem 5 (node 2): radial, sphere centre into the ND2 rim (seated 3 mm), in ND2 [Cu stem, stator]",node-2 - Node 2: ND2 - AR bank: Ca electrode,gap-stem,rod,ND2,2,BS4,Cu stem,,,,,,,,3.0000,131.692 -382.462 -92.000,125.995 -365.916 -92.000,494.8008
BS4_lead_5a,"node-2 / BS4_lead_5a - BS4 lead 5 (node 2): in ND2: radial in to r372 under Ca_el, in ND2 [Cu lead, stator]",node-2 - Node 2: ND2 - AR bank: Ca electrode,gap-lead,rod,ND2,2,BS4,Cu lead,,,,,,,,1.5000,125.995 -365.916 -92.000,121.111 -351.733 -92.000,106.0288
BS4_lead_5b,"node-2 / BS4_lead_5b - BS4 lead 5 (node 2): in ND2: riser to Ca_el (node 2), in ND2 [Cu lead, stator]",node-2 - Node 2: ND2 - AR bank: Ca electrode,gap-lead,rod,ND2,2,BS4,Cu lead,,,,,,,,1.5000,121.111 -351.733 -92.000,121.111 -351.733 -76.750,107.7959
BS4_sph_6,"node-2 / BS4_sph_6 - BS4 stator sphere 6 of 6 (backstop), node 2, 25 mm polished at r404.5 349 deg on a radial stem out of the ND2 rim r390, centre 26.4 mm below its Cx face, under the tip path (vertical gap), gap 5.5 mm to the island bar 8 tip, in ND2 [polished sphere, stator]",node-2 - Node 2: ND2 - AR bank: Ca electrode,gap-stator,sphere,ND2,2,BS4,polished sphere,,,,,,,397.068 -77.182 -92.000,12.5000,,,8181.2309
BS4_stem_6,"node-2 / BS4_stem_6 - BS4 stem 6 (node 2): radial, sphere centre into the ND2 rim (seated 3 mm), in ND2 [Cu stem, stator]",node-2 - Node 2: ND2 - AR bank: Ca electrode,gap-stem,rod,ND2,2,BS4,Cu stem,,,,,,,,3.0000,397.068 -77.182 -92.000,379.890 -73.843 -92.000,494.8008
BS4_lead_6a,"node-2 / BS4_lead_6a - BS4 lead 6 (node 2): in ND2: radial in to r372 under Ca_el, in ND2 [Cu lead, stator]",node-2 - Node 2: ND2 - AR bank: Ca electrode,gap-lead,rod,ND2,2,BS4,Cu lead,,,,,,,,1.5000,379.890 -73.843 -92.000,365.165 -70.981 -92.000,106.0288
BS4_lead_6b,"node-2 / BS4_lead_6b - BS4 lead 6 (node 2): in ND2: riser to Ca_el (node 2), in ND2 [Cu lead, stator]",node-2 - Node 2: ND2 - AR bank: Ca electrode,gap-lead,rod,ND2,2,BS4,Cu lead,,,,,,,,1.5000,365.165 -70.981 -92.000,365.165 -70.981 -76.750,107.7959
SG2_sph_1,"node-3 / SG2_sph_1 - SG2 stator sphere 1 of 6 (return), node 3, 12 mm W-Cu on ND4 at r410 33 deg, apex 6 mm proud, 6 mm in its socket, gap 5.5 mm to the rotor B (R-B) tip - fed from ND3, in ND4 [W-Cu sphere, stator]",node-3 - Node 3: ND3 - BR bank: Cb electrode,gap-stator,sphere,ND4,3,SG2,W-Cu sphere,,,,,,,343.855 223.302 56.500,6.0000,,,904.7787
SG2_stem_1,"node-3 / SG2_stem_1 - SG2 stem 1 (node 3): sphere centre to the lead plane in ND4, in ND4 [Cu stem, stator]",node-3 - Node 3: ND3 - BR bank: Cb electrode,gap-stem,rod,ND4,3,SG2,Cu stem,,,,,,,,3.0000,343.855 223.302 56.500,343.855 223.302 67.000,296.8805
SG2_lead_1a,"node-3 / SG2_lead_1a - SG2 lead 1 (node 3): embedded in ND4, radial to its rim, in ND4 [Cu lead, stator]",node-3 - Node 3: ND3 - BR bank: Cb electrode,gap-lead,rod,ND4,3,SG2,Cu lead,,,,,,,,1.5000,343.855 223.302 67.000,419.335 272.320 67.000,636.1725
SG2_lead_1b,"node-3 / SG2_lead_1b - SG2 lead 1 (node 3): out to the stator frame, in ND4 [Cu lead, stator]",node-3 - Node 3: ND3 - BR bank: Cb electrode,gap-lead,rod,ND4,3,SG2,Cu lead,,,,,,,,1.5000,419.335 272.320 67.000,469.656 304.998 67.000,424.1150
SG2_lead_1c,"node-3 / SG2_lead_1c - SG2 lead 1 (node 3): along the frame R560 to ND3, in ND4 [Cu lead, stator]",node-3 - Node 3: ND3 - BR bank: Cb electrode,gap-lead,rod,ND4,3,SG2,Cu lead,,,,,,,,1.5000,469.656 304.998 67.000,469.656 304.998 92.000,176.7146
SG2_lead_1d,"node-3 / SG2_lead_1d - SG2 lead 1 (node 3): into the ND3 rim, in ND3 [Cu lead, stator]",node-3 - Node 3: ND3 - BR bank: Cb electrode,gap-lead,rod,ND3,3,SG2,Cu lead,,,,,,,,1.5000,469.656 304.998 92.000,327.082 212.409 92.000,1201.6592
SG2_lead_1e,"node-3 / SG2_lead_1e - SG2 lead 1 (node 3): in ND3: radial to r372 at 33 deg, in ND3 [Cu lead, stator]",node-3 - Node 3: ND3 - BR bank: Cb electrode,gap-lead,rod,ND3,3,SG2,Cu lead,,,,,,,,1.5000,327.082 212.409 92.000,311.985 202.606 92.000,127.2345
SG2_lead_1f,"node-3 / SG2_lead_1f - SG2 lead 1 (node 3): in ND3: under Cb_el to 24.46 deg, in ND3 [Cu lead, stator]",node-3 - Node 3: ND3 - BR bank: Cb electrode,gap-lead,rod,ND3,3,SG2,Cu lead,,,,,,,,1.5000,311.985 202.606 92.000,338.611 154.035 92.000,391.5267
SG2_lead_1g,"node-3 / SG2_lead_1g - SG2 lead 1 (node 3): in ND3: riser to Cb_el (node 3), in ND3 [Cu lead, stator]",node-3 - Node 3: ND3 - BR bank: Cb electrode,gap-lead,rod,ND3,3,SG2,Cu lead,,,,,,,,1.5000,338.611 154.035 92.000,338.611 154.035 76.750,107.7959
SG2_sph_2,"node-3 / SG2_sph_2 - SG2 stator sphere 2 of 6 (return), node 3, 12 mm W-Cu on ND4 at r410 93 deg, apex 6 mm proud, 6 mm in its socket, gap 5.5 mm to the rotor B (R-B) tip - fed from ND3, in ND4 [W-Cu sphere, stator]",node-3 - Node 3: ND3 - BR bank: Cb electrode,gap-stator,sphere,ND4,3,SG2,W-Cu sphere,,,,,,,-21.458 409.438 56.500,6.0000,,,904.7787
SG2_stem_2,"node-3 / SG2_stem_2 - SG2 stem 2 (node 3): sphere centre to the lead plane in ND4, in ND4 [Cu stem, stator]",node-3 - Node 3: ND3 - BR bank: Cb electrode,gap-stem,rod,ND4,3,SG2,Cu stem,,,,,,,,3.0000,-21.458 409.438 56.500,-21.458 409.438 67.000,296.8805
SG2_lead_2a,"node-3 / SG2_lead_2a - SG2 lead 2 (node 3): embedded in ND4, radial to its rim, in ND4 [Cu lead, stator]",node-3 - Node 3: ND3 - BR bank: Cb electrode,gap-lead,rod,ND4,3,SG2,Cu lead,,,,,,,,1.5000,-21.458 409.438 67.000,-26.168 499.315 67.000,636.1725
SG2_lead_2b,"node-3 / SG2_lead_2b - SG2 lead 2 (node 3): out to the stator frame, in ND4 [Cu lead, stator]",node-3 - Node 3: ND3 - BR bank: Cb electrode,gap-lead,rod,ND4,3,SG2,Cu lead,,,,,,,,1.5000,-26.168 499.315 67.000,-29.308 559.233 67.000,424.1150
SG2_lead_2c,"node-3 / SG2_lead_2c - SG2 lead 2 (node 3): along the frame R560 to ND3, in ND4 [Cu lead, stator]",node-3 - Node 3: ND3 - BR bank: Cb electrode,gap-lead,rod,ND4,3,SG2,Cu lead,,,,,,,,1.5000,-29.308 559.233 67.000,-29.308 559.233 92.000,176.7146
SG2_lead_2d,"node-3 / SG2_lead_2d - SG2 lead 2 (node 3): into the ND3 rim, in ND3 [Cu lead, stator]",node-3 - Node 3: ND3 - BR bank: Cb electrode,gap-lead,rod,ND3,3,SG2,Cu lead,,,,,,,,1.5000,-29.308 559.233 92.000,-20.411 389.466 92.000,1201.6592
SG2_lead_2e,"node-3 / SG2_lead_2e - SG2 lead 2 (node 3): in ND3: radial to r372 at 93 deg, in ND3 [Cu lead, stator]",node-3 - Node 3: ND3 - BR bank: Cb electrode,gap-lead,rod,ND3,3,SG2,Cu lead,,,,,,,,1.5000,-20.411 389.466 92.000,-19.469 371.490 92.000,127.2345
SG2_lead_2f,"node-3 / SG2_lead_2f - SG2 lead 2 (node 3): in ND3: under Cb_el to 84.46 deg, in ND3 [Cu lead, stator]",node-3 - Node 3: ND3 - BR bank: Cb electrode,gap-lead,rod,ND3,3,SG2,Cu lead,,,,,,,,1.5000,-19.469 371.490 92.000,35.907 370.263 92.000,391.5267
SG2_lead_2g,"node-3 / SG2_lead_2g - SG2 lead 2 (node 3): in ND3: riser to Cb_el (node 3), in ND3 [Cu lead, stator]",node-3 - Node 3: ND3 - BR bank: Cb electrode,gap-lead,rod,ND3,3,SG2,Cu lead,,,,,,,,1.5000,35.907 370.263 92.000,35.907 370.263 76.750,107.7959
SG2_sph_3,"node-3 / SG2_sph_3 - SG2 stator sphere 3 of 6 (return), node 3, 12 mm W-Cu on ND4 at r410 153 deg, apex 6 mm proud, 6 mm in its socket, gap 5.5 mm to the rotor B (R-B) tip - fed from ND3, in ND4 [W-Cu sphere, stator]",node-3 - Node 3: ND3 - BR bank: Cb electrode,gap-stator,sphere,ND4,3,SG2,W-Cu sphere,,,,,,,-365.313 186.136 56.500,6.0000,,,904.7787
SG2_stem_3,"node-3 / SG2_stem_3 - SG2 stem 3 (node 3): sphere centre to the lead plane in ND4, in ND4 [Cu stem, stator]",node-3 - Node 3: ND3 - BR bank: Cb electrode,gap-stem,rod,ND4,3,SG2,Cu stem,,,,,,,,3.0000,-365.313 186.136 56.500,-365.313 186.136 67.000,296.8805
SG2_lead_3a,"node-3 / SG2_lead_3a - SG2 lead 3 (node 3): embedded in ND4, radial to its rim, in ND4 [Cu lead, stator]",node-3 - Node 3: ND3 - BR bank: Cb electrode,gap-lead,rod,ND4,3,SG2,Cu lead,,,,,,,,1.5000,-365.313 186.136 67.000,-445.503 226.995 67.000,636.1725
SG2_lead_3b,"node-3 / SG2_lead_3b - SG2 lead 3 (node 3): out to the stator frame, in ND4 [Cu lead, stator]",node-3 - Node 3: ND3 - BR bank: Cb electrode,gap-lead,rod,ND4,3,SG2,Cu lead,,,,,,,,1.5000,-445.503 226.995 67.000,-498.964 254.235 67.000,424.1150
SG2_lead_3c,"node-3 / SG2_lead_3c - SG2 lead 3 (node 3): along the frame R560 to ND3, in ND4 [Cu lead, stator]",node-3 - Node 3: ND3 - BR bank: Cb electrode,gap-lead,rod,ND4,3,SG2,Cu lead,,,,,,,,1.5000,-498.964 254.235 67.000,-498.964 254.235 92.000,176.7146
SG2_lead_3d,"node-3 / SG2_lead_3d - SG2 lead 3 (node 3): into the ND3 rim, in ND3 [Cu lead, stator]",node-3 - Node 3: ND3 - BR bank: Cb electrode,gap-lead,rod,ND3,3,SG2,Cu lead,,,,,,,,1.5000,-498.964 254.235 92.000,-347.493 177.056 92.000,1201.6592
SG2_lead_3e,"node-3 / SG2_lead_3e - SG2 lead 3 (node 3): in ND3: radial to r372 at 153 deg, in ND3 [Cu lead, stator]",node-3 - Node 3: ND3 - BR bank: Cb electrode,gap-lead,rod,ND3,3,SG2,Cu lead,,,,,,,,1.5000,-347.493 177.056 92.000,-331.454 168.884 92.000,127.2345
SG2_lead_3f,"node-3 / SG2_lead_3f - SG2 lead 3 (node 3): in ND3: under Cb_el to 144.46 deg, in ND3 [Cu lead, stator]",node-3 - Node 3: ND3 - BR bank: Cb electrode,gap-lead,rod,ND3,3,SG2,Cu lead,,,,,,,,1.5000,-331.454 168.884 92.000,-302.704 216.228 92.000,391.5267
SG2_lead_3g,"node-3 / SG2_lead_3g - SG2 lead 3 (node 3): in ND3: riser to Cb_el (node 3), in ND3 [Cu lead, stator]",node-3 - Node 3: ND3 - BR bank: Cb electrode,gap-lead,rod,ND3,3,SG2,Cu lead,,,,,,,,1.5000,-302.704 216.228 92.000,-302.704 216.228 76.750,107.7959
SG2_sph_4,"node-3 / SG2_sph_4 - SG2 stator sphere 4 of 6 (return), node 3, 12 mm W-Cu on ND4 at r410 213 deg, apex 6 mm proud, 6 mm in its socket, gap 5.5 mm to the rotor B (R-B) tip - fed from ND3, in ND4 [W-Cu sphere, stator]",node-3 - Node 3: ND3 - BR bank: Cb electrode,gap-stator,sphere,ND4,3,SG2,W-Cu sphere,,,,,,,-343.855 -223.302 56.500,6.0000,,,904.7787
SG2_stem_4,"node-3 / SG2_stem_4 - SG2 stem 4 (node 3): sphere centre to the lead plane in ND4, in ND4 [Cu stem, stator]",node-3 - Node 3: ND3 - BR bank: Cb electrode,gap-stem,rod,ND4,3,SG2,Cu stem,,,,,,,,3.0000,-343.855 -223.302 56.500,-343.855 -223.302 67.000,296.8805
SG2_lead_4a,"node-3 / SG2_lead_4a - SG2 lead 4 (node 3): embedded in ND4, radial to its rim, in ND4 [Cu lead, stator]",node-3 - Node 3: ND3 - BR bank: Cb electrode,gap-lead,rod,ND4,3,SG2,Cu lead,,,,,,,,1.5000,-343.855 -223.302 67.000,-419.335 -272.320 67.000,636.1725
SG2_lead_4b,"node-3 / SG2_lead_4b - SG2 lead 4 (node 3): out to the stator frame, in ND4 [Cu lead, stator]",node-3 - Node 3: ND3 - BR bank: Cb electrode,gap-lead,rod,ND4,3,SG2,Cu lead,,,,,,,,1.5000,-419.335 -272.320 67.000,-469.656 -304.998 67.000,424.1150
SG2_lead_4c,"node-3 / SG2_lead_4c - SG2 lead 4 (node 3): along the frame R560 to ND3, in ND4 [Cu lead, stator]",node-3 - Node 3: ND3 - BR bank: Cb electrode,gap-lead,rod,ND4,3,SG2,Cu lead,,,,,,,,1.5000,-469.656 -304.998 67.000,-469.656 -304.998 92.000,176.7146
SG2_lead_4d,"node-3 / SG2_lead_4d - SG2 lead 4 (node 3): into the ND3 rim, in ND3 [Cu lead, stator]",node-3 - Node 3: ND3 - BR bank: Cb electrode,gap-lead,rod,ND3,3,SG2,Cu lead,,,,,,,,1.5000,-469.656 -304.998 92.000,-327.082 -212.409 92.000,1201.6592
SG2_lead_4e,"node-3 / SG2_lead_4e - SG2 lead 4 (node 3): in ND3: radial to r372 at 213 deg, in ND3 [Cu lead, stator]",node-3 - Node 3: ND3 - BR bank: Cb electrode,gap-lead,rod,ND3,3,SG2,Cu lead,,,,,,,,1.5000,-327.082 -212.409 92.000,-311.985 -202.606 92.000,127.2345
SG2_lead_4f,"node-3 / SG2_lead_4f - SG2 lead 4 (node 3): in ND3: under Cb_el to 204.46 deg, in ND3 [Cu lead, stator]",node-3 - Node 3: ND3 - BR bank: Cb electrode,gap-lead,rod,ND3,3,SG2,Cu lead,,,,,,,,1.5000,-311.985 -202.606 92.000,-338.611 -154.035 92.000,391.5267
SG2_lead_4g,"node-3 / SG2_lead_4g - SG2 lead 4 (node 3): in ND3: riser to Cb_el (node 3), in ND3 [Cu lead, stator]",node-3 - Node 3: ND3 - BR bank: Cb electrode,gap-lead,rod,ND3,3,SG2,Cu lead,,,,,,,,1.5000,-338.611 -154.035 92.000,-338.611 -154.035 76.750,107.7959
SG2_sph_5,"node-3 / SG2_sph_5 - SG2 stator sphere 5 of 6 (return), node 3, 12 mm W-Cu on ND4 at r410 273 deg, apex 6 mm proud, 6 mm in its socket, gap 5.5 mm to the rotor B (R-B) tip - fed from ND3, in ND4 [W-Cu sphere, stator]",node-3 - Node 3: ND3 - BR bank: Cb electrode,gap-stator,sphere,ND4,3,SG2,W-Cu sphere,,,,,,,21.458 -409.438 56.500,6.0000,,,904.7787
SG2_stem_5,"node-3 / SG2_stem_5 - SG2 stem 5 (node 3): sphere centre to the lead plane in ND4, in ND4 [Cu stem, stator]",node-3 - Node 3: ND3 - BR bank: Cb electrode,gap-stem,rod,ND4,3,SG2,Cu stem,,,,,,,,3.0000,21.458 -409.438 56.500,21.458 -409.438 67.000,296.8805
SG2_lead_5a,"node-3 / SG2_lead_5a - SG2 lead 5 (node 3): embedded in ND4, radial to its rim, in ND4 [Cu lead, stator]",node-3 - Node 3: ND3 - BR bank: Cb electrode,gap-lead,rod,ND4,3,SG2,Cu lead,,,,,,,,1.5000,21.458 -409.438 67.000,26.168 -499.315 67.000,636.1725
SG2_lead_5b,"node-3 / SG2_lead_5b - SG2 lead 5 (node 3): out to the stator frame, in ND4 [Cu lead, stator]",node-3 - Node 3: ND3 - BR bank: Cb electrode,gap-lead,rod,ND4,3,SG2,Cu lead,,,,,,,,1.5000,26.168 -499.315 67.000,29.308 -559.233 67.000,424.1150
SG2_lead_5c,"node-3 / SG2_lead_5c - SG2 lead 5 (node 3): along the frame R560 to ND3, in ND4 [Cu lead, stator]",node-3 - Node 3: ND3 - BR bank: Cb electrode,gap-lead,rod,ND4,3,SG2,Cu lead,,,,,,,,1.5000,29.308 -559.233 67.000,29.308 -559.233 92.000,176.7146
SG2_lead_5d,"node-3 / SG2_lead_5d - SG2 lead 5 (node 3): into the ND3 rim, in ND3 [Cu lead, stator]",node-3 - Node 3: ND3 - BR bank: Cb electrode,gap-lead,rod,ND3,3,SG2,Cu lead,,,,,,,,1.5000,29.308 -559.233 92.000,20.411 -389.466 92.000,1201.6592
SG2_lead_5e,"node-3 / SG2_lead_5e - SG2 lead 5 (node 3): in ND3: radial to r372 at 273 deg, in ND3 [Cu lead, stator]",node-3 - Node 3: ND3 - BR bank: Cb electrode,gap-lead,rod,ND3,3,SG2,Cu lead,,,,,,,,1.5000,20.411 -389.466 92.000,19.469 -371.490 92.000,127.2345
SG2_lead_5f,"node-3 / SG2_lead_5f - SG2 lead 5 (node 3): in ND3: under Cb_el to 264.46 deg, in ND3 [Cu lead, stator]",node-3 - Node 3: ND3 - BR bank: Cb electrode,gap-lead,rod,ND3,3,SG2,Cu lead,,,,,,,,1.5000,19.469 -371.490 92.000,-35.907 -370.263 92.000,391.5267
SG2_lead_5g,"node-3 / SG2_lead_5g - SG2 lead 5 (node 3): in ND3: riser to Cb_el (node 3), in ND3 [Cu lead, stator]",node-3 - Node 3: ND3 - BR bank: Cb electrode,gap-lead,rod,ND3,3,SG2,Cu lead,,,,,,,,1.5000,-35.907 -370.263 92.000,-35.907 -370.263 76.750,107.7959
SG2_sph_6,"node-3 / SG2_sph_6 - SG2 stator sphere 6 of 6 (return), node 3, 12 mm W-Cu on ND4 at r410 333 deg, apex 6 mm proud, 6 mm in its socket, gap 5.5 mm to the rotor B (R-B) tip - fed from ND3, in ND4 [W-Cu sphere, stator]",node-3 - Node 3: ND3 - BR bank: Cb electrode,gap-stator,sphere,ND4,3,SG2,W-Cu sphere,,,,,,,365.313 -186.136 56.500,6.0000,,,904.7787
SG2_stem_6,"node-3 / SG2_stem_6 - SG2 stem 6 (node 3): sphere centre to the lead plane in ND4, in ND4 [Cu stem, stator]",node-3 - Node 3: ND3 - BR bank: Cb electrode,gap-stem,rod,ND4,3,SG2,Cu stem,,,,,,,,3.0000,365.313 -186.136 56.500,365.313 -186.136 67.000,296.8805
SG2_lead_6a,"node-3 / SG2_lead_6a - SG2 lead 6 (node 3): embedded in ND4, radial to its rim, in ND4 [Cu lead, stator]",node-3 - Node 3: ND3 - BR bank: Cb electrode,gap-lead,rod,ND4,3,SG2,Cu lead,,,,,,,,1.5000,365.313 -186.136 67.000,445.503 -226.995 67.000,636.1725
SG2_lead_6b,"node-3 / SG2_lead_6b - SG2 lead 6 (node 3): out to the stator frame, in ND4 [Cu lead, stator]",node-3 - Node 3: ND3 - BR bank: Cb electrode,gap-lead,rod,ND4,3,SG2,Cu lead,,,,,,,,1.5000,445.503 -226.995 67.000,498.964 -254.235 67.000,424.1150
SG2_lead_6c,"node-3 / SG2_lead_6c - SG2 lead 6 (node 3): along the frame R560 to ND3, in ND4 [Cu lead, stator]",node-3 - Node 3: ND3 - BR bank: Cb electrode,gap-lead,rod,ND4,3,SG2,Cu lead,,,,,,,,1.5000,498.964 -254.235 67.000,498.964 -254.235 92.000,176.7146
SG2_lead_6d,"node-3 / SG2_lead_6d - SG2 lead 6 (node 3): into the ND3 rim, in ND3 [Cu lead, stator]",node-3 - Node 3: ND3 - BR bank: Cb electrode,gap-lead,rod,ND3,3,SG2,Cu lead,,,,,,,,1.5000,498.964 -254.235 92.000,347.493 -177.056 92.000,1201.6592
SG2_lead_6e,"node-3 / SG2_lead_6e - SG2 lead 6 (node 3): in ND3: radial to r372 at 333 deg, in ND3 [Cu lead, stator]",node-3 - Node 3: ND3 - BR bank: Cb electrode,gap-lead,rod,ND3,3,SG2,Cu lead,,,,,,,,1.5000,347.493 -177.056 92.000,331.454 -168.884 92.000,127.2345
SG2_lead_6f,"node-3 / SG2_lead_6f - SG2 lead 6 (node 3): in ND3: under Cb_el to 324.46 deg, in ND3 [Cu lead, stator]",node-3 - Node 3: ND3 - BR bank: Cb electrode,gap-lead,rod,ND3,3,SG2,Cu lead,,,,,,,,1.5000,331.454 -168.884 92.000,302.704 -216.228 92.000,391.5267
SG2_lead_6g,"node-3 / SG2_lead_6g - SG2 lead 6 (node 3): in ND3: riser to Cb_el (node 3), in ND3 [Cu lead, stator]",node-3 - Node 3: ND3 - BR bank: Cb electrode,gap-lead,rod,ND3,3,SG2,Cu lead,,,,,,,,1.5000,302.704 -216.228 92.000,302.704 -216.228 76.750,107.7959
SG3a1_sph_1,"node-1 / SG3a1_sph_1 - SG3a1 stator sphere 1 of 6 (load), node 1, 12 mm W-Cu at r421.25 7.2 deg on a radial arm in from the stator frame R560, at the tip height beside its path (horizontal gap), gap 4.75 mm to the island bar 7 tip - fed from ND1 by a CROSSOVER over the stator, in stator frame [W-Cu sphere, stator]",node-1 - Node 1: ND1 - A-rail: C1 stator plate + Ca counter-electrode,gap-stator,sphere,stator frame,1,SG3a1,W-Cu sphere,,,,,,,417.928 52.797 116.000,6.0000,,,904.7787
SG3a1_stem_1,"node-1 / SG3a1_stem_1 - SG3a1 arm 1 (node 1): radial, sphere centre out to the stator frame R560, in stator frame [Cu stem, stator]",node-1 - Node 1: ND1 - A-rail: C1 stator plate + Ca counter-electrode,gap-stem,rod,stator frame,1,SG3a1,Cu stem,,,,,,,,3.0000,417.928 52.797 116.000,555.584 70.187 116.000,3923.0638
SG3a1_lead_1a,"node-1 / SG3a1_lead_1a - SG3a1 lead 1 (node 1): along the frame R560 to ND1 - CROSSOVER over the stator, in stator frame [Cu lead, stator]",node-1 - Node 1: ND1 - A-rail: C1 stator plate + Ca counter-electrode,gap-lead,rod,stator frame,1,SG3a1,Cu lead,,,,,,,,1.5000,555.584 70.187 116.000,555.584 70.187 -67.000,1293.5508
SG3a1_lead_1b,"node-1 / SG3a1_lead_1b - SG3a1 lead 1 (node 1): into the ND1 rim, in ND1 [Cu lead, stator]",node-1 - Node 1: ND1 - A-rail: C1 stator plate + Ca counter-electrode,gap-lead,rod,ND1,1,SG3a1,Cu lead,,,,,,,,1.5000,555.584 70.187 -67.000,496.057 62.667 -67.000,424.1150
SG3a1_lead_1c,"node-1 / SG3a1_lead_1c - SG3a1 lead 1 (node 1): in ND1: radial to r377 at 7.2 deg, in ND1 [Cu lead, stator]",node-1 - Node 1: ND1 - A-rail: C1 stator plate + Ca counter-electrode,gap-lead,rod,ND1,1,SG3a1,Cu lead,,,,,,,,1.5000,496.057 62.667 -67.000,374.027 47.251 -67.000,869.4358
SG3a1_lead_1d,"node-1 / SG3a1_lead_1d - SG3a1 lead 1 (node 1): in ND1: under Ca_counter to 355.47 deg, in ND1 [Cu lead, stator]",node-1 - Node 1: ND1 - A-rail: C1 stator plate + Ca counter-electrode,gap-lead,rod,ND1,1,SG3a1,Cu lead,,,,,,,,1.5000,374.027 47.251 -67.000,376.898 8.777 -67.000,272.7097
SG3a1_lead_1e,"node-1 / SG3a1_lead_1e - SG3a1 lead 1 (node 1): in ND1: under Ca_counter to 355.47 deg, in ND1 [Cu lead, stator]",node-1 - Node 1: ND1 - A-rail: C1 stator plate + Ca counter-electrode,gap-lead,rod,ND1,1,SG3a1,Cu lead,,,,,,,,1.5000,376.898 8.777 -67.000,375.821 -29.788 -67.000,272.7097
SG3a1_lead_1f,"node-1 / SG3a1_lead_1f - SG3a1 lead 1 (node 1): in ND1: riser to Ca_counter (node 1), in ND1 [Cu lead, stator]",node-1 - Node 1: ND1 - A-rail: C1 stator plate + Ca counter-electrode,gap-lead,rod,ND1,1,SG3a1,Cu lead,,,,,,,,1.5000,375.821 -29.788 -67.000,375.821 -29.788 -71.250,30.0415
SG3a1_sph_2,"node-1 / SG3a1_sph_2 - SG3a1 stator sphere 2 of 6 (load), node 1, 12 mm W-Cu at r421.25 67.2 deg on a radial arm in from the stator frame R560, at the tip height beside its path (horizontal gap), gap 4.75 mm to the island bar 7 tip - fed from ND1 by a CROSSOVER over the stator, in stator frame [W-Cu sphere, stator]",node-1 - Node 1: ND1 - A-rail: C1 stator plate + Ca counter-electrode,gap-stator,sphere,stator frame,1,SG3a1,W-Cu sphere,,,,,,,163.241 388.335 116.000,6.0000,,,904.7787
SG3a1_stem_2,"node-1 / SG3a1_stem_2 - SG3a1 arm 2 (node 1): radial, sphere centre out to the stator frame R560, in stator frame [Cu stem, stator]",node-1 - Node 1: ND1 - A-rail: C1 stator plate + Ca counter-electrode,gap-stem,rod,stator frame,1,SG3a1,Cu stem,,,,,,,,3.0000,163.241 388.335 116.000,217.009 516.243 116.000,3923.0638
SG3a1_lead_2a,"node-1 / SG3a1_lead_2a - SG3a1 lead 2 (node 1): along the frame R560 to ND1 - CROSSOVER over the stator, in stator frame [Cu lead, stator]",node-1 - Node 1: ND1 - A-rail: C1 stator plate + Ca counter-electrode,gap-lead,rod,stator frame,1,SG3a1,Cu lead,,,,,,,,1.5000,217.009 516.243 116.000,217.009 516.243 -67.000,1293.5508
SG3a1_lead_2b,"node-1 / SG3a1_lead_2b - SG3a1 lead 2 (node 1): into the ND1 rim, in ND1 [Cu lead, stator]",node-1 - Node 1: ND1 - A-rail: C1 stator plate + Ca counter-electrode,gap-lead,rod,ND1,1,SG3a1,Cu lead,,,,,,,,1.5000,217.009 516.243 -67.000,193.758 460.932 -67.000,424.1150
SG3a1_lead_2c,"node-1 / SG3a1_lead_2c - SG3a1 lead 2 (node 1): in ND1: radial to r377 at 67.2 deg, in ND1 [Cu lead, stator]",node-1 - Node 1: ND1 - A-rail: C1 stator plate + Ca counter-electrode,gap-lead,rod,ND1,1,SG3a1,Cu lead,,,,,,,,1.5000,193.758 460.932 -67.000,146.093 347.542 -67.000,869.4358
SG3a1_lead_2d,"node-1 / SG3a1_lead_2d - SG3a1 lead 2 (node 1): in ND1: under Ca_counter to 55.47 deg, in ND1 [Cu lead, stator]",node-1 - Node 1: ND1 - A-rail: C1 stator plate + Ca counter-electrode,gap-lead,rod,ND1,1,SG3a1,Cu lead,,,,,,,,1.5000,146.093 347.542 -67.000,180.848 330.792 -67.000,272.7097
SG3a1_lead_2e,"node-1 / SG3a1_lead_2e - SG3a1 lead 2 (node 1): in ND1: under Ca_counter to 55.47 deg, in ND1 [Cu lead, stator]",node-1 - Node 1: ND1 - A-rail: C1 stator plate + Ca counter-electrode,gap-lead,rod,ND1,1,SG3a1,Cu lead,,,,,,,,1.5000,180.848 330.792 -67.000,213.708 310.577 -67.000,272.7097
SG3a1_lead_2f,"node-1 / SG3a1_lead_2f - SG3a1 lead 2 (node 1): in ND1: riser to Ca_counter (node 1), in ND1 [Cu lead, stator]",node-1 - Node 1: ND1 - A-rail: C1 stator plate + Ca counter-electrode,gap-lead,rod,ND1,1,SG3a1,Cu lead,,,,,,,,1.5000,213.708 310.577 -67.000,213.708 310.577 -71.250,30.0415
SG3a1_sph_3,"node-1 / SG3a1_sph_3 - SG3a1 stator sphere 3 of 6 (load), node 1, 12 mm W-Cu at r421.25 127.2 deg on a radial arm in from the stator frame R560, at the tip height beside its path (horizontal gap), gap 4.75 mm to the island bar 7 tip - fed from ND1 by a CROSSOVER over the stator, in stator frame [W-Cu sphere, stator]",node-1 - Node 1: ND1 - A-rail: C1 stator plate + Ca counter-electrode,gap-stator,sphere,stator frame,1,SG3a1,W-Cu sphere,,,,,,,-254.687 335.538 116.000,6.0000,,,904.7787
SG3a1_stem_3,"node-1 / SG3a1_stem_3 - SG3a1 arm 3 (node 1): radial, sphere centre out to the stator frame R560, in stator frame [Cu stem, stator]",node-1 - Node 1: ND1 - A-rail: C1 stator plate + Ca counter-electrode,gap-stem,rod,stator frame,1,SG3a1,Cu stem,,,,,,,,3.0000,-254.687 335.538 116.000,-338.576 446.057 116.000,3923.0638
SG3a1_lead_3a,"node-1 / SG3a1_lead_3a - SG3a1 lead 3 (node 1): along the frame R560 to ND1 - CROSSOVER over the stator, in stator frame [Cu lead, stator]",node-1 - Node 1: ND1 - A-rail: C1 stator plate + Ca counter-electrode,gap-lead,rod,stator frame,1,SG3a1,Cu lead,,,,,,,,1.5000,-338.576 446.057 116.000,-338.576 446.057 -67.000,1293.5508
SG3a1_lead_3b,"node-1 / SG3a1_lead_3b - SG3a1 lead 3 (node 1): into the ND1 rim, in ND1 [Cu lead, stator]",node-1 - Node 1: ND1 - A-rail: C1 stator plate + Ca counter-electrode,gap-lead,rod,ND1,1,SG3a1,Cu lead,,,,,,,,1.5000,-338.576 446.057 -67.000,-302.300 398.265 -67.000,424.1150
SG3a1_lead_3c,"node-1 / SG3a1_lead_3c - SG3a1 lead 3 (node 1): in ND1: radial to r377 at 127.2 deg, in ND1 [Cu lead, stator]",node-1 - Node 1: ND1 - A-rail: C1 stator plate + Ca counter-electrode,gap-lead,rod,ND1,1,SG3a1,Cu lead,,,,,,,,1.5000,-302.300 398.265 -67.000,-227.934 300.292 -67.000,869.4358
SG3a1_lead_3d,"node-1 / SG3a1_lead_3d - SG3a1 lead 3 (node 1): in ND1: under Ca_counter to 115.47 deg, in ND1 [Cu lead, stator]",node-1 - Node 1: ND1 - A-rail: C1 stator plate + Ca counter-electrode,gap-lead,rod,ND1,1,SG3a1,Cu lead,,,,,,,,1.5000,-227.934 300.292 -67.000,-196.050 322.015 -67.000,272.7097
SG3a1_lead_3e,"node-1 / SG3a1_lead_3e - SG3a1 lead 3 (node 1): in ND1: under Ca_counter to 115.47 deg, in ND1 [Cu lead, stator]",node-1 - Node 1: ND1 - A-rail: C1 stator plate + Ca counter-electrode,gap-lead,rod,ND1,1,SG3a1,Cu lead,,,,,,,,1.5000,-196.050 322.015 -67.000,-162.113 340.365 -67.000,272.7097
SG3a1_lead_3f,"node-1 / SG3a1_lead_3f - SG3a1 lead 3 (node 1): in ND1: riser to Ca_counter (node 1), in ND1 [Cu lead, stator]",node-1 - Node 1: ND1 - A-rail: C1 stator plate + Ca counter-electrode,gap-lead,rod,ND1,1,SG3a1,Cu lead,,,,,,,,1.5000,-162.113 340.365 -67.000,-162.113 340.365 -71.250,30.0415
SG3a1_sph_4,"node-1 / SG3a1_sph_4 - SG3a1 stator sphere 4 of 6 (load), node 1, 12 mm W-Cu at r421.25 187.2 deg on a radial arm in from the stator frame R560, at the tip height beside its path (horizontal gap), gap 4.75 mm to the island bar 7 tip - fed from ND1 by a CROSSOVER over the stator, in stator frame [W-Cu sphere, stator]",node-1 - Node 1: ND1 - A-rail: C1 stator plate + Ca counter-electrode,gap-stator,sphere,stator frame,1,SG3a1,W-Cu sphere,,,,,,,-417.928 -52.797 116.000,6.0000,,,904.7787
SG3a1_stem_4,"node-1 / SG3a1_stem_4 - SG3a1 arm 4 (node 1): radial, sphere centre out to the stator frame R560, in stator frame [Cu stem, stator]",node-1 - Node 1: ND1 - A-rail: C1 stator plate + Ca counter-electrode,gap-stem,rod,stator frame,1,SG3a1,Cu stem,,,,,,,,3.0000,-417.928 -52.797 116.000,-555.584 -70.187 116.000,3923.0638
SG3a1_lead_4a,"node-1 / SG3a1_lead_4a - SG3a1 lead 4 (node 1): along the frame R560 to ND1 - CROSSOVER over the stator, in stator frame [Cu lead, stator]",node-1 - Node 1: ND1 - A-rail: C1 stator plate + Ca counter-electrode,gap-lead,rod,stator frame,1,SG3a1,Cu lead,,,,,,,,1.5000,-555.584 -70.187 116.000,-555.584 -70.187 -67.000,1293.5508
SG3a1_lead_4b,"node-1 / SG3a1_lead_4b - SG3a1 lead 4 (node 1): into the ND1 rim, in ND1 [Cu lead, stator]",node-1 - Node 1: ND1 - A-rail: C1 stator plate + Ca counter-electrode,gap-lead,rod,ND1,1,SG3a1,Cu lead,,,,,,,,1.5000,-555.584 -70.187 -67.000,-496.057 -62.667 -67.000,424.1150
SG3a1_lead_4c,"node-1 / SG3a1_lead_4c - SG3a1 lead 4 (node 1): in ND1: radial to r377 at 187.2 deg, in ND1 [Cu lead, stator]",node-1 - Node 1: ND1 - A-rail: C1 stator plate + Ca counter-electrode,gap-lead,rod,ND1,1,SG3a1,Cu lead,,,,,,,,1.5000,-496.057 -62.667 -67.000,-374.027 -47.251 -67.000,869.4358
SG3a1_lead_4d,"node-1 / SG3a1_lead_4d - SG3a1 lead 4 (node 1): in ND1: under Ca_counter to 175.47 deg, in ND1 [Cu lead, stator]",node-1 - Node 1: ND1 - A-rail: C1 stator plate + Ca counter-electrode,gap-lead,rod,ND1,1,SG3a1,Cu lead,,,,,,,,1.5000,-374.027 -47.251 -67.000,-376.898 -8.777 -67.000,272.7097
SG3a1_lead_4e,"node-1 / SG3a1_lead_4e - SG3a1 lead 4 (node 1): in ND1: under Ca_counter to 175.47 deg, in ND1 [Cu lead, stator]",node-1 - Node 1: ND1 - A-rail: C1 stator plate + Ca counter-electrode,gap-lead,rod,ND1,1,SG3a1,Cu lead,,,,,,,,1.5000,-376.898 -8.777 -67.000,-375.821 29.788 -67.000,272.7097
SG3a1_lead_4f,"node-1 / SG3a1_lead_4f - SG3a1 lead 4 (node 1): in ND1: riser to Ca_counter (node 1), in ND1 [Cu lead, stator]",node-1 - Node 1: ND1 - A-rail: C1 stator plate + Ca counter-electrode,gap-lead,rod,ND1,1,SG3a1,Cu lead,,,,,,,,1.5000,-375.821 29.788 -67.000,-375.821 29.788 -71.250,30.0415
SG3a1_sph_5,"node-1 / SG3a1_sph_5 - SG3a1 stator sphere 5 of 6 (load), node 1, 12 mm W-Cu at r421.25 247.2 deg on a radial arm in from the stator frame R560, at the tip height beside its path (horizontal gap), gap 4.75 mm to the island bar 7 tip - fed from ND1 by a CROSSOVER over the stator, in stator frame [W-Cu sphere, stator]",node-1 - Node 1: ND1 - A-rail: C1 stator plate + Ca counter-electrode,gap-stator,sphere,stator frame,1,SG3a1,W-Cu sphere,,,,,,,-163.241 -388.335 116.000,6.0000,,,904.7787
SG3a1_stem_5,"node-1 / SG3a1_stem_5 - SG3a1 arm 5 (node 1): radial, sphere centre out to the stator frame R560, in stator frame [Cu stem, stator]",node-1 - Node 1: ND1 - A-rail: C1 stator plate + Ca counter-electrode,gap-stem,rod,stator frame,1,SG3a1,Cu stem,,,,,,,,3.0000,-163.241 -388.335 116.000,-217.009 -516.243 116.000,3923.0638
SG3a1_lead_5a,"node-1 / SG3a1_lead_5a - SG3a1 lead 5 (node 1): along the frame R560 to ND1 - CROSSOVER over the stator, in stator frame [Cu lead, stator]",node-1 - Node 1: ND1 - A-rail: C1 stator plate + Ca counter-electrode,gap-lead,rod,stator frame,1,SG3a1,Cu lead,,,,,,,,1.5000,-217.009 -516.243 116.000,-217.009 -516.243 -67.000,1293.5508
SG3a1_lead_5b,"node-1 / SG3a1_lead_5b - SG3a1 lead 5 (node 1): into the ND1 rim, in ND1 [Cu lead, stator]",node-1 - Node 1: ND1 - A-rail: C1 stator plate + Ca counter-electrode,gap-lead,rod,ND1,1,SG3a1,Cu lead,,,,,,,,1.5000,-217.009 -516.243 -67.000,-193.758 -460.932 -67.000,424.1150
SG3a1_lead_5c,"node-1 / SG3a1_lead_5c - SG3a1 lead 5 (node 1): in ND1: radial to r377 at 247.2 deg, in ND1 [Cu lead, stator]",node-1 - Node 1: ND1 - A-rail: C1 stator plate + Ca counter-electrode,gap-lead,rod,ND1,1,SG3a1,Cu lead,,,,,,,,1.5000,-193.758 -460.932 -67.000,-146.093 -347.542 -67.000,869.4358
SG3a1_lead_5d,"node-1 / SG3a1_lead_5d - SG3a1 lead 5 (node 1): in ND1: under Ca_counter to 235.47 deg, in ND1 [Cu lead, stator]",node-1 - Node 1: ND1 - A-rail: C1 stator plate + Ca counter-electrode,gap-lead,rod,ND1,1,SG3a1,Cu lead,,,,,,,,1.5000,-146.093 -347.542 -67.000,-180.848 -330.792 -67.000,272.7097
SG3a1_lead_5e,"node-1 / SG3a1_lead_5e - SG3a1 lead 5 (node 1): in ND1: under Ca_counter to 235.47 deg, in ND1 [Cu lead, stator]",node-1 - Node 1: ND1 - A-rail: C1 stator plate + Ca counter-electrode,gap-lead,rod,ND1,1,SG3a1,Cu lead,,,,,,,,1.5000,-180.848 -330.792 -67.000,-213.708 -310.577 -67.000,272.7097
SG3a1_lead_5f,"node-1 / SG3a1_lead_5f - SG3a1 lead 5 (node 1): in ND1: riser to Ca_counter (node 1), in ND1 [Cu lead, stator]",node-1 - Node 1: ND1 - A-rail: C1 stator plate + Ca counter-electrode,gap-lead,rod,ND1,1,SG3a1,Cu lead,,,,,,,,1.5000,-213.708 -310.577 -67.000,-213.708 -310.577 -71.250,30.0415
SG3a1_sph_6,"node-1 / SG3a1_sph_6 - SG3a1 stator sphere 6 of 6 (load), node 1, 12 mm W-Cu at r421.25 307.2 deg on a radial arm in from the stator frame R560, at the tip height beside its path (horizontal gap), gap 4.75 mm to the island bar 7 tip - fed from ND1 by a CROSSOVER over the stator, in stator frame [W-Cu sphere, stator]",node-1 - Node 1: ND1 - A-rail: C1 stator plate + Ca counter-electrode,gap-stator,sphere,stator frame,1,SG3a1,W-Cu sphere,,,,,,,254.687 -335.538 116.000,6.0000,,,904.7787
SG3a1_stem_6,"node-1 / SG3a1_stem_6 - SG3a1 arm 6 (node 1): radial, sphere centre out to the stator frame R560, in stator frame [Cu stem, stator]",node-1 - Node 1: ND1 - A-rail: C1 stator plate + Ca counter-electrode,gap-stem,rod,stator frame,1,SG3a1,Cu stem,,,,,,,,3.0000,254.687 -335.538 116.000,338.576 -446.057 116.000,3923.0638
SG3a1_lead_6a,"node-1 / SG3a1_lead_6a - SG3a1 lead 6 (node 1): along the frame R560 to ND1 - CROSSOVER over the stator, in stator frame [Cu lead, stator]",node-1 - Node 1: ND1 - A-rail: C1 stator plate + Ca counter-electrode,gap-lead,rod,stator frame,1,SG3a1,Cu lead,,,,,,,,1.5000,338.576 -446.057 116.000,338.576 -446.057 -67.000,1293.5508
SG3a1_lead_6b,"node-1 / SG3a1_lead_6b - SG3a1 lead 6 (node 1): into the ND1 rim, in ND1 [Cu lead, stator]",node-1 - Node 1: ND1 - A-rail: C1 stator plate + Ca counter-electrode,gap-lead,rod,ND1,1,SG3a1,Cu lead,,,,,,,,1.5000,338.576 -446.057 -67.000,302.300 -398.265 -67.000,424.1150
SG3a1_lead_6c,"node-1 / SG3a1_lead_6c - SG3a1 lead 6 (node 1): in ND1: radial to r377 at 307.2 deg, in ND1 [Cu lead, stator]",node-1 - Node 1: ND1 - A-rail: C1 stator plate + Ca counter-electrode,gap-lead,rod,ND1,1,SG3a1,Cu lead,,,,,,,,1.5000,302.300 -398.265 -67.000,227.934 -300.292 -67.000,869.4358
SG3a1_lead_6d,"node-1 / SG3a1_lead_6d - SG3a1 lead 6 (node 1): in ND1: under Ca_counter to 295.47 deg, in ND1 [Cu lead, stator]",node-1 - Node 1: ND1 - A-rail: C1 stator plate + Ca counter-electrode,gap-lead,rod,ND1,1,SG3a1,Cu lead,,,,,,,,1.5000,227.934 -300.292 -67.000,196.050 -322.015 -67.000,272.7097
SG3a1_lead_6e,"node-1 / SG3a1_lead_6e - SG3a1 lead 6 (node 1): in ND1: under Ca_counter to 295.47 deg, in ND1 [Cu lead, stator]",node-1 - Node 1: ND1 - A-rail: C1 stator plate + Ca counter-electrode,gap-lead,rod,ND1,1,SG3a1,Cu lead,,,,,,,,1.5000,196.050 -322.015 -67.000,162.113 -340.365 -67.000,272.7097
SG3a1_lead_6f,"node-1 / SG3a1_lead_6f - SG3a1 lead 6 (node 1): in ND1: riser to Ca_counter (node 1), in ND1 [Cu lead, stator]",node-1 - Node 1: ND1 - A-rail: C1 stator plate + Ca counter-electrode,gap-lead,rod,ND1,1,SG3a1,Cu lead,,,,,,,,1.5000,162.113 -340.365 -67.000,162.113 -340.365 -71.250,30.0415
SG3b1_sph_1,"node-3 / SG3b1_sph_1 - SG3b1 stator sphere 1 of 6 (fire), node 3, 12 mm W-Cu at r404.5 16.05 deg on a radial stem out of the ND3 rim r390, centre 19.9 mm below its Cx face, under the tip path (vertical gap), gap 5.5 mm to the island bar 7 tip, in ND3 [W-Cu sphere, stator]",node-3 - Node 3: ND3 - BR bank: Cb electrode,gap-stator,sphere,ND3,3,SG3b1,W-Cu sphere,,,,,,,388.733 111.835 98.500,6.0000,,,904.7787
SG3b1_stem_1,"node-3 / SG3b1_stem_1 - SG3b1 stem 1 (node 3): radial, sphere centre into the ND3 rim (seated 3 mm), in ND3 [Cu stem, stator]",node-3 - Node 3: ND3 - BR bank: Cb electrode,gap-stem,rod,ND3,3,SG3b1,Cu stem,,,,,,,,3.0000,388.733 111.835 98.500,371.915 106.996 98.500,494.8008
SG3b1_lead_1a,"node-3 / SG3b1_lead_1a - SG3b1 lead 1 (node 3): in ND3: radial in to r372 under Cb_el, in ND3 [Cu lead, stator]",node-3 - Node 3: ND3 - BR bank: Cb electrode,gap-lead,rod,ND3,3,SG3b1,Cu lead,,,,,,,,1.5000,371.915 106.996 98.500,357.500 102.849 98.500,106.0288
SG3b1_lead_1b,"node-3 / SG3b1_lead_1b - SG3b1 lead 1 (node 3): in ND3: riser to Cb_el (node 3), in ND3 [Cu lead, stator]",node-3 - Node 3: ND3 - BR bank: Cb electrode,gap-lead,rod,ND3,3,SG3b1,Cu lead,,,,,,,,1.5000,357.500 102.849 98.500,357.500 102.849 76.750,153.7417
SG3b1_sph_2,"node-3 / SG3b1_sph_2 - SG3b1 stator sphere 2 of 6 (fire), node 3, 12 mm W-Cu at r404.5 76.05 deg on a radial stem out of the ND3 rim r390, centre 19.9 mm below its Cx face, under the tip path (vertical gap), gap 5.5 mm to the island bar 7 tip, in ND3 [W-Cu sphere, stator]",node-3 - Node 3: ND3 - BR bank: Cb electrode,gap-stator,sphere,ND3,3,SG3b1,W-Cu sphere,,,,,,,97.515 392.570 98.500,6.0000,,,904.7787
SG3b1_stem_2,"node-3 / SG3b1_stem_2 - SG3b1 stem 2 (node 3): radial, sphere centre into the ND3 rim (seated 3 mm), in ND3 [Cu stem, stator]",node-3 - Node 3: ND3 - BR bank: Cb electrode,gap-stem,rod,ND3,3,SG3b1,Cu stem,,,,,,,,3.0000,97.515 392.570 98.500,93.296 375.586 98.500,494.8008
SG3b1_lead_2a,"node-3 / SG3b1_lead_2a - SG3b1 lead 2 (node 3): in ND3: radial in to r372 under Cb_el, in ND3 [Cu lead, stator]",node-3 - Node 3: ND3 - BR bank: Cb electrode,gap-lead,rod,ND3,3,SG3b1,Cu lead,,,,,,,,1.5000,93.296 375.586 98.500,89.680 361.028 98.500,106.0288
SG3b1_lead_2b,"node-3 / SG3b1_lead_2b - SG3b1 lead 2 (node 3): in ND3: riser to Cb_el (node 3), in ND3 [Cu lead, stator]",node-3 - Node 3: ND3 - BR bank: Cb electrode,gap-lead,rod,ND3,3,SG3b1,Cu lead,,,,,,,,1.5000,89.680 361.028 98.500,89.680 361.028 76.750,153.7417
SG3b1_sph_3,"node-3 / SG3b1_sph_3 - SG3b1 stator sphere 3 of 6 (fire), node 3, 12 mm W-Cu at r404.5 136.05 deg on a radial stem out of the ND3 rim r390, centre 19.9 mm below its Cx face, under the tip path (vertical gap), gap 5.5 mm to the island bar 7 tip, in ND3 [W-Cu sphere, stator]",node-3 - Node 3: ND3 - BR bank: Cb electrode,gap-stator,sphere,ND3,3,SG3b1,W-Cu sphere,,,,,,,-291.218 280.735 98.500,6.0000,,,904.7787
SG3b1_stem_3,"node-3 / SG3b1_stem_3 - SG3b1 stem 3 (node 3): radial, sphere centre into the ND3 rim (seated 3 mm), in ND3 [Cu stem, stator]",node-3 - Node 3: ND3 - BR bank: Cb electrode,gap-stem,rod,ND3,3,SG3b1,Cu stem,,,,,,,,3.0000,-291.218 280.735 98.500,-278.619 268.590 98.500,494.8008
SG3b1_lead_3a,"node-3 / SG3b1_lead_3a - SG3b1 lead 3 (node 3): in ND3: radial in to r372 under Cb_el, in ND3 [Cu lead, stator]",node-3 - Node 3: ND3 - BR bank: Cb electrode,gap-lead,rod,ND3,3,SG3b1,Cu lead,,,,,,,,1.5000,-278.619 268.590 98.500,-267.820 258.179 98.500,106.0288
SG3b1_lead_3b,"node-3 / SG3b1_lead_3b - SG3b1 lead 3 (node 3): in ND3: riser to Cb_el (node 3), in ND3 [Cu lead, stator]",node-3 - Node 3: ND3 - BR bank: Cb electrode,gap-lead,rod,ND3,3,SG3b1,Cu lead,,,,,,,,1.5000,-267.820 258.179 98.500,-267.820 258.179 76.750,153.7417
SG3b1_sph_4,"node-3 / SG3b1_sph_4 - SG3b1 stator sphere 4 of 6 (fire), node 3, 12 mm W-Cu at r404.5 196.05 deg on a radial stem out of the ND3 rim r390, centre 19.9 mm below its Cx face, under the tip path (vertical gap), gap 5.5 mm to the island bar 7 tip, in ND3 [W-Cu sphere, stator]",node-3 - Node 3: ND3 - BR bank: Cb electrode,gap-stator,sphere,ND3,3,SG3b1,W-Cu sphere,,,,,,,-388.733 -111.835 98.500,6.0000,,,904.7787
SG3b1_stem_4,"node-3 / SG3b1_stem_4 - SG3b1 stem 4 (node 3): radial, sphere centre into the ND3 rim (seated 3 mm), in ND3 [Cu stem, stator]",node-3 - Node 3: ND3 - BR bank: Cb electrode,gap-stem,rod,ND3,3,SG3b1,Cu stem,,,,,,,,3.0000,-388.733 -111.835 98.500,-371.915 -106.996 98.500,494.8008
SG3b1_lead_4a,"node-3 / SG3b1_lead_4a - SG3b1 lead 4 (node 3): in ND3: radial in to r372 under Cb_el, in ND3 [Cu lead, stator]",node-3 - Node 3: ND3 - BR bank: Cb electrode,gap-lead,rod,ND3,3,SG3b1,Cu lead,,,,,,,,1.5000,-371.915 -106.996 98.500,-357.500 -102.849 98.500,106.0288
SG3b1_lead_4b,"node-3 / SG3b1_lead_4b - SG3b1 lead 4 (node 3): in ND3: riser to Cb_el (node 3), in ND3 [Cu lead, stator]",node-3 - Node 3: ND3 - BR bank: Cb electrode,gap-lead,rod,ND3,3,SG3b1,Cu lead,,,,,,,,1.5000,-357.500 -102.849 98.500,-357.500 -102.849 76.750,153.7417
SG3b1_sph_5,"node-3 / SG3b1_sph_5 - SG3b1 stator sphere 5 of 6 (fire), node 3, 12 mm W-Cu at r404.5 256.05 deg on a radial stem out of the ND3 rim r390, centre 19.9 mm below its Cx face, under the tip path (vertical gap), gap 5.5 mm to the island bar 7 tip, in ND3 [W-Cu sphere, stator]",node-3 - Node 3: ND3 - BR bank: Cb electrode,gap-stator,sphere,ND3,3,SG3b1,W-Cu sphere,,,,,,,-97.515 -392.570 98.500,6.0000,,,904.7787
SG3b1_stem_5,"node-3 / SG3b1_stem_5 - SG3b1 stem 5 (node 3): radial, sphere centre into the ND3 rim (seated 3 mm), in ND3 [Cu stem, stator]",node-3 - Node 3: ND3 - BR bank: Cb electrode,gap-stem,rod,ND3,3,SG3b1,Cu stem,,,,,,,,3.0000,-97.515 -392.570 98.500,-93.296 -375.586 98.500,494.8008
SG3b1_lead_5a,"node-3 / SG3b1_lead_5a - SG3b1 lead 5 (node 3): in ND3: radial in to r372 under Cb_el, in ND3 [Cu lead, stator]",node-3 - Node 3: ND3 - BR bank: Cb electrode,gap-lead,rod,ND3,3,SG3b1,Cu lead,,,,,,,,1.5000,-93.296 -375.586 98.500,-89.680 -361.028 98.500,106.0288
SG3b1_lead_5b,"node-3 / SG3b1_lead_5b - SG3b1 lead 5 (node 3): in ND3: riser to Cb_el (node 3), in ND3 [Cu lead, stator]",node-3 - Node 3: ND3 - BR bank: Cb electrode,gap-lead,rod,ND3,3,SG3b1,Cu lead,,,,,,,,1.5000,-89.680 -361.028 98.500,-89.680 -361.028 76.750,153.7417
SG3b1_sph_6,"node-3 / SG3b1_sph_6 - SG3b1 stator sphere 6 of 6 (fire), node 3, 12 mm W-Cu at r404.5 316.05 deg on a radial stem out of the ND3 rim r390, centre 19.9 mm below its Cx face, under the tip path (vertical gap), gap 5.5 mm to the island bar 7 tip, in ND3 [W-Cu sphere, stator]",node-3 - Node 3: ND3 - BR bank: Cb electrode,gap-stator,sphere,ND3,3,SG3b1,W-Cu sphere,,,,,,,291.218 -280.735 98.500,6.0000,,,904.7787
SG3b1_stem_6,"node-3 / SG3b1_stem_6 - SG3b1 stem 6 (node 3): radial, sphere centre into the ND3 rim (seated 3 mm), in ND3 [Cu stem, stator]",node-3 - Node 3: ND3 - BR bank: Cb electrode,gap-stem,rod,ND3,3,SG3b1,Cu stem,,,,,,,,3.0000,291.218 -280.735 98.500,278.619 -268.590 98.500,494.8008
SG3b1_lead_6a,"node-3 / SG3b1_lead_6a - SG3b1 lead 6 (node 3): in ND3: radial in to r372 under Cb_el, in ND3 [Cu lead, stator]",node-3 - Node 3: ND3 - BR bank: Cb electrode,gap-lead,rod,ND3,3,SG3b1,Cu lead,,,,,,,,1.5000,278.619 -268.590 98.500,267.820 -258.179 98.500,106.0288
SG3b1_lead_6b,"node-3 / SG3b1_lead_6b - SG3b1 lead 6 (node 3): in ND3: riser to Cb_el (node 3), in ND3 [Cu lead, stator]",node-3 - Node 3: ND3 - BR bank: Cb electrode,gap-lead,rod,ND3,3,SG3b1,Cu lead,,,,,,,,1.5000,267.820 -258.179 98.500,267.820 -258.179 76.750,153.7417
BS3_sph_1,"node-3 / BS3_sph_1 - BS3 stator sphere 1 of 6 (backstop), node 3, 25 mm polished at r404.5 19 deg on a radial stem out of the ND3 rim r390, centre 26.4 mm below its Cx face, under the tip path (vertical gap), gap 5.5 mm to the island bar 7 tip, in ND3 [polished sphere, stator]",node-3 - Node 3: ND3 - BR bank: Cb electrode,gap-stator,sphere,ND3,3,BS3,polished sphere,,,,,,,382.462 131.692 92.000,12.5000,,,8181.2309
BS3_stem_1,"node-3 / BS3_stem_1 - BS3 stem 1 (node 3): radial, sphere centre into the ND3 rim (seated 3 mm), in ND3 [Cu stem, stator]",node-3 - Node 3: ND3 - BR bank: Cb electrode,gap-stem,rod,ND3,3,BS3,Cu stem,,,,,,,,3.0000,382.462 131.692 92.000,365.916 125.995 92.000,494.8008
BS3_lead_1a,"node-3 / BS3_lead_1a - BS3 lead 1 (node 3): in ND3: radial in to r372 under Cb_el, in ND3 [Cu lead, stator]",node-3 - Node 3: ND3 - BR bank: Cb electrode,gap-lead,rod,ND3,3,BS3,Cu lead,,,,,,,,1.5000,365.916 125.995 92.000,351.733 121.111 92.000,106.0288
BS3_lead_1b,"node-3 / BS3_lead_1b - BS3 lead 1 (node 3): in ND3: riser to Cb_el (node 3), in ND3 [Cu lead, stator]",node-3 - Node 3: ND3 - BR bank: Cb electrode,gap-lead,rod,ND3,3,BS3,Cu lead,,,,,,,,1.5000,351.733 121.111 92.000,351.733 121.111 76.750,107.7959
BS3_sph_2,"node-3 / BS3_sph_2 - BS3 stator sphere 2 of 6 (backstop), node 3, 25 mm polished at r404.5 79 deg on a radial stem out of the ND3 rim r390, centre 26.4 mm below its Cx face, under the tip path (vertical gap), gap 5.5 mm to the island bar 7 tip, in ND3 [polished sphere, stator]",node-3 - Node 3: ND3 - BR bank: Cb electrode,gap-stator,sphere,ND3,3,BS3,polished sphere,,,,,,,77.182 397.068 92.000,12.5000,,,8181.2309
BS3_stem_2,"node-3 / BS3_stem_2 - BS3 stem 2 (node 3): radial, sphere centre into the ND3 rim (seated 3 mm), in ND3 [Cu stem, stator]",node-3 - Node 3: ND3 - BR bank: Cb electrode,gap-stem,rod,ND3,3,BS3,Cu stem,,,,,,,,3.0000,77.182 397.068 92.000,73.843 379.890 92.000,494.8008
BS3_lead_2a,"node-3 / BS3_lead_2a - BS3 lead 2 (node 3): in ND3: radial in to r372 under Cb_el, in ND3 [Cu lead, stator]",node-3 - Node 3: ND3 - BR bank: Cb electrode,gap-lead,rod,ND3,3,BS3,Cu lead,,,,,,,,1.5000,73.843 379.890 92.000,70.981 365.165 92.000,106.0288
BS3_lead_2b,"node-3 / BS3_lead_2b - BS3 lead 2 (node 3): in ND3: riser to Cb_el (node 3), in ND3 [Cu lead, stator]",node-3 - Node 3: ND3 - BR bank: Cb electrode,gap-lead,rod,ND3,3,BS3,Cu lead,,,,,,,,1.5000,70.981 365.165 92.000,70.981 365.165 76.750,107.7959
BS3_sph_3,"node-3 / BS3_sph_3 - BS3 stator sphere 3 of 6 (backstop), node 3, 25 mm polished at r404.5 139 deg on a radial stem out of the ND3 rim r390, centre 26.4 mm below its Cx face, under the tip path (vertical gap), gap 5.5 mm to the island bar 7 tip, in ND3 [polished sphere, stator]",node-3 - Node 3: ND3 - BR bank: Cb electrode,gap-stator,sphere,ND3,3,BS3,polished sphere,,,,,,,-305.280 265.376 92.000,12.5000,,,8181.2309
BS3_stem_3,"node-3 / BS3_stem_3 - BS3 stem 3 (node 3): radial, sphere centre into the ND3 rim (seated 3 mm), in ND3 [Cu stem, stator]",node-3 - Node 3: ND3 - BR bank: Cb electrode,gap-stem,rod,ND3,3,BS3,Cu stem,,,,,,,,3.0000,-305.280 265.376 92.000,-292.073 253.895 92.000,494.8008
BS3_lead_3a,"node-3 / BS3_lead_3a - BS3 lead 3 (node 3): in ND3: radial in to r372 under Cb_el, in ND3 [Cu lead, stator]",node-3 - Node 3: ND3 - BR bank: Cb electrode,gap-lead,rod,ND3,3,BS3,Cu lead,,,,,,,,1.5000,-292.073 253.895 92.000,-280.752 244.054 92.000,106.0288
BS3_lead_3b,"node-3 / BS3_lead_3b - BS3 lead 3 (node 3): in ND3: riser to Cb_el (node 3), in ND3 [Cu lead, stator]",node-3 - Node 3: ND3 - BR bank: Cb electrode,gap-lead,rod,ND3,3,BS3,Cu lead,,,,,,,,1.5000,-280.752 244.054 92.000,-280.752 244.054 76.750,107.7959
BS3_sph_4,"node-3 / BS3_sph_4 - BS3 stator sphere 4 of 6 (backstop), node 3, 25 mm polished at r404.5 199 deg on a radial stem out of the ND3 rim r390, centre 26.4 mm below its Cx face, under the tip path (vertical gap), gap 5.5 mm to the island bar 7 tip, in ND3 [polished sphere, stator]",node-3 - Node 3: ND3 - BR bank: Cb electrode,gap-stator,sphere,ND3,3,BS3,polished sphere,,,,,,,-382.462 -131.692 92.000,12.5000,,,8181.2309
BS3_stem_4,"node-3 / BS3_stem_4 - BS3 stem 4 (node 3): radial, sphere centre into the ND3 rim (seated 3 mm), in ND3 [Cu stem, stator]",node-3 - Node 3: ND3 - BR bank: Cb electrode,gap-stem,rod,ND3,3,BS3,Cu stem,,,,,,,,3.0000,-382.462 -131.692 92.000,-365.916 -125.995 92.000,494.8008
BS3_lead_4a,"node-3 / BS3_lead_4a - BS3 lead 4 (node 3): in ND3: radial in to r372 under Cb_el, in ND3 [Cu lead, stator]",node-3 - Node 3: ND3 - BR bank: Cb electrode,gap-lead,rod,ND3,3,BS3,Cu lead,,,,,,,,1.5000,-365.916 -125.995 92.000,-351.733 -121.111 92.000,106.0288
BS3_lead_4b,"node-3 / BS3_lead_4b - BS3 lead 4 (node 3): in ND3: riser to Cb_el (node 3), in ND3 [Cu lead, stator]",node-3 - Node 3: ND3 - BR bank: Cb electrode,gap-lead,rod,ND3,3,BS3,Cu lead,,,,,,,,1.5000,-351.733 -121.111 92.000,-351.733 -121.111 76.750,107.7959
BS3_sph_5,"node-3 / BS3_sph_5 - BS3 stator sphere 5 of 6 (backstop), node 3, 25 mm polished at r404.5 259 deg on a radial stem out of the ND3 rim r390, centre 26.4 mm below its Cx face, under the tip path (vertical gap), gap 5.5 mm to the island bar 7 tip, in ND3 [polished sphere, stator]",node-3 - Node 3: ND3 - BR bank: Cb electrode,gap-stator,sphere,ND3,3,BS3,polished sphere,,,,,,,-77.182 -397.068 92.000,12.5000,,,8181.2309
BS3_stem_5,"node-3 / BS3_stem_5 - BS3 stem 5 (node 3): radial, sphere centre into the ND3 rim (seated 3 mm), in ND3 [Cu stem, stator]",node-3 - Node 3: ND3 - BR bank: Cb electrode,gap-stem,rod,ND3,3,BS3,Cu stem,,,,,,,,3.0000,-77.182 -397.068 92.000,-73.843 -379.890 92.000,494.8008
BS3_lead_5a,"node-3 / BS3_lead_5a - BS3 lead 5 (node 3): in ND3: radial in to r372 under Cb_el, in ND3 [Cu lead, stator]",node-3 - Node 3: ND3 - BR bank: Cb electrode,gap-lead,rod,ND3,3,BS3,Cu lead,,,,,,,,1.5000,-73.843 -379.890 92.000,-70.981 -365.165 92.000,106.0288
BS3_lead_5b,"node-3 / BS3_lead_5b - BS3 lead 5 (node 3): in ND3: riser to Cb_el (node 3), in ND3 [Cu lead, stator]",node-3 - Node 3: ND3 - BR bank: Cb electrode,gap-lead,rod,ND3,3,BS3,Cu lead,,,,,,,,1.5000,-70.981 -365.165 92.000,-70.981 -365.165 76.750,107.7959
BS3_sph_6,"node-3 / BS3_sph_6 - BS3 stator sphere 6 of 6 (backstop), node 3, 25 mm polished at r404.5 319 deg on a radial stem out of the ND3 rim r390, centre 26.4 mm below its Cx face, under the tip path (vertical gap), gap 5.5 mm to the island bar 7 tip, in ND3 [polished sphere, stator]",node-3 - Node 3: ND3 - BR bank: Cb electrode,gap-stator,sphere,ND3,3,BS3,polished sphere,,,,,,,305.280 -265.376 92.000,12.5000,,,8181.2309
BS3_stem_6,"node-3 / BS3_stem_6 - BS3 stem 6 (node 3): radial, sphere centre into the ND3 rim (seated 3 mm), in ND3 [Cu stem, stator]",node-3 - Node 3: ND3 - BR bank: Cb electrode,gap-stem,rod,ND3,3,BS3,Cu stem,,,,,,,,3.0000,305.280 -265.376 92.000,292.073 -253.895 92.000,494.8008
BS3_lead_6a,"node-3 / BS3_lead_6a - BS3 lead 6 (node 3): in ND3: radial in to r372 under Cb_el, in ND3 [Cu lead, stator]",node-3 - Node 3: ND3 - BR bank: Cb electrode,gap-lead,rod,ND3,3,BS3,Cu lead,,,,,,,,1.5000,292.073 -253.895 92.000,280.752 -244.054 92.000,106.0288
BS3_lead_6b,"node-3 / BS3_lead_6b - BS3 lead 6 (node 3): in ND3: riser to Cb_el (node 3), in ND3 [Cu lead, stator]",node-3 - Node 3: ND3 - BR bank: Cb electrode,gap-lead,rod,ND3,3,BS3,Cu lead,,,,,,,,1.5000,280.752 -244.054 92.000,280.752 -244.054 76.750,107.7959
bartip_A_1,"node-8 / bartip_A_1 - island bar tip 1 of 6 (node 8, rotor A), 12 mm W-Cu sphere hanging from A-flange at r404.5 15 deg outside the ND2 rim r390, its bottom 14 mm below the face, in A-flange [W-Cu sphere, rotor A]",node-8 - Node 8: ND8 - island on rotor A (Cx4 bars),gap-rotor,sphere,A-flange,8,,W-Cu sphere,,,,,,,390.717 104.692 -116.000,6.0000,,,904.7787
bartip_A_stem_1,"node-8 / bartip_A_stem_1 - island bar tip 1 stem (node 8): sphere centre to the lead plane in A-flange, in A-flange [Cu stem, rotor A]",node-8 - Node 8: ND8 - island on rotor A (Cx4 bars),gap-stem,rod,A-flange,8,,Cu stem,,,,,,,,3.0000,390.717 104.692 -116.000,390.717 104.692 -147.700,896.2964
bartip_A_lead_1a,"node-8 / bartip_A_lead_1a - island bar tip 1 lead (node 8): in A-flange: round the chord ring to 30.59 deg, in A-flange [Cu lead, rotor A]",node-8 - Node 8: ND8 - island on rotor A (Cx4 bars),gap-lead,rod,A-flange,8,,Cu lead,,,,,,,,1.5000,390.717 104.692 -147.700,372.908 156.717 -147.700,388.6907
bartip_A_lead_1b,"node-8 / bartip_A_lead_1b - island bar tip 1 lead (node 8): in A-flange: round the chord ring to 30.59 deg, in A-flange [Cu lead, rotor A]",node-8 - Node 8: ND8 - island on rotor A (Cx4 bars),gap-lead,rod,A-flange,8,,Cu lead,,,,,,,,1.5000,372.908 156.717 -147.700,348.207 205.845 -147.700,388.6907
bartip_A_lead_1c,"node-8 / bartip_A_lead_1c - island bar tip 1 lead (node 8): in A-flange: radial to r340 at 30.59 deg, in A-flange [Cu lead, rotor A]",node-8 - Node 8: ND8 - island on rotor A (Cx4 bars),gap-lead,rod,A-flange,8,,Cu lead,,,,,,,,1.5000,348.207 205.845 -147.700,292.683 173.022 -147.700,455.9236
bartip_A_lead_1d,"node-8 / bartip_A_lead_1d - island bar tip 1 lead (node 8): in A-flange: under Cx4_bars to 29.41 deg, in A-flange [Cu lead, rotor A]",node-8 - Node 8: ND8 - island on rotor A (Cx4 bars),gap-lead,rod,A-flange,8,,Cu lead,,,,,,,,1.5000,292.683 173.022 -147.700,296.183 166.960 -147.700,49.4792
bartip_A_lead_1e,"node-8 / bartip_A_lead_1e - island bar tip 1 lead (node 8): in A-flange: riser to Cx4_bars (node 8), in A-flange [Cu lead, rotor A]",node-8 - Node 8: ND8 - island on rotor A (Cx4 bars),gap-lead,rod,A-flange,8,,Cu lead,,,,,,,,1.5000,296.183 166.960 -147.700,296.183 166.960 -142.700,35.3429
bartip_A_2,"node-8 / bartip_A_2 - island bar tip 2 of 6 (node 8, rotor A), 12 mm W-Cu sphere hanging from A-flange at r404.5 75 deg outside the ND2 rim r390, its bottom 14 mm below the face, in A-flange [W-Cu sphere, rotor A]",node-8 - Node 8: ND8 - island on rotor A (Cx4 bars),gap-rotor,sphere,A-flange,8,,W-Cu sphere,,,,,,,104.692 390.717 -116.000,6.0000,,,904.7787
bartip_A_stem_2,"node-8 / bartip_A_stem_2 - island bar tip 2 stem (node 8): sphere centre to the lead plane in A-flange, in A-flange [Cu stem, rotor A]",node-8 - Node 8: ND8 - island on rotor A (Cx4 bars),gap-stem,rod,A-flange,8,,Cu stem,,,,,,,,3.0000,104.692 390.717 -116.000,104.692 390.717 -147.700,896.2964
bartip_A_lead_2a,"node-8 / bartip_A_lead_2a - island bar tip 2 lead (node 8): in A-flange: round the chord ring to 59.41 deg, in A-flange [Cu lead, rotor A]",node-8 - Node 8: ND8 - island on rotor A (Cx4 bars),gap-lead,rod,A-flange,8,,Cu lead,,,,,,,,1.5000,104.692 390.717 -147.700,156.717 372.908 -147.700,388.6907
bartip_A_lead_2b,"node-8 / bartip_A_lead_2b - island bar tip 2 lead (node 8): in A-flange: round the chord ring to 59.41 deg, in A-flange [Cu lead, rotor A]",node-8 - Node 8: ND8 - island on rotor A (Cx4 bars),gap-lead,rod,A-flange,8,,Cu lead,,,,,,,,1.5000,156.717 372.908 -147.700,205.845 348.207 -147.700,388.6907
bartip_A_lead_2c,"node-8 / bartip_A_lead_2c - island bar tip 2 lead (node 8): in A-flange: radial to r340 at 59.41 deg, in A-flange [Cu lead, rotor A]",node-8 - Node 8: ND8 - island on rotor A (Cx4 bars),gap-lead,rod,A-flange,8,,Cu lead,,,,,,,,1.5000,205.845 348.207 -147.700,173.022 292.683 -147.700,455.9236
bartip_A_lead_2d,"node-8 / bartip_A_lead_2d - island bar tip 2 lead (node 8): in A-flange: under Cx4_bars to 60.59 deg, in A-flange [Cu lead, rotor A]",node-8 - Node 8: ND8 - island on rotor A (Cx4 bars),gap-lead,rod,A-flange,8,,Cu lead,,,,,,,,1.5000,173.022 292.683 -147.700,166.960 296.183 -147.700,49.4792
bartip_A_lead_2e,"node-8 / bartip_A_lead_2e - island bar tip 2 lead (node 8): in A-flange: riser to Cx4_bars (node 8), in A-flange [Cu lead, rotor A]",node-8 - Node 8: ND8 - island on rotor A (Cx4 bars),gap-lead,rod,A-flange,8,,Cu lead,,,,,,,,1.5000,166.960 296.183 -147.700,166.960 296.183 -142.700,35.3429
bartip_A_3,"node-8 / bartip_A_3 - island bar tip 3 of 6 (node 8, rotor A), 12 mm W-Cu sphere hanging from A-flange at r404.5 135 deg outside the ND2 rim r390, its bottom 14 mm below the face, in A-flange [W-Cu sphere, rotor A]",node-8 - Node 8: ND8 - island on rotor A (Cx4 bars),gap-rotor,sphere,A-flange,8,,W-Cu sphere,,,,,,,-286.025 286.025 -116.000,6.0000,,,904.7787
bartip_A_stem_3,"node-8 / bartip_A_stem_3 - island bar tip 3 stem (node 8): sphere centre to the lead plane in A-flange, in A-flange [Cu stem, rotor A]",node-8 - Node 8: ND8 - island on rotor A (Cx4 bars),gap-stem,rod,A-flange,8,,Cu stem,,,,,,,,3.0000,-286.025 286.025 -116.000,-286.025 286.025 -147.700,896.2964
bartip_A_lead_3a,"node-8 / bartip_A_lead_3a - island bar tip 3 lead (node 8): in A-flange: round the chord ring to 119.41 deg, in A-flange [Cu lead, rotor A]",node-8 - Node 8: ND8 - island on rotor A (Cx4 bars),gap-lead,rod,A-flange,8,,Cu lead,,,,,,,,1.5000,-286.025 286.025 -147.700,-244.589 322.175 -147.700,388.6907
bartip_A_lead_3b,"node-8 / bartip_A_lead_3b - island bar tip 3 lead (node 8): in A-flange: round the chord ring to 119.41 deg, in A-flange [Cu lead, rotor A]",node-8 - Node 8: ND8 - island on rotor A (Cx4 bars),gap-lead,rod,A-flange,8,,Cu lead,,,,,,,,1.5000,-244.589 322.175 -147.700,-198.633 352.371 -147.700,388.6907
bartip_A_lead_3c,"node-8 / bartip_A_lead_3c - island bar tip 3 lead (node 8): in A-flange: radial to r340 at 119.41 deg, in A-flange [Cu lead, rotor A]",node-8 - Node 8: ND8 - island on rotor A (Cx4 bars),gap-lead,rod,A-flange,8,,Cu lead,,,,,,,,1.5000,-198.633 352.371 -147.700,-166.960 296.183 -147.700,455.9236
bartip_A_lead_3d,"node-8 / bartip_A_lead_3d - island bar tip 3 lead (node 8): in A-flange: under Cx4_bars to 120.59 deg, in A-flange [Cu lead, rotor A]",node-8 - Node 8: ND8 - island on rotor A (Cx4 bars),gap-lead,rod,A-flange,8,,Cu lead,,,,,,,,1.5000,-166.960 296.183 -147.700,-173.022 292.683 -147.700,49.4792
bartip_A_lead_3e,"node-8 / bartip_A_lead_3e - island bar tip 3 lead (node 8): in A-flange: riser to Cx4_bars (node 8), in A-flange [Cu lead, rotor A]",node-8 - Node 8: ND8 - island on rotor A (Cx4 bars),gap-lead,rod,A-flange,8,,Cu lead,,,,,,,,1.5000,-173.022 292.683 -147.700,-173.022 292.683 -142.700,35.3429
bartip_A_4,"node-8 / bartip_A_4 - island bar tip 4 of 6 (node 8, rotor A), 12 mm W-Cu sphere hanging from A-flange at r404.5 195 deg outside the ND2 rim r390, its bottom 14 mm below the face, in A-flange [W-Cu sphere, rotor A]",node-8 - Node 8: ND8 - island on rotor A (Cx4 bars),gap-rotor,sphere,A-flange,8,,W-Cu sphere,,,,,,,-390.717 -104.692 -116.000,6.0000,,,904.7787
bartip_A_stem_4,"node-8 / bartip_A_stem_4 - island bar tip 4 stem (node 8): sphere centre to the lead plane in A-flange, in A-flange [Cu stem, rotor A]",node-8 - Node 8: ND8 - island on rotor A (Cx4 bars),gap-stem,rod,A-flange,8,,Cu stem,,,,,,,,3.0000,-390.717 -104.692 -116.000,-390.717 -104.692 -147.700,896.2964
bartip_A_lead_4a,"node-8 / bartip_A_lead_4a - island bar tip 4 lead (node 8): in A-flange: round the chord ring to 179.41 deg, in A-flange [Cu lead, rotor A]",node-8 - Node 8: ND8 - island on rotor A (Cx4 bars),gap-lead,rod,A-flange,8,,Cu lead,,,,,,,,1.5000,-390.717 -104.692 -147.700,-401.306 -50.733 -147.700,388.6907
bartip_A_lead_4b,"node-8 / bartip_A_lead_4b - island bar tip 4 lead (node 8): in A-flange: round the chord ring to 179.41 deg, in A-flange [Cu lead, rotor A]",node-8 - Node 8: ND8 - island on rotor A (Cx4 bars),gap-lead,rod,A-flange,8,,Cu lead,,,,,,,,1.5000,-401.306 -50.733 -147.700,-404.479 4.164 -147.700,388.6907
bartip_A_lead_4c,"node-8 / bartip_A_lead_4c - island bar tip 4 lead (node 8): in A-flange: radial to r340 at 179.41 deg, in A-flange [Cu lead, rotor A]",node-8 - Node 8: ND8 - island on rotor A (Cx4 bars),gap-lead,rod,A-flange,8,,Cu lead,,,,,,,,1.5000,-404.479 4.164 -147.700,-339.982 3.500 -147.700,455.9236
bartip_A_lead_4d,"node-8 / bartip_A_lead_4d - island bar tip 4 lead (node 8): in A-flange: under Cx4_bars to 180.59 deg, in A-flange [Cu lead, rotor A]",node-8 - Node 8: ND8 - island on rotor A (Cx4 bars),gap-lead,rod,A-flange,8,,Cu lead,,,,,,,,1.5000,-339.982 3.500 -147.700,-339.982 -3.500 -147.700,49.4792
bartip_A_lead_4e,"node-8 / bartip_A_lead_4e - island bar tip 4 lead (node 8): in A-flange: riser to Cx4_bars (node 8), in A-flange [Cu lead, rotor A]",node-8 - Node 8: ND8 - island on rotor A (Cx4 bars),gap-lead,rod,A-flange,8,,Cu lead,,,,,,,,1.5000,-339.982 -3.500 -147.700,-339.982 -3.500 -142.700,35.3429
bartip_A_5,"node-8 / bartip_A_5 - island bar tip 5 of 6 (node 8, rotor A), 12 mm W-Cu sphere hanging from A-flange at r404.5 255 deg outside the ND2 rim r390, its bottom 14 mm below the face, in A-flange [W-Cu sphere, rotor A]",node-8 - Node 8: ND8 - island on rotor A (Cx4 bars),gap-rotor,sphere,A-flange,8,,W-Cu sphere,,,,,,,-104.692 -390.717 -116.000,6.0000,,,904.7787
bartip_A_stem_5,"node-8 / bartip_A_stem_5 - island bar tip 5 stem (node 8): sphere centre to the lead plane in A-flange, in A-flange [Cu stem, rotor A]",node-8 - Node 8: ND8 - island on rotor A (Cx4 bars),gap-stem,rod,A-flange,8,,Cu stem,,,,,,,,3.0000,-104.692 -390.717 -116.000,-104.692 -390.717 -147.700,896.2964
bartip_A_lead_5a,"node-8 / bartip_A_lead_5a - island bar tip 5 lead (node 8): in A-flange: round the chord ring to 239.41 deg, in A-flange [Cu lead, rotor A]",node-8 - Node 8: ND8 - island on rotor A (Cx4 bars),gap-lead,rod,A-flange,8,,Cu lead,,,,,,,,1.5000,-104.692 -390.717 -147.700,-156.717 -372.908 -147.700,388.6907
bartip_A_lead_5b,"node-8 / bartip_A_lead_5b - island bar tip 5 lead (node 8): in A-flange: round the chord ring to 239.41 deg, in A-flange [Cu lead, rotor A]",node-8 - Node 8: ND8 - island on rotor A (Cx4 bars),gap-lead,rod,A-flange,8,,Cu lead,,,,,,,,1.5000,-156.717 -372.908 -147.700,-205.845 -348.207 -147.700,388.6907
bartip_A_lead_5c,"node-8 / bartip_A_lead_5c - island bar tip 5 lead (node 8): in A-flange: radial to r340 at 239.41 deg, in A-flange [Cu lead, rotor A]",node-8 - Node 8: ND8 - island on rotor A (Cx4 bars),gap-lead,rod,A-flange,8,,Cu lead,,,,,,,,1.5000,-205.845 -348.207 -147.700,-173.022 -292.683 -147.700,455.9236
bartip_A_lead_5d,"node-8 / bartip_A_lead_5d - island bar tip 5 lead (node 8): in A-flange: under Cx4_bars to 240.59 deg, in A-flange [Cu lead, rotor A]",node-8 - Node 8: ND8 - island on rotor A (Cx4 bars),gap-lead,rod,A-flange,8,,Cu lead,,,,,,,,1.5000,-173.022 -292.683 -147.700,-166.960 -296.183 -147.700,49.4792
bartip_A_lead_5e,"node-8 / bartip_A_lead_5e - island bar tip 5 lead (node 8): in A-flange: riser to Cx4_bars (node 8), in A-flange [Cu lead, rotor A]",node-8 - Node 8: ND8 - island on rotor A (Cx4 bars),gap-lead,rod,A-flange,8,,Cu lead,,,,,,,,1.5000,-166.960 -296.183 -147.700,-166.960 -296.183 -142.700,35.3429
bartip_A_6,"node-8 / bartip_A_6 - island bar tip 6 of 6 (node 8, rotor A), 12 mm W-Cu sphere hanging from A-flange at r404.5 315 deg outside the ND2 rim r390, its bottom 14 mm below the face, in A-flange [W-Cu sphere, rotor A]",node-8 - Node 8: ND8 - island on rotor A (Cx4 bars),gap-rotor,sphere,A-flange,8,,W-Cu sphere,,,,,,,286.025 -286.025 -116.000,6.0000,,,904.7787
bartip_A_stem_6,"node-8 / bartip_A_stem_6 - island bar tip 6 stem (node 8): sphere centre to the lead plane in A-flange, in A-flange [Cu stem, rotor A]",node-8 - Node 8: ND8 - island on rotor A (Cx4 bars),gap-stem,rod,A-flange,8,,Cu stem,,,,,,,,3.0000,286.025 -286.025 -116.000,286.025 -286.025 -147.700,896.2964
bartip_A_lead_6a,"node-8 / bartip_A_lead_6a - island bar tip 6 lead (node 8): in A-flange: round the chord ring to 299.41 deg, in A-flange [Cu lead, rotor A]",node-8 - Node 8: ND8 - island on rotor A (Cx4 bars),gap-lead,rod,A-flange,8,,Cu lead,,,,,,,,1.5000,286.025 -286.025 -147.700,244.589 -322.175 -147.700,388.6907
bartip_A_lead_6b,"node-8 / bartip_A_lead_6b - island bar tip 6 lead (node 8): in A-flange: round the chord ring to 299.41 deg, in A-flange [Cu lead, rotor A]",node-8 - Node 8: ND8 - island on rotor A (Cx4 bars),gap-lead,rod,A-flange,8,,Cu lead,,,,,,,,1.5000,244.589 -322.175 -147.700,198.633 -352.371 -147.700,388.6907
bartip_A_lead_6c,"node-8 / bartip_A_lead_6c - island bar tip 6 lead (node 8): in A-flange: radial to r340 at 299.41 deg, in A-flange [Cu lead, rotor A]",node-8 - Node 8: ND8 - island on rotor A (Cx4 bars),gap-lead,rod,A-flange,8,,Cu lead,,,,,,,,1.5000,198.633 -352.371 -147.700,166.960 -296.183 -147.700,455.9236
bartip_A_lead_6d,"node-8 / bartip_A_lead_6d - island bar tip 6 lead (node 8): in A-flange: under Cx4_bars to 300.59 deg, in A-flange [Cu lead, rotor A]",node-8 - Node 8: ND8 - island on rotor A (Cx4 bars),gap-lead,rod,A-flange,8,,Cu lead,,,,,,,,1.5000,166.960 -296.183 -147.700,173.022 -292.683 -147.700,49.4792
bartip_A_lead_6e,"node-8 / bartip_A_lead_6e - island bar tip 6 lead (node 8): in A-flange: riser to Cx4_bars (node 8), in A-flange [Cu lead, rotor A]",node-8 - Node 8: ND8 - island on rotor A (Cx4 bars),gap-lead,rod,A-flange,8,,Cu lead,,,,,,,,1.5000,173.022 -292.683 -147.700,173.022 -292.683 -142.700,35.3429
rotortip_A_1,"node-R-A / rotortip_A_1 - rotor face tip 1 of 6 (node R-A, rotor A), 12 mm W-Cu sphere on A-disc at r410 15 deg, apex 6 mm proud, 6 mm in its socket, in A-disc [W-Cu sphere, rotor A]",node-R-A - Node R-A: ND5 - resonator end A: rotor A (C1 rotor face),gap-rotor,sphere,A-disc,R-A,,W-Cu sphere,,,,,,,396.030 106.116 -39.000,6.0000,,,904.7787
rotortip_A_stem_1,"node-R-A / rotortip_A_stem_1 - rotor face tip 1 stem (node R-A): sphere centre to the lead plane in A-disc, in A-disc [Cu stem, rotor A]",node-R-A - Node R-A: ND5 - resonator end A: rotor A (C1 rotor face),gap-stem,rod,A-disc,R-A,,Cu stem,,,,,,,,3.0000,396.030 106.116 -39.000,396.030 106.116 -10.500,805.8185
rotortip_A_lead_1a,"node-R-A / rotortip_A_lead_1a - rotor face tip 1 lead (node R-A): in A-disc: radial to r377 at 15 deg, in A-disc [Cu lead, rotor A]",node-R-A - Node R-A: ND5 - resonator end A: rotor A (C1 rotor face),gap-lead,rod,A-disc,R-A,,Cu lead,,,,,,,,1.5000,396.030 106.116 -10.500,364.154 97.575 -10.500,233.2633
rotortip_A_lead_1b,"node-R-A / rotortip_A_lead_1b - rotor face tip 1 lead (node R-A): in A-disc: under C1_rotor to 30.53 deg, in A-disc [Cu lead, rotor A]",node-R-A - Node R-A: ND5 - resonator end A: rotor A (C1 rotor face),gap-lead,rod,A-disc,R-A,,Cu lead,,,,,,,,1.5000,364.154 97.575 -10.500,347.629 145.887 -10.500,360.9224
rotortip_A_lead_1c,"node-R-A / rotortip_A_lead_1c - rotor face tip 1 lead (node R-A): in A-disc: under C1_rotor to 30.53 deg, in A-disc [Cu lead, rotor A]",node-R-A - Node R-A: ND5 - resonator end A: rotor A (C1 rotor face),gap-lead,rod,A-disc,R-A,,Cu lead,,,,,,,,1.5000,347.629 145.887 -10.500,324.728 191.523 -10.500,360.9224
rotortip_A_lead_1d,"node-R-A / rotortip_A_lead_1d - rotor face tip 1 lead (node R-A): in A-disc: riser to C1_rotor (node R-A), in A-disc [Cu lead, rotor A]",node-R-A - Node R-A: ND5 - resonator end A: rotor A (C1 rotor face),gap-lead,rod,A-disc,R-A,,Cu lead,,,,,,,,1.5000,324.728 191.523 -10.500,324.728 191.523 -27.750,121.9331
rotortip_A_2,"node-R-A / rotortip_A_2 - rotor face tip 2 of 6 (node R-A, rotor A), 12 mm W-Cu sphere on A-disc at r410 75 deg, apex 6 mm proud, 6 mm in its socket, in A-disc [W-Cu sphere, rotor A]",node-R-A - Node R-A: ND5 - resonator end A: rotor A (C1 rotor face),gap-rotor,sphere,A-disc,R-A,,W-Cu sphere,,,,,,,106.116 396.030 -39.000,6.0000,,,904.7787
rotortip_A_stem_2,"node-R-A / rotortip_A_stem_2 - rotor face tip 2 stem (node R-A): sphere centre to the lead plane in A-disc, in A-disc [Cu stem, rotor A]",node-R-A - Node R-A: ND5 - resonator end A: rotor A (C1 rotor face),gap-stem,rod,A-disc,R-A,,Cu stem,,,,,,,,3.0000,106.116 396.030 -39.000,106.116 396.030 -10.500,805.8185
rotortip_A_lead_2a,"node-R-A / rotortip_A_lead_2a - rotor face tip 2 lead (node R-A): in A-disc: radial to r377 at 75 deg, in A-disc [Cu lead, rotor A]",node-R-A - Node R-A: ND5 - resonator end A: rotor A (C1 rotor face),gap-lead,rod,A-disc,R-A,,Cu lead,,,,,,,,1.5000,106.116 396.030 -10.500,97.575 364.154 -10.500,233.2633
rotortip_A_lead_2b,"node-R-A / rotortip_A_lead_2b - rotor face tip 2 lead (node R-A): in A-disc: under C1_rotor to 59.47 deg, in A-disc [Cu lead, rotor A]",node-R-A - Node R-A: ND5 - resonator end A: rotor A (C1 rotor face),gap-lead,rod,A-disc,R-A,,Cu lead,,,,,,,,1.5000,97.575 364.154 -10.500,145.887 347.629 -10.500,360.9224
rotortip_A_lead_2c,"node-R-A / rotortip_A_lead_2c - rotor face tip 2 lead (node R-A): in A-disc: under C1_rotor to 59.47 deg, in A-disc [Cu lead, rotor A]",node-R-A - Node R-A: ND5 - resonator end A: rotor A (C1 rotor face),gap-lead,rod,A-disc,R-A,,Cu lead,,,,,,,,1.5000,145.887 347.629 -10.500,191.523 324.728 -10.500,360.9224
rotortip_A_lead_2d,"node-R-A / rotortip_A_lead_2d - rotor face tip 2 lead (node R-A): in A-disc: riser to C1_rotor (node R-A), in A-disc [Cu lead, rotor A]",node-R-A - Node R-A: ND5 - resonator end A: rotor A (C1 rotor face),gap-lead,rod,A-disc,R-A,,Cu lead,,,,,,,,1.5000,191.523 324.728 -10.500,191.523 324.728 -27.750,121.9331
rotortip_A_3,"node-R-A / rotortip_A_3 - rotor face tip 3 of 6 (node R-A, rotor A), 12 mm W-Cu sphere on A-disc at r410 135 deg, apex 6 mm proud, 6 mm in its socket, in A-disc [W-Cu sphere, rotor A]",node-R-A - Node R-A: ND5 - resonator end A: rotor A (C1 rotor face),gap-rotor,sphere,A-disc,R-A,,W-Cu sphere,,,,,,,-289.914 289.914 -39.000,6.0000,,,904.7787
rotortip_A_stem_3,"node-R-A / rotortip_A_stem_3 - rotor face tip 3 stem (node R-A): sphere centre to the lead plane in A-disc, in A-disc [Cu stem, rotor A]",node-R-A - Node R-A: ND5 - resonator end A: rotor A (C1 rotor face),gap-stem,rod,A-disc,R-A,,Cu stem,,,,,,,,3.0000,-289.914 289.914 -39.000,-289.914 289.914 -10.500,805.8185
rotortip_A_lead_3a,"node-R-A / rotortip_A_lead_3a - rotor face tip 3 lead (node R-A): in A-disc: radial to r377 at 135 deg, in A-disc [Cu lead, rotor A]",node-R-A - Node R-A: ND5 - resonator end A: rotor A (C1 rotor face),gap-lead,rod,A-disc,R-A,,Cu lead,,,,,,,,1.5000,-289.914 289.914 -10.500,-266.579 266.579 -10.500,233.2633
rotortip_A_lead_3b,"node-R-A / rotortip_A_lead_3b - rotor face tip 3 lead (node R-A): in A-disc: under C1_rotor to 119.47 deg, in A-disc [Cu lead, rotor A]",node-R-A - Node R-A: ND5 - resonator end A: rotor A (C1 rotor face),gap-lead,rod,A-disc,R-A,,Cu lead,,,,,,,,1.5000,-266.579 266.579 -10.500,-228.112 300.156 -10.500,360.9224
rotortip_A_lead_3c,"node-R-A / rotortip_A_lead_3c - rotor face tip 3 lead (node R-A): in A-disc: under C1_rotor to 119.47 deg, in A-disc [Cu lead, rotor A]",node-R-A - Node R-A: ND5 - resonator end A: rotor A (C1 rotor face),gap-lead,rod,A-disc,R-A,,Cu lead,,,,,,,,1.5000,-228.112 300.156 -10.500,-185.461 328.227 -10.500,360.9224
rotortip_A_lead_3d,"node-R-A / rotortip_A_lead_3d - rotor face tip 3 lead (node R-A): in A-disc: riser to C1_rotor (node R-A), in A-disc [Cu lead, rotor A]",node-R-A - Node R-A: ND5 - resonator end A: rotor A (C1 rotor face),gap-lead,rod,A-disc,R-A,,Cu lead,,,,,,,,1.5000,-185.461 328.227 -10.500,-185.461 328.227 -27.750,121.9331
rotortip_A_4,"node-R-A / rotortip_A_4 - rotor face tip 4 of 6 (node R-A, rotor A), 12 mm W-Cu sphere on A-disc at r410 195 deg, apex 6 mm proud, 6 mm in its socket, in A-disc [W-Cu sphere, rotor A]",node-R-A - Node R-A: ND5 - resonator end A: rotor A (C1 rotor face),gap-rotor,sphere,A-disc,R-A,,W-Cu sphere,,,,,,,-396.030 -106.116 -39.000,6.0000,,,904.7787
rotortip_A_stem_4,"node-R-A / rotortip_A_stem_4 - rotor face tip 4 stem (node R-A): sphere centre to the lead plane in A-disc, in A-disc [Cu stem, rotor A]",node-R-A - Node R-A: ND5 - resonator end A: rotor A (C1 rotor face),gap-stem,rod,A-disc,R-A,,Cu stem,,,,,,,,3.0000,-396.030 -106.116 -39.000,-396.030 -106.116 -10.500,805.8185
rotortip_A_lead_4a,"node-R-A / rotortip_A_lead_4a - rotor face tip 4 lead (node R-A): in A-disc: radial to r377 at 195 deg, in A-disc [Cu lead, rotor A]",node-R-A - Node R-A: ND5 - resonator end A: rotor A (C1 rotor face),gap-lead,rod,A-disc,R-A,,Cu lead,,,,,,,,1.5000,-396.030 -106.116 -10.500,-364.154 -97.575 -10.500,233.2633
rotortip_A_lead_4b,"node-R-A / rotortip_A_lead_4b - rotor face tip 4 lead (node R-A): in A-disc: under C1_rotor to 179.47 deg, in A-disc [Cu lead, rotor A]",node-R-A - Node R-A: ND5 - resonator end A: rotor A (C1 rotor face),gap-lead,rod,A-disc,R-A,,Cu lead,,,,,,,,1.5000,-364.154 -97.575 -10.500,-373.999 -47.473 -10.500,360.9224
rotortip_A_lead_4c,"node-R-A / rotortip_A_lead_4c - rotor face tip 4 lead (node R-A): in A-disc: under C1_rotor to 179.47 deg, in A-disc [Cu lead, rotor A]",node-R-A - Node R-A: ND5 - resonator end A: rotor A (C1 rotor face),gap-lead,rod,A-disc,R-A,,Cu lead,,,,,,,,1.5000,-373.999 -47.473 -10.500,-376.984 3.500 -10.500,360.9224
rotortip_A_lead_4d,"node-R-A / rotortip_A_lead_4d - rotor face tip 4 lead (node R-A): in A-disc: riser to C1_rotor (node R-A), in A-disc [Cu lead, rotor A]",node-R-A - Node R-A: ND5 - resonator end A: rotor A (C1 rotor face),gap-lead,rod,A-disc,R-A,,Cu lead,,,,,,,,1.5000,-376.984 3.500 -10.500,-376.984 3.500 -27.750,121.9331
rotortip_A_5,"node-R-A / rotortip_A_5 - rotor face tip 5 of 6 (node R-A, rotor A), 12 mm W-Cu sphere on A-disc at r410 255 deg, apex 6 mm proud, 6 mm in its socket, in A-disc [W-Cu sphere, rotor A]",node-R-A - Node R-A: ND5 - resonator end A: rotor A (C1 rotor face),gap-rotor,sphere,A-disc,R-A,,W-Cu sphere,,,,,,,-106.116 -396.030 -39.000,6.0000,,,904.7787
rotortip_A_stem_5,"node-R-A / rotortip_A_stem_5 - rotor face tip 5 stem (node R-A): sphere centre to the lead plane in A-disc, in A-disc [Cu stem, rotor A]",node-R-A - Node R-A: ND5 - resonator end A: rotor A (C1 rotor face),gap-stem,rod,A-disc,R-A,,Cu stem,,,,,,,,3.0000,-106.116 -396.030 -39.000,-106.116 -396.030 -10.500,805.8185
rotortip_A_lead_5a,"node-R-A / rotortip_A_lead_5a - rotor face tip 5 lead (node R-A): in A-disc: radial to r377 at 255 deg, in A-disc [Cu lead, rotor A]",node-R-A - Node R-A: ND5 - resonator end A: rotor A (C1 rotor face),gap-lead,rod,A-disc,R-A,,Cu lead,,,,,,,,1.5000,-106.116 -396.030 -10.500,-97.575 -364.154 -10.500,233.2633
rotortip_A_lead_5b,"node-R-A / rotortip_A_lead_5b - rotor face tip 5 lead (node R-A): in A-disc: under C1_rotor to 239.47 deg, in A-disc [Cu lead, rotor A]",node-R-A - Node R-A: ND5 - resonator end A: rotor A (C1 rotor face),gap-lead,rod,A-disc,R-A,,Cu lead,,,,,,,,1.5000,-97.575 -364.154 -10.500,-145.887 -347.629 -10.500,360.9224
rotortip_A_lead_5c,"node-R-A / rotortip_A_lead_5c - rotor face tip 5 lead (node R-A): in A-disc: under C1_rotor to 239.47 deg, in A-disc [Cu lead, rotor A]",node-R-A - Node R-A: ND5 - resonator end A: rotor A (C1 rotor face),gap-lead,rod,A-disc,R-A,,Cu lead,,,,,,,,1.5000,-145.887 -347.629 -10.500,-191.523 -324.728 -10.500,360.9224
rotortip_A_lead_5d,"node-R-A / rotortip_A_lead_5d - rotor face tip 5 lead (node R-A): in A-disc: riser to C1_rotor (node R-A), in A-disc [Cu lead, rotor A]",node-R-A - Node R-A: ND5 - resonator end A: rotor A (C1 rotor face),gap-lead,rod,A-disc,R-A,,Cu lead,,,,,,,,1.5000,-191.523 -324.728 -10.500,-191.523 -324.728 -27.750,121.9331
rotortip_A_6,"node-R-A / rotortip_A_6 - rotor face tip 6 of 6 (node R-A, rotor A), 12 mm W-Cu sphere on A-disc at r410 315 deg, apex 6 mm proud, 6 mm in its socket, in A-disc [W-Cu sphere, rotor A]",node-R-A - Node R-A: ND5 - resonator end A: rotor A (C1 rotor face),gap-rotor,sphere,A-disc,R-A,,W-Cu sphere,,,,,,,289.914 -289.914 -39.000,6.0000,,,904.7787
rotortip_A_stem_6,"node-R-A / rotortip_A_stem_6 - rotor face tip 6 stem (node R-A): sphere centre to the lead plane in A-disc, in A-disc [Cu stem, rotor A]",node-R-A - Node R-A: ND5 - resonator end A: rotor A (C1 rotor face),gap-stem,rod,A-disc,R-A,,Cu stem,,,,,,,,3.0000,289.914 -289.914 -39.000,289.914 -289.914 -10.500,805.8185
rotortip_A_lead_6a,"node-R-A / rotortip_A_lead_6a - rotor face tip 6 lead (node R-A): in A-disc: radial to r377 at 315 deg, in A-disc [Cu lead, rotor A]",node-R-A - Node R-A: ND5 - resonator end A: rotor A (C1 rotor face),gap-lead,rod,A-disc,R-A,,Cu lead,,,,,,,,1.5000,289.914 -289.914 -10.500,266.579 -266.579 -10.500,233.2633
rotortip_A_lead_6b,"node-R-A / rotortip_A_lead_6b - rotor face tip 6 lead (node R-A): in A-disc: under C1_rotor to 299.47 deg, in A-disc [Cu lead, rotor A]",node-R-A - Node R-A: ND5 - resonator end A: rotor A (C1 rotor face),gap-lead,rod,A-disc,R-A,,Cu lead,,,,,,,,1.5000,266.579 -266.579 -10.500,228.112 -300.156 -10.500,360.9224
rotortip_A_lead_6c,"node-R-A / rotortip_A_lead_6c - rotor face tip 6 lead (node R-A): in A-disc: under C1_rotor to 299.47 deg, in A-disc [Cu lead, rotor A]",node-R-A - Node R-A: ND5 - resonator end A: rotor A (C1 rotor face),gap-lead,rod,A-disc,R-A,,Cu lead,,,,,,,,1.5000,228.112 -300.156 -10.500,185.461 -328.227 -10.500,360.9224
rotortip_A_lead_6d,"node-R-A / rotortip_A_lead_6d - rotor face tip 6 lead (node R-A): in A-disc: riser to C1_rotor (node R-A), in A-disc [Cu lead, rotor A]",node-R-A - Node R-A: ND5 - resonator end A: rotor A (C1 rotor face),gap-lead,rod,A-disc,R-A,,Cu lead,,,,,,,,1.5000,185.461 -328.227 -10.500,185.461 -328.227 -27.750,121.9331
bartip_B_1,"node-7 / bartip_B_1 - island bar tip 1 of 6 (node 7, rotor B), 12 mm W-Cu sphere hanging from B-flange at r404.5 15 deg outside the ND3 rim r390, its bottom 14 mm below the face, in B-flange [W-Cu sphere, rotor B]",node-7 - Node 7: ND7 - island on rotor B (Cx3 bars),gap-rotor,sphere,B-flange,7,,W-Cu sphere,,,,,,,390.717 104.692 116.000,6.0000,,,904.7787
bartip_B_stem_1,"node-7 / bartip_B_stem_1 - island bar tip 1 stem (node 7): sphere centre to the lead plane in B-flange, in B-flange [Cu stem, rotor B]",node-7 - Node 7: ND7 - island on rotor B (Cx3 bars),gap-stem,rod,B-flange,7,,Cu stem,,,,,,,,3.0000,390.717 104.692 116.000,390.717 104.692 147.700,896.2964
bartip_B_lead_1a,"node-7 / bartip_B_lead_1a - island bar tip 1 lead (node 7): in B-flange: radial to r340 at 15 deg, in B-flange [Cu lead, rotor B]",node-7 - Node 7: ND7 - island on rotor B (Cx3 bars),gap-lead,rod,B-flange,7,,Cu lead,,,,,,,,1.5000,390.717 104.692 147.700,328.415 87.998 147.700,455.9236
bartip_B_lead_1b,"node-7 / bartip_B_lead_1b - island bar tip 1 lead (node 7): in B-flange: under Cx3_bars to 30.59 deg, in B-flange [Cu lead, rotor B]",node-7 - Node 7: ND7 - island on rotor B (Cx3 bars),gap-lead,rod,B-flange,7,,Cu lead,,,,,,,,1.5000,328.415 87.998 147.700,313.445 131.727 147.700,326.7116
bartip_B_lead_1c,"node-7 / bartip_B_lead_1c - island bar tip 1 lead (node 7): in B-flange: under Cx3_bars to 30.59 deg, in B-flange [Cu lead, rotor B]",node-7 - Node 7: ND7 - island on rotor B (Cx3 bars),gap-lead,rod,B-flange,7,,Cu lead,,,,,,,,1.5000,313.445 131.727 147.700,292.683 173.022 147.700,326.7116
bartip_B_lead_1d,"node-7 / bartip_B_lead_1d - island bar tip 1 lead (node 7): in B-flange: riser to Cx3_bars (node 7), in B-flange [Cu lead, rotor B]",node-7 - Node 7: ND7 - island on rotor B (Cx3 bars),gap-lead,rod,B-flange,7,,Cu lead,,,,,,,,1.5000,292.683 173.022 147.700,292.683 173.022 142.700,35.3429
bartip_B_2,"node-7 / bartip_B_2 - island bar tip 2 of 6 (node 7, rotor B), 12 mm W-Cu sphere hanging from B-flange at r404.5 75 deg outside the ND3 rim r390, its bottom 14 mm below the face, in B-flange [W-Cu sphere, rotor B]",node-7 - Node 7: ND7 - island on rotor B (Cx3 bars),gap-rotor,sphere,B-flange,7,,W-Cu sphere,,,,,,,104.692 390.717 116.000,6.0000,,,904.7787
bartip_B_stem_2,"node-7 / bartip_B_stem_2 - island bar tip 2 stem (node 7): sphere centre to the lead plane in B-flange, in B-flange [Cu stem, rotor B]",node-7 - Node 7: ND7 - island on rotor B (Cx3 bars),gap-stem,rod,B-flange,7,,Cu stem,,,,,,,,3.0000,104.692 390.717 116.000,104.692 390.717 147.700,896.2964
bartip_B_lead_2a,"node-7 / bartip_B_lead_2a - island bar tip 2 lead (node 7): in B-flange: radial to r340 at 75 deg, in B-flange [Cu lead, rotor B]",node-7 - Node 7: ND7 - island on rotor B (Cx3 bars),gap-lead,rod,B-flange,7,,Cu lead,,,,,,,,1.5000,104.692 390.717 147.700,87.998 328.415 147.700,455.9236
bartip_B_lead_2b,"node-7 / bartip_B_lead_2b - island bar tip 2 lead (node 7): in B-flange: under Cx3_bars to 59.41 deg, in B-flange [Cu lead, rotor B]",node-7 - Node 7: ND7 - island on rotor B (Cx3 bars),gap-lead,rod,B-flange,7,,Cu lead,,,,,,,,1.5000,87.998 328.415 147.700,131.727 313.445 147.700,326.7116
bartip_B_lead_2c,"node-7 / bartip_B_lead_2c - island bar tip 2 lead (node 7): in B-flange: under Cx3_bars to 59.41 deg, in B-flange [Cu lead, rotor B]",node-7 - Node 7: ND7 - island on rotor B (Cx3 bars),gap-lead,rod,B-flange,7,,Cu lead,,,,,,,,1.5000,131.727 313.445 147.700,173.022 292.683 147.700,326.7116
bartip_B_lead_2d,"node-7 / bartip_B_lead_2d - island bar tip 2 lead (node 7): in B-flange: riser to Cx3_bars (node 7), in B-flange [Cu lead, rotor B]",node-7 - Node 7: ND7 - island on rotor B (Cx3 bars),gap-lead,rod,B-flange,7,,Cu lead,,,,,,,,1.5000,173.022 292.683 147.700,173.022 292.683 142.700,35.3429
bartip_B_3,"node-7 / bartip_B_3 - island bar tip 3 of 6 (node 7, rotor B), 12 mm W-Cu sphere hanging from B-flange at r404.5 135 deg outside the ND3 rim r390, its bottom 14 mm below the face, in B-flange [W-Cu sphere, rotor B]",node-7 - Node 7: ND7 - island on rotor B (Cx3 bars),gap-rotor,sphere,B-flange,7,,W-Cu sphere,,,,,,,-286.025 286.025 116.000,6.0000,,,904.7787
bartip_B_stem_3,"node-7 / bartip_B_stem_3 - island bar tip 3 stem (node 7): sphere centre to the lead plane in B-flange, in B-flange [Cu stem, rotor B]",node-7 - Node 7: ND7 - island on rotor B (Cx3 bars),gap-stem,rod,B-flange,7,,Cu stem,,,,,,,,3.0000,-286.025 286.025 116.000,-286.025 286.025 147.700,896.2964
bartip_B_lead_3a,"node-7 / bartip_B_lead_3a - island bar tip 3 lead (node 7): in B-flange: radial to r340 at 135 deg, in B-flange [Cu lead, rotor B]",node-7 - Node 7: ND7 - island on rotor B (Cx3 bars),gap-lead,rod,B-flange,7,,Cu lead,,,,,,,,1.5000,-286.025 286.025 147.700,-240.416 240.416 147.700,455.9236
bartip_B_lead_3b,"node-7 / bartip_B_lead_3b - island bar tip 3 lead (node 7): in B-flange: under Cx3_bars to 119.41 deg, in B-flange [Cu lead, rotor B]",node-7 - Node 7: ND7 - island on rotor B (Cx3 bars),gap-lead,rod,B-flange,7,,Cu lead,,,,,,,,1.5000,-240.416 240.416 147.700,-205.588 270.802 147.700,326.7116
bartip_B_lead_3c,"node-7 / bartip_B_lead_3c - island bar tip 3 lead (node 7): in B-flange: under Cx3_bars to 119.41 deg, in B-flange [Cu lead, rotor B]",node-7 - Node 7: ND7 - island on rotor B (Cx3 bars),gap-lead,rod,B-flange,7,,Cu lead,,,,,,,,1.5000,-205.588 270.802 147.700,-166.960 296.183 147.700,326.7116
bartip_B_lead_3d,"node-7 / bartip_B_lead_3d - island bar tip 3 lead (node 7): in B-flange: riser to Cx3_bars (node 7), in B-flange [Cu lead, rotor B]",node-7 - Node 7: ND7 - island on rotor B (Cx3 bars),gap-lead,rod,B-flange,7,,Cu lead,,,,,,,,1.5000,-166.960 296.183 147.700,-166.960 296.183 142.700,35.3429
bartip_B_4,"node-7 / bartip_B_4 - island bar tip 4 of 6 (node 7, rotor B), 12 mm W-Cu sphere hanging from B-flange at r404.5 195 deg outside the ND3 rim r390, its bottom 14 mm below the face, in B-flange [W-Cu sphere, rotor B]",node-7 - Node 7: ND7 - island on rotor B (Cx3 bars),gap-rotor,sphere,B-flange,7,,W-Cu sphere,,,,,,,-390.717 -104.692 116.000,6.0000,,,904.7787
bartip_B_stem_4,"node-7 / bartip_B_stem_4 - island bar tip 4 stem (node 7): sphere centre to the lead plane in B-flange, in B-flange [Cu stem, rotor B]",node-7 - Node 7: ND7 - island on rotor B (Cx3 bars),gap-stem,rod,B-flange,7,,Cu stem,,,,,,,,3.0000,-390.717 -104.692 116.000,-390.717 -104.692 147.700,896.2964
bartip_B_lead_4a,"node-7 / bartip_B_lead_4a - island bar tip 4 lead (node 7): in B-flange: radial to r340 at 195 deg, in B-flange [Cu lead, rotor B]",node-7 - Node 7: ND7 - island on rotor B (Cx3 bars),gap-lead,rod,B-flange,7,,Cu lead,,,,,,,,1.5000,-390.717 -104.692 147.700,-328.415 -87.998 147.700,455.9236
bartip_B_lead_4b,"node-7 / bartip_B_lead_4b - island bar tip 4 lead (node 7): in B-flange: under Cx3_bars to 179.41 deg, in B-flange [Cu lead, rotor B]",node-7 - Node 7: ND7 - island on rotor B (Cx3 bars),gap-lead,rod,B-flange,7,,Cu lead,,,,,,,,1.5000,-328.415 -87.998 147.700,-337.315 -42.643 147.700,326.7116
bartip_B_lead_4c,"node-7 / bartip_B_lead_4c - island bar tip 4 lead (node 7): in B-flange: under Cx3_bars to 179.41 deg, in B-flange [Cu lead, rotor B]",node-7 - Node 7: ND7 - island on rotor B (Cx3 bars),gap-lead,rod,B-flange,7,,Cu lead,,,,,,,,1.5000,-337.315 -42.643 147.700,-339.982 3.500 147.700,326.7116
bartip_B_lead_4d,"node-7 / bartip_B_lead_4d - island bar tip 4 lead (node 7): in B-flange: riser to Cx3_bars (node 7), in B-flange [Cu lead, rotor B]",node-7 - Node 7: ND7 - island on rotor B (Cx3 bars),gap-lead,rod,B-flange,7,,Cu lead,,,,,,,,1.5000,-339.982 3.500 147.700,-339.982 3.500 142.700,35.3429
bartip_B_5,"node-7 / bartip_B_5 - island bar tip 5 of 6 (node 7, rotor B), 12 mm W-Cu sphere hanging from B-flange at r404.5 255 deg outside the ND3 rim r390, its bottom 14 mm below the face, in B-flange [W-Cu sphere, rotor B]",node-7 - Node 7: ND7 - island on rotor B (Cx3 bars),gap-rotor,sphere,B-flange,7,,W-Cu sphere,,,,,,,-104.692 -390.717 116.000,6.0000,,,904.7787
bartip_B_stem_5,"node-7 / bartip_B_stem_5 - island bar tip 5 stem (node 7): sphere centre to the lead plane in B-flange, in B-flange [Cu stem, rotor B]",node-7 - Node 7: ND7 - island on rotor B (Cx3 bars),gap-stem,rod,B-flange,7,,Cu stem,,,,,,,,3.0000,-104.692 -390.717 116.000,-104.692 -390.717 147.700,896.2964
bartip_B_lead_5a,"node-7 / bartip_B_lead_5a - island bar tip 5 lead (node 7): in B-flange: radial to r340 at 255 deg, in B-flange [Cu lead, rotor B]",node-7 - Node 7: ND7 - island on rotor B (Cx3 bars),gap-lead,rod,B-flange,7,,Cu lead,,,,,,,,1.5000,-104.692 -390.717 147.700,-87.998 -328.415 147.700,455.9236
bartip_B_lead_5b,"node-7 / bartip_B_lead_5b - island bar tip 5 lead (node 7): in B-flange: under Cx3_bars to 239.41 deg, in B-flange [Cu lead, rotor B]",node-7 - Node 7: ND7 - island on rotor B (Cx3 bars),gap-lead,rod,B-flange,7,,Cu lead,,,,,,,,1.5000,-87.998 -328.415 147.700,-131.727 -313.445 147.700,326.7116
bartip_B_lead_5c,"node-7 / bartip_B_lead_5c - island bar tip 5 lead (node 7): in B-flange: under Cx3_bars to 239.41 deg, in B-flange [Cu lead, rotor B]",node-7 - Node 7: ND7 - island on rotor B (Cx3 bars),gap-lead,rod,B-flange,7,,Cu lead,,,,,,,,1.5000,-131.727 -313.445 147.700,-173.022 -292.683 147.700,326.7116
bartip_B_lead_5d,"node-7 / bartip_B_lead_5d - island bar tip 5 lead (node 7): in B-flange: riser to Cx3_bars (node 7), in B-flange [Cu lead, rotor B]",node-7 - Node 7: ND7 - island on rotor B (Cx3 bars),gap-lead,rod,B-flange,7,,Cu lead,,,,,,,,1.5000,-173.022 -292.683 147.700,-173.022 -292.683 142.700,35.3429
bartip_B_6,"node-7 / bartip_B_6 - island bar tip 6 of 6 (node 7, rotor B), 12 mm W-Cu sphere hanging from B-flange at r404.5 315 deg outside the ND3 rim r390, its bottom 14 mm below the face, in B-flange [W-Cu sphere, rotor B]",node-7 - Node 7: ND7 - island on rotor B (Cx3 bars),gap-rotor,sphere,B-flange,7,,W-Cu sphere,,,,,,,286.025 -286.025 116.000,6.0000,,,904.7787
bartip_B_stem_6,"node-7 / bartip_B_stem_6 - island bar tip 6 stem (node 7): sphere centre to the lead plane in B-flange, in B-flange [Cu stem, rotor B]",node-7 - Node 7: ND7 - island on rotor B (Cx3 bars),gap-stem,rod,B-flange,7,,Cu stem,,,,,,,,3.0000,286.025 -286.025 116.000,286.025 -286.025 147.700,896.2964
bartip_B_lead_6a,"node-7 / bartip_B_lead_6a - island bar tip 6 lead (node 7): in B-flange: radial to r340 at 315 deg, in B-flange [Cu lead, rotor B]",node-7 - Node 7: ND7 - island on rotor B (Cx3 bars),gap-lead,rod,B-flange,7,,Cu lead,,,,,,,,1.5000,286.025 -286.025 147.700,240.416 -240.416 147.700,455.9236
bartip_B_lead_6b,"node-7 / bartip_B_lead_6b - island bar tip 6 lead (node 7): in B-flange: under Cx3_bars to 299.41 deg, in B-flange [Cu lead, rotor B]",node-7 - Node 7: ND7 - island on rotor B (Cx3 bars),gap-lead,rod,B-flange,7,,Cu lead,,,,,,,,1.5000,240.416 -240.416 147.700,205.588 -270.802 147.700,326.7116
bartip_B_lead_6c,"node-7 / bartip_B_lead_6c - island bar tip 6 lead (node 7): in B-flange: under Cx3_bars to 299.41 deg, in B-flange [Cu lead, rotor B]",node-7 - Node 7: ND7 - island on rotor B (Cx3 bars),gap-lead,rod,B-flange,7,,Cu lead,,,,,,,,1.5000,205.588 -270.802 147.700,166.960 -296.183 147.700,326.7116
bartip_B_lead_6d,"node-7 / bartip_B_lead_6d - island bar tip 6 lead (node 7): in B-flange: riser to Cx3_bars (node 7), in B-flange [Cu lead, rotor B]",node-7 - Node 7: ND7 - island on rotor B (Cx3 bars),gap-lead,rod,B-flange,7,,Cu lead,,,,,,,,1.5000,166.960 -296.183 147.700,166.960 -296.183 142.700,35.3429
rotortip_B_1,"node-R-B / rotortip_B_1 - rotor face tip 1 of 6 (node R-B, rotor B), 12 mm W-Cu sphere on B-disc at r410 15 deg, apex 6 mm proud, 6 mm in its socket, in B-disc [W-Cu sphere, rotor B]",node-R-B - Node R-B: ND6 - resonator end B: rotor B (C2 rotor face),gap-rotor,sphere,B-disc,R-B,,W-Cu sphere,,,,,,,396.030 106.116 39.000,6.0000,,,904.7787
rotortip_B_stem_1,"node-R-B / rotortip_B_stem_1 - rotor face tip 1 stem (node R-B): sphere centre to the lead plane in B-disc, in B-disc [Cu stem, rotor B]",node-R-B - Node R-B: ND6 - resonator end B: rotor B (C2 rotor face),gap-stem,rod,B-disc,R-B,,Cu stem,,,,,,,,3.0000,396.030 106.116 39.000,396.030 106.116 10.500,805.8185
rotortip_B_lead_1a,"node-R-B / rotortip_B_lead_1a - rotor face tip 1 lead (node R-B): in B-disc: radial to r377 at 15 deg, in B-disc [Cu lead, rotor B]",node-R-B - Node R-B: ND6 - resonator end B: rotor B (C2 rotor face),gap-lead,rod,B-disc,R-B,,Cu lead,,,,,,,,1.5000,396.030 106.116 10.500,364.154 97.575 10.500,233.2633
rotortip_B_lead_1b,"node-R-B / rotortip_B_lead_1b - rotor face tip 1 lead (node R-B): in B-disc: under C2_rotor to 30.53 deg, in B-disc [Cu lead, rotor B]",node-R-B - Node R-B: ND6 - resonator end B: rotor B (C2 rotor face),gap-lead,rod,B-disc,R-B,,Cu lead,,,,,,,,1.5000,364.154 97.575 10.500,347.629 145.887 10.500,360.9224
rotortip_B_lead_1c,"node-R-B / rotortip_B_lead_1c - rotor face tip 1 lead (node R-B): in B-disc: under C2_rotor to 30.53 deg, in B-disc [Cu lead, rotor B]",node-R-B - Node R-B: ND6 - resonator end B: rotor B (C2 rotor face),gap-lead,rod,B-disc,R-B,,Cu lead,,,,,,,,1.5000,347.629 145.887 10.500,324.728 191.523 10.500,360.9224
rotortip_B_lead_1d,"node-R-B / rotortip_B_lead_1d - rotor face tip 1 lead (node R-B): in B-disc: riser to C2_rotor (node R-B), in B-disc [Cu lead, rotor B]",node-R-B - Node R-B: ND6 - resonator end B: rotor B (C2 rotor face),gap-lead,rod,B-disc,R-B,,Cu lead,,,,,,,,1.5000,324.728 191.523 10.500,324.728 191.523 27.750,121.9331
rotortip_B_2,"node-R-B / rotortip_B_2 - rotor face tip 2 of 6 (node R-B, rotor B), 12 mm W-Cu sphere on B-disc at r410 75 deg, apex 6 mm proud, 6 mm in its socket, in B-disc [W-Cu sphere, rotor B]",node-R-B - Node R-B: ND6 - resonator end B: rotor B (C2 rotor face),gap-rotor,sphere,B-disc,R-B,,W-Cu sphere,,,,,,,106.116 396.030 39.000,6.0000,,,904.7787
rotortip_B_stem_2,"node-R-B / rotortip_B_stem_2 - rotor face tip 2 stem (node R-B): sphere centre to the lead plane in B-disc, in B-disc [Cu stem, rotor B]",node-R-B - Node R-B: ND6 - resonator end B: rotor B (C2 rotor face),gap-stem,rod,B-disc,R-B,,Cu stem,,,,,,,,3.0000,106.116 396.030 39.000,106.116 396.030 10.500,805.8185
rotortip_B_lead_2a,"node-R-B / rotortip_B_lead_2a - rotor face tip 2 lead (node R-B): in B-disc: radial to r377 at 75 deg, in B-disc [Cu lead, rotor B]",node-R-B - Node R-B: ND6 - resonator end B: rotor B (C2 rotor face),gap-lead,rod,B-disc,R-B,,Cu lead,,,,,,,,1.5000,106.116 396.030 10.500,97.575 364.154 10.500,233.2633
rotortip_B_lead_2b,"node-R-B / rotortip_B_lead_2b - rotor face tip 2 lead (node R-B): in B-disc: under C2_rotor to 59.47 deg, in B-disc [Cu lead, rotor B]",node-R-B - Node R-B: ND6 - resonator end B: rotor B (C2 rotor face),gap-lead,rod,B-disc,R-B,,Cu lead,,,,,,,,1.5000,97.575 364.154 10.500,145.887 347.629 10.500,360.9224
rotortip_B_lead_2c,"node-R-B / rotortip_B_lead_2c - rotor face tip 2 lead (node R-B): in B-disc: under C2_rotor to 59.47 deg, in B-disc [Cu lead, rotor B]",node-R-B - Node R-B: ND6 - resonator end B: rotor B (C2 rotor face),gap-lead,rod,B-disc,R-B,,Cu lead,,,,,,,,1.5000,145.887 347.629 10.500,191.523 324.728 10.500,360.9224
rotortip_B_lead_2d,"node-R-B / rotortip_B_lead_2d - rotor face tip 2 lead (node R-B): in B-disc: riser to C2_rotor (node R-B), in B-disc [Cu lead, rotor B]",node-R-B - Node R-B: ND6 - resonator end B: rotor B (C2 rotor face),gap-lead,rod,B-disc,R-B,,Cu lead,,,,,,,,1.5000,191.523 324.728 10.500,191.523 324.728 27.750,121.9331
rotortip_B_3,"node-R-B / rotortip_B_3 - rotor face tip 3 of 6 (node R-B, rotor B), 12 mm W-Cu sphere on B-disc at r410 135 deg, apex 6 mm proud, 6 mm in its socket, in B-disc [W-Cu sphere, rotor B]",node-R-B - Node R-B: ND6 - resonator end B: rotor B (C2 rotor face),gap-rotor,sphere,B-disc,R-B,,W-Cu sphere,,,,,,,-289.914 289.914 39.000,6.0000,,,904.7787
rotortip_B_stem_3,"node-R-B / rotortip_B_stem_3 - rotor face tip 3 stem (node R-B): sphere centre to the lead plane in B-disc, in B-disc [Cu stem, rotor B]",node-R-B - Node R-B: ND6 - resonator end B: rotor B (C2 rotor face),gap-stem,rod,B-disc,R-B,,Cu stem,,,,,,,,3.0000,-289.914 289.914 39.000,-289.914 289.914 10.500,805.8185
rotortip_B_lead_3a,"node-R-B / rotortip_B_lead_3a - rotor face tip 3 lead (node R-B): in B-disc: radial to r377 at 135 deg, in B-disc [Cu lead, rotor B]",node-R-B - Node R-B: ND6 - resonator end B: rotor B (C2 rotor face),gap-lead,rod,B-disc,R-B,,Cu lead,,,,,,,,1.5000,-289.914 289.914 10.500,-266.579 266.579 10.500,233.2633
rotortip_B_lead_3b,"node-R-B / rotortip_B_lead_3b - rotor face tip 3 lead (node R-B): in B-disc: under C2_rotor to 119.47 deg, in B-disc [Cu lead, rotor B]",node-R-B - Node R-B: ND6 - resonator end B: rotor B (C2 rotor face),gap-lead,rod,B-disc,R-B,,Cu lead,,,,,,,,1.5000,-266.579 266.579 10.500,-228.112 300.156 10.500,360.9224
rotortip_B_lead_3c,"node-R-B / rotortip_B_lead_3c - rotor face tip 3 lead (node R-B): in B-disc: under C2_rotor to 119.47 deg, in B-disc [Cu lead, rotor B]",node-R-B - Node R-B: ND6 - resonator end B: rotor B (C2 rotor face),gap-lead,rod,B-disc,R-B,,Cu lead,,,,,,,,1.5000,-228.112 300.156 10.500,-185.461 328.227 10.500,360.9224
rotortip_B_lead_3d,"node-R-B / rotortip_B_lead_3d - rotor face tip 3 lead (node R-B): in B-disc: riser to C2_rotor (node R-B), in B-disc [Cu lead, rotor B]",node-R-B - Node R-B: ND6 - resonator end B: rotor B (C2 rotor face),gap-lead,rod,B-disc,R-B,,Cu lead,,,,,,,,1.5000,-185.461 328.227 10.500,-185.461 328.227 27.750,121.9331
rotortip_B_4,"node-R-B / rotortip_B_4 - rotor face tip 4 of 6 (node R-B, rotor B), 12 mm W-Cu sphere on B-disc at r410 195 deg, apex 6 mm proud, 6 mm in its socket, in B-disc [W-Cu sphere, rotor B]",node-R-B - Node R-B: ND6 - resonator end B: rotor B (C2 rotor face),gap-rotor,sphere,B-disc,R-B,,W-Cu sphere,,,,,,,-396.030 -106.116 39.000,6.0000,,,904.7787
rotortip_B_stem_4,"node-R-B / rotortip_B_stem_4 - rotor face tip 4 stem (node R-B): sphere centre to the lead plane in B-disc, in B-disc [Cu stem, rotor B]",node-R-B - Node R-B: ND6 - resonator end B: rotor B (C2 rotor face),gap-stem,rod,B-disc,R-B,,Cu stem,,,,,,,,3.0000,-396.030 -106.116 39.000,-396.030 -106.116 10.500,805.8185
rotortip_B_lead_4a,"node-R-B / rotortip_B_lead_4a - rotor face tip 4 lead (node R-B): in B-disc: radial to r377 at 195 deg, in B-disc [Cu lead, rotor B]",node-R-B - Node R-B: ND6 - resonator end B: rotor B (C2 rotor face),gap-lead,rod,B-disc,R-B,,Cu lead,,,,,,,,1.5000,-396.030 -106.116 10.500,-364.154 -97.575 10.500,233.2633
rotortip_B_lead_4b,"node-R-B / rotortip_B_lead_4b - rotor face tip 4 lead (node R-B): in B-disc: under C2_rotor to 179.47 deg, in B-disc [Cu lead, rotor B]",node-R-B - Node R-B: ND6 - resonator end B: rotor B (C2 rotor face),gap-lead,rod,B-disc,R-B,,Cu lead,,,,,,,,1.5000,-364.154 -97.575 10.500,-373.999 -47.473 10.500,360.9224
rotortip_B_lead_4c,"node-R-B / rotortip_B_lead_4c - rotor face tip 4 lead (node R-B): in B-disc: under C2_rotor to 179.47 deg, in B-disc [Cu lead, rotor B]",node-R-B - Node R-B: ND6 - resonator end B: rotor B (C2 rotor face),gap-lead,rod,B-disc,R-B,,Cu lead,,,,,,,,1.5000,-373.999 -47.473 10.500,-376.984 3.500 10.500,360.9224
rotortip_B_lead_4d,"node-R-B / rotortip_B_lead_4d - rotor face tip 4 lead (node R-B): in B-disc: riser to C2_rotor (node R-B), in B-disc [Cu lead, rotor B]",node-R-B - Node R-B: ND6 - resonator end B: rotor B (C2 rotor face),gap-lead,rod,B-disc,R-B,,Cu lead,,,,,,,,1.5000,-376.984 3.500 10.500,-376.984 3.500 27.750,121.9331
rotortip_B_5,"node-R-B / rotortip_B_5 - rotor face tip 5 of 6 (node R-B, rotor B), 12 mm W-Cu sphere on B-disc at r410 255 deg, apex 6 mm proud, 6 mm in its socket, in B-disc [W-Cu sphere, rotor B]",node-R-B - Node R-B: ND6 - resonator end B: rotor B (C2 rotor face),gap-rotor,sphere,B-disc,R-B,,W-Cu sphere,,,,,,,-106.116 -396.030 39.000,6.0000,,,904.7787
rotortip_B_stem_5,"node-R-B / rotortip_B_stem_5 - rotor face tip 5 stem (node R-B): sphere centre to the lead plane in B-disc, in B-disc [Cu stem, rotor B]",node-R-B - Node R-B: ND6 - resonator end B: rotor B (C2 rotor face),gap-stem,rod,B-disc,R-B,,Cu stem,,,,,,,,3.0000,-106.116 -396.030 39.000,-106.116 -396.030 10.500,805.8185
rotortip_B_lead_5a,"node-R-B / rotortip_B_lead_5a - rotor face tip 5 lead (node R-B): in B-disc: radial to r377 at 255 deg, in B-disc [Cu lead, rotor B]",node-R-B - Node R-B: ND6 - resonator end B: rotor B (C2 rotor face),gap-lead,rod,B-disc,R-B,,Cu lead,,,,,,,,1.5000,-106.116 -396.030 10.500,-97.575 -364.154 10.500,233.2633
rotortip_B_lead_5b,"node-R-B / rotortip_B_lead_5b - rotor face tip 5 lead (node R-B): in B-disc: under C2_rotor to 239.47 deg, in B-disc [Cu lead, rotor B]",node-R-B - Node R-B: ND6 - resonator end B: rotor B (C2 rotor face),gap-lead,rod,B-disc,R-B,,Cu lead,,,,,,,,1.5000,-97.575 -364.154 10.500,-145.887 -347.629 10.500,360.9224
rotortip_B_lead_5c,"node-R-B / rotortip_B_lead_5c - rotor face tip 5 lead (node R-B): in B-disc: under C2_rotor to 239.47 deg, in B-disc [Cu lead, rotor B]",node-R-B - Node R-B: ND6 - resonator end B: rotor B (C2 rotor face),gap-lead,rod,B-disc,R-B,,Cu lead,,,,,,,,1.5000,-145.887 -347.629 10.500,-191.523 -324.728 10.500,360.9224
rotortip_B_lead_5d,"node-R-B / rotortip_B_lead_5d - rotor face tip 5 lead (node R-B): in B-disc: riser to C2_rotor (node R-B), in B-disc [Cu lead, rotor B]",node-R-B - Node R-B: ND6 - resonator end B: rotor B (C2 rotor face),gap-lead,rod,B-disc,R-B,,Cu lead,,,,,,,,1.5000,-191.523 -324.728 10.500,-191.523 -324.728 27.750,121.9331
rotortip_B_6,"node-R-B / rotortip_B_6 - rotor face tip 6 of 6 (node R-B, rotor B), 12 mm W-Cu sphere on B-disc at r410 315 deg, apex 6 mm proud, 6 mm in its socket, in B-disc [W-Cu sphere, rotor B]",node-R-B - Node R-B: ND6 - resonator end B: rotor B (C2 rotor face),gap-rotor,sphere,B-disc,R-B,,W-Cu sphere,,,,,,,289.914 -289.914 39.000,6.0000,,,904.7787
rotortip_B_stem_6,"node-R-B / rotortip_B_stem_6 - rotor face tip 6 stem (node R-B): sphere centre to the lead plane in B-disc, in B-disc [Cu stem, rotor B]",node-R-B - Node R-B: ND6 - resonator end B: rotor B (C2 rotor face),gap-stem,rod,B-disc,R-B,,Cu stem,,,,,,,,3.0000,289.914 -289.914 39.000,289.914 -289.914 10.500,805.8185
rotortip_B_lead_6a,"node-R-B / rotortip_B_lead_6a - rotor face tip 6 lead (node R-B): in B-disc: radial to r377 at 315 deg, in B-disc [Cu lead, rotor B]",node-R-B - Node R-B: ND6 - resonator end B: rotor B (C2 rotor face),gap-lead,rod,B-disc,R-B,,Cu lead,,,,,,,,1.5000,289.914 -289.914 10.500,266.579 -266.579 10.500,233.2633
rotortip_B_lead_6b,"node-R-B / rotortip_B_lead_6b - rotor face tip 6 lead (node R-B): in B-disc: under C2_rotor to 299.47 deg, in B-disc [Cu lead, rotor B]",node-R-B - Node R-B: ND6 - resonator end B: rotor B (C2 rotor face),gap-lead,rod,B-disc,R-B,,Cu lead,,,,,,,,1.5000,266.579 -266.579 10.500,228.112 -300.156 10.500,360.9224
rotortip_B_lead_6c,"node-R-B / rotortip_B_lead_6c - rotor face tip 6 lead (node R-B): in B-disc: under C2_rotor to 299.47 deg, in B-disc [Cu lead, rotor B]",node-R-B - Node R-B: ND6 - resonator end B: rotor B (C2 rotor face),gap-lead,rod,B-disc,R-B,,Cu lead,,,,,,,,1.5000,228.112 -300.156 10.500,185.461 -328.227 10.500,360.9224
rotortip_B_lead_6d,"node-R-B / rotortip_B_lead_6d - rotor face tip 6 lead (node R-B): in B-disc: riser to C2_rotor (node R-B), in B-disc [Cu lead, rotor B]",node-R-B - Node R-B: ND6 - resonator end B: rotor B (C2 rotor face),gap-lead,rod,B-disc,R-B,,Cu lead,,,,,,,,1.5000,185.461 -328.227 10.500,185.461 -328.227 27.750,121.9331
ND1_link_1,"node-1 / ND1_link_1 - ND1 equipotential link 1 of 6 (node 1): C1_stator <-> Ca_counter through ND1 at r241 45 deg, 20.5 mm, in ND1 [Cu link, stator]",node-1 - Node 1: ND1 - A-rail: C1 stator plate + Ca counter-electrode,link,rod,ND1,1,,Cu link,,,,,,,,1.5000,170.413 170.413 -49.750,170.413 170.413 -71.250,151.9745
ND1_link_2,"node-1 / ND1_link_2 - ND1 equipotential link 2 of 6 (node 1): C1_stator <-> Ca_counter through ND1 at r241 105 deg, 20.5 mm, in ND1 [Cu link, stator]",node-1 - Node 1: ND1 - A-rail: C1 stator plate + Ca counter-electrode,link,rod,ND1,1,,Cu link,,,,,,,,1.5000,-62.375 232.788 -49.750,-62.375 232.788 -71.250,151.9745
ND1_link_3,"node-1 / ND1_link_3 - ND1 equipotential link 3 of 6 (node 1): C1_stator <-> Ca_counter through ND1 at r241 165 deg, 20.5 mm, in ND1 [Cu link, stator]",node-1 - Node 1: ND1 - A-rail: C1 stator plate + Ca counter-electrode,link,rod,ND1,1,,Cu link,,,,,,,,1.5000,-232.788 62.375 -49.750,-232.788 62.375 -71.250,151.9745
ND1_link_4,"node-1 / ND1_link_4 - ND1 equipotential link 4 of 6 (node 1): C1_stator <-> Ca_counter through ND1 at r241 225 deg, 20.5 mm, in ND1 [Cu link, stator]",node-1 - Node 1: ND1 - A-rail: C1 stator plate + Ca counter-electrode,link,rod,ND1,1,,Cu link,,,,,,,,1.5000,-170.413 -170.413 -49.750,-170.413 -170.413 -71.250,151.9745
ND1_link_5,"node-1 / ND1_link_5 - ND1 equipotential link 5 of 6 (node 1): C1_stator <-> Ca_counter through ND1 at r241 285 deg, 20.5 mm, in ND1 [Cu link, stator]",node-1 - Node 1: ND1 - A-rail: C1 stator plate + Ca counter-electrode,link,rod,ND1,1,,Cu link,,,,,,,,1.5000,62.375 -232.788 -49.750,62.375 -232.788 -71.250,151.9745
ND1_link_6,"node-1 / ND1_link_6 - ND1 equipotential link 6 of 6 (node 1): C1_stator <-> Ca_counter through ND1 at r241 345 deg, 20.5 mm, in ND1 [Cu link, stator]",node-1 - Node 1: ND1 - A-rail: C1 stator plate + Ca counter-electrode,link,rod,ND1,1,,Cu link,,,,,,,,1.5000,232.788 -62.375 -49.750,232.788 -62.375 -71.250,151.9745
ND4_link_1,"node-4 / ND4_link_1 - ND4 equipotential link 1 of 6 (node 4): C2_stator <-> Cb_counter through ND4 at r241 15 deg, 20.5 mm, in ND4 [Cu link, stator]",node-4 - Node 4: ND4 - B-rail: C2 stator plate + Cb counter-electrode,link,rod,ND4,4,,Cu link,,,,,,,,1.5000,232.788 62.375 49.750,232.788 62.375 71.250,151.9745
ND4_link_2,"node-4 / ND4_link_2 - ND4 equipotential link 2 of 6 (node 4): C2_stator <-> Cb_counter through ND4 at r241 75 deg, 20.5 mm, in ND4 [Cu link, stator]",node-4 - Node 4: ND4 - B-rail: C2 stator plate + Cb counter-electrode,link,rod,ND4,4,,Cu link,,,,,,,,1.5000,62.375 232.788 49.750,62.375 232.788 71.250,151.9745
ND4_link_3,"node-4 / ND4_link_3 - ND4 equipotential link 3 of 6 (node 4): C2_stator <-> Cb_counter through ND4 at r241 135 deg, 20.5 mm, in ND4 [Cu link, stator]",node-4 - Node 4: ND4 - B-rail: C2 stator plate + Cb counter-electrode,link,rod,ND4,4,,Cu link,,,,,,,,1.5000,-170.413 170.413 49.750,-170.413 170.413 71.250,151.9745
ND4_link_4,"node-4 / ND4_link_4 - ND4 equipotential link 4 of 6 (node 4): C2_stator <-> Cb_counter through ND4 at r241 195 deg, 20.5 mm, in ND4 [Cu link, stator]",node-4 - Node 4: ND4 - B-rail: C2 stator plate + Cb counter-electrode,link,rod,ND4,4,,Cu link,,,,,,,,1.5000,-232.788 -62.375 49.750,-232.788 -62.375 71.250,151.9745
ND4_link_5,"node-4 / ND4_link_5 - ND4 equipotential link 5 of 6 (node 4): C2_stator <-> Cb_counter through ND4 at r241 255 deg, 20.5 mm, in ND4 [Cu link, stator]",node-4 - Node 4: ND4 - B-rail: C2 stator plate + Cb counter-electrode,link,rod,ND4,4,,Cu link,,,,,,,,1.5000,-62.375 -232.788 49.750,-62.375 -232.788 71.250,151.9745
ND4_link_6,"node-4 / ND4_link_6 - ND4 equipotential link 6 of 6 (node 4): C2_stator <-> Cb_counter through ND4 at r241 315 deg, 20.5 mm, in ND4 [Cu link, stator]",node-4 - Node 4: ND4 - B-rail: C2 stator plate + Cb counter-electrode,link,rod,ND4,4,,Cu link,,,,,,,,1.5000,170.413 -170.413 49.750,170.413 -170.413 71.250,151.9745
bus_ND1_1,"node-1 / bus_ND1_1 - ND1 bus ring (node 1): joins the 6 sectors of Ca_counter, r96.5, 3 x 3 mm, embedded 2.25 mm under its face, in ND1 [Cu bus, stator]",node-1 - Node 1: ND1 - A-rail: C1 stator plate + Ca counter-electrode,bus,sector,ND1,1,,Cu bus,95.0000,98.0000,0.0000,360.0000,-68.5000,-65.5000,,,,,5456.9464
bus_ND1_1_riser_1,"node-1 / bus_ND1_1_riser_1 - ND1 bus riser 1 of 6 (node 1): bus ring to Ca_counter at 45 deg, in ND1 [Cu bus, stator]",node-1 - Node 1: ND1 - A-rail: C1 stator plate + Ca counter-electrode,bus,rod,ND1,1,,Cu bus,,,,,,,,1.5000,68.236 68.236 -67.000,68.236 68.236 -71.250,30.0415
bus_ND1_1_riser_2,"node-1 / bus_ND1_1_riser_2 - ND1 bus riser 2 of 6 (node 1): bus ring to Ca_counter at 105 deg, in ND1 [Cu bus, stator]",node-1 - Node 1: ND1 - A-rail: C1 stator plate + Ca counter-electrode,bus,rod,ND1,1,,Cu bus,,,,,,,,1.5000,-24.976 93.212 -67.000,-24.976 93.212 -71.250,30.0415
bus_ND1_1_riser_3,"node-1 / bus_ND1_1_riser_3 - ND1 bus riser 3 of 6 (node 1): bus ring to Ca_counter at 165 deg, in ND1 [Cu bus, stator]",node-1 - Node 1: ND1 - A-rail: C1 stator plate + Ca counter-electrode,bus,rod,ND1,1,,Cu bus,,,,,,,,1.5000,-93.212 24.976 -67.000,-93.212 24.976 -71.250,30.0415
bus_ND1_1_riser_4,"node-1 / bus_ND1_1_riser_4 - ND1 bus riser 4 of 6 (node 1): bus ring to Ca_counter at 225 deg, in ND1 [Cu bus, stator]",node-1 - Node 1: ND1 - A-rail: C1 stator plate + Ca counter-electrode,bus,rod,ND1,1,,Cu bus,,,,,,,,1.5000,-68.236 -68.236 -67.000,-68.236 -68.236 -71.250,30.0415
bus_ND1_1_riser_5,"node-1 / bus_ND1_1_riser_5 - ND1 bus riser 5 of 6 (node 1): bus ring to Ca_counter at 285 deg, in ND1 [Cu bus, stator]",node-1 - Node 1: ND1 - A-rail: C1 stator plate + Ca counter-electrode,bus,rod,ND1,1,,Cu bus,,,,,,,,1.5000,24.976 -93.212 -67.000,24.976 -93.212 -71.250,30.0415
bus_ND1_1_riser_6,"node-1 / bus_ND1_1_riser_6 - ND1 bus riser 6 of 6 (node 1): bus ring to Ca_counter at 345 deg, in ND1 [Cu bus, stator]",node-1 - Node 1: ND1 - A-rail: C1 stator plate + Ca counter-electrode,bus,rod,ND1,1,,Cu bus,,,,,,,,1.5000,93.212 -24.976 -67.000,93.212 -24.976 -71.250,30.0415
bus_ND2_n23,"node-n23 / bus_ND2_n23 - ND2 bus ring (node n23): joins the 6 sectors of Cx4_pickup, r59.5, 3 x 3 mm, embedded 2.25 mm under its face, in ND2 [Cu bus, stator]",node-n23 - Node n23: Cx4 pickup on ND2 (Lx4 to node 2),bus,sector,ND2,n23,,Cu bus,58.0000,61.0000,0.0000,360.0000,-116.1500,-113.1500,,,,,3364.6457
bus_ND2_n23_riser_1,"node-n23 / bus_ND2_n23_riser_1 - ND2 bus riser 1 of 6 (node n23): bus ring to Cx4_pickup at 15 deg, in ND2 [Cu bus, stator]",node-n23 - Node n23: Cx4 pickup on ND2 (Lx4 to node 2),bus,rod,ND2,n23,,Cu bus,,,,,,,,1.5000,57.473 15.400 -114.650,57.473 15.400 -118.900,30.0415
bus_ND2_n23_riser_2,"node-n23 / bus_ND2_n23_riser_2 - ND2 bus riser 2 of 6 (node n23): bus ring to Cx4_pickup at 75 deg, in ND2 [Cu bus, stator]",node-n23 - Node n23: Cx4 pickup on ND2 (Lx4 to node 2),bus,rod,ND2,n23,,Cu bus,,,,,,,,1.5000,15.400 57.473 -114.650,15.400 57.473 -118.900,30.0415
bus_ND2_n23_riser_3,"node-n23 / bus_ND2_n23_riser_3 - ND2 bus riser 3 of 6 (node n23): bus ring to Cx4_pickup at 135 deg, in ND2 [Cu bus, stator]",node-n23 - Node n23: Cx4 pickup on ND2 (Lx4 to node 2),bus,rod,ND2,n23,,Cu bus,,,,,,,,1.5000,-42.073 42.073 -114.650,-42.073 42.073 -118.900,30.0415
bus_ND2_n23_riser_4,"node-n23 / bus_ND2_n23_riser_4 - ND2 bus riser 4 of 6 (node n23): bus ring to Cx4_pickup at 195 deg, in ND2 [Cu bus, stator]",node-n23 - Node n23: Cx4 pickup on ND2 (Lx4 to node 2),bus,rod,ND2,n23,,Cu bus,,,,,,,,1.5000,-57.473 -15.400 -114.650,-57.473 -15.400 -118.900,30.0415
bus_ND2_n23_riser_5,"node-n23 / bus_ND2_n23_riser_5 - ND2 bus riser 5 of 6 (node n23): bus ring to Cx4_pickup at 255 deg, in ND2 [Cu bus, stator]",node-n23 - Node n23: Cx4 pickup on ND2 (Lx4 to node 2),bus,rod,ND2,n23,,Cu bus,,,,,,,,1.5000,-15.400 -57.473 -114.650,-15.400 -57.473 -118.900,30.0415
bus_ND2_n23_riser_6,"node-n23 / bus_ND2_n23_riser_6 - ND2 bus riser 6 of 6 (node n23): bus ring to Cx4_pickup at 315 deg, in ND2 [Cu bus, stator]",node-n23 - Node n23: Cx4 pickup on ND2 (Lx4 to node 2),bus,rod,ND2,n23,,Cu bus,,,,,,,,1.5000,42.073 -42.073 -114.650,42.073 -42.073 -118.900,30.0415
bus_ND2_2,"node-2 / bus_ND2_2 - ND2 bus ring (node 2): joins the 6 sectors of Ca_el, r286.76, 3 x 3 mm, embedded 2.25 mm under its face, in ND2 [Cu bus, stator]",node-2 - Node 2: ND2 - AR bank: Ca electrode,bus,sector,ND2,2,,Cu bus,285.2634,288.2634,0.0000,360.0000,-82.5000,-79.5000,,,,,16216.0866
bus_ND2_2_riser_1,"node-2 / bus_ND2_2_riser_1 - ND2 bus riser 1 of 6 (node 2): bus ring to Ca_el at 45 deg, in ND2 [Cu bus, stator]",node-2 - Node 2: ND2 - AR bank: Ca electrode,bus,rod,ND2,2,,Cu bus,,,,,,,,1.5000,202.772 202.772 -81.000,202.772 202.772 -76.750,30.0415
bus_ND2_2_riser_2,"node-2 / bus_ND2_2_riser_2 - ND2 bus riser 2 of 6 (node 2): bus ring to Ca_el at 105 deg, in ND2 [Cu bus, stator]",node-2 - Node 2: ND2 - AR bank: Ca electrode,bus,rod,ND2,2,,Cu bus,,,,,,,,1.5000,-74.220 276.992 -81.000,-74.220 276.992 -76.750,30.0415
bus_ND2_2_riser_3,"node-2 / bus_ND2_2_riser_3 - ND2 bus riser 3 of 6 (node 2): bus ring to Ca_el at 165 deg, in ND2 [Cu bus, stator]",node-2 - Node 2: ND2 - AR bank: Ca electrode,bus,rod,ND2,2,,Cu bus,,,,,,,,1.5000,-276.992 74.220 -81.000,-276.992 74.220 -76.750,30.0415
bus_ND2_2_riser_4,"node-2 / bus_ND2_2_riser_4 - ND2 bus riser 4 of 6 (node 2): bus ring to Ca_el at 225 deg, in ND2 [Cu bus, stator]",node-2 - Node 2: ND2 - AR bank: Ca electrode,bus,rod,ND2,2,,Cu bus,,,,,,,,1.5000,-202.772 -202.772 -81.000,-202.772 -202.772 -76.750,30.0415
bus_ND2_2_riser_5,"node-2 / bus_ND2_2_riser_5 - ND2 bus riser 5 of 6 (node 2): bus ring to Ca_el at 285 deg, in ND2 [Cu bus, stator]",node-2 - Node 2: ND2 - AR bank: Ca electrode,bus,rod,ND2,2,,Cu bus,,,,,,,,1.5000,74.220 -276.992 -81.000,74.220 -276.992 -76.750,30.0415
bus_ND2_2_riser_6,"node-2 / bus_ND2_2_riser_6 - ND2 bus riser 6 of 6 (node 2): bus ring to Ca_el at 345 deg, in ND2 [Cu bus, stator]",node-2 - Node 2: ND2 - AR bank: Ca electrode,bus,rod,ND2,2,,Cu bus,,,,,,,,1.5000,276.992 -74.220 -81.000,276.992 -74.220 -76.750,30.0415
bus_ND3_n17,"node-n17 / bus_ND3_n17 - ND3 bus ring (node n17): joins the 6 sectors of Cx3_pickup, r59.5, 3 x 3 mm, embedded 2.25 mm under its face, in ND3 [Cu bus, stator]",node-n17 - Node n17: Cx3 pickup on ND3 (Lx3 to node 3),bus,sector,ND3,n17,,Cu bus,58.0000,61.0000,0.0000,360.0000,113.1500,116.1500,,,,,3364.6457
bus_ND3_n17_riser_1,"node-n17 / bus_ND3_n17_riser_1 - ND3 bus riser 1 of 6 (node n17): bus ring to Cx3_pickup at 45 deg, in ND3 [Cu bus, stator]",node-n17 - Node n17: Cx3 pickup on ND3 (Lx3 to node 3),bus,rod,ND3,n17,,Cu bus,,,,,,,,1.5000,42.073 42.073 114.650,42.073 42.073 118.900,30.0415
bus_ND3_n17_riser_2,"node-n17 / bus_ND3_n17_riser_2 - ND3 bus riser 2 of 6 (node n17): bus ring to Cx3_pickup at 105 deg, in ND3 [Cu bus, stator]",node-n17 - Node n17: Cx3 pickup on ND3 (Lx3 to node 3),bus,rod,ND3,n17,,Cu bus,,,,,,,,1.5000,-15.400 57.473 114.650,-15.400 57.473 118.900,30.0415
bus_ND3_n17_riser_3,"node-n17 / bus_ND3_n17_riser_3 - ND3 bus riser 3 of 6 (node n17): bus ring to Cx3_pickup at 165 deg, in ND3 [Cu bus, stator]",node-n17 - Node n17: Cx3 pickup on ND3 (Lx3 to node 3),bus,rod,ND3,n17,,Cu bus,,,,,,,,1.5000,-57.473 15.400 114.650,-57.473 15.400 118.900,30.0415
bus_ND3_n17_riser_4,"node-n17 / bus_ND3_n17_riser_4 - ND3 bus riser 4 of 6 (node n17): bus ring to Cx3_pickup at 225 deg, in ND3 [Cu bus, stator]",node-n17 - Node n17: Cx3 pickup on ND3 (Lx3 to node 3),bus,rod,ND3,n17,,Cu bus,,,,,,,,1.5000,-42.073 -42.073 114.650,-42.073 -42.073 118.900,30.0415
bus_ND3_n17_riser_5,"node-n17 / bus_ND3_n17_riser_5 - ND3 bus riser 5 of 6 (node n17): bus ring to Cx3_pickup at 285 deg, in ND3 [Cu bus, stator]",node-n17 - Node n17: Cx3 pickup on ND3 (Lx3 to node 3),bus,rod,ND3,n17,,Cu bus,,,,,,,,1.5000,15.400 -57.473 114.650,15.400 -57.473 118.900,30.0415
bus_ND3_n17_riser_6,"node-n17 / bus_ND3_n17_riser_6 - ND3 bus riser 6 of 6 (node n17): bus ring to Cx3_pickup at 345 deg, in ND3 [Cu bus, stator]",node-n17 - Node n17: Cx3 pickup on ND3 (Lx3 to node 3),bus,rod,ND3,n17,,Cu bus,,,,,,,,1.5000,57.473 -15.400 114.650,57.473 -15.400 118.900,30.0415
bus_ND3_3,"node-3 / bus_ND3_3 - ND3 bus ring (node 3): joins the 6 sectors of Cb_el, r286.76, 3 x 3 mm, embedded 2.25 mm under its face, in ND3 [Cu bus, stator]",node-3 - Node 3: ND3 - BR bank: Cb electrode,bus,sector,ND3,3,,Cu bus,285.2634,288.2634,0.0000,360.0000,79.5000,82.5000,,,,,16216.0866
bus_ND3_3_riser_1,"node-3 / bus_ND3_3_riser_1 - ND3 bus riser 1 of 6 (node 3): bus ring to Cb_el at 15 deg, in ND3 [Cu bus, stator]",node-3 - Node 3: ND3 - BR bank: Cb electrode,bus,rod,ND3,3,,Cu bus,,,,,,,,1.5000,276.992 74.220 81.000,276.992 74.220 76.750,30.0415
bus_ND3_3_riser_2,"node-3 / bus_ND3_3_riser_2 - ND3 bus riser 2 of 6 (node 3): bus ring to Cb_el at 75 deg, in ND3 [Cu bus, stator]",node-3 - Node 3: ND3 - BR bank: Cb electrode,bus,rod,ND3,3,,Cu bus,,,,,,,,1.5000,74.220 276.992 81.000,74.220 276.992 76.750,30.0415
bus_ND3_3_riser_3,"node-3 / bus_ND3_3_riser_3 - ND3 bus riser 3 of 6 (node 3): bus ring to Cb_el at 135 deg, in ND3 [Cu bus, stator]",node-3 - Node 3: ND3 - BR bank: Cb electrode,bus,rod,ND3,3,,Cu bus,,,,,,,,1.5000,-202.772 202.772 81.000,-202.772 202.772 76.750,30.0415
bus_ND3_3_riser_4,"node-3 / bus_ND3_3_riser_4 - ND3 bus riser 4 of 6 (node 3): bus ring to Cb_el at 195 deg, in ND3 [Cu bus, stator]",node-3 - Node 3: ND3 - BR bank: Cb electrode,bus,rod,ND3,3,,Cu bus,,,,,,,,1.5000,-276.992 -74.220 81.000,-276.992 -74.220 76.750,30.0415
bus_ND3_3_riser_5,"node-3 / bus_ND3_3_riser_5 - ND3 bus riser 5 of 6 (node 3): bus ring to Cb_el at 255 deg, in ND3 [Cu bus, stator]",node-3 - Node 3: ND3 - BR bank: Cb electrode,bus,rod,ND3,3,,Cu bus,,,,,,,,1.5000,-74.220 -276.992 81.000,-74.220 -276.992 76.750,30.0415
bus_ND3_3_riser_6,"node-3 / bus_ND3_3_riser_6 - ND3 bus riser 6 of 6 (node 3): bus ring to Cb_el at 315 deg, in ND3 [Cu bus, stator]",node-3 - Node 3: ND3 - BR bank: Cb electrode,bus,rod,ND3,3,,Cu bus,,,,,,,,1.5000,202.772 -202.772 81.000,202.772 -202.772 76.750,30.0415
bus_ND4_4,"node-4 / bus_ND4_4 - ND4 bus ring (node 4): joins the 6 sectors of Cb_counter, r96.5, 3 x 3 mm, embedded 2.25 mm under its face, in ND4 [Cu bus, stator]",node-4 - Node 4: ND4 - B-rail: C2 stator plate + Cb counter-electrode,bus,sector,ND4,4,,Cu bus,95.0000,98.0000,0.0000,360.0000,65.5000,68.5000,,,,,5456.9464
bus_ND4_4_riser_1,"node-4 / bus_ND4_4_riser_1 - ND4 bus riser 1 of 6 (node 4): bus ring to Cb_counter at 15 deg, in ND4 [Cu bus, stator]",node-4 - Node 4: ND4 - B-rail: C2 stator plate + Cb counter-electrode,bus,rod,ND4,4,,Cu bus,,,,,,,,1.5000,93.212 24.976 67.000,93.212 24.976 71.250,30.0415
bus_ND4_4_riser_2,"node-4 / bus_ND4_4_riser_2 - ND4 bus riser 2 of 6 (node 4): bus ring to Cb_counter at 75 deg, in ND4 [Cu bus, stator]",node-4 - Node 4: ND4 - B-rail: C2 stator plate + Cb counter-electrode,bus,rod,ND4,4,,Cu bus,,,,,,,,1.5000,24.976 93.212 67.000,24.976 93.212 71.250,30.0415
bus_ND4_4_riser_3,"node-4 / bus_ND4_4_riser_3 - ND4 bus riser 3 of 6 (node 4): bus ring to Cb_counter at 135 deg, in ND4 [Cu bus, stator]",node-4 - Node 4: ND4 - B-rail: C2 stator plate + Cb counter-electrode,bus,rod,ND4,4,,Cu bus,,,,,,,,1.5000,-68.236 68.236 67.000,-68.236 68.236 71.250,30.0415
bus_ND4_4_riser_4,"node-4 / bus_ND4_4_riser_4 - ND4 bus riser 4 of 6 (node 4): bus ring to Cb_counter at 195 deg, in ND4 [Cu bus, stator]",node-4 - Node 4: ND4 - B-rail: C2 stator plate + Cb counter-electrode,bus,rod,ND4,4,,Cu bus,,,,,,,,1.5000,-93.212 -24.976 67.000,-93.212 -24.976 71.250,30.0415
bus_ND4_4_riser_5,"node-4 / bus_ND4_4_riser_5 - ND4 bus riser 5 of 6 (node 4): bus ring to Cb_counter at 255 deg, in ND4 [Cu bus, stator]",node-4 - Node 4: ND4 - B-rail: C2 stator plate + Cb counter-electrode,bus,rod,ND4,4,,Cu bus,,,,,,,,1.5000,-24.976 -93.212 67.000,-24.976 -93.212 71.250,30.0415
bus_ND4_4_riser_6,"node-4 / bus_ND4_4_riser_6 - ND4 bus riser 6 of 6 (node 4): bus ring to Cb_counter at 315 deg, in ND4 [Cu bus, stator]",node-4 - Node 4: ND4 - B-rail: C2 stator plate + Cb counter-electrode,bus,rod,ND4,4,,Cu bus,,,,,,,,1.5000,68.236 -68.236 67.000,68.236 -68.236 71.250,30.0415
bus_A_disc_RA,"node-R-A / bus_A_disc_RA - A-disc bus ring (node R-A): joins the 6 sectors of C1_rotor, r76.5, 3 x 3 mm, embedded 2 mm under its face, in A-disc [Cu bus, rotor A]",node-R-A - Node R-A: ND5 - resonator end A: rotor A (C1 rotor face),bus,sector,A-disc,R-A,,Cu bus,75.0000,78.0000,0.0000,360.0000,-25.2500,-22.2500,,,,,4325.9731
bus_A_disc_RA_riser_1,"node-R-A / bus_A_disc_RA_riser_1 - A-disc bus riser 1 of 6 (node R-A): bus ring to C1_rotor at 45 deg, in A-disc [Cu bus, rotor A]",node-R-A - Node R-A: ND5 - resonator end A: rotor A (C1 rotor face),bus,rod,A-disc,R-A,,Cu bus,,,,,,,,1.5000,54.094 54.094 -23.750,54.094 54.094 -27.750,28.2743
bus_A_disc_RA_riser_2,"node-R-A / bus_A_disc_RA_riser_2 - A-disc bus riser 2 of 6 (node R-A): bus ring to C1_rotor at 105 deg, in A-disc [Cu bus, rotor A]",node-R-A - Node R-A: ND5 - resonator end A: rotor A (C1 rotor face),bus,rod,A-disc,R-A,,Cu bus,,,,,,,,1.5000,-19.800 73.893 -23.750,-19.800 73.893 -27.750,28.2743
bus_A_disc_RA_riser_3,"node-R-A / bus_A_disc_RA_riser_3 - A-disc bus riser 3 of 6 (node R-A): bus ring to C1_rotor at 165 deg, in A-disc [Cu bus, rotor A]",node-R-A - Node R-A: ND5 - resonator end A: rotor A (C1 rotor face),bus,rod,A-disc,R-A,,Cu bus,,,,,,,,1.5000,-73.893 19.800 -23.750,-73.893 19.800 -27.750,28.2743
bus_A_disc_RA_riser_4,"node-R-A / bus_A_disc_RA_riser_4 - A-disc bus riser 4 of 6 (node R-A): bus ring to C1_rotor at 225 deg, in A-disc [Cu bus, rotor A]",node-R-A - Node R-A: ND5 - resonator end A: rotor A (C1 rotor face),bus,rod,A-disc,R-A,,Cu bus,,,,,,,,1.5000,-54.094 -54.094 -23.750,-54.094 -54.094 -27.750,28.2743
bus_A_disc_RA_riser_5,"node-R-A / bus_A_disc_RA_riser_5 - A-disc bus riser 5 of 6 (node R-A): bus ring to C1_rotor at 285 deg, in A-disc [Cu bus, rotor A]",node-R-A - Node R-A: ND5 - resonator end A: rotor A (C1 rotor face),bus,rod,A-disc,R-A,,Cu bus,,,,,,,,1.5000,19.800 -73.893 -23.750,19.800 -73.893 -27.750,28.2743
bus_A_disc_RA_riser_6,"node-R-A / bus_A_disc_RA_riser_6 - A-disc bus riser 6 of 6 (node R-A): bus ring to C1_rotor at 345 deg, in A-disc [Cu bus, rotor A]",node-R-A - Node R-A: ND5 - resonator end A: rotor A (C1 rotor face),bus,rod,A-disc,R-A,,Cu bus,,,,,,,,1.5000,73.893 -19.800 -23.750,73.893 -19.800 -27.750,28.2743
bus_A_disc_n18,"node-n18 / bus_A_disc_n18 - A-disc bus ring (node n18): joins the 6 sectors of CR_A, r83.49, 3 x 3 mm, embedded 2 mm under its face, in A-disc [Cu bus, rotor A]",node-n18 - Node n18: ND9 - C_R plate on rotor A (L_R1 to R-A),bus,sector,A-disc,n18,,Cu bus,81.9922,84.9922,0.0000,360.0000,-12.0000,-9.0000,,,,,4721.3715
bus_A_disc_n18_riser_1,"node-n18 / bus_A_disc_n18_riser_1 - A-disc bus riser 1 of 6 (node n18): bus ring to CR_A at 45 deg, in A-disc [Cu bus, rotor A]",node-n18 - Node n18: ND9 - C_R plate on rotor A (L_R1 to R-A),bus,rod,A-disc,n18,,Cu bus,,,,,,,,1.5000,59.038 59.038 -10.500,59.038 59.038 -6.500,28.2743
bus_A_disc_n18_riser_2,"node-n18 / bus_A_disc_n18_riser_2 - A-disc bus riser 2 of 6 (node n18): bus ring to CR_A at 105 deg, in A-disc [Cu bus, rotor A]",node-n18 - Node n18: ND9 - C_R plate on rotor A (L_R1 to R-A),bus,rod,A-disc,n18,,Cu bus,,,,,,,,1.5000,-21.609 80.647 -10.500,-21.609 80.647 -6.500,28.2743
bus_A_disc_n18_riser_3,"node-n18 / bus_A_disc_n18_riser_3 - A-disc bus riser 3 of 6 (node n18): bus ring to CR_A at 165 deg, in A-disc [Cu bus, rotor A]",node-n18 - Node n18: ND9 - C_R plate on rotor A (L_R1 to R-A),bus,rod,A-disc,n18,,Cu bus,,,,,,,,1.5000,-80.647 21.609 -10.500,-80.647 21.609 -6.500,28.2743
bus_A_disc_n18_riser_4,"node-n18 / bus_A_disc_n18_riser_4 - A-disc bus riser 4 of 6 (node n18): bus ring to CR_A at 225 deg, in A-disc [Cu bus, rotor A]",node-n18 - Node n18: ND9 - C_R plate on rotor A (L_R1 to R-A),bus,rod,A-disc,n18,,Cu bus,,,,,,,,1.5000,-59.038 -59.038 -10.500,-59.038 -59.038 -6.500,28.2743
bus_A_disc_n18_riser_5,"node-n18 / bus_A_disc_n18_riser_5 - A-disc bus riser 5 of 6 (node n18): bus ring to CR_A at 285 deg, in A-disc [Cu bus, rotor A]",node-n18 - Node n18: ND9 - C_R plate on rotor A (L_R1 to R-A),bus,rod,A-disc,n18,,Cu bus,,,,,,,,1.5000,21.609 -80.647 -10.500,21.609 -80.647 -6.500,28.2743
bus_A_disc_n18_riser_6,"node-n18 / bus_A_disc_n18_riser_6 - A-disc bus riser 6 of 6 (node n18): bus ring to CR_A at 345 deg, in A-disc [Cu bus, rotor A]",node-n18 - Node n18: ND9 - C_R plate on rotor A (L_R1 to R-A),bus,rod,A-disc,n18,,Cu bus,,,,,,,,1.5000,80.647 -21.609 -10.500,80.647 -21.609 -6.500,28.2743
bus_B_disc_RB,"node-R-B / bus_B_disc_RB - B-disc bus ring (node R-B): joins the 6 sectors of C2_rotor, r76.5, 3 x 3 mm, embedded 2 mm under its face, in B-disc [Cu bus, rotor B]",node-R-B - Node R-B: ND6 - resonator end B: rotor B (C2 rotor face),bus,sector,B-disc,R-B,,Cu bus,75.0000,78.0000,0.0000,360.0000,22.2500,25.2500,,,,,4325.9731
bus_B_disc_RB_riser_1,"node-R-B / bus_B_disc_RB_riser_1 - B-disc bus riser 1 of 6 (node R-B): bus ring to C2_rotor at 45 deg, in B-disc [Cu bus, rotor B]",node-R-B - Node R-B: ND6 - resonator end B: rotor B (C2 rotor face),bus,rod,B-disc,R-B,,Cu bus,,,,,,,,1.5000,54.094 54.094 23.750,54.094 54.094 27.750,28.2743
bus_B_disc_RB_riser_2,"node-R-B / bus_B_disc_RB_riser_2 - B-disc bus riser 2 of 6 (node R-B): bus ring to C2_rotor at 105 deg, in B-disc [Cu bus, rotor B]",node-R-B - Node R-B: ND6 - resonator end B: rotor B (C2 rotor face),bus,rod,B-disc,R-B,,Cu bus,,,,,,,,1.5000,-19.800 73.893 23.750,-19.800 73.893 27.750,28.2743
bus_B_disc_RB_riser_3,"node-R-B / bus_B_disc_RB_riser_3 - B-disc bus riser 3 of 6 (node R-B): bus ring to C2_rotor at 165 deg, in B-disc [Cu bus, rotor B]",node-R-B - Node R-B: ND6 - resonator end B: rotor B (C2 rotor face),bus,rod,B-disc,R-B,,Cu bus,,,,,,,,1.5000,-73.893 19.800 23.750,-73.893 19.800 27.750,28.2743
bus_B_disc_RB_riser_4,"node-R-B / bus_B_disc_RB_riser_4 - B-disc bus riser 4 of 6 (node R-B): bus ring to C2_rotor at 225 deg, in B-disc [Cu bus, rotor B]",node-R-B - Node R-B: ND6 - resonator end B: rotor B (C2 rotor face),bus,rod,B-disc,R-B,,Cu bus,,,,,,,,1.5000,-54.094 -54.094 23.750,-54.094 -54.094 27.750,28.2743
bus_B_disc_RB_riser_5,"node-R-B / bus_B_disc_RB_riser_5 - B-disc bus riser 5 of 6 (node R-B): bus ring to C2_rotor at 285 deg, in B-disc [Cu bus, rotor B]",node-R-B - Node R-B: ND6 - resonator end B: rotor B (C2 rotor face),bus,rod,B-disc,R-B,,Cu bus,,,,,,,,1.5000,19.800 -73.893 23.750,19.800 -73.893 27.750,28.2743
bus_B_disc_RB_riser_6,"node-R-B / bus_B_disc_RB_riser_6 - B-disc bus riser 6 of 6 (node R-B): bus ring to C2_rotor at 345 deg, in B-disc [Cu bus, rotor B]",node-R-B - Node R-B: ND6 - resonator end B: rotor B (C2 rotor face),bus,rod,B-disc,R-B,,Cu bus,,,,,,,,1.5000,73.893 -19.800 23.750,73.893 -19.800 27.750,28.2743
bus_B_disc_n00,"node-n00 / bus_B_disc_n00 - B-disc bus ring (node n00): joins the 6 sectors of CR_B, r83.49, 3 x 3 mm, embedded 2 mm under its face, in B-disc [Cu bus, rotor B]",node-n00 - Node n00: ND10 - C_R plate on rotor B (L_R2 to R-B),bus,sector,B-disc,n00,,Cu bus,81.9922,84.9922,0.0000,360.0000,9.0000,12.0000,,,,,4721.3715
bus_B_disc_n00_riser_1,"node-n00 / bus_B_disc_n00_riser_1 - B-disc bus riser 1 of 6 (node n00): bus ring to CR_B at 45 deg, in B-disc [Cu bus, rotor B]",node-n00 - Node n00: ND10 - C_R plate on rotor B (L_R2 to R-B),bus,rod,B-disc,n00,,Cu bus,,,,,,,,1.5000,59.038 59.038 10.500,59.038 59.038 6.500,28.2743
bus_B_disc_n00_riser_2,"node-n00 / bus_B_disc_n00_riser_2 - B-disc bus riser 2 of 6 (node n00): bus ring to CR_B at 105 deg, in B-disc [Cu bus, rotor B]",node-n00 - Node n00: ND10 - C_R plate on rotor B (L_R2 to R-B),bus,rod,B-disc,n00,,Cu bus,,,,,,,,1.5000,-21.609 80.647 10.500,-21.609 80.647 6.500,28.2743
bus_B_disc_n00_riser_3,"node-n00 / bus_B_disc_n00_riser_3 - B-disc bus riser 3 of 6 (node n00): bus ring to CR_B at 165 deg, in B-disc [Cu bus, rotor B]",node-n00 - Node n00: ND10 - C_R plate on rotor B (L_R2 to R-B),bus,rod,B-disc,n00,,Cu bus,,,,,,,,1.5000,-80.647 21.609 10.500,-80.647 21.609 6.500,28.2743
bus_B_disc_n00_riser_4,"node-n00 / bus_B_disc_n00_riser_4 - B-disc bus riser 4 of 6 (node n00): bus ring to CR_B at 225 deg, in B-disc [Cu bus, rotor B]",node-n00 - Node n00: ND10 - C_R plate on rotor B (L_R2 to R-B),bus,rod,B-disc,n00,,Cu bus,,,,,,,,1.5000,-59.038 -59.038 10.500,-59.038 -59.038 6.500,28.2743
bus_B_disc_n00_riser_5,"node-n00 / bus_B_disc_n00_riser_5 - B-disc bus riser 5 of 6 (node n00): bus ring to CR_B at 285 deg, in B-disc [Cu bus, rotor B]",node-n00 - Node n00: ND10 - C_R plate on rotor B (L_R2 to R-B),bus,rod,B-disc,n00,,Cu bus,,,,,,,,1.5000,21.609 -80.647 10.500,21.609 -80.647 6.500,28.2743
bus_B_disc_n00_riser_6,"node-n00 / bus_B_disc_n00_riser_6 - B-disc bus riser 6 of 6 (node n00): bus ring to CR_B at 345 deg, in B-disc [Cu bus, rotor B]",node-n00 - Node n00: ND10 - C_R plate on rotor B (L_R2 to R-B),bus,rod,B-disc,n00,,Cu bus,,,,,,,,1.5000,80.647 -21.609 10.500,80.647 -21.609 6.500,28.2743
bus_A_flange_8,"node-8 / bus_A_flange_8 - A-flange bus ring (node 8): joins the 6 sectors of Cx4_bars, r76.5, 3 x 3 mm, embedded 2 mm under its face, in A-flange [Cu bus, rotor A]",node-8 - Node 8: ND8 - island on rotor A (Cx4 bars),bus,sector,A-flange,8,,Cu bus,75.0000,78.0000,0.0000,360.0000,-148.2000,-145.2000,,,,,4325.9731
bus_A_flange_8_riser_1,"node-8 / bus_A_flange_8_riser_1 - A-flange bus riser 1 of 6 (node 8): bus ring to Cx4_bars at 15 deg, in A-flange [Cu bus, rotor A]",node-8 - Node 8: ND8 - island on rotor A (Cx4 bars),bus,rod,A-flange,8,,Cu bus,,,,,,,,1.5000,73.893 19.800 -146.700,73.893 19.800 -142.700,28.2743
bus_A_flange_8_riser_2,"node-8 / bus_A_flange_8_riser_2 - A-flange bus riser 2 of 6 (node 8): bus ring to Cx4_bars at 75 deg, in A-flange [Cu bus, rotor A]",node-8 - Node 8: ND8 - island on rotor A (Cx4 bars),bus,rod,A-flange,8,,Cu bus,,,,,,,,1.5000,19.800 73.893 -146.700,19.800 73.893 -142.700,28.2743
bus_A_flange_8_riser_3,"node-8 / bus_A_flange_8_riser_3 - A-flange bus riser 3 of 6 (node 8): bus ring to Cx4_bars at 135 deg, in A-flange [Cu bus, rotor A]",node-8 - Node 8: ND8 - island on rotor A (Cx4 bars),bus,rod,A-flange,8,,Cu bus,,,,,,,,1.5000,-54.094 54.094 -146.700,-54.094 54.094 -142.700,28.2743
bus_A_flange_8_riser_4,"node-8 / bus_A_flange_8_riser_4 - A-flange bus riser 4 of 6 (node 8): bus ring to Cx4_bars at 195 deg, in A-flange [Cu bus, rotor A]",node-8 - Node 8: ND8 - island on rotor A (Cx4 bars),bus,rod,A-flange,8,,Cu bus,,,,,,,,1.5000,-73.893 -19.800 -146.700,-73.893 -19.800 -142.700,28.2743
bus_A_flange_8_riser_5,"node-8 / bus_A_flange_8_riser_5 - A-flange bus riser 5 of 6 (node 8): bus ring to Cx4_bars at 255 deg, in A-flange [Cu bus, rotor A]",node-8 - Node 8: ND8 - island on rotor A (Cx4 bars),bus,rod,A-flange,8,,Cu bus,,,,,,,,1.5000,-19.800 -73.893 -146.700,-19.800 -73.893 -142.700,28.2743
bus_A_flange_8_riser_6,"node-8 / bus_A_flange_8_riser_6 - A-flange bus riser 6 of 6 (node 8): bus ring to Cx4_bars at 315 deg, in A-flange [Cu bus, rotor A]",node-8 - Node 8: ND8 - island on rotor A (Cx4 bars),bus,rod,A-flange,8,,Cu bus,,,,,,,,1.5000,54.094 -54.094 -146.700,54.094 -54.094 -142.700,28.2743
bus_B_flange_7,"node-7 / bus_B_flange_7 - B-flange bus ring (node 7): joins the 6 sectors of Cx3_bars, r76.5, 3 x 3 mm, embedded 2 mm under its face, in B-flange [Cu bus, rotor B]",node-7 - Node 7: ND7 - island on rotor B (Cx3 bars),bus,sector,B-flange,7,,Cu bus,75.0000,78.0000,0.0000,360.0000,145.2000,148.2000,,,,,4325.9731
bus_B_flange_7_riser_1,"node-7 / bus_B_flange_7_riser_1 - B-flange bus riser 1 of 6 (node 7): bus ring to Cx3_bars at 45 deg, in B-flange [Cu bus, rotor B]",node-7 - Node 7: ND7 - island on rotor B (Cx3 bars),bus,rod,B-flange,7,,Cu bus,,,,,,,,1.5000,54.094 54.094 146.700,54.094 54.094 142.700,28.2743
bus_B_flange_7_riser_2,"node-7 / bus_B_flange_7_riser_2 - B-flange bus riser 2 of 6 (node 7): bus ring to Cx3_bars at 105 deg, in B-flange [Cu bus, rotor B]",node-7 - Node 7: ND7 - island on rotor B (Cx3 bars),bus,rod,B-flange,7,,Cu bus,,,,,,,,1.5000,-19.800 73.893 146.700,-19.800 73.893 142.700,28.2743
bus_B_flange_7_riser_3,"node-7 / bus_B_flange_7_riser_3 - B-flange bus riser 3 of 6 (node 7): bus ring to Cx3_bars at 165 deg, in B-flange [Cu bus, rotor B]",node-7 - Node 7: ND7 - island on rotor B (Cx3 bars),bus,rod,B-flange,7,,Cu bus,,,,,,,,1.5000,-73.893 19.800 146.700,-73.893 19.800 142.700,28.2743
bus_B_flange_7_riser_4,"node-7 / bus_B_flange_7_riser_4 - B-flange bus riser 4 of 6 (node 7): bus ring to Cx3_bars at 225 deg, in B-flange [Cu bus, rotor B]",node-7 - Node 7: ND7 - island on rotor B (Cx3 bars),bus,rod,B-flange,7,,Cu bus,,,,,,,,1.5000,-54.094 -54.094 146.700,-54.094 -54.094 142.700,28.2743
bus_B_flange_7_riser_5,"node-7 / bus_B_flange_7_riser_5 - B-flange bus riser 5 of 6 (node 7): bus ring to Cx3_bars at 285 deg, in B-flange [Cu bus, rotor B]",node-7 - Node 7: ND7 - island on rotor B (Cx3 bars),bus,rod,B-flange,7,,Cu bus,,,,,,,,1.5000,19.800 -73.893 146.700,19.800 -73.893 142.700,28.2743
bus_B_flange_7_riser_6,"node-7 / bus_B_flange_7_riser_6 - B-flange bus riser 6 of 6 (node 7): bus ring to Cx3_bars at 345 deg, in B-flange [Cu bus, rotor B]",node-7 - Node 7: ND7 - island on rotor B (Cx3 bars),bus,rod,B-flange,7,,Cu bus,,,,,,,,1.5000,73.893 -19.800 146.700,73.893 -19.800 142.700,28.2743
ILA_C1_1_carrier,"carriers / ILA_C1_1_carrier - interleave plate 1 carrier (C1), insulating [glass-bonded mica plate, stator]",carriers - the insulating carrier discs (G10); no node,carrier,sector,ILA_C1_1,,,glass-bonded mica plate,86.0000,398.0000,0.0000,360.0000,-36.2500,-32.2500,,,,,1897622.4937
ILA_C1_1_foil0_1,"node-1 / ILA_C1_1_foil0_1 - interleave plate 1 C1 foil, r95.0-387.0 [Al foil, stator]",node-1 - Node 1: ND1 - A-rail: C1 stator plate + Ca counter-electrode,foil,sector,ILA_C1_1,1,C1,Al foil,95.0000,387.0000,34.0000,22.0000,-32.2500,-31.2500,,,,,27020.9082
ILA_C1_1_mica0_1,"dielectrics / ILA_C1_1_mica0_1 - C1 mica facing [mica, stator]","dielectrics - septum (C_R, garolite), the Ca / Cb mica slabs and the Cx mica facings; no node",dielectric,sector,ILA_C1_1,,C1,mica,94.0000,388.0000,33.3969,23.2062,-31.2500,-30.7500,,,,,14348.8230
ILA_C1_1_foil0_2,"node-1 / ILA_C1_1_foil0_2 - interleave plate 1 C1 foil, r95.0-387.0 [Al foil, stator]",node-1 - Node 1: ND1 - A-rail: C1 stator plate + Ca counter-electrode,foil,sector,ILA_C1_1,1,C1,Al foil,95.0000,387.0000,94.0000,22.0000,-32.2500,-31.2500,,,,,27020.9082
ILA_C1_1_mica0_2,"dielectrics / ILA_C1_1_mica0_2 - C1 mica facing [mica, stator]","dielectrics - septum (C_R, garolite), the Ca / Cb mica slabs and the Cx mica facings; no node",dielectric,sector,ILA_C1_1,,C1,mica,94.0000,388.0000,93.3969,23.2062,-31.2500,-30.7500,,,,,14348.8230
ILA_C1_1_foil0_3,"node-1 / ILA_C1_1_foil0_3 - interleave plate 1 C1 foil, r95.0-387.0 [Al foil, stator]",node-1 - Node 1: ND1 - A-rail: C1 stator plate + Ca counter-electrode,foil,sector,ILA_C1_1,1,C1,Al foil,95.0000,387.0000,154.0000,22.0000,-32.2500,-31.2500,,,,,27020.9082
ILA_C1_1_mica0_3,"dielectrics / ILA_C1_1_mica0_3 - C1 mica facing [mica, stator]","dielectrics - septum (C_R, garolite), the Ca / Cb mica slabs and the Cx mica facings; no node",dielectric,sector,ILA_C1_1,,C1,mica,94.0000,388.0000,153.3969,23.2062,-31.2500,-30.7500,,,,,14348.8230
ILA_C1_1_foil0_4,"node-1 / ILA_C1_1_foil0_4 - interleave plate 1 C1 foil, r95.0-387.0 [Al foil, stator]",node-1 - Node 1: ND1 - A-rail: C1 stator plate + Ca counter-electrode,foil,sector,ILA_C1_1,1,C1,Al foil,95.0000,387.0000,214.0000,22.0000,-32.2500,-31.2500,,,,,27020.9082
ILA_C1_1_mica0_4,"dielectrics / ILA_C1_1_mica0_4 - C1 mica facing [mica, stator]","dielectrics - septum (C_R, garolite), the Ca / Cb mica slabs and the Cx mica facings; no node",dielectric,sector,ILA_C1_1,,C1,mica,94.0000,388.0000,213.3969,23.2062,-31.2500,-30.7500,,,,,14348.8230
ILA_C1_1_foil0_5,"node-1 / ILA_C1_1_foil0_5 - interleave plate 1 C1 foil, r95.0-387.0 [Al foil, stator]",node-1 - Node 1: ND1 - A-rail: C1 stator plate + Ca counter-electrode,foil,sector,ILA_C1_1,1,C1,Al foil,95.0000,387.0000,274.0000,22.0000,-32.2500,-31.2500,,,,,27020.9082
ILA_C1_1_mica0_5,"dielectrics / ILA_C1_1_mica0_5 - C1 mica facing [mica, stator]","dielectrics - septum (C_R, garolite), the Ca / Cb mica slabs and the Cx mica facings; no node",dielectric,sector,ILA_C1_1,,C1,mica,94.0000,388.0000,273.3969,23.2062,-31.2500,-30.7500,,,,,14348.8230
ILA_C1_1_foil0_6,"node-1 / ILA_C1_1_foil0_6 - interleave plate 1 C1 foil, r95.0-387.0 [Al foil, stator]",node-1 - Node 1: ND1 - A-rail: C1 stator plate + Ca counter-electrode,foil,sector,ILA_C1_1,1,C1,Al foil,95.0000,387.0000,334.0000,22.0000,-32.2500,-31.2500,,,,,27020.9082
ILA_C1_1_mica0_6,"dielectrics / ILA_C1_1_mica0_6 - C1 mica facing [mica, stator]","dielectrics - septum (C_R, garolite), the Ca / Cb mica slabs and the Cx mica facings; no node",dielectric,sector,ILA_C1_1,,C1,mica,94.0000,388.0000,333.3969,23.2062,-31.2500,-30.7500,,,,,14348.8230
ILA_C1_1_foil1_1,"node-1 / ILA_C1_1_foil1_1 - interleave plate 1 C1 foil, r95.0-387.0 [Al foil, stator]",node-1 - Node 1: ND1 - A-rail: C1 stator plate + Ca counter-electrode,foil,sector,ILA_C1_1,1,C1,Al foil,95.0000,387.0000,34.0000,22.0000,-37.2500,-36.2500,,,,,27020.9082
ILA_C1_1_mica1_1,"dielectrics / ILA_C1_1_mica1_1 - C1 mica facing [mica, stator]","dielectrics - septum (C_R, garolite), the Ca / Cb mica slabs and the Cx mica facings; no node",dielectric,sector,ILA_C1_1,,C1,mica,94.0000,388.0000,33.3969,23.2062,-37.7500,-37.2500,,,,,14348.8230
ILA_C1_1_foil1_2,"node-1 / ILA_C1_1_foil1_2 - interleave plate 1 C1 foil, r95.0-387.0 [Al foil, stator]",node-1 - Node 1: ND1 - A-rail: C1 stator plate + Ca counter-electrode,foil,sector,ILA_C1_1,1,C1,Al foil,95.0000,387.0000,94.0000,22.0000,-37.2500,-36.2500,,,,,27020.9082
ILA_C1_1_mica1_2,"dielectrics / ILA_C1_1_mica1_2 - C1 mica facing [mica, stator]","dielectrics - septum (C_R, garolite), the Ca / Cb mica slabs and the Cx mica facings; no node",dielectric,sector,ILA_C1_1,,C1,mica,94.0000,388.0000,93.3969,23.2062,-37.7500,-37.2500,,,,,14348.8230
ILA_C1_1_foil1_3,"node-1 / ILA_C1_1_foil1_3 - interleave plate 1 C1 foil, r95.0-387.0 [Al foil, stator]",node-1 - Node 1: ND1 - A-rail: C1 stator plate + Ca counter-electrode,foil,sector,ILA_C1_1,1,C1,Al foil,95.0000,387.0000,154.0000,22.0000,-37.2500,-36.2500,,,,,27020.9082
ILA_C1_1_mica1_3,"dielectrics / ILA_C1_1_mica1_3 - C1 mica facing [mica, stator]","dielectrics - septum (C_R, garolite), the Ca / Cb mica slabs and the Cx mica facings; no node",dielectric,sector,ILA_C1_1,,C1,mica,94.0000,388.0000,153.3969,23.2062,-37.7500,-37.2500,,,,,14348.8230
ILA_C1_1_foil1_4,"node-1 / ILA_C1_1_foil1_4 - interleave plate 1 C1 foil, r95.0-387.0 [Al foil, stator]",node-1 - Node 1: ND1 - A-rail: C1 stator plate + Ca counter-electrode,foil,sector,ILA_C1_1,1,C1,Al foil,95.0000,387.0000,214.0000,22.0000,-37.2500,-36.2500,,,,,27020.9082
ILA_C1_1_mica1_4,"dielectrics / ILA_C1_1_mica1_4 - C1 mica facing [mica, stator]","dielectrics - septum (C_R, garolite), the Ca / Cb mica slabs and the Cx mica facings; no node",dielectric,sector,ILA_C1_1,,C1,mica,94.0000,388.0000,213.3969,23.2062,-37.7500,-37.2500,,,,,14348.8230
ILA_C1_1_foil1_5,"node-1 / ILA_C1_1_foil1_5 - interleave plate 1 C1 foil, r95.0-387.0 [Al foil, stator]",node-1 - Node 1: ND1 - A-rail: C1 stator plate + Ca counter-electrode,foil,sector,ILA_C1_1,1,C1,Al foil,95.0000,387.0000,274.0000,22.0000,-37.2500,-36.2500,,,,,27020.9082
ILA_C1_1_mica1_5,"dielectrics / ILA_C1_1_mica1_5 - C1 mica facing [mica, stator]","dielectrics - septum (C_R, garolite), the Ca / Cb mica slabs and the Cx mica facings; no node",dielectric,sector,ILA_C1_1,,C1,mica,94.0000,388.0000,273.3969,23.2062,-37.7500,-37.2500,,,,,14348.8230
ILA_C1_1_foil1_6,"node-1 / ILA_C1_1_foil1_6 - interleave plate 1 C1 foil, r95.0-387.0 [Al foil, stator]",node-1 - Node 1: ND1 - A-rail: C1 stator plate + Ca counter-electrode,foil,sector,ILA_C1_1,1,C1,Al foil,95.0000,387.0000,334.0000,22.0000,-37.2500,-36.2500,,,,,27020.9082
ILA_C1_1_mica1_6,"dielectrics / ILA_C1_1_mica1_6 - C1 mica facing [mica, stator]","dielectrics - septum (C_R, garolite), the Ca / Cb mica slabs and the Cx mica facings; no node",dielectric,sector,ILA_C1_1,,C1,mica,94.0000,388.0000,333.3969,23.2062,-37.7500,-37.2500,,,,,14348.8230
VIAA_C1_1_1,"node-1 / VIAA_C1_1_1 - through-plate via [Cu link, stator]",node-1 - Node 1: ND1 - A-rail: C1 stator plate + Ca counter-electrode,link,rod,,1,,Cu link,,,,,,,,1.0000,170.413 170.413 -33.250,170.413 170.413 -35.250,6.2832
VIAA_C1_1_2,"node-1 / VIAA_C1_1_2 - through-plate via [Cu link, stator]",node-1 - Node 1: ND1 - A-rail: C1 stator plate + Ca counter-electrode,link,rod,,1,,Cu link,,,,,,,,1.0000,-62.375 232.788 -33.250,-62.375 232.788 -35.250,6.2832
VIAA_C1_1_3,"node-1 / VIAA_C1_1_3 - through-plate via [Cu link, stator]",node-1 - Node 1: ND1 - A-rail: C1 stator plate + Ca counter-electrode,link,rod,,1,,Cu link,,,,,,,,1.0000,-232.788 62.375 -33.250,-232.788 62.375 -35.250,6.2832
VIAA_C1_1_4,"node-1 / VIAA_C1_1_4 - through-plate via [Cu link, stator]",node-1 - Node 1: ND1 - A-rail: C1 stator plate + Ca counter-electrode,link,rod,,1,,Cu link,,,,,,,,1.0000,-170.413 -170.413 -33.250,-170.413 -170.413 -35.250,6.2832
VIAA_C1_1_5,"node-1 / VIAA_C1_1_5 - through-plate via [Cu link, stator]",node-1 - Node 1: ND1 - A-rail: C1 stator plate + Ca counter-electrode,link,rod,,1,,Cu link,,,,,,,,1.0000,62.375 -232.788 -33.250,62.375 -232.788 -35.250,6.2832
VIAA_C1_1_6,"node-1 / VIAA_C1_1_6 - through-plate via [Cu link, stator]",node-1 - Node 1: ND1 - A-rail: C1 stator plate + Ca counter-electrode,link,rod,,1,,Cu link,,,,,,,,1.0000,232.788 -62.375 -33.250,232.788 -62.375 -35.250,6.2832
ILA_C1_2_carrier,"carriers / ILA_C1_2_carrier - interleave plate 2 carrier (C1), insulating [glass-bonded mica plate, rotor A]",carriers - the insulating carrier discs (G10); no node,carrier,sector,ILA_C1_2,,,glass-bonded mica plate,0.0000,384.0000,0.0000,360.0000,-45.2500,-41.2500,,,,,1852986.7453
ILA_C1_2_foil0_1,"node-R-A / ILA_C1_2_foil0_1 - interleave plate 2 C1 foil, r75.0-383.0 [Al foil, rotor A]",node-R-A - Node R-A: ND5 - resonator end A: rotor A (C1 rotor face),foil,sector,ILA_C1_2,R-A,C1,Al foil,75.0000,383.0000,30.0000,30.0000,-41.2500,-40.2500,,,,,36930.4688
ILA_C1_2_mica0_1,"dielectrics / ILA_C1_2_mica0_1 - C1 mica facing [mica, rotor A]","dielectrics - septum (C_R, garolite), the Ca / Cb mica slabs and the Cx mica facings; no node",dielectric,sector,ILA_C1_2,,C1,mica,74.0000,384.0000,29.2361,31.5279,-40.2500,-39.7500,,,,,19531.6719
ILA_C1_2_foil0_2,"node-R-A / ILA_C1_2_foil0_2 - interleave plate 2 C1 foil, r75.0-383.0 [Al foil, rotor A]",node-R-A - Node R-A: ND5 - resonator end A: rotor A (C1 rotor face),foil,sector,ILA_C1_2,R-A,C1,Al foil,75.0000,383.0000,90.0000,30.0000,-41.2500,-40.2500,,,,,36930.4688
ILA_C1_2_mica0_2,"dielectrics / ILA_C1_2_mica0_2 - C1 mica facing [mica, rotor A]","dielectrics - septum (C_R, garolite), the Ca / Cb mica slabs and the Cx mica facings; no node",dielectric,sector,ILA_C1_2,,C1,mica,74.0000,384.0000,89.2361,31.5279,-40.2500,-39.7500,,,,,19531.6719
ILA_C1_2_foil0_3,"node-R-A / ILA_C1_2_foil0_3 - interleave plate 2 C1 foil, r75.0-383.0 [Al foil, rotor A]",node-R-A - Node R-A: ND5 - resonator end A: rotor A (C1 rotor face),foil,sector,ILA_C1_2,R-A,C1,Al foil,75.0000,383.0000,150.0000,30.0000,-41.2500,-40.2500,,,,,36930.4688
ILA_C1_2_mica0_3,"dielectrics / ILA_C1_2_mica0_3 - C1 mica facing [mica, rotor A]","dielectrics - septum (C_R, garolite), the Ca / Cb mica slabs and the Cx mica facings; no node",dielectric,sector,ILA_C1_2,,C1,mica,74.0000,384.0000,149.2361,31.5279,-40.2500,-39.7500,,,,,19531.6719
ILA_C1_2_foil0_4,"node-R-A / ILA_C1_2_foil0_4 - interleave plate 2 C1 foil, r75.0-383.0 [Al foil, rotor A]",node-R-A - Node R-A: ND5 - resonator end A: rotor A (C1 rotor face),foil,sector,ILA_C1_2,R-A,C1,Al foil,75.0000,383.0000,210.0000,30.0000,-41.2500,-40.2500,,,,,36930.4688
ILA_C1_2_mica0_4,"dielectrics / ILA_C1_2_mica0_4 - C1 mica facing [mica, rotor A]","dielectrics - septum (C_R, garolite), the Ca / Cb mica slabs and the Cx mica facings; no node",dielectric,sector,ILA_C1_2,,C1,mica,74.0000,384.0000,209.2361,31.5279,-40.2500,-39.7500,,,,,19531.6719
ILA_C1_2_foil0_5,"node-R-A / ILA_C1_2_foil0_5 - interleave plate 2 C1 foil, r75.0-383.0 [Al foil, rotor A]",node-R-A - Node R-A: ND5 - resonator end A: rotor A (C1 rotor face),foil,sector,ILA_C1_2,R-A,C1,Al foil,75.0000,383.0000,270.0000,30.0000,-41.2500,-40.2500,,,,,36930.4688
ILA_C1_2_mica0_5,"dielectrics / ILA_C1_2_mica0_5 - C1 mica facing [mica, rotor A]","dielectrics - septum (C_R, garolite), the Ca / Cb mica slabs and the Cx mica facings; no node",dielectric,sector,ILA_C1_2,,C1,mica,74.0000,384.0000,269.2361,31.5279,-40.2500,-39.7500,,,,,19531.6719
ILA_C1_2_foil0_6,"node-R-A / ILA_C1_2_foil0_6 - interleave plate 2 C1 foil, r75.0-383.0 [Al foil, rotor A]",node-R-A - Node R-A: ND5 - resonator end A: rotor A (C1 rotor face),foil,sector,ILA_C1_2,R-A,C1,Al foil,75.0000,383.0000,330.0000,30.0000,-41.2500,-40.2500,,,,,36930.4688
ILA_C1_2_mica0_6,"dielectrics / ILA_C1_2_mica0_6 - C1 mica facing [mica, rotor A]","dielectrics - septum (C_R, garolite), the Ca / Cb mica slabs and the Cx mica facings; no node",dielectric,sector,ILA_C1_2,,C1,mica,74.0000,384.0000,329.2361,31.5279,-40.2500,-39.7500,,,,,19531.6719
ILA_C1_2_foil1_1,"node-R-A / ILA_C1_2_foil1_1 - interleave plate 2 C1 foil, r75.0-383.0 [Al foil, rotor A]",node-R-A - Node R-A: ND5 - resonator end A: rotor A (C1 rotor face),foil,sector,ILA_C1_2,R-A,C1,Al foil,75.0000,383.0000,30.0000,30.0000,-46.2500,-45.2500,,,,,36930.4688
ILA_C1_2_mica1_1,"dielectrics / ILA_C1_2_mica1_1 - C1 mica facing [mica, rotor A]","dielectrics - septum (C_R, garolite), the Ca / Cb mica slabs and the Cx mica facings; no node",dielectric,sector,ILA_C1_2,,C1,mica,74.0000,384.0000,29.2361,31.5279,-46.7500,-46.2500,,,,,19531.6719
ILA_C1_2_foil1_2,"node-R-A / ILA_C1_2_foil1_2 - interleave plate 2 C1 foil, r75.0-383.0 [Al foil, rotor A]",node-R-A - Node R-A: ND5 - resonator end A: rotor A (C1 rotor face),foil,sector,ILA_C1_2,R-A,C1,Al foil,75.0000,383.0000,90.0000,30.0000,-46.2500,-45.2500,,,,,36930.4688
ILA_C1_2_mica1_2,"dielectrics / ILA_C1_2_mica1_2 - C1 mica facing [mica, rotor A]","dielectrics - septum (C_R, garolite), the Ca / Cb mica slabs and the Cx mica facings; no node",dielectric,sector,ILA_C1_2,,C1,mica,74.0000,384.0000,89.2361,31.5279,-46.7500,-46.2500,,,,,19531.6719
ILA_C1_2_foil1_3,"node-R-A / ILA_C1_2_foil1_3 - interleave plate 2 C1 foil, r75.0-383.0 [Al foil, rotor A]",node-R-A - Node R-A: ND5 - resonator end A: rotor A (C1 rotor face),foil,sector,ILA_C1_2,R-A,C1,Al foil,75.0000,383.0000,150.0000,30.0000,-46.2500,-45.2500,,,,,36930.4688
ILA_C1_2_mica1_3,"dielectrics / ILA_C1_2_mica1_3 - C1 mica facing [mica, rotor A]","dielectrics - septum (C_R, garolite), the Ca / Cb mica slabs and the Cx mica facings; no node",dielectric,sector,ILA_C1_2,,C1,mica,74.0000,384.0000,149.2361,31.5279,-46.7500,-46.2500,,,,,19531.6719
ILA_C1_2_foil1_4,"node-R-A / ILA_C1_2_foil1_4 - interleave plate 2 C1 foil, r75.0-383.0 [Al foil, rotor A]",node-R-A - Node R-A: ND5 - resonator end A: rotor A (C1 rotor face),foil,sector,ILA_C1_2,R-A,C1,Al foil,75.0000,383.0000,210.0000,30.0000,-46.2500,-45.2500,,,,,36930.4688
ILA_C1_2_mica1_4,"dielectrics / ILA_C1_2_mica1_4 - C1 mica facing [mica, rotor A]","dielectrics - septum (C_R, garolite), the Ca / Cb mica slabs and the Cx mica facings; no node",dielectric,sector,ILA_C1_2,,C1,mica,74.0000,384.0000,209.2361,31.5279,-46.7500,-46.2500,,,,,19531.6719
ILA_C1_2_foil1_5,"node-R-A / ILA_C1_2_foil1_5 - interleave plate 2 C1 foil, r75.0-383.0 [Al foil, rotor A]",node-R-A - Node R-A: ND5 - resonator end A: rotor A (C1 rotor face),foil,sector,ILA_C1_2,R-A,C1,Al foil,75.0000,383.0000,270.0000,30.0000,-46.2500,-45.2500,,,,,36930.4688
ILA_C1_2_mica1_5,"dielectrics / ILA_C1_2_mica1_5 - C1 mica facing [mica, rotor A]","dielectrics - septum (C_R, garolite), the Ca / Cb mica slabs and the Cx mica facings; no node",dielectric,sector,ILA_C1_2,,C1,mica,74.0000,384.0000,269.2361,31.5279,-46.7500,-46.2500,,,,,19531.6719
ILA_C1_2_foil1_6,"node-R-A / ILA_C1_2_foil1_6 - interleave plate 2 C1 foil, r75.0-383.0 [Al foil, rotor A]",node-R-A - Node R-A: ND5 - resonator end A: rotor A (C1 rotor face),foil,sector,ILA_C1_2,R-A,C1,Al foil,75.0000,383.0000,330.0000,30.0000,-46.2500,-45.2500,,,,,36930.4688
ILA_C1_2_mica1_6,"dielectrics / ILA_C1_2_mica1_6 - C1 mica facing [mica, rotor A]","dielectrics - septum (C_R, garolite), the Ca / Cb mica slabs and the Cx mica facings; no node",dielectric,sector,ILA_C1_2,,C1,mica,74.0000,384.0000,329.2361,31.5279,-46.7500,-46.2500,,,,,19531.6719
VIAA_C1_2_1,"node-R-A / VIAA_C1_2_1 - through-plate via [Cu link, rotor A]",node-R-A - Node R-A: ND5 - resonator end A: rotor A (C1 rotor face),link,rod,,R-A,,Cu link,,,,,,,,1.0000,161.927 161.927 -42.250,161.927 161.927 -44.250,6.2832
VIAA_C1_2_2,"node-R-A / VIAA_C1_2_2 - through-plate via [Cu link, rotor A]",node-R-A - Node R-A: ND5 - resonator end A: rotor A (C1 rotor face),link,rod,,R-A,,Cu link,,,,,,,,1.0000,-59.270 221.197 -42.250,-59.270 221.197 -44.250,6.2832
VIAA_C1_2_3,"node-R-A / VIAA_C1_2_3 - through-plate via [Cu link, rotor A]",node-R-A - Node R-A: ND5 - resonator end A: rotor A (C1 rotor face),link,rod,,R-A,,Cu link,,,,,,,,1.0000,-221.197 59.270 -42.250,-221.197 59.270 -44.250,6.2832
VIAA_C1_2_4,"node-R-A / VIAA_C1_2_4 - through-plate via [Cu link, rotor A]",node-R-A - Node R-A: ND5 - resonator end A: rotor A (C1 rotor face),link,rod,,R-A,,Cu link,,,,,,,,1.0000,-161.927 -161.927 -42.250,-161.927 -161.927 -44.250,6.2832
VIAA_C1_2_5,"node-R-A / VIAA_C1_2_5 - through-plate via [Cu link, rotor A]",node-R-A - Node R-A: ND5 - resonator end A: rotor A (C1 rotor face),link,rod,,R-A,,Cu link,,,,,,,,1.0000,59.270 -221.197 -42.250,59.270 -221.197 -44.250,6.2832
VIAA_C1_2_6,"node-R-A / VIAA_C1_2_6 - through-plate via [Cu link, rotor A]",node-R-A - Node R-A: ND5 - resonator end A: rotor A (C1 rotor face),link,rod,,R-A,,Cu link,,,,,,,,1.0000,221.197 -59.270 -42.250,221.197 -59.270 -44.250,6.2832
ILA_C1_in_link_1,"node-R-A / ILA_C1_in_link_1 - interleave link [Cu link, rotor A]",node-R-A - Node R-A: ND5 - resonator end A: rotor A (C1 rotor face),link,rod,,R-A,,Cu link,,,,,,,,2.0000,55.861 55.861 -26.250,55.861 55.861 -42.250,201.0619
ILA_C1_in_link_1_sleeve,"carriers / ILA_C1_in_link_1_sleeve - PTFE sleeve on the interleave link, 3 mm wall [PTFE sleeve, rotor A]",carriers - the insulating carrier discs (G10); no node,sleeve,rod,,,,PTFE sleeve,,,,,,,,5.0000,55.861 55.861 -26.250,55.861 55.861 -42.250,1256.6371
ILA_C1_in_link_2,"node-R-A / ILA_C1_in_link_2 - interleave link [Cu link, rotor A]",node-R-A - Node R-A: ND5 - resonator end A: rotor A (C1 rotor face),link,rod,,R-A,,Cu link,,,,,,,,2.0000,-20.447 76.308 -26.250,-20.447 76.308 -42.250,201.0619
ILA_C1_in_link_2_sleeve,"carriers / ILA_C1_in_link_2_sleeve - PTFE sleeve on the interleave link, 3 mm wall [PTFE sleeve, rotor A]",carriers - the insulating carrier discs (G10); no node,sleeve,rod,,,,PTFE sleeve,,,,,,,,5.0000,-20.447 76.308 -26.250,-20.447 76.308 -42.250,1256.6371
ILA_C1_in_link_3,"node-R-A / ILA_C1_in_link_3 - interleave link [Cu link, rotor A]",node-R-A - Node R-A: ND5 - resonator end A: rotor A (C1 rotor face),link,rod,,R-A,,Cu link,,,,,,,,2.0000,-76.308 20.447 -26.250,-76.308 20.447 -42.250,201.0619
ILA_C1_in_link_3_sleeve,"carriers / ILA_C1_in_link_3_sleeve - PTFE sleeve on the interleave link, 3 mm wall [PTFE sleeve, rotor A]",carriers - the insulating carrier discs (G10); no node,sleeve,rod,,,,PTFE sleeve,,,,,,,,5.0000,-76.308 20.447 -26.250,-76.308 20.447 -42.250,1256.6371
ILA_C1_in_link_4,"node-R-A / ILA_C1_in_link_4 - interleave link [Cu link, rotor A]",node-R-A - Node R-A: ND5 - resonator end A: rotor A (C1 rotor face),link,rod,,R-A,,Cu link,,,,,,,,2.0000,-55.861 -55.861 -26.250,-55.861 -55.861 -42.250,201.0619
ILA_C1_in_link_4_sleeve,"carriers / ILA_C1_in_link_4_sleeve - PTFE sleeve on the interleave link, 3 mm wall [PTFE sleeve, rotor A]",carriers - the insulating carrier discs (G10); no node,sleeve,rod,,,,PTFE sleeve,,,,,,,,5.0000,-55.861 -55.861 -26.250,-55.861 -55.861 -42.250,1256.6371
ILA_C1_in_link_5,"node-R-A / ILA_C1_in_link_5 - interleave link [Cu link, rotor A]",node-R-A - Node R-A: ND5 - resonator end A: rotor A (C1 rotor face),link,rod,,R-A,,Cu link,,,,,,,,2.0000,20.447 -76.308 -26.250,20.447 -76.308 -42.250,201.0619
ILA_C1_in_link_5_sleeve,"carriers / ILA_C1_in_link_5_sleeve - PTFE sleeve on the interleave link, 3 mm wall [PTFE sleeve, rotor A]",carriers - the insulating carrier discs (G10); no node,sleeve,rod,,,,PTFE sleeve,,,,,,,,5.0000,20.447 -76.308 -26.250,20.447 -76.308 -42.250,1256.6371
ILA_C1_in_link_6,"node-R-A / ILA_C1_in_link_6 - interleave link [Cu link, rotor A]",node-R-A - Node R-A: ND5 - resonator end A: rotor A (C1 rotor face),link,rod,,R-A,,Cu link,,,,,,,,2.0000,76.308 -20.447 -26.250,76.308 -20.447 -42.250,201.0619
ILA_C1_in_link_6_sleeve,"carriers / ILA_C1_in_link_6_sleeve - PTFE sleeve on the interleave link, 3 mm wall [PTFE sleeve, rotor A]",carriers - the insulating carrier discs (G10); no node,sleeve,rod,,,,PTFE sleeve,,,,,,,,5.0000,76.308 -20.447 -26.250,76.308 -20.447 -42.250,1256.6371
ILA_C1_out_link_1,"node-1 / ILA_C1_out_link_1 - interleave link [Cu link, stator]",node-1 - Node 1: ND1 - A-rail: C1 stator plate + Ca counter-electrode,link,rod,,1,,Cu link,,,,,,,,2.0000,276.479 276.479 -35.250,276.479 276.479 -51.250,201.0619
ILA_C1_out_link_1_sleeve,"carriers / ILA_C1_out_link_1_sleeve - PTFE sleeve on the interleave link, 3 mm wall [PTFE sleeve, stator]",carriers - the insulating carrier discs (G10); no node,sleeve,rod,,,,PTFE sleeve,,,,,,,,5.0000,276.479 276.479 -35.250,276.479 276.479 -51.250,1256.6371
ILA_C1_out_tab_-36.25_1,"node-1 / ILA_C1_out_tab_-36.25_1 - interleave link tab, plate at z -36.25 [Al foil, stator]",node-1 - Node 1: ND1 - A-rail: C1 stator plate + Ca counter-electrode,foil,sector,,1,,Al foil,385.0000,393.0000,43.0000,4.0000,-37.2500,-36.2500,,,,,217.2586
ILA_C1_out_tab_-50.25_1,"node-1 / ILA_C1_out_tab_-50.25_1 - interleave link tab, plate at z -50.25 [Al foil, stator]",node-1 - Node 1: ND1 - A-rail: C1 stator plate + Ca counter-electrode,foil,sector,,1,,Al foil,385.0000,393.0000,43.0000,4.0000,-50.2500,-49.2500,,,,,217.2586
ILA_C1_out_link_2,"node-1 / ILA_C1_out_link_2 - interleave link [Cu link, stator]",node-1 - Node 1: ND1 - A-rail: C1 stator plate + Ca counter-electrode,link,rod,,1,,Cu link,,,,,,,,2.0000,-101.198 377.677 -35.250,-101.198 377.677 -51.250,201.0619
ILA_C1_out_link_2_sleeve,"carriers / ILA_C1_out_link_2_sleeve - PTFE sleeve on the interleave link, 3 mm wall [PTFE sleeve, stator]",carriers - the insulating carrier discs (G10); no node,sleeve,rod,,,,PTFE sleeve,,,,,,,,5.0000,-101.198 377.677 -35.250,-101.198 377.677 -51.250,1256.6371
ILA_C1_out_tab_-36.25_2,"node-1 / ILA_C1_out_tab_-36.25_2 - interleave link tab, plate at z -36.25 [Al foil, stator]",node-1 - Node 1: ND1 - A-rail: C1 stator plate + Ca counter-electrode,foil,sector,,1,,Al foil,385.0000,393.0000,103.0000,4.0000,-37.2500,-36.2500,,,,,217.2586
ILA_C1_out_tab_-50.25_2,"node-1 / ILA_C1_out_tab_-50.25_2 - interleave link tab, plate at z -50.25 [Al foil, stator]",node-1 - Node 1: ND1 - A-rail: C1 stator plate + Ca counter-electrode,foil,sector,,1,,Al foil,385.0000,393.0000,103.0000,4.0000,-50.2500,-49.2500,,,,,217.2586
ILA_C1_out_link_3,"node-1 / ILA_C1_out_link_3 - interleave link [Cu link, stator]",node-1 - Node 1: ND1 - A-rail: C1 stator plate + Ca counter-electrode,link,rod,,1,,Cu link,,,,,,,,2.0000,-377.677 101.198 -35.250,-377.677 101.198 -51.250,201.0619
ILA_C1_out_link_3_sleeve,"carriers / ILA_C1_out_link_3_sleeve - PTFE sleeve on the interleave link, 3 mm wall [PTFE sleeve, stator]",carriers - the insulating carrier discs (G10); no node,sleeve,rod,,,,PTFE sleeve,,,,,,,,5.0000,-377.677 101.198 -35.250,-377.677 101.198 -51.250,1256.6371
ILA_C1_out_tab_-36.25_3,"node-1 / ILA_C1_out_tab_-36.25_3 - interleave link tab, plate at z -36.25 [Al foil, stator]",node-1 - Node 1: ND1 - A-rail: C1 stator plate + Ca counter-electrode,foil,sector,,1,,Al foil,385.0000,393.0000,163.0000,4.0000,-37.2500,-36.2500,,,,,217.2586
ILA_C1_out_tab_-50.25_3,"node-1 / ILA_C1_out_tab_-50.25_3 - interleave link tab, plate at z -50.25 [Al foil, stator]",node-1 - Node 1: ND1 - A-rail: C1 stator plate + Ca counter-electrode,foil,sector,,1,,Al foil,385.0000,393.0000,163.0000,4.0000,-50.2500,-49.2500,,,,,217.2586
ILA_C1_out_link_4,"node-1 / ILA_C1_out_link_4 - interleave link [Cu link, stator]",node-1 - Node 1: ND1 - A-rail: C1 stator plate + Ca counter-electrode,link,rod,,1,,Cu link,,,,,,,,2.0000,-276.479 -276.479 -35.250,-276.479 -276.479 -51.250,201.0619
ILA_C1_out_link_4_sleeve,"carriers / ILA_C1_out_link_4_sleeve - PTFE sleeve on the interleave link, 3 mm wall [PTFE sleeve, stator]",carriers - the insulating carrier discs (G10); no node,sleeve,rod,,,,PTFE sleeve,,,,,,,,5.0000,-276.479 -276.479 -35.250,-276.479 -276.479 -51.250,1256.6371
ILA_C1_out_tab_-36.25_4,"node-1 / ILA_C1_out_tab_-36.25_4 - interleave link tab, plate at z -36.25 [Al foil, stator]",node-1 - Node 1: ND1 - A-rail: C1 stator plate + Ca counter-electrode,foil,sector,,1,,Al foil,385.0000,393.0000,223.0000,4.0000,-37.2500,-36.2500,,,,,217.2586
ILA_C1_out_tab_-50.25_4,"node-1 / ILA_C1_out_tab_-50.25_4 - interleave link tab, plate at z -50.25 [Al foil, stator]",node-1 - Node 1: ND1 - A-rail: C1 stator plate + Ca counter-electrode,foil,sector,,1,,Al foil,385.0000,393.0000,223.0000,4.0000,-50.2500,-49.2500,,,,,217.2586
ILA_C1_out_link_5,"node-1 / ILA_C1_out_link_5 - interleave link [Cu link, stator]",node-1 - Node 1: ND1 - A-rail: C1 stator plate + Ca counter-electrode,link,rod,,1,,Cu link,,,,,,,,2.0000,101.198 -377.677 -35.250,101.198 -377.677 -51.250,201.0619
ILA_C1_out_link_5_sleeve,"carriers / ILA_C1_out_link_5_sleeve - PTFE sleeve on the interleave link, 3 mm wall [PTFE sleeve, stator]",carriers - the insulating carrier discs (G10); no node,sleeve,rod,,,,PTFE sleeve,,,,,,,,5.0000,101.198 -377.677 -35.250,101.198 -377.677 -51.250,1256.6371
ILA_C1_out_tab_-36.25_5,"node-1 / ILA_C1_out_tab_-36.25_5 - interleave link tab, plate at z -36.25 [Al foil, stator]",node-1 - Node 1: ND1 - A-rail: C1 stator plate + Ca counter-electrode,foil,sector,,1,,Al foil,385.0000,393.0000,283.0000,4.0000,-37.2500,-36.2500,,,,,217.2586
ILA_C1_out_tab_-50.25_5,"node-1 / ILA_C1_out_tab_-50.25_5 - interleave link tab, plate at z -50.25 [Al foil, stator]",node-1 - Node 1: ND1 - A-rail: C1 stator plate + Ca counter-electrode,foil,sector,,1,,Al foil,385.0000,393.0000,283.0000,4.0000,-50.2500,-49.2500,,,,,217.2586
ILA_C1_out_link_6,"node-1 / ILA_C1_out_link_6 - interleave link [Cu link, stator]",node-1 - Node 1: ND1 - A-rail: C1 stator plate + Ca counter-electrode,link,rod,,1,,Cu link,,,,,,,,2.0000,377.677 -101.198 -35.250,377.677 -101.198 -51.250,201.0619
ILA_C1_out_link_6_sleeve,"carriers / ILA_C1_out_link_6_sleeve - PTFE sleeve on the interleave link, 3 mm wall [PTFE sleeve, stator]",carriers - the insulating carrier discs (G10); no node,sleeve,rod,,,,PTFE sleeve,,,,,,,,5.0000,377.677 -101.198 -35.250,377.677 -101.198 -51.250,1256.6371
ILA_C1_out_tab_-36.25_6,"node-1 / ILA_C1_out_tab_-36.25_6 - interleave link tab, plate at z -36.25 [Al foil, stator]",node-1 - Node 1: ND1 - A-rail: C1 stator plate + Ca counter-electrode,foil,sector,,1,,Al foil,385.0000,393.0000,343.0000,4.0000,-37.2500,-36.2500,,,,,217.2586
ILA_C1_out_tab_-50.25_6,"node-1 / ILA_C1_out_tab_-50.25_6 - interleave link tab, plate at z -50.25 [Al foil, stator]",node-1 - Node 1: ND1 - A-rail: C1 stator plate + Ca counter-electrode,foil,sector,,1,,Al foil,385.0000,393.0000,343.0000,4.0000,-50.2500,-49.2500,,,,,217.2586
ILA_Cx4_1_carrier,"carriers / ILA_Cx4_1_carrier - interleave plate 1 carrier (Cx4), insulating [glass-bonded mica plate, rotor A]",carriers - the insulating carrier discs (G10); no node,carrier,sector,ILA_Cx4_1,,,glass-bonded mica plate,69.0000,398.0000,0.0000,360.0000,-128.0000,-124.0000,,,,,1930734.8803
ILA_Cx4_1_foil0_1,"node-8 / ILA_Cx4_1_foil0_1 - interleave plate 1 Cx4 foil, r75.0-350.0 [Al foil, rotor A]",node-8 - Node 8: ND8 - island on rotor A (Cx4 bars),foil,sector,ILA_Cx4_1,8,Cx4,Al foil,75.0000,350.0000,0.0000,30.0000,-124.0000,-123.0000,,,,,30597.8034
ILA_Cx4_1_mica0_1,"dielectrics / ILA_Cx4_1_mica0_1 - Cx4 mica facing [mica, rotor A]","dielectrics - septum (C_R, garolite), the Ca / Cb mica slabs and the Cx mica facings; no node",dielectric,sector,ILA_Cx4_1,,Cx4,mica,70.0000,355.0000,-3.8197,37.6394,-123.0000,-122.7000,,,,,11935.6353
ILA_Cx4_1_foil0_2,"node-8 / ILA_Cx4_1_foil0_2 - interleave plate 1 Cx4 foil, r75.0-350.0 [Al foil, rotor A]",node-8 - Node 8: ND8 - island on rotor A (Cx4 bars),foil,sector,ILA_Cx4_1,8,Cx4,Al foil,75.0000,350.0000,60.0000,30.0000,-124.0000,-123.0000,,,,,30597.8034
ILA_Cx4_1_mica0_2,"dielectrics / ILA_Cx4_1_mica0_2 - Cx4 mica facing [mica, rotor A]","dielectrics - septum (C_R, garolite), the Ca / Cb mica slabs and the Cx mica facings; no node",dielectric,sector,ILA_Cx4_1,,Cx4,mica,70.0000,355.0000,56.1803,37.6394,-123.0000,-122.7000,,,,,11935.6353
ILA_Cx4_1_foil0_3,"node-8 / ILA_Cx4_1_foil0_3 - interleave plate 1 Cx4 foil, r75.0-350.0 [Al foil, rotor A]",node-8 - Node 8: ND8 - island on rotor A (Cx4 bars),foil,sector,ILA_Cx4_1,8,Cx4,Al foil,75.0000,350.0000,120.0000,30.0000,-124.0000,-123.0000,,,,,30597.8034
ILA_Cx4_1_mica0_3,"dielectrics / ILA_Cx4_1_mica0_3 - Cx4 mica facing [mica, rotor A]","dielectrics - septum (C_R, garolite), the Ca / Cb mica slabs and the Cx mica facings; no node",dielectric,sector,ILA_Cx4_1,,Cx4,mica,70.0000,355.0000,116.1803,37.6394,-123.0000,-122.7000,,,,,11935.6353
ILA_Cx4_1_foil0_4,"node-8 / ILA_Cx4_1_foil0_4 - interleave plate 1 Cx4 foil, r75.0-350.0 [Al foil, rotor A]",node-8 - Node 8: ND8 - island on rotor A (Cx4 bars),foil,sector,ILA_Cx4_1,8,Cx4,Al foil,75.0000,350.0000,180.0000,30.0000,-124.0000,-123.0000,,,,,30597.8034
ILA_Cx4_1_mica0_4,"dielectrics / ILA_Cx4_1_mica0_4 - Cx4 mica facing [mica, rotor A]","dielectrics - septum (C_R, garolite), the Ca / Cb mica slabs and the Cx mica facings; no node",dielectric,sector,ILA_Cx4_1,,Cx4,mica,70.0000,355.0000,176.1803,37.6394,-123.0000,-122.7000,,,,,11935.6353
ILA_Cx4_1_foil0_5,"node-8 / ILA_Cx4_1_foil0_5 - interleave plate 1 Cx4 foil, r75.0-350.0 [Al foil, rotor A]",node-8 - Node 8: ND8 - island on rotor A (Cx4 bars),foil,sector,ILA_Cx4_1,8,Cx4,Al foil,75.0000,350.0000,240.0000,30.0000,-124.0000,-123.0000,,,,,30597.8034
ILA_Cx4_1_mica0_5,"dielectrics / ILA_Cx4_1_mica0_5 - Cx4 mica facing [mica, rotor A]","dielectrics - septum (C_R, garolite), the Ca / Cb mica slabs and the Cx mica facings; no node",dielectric,sector,ILA_Cx4_1,,Cx4,mica,70.0000,355.0000,236.1803,37.6394,-123.0000,-122.7000,,,,,11935.6353
ILA_Cx4_1_foil0_6,"node-8 / ILA_Cx4_1_foil0_6 - interleave plate 1 Cx4 foil, r75.0-350.0 [Al foil, rotor A]",node-8 - Node 8: ND8 - island on rotor A (Cx4 bars),foil,sector,ILA_Cx4_1,8,Cx4,Al foil,75.0000,350.0000,300.0000,30.0000,-124.0000,-123.0000,,,,,30597.8034
ILA_Cx4_1_mica0_6,"dielectrics / ILA_Cx4_1_mica0_6 - Cx4 mica facing [mica, rotor A]","dielectrics - septum (C_R, garolite), the Ca / Cb mica slabs and the Cx mica facings; no node",dielectric,sector,ILA_Cx4_1,,Cx4,mica,70.0000,355.0000,296.1803,37.6394,-123.0000,-122.7000,,,,,11935.6353
ILA_Cx4_1_foil1_1,"node-8 / ILA_Cx4_1_foil1_1 - interleave plate 1 Cx4 foil, r75.0-350.0 [Al foil, rotor A]",node-8 - Node 8: ND8 - island on rotor A (Cx4 bars),foil,sector,ILA_Cx4_1,8,Cx4,Al foil,75.0000,350.0000,0.0000,30.0000,-129.0000,-128.0000,,,,,30597.8034
ILA_Cx4_1_mica1_1,"dielectrics / ILA_Cx4_1_mica1_1 - Cx4 mica facing [mica, rotor A]","dielectrics - septum (C_R, garolite), the Ca / Cb mica slabs and the Cx mica facings; no node",dielectric,sector,ILA_Cx4_1,,Cx4,mica,70.0000,355.0000,-3.8197,37.6394,-129.3000,-129.0000,,,,,11935.6353
ILA_Cx4_1_foil1_2,"node-8 / ILA_Cx4_1_foil1_2 - interleave plate 1 Cx4 foil, r75.0-350.0 [Al foil, rotor A]",node-8 - Node 8: ND8 - island on rotor A (Cx4 bars),foil,sector,ILA_Cx4_1,8,Cx4,Al foil,75.0000,350.0000,60.0000,30.0000,-129.0000,-128.0000,,,,,30597.8034
ILA_Cx4_1_mica1_2,"dielectrics / ILA_Cx4_1_mica1_2 - Cx4 mica facing [mica, rotor A]","dielectrics - septum (C_R, garolite), the Ca / Cb mica slabs and the Cx mica facings; no node",dielectric,sector,ILA_Cx4_1,,Cx4,mica,70.0000,355.0000,56.1803,37.6394,-129.3000,-129.0000,,,,,11935.6353
ILA_Cx4_1_foil1_3,"node-8 / ILA_Cx4_1_foil1_3 - interleave plate 1 Cx4 foil, r75.0-350.0 [Al foil, rotor A]",node-8 - Node 8: ND8 - island on rotor A (Cx4 bars),foil,sector,ILA_Cx4_1,8,Cx4,Al foil,75.0000,350.0000,120.0000,30.0000,-129.0000,-128.0000,,,,,30597.8034
ILA_Cx4_1_mica1_3,"dielectrics / ILA_Cx4_1_mica1_3 - Cx4 mica facing [mica, rotor A]","dielectrics - septum (C_R, garolite), the Ca / Cb mica slabs and the Cx mica facings; no node",dielectric,sector,ILA_Cx4_1,,Cx4,mica,70.0000,355.0000,116.1803,37.6394,-129.3000,-129.0000,,,,,11935.6353
ILA_Cx4_1_foil1_4,"node-8 / ILA_Cx4_1_foil1_4 - interleave plate 1 Cx4 foil, r75.0-350.0 [Al foil, rotor A]",node-8 - Node 8: ND8 - island on rotor A (Cx4 bars),foil,sector,ILA_Cx4_1,8,Cx4,Al foil,75.0000,350.0000,180.0000,30.0000,-129.0000,-128.0000,,,,,30597.8034
ILA_Cx4_1_mica1_4,"dielectrics / ILA_Cx4_1_mica1_4 - Cx4 mica facing [mica, rotor A]","dielectrics - septum (C_R, garolite), the Ca / Cb mica slabs and the Cx mica facings; no node",dielectric,sector,ILA_Cx4_1,,Cx4,mica,70.0000,355.0000,176.1803,37.6394,-129.3000,-129.0000,,,,,11935.6353
ILA_Cx4_1_foil1_5,"node-8 / ILA_Cx4_1_foil1_5 - interleave plate 1 Cx4 foil, r75.0-350.0 [Al foil, rotor A]",node-8 - Node 8: ND8 - island on rotor A (Cx4 bars),foil,sector,ILA_Cx4_1,8,Cx4,Al foil,75.0000,350.0000,240.0000,30.0000,-129.0000,-128.0000,,,,,30597.8034
ILA_Cx4_1_mica1_5,"dielectrics / ILA_Cx4_1_mica1_5 - Cx4 mica facing [mica, rotor A]","dielectrics - septum (C_R, garolite), the Ca / Cb mica slabs and the Cx mica facings; no node",dielectric,sector,ILA_Cx4_1,,Cx4,mica,70.0000,355.0000,236.1803,37.6394,-129.3000,-129.0000,,,,,11935.6353
ILA_Cx4_1_foil1_6,"node-8 / ILA_Cx4_1_foil1_6 - interleave plate 1 Cx4 foil, r75.0-350.0 [Al foil, rotor A]",node-8 - Node 8: ND8 - island on rotor A (Cx4 bars),foil,sector,ILA_Cx4_1,8,Cx4,Al foil,75.0000,350.0000,300.0000,30.0000,-129.0000,-128.0000,,,,,30597.8034
ILA_Cx4_1_mica1_6,"dielectrics / ILA_Cx4_1_mica1_6 - Cx4 mica facing [mica, rotor A]","dielectrics - septum (C_R, garolite), the Ca / Cb mica slabs and the Cx mica facings; no node",dielectric,sector,ILA_Cx4_1,,Cx4,mica,70.0000,355.0000,296.1803,37.6394,-129.3000,-129.0000,,,,,11935.6353
VIAA_Cx4_1_1,"node-8 / VIAA_Cx4_1_1 - through-plate via [Cu link, rotor A]",node-8 - Node 8: ND8 - island on rotor A (Cx4 bars),link,rod,,8,,Cu link,,,,,,,,1.0000,205.259 54.999 -125.000,205.259 54.999 -127.000,6.2832
VIAA_Cx4_1_2,"node-8 / VIAA_Cx4_1_2 - through-plate via [Cu link, rotor A]",node-8 - Node 8: ND8 - island on rotor A (Cx4 bars),link,rod,,8,,Cu link,,,,,,,,1.0000,54.999 205.259 -125.000,54.999 205.259 -127.000,6.2832
VIAA_Cx4_1_3,"node-8 / VIAA_Cx4_1_3 - through-plate via [Cu link, rotor A]",node-8 - Node 8: ND8 - island on rotor A (Cx4 bars),link,rod,,8,,Cu link,,,,,,,,1.0000,-150.260 150.260 -125.000,-150.260 150.260 -127.000,6.2832
VIAA_Cx4_1_4,"node-8 / VIAA_Cx4_1_4 - through-plate via [Cu link, rotor A]",node-8 - Node 8: ND8 - island on rotor A (Cx4 bars),link,rod,,8,,Cu link,,,,,,,,1.0000,-205.259 -54.999 -125.000,-205.259 -54.999 -127.000,6.2832
VIAA_Cx4_1_5,"node-8 / VIAA_Cx4_1_5 - through-plate via [Cu link, rotor A]",node-8 - Node 8: ND8 - island on rotor A (Cx4 bars),link,rod,,8,,Cu link,,,,,,,,1.0000,-54.999 -205.259 -125.000,-54.999 -205.259 -127.000,6.2832
VIAA_Cx4_1_6,"node-8 / VIAA_Cx4_1_6 - through-plate via [Cu link, rotor A]",node-8 - Node 8: ND8 - island on rotor A (Cx4 bars),link,rod,,8,,Cu link,,,,,,,,1.0000,150.260 -150.260 -125.000,150.260 -150.260 -127.000,6.2832
ILA_Cx4_2_carrier,"carriers / ILA_Cx4_2_carrier - interleave plate 2 carrier (Cx4), insulating [glass-bonded mica plate, stator]",carriers - the insulating carrier discs (G10); no node,carrier,sector,ILA_Cx4_2,,,glass-bonded mica plate,50.0000,353.0000,0.0000,360.0000,-137.6000,-133.6000,,,,,1534466.9493
ILA_Cx4_2_foil0_1,"node-n23 / ILA_Cx4_2_foil0_1 - interleave plate 2 Cx4 foil, r58.0-348.0 [Al foil, stator]",node-n23 - Node n23: Cx4 pickup on ND2 (Lx4 to node 2),foil,sector,ILA_Cx4_2,n23,Cx4,Al foil,58.0000,348.0000,0.0000,30.0000,-133.6000,-132.6000,,,,,30824.2599
ILA_Cx4_2_mica0_1,"dielectrics / ILA_Cx4_2_mica0_1 - Cx4 mica facing [mica, stator]","dielectrics - septum (C_R, garolite), the Ca / Cb mica slabs and the Cx mica facings; no node",dielectric,sector,ILA_Cx4_2,,Cx4,mica,53.0000,353.0000,-4.9393,39.8786,-132.6000,-132.3000,,,,,12716.1496
ILA_Cx4_2_foil0_2,"node-n23 / ILA_Cx4_2_foil0_2 - interleave plate 2 Cx4 foil, r58.0-348.0 [Al foil, stator]",node-n23 - Node n23: Cx4 pickup on ND2 (Lx4 to node 2),foil,sector,ILA_Cx4_2,n23,Cx4,Al foil,58.0000,348.0000,60.0000,30.0000,-133.6000,-132.6000,,,,,30824.2599
ILA_Cx4_2_mica0_2,"dielectrics / ILA_Cx4_2_mica0_2 - Cx4 mica facing [mica, stator]","dielectrics - septum (C_R, garolite), the Ca / Cb mica slabs and the Cx mica facings; no node",dielectric,sector,ILA_Cx4_2,,Cx4,mica,53.0000,353.0000,55.0607,39.8786,-132.6000,-132.3000,,,,,12716.1496
ILA_Cx4_2_foil0_3,"node-n23 / ILA_Cx4_2_foil0_3 - interleave plate 2 Cx4 foil, r58.0-348.0 [Al foil, stator]",node-n23 - Node n23: Cx4 pickup on ND2 (Lx4 to node 2),foil,sector,ILA_Cx4_2,n23,Cx4,Al foil,58.0000,348.0000,120.0000,30.0000,-133.6000,-132.6000,,,,,30824.2599
ILA_Cx4_2_mica0_3,"dielectrics / ILA_Cx4_2_mica0_3 - Cx4 mica facing [mica, stator]","dielectrics - septum (C_R, garolite), the Ca / Cb mica slabs and the Cx mica facings; no node",dielectric,sector,ILA_Cx4_2,,Cx4,mica,53.0000,353.0000,115.0607,39.8786,-132.6000,-132.3000,,,,,12716.1496
ILA_Cx4_2_foil0_4,"node-n23 / ILA_Cx4_2_foil0_4 - interleave plate 2 Cx4 foil, r58.0-348.0 [Al foil, stator]",node-n23 - Node n23: Cx4 pickup on ND2 (Lx4 to node 2),foil,sector,ILA_Cx4_2,n23,Cx4,Al foil,58.0000,348.0000,180.0000,30.0000,-133.6000,-132.6000,,,,,30824.2599
ILA_Cx4_2_mica0_4,"dielectrics / ILA_Cx4_2_mica0_4 - Cx4 mica facing [mica, stator]","dielectrics - septum (C_R, garolite), the Ca / Cb mica slabs and the Cx mica facings; no node",dielectric,sector,ILA_Cx4_2,,Cx4,mica,53.0000,353.0000,175.0607,39.8786,-132.6000,-132.3000,,,,,12716.1496
ILA_Cx4_2_foil0_5,"node-n23 / ILA_Cx4_2_foil0_5 - interleave plate 2 Cx4 foil, r58.0-348.0 [Al foil, stator]",node-n23 - Node n23: Cx4 pickup on ND2 (Lx4 to node 2),foil,sector,ILA_Cx4_2,n23,Cx4,Al foil,58.0000,348.0000,240.0000,30.0000,-133.6000,-132.6000,,,,,30824.2599
ILA_Cx4_2_mica0_5,"dielectrics / ILA_Cx4_2_mica0_5 - Cx4 mica facing [mica, stator]","dielectrics - septum (C_R, garolite), the Ca / Cb mica slabs and the Cx mica facings; no node",dielectric,sector,ILA_Cx4_2,,Cx4,mica,53.0000,353.0000,235.0607,39.8786,-132.6000,-132.3000,,,,,12716.1496
ILA_Cx4_2_foil0_6,"node-n23 / ILA_Cx4_2_foil0_6 - interleave plate 2 Cx4 foil, r58.0-348.0 [Al foil, stator]",node-n23 - Node n23: Cx4 pickup on ND2 (Lx4 to node 2),foil,sector,ILA_Cx4_2,n23,Cx4,Al foil,58.0000,348.0000,300.0000,30.0000,-133.6000,-132.6000,,,,,30824.2599
ILA_Cx4_2_mica0_6,"dielectrics / ILA_Cx4_2_mica0_6 - Cx4 mica facing [mica, stator]","dielectrics - septum (C_R, garolite), the Ca / Cb mica slabs and the Cx mica facings; no node",dielectric,sector,ILA_Cx4_2,,Cx4,mica,53.0000,353.0000,295.0607,39.8786,-132.6000,-132.3000,,,,,12716.1496
ILA_Cx4_2_foil1_1,"node-n23 / ILA_Cx4_2_foil1_1 - interleave plate 2 Cx4 foil, r58.0-348.0 [Al foil, stator]",node-n23 - Node n23: Cx4 pickup on ND2 (Lx4 to node 2),foil,sector,ILA_Cx4_2,n23,Cx4,Al foil,58.0000,348.0000,0.0000,30.0000,-138.6000,-137.6000,,,,,30824.2599
ILA_Cx4_2_mica1_1,"dielectrics / ILA_Cx4_2_mica1_1 - Cx4 mica facing [mica, stator]","dielectrics - septum (C_R, garolite), the Ca / Cb mica slabs and the Cx mica facings; no node",dielectric,sector,ILA_Cx4_2,,Cx4,mica,53.0000,353.0000,-4.9393,39.8786,-138.9000,-138.6000,,,,,12716.1496
ILA_Cx4_2_foil1_2,"node-n23 / ILA_Cx4_2_foil1_2 - interleave plate 2 Cx4 foil, r58.0-348.0 [Al foil, stator]",node-n23 - Node n23: Cx4 pickup on ND2 (Lx4 to node 2),foil,sector,ILA_Cx4_2,n23,Cx4,Al foil,58.0000,348.0000,60.0000,30.0000,-138.6000,-137.6000,,,,,30824.2599
ILA_Cx4_2_mica1_2,"dielectrics / ILA_Cx4_2_mica1_2 - Cx4 mica facing [mica, stator]","dielectrics - septum (C_R, garolite), the Ca / Cb mica slabs and the Cx mica facings; no node",dielectric,sector,ILA_Cx4_2,,Cx4,mica,53.0000,353.0000,55.0607,39.8786,-138.9000,-138.6000,,,,,12716.1496
ILA_Cx4_2_foil1_3,"node-n23 / ILA_Cx4_2_foil1_3 - interleave plate 2 Cx4 foil, r58.0-348.0 [Al foil, stator]",node-n23 - Node n23: Cx4 pickup on ND2 (Lx4 to node 2),foil,sector,ILA_Cx4_2,n23,Cx4,Al foil,58.0000,348.0000,120.0000,30.0000,-138.6000,-137.6000,,,,,30824.2599
ILA_Cx4_2_mica1_3,"dielectrics / ILA_Cx4_2_mica1_3 - Cx4 mica facing [mica, stator]","dielectrics - septum (C_R, garolite), the Ca / Cb mica slabs and the Cx mica facings; no node",dielectric,sector,ILA_Cx4_2,,Cx4,mica,53.0000,353.0000,115.0607,39.8786,-138.9000,-138.6000,,,,,12716.1496
ILA_Cx4_2_foil1_4,"node-n23 / ILA_Cx4_2_foil1_4 - interleave plate 2 Cx4 foil, r58.0-348.0 [Al foil, stator]",node-n23 - Node n23: Cx4 pickup on ND2 (Lx4 to node 2),foil,sector,ILA_Cx4_2,n23,Cx4,Al foil,58.0000,348.0000,180.0000,30.0000,-138.6000,-137.6000,,,,,30824.2599
ILA_Cx4_2_mica1_4,"dielectrics / ILA_Cx4_2_mica1_4 - Cx4 mica facing [mica, stator]","dielectrics - septum (C_R, garolite), the Ca / Cb mica slabs and the Cx mica facings; no node",dielectric,sector,ILA_Cx4_2,,Cx4,mica,53.0000,353.0000,175.0607,39.8786,-138.9000,-138.6000,,,,,12716.1496
ILA_Cx4_2_foil1_5,"node-n23 / ILA_Cx4_2_foil1_5 - interleave plate 2 Cx4 foil, r58.0-348.0 [Al foil, stator]",node-n23 - Node n23: Cx4 pickup on ND2 (Lx4 to node 2),foil,sector,ILA_Cx4_2,n23,Cx4,Al foil,58.0000,348.0000,240.0000,30.0000,-138.6000,-137.6000,,,,,30824.2599
ILA_Cx4_2_mica1_5,"dielectrics / ILA_Cx4_2_mica1_5 - Cx4 mica facing [mica, stator]","dielectrics - septum (C_R, garolite), the Ca / Cb mica slabs and the Cx mica facings; no node",dielectric,sector,ILA_Cx4_2,,Cx4,mica,53.0000,353.0000,235.0607,39.8786,-138.9000,-138.6000,,,,,12716.1496
ILA_Cx4_2_foil1_6,"node-n23 / ILA_Cx4_2_foil1_6 - interleave plate 2 Cx4 foil, r58.0-348.0 [Al foil, stator]",node-n23 - Node n23: Cx4 pickup on ND2 (Lx4 to node 2),foil,sector,ILA_Cx4_2,n23,Cx4,Al foil,58.0000,348.0000,300.0000,30.0000,-138.6000,-137.6000,,,,,30824.2599
ILA_Cx4_2_mica1_6,"dielectrics / ILA_Cx4_2_mica1_6 - Cx4 mica facing [mica, stator]","dielectrics - septum (C_R, garolite), the Ca / Cb mica slabs and the Cx mica facings; no node",dielectric,sector,ILA_Cx4_2,,Cx4,mica,53.0000,353.0000,295.0607,39.8786,-138.9000,-138.6000,,,,,12716.1496
VIAA_Cx4_2_1,"node-n23 / VIAA_Cx4_2_1 - through-plate via [Cu link, stator]",node-n23 - Node n23: Cx4 pickup on ND2 (Lx4 to node 2),link,rod,,n23,,Cu link,,,,,,,,1.0000,196.083 52.540 -134.600,196.083 52.540 -136.600,6.2832
VIAA_Cx4_2_2,"node-n23 / VIAA_Cx4_2_2 - through-plate via [Cu link, stator]",node-n23 - Node n23: Cx4 pickup on ND2 (Lx4 to node 2),link,rod,,n23,,Cu link,,,,,,,,1.0000,52.540 196.083 -134.600,52.540 196.083 -136.600,6.2832
VIAA_Cx4_2_3,"node-n23 / VIAA_Cx4_2_3 - through-plate via [Cu link, stator]",node-n23 - Node n23: Cx4 pickup on ND2 (Lx4 to node 2),link,rod,,n23,,Cu link,,,,,,,,1.0000,-143.543 143.543 -134.600,-143.543 143.543 -136.600,6.2832
VIAA_Cx4_2_4,"node-n23 / VIAA_Cx4_2_4 - through-plate via [Cu link, stator]",node-n23 - Node n23: Cx4 pickup on ND2 (Lx4 to node 2),link,rod,,n23,,Cu link,,,,,,,,1.0000,-196.083 -52.540 -134.600,-196.083 -52.540 -136.600,6.2832
VIAA_Cx4_2_5,"node-n23 / VIAA_Cx4_2_5 - through-plate via [Cu link, stator]",node-n23 - Node n23: Cx4 pickup on ND2 (Lx4 to node 2),link,rod,,n23,,Cu link,,,,,,,,1.0000,-52.540 -196.083 -134.600,-52.540 -196.083 -136.600,6.2832
VIAA_Cx4_2_6,"node-n23 / VIAA_Cx4_2_6 - through-plate via [Cu link, stator]",node-n23 - Node n23: Cx4 pickup on ND2 (Lx4 to node 2),link,rod,,n23,,Cu link,,,,,,,,1.0000,143.543 -143.543 -134.600,143.543 -143.543 -136.600,6.2832
ILA_Cx4_in_link_1,"node-n23 / ILA_Cx4_in_link_1 - interleave link [Cu link, stator]",node-n23 - Node n23: Cx4 pickup on ND2 (Lx4 to node 2),link,rod,,n23,,Cu link,,,,,,,,2.0000,59.887 16.047 -117.400,59.887 16.047 -134.600,216.1416
ILA_Cx4_in_link_1_sleeve,"carriers / ILA_Cx4_in_link_1_sleeve - PTFE sleeve on the interleave link, 3 mm wall [PTFE sleeve, stator]",carriers - the insulating carrier discs (G10); no node,sleeve,rod,,,,PTFE sleeve,,,,,,,,5.0000,59.887 16.047 -117.400,59.887 16.047 -134.600,1350.8848
ILA_Cx4_in_link_2,"node-n23 / ILA_Cx4_in_link_2 - interleave link [Cu link, stator]",node-n23 - Node n23: Cx4 pickup on ND2 (Lx4 to node 2),link,rod,,n23,,Cu link,,,,,,,,2.0000,16.047 59.887 -117.400,16.047 59.887 -134.600,216.1416
ILA_Cx4_in_link_2_sleeve,"carriers / ILA_Cx4_in_link_2_sleeve - PTFE sleeve on the interleave link, 3 mm wall [PTFE sleeve, stator]",carriers - the insulating carrier discs (G10); no node,sleeve,rod,,,,PTFE sleeve,,,,,,,,5.0000,16.047 59.887 -117.400,16.047 59.887 -134.600,1350.8848
ILA_Cx4_in_link_3,"node-n23 / ILA_Cx4_in_link_3 - interleave link [Cu link, stator]",node-n23 - Node n23: Cx4 pickup on ND2 (Lx4 to node 2),link,rod,,n23,,Cu link,,,,,,,,2.0000,-43.841 43.841 -117.400,-43.841 43.841 -134.600,216.1416
ILA_Cx4_in_link_3_sleeve,"carriers / ILA_Cx4_in_link_3_sleeve - PTFE sleeve on the interleave link, 3 mm wall [PTFE sleeve, stator]",carriers - the insulating carrier discs (G10); no node,sleeve,rod,,,,PTFE sleeve,,,,,,,,5.0000,-43.841 43.841 -117.400,-43.841 43.841 -134.600,1350.8848
ILA_Cx4_in_link_4,"node-n23 / ILA_Cx4_in_link_4 - interleave link [Cu link, stator]",node-n23 - Node n23: Cx4 pickup on ND2 (Lx4 to node 2),link,rod,,n23,,Cu link,,,,,,,,2.0000,-59.887 -16.047 -117.400,-59.887 -16.047 -134.600,216.1416
ILA_Cx4_in_link_4_sleeve,"carriers / ILA_Cx4_in_link_4_sleeve - PTFE sleeve on the interleave link, 3 mm wall [PTFE sleeve, stator]",carriers - the insulating carrier discs (G10); no node,sleeve,rod,,,,PTFE sleeve,,,,,,,,5.0000,-59.887 -16.047 -117.400,-59.887 -16.047 -134.600,1350.8848
ILA_Cx4_in_link_5,"node-n23 / ILA_Cx4_in_link_5 - interleave link [Cu link, stator]",node-n23 - Node n23: Cx4 pickup on ND2 (Lx4 to node 2),link,rod,,n23,,Cu link,,,,,,,,2.0000,-16.047 -59.887 -117.400,-16.047 -59.887 -134.600,216.1416
ILA_Cx4_in_link_5_sleeve,"carriers / ILA_Cx4_in_link_5_sleeve - PTFE sleeve on the interleave link, 3 mm wall [PTFE sleeve, stator]",carriers - the insulating carrier discs (G10); no node,sleeve,rod,,,,PTFE sleeve,,,,,,,,5.0000,-16.047 -59.887 -117.400,-16.047 -59.887 -134.600,1350.8848
ILA_Cx4_in_link_6,"node-n23 / ILA_Cx4_in_link_6 - interleave link [Cu link, stator]",node-n23 - Node n23: Cx4 pickup on ND2 (Lx4 to node 2),link,rod,,n23,,Cu link,,,,,,,,2.0000,43.841 -43.841 -117.400,43.841 -43.841 -134.600,216.1416
ILA_Cx4_in_link_6_sleeve,"carriers / ILA_Cx4_in_link_6_sleeve - PTFE sleeve on the interleave link, 3 mm wall [PTFE sleeve, stator]",carriers - the insulating carrier discs (G10); no node,sleeve,rod,,,,PTFE sleeve,,,,,,,,5.0000,43.841 -43.841 -117.400,43.841 -43.841 -134.600,1350.8848
ILA_Cx4_out_link_1,"node-8 / ILA_Cx4_out_link_1 - interleave link [Cu link, rotor A]",node-8 - Node 8: ND8 - island on rotor A (Cx4 bars),link,rod,,8,,Cu link,,,,,,,,2.0000,347.733 93.175 -127.000,347.733 93.175 -144.200,216.1416
ILA_Cx4_out_link_1_sleeve,"carriers / ILA_Cx4_out_link_1_sleeve - PTFE sleeve on the interleave link, 3 mm wall [PTFE sleeve, rotor A]",carriers - the insulating carrier discs (G10); no node,sleeve,rod,,,,PTFE sleeve,,,,,,,,5.0000,347.733 93.175 -127.000,347.733 93.175 -144.200,1350.8848
ILA_Cx4_out_tab_-128.00_1,"node-8 / ILA_Cx4_out_tab_-128.00_1 - interleave link tab, plate at z -128.00 [Al foil, rotor A]",node-8 - Node 8: ND8 - island on rotor A (Cx4 bars),foil,sector,,8,,Al foil,348.0000,362.0000,13.0000,4.0000,-129.0000,-128.0000,,,,,346.9715
ILA_Cx4_out_tab_-143.20_1,"node-8 / ILA_Cx4_out_tab_-143.20_1 - interleave link tab, plate at z -143.20 [Al foil, rotor A]",node-8 - Node 8: ND8 - island on rotor A (Cx4 bars),foil,sector,,8,,Al foil,348.0000,362.0000,13.0000,4.0000,-143.2000,-142.2000,,,,,346.9715
ILA_Cx4_out_link_2,"node-8 / ILA_Cx4_out_link_2 - interleave link [Cu link, rotor A]",node-8 - Node 8: ND8 - island on rotor A (Cx4 bars),link,rod,,8,,Cu link,,,,,,,,2.0000,93.175 347.733 -127.000,93.175 347.733 -144.200,216.1416
ILA_Cx4_out_link_2_sleeve,"carriers / ILA_Cx4_out_link_2_sleeve - PTFE sleeve on the interleave link, 3 mm wall [PTFE sleeve, rotor A]",carriers - the insulating carrier discs (G10); no node,sleeve,rod,,,,PTFE sleeve,,,,,,,,5.0000,93.175 347.733 -127.000,93.175 347.733 -144.200,1350.8848
ILA_Cx4_out_tab_-128.00_2,"node-8 / ILA_Cx4_out_tab_-128.00_2 - interleave link tab, plate at z -128.00 [Al foil, rotor A]",node-8 - Node 8: ND8 - island on rotor A (Cx4 bars),foil,sector,,8,,Al foil,348.0000,362.0000,73.0000,4.0000,-129.0000,-128.0000,,,,,346.9715
ILA_Cx4_out_tab_-143.20_2,"node-8 / ILA_Cx4_out_tab_-143.20_2 - interleave link tab, plate at z -143.20 [Al foil, rotor A]",node-8 - Node 8: ND8 - island on rotor A (Cx4 bars),foil,sector,,8,,Al foil,348.0000,362.0000,73.0000,4.0000,-143.2000,-142.2000,,,,,346.9715
ILA_Cx4_out_link_3,"node-8 / ILA_Cx4_out_link_3 - interleave link [Cu link, rotor A]",node-8 - Node 8: ND8 - island on rotor A (Cx4 bars),link,rod,,8,,Cu link,,,,,,,,2.0000,-254.558 254.558 -127.000,-254.558 254.558 -144.200,216.1416
ILA_Cx4_out_link_3_sleeve,"carriers / ILA_Cx4_out_link_3_sleeve - PTFE sleeve on the interleave link, 3 mm wall [PTFE sleeve, rotor A]",carriers - the insulating carrier discs (G10); no node,sleeve,rod,,,,PTFE sleeve,,,,,,,,5.0000,-254.558 254.558 -127.000,-254.558 254.558 -144.200,1350.8848
ILA_Cx4_out_tab_-128.00_3,"node-8 / ILA_Cx4_out_tab_-128.00_3 - interleave link tab, plate at z -128.00 [Al foil, rotor A]",node-8 - Node 8: ND8 - island on rotor A (Cx4 bars),foil,sector,,8,,Al foil,348.0000,362.0000,133.0000,4.0000,-129.0000,-128.0000,,,,,346.9715
ILA_Cx4_out_tab_-143.20_3,"node-8 / ILA_Cx4_out_tab_-143.20_3 - interleave link tab, plate at z -143.20 [Al foil, rotor A]",node-8 - Node 8: ND8 - island on rotor A (Cx4 bars),foil,sector,,8,,Al foil,348.0000,362.0000,133.0000,4.0000,-143.2000,-142.2000,,,,,346.9715
ILA_Cx4_out_link_4,"node-8 / ILA_Cx4_out_link_4 - interleave link [Cu link, rotor A]",node-8 - Node 8: ND8 - island on rotor A (Cx4 bars),link,rod,,8,,Cu link,,,,,,,,2.0000,-347.733 -93.175 -127.000,-347.733 -93.175 -144.200,216.1416
ILA_Cx4_out_link_4_sleeve,"carriers / ILA_Cx4_out_link_4_sleeve - PTFE sleeve on the interleave link, 3 mm wall [PTFE sleeve, rotor A]",carriers - the insulating carrier discs (G10); no node,sleeve,rod,,,,PTFE sleeve,,,,,,,,5.0000,-347.733 -93.175 -127.000,-347.733 -93.175 -144.200,1350.8848
ILA_Cx4_out_tab_-128.00_4,"node-8 / ILA_Cx4_out_tab_-128.00_4 - interleave link tab, plate at z -128.00 [Al foil, rotor A]",node-8 - Node 8: ND8 - island on rotor A (Cx4 bars),foil,sector,,8,,Al foil,348.0000,362.0000,193.0000,4.0000,-129.0000,-128.0000,,,,,346.9715
ILA_Cx4_out_tab_-143.20_4,"node-8 / ILA_Cx4_out_tab_-143.20_4 - interleave link tab, plate at z -143.20 [Al foil, rotor A]",node-8 - Node 8: ND8 - island on rotor A (Cx4 bars),foil,sector,,8,,Al foil,348.0000,362.0000,193.0000,4.0000,-143.2000,-142.2000,,,,,346.9715
ILA_Cx4_out_link_5,"node-8 / ILA_Cx4_out_link_5 - interleave link [Cu link, rotor A]",node-8 - Node 8: ND8 - island on rotor A (Cx4 bars),link,rod,,8,,Cu link,,,,,,,,2.0000,-93.175 -347.733 -127.000,-93.175 -347.733 -144.200,216.1416
ILA_Cx4_out_link_5_sleeve,"carriers / ILA_Cx4_out_link_5_sleeve - PTFE sleeve on the interleave link, 3 mm wall [PTFE sleeve, rotor A]",carriers - the insulating carrier discs (G10); no node,sleeve,rod,,,,PTFE sleeve,,,,,,,,5.0000,-93.175 -347.733 -127.000,-93.175 -347.733 -144.200,1350.8848
ILA_Cx4_out_tab_-128.00_5,"node-8 / ILA_Cx4_out_tab_-128.00_5 - interleave link tab, plate at z -128.00 [Al foil, rotor A]",node-8 - Node 8: ND8 - island on rotor A (Cx4 bars),foil,sector,,8,,Al foil,348.0000,362.0000,253.0000,4.0000,-129.0000,-128.0000,,,,,346.9715
ILA_Cx4_out_tab_-143.20_5,"node-8 / ILA_Cx4_out_tab_-143.20_5 - interleave link tab, plate at z -143.20 [Al foil, rotor A]",node-8 - Node 8: ND8 - island on rotor A (Cx4 bars),foil,sector,,8,,Al foil,348.0000,362.0000,253.0000,4.0000,-143.2000,-142.2000,,,,,346.9715
ILA_Cx4_out_link_6,"node-8 / ILA_Cx4_out_link_6 - interleave link [Cu link, rotor A]",node-8 - Node 8: ND8 - island on rotor A (Cx4 bars),link,rod,,8,,Cu link,,,,,,,,2.0000,254.558 -254.558 -127.000,254.558 -254.558 -144.200,216.1416
ILA_Cx4_out_link_6_sleeve,"carriers / ILA_Cx4_out_link_6_sleeve - PTFE sleeve on the interleave link, 3 mm wall [PTFE sleeve, rotor A]",carriers - the insulating carrier discs (G10); no node,sleeve,rod,,,,PTFE sleeve,,,,,,,,5.0000,254.558 -254.558 -127.000,254.558 -254.558 -144.200,1350.8848
ILA_Cx4_out_tab_-128.00_6,"node-8 / ILA_Cx4_out_tab_-128.00_6 - interleave link tab, plate at z -128.00 [Al foil, rotor A]",node-8 - Node 8: ND8 - island on rotor A (Cx4 bars),foil,sector,,8,,Al foil,348.0000,362.0000,313.0000,4.0000,-129.0000,-128.0000,,,,,346.9715
ILA_Cx4_out_tab_-143.20_6,"node-8 / ILA_Cx4_out_tab_-143.20_6 - interleave link tab, plate at z -143.20 [Al foil, rotor A]",node-8 - Node 8: ND8 - island on rotor A (Cx4 bars),foil,sector,,8,,Al foil,348.0000,362.0000,313.0000,4.0000,-143.2000,-142.2000,,,,,346.9715
ILB_C2_1_carrier,"carriers / ILB_C2_1_carrier - interleave plate 1 carrier (C2), insulating [glass-bonded mica plate, stator]",carriers - the insulating carrier discs (G10); no node,carrier,sector,ILB_C2_1,,,glass-bonded mica plate,86.0000,398.0000,0.0000,360.0000,32.2500,36.2500,,,,,1897622.4937
ILB_C2_1_foil0_1,"node-4 / ILB_C2_1_foil0_1 - interleave plate 1 C2 foil, r95.0-387.0 [Al foil, stator]",node-4 - Node 4: ND4 - B-rail: C2 stator plate + Cb counter-electrode,foil,sector,ILB_C2_1,4,C2,Al foil,95.0000,387.0000,4.0000,22.0000,31.2500,32.2500,,,,,27020.9082
ILB_C2_1_mica0_1,"dielectrics / ILB_C2_1_mica0_1 - C2 mica facing [mica, stator]","dielectrics - septum (C_R, garolite), the Ca / Cb mica slabs and the Cx mica facings; no node",dielectric,sector,ILB_C2_1,,C2,mica,94.0000,388.0000,3.3969,23.2062,30.7500,31.2500,,,,,14348.8230
ILB_C2_1_foil0_2,"node-4 / ILB_C2_1_foil0_2 - interleave plate 1 C2 foil, r95.0-387.0 [Al foil, stator]",node-4 - Node 4: ND4 - B-rail: C2 stator plate + Cb counter-electrode,foil,sector,ILB_C2_1,4,C2,Al foil,95.0000,387.0000,64.0000,22.0000,31.2500,32.2500,,,,,27020.9082
ILB_C2_1_mica0_2,"dielectrics / ILB_C2_1_mica0_2 - C2 mica facing [mica, stator]","dielectrics - septum (C_R, garolite), the Ca / Cb mica slabs and the Cx mica facings; no node",dielectric,sector,ILB_C2_1,,C2,mica,94.0000,388.0000,63.3969,23.2062,30.7500,31.2500,,,,,14348.8230
ILB_C2_1_foil0_3,"node-4 / ILB_C2_1_foil0_3 - interleave plate 1 C2 foil, r95.0-387.0 [Al foil, stator]",node-4 - Node 4: ND4 - B-rail: C2 stator plate + Cb counter-electrode,foil,sector,ILB_C2_1,4,C2,Al foil,95.0000,387.0000,124.0000,22.0000,31.2500,32.2500,,,,,27020.9082
ILB_C2_1_mica0_3,"dielectrics / ILB_C2_1_mica0_3 - C2 mica facing [mica, stator]","dielectrics - septum (C_R, garolite), the Ca / Cb mica slabs and the Cx mica facings; no node",dielectric,sector,ILB_C2_1,,C2,mica,94.0000,388.0000,123.3969,23.2062,30.7500,31.2500,,,,,14348.8230
ILB_C2_1_foil0_4,"node-4 / ILB_C2_1_foil0_4 - interleave plate 1 C2 foil, r95.0-387.0 [Al foil, stator]",node-4 - Node 4: ND4 - B-rail: C2 stator plate + Cb counter-electrode,foil,sector,ILB_C2_1,4,C2,Al foil,95.0000,387.0000,184.0000,22.0000,31.2500,32.2500,,,,,27020.9082
ILB_C2_1_mica0_4,"dielectrics / ILB_C2_1_mica0_4 - C2 mica facing [mica, stator]","dielectrics - septum (C_R, garolite), the Ca / Cb mica slabs and the Cx mica facings; no node",dielectric,sector,ILB_C2_1,,C2,mica,94.0000,388.0000,183.3969,23.2062,30.7500,31.2500,,,,,14348.8230
ILB_C2_1_foil0_5,"node-4 / ILB_C2_1_foil0_5 - interleave plate 1 C2 foil, r95.0-387.0 [Al foil, stator]",node-4 - Node 4: ND4 - B-rail: C2 stator plate + Cb counter-electrode,foil,sector,ILB_C2_1,4,C2,Al foil,95.0000,387.0000,244.0000,22.0000,31.2500,32.2500,,,,,27020.9082
ILB_C2_1_mica0_5,"dielectrics / ILB_C2_1_mica0_5 - C2 mica facing [mica, stator]","dielectrics - septum (C_R, garolite), the Ca / Cb mica slabs and the Cx mica facings; no node",dielectric,sector,ILB_C2_1,,C2,mica,94.0000,388.0000,243.3969,23.2062,30.7500,31.2500,,,,,14348.8230
ILB_C2_1_foil0_6,"node-4 / ILB_C2_1_foil0_6 - interleave plate 1 C2 foil, r95.0-387.0 [Al foil, stator]",node-4 - Node 4: ND4 - B-rail: C2 stator plate + Cb counter-electrode,foil,sector,ILB_C2_1,4,C2,Al foil,95.0000,387.0000,304.0000,22.0000,31.2500,32.2500,,,,,27020.9082
ILB_C2_1_mica0_6,"dielectrics / ILB_C2_1_mica0_6 - C2 mica facing [mica, stator]","dielectrics - septum (C_R, garolite), the Ca / Cb mica slabs and the Cx mica facings; no node",dielectric,sector,ILB_C2_1,,C2,mica,94.0000,388.0000,303.3969,23.2062,30.7500,31.2500,,,,,14348.8230
ILB_C2_1_foil1_1,"node-4 / ILB_C2_1_foil1_1 - interleave plate 1 C2 foil, r95.0-387.0 [Al foil, stator]",node-4 - Node 4: ND4 - B-rail: C2 stator plate + Cb counter-electrode,foil,sector,ILB_C2_1,4,C2,Al foil,95.0000,387.0000,4.0000,22.0000,36.2500,37.2500,,,,,27020.9082
ILB_C2_1_mica1_1,"dielectrics / ILB_C2_1_mica1_1 - C2 mica facing [mica, stator]","dielectrics - septum (C_R, garolite), the Ca / Cb mica slabs and the Cx mica facings; no node",dielectric,sector,ILB_C2_1,,C2,mica,94.0000,388.0000,3.3969,23.2062,37.2500,37.7500,,,,,14348.8230
ILB_C2_1_foil1_2,"node-4 / ILB_C2_1_foil1_2 - interleave plate 1 C2 foil, r95.0-387.0 [Al foil, stator]",node-4 - Node 4: ND4 - B-rail: C2 stator plate + Cb counter-electrode,foil,sector,ILB_C2_1,4,C2,Al foil,95.0000,387.0000,64.0000,22.0000,36.2500,37.2500,,,,,27020.9082
ILB_C2_1_mica1_2,"dielectrics / ILB_C2_1_mica1_2 - C2 mica facing [mica, stator]","dielectrics - septum (C_R, garolite), the Ca / Cb mica slabs and the Cx mica facings; no node",dielectric,sector,ILB_C2_1,,C2,mica,94.0000,388.0000,63.3969,23.2062,37.2500,37.7500,,,,,14348.8230
ILB_C2_1_foil1_3,"node-4 / ILB_C2_1_foil1_3 - interleave plate 1 C2 foil, r95.0-387.0 [Al foil, stator]",node-4 - Node 4: ND4 - B-rail: C2 stator plate + Cb counter-electrode,foil,sector,ILB_C2_1,4,C2,Al foil,95.0000,387.0000,124.0000,22.0000,36.2500,37.2500,,,,,27020.9082
ILB_C2_1_mica1_3,"dielectrics / ILB_C2_1_mica1_3 - C2 mica facing [mica, stator]","dielectrics - septum (C_R, garolite), the Ca / Cb mica slabs and the Cx mica facings; no node",dielectric,sector,ILB_C2_1,,C2,mica,94.0000,388.0000,123.3969,23.2062,37.2500,37.7500,,,,,14348.8230
ILB_C2_1_foil1_4,"node-4 / ILB_C2_1_foil1_4 - interleave plate 1 C2 foil, r95.0-387.0 [Al foil, stator]",node-4 - Node 4: ND4 - B-rail: C2 stator plate + Cb counter-electrode,foil,sector,ILB_C2_1,4,C2,Al foil,95.0000,387.0000,184.0000,22.0000,36.2500,37.2500,,,,,27020.9082
ILB_C2_1_mica1_4,"dielectrics / ILB_C2_1_mica1_4 - C2 mica facing [mica, stator]","dielectrics - septum (C_R, garolite), the Ca / Cb mica slabs and the Cx mica facings; no node",dielectric,sector,ILB_C2_1,,C2,mica,94.0000,388.0000,183.3969,23.2062,37.2500,37.7500,,,,,14348.8230
ILB_C2_1_foil1_5,"node-4 / ILB_C2_1_foil1_5 - interleave plate 1 C2 foil, r95.0-387.0 [Al foil, stator]",node-4 - Node 4: ND4 - B-rail: C2 stator plate + Cb counter-electrode,foil,sector,ILB_C2_1,4,C2,Al foil,95.0000,387.0000,244.0000,22.0000,36.2500,37.2500,,,,,27020.9082
ILB_C2_1_mica1_5,"dielectrics / ILB_C2_1_mica1_5 - C2 mica facing [mica, stator]","dielectrics - septum (C_R, garolite), the Ca / Cb mica slabs and the Cx mica facings; no node",dielectric,sector,ILB_C2_1,,C2,mica,94.0000,388.0000,243.3969,23.2062,37.2500,37.7500,,,,,14348.8230
ILB_C2_1_foil1_6,"node-4 / ILB_C2_1_foil1_6 - interleave plate 1 C2 foil, r95.0-387.0 [Al foil, stator]",node-4 - Node 4: ND4 - B-rail: C2 stator plate + Cb counter-electrode,foil,sector,ILB_C2_1,4,C2,Al foil,95.0000,387.0000,304.0000,22.0000,36.2500,37.2500,,,,,27020.9082
ILB_C2_1_mica1_6,"dielectrics / ILB_C2_1_mica1_6 - C2 mica facing [mica, stator]","dielectrics - septum (C_R, garolite), the Ca / Cb mica slabs and the Cx mica facings; no node",dielectric,sector,ILB_C2_1,,C2,mica,94.0000,388.0000,303.3969,23.2062,37.2500,37.7500,,,,,14348.8230
VIAB_C2_1_1,"node-4 / VIAB_C2_1_1 - through-plate via [Cu link, stator]",node-4 - Node 4: ND4 - B-rail: C2 stator plate + Cb counter-electrode,link,rod,,4,,Cu link,,,,,,,,1.0000,232.788 62.375 33.250,232.788 62.375 35.250,6.2832
VIAB_C2_1_2,"node-4 / VIAB_C2_1_2 - through-plate via [Cu link, stator]",node-4 - Node 4: ND4 - B-rail: C2 stator plate + Cb counter-electrode,link,rod,,4,,Cu link,,,,,,,,1.0000,62.375 232.788 33.250,62.375 232.788 35.250,6.2832
VIAB_C2_1_3,"node-4 / VIAB_C2_1_3 - through-plate via [Cu link, stator]",node-4 - Node 4: ND4 - B-rail: C2 stator plate + Cb counter-electrode,link,rod,,4,,Cu link,,,,,,,,1.0000,-170.413 170.413 33.250,-170.413 170.413 35.250,6.2832
VIAB_C2_1_4,"node-4 / VIAB_C2_1_4 - through-plate via [Cu link, stator]",node-4 - Node 4: ND4 - B-rail: C2 stator plate + Cb counter-electrode,link,rod,,4,,Cu link,,,,,,,,1.0000,-232.788 -62.375 33.250,-232.788 -62.375 35.250,6.2832
VIAB_C2_1_5,"node-4 / VIAB_C2_1_5 - through-plate via [Cu link, stator]",node-4 - Node 4: ND4 - B-rail: C2 stator plate + Cb counter-electrode,link,rod,,4,,Cu link,,,,,,,,1.0000,-62.375 -232.788 33.250,-62.375 -232.788 35.250,6.2832
VIAB_C2_1_6,"node-4 / VIAB_C2_1_6 - through-plate via [Cu link, stator]",node-4 - Node 4: ND4 - B-rail: C2 stator plate + Cb counter-electrode,link,rod,,4,,Cu link,,,,,,,,1.0000,170.413 -170.413 33.250,170.413 -170.413 35.250,6.2832
ILB_C2_2_carrier,"carriers / ILB_C2_2_carrier - interleave plate 2 carrier (C2), insulating [glass-bonded mica plate, rotor B]",carriers - the insulating carrier discs (G10); no node,carrier,sector,ILB_C2_2,,,glass-bonded mica plate,0.0000,384.0000,0.0000,360.0000,41.2500,45.2500,,,,,1852986.7453
ILB_C2_2_foil0_1,"node-R-B / ILB_C2_2_foil0_1 - interleave plate 2 C2 foil, r75.0-383.0 [Al foil, rotor B]",node-R-B - Node R-B: ND6 - resonator end B: rotor B (C2 rotor face),foil,sector,ILB_C2_2,R-B,C2,Al foil,75.0000,383.0000,30.0000,30.0000,40.2500,41.2500,,,,,36930.4688
ILB_C2_2_mica0_1,"dielectrics / ILB_C2_2_mica0_1 - C2 mica facing [mica, rotor B]","dielectrics - septum (C_R, garolite), the Ca / Cb mica slabs and the Cx mica facings; no node",dielectric,sector,ILB_C2_2,,C2,mica,74.0000,384.0000,29.2361,31.5279,39.7500,40.2500,,,,,19531.6719
ILB_C2_2_foil0_2,"node-R-B / ILB_C2_2_foil0_2 - interleave plate 2 C2 foil, r75.0-383.0 [Al foil, rotor B]",node-R-B - Node R-B: ND6 - resonator end B: rotor B (C2 rotor face),foil,sector,ILB_C2_2,R-B,C2,Al foil,75.0000,383.0000,90.0000,30.0000,40.2500,41.2500,,,,,36930.4688
ILB_C2_2_mica0_2,"dielectrics / ILB_C2_2_mica0_2 - C2 mica facing [mica, rotor B]","dielectrics - septum (C_R, garolite), the Ca / Cb mica slabs and the Cx mica facings; no node",dielectric,sector,ILB_C2_2,,C2,mica,74.0000,384.0000,89.2361,31.5279,39.7500,40.2500,,,,,19531.6719
ILB_C2_2_foil0_3,"node-R-B / ILB_C2_2_foil0_3 - interleave plate 2 C2 foil, r75.0-383.0 [Al foil, rotor B]",node-R-B - Node R-B: ND6 - resonator end B: rotor B (C2 rotor face),foil,sector,ILB_C2_2,R-B,C2,Al foil,75.0000,383.0000,150.0000,30.0000,40.2500,41.2500,,,,,36930.4688
ILB_C2_2_mica0_3,"dielectrics / ILB_C2_2_mica0_3 - C2 mica facing [mica, rotor B]","dielectrics - septum (C_R, garolite), the Ca / Cb mica slabs and the Cx mica facings; no node",dielectric,sector,ILB_C2_2,,C2,mica,74.0000,384.0000,149.2361,31.5279,39.7500,40.2500,,,,,19531.6719
ILB_C2_2_foil0_4,"node-R-B / ILB_C2_2_foil0_4 - interleave plate 2 C2 foil, r75.0-383.0 [Al foil, rotor B]",node-R-B - Node R-B: ND6 - resonator end B: rotor B (C2 rotor face),foil,sector,ILB_C2_2,R-B,C2,Al foil,75.0000,383.0000,210.0000,30.0000,40.2500,41.2500,,,,,36930.4688
ILB_C2_2_mica0_4,"dielectrics / ILB_C2_2_mica0_4 - C2 mica facing [mica, rotor B]","dielectrics - septum (C_R, garolite), the Ca / Cb mica slabs and the Cx mica facings; no node",dielectric,sector,ILB_C2_2,,C2,mica,74.0000,384.0000,209.2361,31.5279,39.7500,40.2500,,,,,19531.6719
ILB_C2_2_foil0_5,"node-R-B / ILB_C2_2_foil0_5 - interleave plate 2 C2 foil, r75.0-383.0 [Al foil, rotor B]",node-R-B - Node R-B: ND6 - resonator end B: rotor B (C2 rotor face),foil,sector,ILB_C2_2,R-B,C2,Al foil,75.0000,383.0000,270.0000,30.0000,40.2500,41.2500,,,,,36930.4688
ILB_C2_2_mica0_5,"dielectrics / ILB_C2_2_mica0_5 - C2 mica facing [mica, rotor B]","dielectrics - septum (C_R, garolite), the Ca / Cb mica slabs and the Cx mica facings; no node",dielectric,sector,ILB_C2_2,,C2,mica,74.0000,384.0000,269.2361,31.5279,39.7500,40.2500,,,,,19531.6719
ILB_C2_2_foil0_6,"node-R-B / ILB_C2_2_foil0_6 - interleave plate 2 C2 foil, r75.0-383.0 [Al foil, rotor B]",node-R-B - Node R-B: ND6 - resonator end B: rotor B (C2 rotor face),foil,sector,ILB_C2_2,R-B,C2,Al foil,75.0000,383.0000,330.0000,30.0000,40.2500,41.2500,,,,,36930.4688
ILB_C2_2_mica0_6,"dielectrics / ILB_C2_2_mica0_6 - C2 mica facing [mica, rotor B]","dielectrics - septum (C_R, garolite), the Ca / Cb mica slabs and the Cx mica facings; no node",dielectric,sector,ILB_C2_2,,C2,mica,74.0000,384.0000,329.2361,31.5279,39.7500,40.2500,,,,,19531.6719
ILB_C2_2_foil1_1,"node-R-B / ILB_C2_2_foil1_1 - interleave plate 2 C2 foil, r75.0-383.0 [Al foil, rotor B]",node-R-B - Node R-B: ND6 - resonator end B: rotor B (C2 rotor face),foil,sector,ILB_C2_2,R-B,C2,Al foil,75.0000,383.0000,30.0000,30.0000,45.2500,46.2500,,,,,36930.4688
ILB_C2_2_mica1_1,"dielectrics / ILB_C2_2_mica1_1 - C2 mica facing [mica, rotor B]","dielectrics - septum (C_R, garolite), the Ca / Cb mica slabs and the Cx mica facings; no node",dielectric,sector,ILB_C2_2,,C2,mica,74.0000,384.0000,29.2361,31.5279,46.2500,46.7500,,,,,19531.6719
ILB_C2_2_foil1_2,"node-R-B / ILB_C2_2_foil1_2 - interleave plate 2 C2 foil, r75.0-383.0 [Al foil, rotor B]",node-R-B - Node R-B: ND6 - resonator end B: rotor B (C2 rotor face),foil,sector,ILB_C2_2,R-B,C2,Al foil,75.0000,383.0000,90.0000,30.0000,45.2500,46.2500,,,,,36930.4688
ILB_C2_2_mica1_2,"dielectrics / ILB_C2_2_mica1_2 - C2 mica facing [mica, rotor B]","dielectrics - septum (C_R, garolite), the Ca / Cb mica slabs and the Cx mica facings; no node",dielectric,sector,ILB_C2_2,,C2,mica,74.0000,384.0000,89.2361,31.5279,46.2500,46.7500,,,,,19531.6719
ILB_C2_2_foil1_3,"node-R-B / ILB_C2_2_foil1_3 - interleave plate 2 C2 foil, r75.0-383.0 [Al foil, rotor B]",node-R-B - Node R-B: ND6 - resonator end B: rotor B (C2 rotor face),foil,sector,ILB_C2_2,R-B,C2,Al foil,75.0000,383.0000,150.0000,30.0000,45.2500,46.2500,,,,,36930.4688
ILB_C2_2_mica1_3,"dielectrics / ILB_C2_2_mica1_3 - C2 mica facing [mica, rotor B]","dielectrics - septum (C_R, garolite), the Ca / Cb mica slabs and the Cx mica facings; no node",dielectric,sector,ILB_C2_2,,C2,mica,74.0000,384.0000,149.2361,31.5279,46.2500,46.7500,,,,,19531.6719
ILB_C2_2_foil1_4,"node-R-B / ILB_C2_2_foil1_4 - interleave plate 2 C2 foil, r75.0-383.0 [Al foil, rotor B]",node-R-B - Node R-B: ND6 - resonator end B: rotor B (C2 rotor face),foil,sector,ILB_C2_2,R-B,C2,Al foil,75.0000,383.0000,210.0000,30.0000,45.2500,46.2500,,,,,36930.4688
ILB_C2_2_mica1_4,"dielectrics / ILB_C2_2_mica1_4 - C2 mica facing [mica, rotor B]","dielectrics - septum (C_R, garolite), the Ca / Cb mica slabs and the Cx mica facings; no node",dielectric,sector,ILB_C2_2,,C2,mica,74.0000,384.0000,209.2361,31.5279,46.2500,46.7500,,,,,19531.6719
ILB_C2_2_foil1_5,"node-R-B / ILB_C2_2_foil1_5 - interleave plate 2 C2 foil, r75.0-383.0 [Al foil, rotor B]",node-R-B - Node R-B: ND6 - resonator end B: rotor B (C2 rotor face),foil,sector,ILB_C2_2,R-B,C2,Al foil,75.0000,383.0000,270.0000,30.0000,45.2500,46.2500,,,,,36930.4688
ILB_C2_2_mica1_5,"dielectrics / ILB_C2_2_mica1_5 - C2 mica facing [mica, rotor B]","dielectrics - septum (C_R, garolite), the Ca / Cb mica slabs and the Cx mica facings; no node",dielectric,sector,ILB_C2_2,,C2,mica,74.0000,384.0000,269.2361,31.5279,46.2500,46.7500,,,,,19531.6719
ILB_C2_2_foil1_6,"node-R-B / ILB_C2_2_foil1_6 - interleave plate 2 C2 foil, r75.0-383.0 [Al foil, rotor B]",node-R-B - Node R-B: ND6 - resonator end B: rotor B (C2 rotor face),foil,sector,ILB_C2_2,R-B,C2,Al foil,75.0000,383.0000,330.0000,30.0000,45.2500,46.2500,,,,,36930.4688
ILB_C2_2_mica1_6,"dielectrics / ILB_C2_2_mica1_6 - C2 mica facing [mica, rotor B]","dielectrics - septum (C_R, garolite), the Ca / Cb mica slabs and the Cx mica facings; no node",dielectric,sector,ILB_C2_2,,C2,mica,74.0000,384.0000,329.2361,31.5279,46.2500,46.7500,,,,,19531.6719
VIAB_C2_2_1,"node-R-B / VIAB_C2_2_1 - through-plate via [Cu link, rotor B]",node-R-B - Node R-B: ND6 - resonator end B: rotor B (C2 rotor face),link,rod,,R-B,,Cu link,,,,,,,,1.0000,161.927 161.927 42.250,161.927 161.927 44.250,6.2832
VIAB_C2_2_2,"node-R-B / VIAB_C2_2_2 - through-plate via [Cu link, rotor B]",node-R-B - Node R-B: ND6 - resonator end B: rotor B (C2 rotor face),link,rod,,R-B,,Cu link,,,,,,,,1.0000,-59.270 221.197 42.250,-59.270 221.197 44.250,6.2832
VIAB_C2_2_3,"node-R-B / VIAB_C2_2_3 - through-plate via [Cu link, rotor B]",node-R-B - Node R-B: ND6 - resonator end B: rotor B (C2 rotor face),link,rod,,R-B,,Cu link,,,,,,,,1.0000,-221.197 59.270 42.250,-221.197 59.270 44.250,6.2832
VIAB_C2_2_4,"node-R-B / VIAB_C2_2_4 - through-plate via [Cu link, rotor B]",node-R-B - Node R-B: ND6 - resonator end B: rotor B (C2 rotor face),link,rod,,R-B,,Cu link,,,,,,,,1.0000,-161.927 -161.927 42.250,-161.927 -161.927 44.250,6.2832
VIAB_C2_2_5,"node-R-B / VIAB_C2_2_5 - through-plate via [Cu link, rotor B]",node-R-B - Node R-B: ND6 - resonator end B: rotor B (C2 rotor face),link,rod,,R-B,,Cu link,,,,,,,,1.0000,59.270 -221.197 42.250,59.270 -221.197 44.250,6.2832
VIAB_C2_2_6,"node-R-B / VIAB_C2_2_6 - through-plate via [Cu link, rotor B]",node-R-B - Node R-B: ND6 - resonator end B: rotor B (C2 rotor face),link,rod,,R-B,,Cu link,,,,,,,,1.0000,221.197 -59.270 42.250,221.197 -59.270 44.250,6.2832
ILB_C2_in_link_1,"node-R-B / ILB_C2_in_link_1 - interleave link [Cu link, rotor B]",node-R-B - Node R-B: ND6 - resonator end B: rotor B (C2 rotor face),link,rod,,R-B,,Cu link,,,,,,,,2.0000,55.861 55.861 26.250,55.861 55.861 42.250,201.0619
ILB_C2_in_link_1_sleeve,"carriers / ILB_C2_in_link_1_sleeve - PTFE sleeve on the interleave link, 3 mm wall [PTFE sleeve, rotor B]",carriers - the insulating carrier discs (G10); no node,sleeve,rod,,,,PTFE sleeve,,,,,,,,5.0000,55.861 55.861 26.250,55.861 55.861 42.250,1256.6371
ILB_C2_in_link_2,"node-R-B / ILB_C2_in_link_2 - interleave link [Cu link, rotor B]",node-R-B - Node R-B: ND6 - resonator end B: rotor B (C2 rotor face),link,rod,,R-B,,Cu link,,,,,,,,2.0000,-20.447 76.308 26.250,-20.447 76.308 42.250,201.0619
ILB_C2_in_link_2_sleeve,"carriers / ILB_C2_in_link_2_sleeve - PTFE sleeve on the interleave link, 3 mm wall [PTFE sleeve, rotor B]",carriers - the insulating carrier discs (G10); no node,sleeve,rod,,,,PTFE sleeve,,,,,,,,5.0000,-20.447 76.308 26.250,-20.447 76.308 42.250,1256.6371
ILB_C2_in_link_3,"node-R-B / ILB_C2_in_link_3 - interleave link [Cu link, rotor B]",node-R-B - Node R-B: ND6 - resonator end B: rotor B (C2 rotor face),link,rod,,R-B,,Cu link,,,,,,,,2.0000,-76.308 20.447 26.250,-76.308 20.447 42.250,201.0619
ILB_C2_in_link_3_sleeve,"carriers / ILB_C2_in_link_3_sleeve - PTFE sleeve on the interleave link, 3 mm wall [PTFE sleeve, rotor B]",carriers - the insulating carrier discs (G10); no node,sleeve,rod,,,,PTFE sleeve,,,,,,,,5.0000,-76.308 20.447 26.250,-76.308 20.447 42.250,1256.6371
ILB_C2_in_link_4,"node-R-B / ILB_C2_in_link_4 - interleave link [Cu link, rotor B]",node-R-B - Node R-B: ND6 - resonator end B: rotor B (C2 rotor face),link,rod,,R-B,,Cu link,,,,,,,,2.0000,-55.861 -55.861 26.250,-55.861 -55.861 42.250,201.0619
ILB_C2_in_link_4_sleeve,"carriers / ILB_C2_in_link_4_sleeve - PTFE sleeve on the interleave link, 3 mm wall [PTFE sleeve, rotor B]",carriers - the insulating carrier discs (G10); no node,sleeve,rod,,,,PTFE sleeve,,,,,,,,5.0000,-55.861 -55.861 26.250,-55.861 -55.861 42.250,1256.6371
ILB_C2_in_link_5,"node-R-B / ILB_C2_in_link_5 - interleave link [Cu link, rotor B]",node-R-B - Node R-B: ND6 - resonator end B: rotor B (C2 rotor face),link,rod,,R-B,,Cu link,,,,,,,,2.0000,20.447 -76.308 26.250,20.447 -76.308 42.250,201.0619
ILB_C2_in_link_5_sleeve,"carriers / ILB_C2_in_link_5_sleeve - PTFE sleeve on the interleave link, 3 mm wall [PTFE sleeve, rotor B]",carriers - the insulating carrier discs (G10); no node,sleeve,rod,,,,PTFE sleeve,,,,,,,,5.0000,20.447 -76.308 26.250,20.447 -76.308 42.250,1256.6371
ILB_C2_in_link_6,"node-R-B / ILB_C2_in_link_6 - interleave link [Cu link, rotor B]",node-R-B - Node R-B: ND6 - resonator end B: rotor B (C2 rotor face),link,rod,,R-B,,Cu link,,,,,,,,2.0000,76.308 -20.447 26.250,76.308 -20.447 42.250,201.0619
ILB_C2_in_link_6_sleeve,"carriers / ILB_C2_in_link_6_sleeve - PTFE sleeve on the interleave link, 3 mm wall [PTFE sleeve, rotor B]",carriers - the insulating carrier discs (G10); no node,sleeve,rod,,,,PTFE sleeve,,,,,,,,5.0000,76.308 -20.447 26.250,76.308 -20.447 42.250,1256.6371
ILB_C2_out_link_1,"node-4 / ILB_C2_out_link_1 - interleave link [Cu link, stator]",node-4 - Node 4: ND4 - B-rail: C2 stator plate + Cb counter-electrode,link,rod,,4,,Cu link,,,,,,,,2.0000,377.677 101.198 35.250,377.677 101.198 51.250,201.0619
ILB_C2_out_link_1_sleeve,"carriers / ILB_C2_out_link_1_sleeve - PTFE sleeve on the interleave link, 3 mm wall [PTFE sleeve, stator]",carriers - the insulating carrier discs (G10); no node,sleeve,rod,,,,PTFE sleeve,,,,,,,,5.0000,377.677 101.198 35.250,377.677 101.198 51.250,1256.6371
ILB_C2_out_tab_36.25_1,"node-4 / ILB_C2_out_tab_36.25_1 - interleave link tab, plate at z 36.25 [Al foil, stator]",node-4 - Node 4: ND4 - B-rail: C2 stator plate + Cb counter-electrode,foil,sector,,4,,Al foil,385.0000,393.0000,13.0000,4.0000,36.2500,37.2500,,,,,217.2586
ILB_C2_out_tab_49.25_1,"node-4 / ILB_C2_out_tab_49.25_1 - interleave link tab, plate at z 49.25 [Al foil, stator]",node-4 - Node 4: ND4 - B-rail: C2 stator plate + Cb counter-electrode,foil,sector,,4,,Al foil,385.0000,393.0000,13.0000,4.0000,49.2500,50.2500,,,,,217.2586
ILB_C2_out_link_2,"node-4 / ILB_C2_out_link_2 - interleave link [Cu link, stator]",node-4 - Node 4: ND4 - B-rail: C2 stator plate + Cb counter-electrode,link,rod,,4,,Cu link,,,,,,,,2.0000,101.198 377.677 35.250,101.198 377.677 51.250,201.0619
ILB_C2_out_link_2_sleeve,"carriers / ILB_C2_out_link_2_sleeve - PTFE sleeve on the interleave link, 3 mm wall [PTFE sleeve, stator]",carriers - the insulating carrier discs (G10); no node,sleeve,rod,,,,PTFE sleeve,,,,,,,,5.0000,101.198 377.677 35.250,101.198 377.677 51.250,1256.6371
ILB_C2_out_tab_36.25_2,"node-4 / ILB_C2_out_tab_36.25_2 - interleave link tab, plate at z 36.25 [Al foil, stator]",node-4 - Node 4: ND4 - B-rail: C2 stator plate + Cb counter-electrode,foil,sector,,4,,Al foil,385.0000,393.0000,73.0000,4.0000,36.2500,37.2500,,,,,217.2586
ILB_C2_out_tab_49.25_2,"node-4 / ILB_C2_out_tab_49.25_2 - interleave link tab, plate at z 49.25 [Al foil, stator]",node-4 - Node 4: ND4 - B-rail: C2 stator plate + Cb counter-electrode,foil,sector,,4,,Al foil,385.0000,393.0000,73.0000,4.0000,49.2500,50.2500,,,,,217.2586
ILB_C2_out_link_3,"node-4 / ILB_C2_out_link_3 - interleave link [Cu link, stator]",node-4 - Node 4: ND4 - B-rail: C2 stator plate + Cb counter-electrode,link,rod,,4,,Cu link,,,,,,,,2.0000,-276.479 276.479 35.250,-276.479 276.479 51.250,201.0619
ILB_C2_out_link_3_sleeve,"carriers / ILB_C2_out_link_3_sleeve - PTFE sleeve on the interleave link, 3 mm wall [PTFE sleeve, stator]",carriers - the insulating carrier discs (G10); no node,sleeve,rod,,,,PTFE sleeve,,,,,,,,5.0000,-276.479 276.479 35.250,-276.479 276.479 51.250,1256.6371
ILB_C2_out_tab_36.25_3,"node-4 / ILB_C2_out_tab_36.25_3 - interleave link tab, plate at z 36.25 [Al foil, stator]",node-4 - Node 4: ND4 - B-rail: C2 stator plate + Cb counter-electrode,foil,sector,,4,,Al foil,385.0000,393.0000,133.0000,4.0000,36.2500,37.2500,,,,,217.2586
ILB_C2_out_tab_49.25_3,"node-4 / ILB_C2_out_tab_49.25_3 - interleave link tab, plate at z 49.25 [Al foil, stator]",node-4 - Node 4: ND4 - B-rail: C2 stator plate + Cb counter-electrode,foil,sector,,4,,Al foil,385.0000,393.0000,133.0000,4.0000,49.2500,50.2500,,,,,217.2586
ILB_C2_out_link_4,"node-4 / ILB_C2_out_link_4 - interleave link [Cu link, stator]",node-4 - Node 4: ND4 - B-rail: C2 stator plate + Cb counter-electrode,link,rod,,4,,Cu link,,,,,,,,2.0000,-377.677 -101.198 35.250,-377.677 -101.198 51.250,201.0619
ILB_C2_out_link_4_sleeve,"carriers / ILB_C2_out_link_4_sleeve - PTFE sleeve on the interleave link, 3 mm wall [PTFE sleeve, stator]",carriers - the insulating carrier discs (G10); no node,sleeve,rod,,,,PTFE sleeve,,,,,,,,5.0000,-377.677 -101.198 35.250,-377.677 -101.198 51.250,1256.6371
ILB_C2_out_tab_36.25_4,"node-4 / ILB_C2_out_tab_36.25_4 - interleave link tab, plate at z 36.25 [Al foil, stator]",node-4 - Node 4: ND4 - B-rail: C2 stator plate + Cb counter-electrode,foil,sector,,4,,Al foil,385.0000,393.0000,193.0000,4.0000,36.2500,37.2500,,,,,217.2586
ILB_C2_out_tab_49.25_4,"node-4 / ILB_C2_out_tab_49.25_4 - interleave link tab, plate at z 49.25 [Al foil, stator]",node-4 - Node 4: ND4 - B-rail: C2 stator plate + Cb counter-electrode,foil,sector,,4,,Al foil,385.0000,393.0000,193.0000,4.0000,49.2500,50.2500,,,,,217.2586
ILB_C2_out_link_5,"node-4 / ILB_C2_out_link_5 - interleave link [Cu link, stator]",node-4 - Node 4: ND4 - B-rail: C2 stator plate + Cb counter-electrode,link,rod,,4,,Cu link,,,,,,,,2.0000,-101.198 -377.677 35.250,-101.198 -377.677 51.250,201.0619
ILB_C2_out_link_5_sleeve,"carriers / ILB_C2_out_link_5_sleeve - PTFE sleeve on the interleave link, 3 mm wall [PTFE sleeve, stator]",carriers - the insulating carrier discs (G10); no node,sleeve,rod,,,,PTFE sleeve,,,,,,,,5.0000,-101.198 -377.677 35.250,-101.198 -377.677 51.250,1256.6371
ILB_C2_out_tab_36.25_5,"node-4 / ILB_C2_out_tab_36.25_5 - interleave link tab, plate at z 36.25 [Al foil, stator]",node-4 - Node 4: ND4 - B-rail: C2 stator plate + Cb counter-electrode,foil,sector,,4,,Al foil,385.0000,393.0000,253.0000,4.0000,36.2500,37.2500,,,,,217.2586
ILB_C2_out_tab_49.25_5,"node-4 / ILB_C2_out_tab_49.25_5 - interleave link tab, plate at z 49.25 [Al foil, stator]",node-4 - Node 4: ND4 - B-rail: C2 stator plate + Cb counter-electrode,foil,sector,,4,,Al foil,385.0000,393.0000,253.0000,4.0000,49.2500,50.2500,,,,,217.2586
ILB_C2_out_link_6,"node-4 / ILB_C2_out_link_6 - interleave link [Cu link, stator]",node-4 - Node 4: ND4 - B-rail: C2 stator plate + Cb counter-electrode,link,rod,,4,,Cu link,,,,,,,,2.0000,276.479 -276.479 35.250,276.479 -276.479 51.250,201.0619
ILB_C2_out_link_6_sleeve,"carriers / ILB_C2_out_link_6_sleeve - PTFE sleeve on the interleave link, 3 mm wall [PTFE sleeve, stator]",carriers - the insulating carrier discs (G10); no node,sleeve,rod,,,,PTFE sleeve,,,,,,,,5.0000,276.479 -276.479 35.250,276.479 -276.479 51.250,1256.6371
ILB_C2_out_tab_36.25_6,"node-4 / ILB_C2_out_tab_36.25_6 - interleave link tab, plate at z 36.25 [Al foil, stator]",node-4 - Node 4: ND4 - B-rail: C2 stator plate + Cb counter-electrode,foil,sector,,4,,Al foil,385.0000,393.0000,313.0000,4.0000,36.2500,37.2500,,,,,217.2586
ILB_C2_out_tab_49.25_6,"node-4 / ILB_C2_out_tab_49.25_6 - interleave link tab, plate at z 49.25 [Al foil, stator]",node-4 - Node 4: ND4 - B-rail: C2 stator plate + Cb counter-electrode,foil,sector,,4,,Al foil,385.0000,393.0000,313.0000,4.0000,49.2500,50.2500,,,,,217.2586
ILB_Cx3_1_carrier,"carriers / ILB_Cx3_1_carrier - interleave plate 1 carrier (Cx3), insulating [glass-bonded mica plate, rotor B]",carriers - the insulating carrier discs (G10); no node,carrier,sector,ILB_Cx3_1,,,glass-bonded mica plate,69.0000,398.0000,0.0000,360.0000,124.0000,128.0000,,,,,1930734.8803
ILB_Cx3_1_foil0_1,"node-7 / ILB_Cx3_1_foil0_1 - interleave plate 1 Cx3 foil, r75.0-350.0 [Al foil, rotor B]",node-7 - Node 7: ND7 - island on rotor B (Cx3 bars),foil,sector,ILB_Cx3_1,7,Cx3,Al foil,75.0000,350.0000,30.0000,30.0000,123.0000,124.0000,,,,,30597.8034
ILB_Cx3_1_mica0_1,"dielectrics / ILB_Cx3_1_mica0_1 - Cx3 mica facing [mica, rotor B]","dielectrics - septum (C_R, garolite), the Ca / Cb mica slabs and the Cx mica facings; no node",dielectric,sector,ILB_Cx3_1,,Cx3,mica,70.0000,355.0000,26.1803,37.6394,122.7000,123.0000,,,,,11935.6353
ILB_Cx3_1_foil0_2,"node-7 / ILB_Cx3_1_foil0_2 - interleave plate 1 Cx3 foil, r75.0-350.0 [Al foil, rotor B]",node-7 - Node 7: ND7 - island on rotor B (Cx3 bars),foil,sector,ILB_Cx3_1,7,Cx3,Al foil,75.0000,350.0000,90.0000,30.0000,123.0000,124.0000,,,,,30597.8034
ILB_Cx3_1_mica0_2,"dielectrics / ILB_Cx3_1_mica0_2 - Cx3 mica facing [mica, rotor B]","dielectrics - septum (C_R, garolite), the Ca / Cb mica slabs and the Cx mica facings; no node",dielectric,sector,ILB_Cx3_1,,Cx3,mica,70.0000,355.0000,86.1803,37.6394,122.7000,123.0000,,,,,11935.6353
ILB_Cx3_1_foil0_3,"node-7 / ILB_Cx3_1_foil0_3 - interleave plate 1 Cx3 foil, r75.0-350.0 [Al foil, rotor B]",node-7 - Node 7: ND7 - island on rotor B (Cx3 bars),foil,sector,ILB_Cx3_1,7,Cx3,Al foil,75.0000,350.0000,150.0000,30.0000,123.0000,124.0000,,,,,30597.8034
ILB_Cx3_1_mica0_3,"dielectrics / ILB_Cx3_1_mica0_3 - Cx3 mica facing [mica, rotor B]","dielectrics - septum (C_R, garolite), the Ca / Cb mica slabs and the Cx mica facings; no node",dielectric,sector,ILB_Cx3_1,,Cx3,mica,70.0000,355.0000,146.1803,37.6394,122.7000,123.0000,,,,,11935.6353
ILB_Cx3_1_foil0_4,"node-7 / ILB_Cx3_1_foil0_4 - interleave plate 1 Cx3 foil, r75.0-350.0 [Al foil, rotor B]",node-7 - Node 7: ND7 - island on rotor B (Cx3 bars),foil,sector,ILB_Cx3_1,7,Cx3,Al foil,75.0000,350.0000,210.0000,30.0000,123.0000,124.0000,,,,,30597.8034
ILB_Cx3_1_mica0_4,"dielectrics / ILB_Cx3_1_mica0_4 - Cx3 mica facing [mica, rotor B]","dielectrics - septum (C_R, garolite), the Ca / Cb mica slabs and the Cx mica facings; no node",dielectric,sector,ILB_Cx3_1,,Cx3,mica,70.0000,355.0000,206.1803,37.6394,122.7000,123.0000,,,,,11935.6353
ILB_Cx3_1_foil0_5,"node-7 / ILB_Cx3_1_foil0_5 - interleave plate 1 Cx3 foil, r75.0-350.0 [Al foil, rotor B]",node-7 - Node 7: ND7 - island on rotor B (Cx3 bars),foil,sector,ILB_Cx3_1,7,Cx3,Al foil,75.0000,350.0000,270.0000,30.0000,123.0000,124.0000,,,,,30597.8034
ILB_Cx3_1_mica0_5,"dielectrics / ILB_Cx3_1_mica0_5 - Cx3 mica facing [mica, rotor B]","dielectrics - septum (C_R, garolite), the Ca / Cb mica slabs and the Cx mica facings; no node",dielectric,sector,ILB_Cx3_1,,Cx3,mica,70.0000,355.0000,266.1803,37.6394,122.7000,123.0000,,,,,11935.6353
ILB_Cx3_1_foil0_6,"node-7 / ILB_Cx3_1_foil0_6 - interleave plate 1 Cx3 foil, r75.0-350.0 [Al foil, rotor B]",node-7 - Node 7: ND7 - island on rotor B (Cx3 bars),foil,sector,ILB_Cx3_1,7,Cx3,Al foil,75.0000,350.0000,330.0000,30.0000,123.0000,124.0000,,,,,30597.8034
ILB_Cx3_1_mica0_6,"dielectrics / ILB_Cx3_1_mica0_6 - Cx3 mica facing [mica, rotor B]","dielectrics - septum (C_R, garolite), the Ca / Cb mica slabs and the Cx mica facings; no node",dielectric,sector,ILB_Cx3_1,,Cx3,mica,70.0000,355.0000,326.1803,37.6394,122.7000,123.0000,,,,,11935.6353
ILB_Cx3_1_foil1_1,"node-7 / ILB_Cx3_1_foil1_1 - interleave plate 1 Cx3 foil, r75.0-350.0 [Al foil, rotor B]",node-7 - Node 7: ND7 - island on rotor B (Cx3 bars),foil,sector,ILB_Cx3_1,7,Cx3,Al foil,75.0000,350.0000,30.0000,30.0000,128.0000,129.0000,,,,,30597.8034
ILB_Cx3_1_mica1_1,"dielectrics / ILB_Cx3_1_mica1_1 - Cx3 mica facing [mica, rotor B]","dielectrics - septum (C_R, garolite), the Ca / Cb mica slabs and the Cx mica facings; no node",dielectric,sector,ILB_Cx3_1,,Cx3,mica,70.0000,355.0000,26.1803,37.6394,129.0000,129.3000,,,,,11935.6353
ILB_Cx3_1_foil1_2,"node-7 / ILB_Cx3_1_foil1_2 - interleave plate 1 Cx3 foil, r75.0-350.0 [Al foil, rotor B]",node-7 - Node 7: ND7 - island on rotor B (Cx3 bars),foil,sector,ILB_Cx3_1,7,Cx3,Al foil,75.0000,350.0000,90.0000,30.0000,128.0000,129.0000,,,,,30597.8034
ILB_Cx3_1_mica1_2,"dielectrics / ILB_Cx3_1_mica1_2 - Cx3 mica facing [mica, rotor B]","dielectrics - septum (C_R, garolite), the Ca / Cb mica slabs and the Cx mica facings; no node",dielectric,sector,ILB_Cx3_1,,Cx3,mica,70.0000,355.0000,86.1803,37.6394,129.0000,129.3000,,,,,11935.6353
ILB_Cx3_1_foil1_3,"node-7 / ILB_Cx3_1_foil1_3 - interleave plate 1 Cx3 foil, r75.0-350.0 [Al foil, rotor B]",node-7 - Node 7: ND7 - island on rotor B (Cx3 bars),foil,sector,ILB_Cx3_1,7,Cx3,Al foil,75.0000,350.0000,150.0000,30.0000,128.0000,129.0000,,,,,30597.8034
ILB_Cx3_1_mica1_3,"dielectrics / ILB_Cx3_1_mica1_3 - Cx3 mica facing [mica, rotor B]","dielectrics - septum (C_R, garolite), the Ca / Cb mica slabs and the Cx mica facings; no node",dielectric,sector,ILB_Cx3_1,,Cx3,mica,70.0000,355.0000,146.1803,37.6394,129.0000,129.3000,,,,,11935.6353
ILB_Cx3_1_foil1_4,"node-7 / ILB_Cx3_1_foil1_4 - interleave plate 1 Cx3 foil, r75.0-350.0 [Al foil, rotor B]",node-7 - Node 7: ND7 - island on rotor B (Cx3 bars),foil,sector,ILB_Cx3_1,7,Cx3,Al foil,75.0000,350.0000,210.0000,30.0000,128.0000,129.0000,,,,,30597.8034
ILB_Cx3_1_mica1_4,"dielectrics / ILB_Cx3_1_mica1_4 - Cx3 mica facing [mica, rotor B]","dielectrics - septum (C_R, garolite), the Ca / Cb mica slabs and the Cx mica facings; no node",dielectric,sector,ILB_Cx3_1,,Cx3,mica,70.0000,355.0000,206.1803,37.6394,129.0000,129.3000,,,,,11935.6353
ILB_Cx3_1_foil1_5,"node-7 / ILB_Cx3_1_foil1_5 - interleave plate 1 Cx3 foil, r75.0-350.0 [Al foil, rotor B]",node-7 - Node 7: ND7 - island on rotor B (Cx3 bars),foil,sector,ILB_Cx3_1,7,Cx3,Al foil,75.0000,350.0000,270.0000,30.0000,128.0000,129.0000,,,,,30597.8034
ILB_Cx3_1_mica1_5,"dielectrics / ILB_Cx3_1_mica1_5 - Cx3 mica facing [mica, rotor B]","dielectrics - septum (C_R, garolite), the Ca / Cb mica slabs and the Cx mica facings; no node",dielectric,sector,ILB_Cx3_1,,Cx3,mica,70.0000,355.0000,266.1803,37.6394,129.0000,129.3000,,,,,11935.6353
ILB_Cx3_1_foil1_6,"node-7 / ILB_Cx3_1_foil1_6 - interleave plate 1 Cx3 foil, r75.0-350.0 [Al foil, rotor B]",node-7 - Node 7: ND7 - island on rotor B (Cx3 bars),foil,sector,ILB_Cx3_1,7,Cx3,Al foil,75.0000,350.0000,330.0000,30.0000,128.0000,129.0000,,,,,30597.8034
ILB_Cx3_1_mica1_6,"dielectrics / ILB_Cx3_1_mica1_6 - Cx3 mica facing [mica, rotor B]","dielectrics - septum (C_R, garolite), the Ca / Cb mica slabs and the Cx mica facings; no node",dielectric,sector,ILB_Cx3_1,,Cx3,mica,70.0000,355.0000,326.1803,37.6394,129.0000,129.3000,,,,,11935.6353
VIAB_Cx3_1_1,"node-7 / VIAB_Cx3_1_1 - through-plate via [Cu link, rotor B]",node-7 - Node 7: ND7 - island on rotor B (Cx3 bars),link,rod,,7,,Cu link,,,,,,,,1.0000,150.260 150.260 125.000,150.260 150.260 127.000,6.2832
VIAB_Cx3_1_2,"node-7 / VIAB_Cx3_1_2 - through-plate via [Cu link, rotor B]",node-7 - Node 7: ND7 - island on rotor B (Cx3 bars),link,rod,,7,,Cu link,,,,,,,,1.0000,-54.999 205.259 125.000,-54.999 205.259 127.000,6.2832
VIAB_Cx3_1_3,"node-7 / VIAB_Cx3_1_3 - through-plate via [Cu link, rotor B]",node-7 - Node 7: ND7 - island on rotor B (Cx3 bars),link,rod,,7,,Cu link,,,,,,,,1.0000,-205.259 54.999 125.000,-205.259 54.999 127.000,6.2832
VIAB_Cx3_1_4,"node-7 / VIAB_Cx3_1_4 - through-plate via [Cu link, rotor B]",node-7 - Node 7: ND7 - island on rotor B (Cx3 bars),link,rod,,7,,Cu link,,,,,,,,1.0000,-150.260 -150.260 125.000,-150.260 -150.260 127.000,6.2832
VIAB_Cx3_1_5,"node-7 / VIAB_Cx3_1_5 - through-plate via [Cu link, rotor B]",node-7 - Node 7: ND7 - island on rotor B (Cx3 bars),link,rod,,7,,Cu link,,,,,,,,1.0000,54.999 -205.259 125.000,54.999 -205.259 127.000,6.2832
VIAB_Cx3_1_6,"node-7 / VIAB_Cx3_1_6 - through-plate via [Cu link, rotor B]",node-7 - Node 7: ND7 - island on rotor B (Cx3 bars),link,rod,,7,,Cu link,,,,,,,,1.0000,205.259 -54.999 125.000,205.259 -54.999 127.000,6.2832
ILB_Cx3_2_carrier,"carriers / ILB_Cx3_2_carrier - interleave plate 2 carrier (Cx3), insulating [glass-bonded mica plate, stator]",carriers - the insulating carrier discs (G10); no node,carrier,sector,ILB_Cx3_2,,,glass-bonded mica plate,50.0000,353.0000,0.0000,360.0000,133.6000,137.6000,,,,,1534466.9493
ILB_Cx3_2_foil0_1,"node-n17 / ILB_Cx3_2_foil0_1 - interleave plate 2 Cx3 foil, r58.0-348.0 [Al foil, stator]",node-n17 - Node n17: Cx3 pickup on ND3 (Lx3 to node 3),foil,sector,ILB_Cx3_2,n17,Cx3,Al foil,58.0000,348.0000,30.0000,30.0000,132.6000,133.6000,,,,,30824.2599
ILB_Cx3_2_mica0_1,"dielectrics / ILB_Cx3_2_mica0_1 - Cx3 mica facing [mica, stator]","dielectrics - septum (C_R, garolite), the Ca / Cb mica slabs and the Cx mica facings; no node",dielectric,sector,ILB_Cx3_2,,Cx3,mica,53.0000,353.0000,25.0607,39.8786,132.3000,132.6000,,,,,12716.1496
ILB_Cx3_2_foil0_2,"node-n17 / ILB_Cx3_2_foil0_2 - interleave plate 2 Cx3 foil, r58.0-348.0 [Al foil, stator]",node-n17 - Node n17: Cx3 pickup on ND3 (Lx3 to node 3),foil,sector,ILB_Cx3_2,n17,Cx3,Al foil,58.0000,348.0000,90.0000,30.0000,132.6000,133.6000,,,,,30824.2599
ILB_Cx3_2_mica0_2,"dielectrics / ILB_Cx3_2_mica0_2 - Cx3 mica facing [mica, stator]","dielectrics - septum (C_R, garolite), the Ca / Cb mica slabs and the Cx mica facings; no node",dielectric,sector,ILB_Cx3_2,,Cx3,mica,53.0000,353.0000,85.0607,39.8786,132.3000,132.6000,,,,,12716.1496
ILB_Cx3_2_foil0_3,"node-n17 / ILB_Cx3_2_foil0_3 - interleave plate 2 Cx3 foil, r58.0-348.0 [Al foil, stator]",node-n17 - Node n17: Cx3 pickup on ND3 (Lx3 to node 3),foil,sector,ILB_Cx3_2,n17,Cx3,Al foil,58.0000,348.0000,150.0000,30.0000,132.6000,133.6000,,,,,30824.2599
ILB_Cx3_2_mica0_3,"dielectrics / ILB_Cx3_2_mica0_3 - Cx3 mica facing [mica, stator]","dielectrics - septum (C_R, garolite), the Ca / Cb mica slabs and the Cx mica facings; no node",dielectric,sector,ILB_Cx3_2,,Cx3,mica,53.0000,353.0000,145.0607,39.8786,132.3000,132.6000,,,,,12716.1496
ILB_Cx3_2_foil0_4,"node-n17 / ILB_Cx3_2_foil0_4 - interleave plate 2 Cx3 foil, r58.0-348.0 [Al foil, stator]",node-n17 - Node n17: Cx3 pickup on ND3 (Lx3 to node 3),foil,sector,ILB_Cx3_2,n17,Cx3,Al foil,58.0000,348.0000,210.0000,30.0000,132.6000,133.6000,,,,,30824.2599
ILB_Cx3_2_mica0_4,"dielectrics / ILB_Cx3_2_mica0_4 - Cx3 mica facing [mica, stator]","dielectrics - septum (C_R, garolite), the Ca / Cb mica slabs and the Cx mica facings; no node",dielectric,sector,ILB_Cx3_2,,Cx3,mica,53.0000,353.0000,205.0607,39.8786,132.3000,132.6000,,,,,12716.1496
ILB_Cx3_2_foil0_5,"node-n17 / ILB_Cx3_2_foil0_5 - interleave plate 2 Cx3 foil, r58.0-348.0 [Al foil, stator]",node-n17 - Node n17: Cx3 pickup on ND3 (Lx3 to node 3),foil,sector,ILB_Cx3_2,n17,Cx3,Al foil,58.0000,348.0000,270.0000,30.0000,132.6000,133.6000,,,,,30824.2599
ILB_Cx3_2_mica0_5,"dielectrics / ILB_Cx3_2_mica0_5 - Cx3 mica facing [mica, stator]","dielectrics - septum (C_R, garolite), the Ca / Cb mica slabs and the Cx mica facings; no node",dielectric,sector,ILB_Cx3_2,,Cx3,mica,53.0000,353.0000,265.0607,39.8786,132.3000,132.6000,,,,,12716.1496
ILB_Cx3_2_foil0_6,"node-n17 / ILB_Cx3_2_foil0_6 - interleave plate 2 Cx3 foil, r58.0-348.0 [Al foil, stator]",node-n17 - Node n17: Cx3 pickup on ND3 (Lx3 to node 3),foil,sector,ILB_Cx3_2,n17,Cx3,Al foil,58.0000,348.0000,330.0000,30.0000,132.6000,133.6000,,,,,30824.2599
ILB_Cx3_2_mica0_6,"dielectrics / ILB_Cx3_2_mica0_6 - Cx3 mica facing [mica, stator]","dielectrics - septum (C_R, garolite), the Ca / Cb mica slabs and the Cx mica facings; no node",dielectric,sector,ILB_Cx3_2,,Cx3,mica,53.0000,353.0000,325.0607,39.8786,132.3000,132.6000,,,,,12716.1496
ILB_Cx3_2_foil1_1,"node-n17 / ILB_Cx3_2_foil1_1 - interleave plate 2 Cx3 foil, r58.0-348.0 [Al foil, stator]",node-n17 - Node n17: Cx3 pickup on ND3 (Lx3 to node 3),foil,sector,ILB_Cx3_2,n17,Cx3,Al foil,58.0000,348.0000,30.0000,30.0000,137.6000,138.6000,,,,,30824.2599
ILB_Cx3_2_mica1_1,"dielectrics / ILB_Cx3_2_mica1_1 - Cx3 mica facing [mica, stator]","dielectrics - septum (C_R, garolite), the Ca / Cb mica slabs and the Cx mica facings; no node",dielectric,sector,ILB_Cx3_2,,Cx3,mica,53.0000,353.0000,25.0607,39.8786,138.6000,138.9000,,,,,12716.1496
ILB_Cx3_2_foil1_2,"node-n17 / ILB_Cx3_2_foil1_2 - interleave plate 2 Cx3 foil, r58.0-348.0 [Al foil, stator]",node-n17 - Node n17: Cx3 pickup on ND3 (Lx3 to node 3),foil,sector,ILB_Cx3_2,n17,Cx3,Al foil,58.0000,348.0000,90.0000,30.0000,137.6000,138.6000,,,,,30824.2599
ILB_Cx3_2_mica1_2,"dielectrics / ILB_Cx3_2_mica1_2 - Cx3 mica facing [mica, stator]","dielectrics - septum (C_R, garolite), the Ca / Cb mica slabs and the Cx mica facings; no node",dielectric,sector,ILB_Cx3_2,,Cx3,mica,53.0000,353.0000,85.0607,39.8786,138.6000,138.9000,,,,,12716.1496
ILB_Cx3_2_foil1_3,"node-n17 / ILB_Cx3_2_foil1_3 - interleave plate 2 Cx3 foil, r58.0-348.0 [Al foil, stator]",node-n17 - Node n17: Cx3 pickup on ND3 (Lx3 to node 3),foil,sector,ILB_Cx3_2,n17,Cx3,Al foil,58.0000,348.0000,150.0000,30.0000,137.6000,138.6000,,,,,30824.2599
ILB_Cx3_2_mica1_3,"dielectrics / ILB_Cx3_2_mica1_3 - Cx3 mica facing [mica, stator]","dielectrics - septum (C_R, garolite), the Ca / Cb mica slabs and the Cx mica facings; no node",dielectric,sector,ILB_Cx3_2,,Cx3,mica,53.0000,353.0000,145.0607,39.8786,138.6000,138.9000,,,,,12716.1496
ILB_Cx3_2_foil1_4,"node-n17 / ILB_Cx3_2_foil1_4 - interleave plate 2 Cx3 foil, r58.0-348.0 [Al foil, stator]",node-n17 - Node n17: Cx3 pickup on ND3 (Lx3 to node 3),foil,sector,ILB_Cx3_2,n17,Cx3,Al foil,58.0000,348.0000,210.0000,30.0000,137.6000,138.6000,,,,,30824.2599
ILB_Cx3_2_mica1_4,"dielectrics / ILB_Cx3_2_mica1_4 - Cx3 mica facing [mica, stator]","dielectrics - septum (C_R, garolite), the Ca / Cb mica slabs and the Cx mica facings; no node",dielectric,sector,ILB_Cx3_2,,Cx3,mica,53.0000,353.0000,205.0607,39.8786,138.6000,138.9000,,,,,12716.1496
ILB_Cx3_2_foil1_5,"node-n17 / ILB_Cx3_2_foil1_5 - interleave plate 2 Cx3 foil, r58.0-348.0 [Al foil, stator]",node-n17 - Node n17: Cx3 pickup on ND3 (Lx3 to node 3),foil,sector,ILB_Cx3_2,n17,Cx3,Al foil,58.0000,348.0000,270.0000,30.0000,137.6000,138.6000,,,,,30824.2599
ILB_Cx3_2_mica1_5,"dielectrics / ILB_Cx3_2_mica1_5 - Cx3 mica facing [mica, stator]","dielectrics - septum (C_R, garolite), the Ca / Cb mica slabs and the Cx mica facings; no node",dielectric,sector,ILB_Cx3_2,,Cx3,mica,53.0000,353.0000,265.0607,39.8786,138.6000,138.9000,,,,,12716.1496
ILB_Cx3_2_foil1_6,"node-n17 / ILB_Cx3_2_foil1_6 - interleave plate 2 Cx3 foil, r58.0-348.0 [Al foil, stator]",node-n17 - Node n17: Cx3 pickup on ND3 (Lx3 to node 3),foil,sector,ILB_Cx3_2,n17,Cx3,Al foil,58.0000,348.0000,330.0000,30.0000,137.6000,138.6000,,,,,30824.2599
ILB_Cx3_2_mica1_6,"dielectrics / ILB_Cx3_2_mica1_6 - Cx3 mica facing [mica, stator]","dielectrics - septum (C_R, garolite), the Ca / Cb mica slabs and the Cx mica facings; no node",dielectric,sector,ILB_Cx3_2,,Cx3,mica,53.0000,353.0000,325.0607,39.8786,138.6000,138.9000,,,,,12716.1496
VIAB_Cx3_2_1,"node-n17 / VIAB_Cx3_2_1 - through-plate via [Cu link, stator]",node-n17 - Node n17: Cx3 pickup on ND3 (Lx3 to node 3),link,rod,,n17,,Cu link,,,,,,,,1.0000,143.543 143.543 134.600,143.543 143.543 136.600,6.2832
VIAB_Cx3_2_2,"node-n17 / VIAB_Cx3_2_2 - through-plate via [Cu link, stator]",node-n17 - Node n17: Cx3 pickup on ND3 (Lx3 to node 3),link,rod,,n17,,Cu link,,,,,,,,1.0000,-52.540 196.083 134.600,-52.540 196.083 136.600,6.2832
VIAB_Cx3_2_3,"node-n17 / VIAB_Cx3_2_3 - through-plate via [Cu link, stator]",node-n17 - Node n17: Cx3 pickup on ND3 (Lx3 to node 3),link,rod,,n17,,Cu link,,,,,,,,1.0000,-196.083 52.540 134.600,-196.083 52.540 136.600,6.2832
VIAB_Cx3_2_4,"node-n17 / VIAB_Cx3_2_4 - through-plate via [Cu link, stator]",node-n17 - Node n17: Cx3 pickup on ND3 (Lx3 to node 3),link,rod,,n17,,Cu link,,,,,,,,1.0000,-143.543 -143.543 134.600,-143.543 -143.543 136.600,6.2832
VIAB_Cx3_2_5,"node-n17 / VIAB_Cx3_2_5 - through-plate via [Cu link, stator]",node-n17 - Node n17: Cx3 pickup on ND3 (Lx3 to node 3),link,rod,,n17,,Cu link,,,,,,,,1.0000,52.540 -196.083 134.600,52.540 -196.083 136.600,6.2832
VIAB_Cx3_2_6,"node-n17 / VIAB_Cx3_2_6 - through-plate via [Cu link, stator]",node-n17 - Node n17: Cx3 pickup on ND3 (Lx3 to node 3),link,rod,,n17,,Cu link,,,,,,,,1.0000,196.083 -52.540 134.600,196.083 -52.540 136.600,6.2832
ILB_Cx3_in_link_1,"node-n17 / ILB_Cx3_in_link_1 - interleave link [Cu link, stator]",node-n17 - Node n17: Cx3 pickup on ND3 (Lx3 to node 3),link,rod,,n17,,Cu link,,,,,,,,2.0000,43.841 43.841 117.400,43.841 43.841 134.600,216.1416
ILB_Cx3_in_link_1_sleeve,"carriers / ILB_Cx3_in_link_1_sleeve - PTFE sleeve on the interleave link, 3 mm wall [PTFE sleeve, stator]",carriers - the insulating carrier discs (G10); no node,sleeve,rod,,,,PTFE sleeve,,,,,,,,5.0000,43.841 43.841 117.400,43.841 43.841 134.600,1350.8848
ILB_Cx3_in_link_2,"node-n17 / ILB_Cx3_in_link_2 - interleave link [Cu link, stator]",node-n17 - Node n17: Cx3 pickup on ND3 (Lx3 to node 3),link,rod,,n17,,Cu link,,,,,,,,2.0000,-16.047 59.887 117.400,-16.047 59.887 134.600,216.1416
ILB_Cx3_in_link_2_sleeve,"carriers / ILB_Cx3_in_link_2_sleeve - PTFE sleeve on the interleave link, 3 mm wall [PTFE sleeve, stator]",carriers - the insulating carrier discs (G10); no node,sleeve,rod,,,,PTFE sleeve,,,,,,,,5.0000,-16.047 59.887 117.400,-16.047 59.887 134.600,1350.8848
ILB_Cx3_in_link_3,"node-n17 / ILB_Cx3_in_link_3 - interleave link [Cu link, stator]",node-n17 - Node n17: Cx3 pickup on ND3 (Lx3 to node 3),link,rod,,n17,,Cu link,,,,,,,,2.0000,-59.887 16.047 117.400,-59.887 16.047 134.600,216.1416
ILB_Cx3_in_link_3_sleeve,"carriers / ILB_Cx3_in_link_3_sleeve - PTFE sleeve on the interleave link, 3 mm wall [PTFE sleeve, stator]",carriers - the insulating carrier discs (G10); no node,sleeve,rod,,,,PTFE sleeve,,,,,,,,5.0000,-59.887 16.047 117.400,-59.887 16.047 134.600,1350.8848
ILB_Cx3_in_link_4,"node-n17 / ILB_Cx3_in_link_4 - interleave link [Cu link, stator]",node-n17 - Node n17: Cx3 pickup on ND3 (Lx3 to node 3),link,rod,,n17,,Cu link,,,,,,,,2.0000,-43.841 -43.841 117.400,-43.841 -43.841 134.600,216.1416
ILB_Cx3_in_link_4_sleeve,"carriers / ILB_Cx3_in_link_4_sleeve - PTFE sleeve on the interleave link, 3 mm wall [PTFE sleeve, stator]",carriers - the insulating carrier discs (G10); no node,sleeve,rod,,,,PTFE sleeve,,,,,,,,5.0000,-43.841 -43.841 117.400,-43.841 -43.841 134.600,1350.8848
ILB_Cx3_in_link_5,"node-n17 / ILB_Cx3_in_link_5 - interleave link [Cu link, stator]",node-n17 - Node n17: Cx3 pickup on ND3 (Lx3 to node 3),link,rod,,n17,,Cu link,,,,,,,,2.0000,16.047 -59.887 117.400,16.047 -59.887 134.600,216.1416
ILB_Cx3_in_link_5_sleeve,"carriers / ILB_Cx3_in_link_5_sleeve - PTFE sleeve on the interleave link, 3 mm wall [PTFE sleeve, stator]",carriers - the insulating carrier discs (G10); no node,sleeve,rod,,,,PTFE sleeve,,,,,,,,5.0000,16.047 -59.887 117.400,16.047 -59.887 134.600,1350.8848
ILB_Cx3_in_link_6,"node-n17 / ILB_Cx3_in_link_6 - interleave link [Cu link, stator]",node-n17 - Node n17: Cx3 pickup on ND3 (Lx3 to node 3),link,rod,,n17,,Cu link,,,,,,,,2.0000,59.887 -16.047 117.400,59.887 -16.047 134.600,216.1416
ILB_Cx3_in_link_6_sleeve,"carriers / ILB_Cx3_in_link_6_sleeve - PTFE sleeve on the interleave link, 3 mm wall [PTFE sleeve, stator]",carriers - the insulating carrier discs (G10); no node,sleeve,rod,,,,PTFE sleeve,,,,,,,,5.0000,59.887 -16.047 117.400,59.887 -16.047 134.600,1350.8848
ILB_Cx3_out_link_1,"node-7 / ILB_Cx3_out_link_1 - interleave link [Cu link, rotor B]",node-7 - Node 7: ND7 - island on rotor B (Cx3 bars),link,rod,,7,,Cu link,,,,,,,,2.0000,254.558 254.558 127.000,254.558 254.558 144.200,216.1416
ILB_Cx3_out_link_1_sleeve,"carriers / ILB_Cx3_out_link_1_sleeve - PTFE sleeve on the interleave link, 3 mm wall [PTFE sleeve, rotor B]",carriers - the insulating carrier discs (G10); no node,sleeve,rod,,,,PTFE sleeve,,,,,,,,5.0000,254.558 254.558 127.000,254.558 254.558 144.200,1350.8848
ILB_Cx3_out_tab_128.00_1,"node-7 / ILB_Cx3_out_tab_128.00_1 - interleave link tab, plate at z 128.00 [Al foil, rotor B]",node-7 - Node 7: ND7 - island on rotor B (Cx3 bars),foil,sector,,7,,Al foil,348.0000,362.0000,43.0000,4.0000,128.0000,129.0000,,,,,346.9715
ILB_Cx3_out_tab_142.20_1,"node-7 / ILB_Cx3_out_tab_142.20_1 - interleave link tab, plate at z 142.20 [Al foil, rotor B]",node-7 - Node 7: ND7 - island on rotor B (Cx3 bars),foil,sector,,7,,Al foil,348.0000,362.0000,43.0000,4.0000,142.2000,143.2000,,,,,346.9715
ILB_Cx3_out_link_2,"node-7 / ILB_Cx3_out_link_2 - interleave link [Cu link, rotor B]",node-7 - Node 7: ND7 - island on rotor B (Cx3 bars),link,rod,,7,,Cu link,,,,,,,,2.0000,-93.175 347.733 127.000,-93.175 347.733 144.200,216.1416
ILB_Cx3_out_link_2_sleeve,"carriers / ILB_Cx3_out_link_2_sleeve - PTFE sleeve on the interleave link, 3 mm wall [PTFE sleeve, rotor B]",carriers - the insulating carrier discs (G10); no node,sleeve,rod,,,,PTFE sleeve,,,,,,,,5.0000,-93.175 347.733 127.000,-93.175 347.733 144.200,1350.8848
ILB_Cx3_out_tab_128.00_2,"node-7 / ILB_Cx3_out_tab_128.00_2 - interleave link tab, plate at z 128.00 [Al foil, rotor B]",node-7 - Node 7: ND7 - island on rotor B (Cx3 bars),foil,sector,,7,,Al foil,348.0000,362.0000,103.0000,4.0000,128.0000,129.0000,,,,,346.9715
ILB_Cx3_out_tab_142.20_2,"node-7 / ILB_Cx3_out_tab_142.20_2 - interleave link tab, plate at z 142.20 [Al foil, rotor B]",node-7 - Node 7: ND7 - island on rotor B (Cx3 bars),foil,sector,,7,,Al foil,348.0000,362.0000,103.0000,4.0000,142.2000,143.2000,,,,,346.9715
ILB_Cx3_out_link_3,"node-7 / ILB_Cx3_out_link_3 - interleave link [Cu link, rotor B]",node-7 - Node 7: ND7 - island on rotor B (Cx3 bars),link,rod,,7,,Cu link,,,,,,,,2.0000,-347.733 93.175 127.000,-347.733 93.175 144.200,216.1416
ILB_Cx3_out_link_3_sleeve,"carriers / ILB_Cx3_out_link_3_sleeve - PTFE sleeve on the interleave link, 3 mm wall [PTFE sleeve, rotor B]",carriers - the insulating carrier discs (G10); no node,sleeve,rod,,,,PTFE sleeve,,,,,,,,5.0000,-347.733 93.175 127.000,-347.733 93.175 144.200,1350.8848
ILB_Cx3_out_tab_128.00_3,"node-7 / ILB_Cx3_out_tab_128.00_3 - interleave link tab, plate at z 128.00 [Al foil, rotor B]",node-7 - Node 7: ND7 - island on rotor B (Cx3 bars),foil,sector,,7,,Al foil,348.0000,362.0000,163.0000,4.0000,128.0000,129.0000,,,,,346.9715
ILB_Cx3_out_tab_142.20_3,"node-7 / ILB_Cx3_out_tab_142.20_3 - interleave link tab, plate at z 142.20 [Al foil, rotor B]",node-7 - Node 7: ND7 - island on rotor B (Cx3 bars),foil,sector,,7,,Al foil,348.0000,362.0000,163.0000,4.0000,142.2000,143.2000,,,,,346.9715
ILB_Cx3_out_link_4,"node-7 / ILB_Cx3_out_link_4 - interleave link [Cu link, rotor B]",node-7 - Node 7: ND7 - island on rotor B (Cx3 bars),link,rod,,7,,Cu link,,,,,,,,2.0000,-254.558 -254.558 127.000,-254.558 -254.558 144.200,216.1416
ILB_Cx3_out_link_4_sleeve,"carriers / ILB_Cx3_out_link_4_sleeve - PTFE sleeve on the interleave link, 3 mm wall [PTFE sleeve, rotor B]",carriers - the insulating carrier discs (G10); no node,sleeve,rod,,,,PTFE sleeve,,,,,,,,5.0000,-254.558 -254.558 127.000,-254.558 -254.558 144.200,1350.8848
ILB_Cx3_out_tab_128.00_4,"node-7 / ILB_Cx3_out_tab_128.00_4 - interleave link tab, plate at z 128.00 [Al foil, rotor B]",node-7 - Node 7: ND7 - island on rotor B (Cx3 bars),foil,sector,,7,,Al foil,348.0000,362.0000,223.0000,4.0000,128.0000,129.0000,,,,,346.9715
ILB_Cx3_out_tab_142.20_4,"node-7 / ILB_Cx3_out_tab_142.20_4 - interleave link tab, plate at z 142.20 [Al foil, rotor B]",node-7 - Node 7: ND7 - island on rotor B (Cx3 bars),foil,sector,,7,,Al foil,348.0000,362.0000,223.0000,4.0000,142.2000,143.2000,,,,,346.9715
ILB_Cx3_out_link_5,"node-7 / ILB_Cx3_out_link_5 - interleave link [Cu link, rotor B]",node-7 - Node 7: ND7 - island on rotor B (Cx3 bars),link,rod,,7,,Cu link,,,,,,,,2.0000,93.175 -347.733 127.000,93.175 -347.733 144.200,216.1416
ILB_Cx3_out_link_5_sleeve,"carriers / ILB_Cx3_out_link_5_sleeve - PTFE sleeve on the interleave link, 3 mm wall [PTFE sleeve, rotor B]",carriers - the insulating carrier discs (G10); no node,sleeve,rod,,,,PTFE sleeve,,,,,,,,5.0000,93.175 -347.733 127.000,93.175 -347.733 144.200,1350.8848
ILB_Cx3_out_tab_128.00_5,"node-7 / ILB_Cx3_out_tab_128.00_5 - interleave link tab, plate at z 128.00 [Al foil, rotor B]",node-7 - Node 7: ND7 - island on rotor B (Cx3 bars),foil,sector,,7,,Al foil,348.0000,362.0000,283.0000,4.0000,128.0000,129.0000,,,,,346.9715
ILB_Cx3_out_tab_142.20_5,"node-7 / ILB_Cx3_out_tab_142.20_5 - interleave link tab, plate at z 142.20 [Al foil, rotor B]",node-7 - Node 7: ND7 - island on rotor B (Cx3 bars),foil,sector,,7,,Al foil,348.0000,362.0000,283.0000,4.0000,142.2000,143.2000,,,,,346.9715
ILB_Cx3_out_link_6,"node-7 / ILB_Cx3_out_link_6 - interleave link [Cu link, rotor B]",node-7 - Node 7: ND7 - island on rotor B (Cx3 bars),link,rod,,7,,Cu link,,,,,,,,2.0000,347.733 -93.175 127.000,347.733 -93.175 144.200,216.1416
ILB_Cx3_out_link_6_sleeve,"carriers / ILB_Cx3_out_link_6_sleeve - PTFE sleeve on the interleave link, 3 mm wall [PTFE sleeve, rotor B]",carriers - the insulating carrier discs (G10); no node,sleeve,rod,,,,PTFE sleeve,,,,,,,,5.0000,347.733 -93.175 127.000,347.733 -93.175 144.200,1350.8848
ILB_Cx3_out_tab_128.00_6,"node-7 / ILB_Cx3_out_tab_128.00_6 - interleave link tab, plate at z 128.00 [Al foil, rotor B]",node-7 - Node 7: ND7 - island on rotor B (Cx3 bars),foil,sector,,7,,Al foil,348.0000,362.0000,343.0000,4.0000,128.0000,129.0000,,,,,346.9715
ILB_Cx3_out_tab_142.20_6,"node-7 / ILB_Cx3_out_tab_142.20_6 - interleave link tab, plate at z 142.20 [Al foil, rotor B]",node-7 - Node 7: ND7 - island on rotor B (Cx3 bars),foil,sector,,7,,Al foil,348.0000,362.0000,343.0000,4.0000,142.2000,143.2000,,,,,346.9715
