key,gap,cycle,Vf,t_ext_us,i_ext_over_p1,trv_ratio,trv_delay_us
R1|OW|h=None|trec=None|s=5.0|m=0|rt=None|br=a,SG3a1,8,57073.92049219181,0.6906345410423453,0.00023147235775745312,-1.410800875436981,0.3601999944563561
R1|OW|h=None|trec=None|s=5.0|m=0|rt=None|br=a,SG3a1,9,111303.3879656424,0.690193844972431,0.0003529070246574633,-1.413407720383194,0.37117362797906006
R1|OW|h=None|trec=None|s=5.0|m=0|rt=None|br=a,SG3a1,10,217068.05421881817,0.6887596318283506,0.0008068005393937007,-1.412481391993582,0.3781343655348546
R1|OW|h=None|trec=None|s=5.0|m=0|rt=None|br=a,SG4a1,8,79701.99041959671,0.6910270077230274,0.00011515511678237154,-1.413334226899958,0.37131768872503135
R1|OW|h=None|trec=None|s=5.0|m=0|rt=None|br=a,SG4a1,9,155428.09952684367,0.6985887063687413,8.569774502810114e-10,-1.4085942964404576,0.3490223256519265
R1|OW|h=None|trec=None|s=5.0|m=0|rt=None|br=a,SG4a1,10,303121.52299555443,0.6898192045773355,0.00044630672749828334,-1.4122033451796052,0.3778527592687708
R1|RD|h=0.0|trec=None|s=5.0|m=0|rt=None|br=a,SG3a1,8,4279.804152914676,2.067808150225253,0.00042511224576407576,-0.0003340042441995519,0.34135247236818933
R1|RD|h=0.0|trec=None|s=5.0|m=0|rt=None|br=a,SG3a1,9,6051.971218609619,1.377370227585023,0.00053993646531953,0.0003364545071822548,0.33539584148867263
R1|RD|h=0.0|trec=None|s=5.0|m=0|rt=None|br=a,SG3a1,10,8557.92628245861,1.3800282622905558,0.0003584420680958147,0.0003364158369787595,0.3321009513085338
R1|RD|h=0.0|trec=None|s=5.0|m=0|rt=None|br=a,SG4a1,8,5089.118769245805,0.6918033322797501,1.3333727771374075e-05,-0.0003388909608673185,0.339358006685303
R1|RD|h=0.0|trec=None|s=5.0|m=0|rt=None|br=a,SG4a1,9,7196.758485596516,2.0676162817631627,0.0003618633013710624,-0.00033400225023190195,0.3409729688805263
R1|RD|h=0.0|trec=None|s=5.0|m=0|rt=None|br=a,SG4a1,10,10176.779272400321,2.067516981001105,0.00030107141625023706,-0.000333997589170173,0.3401466855748603
R1|OW|h=None|trec=None|s=5.0|m=0|rt=1e-05|br=a,SG3a1,8,56783.20346514674,0.6877513003232527,0.0008313065966348132,-1.3951336993288737,0.37008401920779477
R1|OW|h=None|trec=None|s=5.0|m=0|rt=1e-05|br=a,SG3a1,9,110537.22303235185,0.6885196102181246,0.0005785448676327954,-1.3951401585151135,0.36947816180188386
R1|OW|h=None|trec=None|s=5.0|m=0|rt=1e-05|br=a,SG3a1,10,215178.08522556638,0.6876274858125253,0.0008710437183056017,-1.394886045782981,0.37414779824329614
R1|OW|h=None|trec=None|s=5.0|m=0|rt=1e-05|br=a,SG4a1,8,79225.2770717114,0.6891216672022527,0.00038030435875301437,-1.394897111596295,0.3725771502982589
R1|OW|h=None|trec=None|s=5.0|m=0|rt=1e-05|br=a,SG4a1,9,154224.5315740385,0.6887926660287258,0.0004906374902268552,-1.3951256840868764,0.37069547549617443
R1|OW|h=None|trec=None|s=5.0|m=0|rt=1e-05|br=a,SG4a1,10,300222.3084876134,0.6873674165477905,0.0009599425265115095,-1.3948623638191742,0.3745595037948912
R1|RD|h=0.0|trec=None|s=5.0|m=0|rt=1e-05|br=a,SG3a1,8,4301.3860203526565,0.6918957732096609,0.0005922935613960734,-0.00033594763957690003,0.33666749420582787
R1|RD|h=0.0|trec=None|s=5.0|m=0|rt=1e-05|br=a,SG3a1,9,6081.747419144581,0.6921451646928201,0.0006734430602606365,-0.0003359526178480436,0.3366498145113139
R1|RD|h=0.0|trec=None|s=5.0|m=0|rt=1e-05|br=a,SG3a1,10,8599.042366776403,0.6920810347865736,0.0006522220882711739,-0.00033594787290332445,0.33655964872675304
R1|RD|h=0.0|trec=None|s=5.0|m=0|rt=1e-05|br=a,SG4a1,8,5114.579466282689,0.6896435825361202,0.00014654382069189897,-0.00033596535496079917,0.3396791207581351
R1|RD|h=0.0|trec=None|s=5.0|m=0|rt=1e-05|br=a,SG4a1,9,7231.599346103587,0.6892673457270515,0.0002718042992796579,-0.0003359318395547363,0.3387906870946922
R1|RD|h=0.0|trec=None|s=5.0|m=0|rt=1e-05|br=a,SG4a1,10,10224.881177619127,0.6891760234717381,0.0003006278707788727,-0.0003359253725445997,0.3386830662172047
G1|OW|h=None|trec=None|s=5.0|m=0|rt=None|br=a,SG3a1,8,4147.259688661813,0.03062649977028653,0.0008585552742201292,0.00012351199864874487,0.0
G1|OW|h=None|trec=None|s=5.0|m=0|rt=None|br=a,SG3a1,9,5846.6790580632505,0.030623999853346406,0.0008581839448602581,0.00012344306192504294,0.0
G1|OW|h=None|trec=None|s=5.0|m=0|rt=None|br=a,SG3a1,10,8242.537802644936,0.030621138881470333,0.0008579728687884996,0.00012340432800986265,0.0
G1|OW|h=None|trec=None|s=5.0|m=0|rt=None|br=a,SG4a1,8,4924.057501750633,0.030620224668320706,0.0008583807089867613,0.00012347982678230897,0.0
G1|OW|h=None|trec=None|s=5.0|m=0|rt=None|br=a,SG4a1,9,6941.921694292582,0.03062767284234269,0.0008580324378100837,0.00012341504948819315,0.0
G1|OW|h=None|trec=None|s=5.0|m=0|rt=None|br=a,SG4a1,10,9786.706710854893,0.030624686828129022,0.0008578770338597263,0.0001233863641464242,0.0
G1|OW|h=None|trec=None|s=5.0|m=0|rt=1e-05|br=a,SG3a1,8,4147.258984171584,0.030438251748948764,0.0009981876793023275,0.00014376092007693938,0.0
G1|OW|h=None|trec=None|s=5.0|m=0|rt=1e-05|br=a,SG3a1,9,5846.678039099728,0.030436854300819327,0.0009972429584664162,0.00014359705326947463,0.0
G1|OW|h=None|trec=None|s=5.0|m=0|rt=1e-05|br=a,SG3a1,10,8242.553831279212,0.030434430885184494,0.0009967980557728097,0.0001435200935720359,0.0
G1|OW|h=None|trec=None|s=5.0|m=0|rt=1e-05|br=a,SG4a1,8,4924.067151595917,0.03043180564488157,0.0009980799057401762,0.00014374224514714668,0.0
G1|OW|h=None|trec=None|s=5.0|m=0|rt=1e-05|br=a,SG4a1,9,6941.920443338004,0.0304415137680758,0.0009965946965523789,0.00014348488892964608,0.0
G1|OW|h=None|trec=None|s=5.0|m=0|rt=1e-05|br=a,SG4a1,10,9786.70491076195,0.030438746134731076,0.0009963176283149886,0.0001434370354780115,0.0
G0|OW|h=None|trec=None|s=5.0|m=0|rt=None|br=a,SG3a1,8,4254.96047252604,0.03202249042322247,0.0008589202996460367,0.0001235798206371567,0.0
G0|OW|h=None|trec=None|s=5.0|m=0|rt=None|br=a,SG3a1,9,6009.126203475052,0.03201982981537732,0.0008586347924489784,0.00012352647626856234,0.0
G0|OW|h=None|trec=None|s=5.0|m=0|rt=None|br=a,SG3a1,10,8486.513272018989,0.032016834329573474,0.0008584914116270704,0.00012349992642425627,0.0
G0|OW|h=None|trec=None|s=5.0|m=0|rt=None|br=a,SG4a1,8,5056.430318495143,0.0321206640035987,0.0008110448212894326,0.00011647457720672558,0.0
G0|OW|h=None|trec=None|s=5.0|m=0|rt=None|br=a,SG4a1,9,7141.112736973519,0.03202344706770832,0.0008585142662863596,0.00012350403351853116,0.0
G0|OW|h=None|trec=None|s=5.0|m=0|rt=None|br=a,SG4a1,10,10085.285346114288,0.032069026559278235,0.0008354921684316562,0.0001201935443280959,0.0
G0|RD|h=0.0|trec=None|s=5.0|m=0|rt=None|br=a,SG3a1,8,4097.344088365645,0.032022216499977274,0.0008590350074105321,0.00012360150850469455,0.0
G0|RD|h=0.0|trec=None|s=5.0|m=0|rt=None|br=a,SG3a1,9,5764.878027823453,0.032019583380560324,0.0008587384093433734,0.00012354591991365325,0.0
G0|RD|h=0.0|trec=None|s=5.0|m=0|rt=None|br=a,SG3a1,10,8111.144972710657,0.03201664027646656,0.0008585726366005397,0.00012351526009467785,0.0
G0|RD|h=0.0|trec=None|s=5.0|m=0|rt=None|br=a,SG4a1,8,4859.969215201532,0.032091136456524616,0.0008240516480684675,0.00011846109644738148,0.0
G0|RD|h=0.0|trec=None|s=5.0|m=0|rt=None|br=a,SG4a1,9,6838.015983137444,0.032089263975187965,0.0008278611064437124,0.00011903841682323277,0.0
G0|RD|h=0.0|trec=None|s=5.0|m=0|rt=None|br=a,SG4a1,10,9621.169515536776,0.03202016158471155,0.0008584928895485237,0.00012350011873055744,0.0
G0|OW|h=None|trec=None|s=5.0|m=0|rt=1e-05|br=a,SG3a1,8,4254.960622573437,0.03182525576753137,0.0009980591063770566,0.00014387043786636097,0.0
G0|OW|h=None|trec=None|s=5.0|m=0|rt=1e-05|br=a,SG3a1,9,6009.126412092463,0.03190732421678999,0.0009521751577979905,0.00013705387200399003,0.0
G0|OW|h=None|trec=None|s=5.0|m=0|rt=1e-05|br=a,SG3a1,10,8486.531525465156,0.03182190002476437,0.000996233460372158,0.00014360547116142806,0.0
G0|OW|h=None|trec=None|s=5.0|m=0|rt=1e-05|br=a,SG4a1,8,5056.431481427732,0.03182062329604163,0.00099693814585645,0.0001437076625141977,0.0
G0|OW|h=None|trec=None|s=5.0|m=0|rt=1e-05|br=a,SG4a1,9,7141.112986618793,0.03190816965509269,0.0009534196695174226,0.00013724544712343567,0.0
G0|OW|h=None|trec=None|s=5.0|m=0|rt=1e-05|br=a,SG4a1,10,10085.285688198805,0.032137512900876075,0.0008449929039269989,0.00012058864935990546,0.0
R1|SR|h=0.09|trec=0.0|s=5.0|m=0|rt=None|br=a,SG3a1,8,4270.114419458441,223.93534660370904,2.5290775109029673e-08,-0.1292705611598876,0.33325462166222675
R1|SR|h=0.09|trec=0.0|s=5.0|m=0|rt=None|br=a,SG3a1,9,6036.912825096442,223.93534706575264,2.5299555184281324e-08,-0.12943228350145367,0.33403559873343425
R1|SR|h=0.09|trec=0.0|s=5.0|m=0|rt=None|br=a,SG3a1,10,8534.823368222858,223.93534920755326,3.0431468685660055e-08,-0.12954424013817667,0.3307702559282588
R1|SR|h=0.09|trec=0.0|s=5.0|m=0|rt=None|br=a,SG4a1,8,5077.137386192551,223.93534753675087,2.6709773757214744e-08,-0.12938622980354372,0.3333969242035051
R1|SR|h=0.09|trec=0.0|s=5.0|m=0|rt=None|br=a,SG4a1,9,7177.924152600943,223.93534677552645,2.6189409258085634e-08,-0.12958331180714003,0.32939368374562683
R1|SR|h=0.09|trec=0.0|s=5.0|m=0|rt=None|br=a,SG4a1,10,10147.93485881875,223.93534642257268,3.2688250430537624e-08,-0.1293158944578489,0.33295161903229564
R1|SR|h=0.1|trec=0.0|s=5.0|m=0|rt=None|br=a,SG3a1,8,4269.911886209622,213.66295774050832,2.029456293512076e-07,0.1444585467076582,0.23756590256107657
R1|SR|h=0.1|trec=0.0|s=5.0|m=0|rt=None|br=a,SG3a1,9,6036.345933600958,213.66295351851056,2.093848778539314e-07,0.14453242668132837,0.23721757504494012
R1|SR|h=0.1|trec=0.0|s=5.0|m=0|rt=None|br=a,SG3a1,10,8533.825077375686,213.66295409944863,2.0238119772054588e-07,0.14468336189163075,0.25209415483590236
R1|SR|h=0.1|trec=0.0|s=5.0|m=0|rt=None|br=a,SG4a1,8,5076.833871868202,213.6629507635303,2.1146283362243218e-07,0.14450392907216023,0.23585532466993686
R1|SR|h=0.1|trec=0.0|s=5.0|m=0|rt=None|br=a,SG4a1,9,7177.191511079892,213.66295445246487,2.0290432969882392e-07,0.14433928095076431,0.23756601879448835
R1|SR|h=0.1|trec=0.0|s=5.0|m=0|rt=None|br=a,SG4a1,10,10146.711433316728,213.66295330433465,2.090865548642235e-07,0.14433466078051638,0.2366826112806808
R1|SR|h=0.11|trec=0.0|s=5.0|m=0|rt=None|br=a,SG3a1,8,4268.936974250347,204.76061394152435,4.6258483341755184e-07,-0.15909492610572257,0.173526276837227
R1|SR|h=0.11|trec=0.0|s=5.0|m=0|rt=None|br=a,SG3a1,9,6035.059841740719,204.7606116065276,4.602078850539469e-07,-0.15911503913582997,0.17842960411615372
R1|SR|h=0.11|trec=0.0|s=5.0|m=0|rt=None|br=a,SG3a1,10,8532.092847239654,204.76061645861853,4.6149151430703454e-07,-0.15936455728437224,0.17840315203604407
R1|SR|h=0.11|trec=0.0|s=5.0|m=0|rt=None|br=a,SG4a1,8,5075.6534249295355,204.76061339651588,4.6026251226679216e-07,-0.15934652428136958,0.1784499713379517
R1|SR|h=0.11|trec=0.0|s=5.0|m=0|rt=None|br=a,SG4a1,9,7175.655845737881,204.76061230460112,4.708636541188852e-07,-0.1594803109235155,0.17796023178695553
R1|SR|h=0.11|trec=0.0|s=5.0|m=0|rt=None|br=a,SG4a1,10,10144.416364806095,204.76060873159813,4.7126038261025326e-07,-0.15924707728598692,0.17791842337605557
R1|SR|h=0.27|trec=0.0|s=5.0|m=0|rt=None|br=a,SG3a1,8,5399.436544437719,121.8982224712277,0.2607022219151407,-0.3976678729115454,0.20842708122609244
R1|SR|h=0.27|trec=0.0|s=5.0|m=0|rt=None|br=a,SG3a1,9,7852.549392692174,121.89822059918698,0.2604033107559964,-0.3980152827639728,0.20771379717968164
R1|SR|h=0.27|trec=0.0|s=5.0|m=0|rt=None|br=a,SG3a1,10,11420.958029535841,121.89822194043354,0.2606975372504897,-0.3969013297924571,0.20146115594504854
R1|SR|h=0.27|trec=0.0|s=5.0|m=0|rt=None|br=a,SG4a1,8,6511.726207097559,121.8982237912343,0.26059817806041036,-0.3973624591403972,0.20891344749626728
R1|SR|h=0.27|trec=0.0|s=5.0|m=0|rt=None|br=a,SG4a1,9,9470.348263087879,121.89821848742483,0.2603172793136813,-0.39741267784143885,0.2018840483883344
R1|SR|h=0.27|trec=0.0|s=5.0|m=0|rt=None|br=a,SG4a1,10,13773.508754374,121.8982186724088,0.2605199110311435,-0.39808722243811845,0.20793776651234497
R1|SR|h=0.3|trec=0.0|s=5.0|m=0|rt=None|br=a,SG3a1,8,5799.193878091028,112.31084144865122,0.2797650599169238,-0.45306662787025287,0.21250705932798764
R1|SR|h=0.3|trec=0.0|s=5.0|m=0|rt=None|br=a,SG3a1,9,8507.948796162138,112.3108438125936,0.27985002193529535,-0.4524505007319466,0.21021489839817553
R1|SR|h=0.3|trec=0.0|s=5.0|m=0|rt=None|br=a,SG3a1,10,12480.26052311225,112.3108382454635,0.2796784657358551,-0.4527064344439771,0.20903572655467384
R1|SR|h=0.3|trec=0.0|s=5.0|m=0|rt=None|br=a,SG4a1,8,7024.127393694581,112.3108415266444,0.2796493309996229,-0.4517539430737327,0.2055680102981683
R1|SR|h=0.3|trec=0.0|s=5.0|m=0|rt=None|br=a,SG4a1,9,10304.378579310309,112.31084048351353,0.2794078592993501,-0.4507968992243311,0.20307500518679245
R1|SR|h=0.3|trec=0.0|s=5.0|m=0|rt=None|br=a,SG4a1,10,15117.11032455506,112.31083984447609,0.27942242627597347,-0.45070927286747914,0.20251573921992172
R1|SR|h=0.33|trec=0.0|s=5.0|m=0|rt=None|br=a,SG3a1,8,6054.7311387485,103.40832418264876,0.3028818190211403,0.5019265119730236,0.21794558333412817
R1|SR|h=0.33|trec=0.0|s=5.0|m=0|rt=None|br=a,SG3a1,9,8927.837091297339,103.40832913765044,0.30205288588434914,0.5017535236259999,0.22158862394636158
R1|SR|h=0.33|trec=0.0|s=5.0|m=0|rt=None|br=a,SG3a1,10,13163.00983559325,103.40832640562402,0.3025893347692576,0.5017139247478353,0.22039507541898873
R1|SR|h=0.33|trec=0.0|s=5.0|m=0|rt=None|br=a,SG4a1,8,7352.30027977058,103.4083270306449,0.3028225741006188,0.5017983293976322,0.21928625402317659
R1|SR|h=0.33|trec=0.0|s=5.0|m=0|rt=None|br=a,SG4a1,9,10840.14836654689,103.40832507067799,0.30226345409534094,0.5016790185981937,0.21896998221582198
R1|SR|h=0.33|trec=0.0|s=5.0|m=0|rt=None|br=a,SG4a1,10,15983.031709910194,103.40832633661672,0.302760774397912,0.5018805836714625,0.21736205476491355
R1|SR|h=0.45|trec=0.0|s=5.0|m=0|rt=None|br=a,SG3a1,8,7961.404538560513,74.64624892384793,0.44853902272299223,-0.6261382307796276,0.5446288906807428
R1|SR|h=0.45|trec=0.0|s=5.0|m=0|rt=None|br=a,SG3a1,9,12136.078769038568,74.64624414183982,0.44853559627556827,-0.6276103504283834,0.5433753245374928
R1|SR|h=0.45|trec=0.0|s=5.0|m=0|rt=None|br=a,SG3a1,10,18502.765969928325,74.64624494768479,0.44883834735723604,-0.6262813378654088,0.5448363534707457
R1|SR|h=0.45|trec=0.0|s=5.0|m=0|rt=None|br=a,SG4a1,8,9828.944079158215,74.64624486185414,0.44795594074176665,-0.6261747089705116,0.5447744649486608
R1|SR|h=0.45|trec=0.0|s=5.0|m=0|rt=None|br=a,SG4a1,9,14985.614904139737,74.64624097471007,0.4487160211100759,-0.6259393986210996,0.5651047148141908
R1|SR|h=0.45|trec=0.0|s=5.0|m=0|rt=None|br=a,SG4a1,10,22845.73349455705,74.64624480366805,0.44870311254400697,-0.6263908239659557,0.5446529587338489
R1|SR|h=0.5|trec=0.0|s=5.0|m=0|rt=None|br=a,SG3a1,8,9089.813451307793,65.05888532326934,0.4691902967654346,-0.7532432442061608,0.5499418014344448
R1|SR|h=0.5|trec=0.0|s=5.0|m=0|rt=None|br=a,SG3a1,9,14090.295369669318,65.05888382724382,0.4690767070422387,-0.7530503559136374,0.5499222349540644
R1|SR|h=0.5|trec=0.0|s=5.0|m=0|rt=None|br=a,SG3a1,10,21839.766513168397,65.0588825467091,0.46659943833635936,-0.7565676186870397,0.5430705481632159
R1|SR|h=0.5|trec=0.0|s=5.0|m=0|rt=None|br=a,SG4a1,8,11316.723297501992,65.05888646827357,0.46777776897044104,-0.7538331167713985,0.5494970509410668
R1|SR|h=0.5|trec=0.0|s=5.0|m=0|rt=None|br=a,SG4a1,9,17541.64272830457,65.05888330073095,0.4681278893391157,-0.7537507722415641,0.5495578833183967
R1|SR|h=0.5|trec=0.0|s=5.0|m=0|rt=None|br=a,SG4a1,10,27191.484970122005,65.05889064270521,0.46877768024112815,-0.7554631050699038,0.5433388510847625
R1|SR|h=0.55|trec=0.0|s=5.0|m=0|rt=None|br=a,SG3a1,8,9437.371851958806,56.156303184267536,0.4678613767537441,0.8514516465304194,0.5133184087513509
R1|SR|h=0.55|trec=0.0|s=5.0|m=0|rt=None|br=a,SG3a1,9,14683.029219723696,56.15629575827716,0.46473738631664013,0.8514273652261029,0.532775761681592
R1|SR|h=0.55|trec=0.0|s=5.0|m=0|rt=None|br=a,SG3a1,10,22844.236672441693,56.15629556287443,0.46448262924469974,0.8514712097523625,0.5327229951473944
R1|SR|h=0.55|trec=0.0|s=5.0|m=0|rt=None|br=a,SG4a1,8,11771.778833184131,56.15629651028672,0.46442465285620593,0.8511726748294454,0.5325273307564549
R1|SR|h=0.55|trec=0.0|s=5.0|m=0|rt=None|br=a,SG4a1,9,18313.581016712596,56.156294987882994,0.46456241962641576,0.852066864951864,0.5130035983791359
R1|SR|h=0.55|trec=0.0|s=5.0|m=0|rt=None|br=a,SG4a1,10,28493.990715115287,56.15629941788103,0.46559676400680006,0.8512935661435278,0.5334154939418134
R1|SR|h=0.63|trec=0.0|s=5.0|m=0|rt=None|br=a,SG3a1,8,10378.15628455669,43.82954977922085,0.4251772184814591,0.9711194319822146,0.5008501068014259
R1|SR|h=0.63|trec=0.0|s=5.0|m=0|rt=None|br=a,SG3a1,9,16327.704845503707,43.829556153212465,0.4254564010478243,0.9687176611469942,0.5078269808035663
R1|SR|h=0.63|trec=0.0|s=5.0|m=0|rt=None|br=a,SG3a1,10,25692.33993523308,43.82955439829333,0.42428432276591255,0.9708220469574075,0.5008130824768475
R1|SR|h=0.63|trec=0.0|s=5.0|m=0|rt=None|br=a,SG4a1,8,13017.303709419719,43.82955652621617,0.4250027710185493,0.9709088874339173,0.5008310248189041
R1|SR|h=0.63|trec=0.0|s=5.0|m=0|rt=None|br=a,SG4a1,9,20480.110531828628,43.829556413334245,0.4253365136621003,0.971107214184857,0.5007907568146952
R1|SR|h=0.63|trec=0.0|s=5.0|m=0|rt=None|br=a,SG4a1,10,32222.901315956668,43.829557716312806,0.42517162718396845,0.9711137166441544,0.5007752886254657
R1|SR|h=0.7|trec=0.0|s=5.0|m=0|rt=None|br=a,SG3a1,8,10974.431186283353,34.242193679607375,0.3775453057681346,1.0532417233175968,0.47516006747294615
R1|SR|h=0.7|trec=0.0|s=5.0|m=0|rt=None|br=a,SG3a1,9,17388.374026063226,34.24218844163413,0.3779046979269845,1.0540457842077726,0.47533085905174244
R1|SR|h=0.7|trec=0.0|s=5.0|m=0|rt=None|br=a,SG3a1,10,27556.198513134015,34.24218904735793,0.3778748262923622,1.053950834907709,0.47518355190262485
R1|SR|h=0.7|trec=0.0|s=5.0|m=0|rt=None|br=a,SG4a1,8,13814.768980923893,34.24218855662547,0.37796967240747126,1.053896364540112,0.47363247307474765
R1|SR|h=0.7|trec=0.0|s=5.0|m=0|rt=None|br=a,SG4a1,9,21892.660705212285,34.24219034034448,0.37575747606791665,1.0531073509876259,0.47714177425078885
R1|SR|h=0.7|trec=0.0|s=5.0|m=0|rt=None|br=a,SG4a1,10,34694.60021137881,34.242187502329934,0.37638977238643323,1.0533215547385792,0.4748091733813853
R1|SR|h=0.77|trec=0.0|s=5.0|m=0|rt=None|br=a,SG3a1,8,-6810.031229154835,50.86108057288444,0.18517966203789557,-0.7014190421814599,0.41506671059898803
R1|SR|h=0.77|trec=0.0|s=5.0|m=0|rt=None|br=a,SG3a1,9,-10184.676159977847,50.86108127290781,0.18373566313223086,-0.7009358469026334,0.41292801135003887
R1|SR|h=0.77|trec=0.0|s=5.0|m=0|rt=None|br=a,SG3a1,10,-15234.731077584054,50.86107589210437,0.18639211481299817,-0.7011678244737937,0.4147314877980812
R1|SR|h=0.77|trec=0.0|s=5.0|m=0|rt=None|br=a,SG4a1,8,-8328.124558486554,50.86107904289649,0.18608303631332215,-0.702682183982842,0.4066786222535479
R1|SR|h=0.77|trec=0.0|s=5.0|m=0|rt=None|br=a,SG4a1,9,-12454.618593653595,50.86108482511148,0.18233457092956337,-0.7038798341837964,0.40664397032985633
R1|SR|h=0.77|trec=0.0|s=5.0|m=0|rt=None|br=a,SG4a1,10,-18628.26203136074,50.861084350116435,0.18360048344313756,-0.7023452349566516,0.40650409136033794
R1|SR|h=0.09|trec=1e-07|s=5.0|m=0|rt=None|br=a,SG3a1,8,4270.114419458441,223.93534660370904,2.5290775109029673e-08,-0.1292705611598876,0.33325462166222675
R1|SR|h=0.09|trec=1e-07|s=5.0|m=0|rt=None|br=a,SG3a1,9,6036.912825096442,223.93534706575264,2.5299555184281324e-08,-0.12943228350145367,0.33403559873343425
R1|SR|h=0.09|trec=1e-07|s=5.0|m=0|rt=None|br=a,SG3a1,10,8534.823368222858,223.93534920755326,3.0431468685660055e-08,-0.12954424013817667,0.3307702559282588
R1|SR|h=0.09|trec=1e-07|s=5.0|m=0|rt=None|br=a,SG4a1,8,5077.137386192551,223.93534753675087,2.6709773757214744e-08,-0.12938622980354372,0.3333969242035051
R1|SR|h=0.09|trec=1e-07|s=5.0|m=0|rt=None|br=a,SG4a1,9,7177.924152600943,223.93534677552645,2.6189409258085634e-08,-0.12958331180714003,0.32939368374562683
R1|SR|h=0.09|trec=1e-07|s=5.0|m=0|rt=None|br=a,SG4a1,10,10147.93485881875,223.93534642257268,3.2688250430537624e-08,-0.1293158944578489,0.33295161903229564
R1|SR|h=0.1|trec=1e-07|s=5.0|m=0|rt=None|br=a,SG3a1,8,4269.911886209622,213.66295774050832,2.029456293512076e-07,0.1444585467076582,0.23756590256107657
R1|SR|h=0.1|trec=1e-07|s=5.0|m=0|rt=None|br=a,SG3a1,9,6036.345933600958,213.66295351851056,2.093848778539314e-07,0.14453242668132837,0.23721757504494012
R1|SR|h=0.1|trec=1e-07|s=5.0|m=0|rt=None|br=a,SG3a1,10,8533.825077375686,213.66295409944863,2.0238119772054588e-07,0.14468336189163075,0.25209415483590236
R1|SR|h=0.1|trec=1e-07|s=5.0|m=0|rt=None|br=a,SG4a1,8,5076.833871868202,213.6629507635303,2.1146283362243218e-07,0.14450392907216023,0.23585532466993686
R1|SR|h=0.1|trec=1e-07|s=5.0|m=0|rt=None|br=a,SG4a1,9,7177.191511079892,213.66295445246487,2.0290432969882392e-07,0.14433928095076431,0.23756601879448835
R1|SR|h=0.1|trec=1e-07|s=5.0|m=0|rt=None|br=a,SG4a1,10,10146.711433316728,213.66295330433465,2.090865548642235e-07,0.14433466078051638,0.2366826112806808
R1|SR|h=0.11|trec=1e-07|s=5.0|m=0|rt=None|br=a,SG3a1,8,4268.936974250347,204.76061394152435,4.6258483341755184e-07,-0.15909492610572257,0.173526276837227
R1|SR|h=0.11|trec=1e-07|s=5.0|m=0|rt=None|br=a,SG3a1,9,6035.059841740719,204.7606116065276,4.602078850539469e-07,-0.15911503913582997,0.17842960411615372
R1|SR|h=0.11|trec=1e-07|s=5.0|m=0|rt=None|br=a,SG3a1,10,8532.092847239654,204.76061645861853,4.6149151430703454e-07,-0.15936455728437224,0.17840315203604407
R1|SR|h=0.11|trec=1e-07|s=5.0|m=0|rt=None|br=a,SG4a1,8,5075.6534249295355,204.76061339651588,4.6026251226679216e-07,-0.15934652428136958,0.1784499713379517
R1|SR|h=0.11|trec=1e-07|s=5.0|m=0|rt=None|br=a,SG4a1,9,7175.655845737881,204.76061230460112,4.708636541188852e-07,-0.1594803109235155,0.17796023178695553
R1|SR|h=0.11|trec=1e-07|s=5.0|m=0|rt=None|br=a,SG4a1,10,10144.416364806095,204.76060873159813,4.7126038261025326e-07,-0.15924707728598692,0.17791842337605557
R1|SR|h=0.27|trec=1e-07|s=5.0|m=0|rt=None|br=a,SG3a1,8,5399.436544437719,121.8982224712277,0.2607022219151407,-0.3976678729115454,0.20842708122609244
R1|SR|h=0.27|trec=1e-07|s=5.0|m=0|rt=None|br=a,SG3a1,9,7852.549392692174,121.89822059918698,0.2604033107559964,-0.3980152827639728,0.20771379717968164
R1|SR|h=0.27|trec=1e-07|s=5.0|m=0|rt=None|br=a,SG3a1,10,11420.958029535841,121.89822194043354,0.2606975372504897,-0.3969013297924571,0.20146115594504854
R1|SR|h=0.27|trec=1e-07|s=5.0|m=0|rt=None|br=a,SG4a1,8,6511.726207097559,121.8982237912343,0.26059817806041036,-0.3973624591403972,0.20891344749626728
R1|SR|h=0.27|trec=1e-07|s=5.0|m=0|rt=None|br=a,SG4a1,9,9470.348263087879,121.89821848742483,0.2603172793136813,-0.39741267784143885,0.2018840483883344
R1|SR|h=0.27|trec=1e-07|s=5.0|m=0|rt=None|br=a,SG4a1,10,13773.508754374,121.8982186724088,0.2605199110311435,-0.39808722243811845,0.20793776651234497
R1|SR|h=0.3|trec=1e-07|s=5.0|m=0|rt=None|br=a,SG3a1,8,5799.193878091028,112.31084144865122,0.2797650599169238,-0.45306662787025287,0.21250705932798764
R1|SR|h=0.3|trec=1e-07|s=5.0|m=0|rt=None|br=a,SG3a1,9,8507.948796162138,112.3108438125936,0.27985002193529535,-0.4524505007319466,0.21021489839817553
R1|SR|h=0.3|trec=1e-07|s=5.0|m=0|rt=None|br=a,SG3a1,10,12480.26052311225,112.3108382454635,0.2796784657358551,-0.4527064344439771,0.20903572655467384
R1|SR|h=0.3|trec=1e-07|s=5.0|m=0|rt=None|br=a,SG4a1,8,7024.127393694581,112.3108415266444,0.2796493309996229,-0.4517539430737327,0.2055680102981683
R1|SR|h=0.3|trec=1e-07|s=5.0|m=0|rt=None|br=a,SG4a1,9,10304.378579310309,112.31084048351353,0.2794078592993501,-0.4507968992243311,0.20307500518679245
R1|SR|h=0.3|trec=1e-07|s=5.0|m=0|rt=None|br=a,SG4a1,10,15117.11032455506,112.31083984447609,0.27942242627597347,-0.45070927286747914,0.20251573921992172
R1|SR|h=0.33|trec=1e-07|s=5.0|m=0|rt=None|br=a,SG3a1,8,6054.7311387485,103.40832418264876,0.3028818190211403,0.5019265119730236,0.21794558333412817
R1|SR|h=0.33|trec=1e-07|s=5.0|m=0|rt=None|br=a,SG3a1,9,8927.837091297339,103.40832913765044,0.30205288588434914,0.5017535236259999,0.22158862394636158
R1|SR|h=0.33|trec=1e-07|s=5.0|m=0|rt=None|br=a,SG3a1,10,13163.00983559325,103.40832640562402,0.3025893347692576,0.5017139247478353,0.22039507541898873
R1|SR|h=0.33|trec=1e-07|s=5.0|m=0|rt=None|br=a,SG4a1,8,7352.30027977058,103.4083270306449,0.3028225741006188,0.5017983293976322,0.21928625402317659
R1|SR|h=0.33|trec=1e-07|s=5.0|m=0|rt=None|br=a,SG4a1,9,10840.14836654689,103.40832507067799,0.30226345409534094,0.5016790185981937,0.21896998221582198
R1|SR|h=0.33|trec=1e-07|s=5.0|m=0|rt=None|br=a,SG4a1,10,15983.031709910194,103.40832633661672,0.302760774397912,0.5018805836714625,0.21736205476491355
R1|SR|h=0.45|trec=1e-07|s=5.0|m=0|rt=None|br=a,SG3a1,8,7961.404538560513,74.64624892384793,0.44853902272299223,-0.6261382307796276,0.5446288906807428
R1|SR|h=0.45|trec=1e-07|s=5.0|m=0|rt=None|br=a,SG3a1,9,12136.078769038568,74.64624414183982,0.44853559627556827,-0.6276103504283834,0.5433753245374928
R1|SR|h=0.45|trec=1e-07|s=5.0|m=0|rt=None|br=a,SG3a1,10,18502.765969928325,74.64624494768479,0.44883834735723604,-0.6262813378654088,0.5448363534707457
R1|SR|h=0.45|trec=1e-07|s=5.0|m=0|rt=None|br=a,SG4a1,8,9828.944079158215,74.64624486185414,0.44795594074176665,-0.6261747089705116,0.5447744649486608
R1|SR|h=0.45|trec=1e-07|s=5.0|m=0|rt=None|br=a,SG4a1,9,14985.614904139737,74.64624097471007,0.4487160211100759,-0.6259393986210996,0.5651047148141908
R1|SR|h=0.45|trec=1e-07|s=5.0|m=0|rt=None|br=a,SG4a1,10,22845.73349455705,74.64624480366805,0.44870311254400697,-0.6263908239659557,0.5446529587338489
R1|SR|h=0.5|trec=1e-07|s=5.0|m=0|rt=None|br=a,SG3a1,8,9089.813451307793,65.05888532326934,0.4691902967654346,-0.7532432442061608,0.5499418014344448
R1|SR|h=0.5|trec=1e-07|s=5.0|m=0|rt=None|br=a,SG3a1,9,14090.295369669318,65.05888382724382,0.4690767070422387,-0.7530503559136374,0.5499222349540644
R1|SR|h=0.5|trec=1e-07|s=5.0|m=0|rt=None|br=a,SG3a1,10,21839.766513168397,65.0588825467091,0.46659943833635936,-0.7565676186870397,0.5430705481632159
R1|SR|h=0.5|trec=1e-07|s=5.0|m=0|rt=None|br=a,SG4a1,8,11316.723297501992,65.05888646827357,0.46777776897044104,-0.7538331167713985,0.5494970509410668
R1|SR|h=0.5|trec=1e-07|s=5.0|m=0|rt=None|br=a,SG4a1,9,17541.64272830457,65.05888330073095,0.4681278893391157,-0.7537507722415641,0.5495578833183967
R1|SR|h=0.5|trec=1e-07|s=5.0|m=0|rt=None|br=a,SG4a1,10,27191.484970122005,65.05889064270521,0.46877768024112815,-0.7554631050699038,0.5433388510847625
R1|SR|h=0.55|trec=1e-07|s=5.0|m=0|rt=None|br=a,SG3a1,8,9437.371851958806,56.156303184267536,0.4678613767537441,0.8514516465304194,0.5133184087513509
R1|SR|h=0.55|trec=1e-07|s=5.0|m=0|rt=None|br=a,SG3a1,9,14683.029219723696,56.15629575827716,0.46473738631664013,0.8514273652261029,0.532775761681592
R1|SR|h=0.55|trec=1e-07|s=5.0|m=0|rt=None|br=a,SG3a1,10,22844.236672441693,56.15629556287443,0.46448262924469974,0.8514712097523625,0.5327229951473944
R1|SR|h=0.55|trec=1e-07|s=5.0|m=0|rt=None|br=a,SG4a1,8,11771.778833184131,56.15629651028672,0.46442465285620593,0.8511726748294454,0.5325273307564549
R1|SR|h=0.55|trec=1e-07|s=5.0|m=0|rt=None|br=a,SG4a1,9,18313.581016712596,56.156294987882994,0.46456241962641576,0.852066864951864,0.5130035983791359
R1|SR|h=0.55|trec=1e-07|s=5.0|m=0|rt=None|br=a,SG4a1,10,28493.990715115287,56.15629941788103,0.46559676400680006,0.8512935661435278,0.5334154939418134
R1|SR|h=0.63|trec=1e-07|s=5.0|m=0|rt=None|br=a,SG3a1,8,10378.15628455669,43.82954977922085,0.4251772184814591,0.9711194319822146,0.5008501068014259
R1|SR|h=0.63|trec=1e-07|s=5.0|m=0|rt=None|br=a,SG3a1,9,16327.704845503707,43.829556153212465,0.4254564010478243,0.9687176611469942,0.5078269808035663
R1|SR|h=0.63|trec=1e-07|s=5.0|m=0|rt=None|br=a,SG3a1,10,25692.33993523308,43.82955439829333,0.42428432276591255,0.9708220469574075,0.5008130824768475
R1|SR|h=0.63|trec=1e-07|s=5.0|m=0|rt=None|br=a,SG4a1,8,13017.303709419719,43.82955652621617,0.4250027710185493,0.9709088874339173,0.5008310248189041
R1|SR|h=0.63|trec=1e-07|s=5.0|m=0|rt=None|br=a,SG4a1,9,20480.110531828628,43.829556413334245,0.4253365136621003,0.971107214184857,0.5007907568146952
R1|SR|h=0.63|trec=1e-07|s=5.0|m=0|rt=None|br=a,SG4a1,10,32222.901315956668,43.829557716312806,0.42517162718396845,0.9711137166441544,0.5007752886254657
R1|SR|h=0.7|trec=1e-07|s=5.0|m=0|rt=None|br=a,SG3a1,8,8536.969935198049,68.06882633328057,0.27650867220776576,-0.5814286031831414,0.42788769816573535
R1|SR|h=0.7|trec=1e-07|s=5.0|m=0|rt=None|br=a,SG3a1,9,13171.301809751503,68.06884011927721,0.28391071948000945,-0.580122307483598,0.42960056651289436
R1|SR|h=0.7|trec=1e-07|s=5.0|m=0|rt=None|br=a,SG3a1,10,20308.204843378553,68.06878824561907,0.28234748874150567,-0.5804813398999824,0.42805277448293433
R1|SR|h=0.7|trec=1e-07|s=5.0|m=0|rt=None|br=a,SG4a1,8,10605.156275787953,68.06876331427736,0.2802227651793296,-0.5813174670464747,0.42787593161272564
R1|SR|h=0.7|trec=1e-07|s=5.0|m=0|rt=None|br=a,SG4a1,9,16352.461504307536,68.06881382163954,0.2855065915103468,-0.5813071761844888,0.42833780444090364
R1|SR|h=0.7|trec=1e-07|s=5.0|m=0|rt=None|br=a,SG4a1,10,25218.517522494043,68.06885053360634,0.2837555582019311,-0.5812834237663557,0.4255650225756802
R1|SR|h=0.77|trec=1e-07|s=5.0|m=0|rt=None|br=a,SG3a1,8,-6738.24587505532,50.8216144488767,0.329671403721101,-0.8073947163350108,0.43716496945025995
R1|SR|h=0.77|trec=1e-07|s=5.0|m=0|rt=None|br=a,SG3a1,9,-10138.238763813228,50.82160993988977,0.3324924600425258,-0.8082454373581837,0.43719175674486466
R1|SR|h=0.77|trec=1e-07|s=5.0|m=0|rt=None|br=a,SG3a1,10,-15253.671787186617,50.82160423917209,0.32558480585272204,-0.8066544337932376,0.4371068772351938
R1|SR|h=0.77|trec=1e-07|s=5.0|m=0|rt=None|br=a,SG4a1,8,-8265.1232148672,50.82162213789626,0.32745266148263663,-0.8074402889498249,0.4366564662731942
R1|SR|h=0.77|trec=1e-07|s=5.0|m=0|rt=None|br=a,SG4a1,9,-12436.49341167976,50.82161409614844,0.3265156125243336,-0.8069867682089362,0.43665841567563923
R1|SR|h=0.77|trec=1e-07|s=5.0|m=0|rt=None|br=a,SG4a1,10,-18709.55048482324,50.82161373413246,0.3270364581440364,-0.8074138779322467,0.4372424935727981
R1|SR|h=0.09|trec=1e-06|s=5.0|m=0|rt=None|br=a,SG3a1,8,4270.114419458441,223.93534660370904,2.5290775109029673e-08,-0.1292705611598876,0.33325462166222675
R1|SR|h=0.09|trec=1e-06|s=5.0|m=0|rt=None|br=a,SG3a1,9,6036.912825096442,223.93534706575264,2.5299555184281324e-08,-0.12943228350145367,0.33403559873343425
R1|SR|h=0.09|trec=1e-06|s=5.0|m=0|rt=None|br=a,SG3a1,10,8534.823368222858,223.93534920755326,3.0431468685660055e-08,-0.12954424013817667,0.3307702559282588
R1|SR|h=0.09|trec=1e-06|s=5.0|m=0|rt=None|br=a,SG4a1,8,5077.137386192551,223.93534753675087,2.6709773757214744e-08,-0.12938622980354372,0.3333969242035051
R1|SR|h=0.09|trec=1e-06|s=5.0|m=0|rt=None|br=a,SG4a1,9,7177.924152600943,223.93534677552645,2.6189409258085634e-08,-0.12958331180714003,0.32939368374562683
R1|SR|h=0.09|trec=1e-06|s=5.0|m=0|rt=None|br=a,SG4a1,10,10147.93485881875,223.93534642257268,3.2688250430537624e-08,-0.1293158944578489,0.33295161903229564
R1|SR|h=0.1|trec=1e-06|s=5.0|m=0|rt=None|br=a,SG3a1,8,4269.911886209622,213.66295774050832,2.029456293512076e-07,0.1444585467076582,0.23756590256107657
R1|SR|h=0.1|trec=1e-06|s=5.0|m=0|rt=None|br=a,SG3a1,9,6036.345933600958,213.66295351851056,2.093848778539314e-07,0.14453242668132837,0.23721757504494012
R1|SR|h=0.1|trec=1e-06|s=5.0|m=0|rt=None|br=a,SG3a1,10,8533.825077375686,213.66295409944863,2.0238119772054588e-07,0.14468336189163075,0.25209415483590236
R1|SR|h=0.1|trec=1e-06|s=5.0|m=0|rt=None|br=a,SG4a1,8,5076.833871868202,213.6629507635303,2.1146283362243218e-07,0.14450392907216023,0.23585532466993686
R1|SR|h=0.1|trec=1e-06|s=5.0|m=0|rt=None|br=a,SG4a1,9,7177.191511079892,213.66295445246487,2.0290432969882392e-07,0.14433928095076431,0.23756601879448835
R1|SR|h=0.1|trec=1e-06|s=5.0|m=0|rt=None|br=a,SG4a1,10,10146.711433316728,213.66295330433465,2.090865548642235e-07,0.14433466078051638,0.2366826112806808
R1|SR|h=0.11|trec=1e-06|s=5.0|m=0|rt=None|br=a,SG3a1,8,4268.936974250347,204.76061394152435,4.6258483341755184e-07,-0.15909492610572257,0.173526276837227
R1|SR|h=0.11|trec=1e-06|s=5.0|m=0|rt=None|br=a,SG3a1,9,6035.059841740719,204.7606116065276,4.602078850539469e-07,-0.15911503913582997,0.17842960411615372
R1|SR|h=0.11|trec=1e-06|s=5.0|m=0|rt=None|br=a,SG3a1,10,8532.092847239654,204.76061645861853,4.6149151430703454e-07,-0.15936455728437224,0.17840315203604407
R1|SR|h=0.11|trec=1e-06|s=5.0|m=0|rt=None|br=a,SG4a1,8,5075.6534249295355,204.76061339651588,4.6026251226679216e-07,-0.15934652428136958,0.1784499713379517
R1|SR|h=0.11|trec=1e-06|s=5.0|m=0|rt=None|br=a,SG4a1,9,7175.655845737881,204.76061230460112,4.708636541188852e-07,-0.1594803109235155,0.17796023178695553
R1|SR|h=0.11|trec=1e-06|s=5.0|m=0|rt=None|br=a,SG4a1,10,10144.416364806095,204.76060873159813,4.7126038261025326e-07,-0.15924707728598692,0.17791842337605557
R1|SR|h=0.27|trec=1e-06|s=5.0|m=0|rt=None|br=a,SG3a1,8,-0.17704899837463017,491.72825376817343,4.740733592610747e-05,-1112.1937242833958,1.9803265901043032
R1|SR|h=0.27|trec=1e-06|s=5.0|m=0|rt=None|br=a,SG3a1,9,-0.2450743295751181,491.72826309417525,4.755332389388181e-05,-1112.0898958626503,1.9721548917377152
R1|SR|h=0.27|trec=1e-06|s=5.0|m=0|rt=None|br=a,SG3a1,10,-0.3392442241824938,491.7282580971377,4.769456592142351e-05,-1113.1616247840059,1.9715844091841572
R1|SR|h=0.27|trec=1e-06|s=5.0|m=0|rt=None|br=a,SG4a1,8,-0.20829903675803507,491.7282571971736,4.7482448813932644e-05,-1112.1242444752536,1.97194756797886
R1|SR|h=0.27|trec=1e-06|s=5.0|m=0|rt=None|br=a,SG4a1,9,-0.2883368207967578,491.7282602651396,4.760044874810668e-05,-1112.2795195525966,1.9733864063398165
R1|SR|h=0.27|trec=1e-06|s=5.0|m=0|rt=None|br=a,SG4a1,10,-0.3991121112799192,491.7282647341342,4.7692024670594794e-05,-1112.7153771952744,1.9715952852064622
R1|SR|h=0.3|trec=1e-06|s=5.0|m=0|rt=None|br=a,SG3a1,8,0.27759526025556625,491.717377401172,2.9958801140252543e-05,704.3243401083935,1.9726412368928359
R1|SR|h=0.3|trec=1e-06|s=5.0|m=0|rt=None|br=a,SG3a1,9,0.3843376652071129,491.71738072817385,3.0021801622299884e-05,703.6889742280827,1.9719398966049073
R1|SR|h=0.3|trec=1e-06|s=5.0|m=0|rt=None|br=a,SG3a1,10,0.5321623319809987,491.7173816591444,3.0096555572121377e-05,704.0787773872428,1.9708782846780681
R1|SR|h=0.3|trec=1e-06|s=5.0|m=0|rt=None|br=a,SG4a1,8,0.3266295118112339,491.71738224317374,3.0025310570039092e-05,704.9168222869195,1.982469040505419
R1|SR|h=0.3|trec=1e-06|s=5.0|m=0|rt=None|br=a,SG4a1,9,0.45225075467988063,491.7173789091428,3.00594680905538e-05,703.8452621757859,1.9713543290209024
R1|SR|h=0.3|trec=1e-06|s=5.0|m=0|rt=None|br=a,SG4a1,10,0.6261787167322836,491.71738885714353,3.0123358000144316e-05,704.378483183245,1.9706182386031168
R1|SR|h=0.33|trec=1e-06|s=5.0|m=0|rt=None|br=a,SG3a1,8,0.4149930409419085,491.71144564017294,1.9895281229757918e-05,467.8421185882643,1.9758872663033777
R1|SR|h=0.33|trec=1e-06|s=5.0|m=0|rt=None|br=a,SG3a1,9,0.5746965523619565,491.71145519517205,1.996262117666436e-05,467.81239586549066,1.9766840919782647
R1|SR|h=0.33|trec=1e-06|s=5.0|m=0|rt=None|br=a,SG3a1,10,0.7958678040886298,491.71145722815004,2.0004337790302454e-05,467.94050723533127,1.9846611599705355
R1|SR|h=0.33|trec=1e-06|s=5.0|m=0|rt=None|br=a,SG4a1,8,0.4883475481376536,491.71144910217095,1.9936038782909708e-05,467.8118611407131,1.9788211423135693
R1|SR|h=0.33|trec=1e-06|s=5.0|m=0|rt=None|br=a,SG4a1,9,0.6762974774901522,491.711449674144,1.9987551428451065e-05,467.86614649416384,1.9763944746689632
R1|SR|h=0.33|trec=1e-06|s=5.0|m=0|rt=None|br=a,SG4a1,10,0.9365771207890248,491.71145095814467,1.9998458466641103e-05,467.78424891898777,1.9815322920349598
R1|SR|h=0.45|trec=1e-06|s=5.0|m=0|rt=None|br=a,SG3a1,8,0.2914972938178835,491.70255374816895,2.8300306364746e-05,667.4582202973925,2.014477056271058
R1|SR|h=0.45|trec=1e-06|s=5.0|m=0|rt=None|br=a,SG3a1,9,0.40366470117464814,491.70255644316944,2.8369229600037336e-05,667.0324329687735,2.0137884299380184
R1|SR|h=0.45|trec=1e-06|s=5.0|m=0|rt=None|br=a,SG3a1,10,0.559000628261856,491.7025635981509,2.8432620025647928e-05,667.2944804672476,2.0135178714769664
R1|SR|h=0.45|trec=1e-06|s=5.0|m=0|rt=None|br=a,SG4a1,8,0.34301705713937736,491.7025573261714,2.8343502159587502e-05,667.2746557683197,2.0134899664861483
R1|SR|h=0.45|trec=1e-06|s=5.0|m=0|rt=None|br=a,SG4a1,9,0.4750225188790864,491.7025576291478,2.8410208150130603e-05,667.2991870444926,2.0130624363290384
R1|SR|h=0.45|trec=1e-06|s=5.0|m=0|rt=None|br=a,SG4a1,10,0.6578138573427168,491.7025634081501,2.8467496531969377e-05,667.6017125132408,2.013577429231528
R1|SR|h=0.5|trec=1e-06|s=5.0|m=0|rt=None|br=a,SG3a1,8,-0.26911391077078406,491.70121704716905,3.053994473495369e-05,-720.9570082011357,1.9856116066571672
R1|SR|h=0.5|trec=1e-06|s=5.0|m=0|rt=None|br=a,SG3a1,9,-0.3727100268270078,491.70122376216915,3.0853479851396076e-05,-725.0074440088216,1.9784712130266335
R1|SR|h=0.5|trec=1e-06|s=5.0|m=0|rt=None|br=a,SG3a1,10,-0.5159047681677293,491.70122471915016,3.142150487671312e-05,-733.5895942775489,2.006981057858792
R1|SR|h=0.5|trec=1e-06|s=5.0|m=0|rt=None|br=a,SG4a1,8,-0.31668490803508575,491.70121713117135,3.058451234467986e-05,-720.7670137104133,2.011035322466853
R1|SR|h=0.5|trec=1e-06|s=5.0|m=0|rt=None|br=a,SG4a1,9,-0.4385089231886923,491.70122440215374,3.117068916690025e-05,-729.8748806688754,2.0075528472801585
R1|SR|h=0.5|trec=1e-06|s=5.0|m=0|rt=None|br=a,SG4a1,10,-0.6068784398694334,491.7012245441513,3.076229536527911e-05,-722.5666675633098,2.01351894312668
R1|SR|h=0.55|trec=1e-06|s=5.0|m=0|rt=None|br=a,SG3a1,8,0.28862703253662403,491.7003192531702,2.8416523661864275e-05,672.7361475707476,1.9905843218238906
R1|SR|h=0.55|trec=1e-06|s=5.0|m=0|rt=None|br=a,SG3a1,9,0.3997347079593965,491.7003207711712,2.848463570923979e-05,671.945509714952,2.0081695134184505
R1|SR|h=0.55|trec=1e-06|s=5.0|m=0|rt=None|br=a,SG3a1,10,0.5536233382281353,491.7003262691552,2.854118381987472e-05,672.1029130166844,2.0026277878504306
R1|SR|h=0.55|trec=1e-06|s=5.0|m=0|rt=None|br=a,SG4a1,8,0.3396559157354204,491.7003220221705,2.8450081292072368e-05,672.2273354284863,2.0033857250703613
R1|SR|h=0.55|trec=1e-06|s=5.0|m=0|rt=None|br=a,SG4a1,9,0.47042389668558826,491.70032516015345,2.8521010204404592e-05,672.1547280659519,2.002435602950492
R1|SR|h=0.55|trec=1e-06|s=5.0|m=0|rt=None|br=a,SG4a1,10,0.6515266191449882,491.7003260411501,2.858534908318289e-05,672.409746229882,2.0077780168437087
R1|SR|h=0.63|trec=1e-06|s=5.0|m=0|rt=None|br=a,SG3a1,8,0.2026512628731325,491.6995858251713,4.0878441901320384e-05,963.5320248512304,2.009233785096182
R1|SR|h=0.63|trec=1e-06|s=5.0|m=0|rt=None|br=a,SG3a1,9,0.2806049572718621,491.69959160016987,4.1020940458458854e-05,963.5802298524694,2.0096407850160594
R1|SR|h=0.63|trec=1e-06|s=5.0|m=0|rt=None|br=a,SG3a1,10,0.3885446038216287,491.6995885321518,4.1113408550837886e-05,963.9942179499983,2.0091998685911605
R1|SR|h=0.63|trec=1e-06|s=5.0|m=0|rt=None|br=a,SG4a1,8,0.2384555942849147,491.69959230516844,4.0951951510467356e-05,963.4905688248429,2.0086326743620764
R1|SR|h=0.63|trec=1e-06|s=5.0|m=0|rt=None|br=a,SG4a1,9,0.33019159178684276,491.6995888411546,4.1087243376755884e-05,964.086943544243,2.010505646778127
R1|SR|h=0.63|trec=1e-06|s=5.0|m=0|rt=None|br=a,SG4a1,10,0.4571958077290219,491.69959573815146,4.114946048867341e-05,964.186054736326,2.0109455411143617
R1|SR|h=0.7|trec=1e-06|s=5.0|m=0|rt=None|br=a,SG3a1,8,-0.21045391522011414,491.69928434716905,3.913545557831296e-05,-924.9980688794512,2.0131459252253903
R1|SR|h=0.7|trec=1e-06|s=5.0|m=0|rt=None|br=a,SG3a1,9,-0.2914392395150571,491.6992869611683,3.9280476547179366e-05,-925.292565260581,2.021408147690612
R1|SR|h=0.7|trec=1e-06|s=5.0|m=0|rt=None|br=a,SG3a1,10,-0.40357838043655647,491.69928753715203,3.9382385059024146e-05,-925.907606396112,2.021195446573476
R1|SR|h=0.7|trec=1e-06|s=5.0|m=0|rt=None|br=a,SG4a1,8,-0.24765169488796346,491.69928727316875,3.921348581541361e-05,-924.9739700448727,2.0133788983696386
R1|SR|h=0.7|trec=1e-06|s=5.0|m=0|rt=None|br=a,SG4a1,9,-0.3429507711439328,491.69928831314934,3.933530146527687e-05,-925.6464650403814,2.0210937103568027
R1|SR|h=0.7|trec=1e-06|s=5.0|m=0|rt=None|br=a,SG4a1,10,-0.474910796097447,491.6992857781494,3.9403658539393544e-05,-925.9051305174756,2.0211797552918687
R1|SR|h=0.77|trec=1e-06|s=5.0|m=0|rt=None|br=a,SG3a1,8,-0.2038997852096145,491.69927785617034,4.0379283582278246e-05,-956.1278496672328,2.0108544493795124
R1|SR|h=0.77|trec=1e-06|s=5.0|m=0|rt=None|br=a,SG3a1,9,-0.282351296137449,491.6992822811689,4.0533598499901494e-05,-956.4950582374058,2.0104883706809074
R1|SR|h=0.77|trec=1e-06|s=5.0|m=0|rt=None|br=a,SG3a1,10,-0.39097867970212974,491.69927850815225,4.0615867697061015e-05,-956.4364056681836,2.0127784375462143
R1|SR|h=0.77|trec=1e-06|s=5.0|m=0|rt=None|br=a,SG4a1,8,-0.23993427922050614,491.69927918316785,4.046227148794055e-05,-956.1452687772634,2.011237900362284
R1|SR|h=0.77|trec=1e-06|s=5.0|m=0|rt=None|br=a,SG4a1,9,-0.3322502612941207,491.69928324215016,4.0580774445576185e-05,-956.6187399675924,2.01017428144018
R1|SR|h=0.77|trec=1e-06|s=5.0|m=0|rt=None|br=a,SG4a1,10,-0.4600825309494212,491.6992848681551,4.063692154859882e-05,-956.6168420973678,2.0109963577499834
R1|SR|h=0.09|trec=1e-05|s=5.0|m=0|rt=None|br=a,SG3a1,8,0.2921153090428561,491.6977549871693,2.8938191667543693e-05,677.5377548608866,2.012178768686507
R1|SR|h=0.09|trec=1e-05|s=5.0|m=0|rt=None|br=a,SG3a1,9,0.4042683731665875,491.6977534441709,2.908654907282608e-05,678.5800997543353,2.010783606259947
R1|SR|h=0.09|trec=1e-05|s=5.0|m=0|rt=None|br=a,SG3a1,10,0.559473927194631,491.69775328715417,2.9169069928666276e-05,679.2158994074346,2.009718442656794
R1|SR|h=0.09|trec=1e-05|s=5.0|m=0|rt=None|br=a,SG4a1,8,0.3436445196898603,491.69775527316966,2.9022497270551133e-05,678.1559440990885,2.0108809886121293
R1|SR|h=0.09|trec=1e-05|s=5.0|m=0|rt=None|br=a,SG4a1,9,0.47557640304648885,491.6977553561519,2.911996990661853e-05,678.6537500686334,2.010688375055081
R1|SR|h=0.09|trec=1e-05|s=5.0|m=0|rt=None|br=a,SG4a1,10,0.6581498608352376,491.69775331515257,2.916685936506323e-05,678.8794000239859,2.010409907049482
R1|SR|h=0.1|trec=1e-05|s=5.0|m=0|rt=None|br=a,SG3a1,8,0.3647352984394274,491.6975474191683,2.334161310045421e-05,545.0129359471327,2.006521716672177
R1|SR|h=0.1|trec=1e-05|s=5.0|m=0|rt=None|br=a,SG3a1,9,0.5047151994374417,491.697550497168,2.341901466717185e-05,545.0189298217163,2.0061818311115087
R1|SR|h=0.1|trec=1e-05|s=5.0|m=0|rt=None|br=a,SG3a1,10,0.6984056031856198,491.6975543231492,2.3473113323799628e-05,545.5475211099774,1.9828165653615337
R1|SR|h=0.1|trec=1e-05|s=5.0|m=0|rt=None|br=a,SG4a1,8,0.4290452436318901,491.6975522441698,2.3388653016087402e-05,545.1797797428003,2.007869531521489
R1|SR|h=0.1|trec=1e-05|s=5.0|m=0|rt=None|br=a,SG4a1,9,0.593709998489885,491.69755128515567,2.344615944729563e-05,545.1247365875288,2.006078603816741
R1|SR|h=0.1|trec=1e-05|s=5.0|m=0|rt=None|br=a,SG4a1,10,0.8215396595396669,491.69755587215315,2.3489747987904472e-05,545.64814631592,1.9830398967773943
R1|SR|h=0.11|trec=1e-05|s=5.0|m=0|rt=None|br=a,SG3a1,8,0.4452896359373426,491.69741882416906,1.8446625835888747e-05,436.24931728095453,2.016757373511646
R1|SR|h=0.11|trec=1e-05|s=5.0|m=0|rt=None|br=a,SG3a1,9,0.6167255422560629,491.69742232917093,1.8481568055898362e-05,435.67826077421853,2.0178757539138226
R1|SR|h=0.11|trec=1e-05|s=5.0|m=0|rt=None|br=a,SG3a1,10,0.8541682782833959,491.69742726114936,1.8482315464580264e-05,435.1145654765269,1.985235203262603
R1|SR|h=0.11|trec=1e-05|s=5.0|m=0|rt=None|br=a,SG4a1,8,0.5239923924962113,491.69742510216804,1.8394063335591566e-05,434.599535470709,1.9842606762687787
R1|SR|h=0.11|trec=1e-05|s=5.0|m=0|rt=None|br=a,SG4a1,9,0.7257529419821367,491.6974247321515,1.845372820690585e-05,434.8739448001968,1.9843650598469487
R1|SR|h=0.11|trec=1e-05|s=5.0|m=0|rt=None|br=a,SG4a1,10,1.005216591383487,491.6974217571493,1.8522347955708717e-05,435.6376193903979,1.9861279277333388
R1|SR|h=0.27|trec=1e-05|s=5.0|m=0|rt=None|br=a,SG3a1,8,-0.18916981439247138,491.6972538371693,4.444748094678565e-05,-1044.498855161372,2.0098620661379574
R1|SR|h=0.27|trec=1e-05|s=5.0|m=0|rt=None|br=a,SG3a1,9,-0.26183347297501314,491.69725119916836,4.456107780074005e-05,-1044.1722283690872,2.0098246315339297
R1|SR|h=0.27|trec=1e-05|s=5.0|m=0|rt=None|br=a,SG3a1,10,-0.362407572936263,491.6972509071554,4.4689865498920246e-05,-1044.9111735349395,2.0089568852285633
R1|SR|h=0.27|trec=1e-05|s=5.0|m=0|rt=None|br=a,SG4a1,8,-0.2225501711193374,491.6972523791689,4.4525237299291556e-05,-1044.4708018106785,2.0100176694598515
R1|SR|h=0.27|trec=1e-05|s=5.0|m=0|rt=None|br=a,SG4a1,9,-0.3080397413700666,491.6972543461545,4.462740121578343e-05,-1044.516006585758,2.009155251607442
R1|SR|h=0.27|trec=1e-05|s=5.0|m=0|rt=None|br=a,SG4a1,10,-0.42635838665637493,491.69725024415106,4.4724718752380876e-05,-1045.1437449008674,2.0090462515900964
R1|SR|h=0.3|trec=1e-05|s=5.0|m=0|rt=None|br=a,SG3a1,8,0.28875222148963076,491.6972489911707,2.882796002318578e-05,678.0591118649179,2.01522076760316
R1|SR|h=0.3|trec=1e-05|s=5.0|m=0|rt=None|br=a,SG3a1,9,0.39978178691353605,491.6972542261706,2.895819117237152e-05,678.4675421899495,2.0175065338703946
R1|SR|h=0.3|trec=1e-05|s=5.0|m=0|rt=None|br=a,SG3a1,10,0.5534812056826013,491.69725433215183,2.9036833846659917e-05,679.0480931427818,2.0169904548644757
R1|SR|h=0.3|trec=1e-05|s=5.0|m=0|rt=None|br=a,SG4a1,8,0.3397611936852627,491.69725186017087,2.8915128477043024e-05,678.4546880968747,2.01721579873651
R1|SR|h=0.3|trec=1e-05|s=5.0|m=0|rt=None|br=a,SG4a1,9,0.4703941768416371,491.6972499441549,2.9005078575453477e-05,678.8024570125409,2.016222971697179
R1|SR|h=0.3|trec=1e-05|s=5.0|m=0|rt=None|br=a,SG4a1,10,0.651234097807901,491.69725070115356,2.9027318937704722e-05,678.6401635580634,2.016699785591103
R1|SR|h=0.33|trec=1e-05|s=5.0|m=0|rt=None|br=a,SG3a1,8,0.42478311339527863,491.69724973116905,1.9661959750220815e-05,461.4267233507411,2.015663038940768
R1|SR|h=0.33|trec=1e-05|s=5.0|m=0|rt=None|br=a,SG3a1,9,0.588201806222969,491.6972524391695,1.9532136775874686e-05,457.7076557598292,2.014010306243541
R1|SR|h=0.33|trec=1e-05|s=5.0|m=0|rt=None|br=a,SG3a1,10,0.8145423141813808,491.69725704314993,1.9683921690853737e-05,460.2643951961546,2.0098287361880462
R1|SR|h=0.33|trec=1e-05|s=5.0|m=0|rt=None|br=a,SG4a1,8,0.4999109275670435,491.6972517791697,1.9679653016421315e-05,461.17255476319383,2.0099312888904874
R1|SR|h=0.33|trec=1e-05|s=5.0|m=0|rt=None|br=a,SG4a1,9,0.692298283281616,491.6972507441539,1.963623592423778e-05,459.67680344928715,2.0152842162488027
R1|SR|h=0.33|trec=1e-05|s=5.0|m=0|rt=None|br=a,SG4a1,10,0.9584816075548588,491.6972474891534,1.9972886614551543e-05,464.5204808107866,2.0137817220780563
R1|SR|h=0.45|trec=1e-05|s=5.0|m=0|rt=None|br=a,SG3a1,8,0.29372877127389074,491.6973865321701,2.7988534180040703e-05,660.865088874103,2.0196976662084642
R1|SR|h=0.45|trec=1e-05|s=5.0|m=0|rt=None|br=a,SG3a1,9,0.40679191878029997,491.6973925911706,2.807523980854452e-05,660.7946732374597,2.019323226437608
R1|SR|h=0.45|trec=1e-05|s=5.0|m=0|rt=None|br=a,SG3a1,10,0.5633662181394357,491.6973919121548,2.8160121663998966e-05,661.374838191911,2.024615902526672
R1|SR|h=0.45|trec=1e-05|s=5.0|m=0|rt=None|br=a,SG4a1,8,0.3456612844963729,491.6973903991706,2.8036103842177184e-05,660.8016742100876,2.019343045868427
R1|SR|h=0.45|trec=1e-05|s=5.0|m=0|rt=None|br=a,SG4a1,9,0.4787161271633522,491.6973903571556,2.8111159457072576e-05,660.9912296516904,2.0233966830165984
R1|SR|h=0.45|trec=1e-05|s=5.0|m=0|rt=None|br=a,SG4a1,10,0.6629609399119545,491.69739039015,2.814930331606049e-05,661.0357305629525,2.018490315440491
R1|SR|h=0.5|trec=1e-05|s=5.0|m=0|rt=None|br=a,SG3a1,8,-0.27113708509818935,491.69745848417006,3.0202545500352513e-05,-715.489893440729,2.008326150274714
R1|SR|h=0.5|trec=1e-05|s=5.0|m=0|rt=None|br=a,SG3a1,9,-0.3755254712775695,491.6974578711708,3.0299311740202194e-05,-715.4313676580488,2.008055666836983
R1|SR|h=0.5|trec=1e-05|s=5.0|m=0|rt=None|br=a,SG3a1,10,-0.5200923420634354,491.6974604451535,3.0378584372429437e-05,-715.7376877987499,2.008000638022145
R1|SR|h=0.5|trec=1e-05|s=5.0|m=0|rt=None|br=a,SG4a1,8,-0.31908006561548063,491.6974589011698,3.024839094981569e-05,-714.9526893102527,1.9823477972226444
R1|SR|h=0.5|trec=1e-05|s=5.0|m=0|rt=None|br=a,SG4a1,9,-0.44192785163795634,491.69746410514944,3.0341472838801597e-05,-715.2513240367037,1.9817399224061893
R1|SR|h=0.5|trec=1e-05|s=5.0|m=0|rt=None|br=a,SG4a1,10,-0.6120574388032765,491.6974597931542,3.0416728009101934e-05,-716.3350900195214,2.010206424693517
R1|SR|h=0.55|trec=1e-05|s=5.0|m=0|rt=None|br=a,SG3a1,8,0.28962589818775086,491.69752391416824,2.826685166248728e-05,669.3030884262686,2.0102885085956923
R1|SR|h=0.55|trec=1e-05|s=5.0|m=0|rt=None|br=a,SG3a1,9,0.4011419790031141,491.69753335217075,2.833864583210425e-05,668.5160239336166,2.0098708366465825
R1|SR|h=0.55|trec=1e-05|s=5.0|m=0|rt=None|br=a,SG3a1,10,0.5555956971370506,491.69753139015336,2.8405778174364712e-05,669.1095865724513,2.009426857477181
R1|SR|h=0.55|trec=1e-05|s=5.0|m=0|rt=None|br=a,SG4a1,8,0.34084214714971495,491.69752828316996,2.829471548618506e-05,668.7474593315754,2.0097132659123442
R1|SR|h=0.55|trec=1e-05|s=5.0|m=0|rt=None|br=a,SG4a1,9,0.47209062682486547,491.6975311361552,2.8374106912818527e-05,668.7475885089306,2.008843471568156
R1|SR|h=0.55|trec=1e-05|s=5.0|m=0|rt=None|br=a,SG4a1,10,0.6538506657511789,491.69752734515293,2.8435639771096043e-05,669.2420210023221,2.0089607749296245
R1|SR|h=0.63|trec=1e-05|s=5.0|m=0|rt=None|br=a,SG3a1,8,0.2030354969763266,491.69773518516894,4.080135680088987e-05,961.6704903043445,2.0169806454264916
R1|SR|h=0.63|trec=1e-05|s=5.0|m=0|rt=None|br=a,SG3a1,9,0.2811374182260806,491.69773731917024,4.096214213303131e-05,962.1098029505007,2.0167984954300167
R1|SR|h=0.63|trec=1e-05|s=5.0|m=0|rt=None|br=a,SG3a1,10,0.3892842926566118,491.69773377815557,4.102590129498822e-05,962.1317343280643,2.0151854901034882
R1|SR|h=0.63|trec=1e-05|s=5.0|m=0|rt=None|br=a,SG4a1,8,0.23890956002856,491.69773821116854,4.088803989058612e-05,961.806728474956,2.016961136191986
R1|SR|h=0.63|trec=1e-05|s=5.0|m=0|rt=None|br=a,SG4a1,9,0.3308170083519144,491.6977343151496,4.101199280683255e-05,961.9568050037932,2.0211310340495503
R1|SR|h=0.63|trec=1e-05|s=5.0|m=0|rt=None|br=a,SG4a1,10,0.4580694851720182,491.69773845415125,4.105729513498764e-05,962.2576343074802,2.0155697880996915
R1|SR|h=0.7|trec=1e-05|s=5.0|m=0|rt=None|br=a,SG3a1,8,-0.2107110589020067,491.6979381681709,3.9079578662621146e-05,-923.6486998737564,2.0140576661130396
R1|SR|h=0.7|trec=1e-05|s=5.0|m=0|rt=None|br=a,SG3a1,9,-0.29179247954471066,491.6979460961694,3.9230591523053604e-05,-923.9772543980769,2.014061311166049
R1|SR|h=0.7|trec=1e-05|s=5.0|m=0|rt=None|br=a,SG3a1,10,-0.4040717502807638,491.6979439901492,3.9326596525302796e-05,-924.4911217729864,2.0222100552344524
R1|SR|h=0.7|trec=1e-05|s=5.0|m=0|rt=None|br=a,SG4a1,8,-0.2479532128959363,491.6979431951705,3.916190594599095e-05,-923.8289580331505,2.014034623899069
R1|SR|h=0.7|trec=1e-05|s=5.0|m=0|rt=None|br=a,SG4a1,9,-0.3433709403798275,491.69794168415353,3.9291628518056455e-05,-923.9563635345571,2.0252466368178568
R1|SR|h=0.7|trec=1e-05|s=5.0|m=0|rt=None|br=a,SG4a1,10,-0.47549323924295095,491.6979438701549,3.93488590791419e-05,-924.7149928589082,2.0221220592142597
R1|SR|h=0.77|trec=1e-05|s=5.0|m=0|rt=None|br=a,SG3a1,8,-0.2040678618086531,491.6982849881707,4.0341478713594324e-05,-955.242914005979,2.011214853641502
R1|SR|h=0.77|trec=1e-05|s=5.0|m=0|rt=None|br=a,SG3a1,9,-0.28258527517118637,491.69828997217,4.049691987651468e-05,-955.5512286922004,2.011183207493994
R1|SR|h=0.77|trec=1e-05|s=5.0|m=0|rt=None|br=a,SG3a1,10,-0.3913040665165681,491.69828959315373,4.057918368167698e-05,-955.8838870549343,2.0101188829349526
R1|SR|h=0.77|trec=1e-05|s=5.0|m=0|rt=None|br=a,SG4a1,8,-0.24013325804276064,491.6982871871686,4.0432981319600214e-05,-955.3448718092824,2.0125269369203336
R1|SR|h=0.77|trec=1e-05|s=5.0|m=0|rt=None|br=a,SG4a1,9,-0.3325256204793732,491.698286904152,4.055141162308955e-05,-955.7634733050387,2.01176901998279
R1|SR|h=0.77|trec=1e-05|s=5.0|m=0|rt=None|br=a,SG4a1,10,-0.46046049558708546,491.69828694715227,4.06023503738967e-05,-955.8740771640228,2.0110308145762645
R2|OW|h=None|trec=None|s=5.0|m=1|rt=None|br=a,SG3a1,8,71379.3077747704,0.6934721005491529,1.8972120552678393e-10,-1.4071545747288323,0.36560659438453214
R2|OW|h=None|trec=None|s=5.0|m=1|rt=None|br=a,SG3a1,9,136541.90787529093,0.6931042704737267,9.657856487866693e-11,-1.4057615809449249,0.3762474767368684
R2|OW|h=None|trec=None|s=5.0|m=1|rt=None|br=a,SG3a1,10,261192.84572812967,0.693285896087581,2.1971561709337573e-10,-1.4072437148643686,0.36646869096962353
R2|OW|h=None|trec=None|s=5.0|m=1|rt=None|br=a,SG4a1,8,98727.92282956206,0.6906745034958306,0.0002470706196063851,-1.4073902679094121,0.37112586395715574
R2|OW|h=None|trec=None|s=5.0|m=1|rt=None|br=a,SG4a1,9,188861.45626574205,0.6910394088135985,0.00010925436460942246,-1.407450747334229,0.36934525873139057
R2|OW|h=None|trec=None|s=5.0|m=1|rt=None|br=a,SG4a1,10,361280.70275058236,0.6927269632361899,1.564762833689046e-10,-1.4071290833563816,0.371747671180922
R2|OW|h=None|trec=None|s=5.0|m=1|rt=1e-05|br=a,SG3a1,8,71572.38273668656,0.6875330395596235,0.0008330487942274952,-1.407512404118417,0.37032194374203575
R2|OW|h=None|trec=None|s=5.0|m=1|rt=1e-05|br=a,SG3a1,9,136954.66189652198,0.6872338735620931,0.0009289674127947629,-1.4074959528977506,0.3703100239019208
R2|OW|h=None|trec=None|s=5.0|m=1|rt=1e-05|br=a,SG3a1,10,262084.50103677076,0.689195753356131,0.00028767391587731166,-1.407428023041673,0.3673789959815488
R2|OW|h=None|trec=None|s=5.0|m=1|rt=1e-05|br=a,SG4a1,8,99008.21335689999,0.687607253468947,0.0008070400436649548,-1.407493244619263,0.36997181607212326
R2|OW|h=None|trec=None|s=5.0|m=1|rt=1e-05|br=a,SG4a1,9,189468.21700869073,0.6892560721685759,0.00027217240635252535,-1.4074590625806855,0.36773534056039336
R2|OW|h=None|trec=None|s=5.0|m=1|rt=1e-05|br=a,SG4a1,10,362568.6411199705,0.6882973765665046,0.0005815242803536643,-1.4074968794468703,0.3693451811545567
G1m|OW|h=None|trec=None|s=5.0|m=1|rt=None|br=a,SG3a1,8,798.9924279563727,0.030741018515467733,0.0007508432133030498,-0.007046987988128566,2.7837539935439413
G1m|OW|h=None|trec=None|s=5.0|m=1|rt=None|br=a,SG3a1,9,823.9233797280201,0.030729657006511868,0.0007549093722114563,-0.0070179975167062566,2.7817961820095216
G1m|OW|h=None|trec=None|s=5.0|m=1|rt=None|br=a,SG3a1,10,852.8622996457149,0.03086395035378775,0.0006911414751717198,-0.006934488494460024,2.779692711070425
G1m|OW|h=None|trec=None|s=5.0|m=1|rt=None|br=a,SG4a1,8,808.7569922258684,0.030497100136916977,0.0008717704988386451,-0.006769374003014641,2.7794042866922943
G1m|OW|h=None|trec=None|s=5.0|m=1|rt=None|br=a,SG4a1,9,838.8698835450514,0.03076926012590686,0.0007374624841104994,-0.007012028241415625,2.783725751936972
G1m|OW|h=None|trec=None|s=5.0|m=1|rt=None|br=a,SG4a1,10,869.0526905260257,0.030734653280739543,0.0007524600000582325,-0.007026688277679396,2.7817911925701044
G1m|OW|h=None|trec=None|s=5.0|m=1|rt=1e-05|br=a,SG3a1,8,1409.8006988854354,0.030402557010117404,0.0009545539179195854,-0.0072649053114601705,2.8771205255982704
G1m|OW|h=None|trec=None|s=5.0|m=1|rt=1e-05|br=a,SG3a1,9,1648.9128879880532,0.030400117326245812,0.0009541047182083293,-0.007208643035095725,2.8767737135920735
G1m|OW|h=None|trec=None|s=5.0|m=1|rt=1e-05|br=a,SG3a1,10,1928.3958938114165,0.030397410762106336,0.0009535392431321471,-0.0072289380707084615,2.876621315643646
G1m|OW|h=None|trec=None|s=5.0|m=1|rt=1e-05|br=a,SG4a1,8,1527.6309574062677,0.030396832828571974,0.0009530859764422378,-0.007419626880417234,2.8790687182748966
G1m|OW|h=None|trec=None|s=5.0|m=1|rt=1e-05|br=a,SG4a1,9,1784.2184218130735,0.030402045776700692,0.0009542937232556739,-0.007357713980045823,2.8773435762352584
G1m|OW|h=None|trec=None|s=5.0|m=1|rt=1e-05|br=a,SG4a1,10,2084.6674703379967,0.030399902935240863,0.0009539476789902521,-0.007259167918185683,2.8768657104952244
G1|RD|h=0.0|trec=None|s=5.0|m=0|rt=None|br=a,SG3a1,8,4145.791226776187,0.030626499381708472,0.0008585550352649741,0.00012351209079057378,0.0
G1|RD|h=0.0|trec=None|s=5.0|m=0|rt=None|br=a,SG3a1,9,5844.4611568673645,0.030623999898449217,0.0008581837179344087,0.00012344308858874798,0.0
G1|RD|h=0.0|trec=None|s=5.0|m=0|rt=None|br=a,SG3a1,10,8239.208958981559,0.030621139207598347,0.0008579726197007247,0.00012340431597259564,0.0
G1|RD|h=0.0|trec=None|s=5.0|m=0|rt=None|br=a,SG4a1,8,4922.250996335746,0.030620224508726146,0.0008583804902264158,0.00012347988280356223,0.0
G1|RD|h=0.0|trec=None|s=5.0|m=0|rt=None|br=a,SG4a1,9,6939.202085546284,0.030627673043570613,0.0008580322034095798,0.00012341505487360342,0.0
G1|RD|h=0.0|trec=None|s=5.0|m=0|rt=None|br=a,SG4a1,10,9782.63545729763,0.030624687293034913,0.0008578767591975395,0.0001233863376076127,0.0
G1|RD|h=0.0|trec=None|s=5.0|m=0|rt=1e-05|br=a,SG3a1,8,4145.790942898147,0.030438250510356202,0.0009981879283658705,0.00014376107651372042,0.0
G1|RD|h=0.0|trec=None|s=5.0|m=0|rt=1e-05|br=a,SG3a1,9,5844.461274610147,0.03043685435286103,0.000997242751419915,0.00014359707437851038,0.0
G1|RD|h=0.0|trec=None|s=5.0|m=0|rt=1e-05|br=a,SG3a1,10,8239.226518262305,0.03043443173172955,0.0009967975410416778,0.00014352003322858683,0.0
G1|RD|h=0.0|trec=None|s=5.0|m=0|rt=1e-05|br=a,SG4a1,8,4922.261125674195,0.03043180508977006,0.0009980799226422044,0.00014374232850050952,0.0
G1|RD|h=0.0|trec=None|s=5.0|m=0|rt=1e-05|br=a,SG4a1,9,6939.202305995098,0.03044151417747054,0.0009965943714536941,0.00014348487285731132,0.0
G1|RD|h=0.0|trec=None|s=5.0|m=0|rt=1e-05|br=a,SG4a1,10,9782.635346277955,0.030438747321281934,0.0009963169817106393,0.00014343694395125498,0.0
R1|RD|h=0.1|trec=None|s=5.0|m=0|rt=None|br=a,SG3a1,8,4271.543704243858,213.662952021524,1.313958831928997,-0.1400145954041255,0.945677717238691
R1|RD|h=0.1|trec=None|s=5.0|m=0|rt=None|br=a,SG3a1,9,6039.295758639781,213.66295668250393,1.2651270182208567,-0.14020862404756773,0.9473593890058085
R1|RD|h=0.1|trec=None|s=5.0|m=0|rt=None|br=a,SG3a1,10,8538.461279419784,213.6629541354823,1.2469130777589914,-0.14034956141407262,0.9555424228535614
R1|RD|h=0.1|trec=None|s=5.0|m=0|rt=None|br=a,SG4a1,8,5079.048683831792,213.66295977049214,1.2890085823690882,-0.14028346875608885,0.9475070710460165
R1|RD|h=0.1|trec=None|s=5.0|m=0|rt=None|br=a,SG4a1,9,7180.837959122531,213.66295158137956,1.2879833350502194,-0.14006466785151425,0.9539858324761341
R1|RD|h=0.1|trec=None|s=5.0|m=0|rt=None|br=a,SG4a1,10,10152.696785835333,213.66295734143864,1.383643923607642,-0.13977373446459676,0.9617734193084759
G1|RD|h=0.1|trec=None|s=5.0|m=0|rt=None|br=a,SG3a1,8,4145.791226776187,0.030626499381708472,0.0008585550352649741,0.00012351209079057378,0.0
G1|RD|h=0.1|trec=None|s=5.0|m=0|rt=None|br=a,SG3a1,9,5844.4611568673645,0.030623999898449217,0.0008581837179344087,0.00012344308858874798,0.0
G1|RD|h=0.1|trec=None|s=5.0|m=0|rt=None|br=a,SG3a1,10,8239.208958981559,0.030621139207598347,0.0008579726197007247,0.00012340431597259564,0.0
G1|RD|h=0.1|trec=None|s=5.0|m=0|rt=None|br=a,SG4a1,8,4922.250996335746,0.030620224508726146,0.0008583804902264158,0.00012347988280356223,0.0
G1|RD|h=0.1|trec=None|s=5.0|m=0|rt=None|br=a,SG4a1,9,6939.202085546284,0.030627673043570613,0.0008580322034095798,0.00012341505487360342,0.0
G1|RD|h=0.1|trec=None|s=5.0|m=0|rt=None|br=a,SG4a1,10,9782.63545729763,0.030624687293034913,0.0008578767591975395,0.0001233863376076127,0.0
R1|RD|h=0.3|trec=None|s=5.0|m=0|rt=None|br=a,SG3a1,8,6882.641867519489,112.31083305761335,0.27747430468031503,-0.4526738020737774,0.20419247987943367
R1|RD|h=0.3|trec=None|s=5.0|m=0|rt=None|br=a,SG3a1,9,10308.218195446321,112.31083535464398,0.2775537337216581,-0.4547752702390695,0.21170542688700444
R1|RD|h=0.3|trec=None|s=5.0|m=0|rt=None|br=a,SG3a1,10,15439.003440652828,112.3108345384427,0.2774916635178767,-0.4541742395507793,0.20940324609725058
R1|RD|h=0.3|trec=None|s=5.0|m=0|rt=None|br=a,SG4a1,8,8422.772669276928,112.31083623559208,0.27703191004432537,-0.45490167634133416,0.21308830285698965
R1|RD|h=0.3|trec=None|s=5.0|m=0|rt=None|br=a,SG4a1,9,12615.772883219013,112.31083429354833,0.2771401112296732,-0.4542991690652456,0.20956406323463517
R1|RD|h=0.3|trec=None|s=5.0|m=0|rt=None|br=a,SG4a1,10,18894.008939924817,112.3108350524829,0.27759638688000804,-0.4548958650976008,0.21335947939654654
G1|RD|h=0.3|trec=None|s=5.0|m=0|rt=None|br=a,SG3a1,8,4145.791226776187,0.030626499381708472,0.0008585550352649741,0.00012351209079057378,0.0
G1|RD|h=0.3|trec=None|s=5.0|m=0|rt=None|br=a,SG3a1,9,5844.4611568673645,0.030623999898449217,0.0008581837179344087,0.00012344308858874798,0.0
G1|RD|h=0.3|trec=None|s=5.0|m=0|rt=None|br=a,SG3a1,10,8239.208958981559,0.030621139207598347,0.0008579726197007247,0.00012340431597259564,0.0
G1|RD|h=0.3|trec=None|s=5.0|m=0|rt=None|br=a,SG4a1,8,4922.250996335746,0.030620224508726146,0.0008583804902264158,0.00012347988280356223,0.0
G1|RD|h=0.3|trec=None|s=5.0|m=0|rt=None|br=a,SG4a1,9,6939.202085546284,0.030627673043570613,0.0008580322034095798,0.00012341505487360342,0.0
G1|RD|h=0.3|trec=None|s=5.0|m=0|rt=None|br=a,SG4a1,10,9782.63545729763,0.030624687293034913,0.0008578767591975395,0.0001233863376076127,0.0
R1|RD|h=0.5|trec=None|s=5.0|m=0|rt=None|br=a,SG3a1,8,12288.192555662677,65.05886728625995,0.4506519752836329,-0.7055163012195469,0.6285353180909836
R1|RD|h=0.5|trec=None|s=5.0|m=0|rt=None|br=a,SG3a1,9,19759.938962952205,65.05886843025458,0.45138859431651573,-0.7057501128871326,0.6270687636020233
R1|RD|h=0.5|trec=None|s=5.0|m=0|rt=None|br=a,SG3a1,10,31775.22563855187,65.0588677697031,0.4500812288420772,-0.7067982905288092,0.6179743664430637
R1|RD|h=0.5|trec=None|s=5.0|m=0|rt=None|br=a,SG4a1,8,15582.423297119822,65.05886855226461,0.4497669040547574,-0.7066570527424716,0.6172615741456555
R1|RD|h=0.5|trec=None|s=5.0|m=0|rt=None|br=a,SG4a1,9,25057.19269680952,65.05886854470816,0.4492432363765145,-0.705291739350396,0.6068158355243547
R1|RD|h=0.5|trec=None|s=5.0|m=0|rt=None|br=a,SG4a1,10,40294.29949547862,65.05886838968632,0.45055874396510487,-0.7053421012691455,0.6290082645021844
G1|RD|h=0.5|trec=None|s=5.0|m=0|rt=None|br=a,SG3a1,8,4145.791226776187,0.030626499381708472,0.0008585550352649741,0.00012351209079057378,0.0
G1|RD|h=0.5|trec=None|s=5.0|m=0|rt=None|br=a,SG3a1,9,5844.4611568673645,0.030623999898449217,0.0008581837179344087,0.00012344308858874798,0.0
G1|RD|h=0.5|trec=None|s=5.0|m=0|rt=None|br=a,SG3a1,10,8239.208958981559,0.030621139207598347,0.0008579726197007247,0.00012340431597259564,0.0
G1|RD|h=0.5|trec=None|s=5.0|m=0|rt=None|br=a,SG4a1,8,4922.250996335746,0.030620224508726146,0.0008583804902264158,0.00012347988280356223,0.0
G1|RD|h=0.5|trec=None|s=5.0|m=0|rt=None|br=a,SG4a1,9,6939.202085546284,0.030627673043570613,0.0008580322034095798,0.00012341505487360342,0.0
G1|RD|h=0.5|trec=None|s=5.0|m=0|rt=None|br=a,SG4a1,10,9782.63545729763,0.030624687293034913,0.0008578767591975395,0.0001233863376076127,0.0
R1|RD|h=0.7|trec=None|s=5.0|m=0|rt=None|br=a,SG3a1,8,21888.44628304421,34.242154261614196,0.35779057319418833,-0.9768072416391756,1.1386854194377072
R1|RD|h=0.7|trec=None|s=5.0|m=0|rt=None|br=a,SG3a1,9,37814.46453627392,34.24215457663304,0.3580866006354756,-0.9768011908462145,1.1469995251367493
R1|RD|h=0.7|trec=None|s=5.0|m=0|rt=None|br=a,SG3a1,10,65332.30913625582,34.24215776633849,0.35749635374198213,-0.977179172710639,1.1438200868477133
R1|RD|h=0.7|trec=None|s=5.0|m=0|rt=None|br=a,SG4a1,8,28769.802414157653,34.24215421462401,0.35802081284092113,-0.9766387651391727,1.1471642100101265
R1|RD|h=0.7|trec=None|s=5.0|m=0|rt=None|br=a,SG4a1,9,49704.53557576638,34.242165857317765,0.3611765573331908,-0.9770684999512758,1.1403228202117033
R1|RD|h=0.7|trec=None|s=5.0|m=0|rt=None|br=a,SG4a1,10,85875.92327010879,34.24215771230532,0.35704640868657095,-0.9769558225849352,1.1403785094149521
G1|RD|h=0.7|trec=None|s=5.0|m=0|rt=None|br=a,SG3a1,8,4145.791226776187,0.030626499381708472,0.0008585550352649741,0.00012351209079057378,0.0
G1|RD|h=0.7|trec=None|s=5.0|m=0|rt=None|br=a,SG3a1,9,5844.4611568673645,0.030623999898449217,0.0008581837179344087,0.00012344308858874798,0.0
G1|RD|h=0.7|trec=None|s=5.0|m=0|rt=None|br=a,SG3a1,10,8239.208958981559,0.030621139207598347,0.0008579726197007247,0.00012340431597259564,0.0
G1|RD|h=0.7|trec=None|s=5.0|m=0|rt=None|br=a,SG4a1,8,4922.250996335746,0.030620224508726146,0.0008583804902264158,0.00012347988280356223,0.0
G1|RD|h=0.7|trec=None|s=5.0|m=0|rt=None|br=a,SG4a1,9,6939.202085546284,0.030627673043570613,0.0008580322034095798,0.00012341505487360342,0.0
G1|RD|h=0.7|trec=None|s=5.0|m=0|rt=None|br=a,SG4a1,10,9782.63545729763,0.030624687293034913,0.0008578767591975395,0.0001233863376076127,0.0
G1|SR|h=0.09|trec=0.0|s=5.0|m=0|rt=None|br=a,SG3a1,8,4145.791226776187,0.030626499381708472,0.0008585550352649741,0.00012351209079057378,0.0
G1|SR|h=0.09|trec=0.0|s=5.0|m=0|rt=None|br=a,SG3a1,9,5844.4611568673645,0.030623999898449217,0.0008581837179344087,0.00012344308858874798,0.0
G1|SR|h=0.09|trec=0.0|s=5.0|m=0|rt=None|br=a,SG3a1,10,8239.208958981559,0.030621139207598347,0.0008579726197007247,0.00012340431597259564,0.0
G1|SR|h=0.09|trec=0.0|s=5.0|m=0|rt=None|br=a,SG4a1,8,4922.250996335746,0.030620224508726146,0.0008583804902264158,0.00012347988280356223,0.0
G1|SR|h=0.09|trec=0.0|s=5.0|m=0|rt=None|br=a,SG4a1,9,6939.202085546284,0.030627673043570613,0.0008580322034095798,0.00012341505487360342,0.0
G1|SR|h=0.09|trec=0.0|s=5.0|m=0|rt=None|br=a,SG4a1,10,9782.63545729763,0.030624687293034913,0.0008578767591975395,0.0001233863376076127,0.0
G1|SR|h=0.1|trec=0.0|s=5.0|m=0|rt=None|br=a,SG3a1,8,4145.791226776187,0.030626499381708472,0.0008585550352649741,0.00012351209079057378,0.0
G1|SR|h=0.1|trec=0.0|s=5.0|m=0|rt=None|br=a,SG3a1,9,5844.4611568673645,0.030623999898449217,0.0008581837179344087,0.00012344308858874798,0.0
G1|SR|h=0.1|trec=0.0|s=5.0|m=0|rt=None|br=a,SG3a1,10,8239.208958981559,0.030621139207598347,0.0008579726197007247,0.00012340431597259564,0.0
G1|SR|h=0.1|trec=0.0|s=5.0|m=0|rt=None|br=a,SG4a1,8,4922.250996335746,0.030620224508726146,0.0008583804902264158,0.00012347988280356223,0.0
G1|SR|h=0.1|trec=0.0|s=5.0|m=0|rt=None|br=a,SG4a1,9,6939.202085546284,0.030627673043570613,0.0008580322034095798,0.00012341505487360342,0.0
G1|SR|h=0.1|trec=0.0|s=5.0|m=0|rt=None|br=a,SG4a1,10,9782.63545729763,0.030624687293034913,0.0008578767591975395,0.0001233863376076127,0.0
G1|SR|h=0.11|trec=0.0|s=5.0|m=0|rt=None|br=a,SG3a1,8,4145.791226776187,0.030626499381708472,0.0008585550352649741,0.00012351209079057378,0.0
G1|SR|h=0.11|trec=0.0|s=5.0|m=0|rt=None|br=a,SG3a1,9,5844.4611568673645,0.030623999898449217,0.0008581837179344087,0.00012344308858874798,0.0
G1|SR|h=0.11|trec=0.0|s=5.0|m=0|rt=None|br=a,SG3a1,10,8239.208958981559,0.030621139207598347,0.0008579726197007247,0.00012340431597259564,0.0
G1|SR|h=0.11|trec=0.0|s=5.0|m=0|rt=None|br=a,SG4a1,8,4922.250996335746,0.030620224508726146,0.0008583804902264158,0.00012347988280356223,0.0
G1|SR|h=0.11|trec=0.0|s=5.0|m=0|rt=None|br=a,SG4a1,9,6939.202085546284,0.030627673043570613,0.0008580322034095798,0.00012341505487360342,0.0
G1|SR|h=0.11|trec=0.0|s=5.0|m=0|rt=None|br=a,SG4a1,10,9782.63545729763,0.030624687293034913,0.0008578767591975395,0.0001233863376076127,0.0
G1|SR|h=0.27|trec=0.0|s=5.0|m=0|rt=None|br=a,SG3a1,8,4145.791226776187,0.030626499381708472,0.0008585550352649741,0.00012351209079057378,0.0
G1|SR|h=0.27|trec=0.0|s=5.0|m=0|rt=None|br=a,SG3a1,9,5844.4611568673645,0.030623999898449217,0.0008581837179344087,0.00012344308858874798,0.0
G1|SR|h=0.27|trec=0.0|s=5.0|m=0|rt=None|br=a,SG3a1,10,8239.208958981559,0.030621139207598347,0.0008579726197007247,0.00012340431597259564,0.0
G1|SR|h=0.27|trec=0.0|s=5.0|m=0|rt=None|br=a,SG4a1,8,4922.250996335746,0.030620224508726146,0.0008583804902264158,0.00012347988280356223,0.0
G1|SR|h=0.27|trec=0.0|s=5.0|m=0|rt=None|br=a,SG4a1,9,6939.202085546284,0.030627673043570613,0.0008580322034095798,0.00012341505487360342,0.0
G1|SR|h=0.27|trec=0.0|s=5.0|m=0|rt=None|br=a,SG4a1,10,9782.63545729763,0.030624687293034913,0.0008578767591975395,0.0001233863376076127,0.0
G1|SR|h=0.3|trec=0.0|s=5.0|m=0|rt=None|br=a,SG3a1,8,4145.791226776187,0.030626499381708472,0.0008585550352649741,0.00012351209079057378,0.0
G1|SR|h=0.3|trec=0.0|s=5.0|m=0|rt=None|br=a,SG3a1,9,5844.4611568673645,0.030623999898449217,0.0008581837179344087,0.00012344308858874798,0.0
G1|SR|h=0.3|trec=0.0|s=5.0|m=0|rt=None|br=a,SG3a1,10,8239.208958981559,0.030621139207598347,0.0008579726197007247,0.00012340431597259564,0.0
G1|SR|h=0.3|trec=0.0|s=5.0|m=0|rt=None|br=a,SG4a1,8,4922.250996335746,0.030620224508726146,0.0008583804902264158,0.00012347988280356223,0.0
G1|SR|h=0.3|trec=0.0|s=5.0|m=0|rt=None|br=a,SG4a1,9,6939.202085546284,0.030627673043570613,0.0008580322034095798,0.00012341505487360342,0.0
G1|SR|h=0.3|trec=0.0|s=5.0|m=0|rt=None|br=a,SG4a1,10,9782.63545729763,0.030624687293034913,0.0008578767591975395,0.0001233863376076127,0.0
G1|SR|h=0.33|trec=0.0|s=5.0|m=0|rt=None|br=a,SG3a1,8,4145.791226776187,0.030626499381708472,0.0008585550352649741,0.00012351209079057378,0.0
G1|SR|h=0.33|trec=0.0|s=5.0|m=0|rt=None|br=a,SG3a1,9,5844.4611568673645,0.030623999898449217,0.0008581837179344087,0.00012344308858874798,0.0
G1|SR|h=0.33|trec=0.0|s=5.0|m=0|rt=None|br=a,SG3a1,10,8239.208958981559,0.030621139207598347,0.0008579726197007247,0.00012340431597259564,0.0
G1|SR|h=0.33|trec=0.0|s=5.0|m=0|rt=None|br=a,SG4a1,8,4922.250996335746,0.030620224508726146,0.0008583804902264158,0.00012347988280356223,0.0
G1|SR|h=0.33|trec=0.0|s=5.0|m=0|rt=None|br=a,SG4a1,9,6939.202085546284,0.030627673043570613,0.0008580322034095798,0.00012341505487360342,0.0
G1|SR|h=0.33|trec=0.0|s=5.0|m=0|rt=None|br=a,SG4a1,10,9782.63545729763,0.030624687293034913,0.0008578767591975395,0.0001233863376076127,0.0
G1|SR|h=0.45|trec=0.0|s=5.0|m=0|rt=None|br=a,SG3a1,8,4145.791226776187,0.030626499381708472,0.0008585550352649741,0.00012351209079057378,0.0
G1|SR|h=0.45|trec=0.0|s=5.0|m=0|rt=None|br=a,SG3a1,9,5844.4611568673645,0.030623999898449217,0.0008581837179344087,0.00012344308858874798,0.0
G1|SR|h=0.45|trec=0.0|s=5.0|m=0|rt=None|br=a,SG3a1,10,8239.208958981559,0.030621139207598347,0.0008579726197007247,0.00012340431597259564,0.0
G1|SR|h=0.45|trec=0.0|s=5.0|m=0|rt=None|br=a,SG4a1,8,4922.250996335746,0.030620224508726146,0.0008583804902264158,0.00012347988280356223,0.0
G1|SR|h=0.45|trec=0.0|s=5.0|m=0|rt=None|br=a,SG4a1,9,6939.202085546284,0.030627673043570613,0.0008580322034095798,0.00012341505487360342,0.0
G1|SR|h=0.45|trec=0.0|s=5.0|m=0|rt=None|br=a,SG4a1,10,9782.63545729763,0.030624687293034913,0.0008578767591975395,0.0001233863376076127,0.0
G1|SR|h=0.5|trec=0.0|s=5.0|m=0|rt=None|br=a,SG3a1,8,4145.791226776187,0.030626499381708472,0.0008585550352649741,0.00012351209079057378,0.0
G1|SR|h=0.5|trec=0.0|s=5.0|m=0|rt=None|br=a,SG3a1,9,5844.4611568673645,0.030623999898449217,0.0008581837179344087,0.00012344308858874798,0.0
G1|SR|h=0.5|trec=0.0|s=5.0|m=0|rt=None|br=a,SG3a1,10,8239.208958981559,0.030621139207598347,0.0008579726197007247,0.00012340431597259564,0.0
G1|SR|h=0.5|trec=0.0|s=5.0|m=0|rt=None|br=a,SG4a1,8,4922.250996335746,0.030620224508726146,0.0008583804902264158,0.00012347988280356223,0.0
G1|SR|h=0.5|trec=0.0|s=5.0|m=0|rt=None|br=a,SG4a1,9,6939.202085546284,0.030627673043570613,0.0008580322034095798,0.00012341505487360342,0.0
G1|SR|h=0.5|trec=0.0|s=5.0|m=0|rt=None|br=a,SG4a1,10,9782.63545729763,0.030624687293034913,0.0008578767591975395,0.0001233863376076127,0.0
G1|SR|h=0.55|trec=0.0|s=5.0|m=0|rt=None|br=a,SG3a1,8,4145.791226776187,0.030626499381708472,0.0008585550352649741,0.00012351209079057378,0.0
G1|SR|h=0.55|trec=0.0|s=5.0|m=0|rt=None|br=a,SG3a1,9,5844.4611568673645,0.030623999898449217,0.0008581837179344087,0.00012344308858874798,0.0
G1|SR|h=0.55|trec=0.0|s=5.0|m=0|rt=None|br=a,SG3a1,10,8239.208958981559,0.030621139207598347,0.0008579726197007247,0.00012340431597259564,0.0
G1|SR|h=0.55|trec=0.0|s=5.0|m=0|rt=None|br=a,SG4a1,8,4922.250996335746,0.030620224508726146,0.0008583804902264158,0.00012347988280356223,0.0
G1|SR|h=0.55|trec=0.0|s=5.0|m=0|rt=None|br=a,SG4a1,9,6939.202085546284,0.030627673043570613,0.0008580322034095798,0.00012341505487360342,0.0
G1|SR|h=0.55|trec=0.0|s=5.0|m=0|rt=None|br=a,SG4a1,10,9782.63545729763,0.030624687293034913,0.0008578767591975395,0.0001233863376076127,0.0
G1|SR|h=0.63|trec=0.0|s=5.0|m=0|rt=None|br=a,SG3a1,8,4145.791226776187,0.030626499381708472,0.0008585550352649741,0.00012351209079057378,0.0
G1|SR|h=0.63|trec=0.0|s=5.0|m=0|rt=None|br=a,SG3a1,9,5844.4611568673645,0.030623999898449217,0.0008581837179344087,0.00012344308858874798,0.0
G1|SR|h=0.63|trec=0.0|s=5.0|m=0|rt=None|br=a,SG3a1,10,8239.208958981559,0.030621139207598347,0.0008579726197007247,0.00012340431597259564,0.0
G1|SR|h=0.63|trec=0.0|s=5.0|m=0|rt=None|br=a,SG4a1,8,4922.250996335746,0.030620224508726146,0.0008583804902264158,0.00012347988280356223,0.0
G1|SR|h=0.63|trec=0.0|s=5.0|m=0|rt=None|br=a,SG4a1,9,6939.202085546284,0.030627673043570613,0.0008580322034095798,0.00012341505487360342,0.0
G1|SR|h=0.63|trec=0.0|s=5.0|m=0|rt=None|br=a,SG4a1,10,9782.63545729763,0.030624687293034913,0.0008578767591975395,0.0001233863376076127,0.0
G1|SR|h=0.7|trec=0.0|s=5.0|m=0|rt=None|br=a,SG3a1,8,4145.791226776187,0.030626499381708472,0.0008585550352649741,0.00012351209079057378,0.0
G1|SR|h=0.7|trec=0.0|s=5.0|m=0|rt=None|br=a,SG3a1,9,5844.4611568673645,0.030623999898449217,0.0008581837179344087,0.00012344308858874798,0.0
G1|SR|h=0.7|trec=0.0|s=5.0|m=0|rt=None|br=a,SG3a1,10,8239.208958981559,0.030621139207598347,0.0008579726197007247,0.00012340431597259564,0.0
G1|SR|h=0.7|trec=0.0|s=5.0|m=0|rt=None|br=a,SG4a1,8,4922.250996335746,0.030620224508726146,0.0008583804902264158,0.00012347988280356223,0.0
G1|SR|h=0.7|trec=0.0|s=5.0|m=0|rt=None|br=a,SG4a1,9,6939.202085546284,0.030627673043570613,0.0008580322034095798,0.00012341505487360342,0.0
G1|SR|h=0.7|trec=0.0|s=5.0|m=0|rt=None|br=a,SG4a1,10,9782.63545729763,0.030624687293034913,0.0008578767591975395,0.0001233863376076127,0.0
G1|SR|h=0.77|trec=0.0|s=5.0|m=0|rt=None|br=a,SG3a1,8,4145.791226776187,0.030626499381708472,0.0008585550352649741,0.00012351209079057378,0.0
G1|SR|h=0.77|trec=0.0|s=5.0|m=0|rt=None|br=a,SG3a1,9,5844.4611568673645,0.030623999898449217,0.0008581837179344087,0.00012344308858874798,0.0
G1|SR|h=0.77|trec=0.0|s=5.0|m=0|rt=None|br=a,SG3a1,10,8239.208958981559,0.030621139207598347,0.0008579726197007247,0.00012340431597259564,0.0
G1|SR|h=0.77|trec=0.0|s=5.0|m=0|rt=None|br=a,SG4a1,8,4922.250996335746,0.030620224508726146,0.0008583804902264158,0.00012347988280356223,0.0
G1|SR|h=0.77|trec=0.0|s=5.0|m=0|rt=None|br=a,SG4a1,9,6939.202085546284,0.030627673043570613,0.0008580322034095798,0.00012341505487360342,0.0
G1|SR|h=0.77|trec=0.0|s=5.0|m=0|rt=None|br=a,SG4a1,10,9782.63545729763,0.030624687293034913,0.0008578767591975395,0.0001233863376076127,0.0
G1|SR|h=0.09|trec=1e-07|s=5.0|m=0|rt=None|br=a,SG3a1,8,4145.791226776187,0.030626499381708472,0.0008585550352649741,0.00012351209079057378,0.0
G1|SR|h=0.09|trec=1e-07|s=5.0|m=0|rt=None|br=a,SG3a1,9,5844.4611568673645,0.030623999898449217,0.0008581837179344087,0.00012344308858874798,0.0
G1|SR|h=0.09|trec=1e-07|s=5.0|m=0|rt=None|br=a,SG3a1,10,8239.208958981559,0.030621139207598347,0.0008579726197007247,0.00012340431597259564,0.0
G1|SR|h=0.09|trec=1e-07|s=5.0|m=0|rt=None|br=a,SG4a1,8,4922.250996335746,0.030620224508726146,0.0008583804902264158,0.00012347988280356223,0.0
G1|SR|h=0.09|trec=1e-07|s=5.0|m=0|rt=None|br=a,SG4a1,9,6939.202085546284,0.030627673043570613,0.0008580322034095798,0.00012341505487360342,0.0
G1|SR|h=0.09|trec=1e-07|s=5.0|m=0|rt=None|br=a,SG4a1,10,9782.63545729763,0.030624687293034913,0.0008578767591975395,0.0001233863376076127,0.0
G1|SR|h=0.1|trec=1e-07|s=5.0|m=0|rt=None|br=a,SG3a1,8,4145.791226776187,0.030626499381708472,0.0008585550352649741,0.00012351209079057378,0.0
G1|SR|h=0.1|trec=1e-07|s=5.0|m=0|rt=None|br=a,SG3a1,9,5844.4611568673645,0.030623999898449217,0.0008581837179344087,0.00012344308858874798,0.0
G1|SR|h=0.1|trec=1e-07|s=5.0|m=0|rt=None|br=a,SG3a1,10,8239.208958981559,0.030621139207598347,0.0008579726197007247,0.00012340431597259564,0.0
G1|SR|h=0.1|trec=1e-07|s=5.0|m=0|rt=None|br=a,SG4a1,8,4922.250996335746,0.030620224508726146,0.0008583804902264158,0.00012347988280356223,0.0
G1|SR|h=0.1|trec=1e-07|s=5.0|m=0|rt=None|br=a,SG4a1,9,6939.202085546284,0.030627673043570613,0.0008580322034095798,0.00012341505487360342,0.0
G1|SR|h=0.1|trec=1e-07|s=5.0|m=0|rt=None|br=a,SG4a1,10,9782.63545729763,0.030624687293034913,0.0008578767591975395,0.0001233863376076127,0.0
G1|SR|h=0.11|trec=1e-07|s=5.0|m=0|rt=None|br=a,SG3a1,8,4145.791226776187,0.030626499381708472,0.0008585550352649741,0.00012351209079057378,0.0
G1|SR|h=0.11|trec=1e-07|s=5.0|m=0|rt=None|br=a,SG3a1,9,5844.4611568673645,0.030623999898449217,0.0008581837179344087,0.00012344308858874798,0.0
G1|SR|h=0.11|trec=1e-07|s=5.0|m=0|rt=None|br=a,SG3a1,10,8239.208958981559,0.030621139207598347,0.0008579726197007247,0.00012340431597259564,0.0
G1|SR|h=0.11|trec=1e-07|s=5.0|m=0|rt=None|br=a,SG4a1,8,4922.250996335746,0.030620224508726146,0.0008583804902264158,0.00012347988280356223,0.0
G1|SR|h=0.11|trec=1e-07|s=5.0|m=0|rt=None|br=a,SG4a1,9,6939.202085546284,0.030627673043570613,0.0008580322034095798,0.00012341505487360342,0.0
G1|SR|h=0.11|trec=1e-07|s=5.0|m=0|rt=None|br=a,SG4a1,10,9782.63545729763,0.030624687293034913,0.0008578767591975395,0.0001233863376076127,0.0
G1|SR|h=0.27|trec=1e-07|s=5.0|m=0|rt=None|br=a,SG3a1,8,4145.791226776187,0.030626499381708472,0.0008585550352649741,0.00012351209079057378,0.0
G1|SR|h=0.27|trec=1e-07|s=5.0|m=0|rt=None|br=a,SG3a1,9,5844.4611568673645,0.030623999898449217,0.0008581837179344087,0.00012344308858874798,0.0
G1|SR|h=0.27|trec=1e-07|s=5.0|m=0|rt=None|br=a,SG3a1,10,8239.208958981559,0.030621139207598347,0.0008579726197007247,0.00012340431597259564,0.0
G1|SR|h=0.27|trec=1e-07|s=5.0|m=0|rt=None|br=a,SG4a1,8,4922.250996335746,0.030620224508726146,0.0008583804902264158,0.00012347988280356223,0.0
G1|SR|h=0.27|trec=1e-07|s=5.0|m=0|rt=None|br=a,SG4a1,9,6939.202085546284,0.030627673043570613,0.0008580322034095798,0.00012341505487360342,0.0
G1|SR|h=0.27|trec=1e-07|s=5.0|m=0|rt=None|br=a,SG4a1,10,9782.63545729763,0.030624687293034913,0.0008578767591975395,0.0001233863376076127,0.0
G1|SR|h=0.3|trec=1e-07|s=5.0|m=0|rt=None|br=a,SG3a1,8,4145.791226776187,0.030626499381708472,0.0008585550352649741,0.00012351209079057378,0.0
G1|SR|h=0.3|trec=1e-07|s=5.0|m=0|rt=None|br=a,SG3a1,9,5844.4611568673645,0.030623999898449217,0.0008581837179344087,0.00012344308858874798,0.0
G1|SR|h=0.3|trec=1e-07|s=5.0|m=0|rt=None|br=a,SG3a1,10,8239.208958981559,0.030621139207598347,0.0008579726197007247,0.00012340431597259564,0.0
G1|SR|h=0.3|trec=1e-07|s=5.0|m=0|rt=None|br=a,SG4a1,8,4922.250996335746,0.030620224508726146,0.0008583804902264158,0.00012347988280356223,0.0
G1|SR|h=0.3|trec=1e-07|s=5.0|m=0|rt=None|br=a,SG4a1,9,6939.202085546284,0.030627673043570613,0.0008580322034095798,0.00012341505487360342,0.0
G1|SR|h=0.3|trec=1e-07|s=5.0|m=0|rt=None|br=a,SG4a1,10,9782.63545729763,0.030624687293034913,0.0008578767591975395,0.0001233863376076127,0.0
G1|SR|h=0.33|trec=1e-07|s=5.0|m=0|rt=None|br=a,SG3a1,8,4145.791226776187,0.030626499381708472,0.0008585550352649741,0.00012351209079057378,0.0
G1|SR|h=0.33|trec=1e-07|s=5.0|m=0|rt=None|br=a,SG3a1,9,5844.4611568673645,0.030623999898449217,0.0008581837179344087,0.00012344308858874798,0.0
G1|SR|h=0.33|trec=1e-07|s=5.0|m=0|rt=None|br=a,SG3a1,10,8239.208958981559,0.030621139207598347,0.0008579726197007247,0.00012340431597259564,0.0
G1|SR|h=0.33|trec=1e-07|s=5.0|m=0|rt=None|br=a,SG4a1,8,4922.250996335746,0.030620224508726146,0.0008583804902264158,0.00012347988280356223,0.0
G1|SR|h=0.33|trec=1e-07|s=5.0|m=0|rt=None|br=a,SG4a1,9,6939.202085546284,0.030627673043570613,0.0008580322034095798,0.00012341505487360342,0.0
G1|SR|h=0.33|trec=1e-07|s=5.0|m=0|rt=None|br=a,SG4a1,10,9782.63545729763,0.030624687293034913,0.0008578767591975395,0.0001233863376076127,0.0
G1|SR|h=0.45|trec=1e-07|s=5.0|m=0|rt=None|br=a,SG3a1,8,4145.791226776187,0.030626499381708472,0.0008585550352649741,0.00012351209079057378,0.0
G1|SR|h=0.45|trec=1e-07|s=5.0|m=0|rt=None|br=a,SG3a1,9,5844.4611568673645,0.030623999898449217,0.0008581837179344087,0.00012344308858874798,0.0
G1|SR|h=0.45|trec=1e-07|s=5.0|m=0|rt=None|br=a,SG3a1,10,8239.208958981559,0.030621139207598347,0.0008579726197007247,0.00012340431597259564,0.0
G1|SR|h=0.45|trec=1e-07|s=5.0|m=0|rt=None|br=a,SG4a1,8,4922.250996335746,0.030620224508726146,0.0008583804902264158,0.00012347988280356223,0.0
G1|SR|h=0.45|trec=1e-07|s=5.0|m=0|rt=None|br=a,SG4a1,9,6939.202085546284,0.030627673043570613,0.0008580322034095798,0.00012341505487360342,0.0
G1|SR|h=0.45|trec=1e-07|s=5.0|m=0|rt=None|br=a,SG4a1,10,9782.63545729763,0.030624687293034913,0.0008578767591975395,0.0001233863376076127,0.0
G1|SR|h=0.5|trec=1e-07|s=5.0|m=0|rt=None|br=a,SG3a1,8,4145.791226776187,0.030626499381708472,0.0008585550352649741,0.00012351209079057378,0.0
G1|SR|h=0.5|trec=1e-07|s=5.0|m=0|rt=None|br=a,SG3a1,9,5844.4611568673645,0.030623999898449217,0.0008581837179344087,0.00012344308858874798,0.0
G1|SR|h=0.5|trec=1e-07|s=5.0|m=0|rt=None|br=a,SG3a1,10,8239.208958981559,0.030621139207598347,0.0008579726197007247,0.00012340431597259564,0.0
G1|SR|h=0.5|trec=1e-07|s=5.0|m=0|rt=None|br=a,SG4a1,8,4922.250996335746,0.030620224508726146,0.0008583804902264158,0.00012347988280356223,0.0
G1|SR|h=0.5|trec=1e-07|s=5.0|m=0|rt=None|br=a,SG4a1,9,6939.202085546284,0.030627673043570613,0.0008580322034095798,0.00012341505487360342,0.0
G1|SR|h=0.5|trec=1e-07|s=5.0|m=0|rt=None|br=a,SG4a1,10,9782.63545729763,0.030624687293034913,0.0008578767591975395,0.0001233863376076127,0.0
G1|SR|h=0.55|trec=1e-07|s=5.0|m=0|rt=None|br=a,SG3a1,8,4145.791226776187,0.030626499381708472,0.0008585550352649741,0.00012351209079057378,0.0
G1|SR|h=0.55|trec=1e-07|s=5.0|m=0|rt=None|br=a,SG3a1,9,5844.4611568673645,0.030623999898449217,0.0008581837179344087,0.00012344308858874798,0.0
G1|SR|h=0.55|trec=1e-07|s=5.0|m=0|rt=None|br=a,SG3a1,10,8239.208958981559,0.030621139207598347,0.0008579726197007247,0.00012340431597259564,0.0
G1|SR|h=0.55|trec=1e-07|s=5.0|m=0|rt=None|br=a,SG4a1,8,4922.250996335746,0.030620224508726146,0.0008583804902264158,0.00012347988280356223,0.0
G1|SR|h=0.55|trec=1e-07|s=5.0|m=0|rt=None|br=a,SG4a1,9,6939.202085546284,0.030627673043570613,0.0008580322034095798,0.00012341505487360342,0.0
G1|SR|h=0.55|trec=1e-07|s=5.0|m=0|rt=None|br=a,SG4a1,10,9782.63545729763,0.030624687293034913,0.0008578767591975395,0.0001233863376076127,0.0
G1|SR|h=0.63|trec=1e-07|s=5.0|m=0|rt=None|br=a,SG3a1,8,4145.791226776187,0.030626499381708472,0.0008585550352649741,0.00012351209079057378,0.0
G1|SR|h=0.63|trec=1e-07|s=5.0|m=0|rt=None|br=a,SG3a1,9,5844.4611568673645,0.030623999898449217,0.0008581837179344087,0.00012344308858874798,0.0
G1|SR|h=0.63|trec=1e-07|s=5.0|m=0|rt=None|br=a,SG3a1,10,8239.208958981559,0.030621139207598347,0.0008579726197007247,0.00012340431597259564,0.0
G1|SR|h=0.63|trec=1e-07|s=5.0|m=0|rt=None|br=a,SG4a1,8,4922.250996335746,0.030620224508726146,0.0008583804902264158,0.00012347988280356223,0.0
G1|SR|h=0.63|trec=1e-07|s=5.0|m=0|rt=None|br=a,SG4a1,9,6939.202085546284,0.030627673043570613,0.0008580322034095798,0.00012341505487360342,0.0
G1|SR|h=0.63|trec=1e-07|s=5.0|m=0|rt=None|br=a,SG4a1,10,9782.63545729763,0.030624687293034913,0.0008578767591975395,0.0001233863376076127,0.0
G1|SR|h=0.7|trec=1e-07|s=5.0|m=0|rt=None|br=a,SG3a1,8,4145.791226776187,0.030626499381708472,0.0008585550352649741,0.00012351209079057378,0.0
G1|SR|h=0.7|trec=1e-07|s=5.0|m=0|rt=None|br=a,SG3a1,9,5844.4611568673645,0.030623999898449217,0.0008581837179344087,0.00012344308858874798,0.0
G1|SR|h=0.7|trec=1e-07|s=5.0|m=0|rt=None|br=a,SG3a1,10,8239.208958981559,0.030621139207598347,0.0008579726197007247,0.00012340431597259564,0.0
G1|SR|h=0.7|trec=1e-07|s=5.0|m=0|rt=None|br=a,SG4a1,8,4922.250996335746,0.030620224508726146,0.0008583804902264158,0.00012347988280356223,0.0
G1|SR|h=0.7|trec=1e-07|s=5.0|m=0|rt=None|br=a,SG4a1,9,6939.202085546284,0.030627673043570613,0.0008580322034095798,0.00012341505487360342,0.0
G1|SR|h=0.7|trec=1e-07|s=5.0|m=0|rt=None|br=a,SG4a1,10,9782.63545729763,0.030624687293034913,0.0008578767591975395,0.0001233863376076127,0.0
G1|SR|h=0.77|trec=1e-07|s=5.0|m=0|rt=None|br=a,SG3a1,8,4145.791226776187,0.030626499381708472,0.0008585550352649741,0.00012351209079057378,0.0
G1|SR|h=0.77|trec=1e-07|s=5.0|m=0|rt=None|br=a,SG3a1,9,5844.4611568673645,0.030623999898449217,0.0008581837179344087,0.00012344308858874798,0.0
G1|SR|h=0.77|trec=1e-07|s=5.0|m=0|rt=None|br=a,SG3a1,10,8239.208958981559,0.030621139207598347,0.0008579726197007247,0.00012340431597259564,0.0
G1|SR|h=0.77|trec=1e-07|s=5.0|m=0|rt=None|br=a,SG4a1,8,4922.250996335746,0.030620224508726146,0.0008583804902264158,0.00012347988280356223,0.0
G1|SR|h=0.77|trec=1e-07|s=5.0|m=0|rt=None|br=a,SG4a1,9,6939.202085546284,0.030627673043570613,0.0008580322034095798,0.00012341505487360342,0.0
G1|SR|h=0.77|trec=1e-07|s=5.0|m=0|rt=None|br=a,SG4a1,10,9782.63545729763,0.030624687293034913,0.0008578767591975395,0.0001233863376076127,0.0
G1|SR|h=0.09|trec=1e-06|s=5.0|m=0|rt=None|br=a,SG3a1,8,4145.791226776187,0.030626499381708472,0.0008585550352649741,0.00012351209079057378,0.0
G1|SR|h=0.09|trec=1e-06|s=5.0|m=0|rt=None|br=a,SG3a1,9,5844.4611568673645,0.030623999898449217,0.0008581837179344087,0.00012344308858874798,0.0
G1|SR|h=0.09|trec=1e-06|s=5.0|m=0|rt=None|br=a,SG3a1,10,8239.208958981559,0.030621139207598347,0.0008579726197007247,0.00012340431597259564,0.0
G1|SR|h=0.09|trec=1e-06|s=5.0|m=0|rt=None|br=a,SG4a1,8,4922.250996335746,0.030620224508726146,0.0008583804902264158,0.00012347988280356223,0.0
G1|SR|h=0.09|trec=1e-06|s=5.0|m=0|rt=None|br=a,SG4a1,9,6939.202085546284,0.030627673043570613,0.0008580322034095798,0.00012341505487360342,0.0
G1|SR|h=0.09|trec=1e-06|s=5.0|m=0|rt=None|br=a,SG4a1,10,9782.63545729763,0.030624687293034913,0.0008578767591975395,0.0001233863376076127,0.0
G1|SR|h=0.1|trec=1e-06|s=5.0|m=0|rt=None|br=a,SG3a1,8,4145.791226776187,0.030626499381708472,0.0008585550352649741,0.00012351209079057378,0.0
G1|SR|h=0.1|trec=1e-06|s=5.0|m=0|rt=None|br=a,SG3a1,9,5844.4611568673645,0.030623999898449217,0.0008581837179344087,0.00012344308858874798,0.0
G1|SR|h=0.1|trec=1e-06|s=5.0|m=0|rt=None|br=a,SG3a1,10,8239.208958981559,0.030621139207598347,0.0008579726197007247,0.00012340431597259564,0.0
G1|SR|h=0.1|trec=1e-06|s=5.0|m=0|rt=None|br=a,SG4a1,8,4922.250996335746,0.030620224508726146,0.0008583804902264158,0.00012347988280356223,0.0
G1|SR|h=0.1|trec=1e-06|s=5.0|m=0|rt=None|br=a,SG4a1,9,6939.202085546284,0.030627673043570613,0.0008580322034095798,0.00012341505487360342,0.0
G1|SR|h=0.1|trec=1e-06|s=5.0|m=0|rt=None|br=a,SG4a1,10,9782.63545729763,0.030624687293034913,0.0008578767591975395,0.0001233863376076127,0.0
G1|SR|h=0.11|trec=1e-06|s=5.0|m=0|rt=None|br=a,SG3a1,8,4145.791226776187,0.030626499381708472,0.0008585550352649741,0.00012351209079057378,0.0
G1|SR|h=0.11|trec=1e-06|s=5.0|m=0|rt=None|br=a,SG3a1,9,5844.4611568673645,0.030623999898449217,0.0008581837179344087,0.00012344308858874798,0.0
G1|SR|h=0.11|trec=1e-06|s=5.0|m=0|rt=None|br=a,SG3a1,10,8239.208958981559,0.030621139207598347,0.0008579726197007247,0.00012340431597259564,0.0
G1|SR|h=0.11|trec=1e-06|s=5.0|m=0|rt=None|br=a,SG4a1,8,4922.250996335746,0.030620224508726146,0.0008583804902264158,0.00012347988280356223,0.0
G1|SR|h=0.11|trec=1e-06|s=5.0|m=0|rt=None|br=a,SG4a1,9,6939.202085546284,0.030627673043570613,0.0008580322034095798,0.00012341505487360342,0.0
G1|SR|h=0.11|trec=1e-06|s=5.0|m=0|rt=None|br=a,SG4a1,10,9782.63545729763,0.030624687293034913,0.0008578767591975395,0.0001233863376076127,0.0
G1|SR|h=0.27|trec=1e-06|s=5.0|m=0|rt=None|br=a,SG3a1,8,4145.791226776187,0.030626499381708472,0.0008585550352649741,0.00012351209079057378,0.0
G1|SR|h=0.27|trec=1e-06|s=5.0|m=0|rt=None|br=a,SG3a1,9,5844.4611568673645,0.030623999898449217,0.0008581837179344087,0.00012344308858874798,0.0
G1|SR|h=0.27|trec=1e-06|s=5.0|m=0|rt=None|br=a,SG3a1,10,8239.208958981559,0.030621139207598347,0.0008579726197007247,0.00012340431597259564,0.0
G1|SR|h=0.27|trec=1e-06|s=5.0|m=0|rt=None|br=a,SG4a1,8,4922.250996335746,0.030620224508726146,0.0008583804902264158,0.00012347988280356223,0.0
G1|SR|h=0.27|trec=1e-06|s=5.0|m=0|rt=None|br=a,SG4a1,9,6939.202085546284,0.030627673043570613,0.0008580322034095798,0.00012341505487360342,0.0
G1|SR|h=0.27|trec=1e-06|s=5.0|m=0|rt=None|br=a,SG4a1,10,9782.63545729763,0.030624687293034913,0.0008578767591975395,0.0001233863376076127,0.0
G1|SR|h=0.3|trec=1e-06|s=5.0|m=0|rt=None|br=a,SG3a1,8,4145.791226776187,0.030626499381708472,0.0008585550352649741,0.00012351209079057378,0.0
G1|SR|h=0.3|trec=1e-06|s=5.0|m=0|rt=None|br=a,SG3a1,9,5844.4611568673645,0.030623999898449217,0.0008581837179344087,0.00012344308858874798,0.0
G1|SR|h=0.3|trec=1e-06|s=5.0|m=0|rt=None|br=a,SG3a1,10,8239.208958981559,0.030621139207598347,0.0008579726197007247,0.00012340431597259564,0.0
G1|SR|h=0.3|trec=1e-06|s=5.0|m=0|rt=None|br=a,SG4a1,8,4922.250996335746,0.030620224508726146,0.0008583804902264158,0.00012347988280356223,0.0
G1|SR|h=0.3|trec=1e-06|s=5.0|m=0|rt=None|br=a,SG4a1,9,6939.202085546284,0.030627673043570613,0.0008580322034095798,0.00012341505487360342,0.0
G1|SR|h=0.3|trec=1e-06|s=5.0|m=0|rt=None|br=a,SG4a1,10,9782.63545729763,0.030624687293034913,0.0008578767591975395,0.0001233863376076127,0.0
G1|SR|h=0.33|trec=1e-06|s=5.0|m=0|rt=None|br=a,SG3a1,8,4145.791226776187,0.030626499381708472,0.0008585550352649741,0.00012351209079057378,0.0
G1|SR|h=0.33|trec=1e-06|s=5.0|m=0|rt=None|br=a,SG3a1,9,5844.4611568673645,0.030623999898449217,0.0008581837179344087,0.00012344308858874798,0.0
G1|SR|h=0.33|trec=1e-06|s=5.0|m=0|rt=None|br=a,SG3a1,10,8239.208958981559,0.030621139207598347,0.0008579726197007247,0.00012340431597259564,0.0
G1|SR|h=0.33|trec=1e-06|s=5.0|m=0|rt=None|br=a,SG4a1,8,4922.250996335746,0.030620224508726146,0.0008583804902264158,0.00012347988280356223,0.0
G1|SR|h=0.33|trec=1e-06|s=5.0|m=0|rt=None|br=a,SG4a1,9,6939.202085546284,0.030627673043570613,0.0008580322034095798,0.00012341505487360342,0.0
G1|SR|h=0.33|trec=1e-06|s=5.0|m=0|rt=None|br=a,SG4a1,10,9782.63545729763,0.030624687293034913,0.0008578767591975395,0.0001233863376076127,0.0
G1|SR|h=0.45|trec=1e-06|s=5.0|m=0|rt=None|br=a,SG3a1,8,4145.791226776187,0.030626499381708472,0.0008585550352649741,0.00012351209079057378,0.0
G1|SR|h=0.45|trec=1e-06|s=5.0|m=0|rt=None|br=a,SG3a1,9,5844.4611568673645,0.030623999898449217,0.0008581837179344087,0.00012344308858874798,0.0
G1|SR|h=0.45|trec=1e-06|s=5.0|m=0|rt=None|br=a,SG3a1,10,8239.208958981559,0.030621139207598347,0.0008579726197007247,0.00012340431597259564,0.0
G1|SR|h=0.45|trec=1e-06|s=5.0|m=0|rt=None|br=a,SG4a1,8,4922.250996335746,0.030620224508726146,0.0008583804902264158,0.00012347988280356223,0.0
G1|SR|h=0.45|trec=1e-06|s=5.0|m=0|rt=None|br=a,SG4a1,9,6939.202085546284,0.030627673043570613,0.0008580322034095798,0.00012341505487360342,0.0
G1|SR|h=0.45|trec=1e-06|s=5.0|m=0|rt=None|br=a,SG4a1,10,9782.63545729763,0.030624687293034913,0.0008578767591975395,0.0001233863376076127,0.0
G1|SR|h=0.5|trec=1e-06|s=5.0|m=0|rt=None|br=a,SG3a1,8,4145.791226776187,0.030626499381708472,0.0008585550352649741,0.00012351209079057378,0.0
G1|SR|h=0.5|trec=1e-06|s=5.0|m=0|rt=None|br=a,SG3a1,9,5844.4611568673645,0.030623999898449217,0.0008581837179344087,0.00012344308858874798,0.0
G1|SR|h=0.5|trec=1e-06|s=5.0|m=0|rt=None|br=a,SG3a1,10,8239.208958981559,0.030621139207598347,0.0008579726197007247,0.00012340431597259564,0.0
G1|SR|h=0.5|trec=1e-06|s=5.0|m=0|rt=None|br=a,SG4a1,8,4922.250996335746,0.030620224508726146,0.0008583804902264158,0.00012347988280356223,0.0
G1|SR|h=0.5|trec=1e-06|s=5.0|m=0|rt=None|br=a,SG4a1,9,6939.202085546284,0.030627673043570613,0.0008580322034095798,0.00012341505487360342,0.0
G1|SR|h=0.5|trec=1e-06|s=5.0|m=0|rt=None|br=a,SG4a1,10,9782.63545729763,0.030624687293034913,0.0008578767591975395,0.0001233863376076127,0.0
G1|SR|h=0.55|trec=1e-06|s=5.0|m=0|rt=None|br=a,SG3a1,8,4145.791226776187,0.030626499381708472,0.0008585550352649741,0.00012351209079057378,0.0
G1|SR|h=0.55|trec=1e-06|s=5.0|m=0|rt=None|br=a,SG3a1,9,5844.4611568673645,0.030623999898449217,0.0008581837179344087,0.00012344308858874798,0.0
G1|SR|h=0.55|trec=1e-06|s=5.0|m=0|rt=None|br=a,SG3a1,10,8239.208958981559,0.030621139207598347,0.0008579726197007247,0.00012340431597259564,0.0
G1|SR|h=0.55|trec=1e-06|s=5.0|m=0|rt=None|br=a,SG4a1,8,4922.250996335746,0.030620224508726146,0.0008583804902264158,0.00012347988280356223,0.0
G1|SR|h=0.55|trec=1e-06|s=5.0|m=0|rt=None|br=a,SG4a1,9,6939.202085546284,0.030627673043570613,0.0008580322034095798,0.00012341505487360342,0.0
G1|SR|h=0.55|trec=1e-06|s=5.0|m=0|rt=None|br=a,SG4a1,10,9782.63545729763,0.030624687293034913,0.0008578767591975395,0.0001233863376076127,0.0
G1|SR|h=0.63|trec=1e-06|s=5.0|m=0|rt=None|br=a,SG3a1,8,4145.791226776187,0.030626499381708472,0.0008585550352649741,0.00012351209079057378,0.0
G1|SR|h=0.63|trec=1e-06|s=5.0|m=0|rt=None|br=a,SG3a1,9,5844.4611568673645,0.030623999898449217,0.0008581837179344087,0.00012344308858874798,0.0
G1|SR|h=0.63|trec=1e-06|s=5.0|m=0|rt=None|br=a,SG3a1,10,8239.208958981559,0.030621139207598347,0.0008579726197007247,0.00012340431597259564,0.0
G1|SR|h=0.63|trec=1e-06|s=5.0|m=0|rt=None|br=a,SG4a1,8,4922.250996335746,0.030620224508726146,0.0008583804902264158,0.00012347988280356223,0.0
G1|SR|h=0.63|trec=1e-06|s=5.0|m=0|rt=None|br=a,SG4a1,9,6939.202085546284,0.030627673043570613,0.0008580322034095798,0.00012341505487360342,0.0
G1|SR|h=0.63|trec=1e-06|s=5.0|m=0|rt=None|br=a,SG4a1,10,9782.63545729763,0.030624687293034913,0.0008578767591975395,0.0001233863376076127,0.0
G1|SR|h=0.7|trec=1e-06|s=5.0|m=0|rt=None|br=a,SG3a1,8,4145.791226776187,0.030626499381708472,0.0008585550352649741,0.00012351209079057378,0.0
G1|SR|h=0.7|trec=1e-06|s=5.0|m=0|rt=None|br=a,SG3a1,9,5844.4611568673645,0.030623999898449217,0.0008581837179344087,0.00012344308858874798,0.0
G1|SR|h=0.7|trec=1e-06|s=5.0|m=0|rt=None|br=a,SG3a1,10,8239.208958981559,0.030621139207598347,0.0008579726197007247,0.00012340431597259564,0.0
G1|SR|h=0.7|trec=1e-06|s=5.0|m=0|rt=None|br=a,SG4a1,8,4922.250996335746,0.030620224508726146,0.0008583804902264158,0.00012347988280356223,0.0
G1|SR|h=0.7|trec=1e-06|s=5.0|m=0|rt=None|br=a,SG4a1,9,6939.202085546284,0.030627673043570613,0.0008580322034095798,0.00012341505487360342,0.0
G1|SR|h=0.7|trec=1e-06|s=5.0|m=0|rt=None|br=a,SG4a1,10,9782.63545729763,0.030624687293034913,0.0008578767591975395,0.0001233863376076127,0.0
G1|SR|h=0.77|trec=1e-06|s=5.0|m=0|rt=None|br=a,SG3a1,8,4145.791226776187,0.030626499381708472,0.0008585550352649741,0.00012351209079057378,0.0
G1|SR|h=0.77|trec=1e-06|s=5.0|m=0|rt=None|br=a,SG3a1,9,5844.4611568673645,0.030623999898449217,0.0008581837179344087,0.00012344308858874798,0.0
G1|SR|h=0.77|trec=1e-06|s=5.0|m=0|rt=None|br=a,SG3a1,10,8239.208958981559,0.030621139207598347,0.0008579726197007247,0.00012340431597259564,0.0
G1|SR|h=0.77|trec=1e-06|s=5.0|m=0|rt=None|br=a,SG4a1,8,4922.250996335746,0.030620224508726146,0.0008583804902264158,0.00012347988280356223,0.0
G1|SR|h=0.77|trec=1e-06|s=5.0|m=0|rt=None|br=a,SG4a1,9,6939.202085546284,0.030627673043570613,0.0008580322034095798,0.00012341505487360342,0.0
G1|SR|h=0.77|trec=1e-06|s=5.0|m=0|rt=None|br=a,SG4a1,10,9782.63545729763,0.030624687293034913,0.0008578767591975395,0.0001233863376076127,0.0
G1|SR|h=0.09|trec=1e-05|s=5.0|m=0|rt=None|br=a,SG3a1,8,4145.791226776187,0.030626499381708472,0.0008585550352649741,0.00012351209079057378,0.0
G1|SR|h=0.09|trec=1e-05|s=5.0|m=0|rt=None|br=a,SG3a1,9,5844.4611568673645,0.030623999898449217,0.0008581837179344087,0.00012344308858874798,0.0
G1|SR|h=0.09|trec=1e-05|s=5.0|m=0|rt=None|br=a,SG3a1,10,8239.208958981559,0.030621139207598347,0.0008579726197007247,0.00012340431597259564,0.0
G1|SR|h=0.09|trec=1e-05|s=5.0|m=0|rt=None|br=a,SG4a1,8,4922.250996335746,0.030620224508726146,0.0008583804902264158,0.00012347988280356223,0.0
G1|SR|h=0.09|trec=1e-05|s=5.0|m=0|rt=None|br=a,SG4a1,9,6939.202085546284,0.030627673043570613,0.0008580322034095798,0.00012341505487360342,0.0
G1|SR|h=0.09|trec=1e-05|s=5.0|m=0|rt=None|br=a,SG4a1,10,9782.63545729763,0.030624687293034913,0.0008578767591975395,0.0001233863376076127,0.0
G1|SR|h=0.1|trec=1e-05|s=5.0|m=0|rt=None|br=a,SG3a1,8,4145.791226776187,0.030626499381708472,0.0008585550352649741,0.00012351209079057378,0.0
G1|SR|h=0.1|trec=1e-05|s=5.0|m=0|rt=None|br=a,SG3a1,9,5844.4611568673645,0.030623999898449217,0.0008581837179344087,0.00012344308858874798,0.0
G1|SR|h=0.1|trec=1e-05|s=5.0|m=0|rt=None|br=a,SG3a1,10,8239.208958981559,0.030621139207598347,0.0008579726197007247,0.00012340431597259564,0.0
G1|SR|h=0.1|trec=1e-05|s=5.0|m=0|rt=None|br=a,SG4a1,8,4922.250996335746,0.030620224508726146,0.0008583804902264158,0.00012347988280356223,0.0
G1|SR|h=0.1|trec=1e-05|s=5.0|m=0|rt=None|br=a,SG4a1,9,6939.202085546284,0.030627673043570613,0.0008580322034095798,0.00012341505487360342,0.0
G1|SR|h=0.1|trec=1e-05|s=5.0|m=0|rt=None|br=a,SG4a1,10,9782.63545729763,0.030624687293034913,0.0008578767591975395,0.0001233863376076127,0.0
G1|SR|h=0.11|trec=1e-05|s=5.0|m=0|rt=None|br=a,SG3a1,8,4145.791226776187,0.030626499381708472,0.0008585550352649741,0.00012351209079057378,0.0
G1|SR|h=0.11|trec=1e-05|s=5.0|m=0|rt=None|br=a,SG3a1,9,5844.4611568673645,0.030623999898449217,0.0008581837179344087,0.00012344308858874798,0.0
G1|SR|h=0.11|trec=1e-05|s=5.0|m=0|rt=None|br=a,SG3a1,10,8239.208958981559,0.030621139207598347,0.0008579726197007247,0.00012340431597259564,0.0
G1|SR|h=0.11|trec=1e-05|s=5.0|m=0|rt=None|br=a,SG4a1,8,4922.250996335746,0.030620224508726146,0.0008583804902264158,0.00012347988280356223,0.0
G1|SR|h=0.11|trec=1e-05|s=5.0|m=0|rt=None|br=a,SG4a1,9,6939.202085546284,0.030627673043570613,0.0008580322034095798,0.00012341505487360342,0.0
G1|SR|h=0.11|trec=1e-05|s=5.0|m=0|rt=None|br=a,SG4a1,10,9782.63545729763,0.030624687293034913,0.0008578767591975395,0.0001233863376076127,0.0
G1|SR|h=0.27|trec=1e-05|s=5.0|m=0|rt=None|br=a,SG3a1,8,4145.791226776187,0.030626499381708472,0.0008585550352649741,0.00012351209079057378,0.0
G1|SR|h=0.27|trec=1e-05|s=5.0|m=0|rt=None|br=a,SG3a1,9,5844.4611568673645,0.030623999898449217,0.0008581837179344087,0.00012344308858874798,0.0
G1|SR|h=0.27|trec=1e-05|s=5.0|m=0|rt=None|br=a,SG3a1,10,8239.208958981559,0.030621139207598347,0.0008579726197007247,0.00012340431597259564,0.0
G1|SR|h=0.27|trec=1e-05|s=5.0|m=0|rt=None|br=a,SG4a1,8,4922.250996335746,0.030620224508726146,0.0008583804902264158,0.00012347988280356223,0.0
G1|SR|h=0.27|trec=1e-05|s=5.0|m=0|rt=None|br=a,SG4a1,9,6939.202085546284,0.030627673043570613,0.0008580322034095798,0.00012341505487360342,0.0
G1|SR|h=0.27|trec=1e-05|s=5.0|m=0|rt=None|br=a,SG4a1,10,9782.63545729763,0.030624687293034913,0.0008578767591975395,0.0001233863376076127,0.0
G1|SR|h=0.3|trec=1e-05|s=5.0|m=0|rt=None|br=a,SG3a1,8,4145.791226776187,0.030626499381708472,0.0008585550352649741,0.00012351209079057378,0.0
G1|SR|h=0.3|trec=1e-05|s=5.0|m=0|rt=None|br=a,SG3a1,9,5844.4611568673645,0.030623999898449217,0.0008581837179344087,0.00012344308858874798,0.0
G1|SR|h=0.3|trec=1e-05|s=5.0|m=0|rt=None|br=a,SG3a1,10,8239.208958981559,0.030621139207598347,0.0008579726197007247,0.00012340431597259564,0.0
G1|SR|h=0.3|trec=1e-05|s=5.0|m=0|rt=None|br=a,SG4a1,8,4922.250996335746,0.030620224508726146,0.0008583804902264158,0.00012347988280356223,0.0
G1|SR|h=0.3|trec=1e-05|s=5.0|m=0|rt=None|br=a,SG4a1,9,6939.202085546284,0.030627673043570613,0.0008580322034095798,0.00012341505487360342,0.0
G1|SR|h=0.3|trec=1e-05|s=5.0|m=0|rt=None|br=a,SG4a1,10,9782.63545729763,0.030624687293034913,0.0008578767591975395,0.0001233863376076127,0.0
G1|SR|h=0.33|trec=1e-05|s=5.0|m=0|rt=None|br=a,SG3a1,8,4145.791226776187,0.030626499381708472,0.0008585550352649741,0.00012351209079057378,0.0
G1|SR|h=0.33|trec=1e-05|s=5.0|m=0|rt=None|br=a,SG3a1,9,5844.4611568673645,0.030623999898449217,0.0008581837179344087,0.00012344308858874798,0.0
G1|SR|h=0.33|trec=1e-05|s=5.0|m=0|rt=None|br=a,SG3a1,10,8239.208958981559,0.030621139207598347,0.0008579726197007247,0.00012340431597259564,0.0
G1|SR|h=0.33|trec=1e-05|s=5.0|m=0|rt=None|br=a,SG4a1,8,4922.250996335746,0.030620224508726146,0.0008583804902264158,0.00012347988280356223,0.0
G1|SR|h=0.33|trec=1e-05|s=5.0|m=0|rt=None|br=a,SG4a1,9,6939.202085546284,0.030627673043570613,0.0008580322034095798,0.00012341505487360342,0.0
G1|SR|h=0.33|trec=1e-05|s=5.0|m=0|rt=None|br=a,SG4a1,10,9782.63545729763,0.030624687293034913,0.0008578767591975395,0.0001233863376076127,0.0
G1|SR|h=0.45|trec=1e-05|s=5.0|m=0|rt=None|br=a,SG3a1,8,4145.791226776187,0.030626499381708472,0.0008585550352649741,0.00012351209079057378,0.0
G1|SR|h=0.45|trec=1e-05|s=5.0|m=0|rt=None|br=a,SG3a1,9,5844.4611568673645,0.030623999898449217,0.0008581837179344087,0.00012344308858874798,0.0
G1|SR|h=0.45|trec=1e-05|s=5.0|m=0|rt=None|br=a,SG3a1,10,8239.208958981559,0.030621139207598347,0.0008579726197007247,0.00012340431597259564,0.0
G1|SR|h=0.45|trec=1e-05|s=5.0|m=0|rt=None|br=a,SG4a1,8,4922.250996335746,0.030620224508726146,0.0008583804902264158,0.00012347988280356223,0.0
G1|SR|h=0.45|trec=1e-05|s=5.0|m=0|rt=None|br=a,SG4a1,9,6939.202085546284,0.030627673043570613,0.0008580322034095798,0.00012341505487360342,0.0
G1|SR|h=0.45|trec=1e-05|s=5.0|m=0|rt=None|br=a,SG4a1,10,9782.63545729763,0.030624687293034913,0.0008578767591975395,0.0001233863376076127,0.0
G1|SR|h=0.5|trec=1e-05|s=5.0|m=0|rt=None|br=a,SG3a1,8,4145.791226776187,0.030626499381708472,0.0008585550352649741,0.00012351209079057378,0.0
G1|SR|h=0.5|trec=1e-05|s=5.0|m=0|rt=None|br=a,SG3a1,9,5844.4611568673645,0.030623999898449217,0.0008581837179344087,0.00012344308858874798,0.0
G1|SR|h=0.5|trec=1e-05|s=5.0|m=0|rt=None|br=a,SG3a1,10,8239.208958981559,0.030621139207598347,0.0008579726197007247,0.00012340431597259564,0.0
G1|SR|h=0.5|trec=1e-05|s=5.0|m=0|rt=None|br=a,SG4a1,8,4922.250996335746,0.030620224508726146,0.0008583804902264158,0.00012347988280356223,0.0
G1|SR|h=0.5|trec=1e-05|s=5.0|m=0|rt=None|br=a,SG4a1,9,6939.202085546284,0.030627673043570613,0.0008580322034095798,0.00012341505487360342,0.0
G1|SR|h=0.5|trec=1e-05|s=5.0|m=0|rt=None|br=a,SG4a1,10,9782.63545729763,0.030624687293034913,0.0008578767591975395,0.0001233863376076127,0.0
G1|SR|h=0.55|trec=1e-05|s=5.0|m=0|rt=None|br=a,SG3a1,8,4145.791226776187,0.030626499381708472,0.0008585550352649741,0.00012351209079057378,0.0
G1|SR|h=0.55|trec=1e-05|s=5.0|m=0|rt=None|br=a,SG3a1,9,5844.4611568673645,0.030623999898449217,0.0008581837179344087,0.00012344308858874798,0.0
G1|SR|h=0.55|trec=1e-05|s=5.0|m=0|rt=None|br=a,SG3a1,10,8239.208958981559,0.030621139207598347,0.0008579726197007247,0.00012340431597259564,0.0
G1|SR|h=0.55|trec=1e-05|s=5.0|m=0|rt=None|br=a,SG4a1,8,4922.250996335746,0.030620224508726146,0.0008583804902264158,0.00012347988280356223,0.0
G1|SR|h=0.55|trec=1e-05|s=5.0|m=0|rt=None|br=a,SG4a1,9,6939.202085546284,0.030627673043570613,0.0008580322034095798,0.00012341505487360342,0.0
G1|SR|h=0.55|trec=1e-05|s=5.0|m=0|rt=None|br=a,SG4a1,10,9782.63545729763,0.030624687293034913,0.0008578767591975395,0.0001233863376076127,0.0
G1|SR|h=0.63|trec=1e-05|s=5.0|m=0|rt=None|br=a,SG3a1,8,4145.791226776187,0.030626499381708472,0.0008585550352649741,0.00012351209079057378,0.0
G1|SR|h=0.63|trec=1e-05|s=5.0|m=0|rt=None|br=a,SG3a1,9,5844.4611568673645,0.030623999898449217,0.0008581837179344087,0.00012344308858874798,0.0
G1|SR|h=0.63|trec=1e-05|s=5.0|m=0|rt=None|br=a,SG3a1,10,8239.208958981559,0.030621139207598347,0.0008579726197007247,0.00012340431597259564,0.0
G1|SR|h=0.63|trec=1e-05|s=5.0|m=0|rt=None|br=a,SG4a1,8,4922.250996335746,0.030620224508726146,0.0008583804902264158,0.00012347988280356223,0.0
G1|SR|h=0.63|trec=1e-05|s=5.0|m=0|rt=None|br=a,SG4a1,9,6939.202085546284,0.030627673043570613,0.0008580322034095798,0.00012341505487360342,0.0
G1|SR|h=0.63|trec=1e-05|s=5.0|m=0|rt=None|br=a,SG4a1,10,9782.63545729763,0.030624687293034913,0.0008578767591975395,0.0001233863376076127,0.0
G1|SR|h=0.7|trec=1e-05|s=5.0|m=0|rt=None|br=a,SG3a1,8,4145.791226776187,0.030626499381708472,0.0008585550352649741,0.00012351209079057378,0.0
G1|SR|h=0.7|trec=1e-05|s=5.0|m=0|rt=None|br=a,SG3a1,9,5844.4611568673645,0.030623999898449217,0.0008581837179344087,0.00012344308858874798,0.0
G1|SR|h=0.7|trec=1e-05|s=5.0|m=0|rt=None|br=a,SG3a1,10,8239.208958981559,0.030621139207598347,0.0008579726197007247,0.00012340431597259564,0.0
G1|SR|h=0.7|trec=1e-05|s=5.0|m=0|rt=None|br=a,SG4a1,8,4922.250996335746,0.030620224508726146,0.0008583804902264158,0.00012347988280356223,0.0
G1|SR|h=0.7|trec=1e-05|s=5.0|m=0|rt=None|br=a,SG4a1,9,6939.202085546284,0.030627673043570613,0.0008580322034095798,0.00012341505487360342,0.0
G1|SR|h=0.7|trec=1e-05|s=5.0|m=0|rt=None|br=a,SG4a1,10,9782.63545729763,0.030624687293034913,0.0008578767591975395,0.0001233863376076127,0.0
G1|SR|h=0.77|trec=1e-05|s=5.0|m=0|rt=None|br=a,SG3a1,8,4145.791226776187,0.030626499381708472,0.0008585550352649741,0.00012351209079057378,0.0
G1|SR|h=0.77|trec=1e-05|s=5.0|m=0|rt=None|br=a,SG3a1,9,5844.4611568673645,0.030623999898449217,0.0008581837179344087,0.00012344308858874798,0.0
G1|SR|h=0.77|trec=1e-05|s=5.0|m=0|rt=None|br=a,SG3a1,10,8239.208958981559,0.030621139207598347,0.0008579726197007247,0.00012340431597259564,0.0
G1|SR|h=0.77|trec=1e-05|s=5.0|m=0|rt=None|br=a,SG4a1,8,4922.250996335746,0.030620224508726146,0.0008583804902264158,0.00012347988280356223,0.0
G1|SR|h=0.77|trec=1e-05|s=5.0|m=0|rt=None|br=a,SG4a1,9,6939.202085546284,0.030627673043570613,0.0008580322034095798,0.00012341505487360342,0.0
G1|SR|h=0.77|trec=1e-05|s=5.0|m=0|rt=None|br=a,SG4a1,10,9782.63545729763,0.030624687293034913,0.0008578767591975395,0.0001233863376076127,0.0
R1|RD|h=0.0|trec=None|s=0.0|m=0|rt=None|br=a,SG3a1,8,6109.903292530299,19.803000486127292,0.00014009928482578023,-0.0002959109063252634,0.3508337997372435
R1|RD|h=0.0|trec=None|s=0.0|m=0|rt=None|br=a,SG3a1,9,8807.785229801546,1.3671701195143438,0.000583128089014313,0.00036053589558695143,0.35794476086273286
R1|RD|h=0.0|trec=None|s=0.0|m=0|rt=None|br=a,SG3a1,10,12696.92907914564,19.802756905801246,0.00026969187780457693,-0.00029591408571425783,0.3510094680400644
R1|RD|h=0.0|trec=None|s=0.0|m=0|rt=None|br=a,SG4a1,8,7335.753865701495,11.611252673463662,0.0009177597055859761,-0.00032344932240290137,0.33227637742314076
R1|RD|h=0.0|trec=None|s=0.0|m=0|rt=None|br=a,SG4a1,9,10574.946629495467,6.829019491359778,0.000480052884723317,0.0003397068293807104,0.35915592868501767
R1|RD|h=0.0|trec=None|s=0.0|m=0|rt=None|br=a,SG4a1,10,15244.528403916169,6.828924650280344,0.0006642062017698702,0.000339890794232302,0.3579878510087675
R1|SR|h=0.7|trec=0.0|s=0.0|m=0|rt=None|br=a,SG3a1,8,12044.248818232832,68.18820192683664,0.39255565291983774,0.9997734006331321,0.32642393105880574
R1|SR|h=0.7|trec=0.0|s=0.0|m=0|rt=None|br=a,SG3a1,9,18834.74921558679,68.18819988183012,0.39655864993415496,1.0027779563010824,0.3267438781345833
R1|SR|h=0.7|trec=0.0|s=0.0|m=0|rt=None|br=a,SG3a1,10,29455.217007342897,68.18820074790122,0.3962543425898457,1.0022145653058727,0.3267351847066613
R1|SR|h=0.7|trec=0.0|s=0.0|m=0|rt=None|br=a,SG4a1,8,15069.350251066091,68.18819976883023,0.3968277362278919,1.0011222248691074,0.3313471402879853
R1|SR|h=0.7|trec=0.0|s=0.0|m=0|rt=None|br=a,SG4a1,9,23550.028884463976,68.18820011390142,0.3945283113432644,1.0010838627616439,0.32659483590463667
R1|SR|h=0.7|trec=0.0|s=0.0|m=0|rt=None|br=a,SG4a1,10,36823.31181551413,68.18819997491538,0.3932741368418632,0.9995963917740723,0.32646420456555747
G1|RD|h=0.0|trec=None|s=0.0|m=0|rt=None|br=a,SG3a1,8,6102.899959708628,0.028618006069069946,0.0008396828594432142,0.00012082870436022351,0.0
G1|RD|h=0.0|trec=None|s=0.0|m=0|rt=None|br=a,SG3a1,9,8797.404460150636,0.028613062173082904,0.0008405097282905701,0.00012095232913429185,0.0
G1|RD|h=0.0|trec=None|s=0.0|m=0|rt=None|br=a,SG3a1,10,12681.617473028815,0.0286089653217525,0.0008409021387491838,0.00012101127032913619,0.0
G1|RD|h=0.0|trec=None|s=0.0|m=0|rt=None|br=a,SG4a1,8,7327.2530903404295,0.02861071449547503,0.0008400034152685996,0.00012087690199247733,0.0
G1|RD|h=0.0|trec=None|s=0.0|m=0|rt=None|br=a,SG4a1,9,10562.423299411957,0.028615678458743243,0.000840878373631037,0.00012100746183001213,0.0
G1|RD|h=0.0|trec=None|s=0.0|m=0|rt=None|br=a,SG4a1,10,15226.021172184894,0.028611844386794427,0.0008411358498100992,0.00012104589689840187,0.0
G1|SR|h=0.7|trec=0.0|s=0.0|m=0|rt=None|br=a,SG3a1,8,6102.899959708628,0.028618006069069946,0.0008396828594432142,0.00012082870436022351,0.0
G1|SR|h=0.7|trec=0.0|s=0.0|m=0|rt=None|br=a,SG3a1,9,8797.404460150636,0.028613062173082904,0.0008405097282905701,0.00012095232913429185,0.0
G1|SR|h=0.7|trec=0.0|s=0.0|m=0|rt=None|br=a,SG3a1,10,12681.617473028815,0.0286089653217525,0.0008409021387491838,0.00012101127032913619,0.0
G1|SR|h=0.7|trec=0.0|s=0.0|m=0|rt=None|br=a,SG4a1,8,7327.2530903404295,0.02861071449547503,0.0008400034152685996,0.00012087690199247733,0.0
G1|SR|h=0.7|trec=0.0|s=0.0|m=0|rt=None|br=a,SG4a1,9,10562.423299411957,0.028615678458743243,0.000840878373631037,0.00012100746183001213,0.0
G1|SR|h=0.7|trec=0.0|s=0.0|m=0|rt=None|br=a,SG4a1,10,15226.021172184894,0.028611844386794427,0.0008411358498100992,0.00012104589689840187,0.0
G0|RD|h=0.0|trec=None|s=0.0|m=0|rt=None|br=a,SG3a1,8,6091.542343604302,0.02991345035216475,0.000852970654175282,0.00012280049005821236,0.0
G0|RD|h=0.0|trec=None|s=0.0|m=0|rt=None|br=a,SG3a1,9,8779.193998680603,0.030074215204983767,0.0007753075821960079,0.0001110374494463824,0.0
G0|RD|h=0.0|trec=None|s=0.0|m=0|rt=None|br=a,SG3a1,10,12652.722460019057,0.02990478000647334,0.0008539806567390097,0.000122949320132682,0.0
G0|RD|h=0.0|trec=None|s=0.0|m=0|rt=None|br=a,SG4a1,8,7312.847666454683,0.029906278762453775,0.000853224826776141,0.00012283814159271456,0.0
G0|RD|h=0.0|trec=None|s=0.0|m=0|rt=None|br=a,SG4a1,9,10539.456605656454,0.029911459656362105,0.000853974256254598,0.00012294812715873293,0.0
G0|RD|h=0.0|trec=None|s=0.0|m=0|rt=None|br=a,SG4a1,10,15189.73737065138,0.029988287617022102,0.0008150454201366137,0.00011709241360606431,0.0
R1|RD|h=0.0|trec=None|s=20.0|m=0|rt=None|br=a,SG3a1,8,1597.9769585323686,1.4065670586663193,0.0003853901103408751,0.000271513471836604,0.3323339316414764
R1|RD|h=0.0|trec=None|s=20.0|m=0|rt=None|br=a,SG3a1,9,2126.618004010036,1.4065215955989807,0.00039302141149451274,0.0002715185134982256,0.3323425060812457
R1|RD|h=0.0|trec=None|s=20.0|m=0|rt=None|br=a,SG3a1,10,2830.250317773782,1.4065265591736709,0.0003922908778654257,0.00027148935290356523,0.3321520364446551
R1|RD|h=0.0|trec=None|s=20.0|m=0|rt=None|br=a,SG4a1,8,1843.2345491469787,1.4065227613782594,0.00039356890835175315,0.0002715278133107617,0.33237541486111355
R1|RD|h=0.0|trec=None|s=20.0|m=0|rt=None|br=a,SG4a1,9,2453.19758406787,1.4065252843392662,0.00039235699874332,0.0002715194699253023,0.3323295629867329
R1|RD|h=0.0|trec=None|s=20.0|m=0|rt=None|br=a,SG4a1,10,3264.9383364619657,1.4065046884254029,0.0003960049505749494,0.0002715162837937861,0.33229362145920094
R1|SR|h=0.7|trec=0.0|s=20.0|m=0|rt=None|br=a,SG3a1,8,3053.466533877922,32.86105604890718,0.47897559101140263,-0.575624498768873,0.669209523008335
R1|SR|h=0.7|trec=0.0|s=20.0|m=0|rt=None|br=a,SG3a1,9,4395.530420885759,32.8610483099033,0.47697262152204534,-0.5760657665637361,0.6688924443533362
R1|SR|h=0.7|trec=0.0|s=20.0|m=0|rt=None|br=a,SG3a1,10,6327.266870977451,32.86105385753163,0.4757573775261107,-0.5762888507394038,0.6687654318174308
R1|SR|h=0.7|trec=0.0|s=20.0|m=0|rt=None|br=a,SG4a1,8,3663.459538194313,32.86104990391295,0.4752620857245811,-0.5761040778888522,0.6697186254109311
R1|SR|h=0.7|trec=0.0|s=20.0|m=0|rt=None|br=a,SG4a1,9,5273.599868207819,32.86105402452999,0.47590908330738596,-0.5763697970758388,0.6695355090000077
R1|SR|h=0.7|trec=0.0|s=20.0|m=0|rt=None|br=a,SG4a1,10,7591.456095415048,32.86105595751848,0.475256479121858,-0.5764809881755149,0.6687263497673346
G1|RD|h=0.0|trec=None|s=20.0|m=0|rt=None|br=a,SG3a1,8,1476.3561604219099,0.03578605507759125,0.000808105913443735,0.00011531542927412364,0.0
G1|RD|h=0.0|trec=None|s=20.0|m=0|rt=None|br=a,SG3a1,9,1953.5222804227158,0.03579936946190854,0.0008015085440698311,0.00011423355073436149,0.0
G1|RD|h=0.0|trec=None|s=20.0|m=0|rt=None|br=a,SG3a1,10,2584.9810913856118,0.03580865783753273,0.0007965007737187898,0.00011341918420134823,0.0
G1|RD|h=0.0|trec=None|s=20.0|m=0|rt=None|br=a,SG4a1,8,1698.0376865507396,0.035787808026072065,0.000804770534153263,0.00011476732944547378,0.0
G1|RD|h=0.0|trec=None|s=20.0|m=0|rt=None|br=a,SG4a1,9,2247.0187140452886,0.0358098384695138,0.0007986779601745504,0.00011377249201807164,0.0
G1|RD|h=0.0|trec=None|s=20.0|m=0|rt=None|br=a,SG4a1,10,2973.4757910183384,0.035817273875971,0.0007944043937030344,0.00011307946241081968,0.0
G1|SR|h=0.7|trec=0.0|s=20.0|m=0|rt=None|br=a,SG3a1,8,1476.3561604219099,0.03578605507759125,0.000808105913443735,0.00011531542927412364,0.0
G1|SR|h=0.7|trec=0.0|s=20.0|m=0|rt=None|br=a,SG3a1,9,1953.5222804227158,0.03579936946190854,0.0008015085440698311,0.00011423355073436149,0.0
G1|SR|h=0.7|trec=0.0|s=20.0|m=0|rt=None|br=a,SG3a1,10,2584.9810913856118,0.03580865783753273,0.0007965007737187898,0.00011341918420134823,0.0
G1|SR|h=0.7|trec=0.0|s=20.0|m=0|rt=None|br=a,SG4a1,8,1698.0376865507396,0.035787808026072065,0.000804770534153263,0.00011476732944547378,0.0
G1|SR|h=0.7|trec=0.0|s=20.0|m=0|rt=None|br=a,SG4a1,9,2247.0187140452886,0.0358098384695138,0.0007986779601745504,0.00011377249201807164,0.0
G1|SR|h=0.7|trec=0.0|s=20.0|m=0|rt=None|br=a,SG4a1,10,2973.4757910183384,0.035817273875971,0.0007944043937030344,0.00011307946241081968,0.0
G0|RD|h=0.0|trec=None|s=20.0|m=0|rt=None|br=a,SG3a1,8,1362.8272500120383,0.03732428375397001,0.0008554570369109851,0.0001229476028104342,0.0
G0|RD|h=0.0|trec=None|s=20.0|m=0|rt=None|br=a,SG3a1,9,1785.7305703132267,0.03732618331434012,0.0008534970972443912,0.00012259799924620106,0.0
G0|RD|h=0.0|trec=None|s=20.0|m=0|rt=None|br=a,SG3a1,10,2339.9548875384635,0.03732686263552276,0.0008519837447122473,0.00012233157434802142,0.0
G0|RD|h=0.0|trec=None|s=20.0|m=0|rt=None|br=a,SG4a1,8,1559.7515204013775,0.03732019190558211,0.0008544944569631798,0.0001227754983171114,0.0
G0|RD|h=0.0|trec=None|s=20.0|m=0|rt=None|br=a,SG4a1,9,2043.9522294903466,0.03733182921822342,0.0008526261257065694,0.00012244421670610397,0.0
G0|RD|h=0.0|trec=None|s=20.0|m=0|rt=None|br=a,SG4a1,10,2678.468793933544,0.037332001795453706,0.0008513001830033742,0.00012221175605201806,0.0
R2|RD|h=0.0|trec=None|s=5.0|m=1|rt=None|br=a,SG3a1,8,1036.1581068046767,0.0023414416239209146,0.0008558083789173874,0.00033974365943481664,0.32648729809611754
R2|RD|h=0.0|trec=None|s=5.0|m=1|rt=None|br=a,SG3a1,9,1122.8463034931588,0.002333354023886791,0.0008858448915476332,0.00034020111299178324,0.3320238406538667
R2|RD|h=0.0|trec=None|s=5.0|m=1|rt=None|br=a,SG3a1,10,1221.8951844155667,0.002327856005179818,0.0008989748591684515,0.00034030242602404824,0.3338955128148746
R2|RD|h=0.0|trec=None|s=5.0|m=1|rt=None|br=a,SG4a1,8,1081.0947859956757,0.0023455492409452106,0.0007978346456750277,0.0003404052391577394,0.344332618373161
R2|RD|h=0.0|trec=None|s=5.0|m=1|rt=None|br=a,SG4a1,9,1169.2241158911695,0.002336225546351045,0.0008886335666219616,0.00034026817109222905,0.33284329790939093
R2|RD|h=0.0|trec=None|s=5.0|m=1|rt=None|br=a,SG4a1,10,1276.40061161561,0.0023331371487578245,0.0008871310840024871,0.00034019571645409923,0.3321435648323545
R2|RD|h=0.0|trec=None|s=5.0|m=1|rt=1e-05|br=a,SG3a1,8,1061.3465033038296,0.002325447782253187,0.000996981709694173,0.00034020260043258793,0.33215340015588235
R2|RD|h=0.0|trec=None|s=5.0|m=1|rt=1e-05|br=a,SG3a1,9,1151.6859453670036,0.0023418323738533253,0.0008734228390382345,0.0003402948820461879,0.3338658082531476
R2|RD|h=0.0|trec=None|s=5.0|m=1|rt=1e-05|br=a,SG3a1,10,1254.6438715129325,0.0023209038510496605,0.0009835045853953625,0.00034010194374665677,0.33052676486761134
R2|RD|h=0.0|trec=None|s=5.0|m=1|rt=1e-05|br=a,SG4a1,8,1107.7197225606287,0.002328098765852493,0.0009368797877737266,0.00034017593014138705,0.3314010829716385
R2|RD|h=0.0|trec=None|s=5.0|m=1|rt=1e-05|br=a,SG4a1,9,1200.3485507082746,0.0023278566227413755,0.0009814855224020873,0.0003401081728145196,0.3493818778246838
R2|RD|h=0.0|trec=None|s=5.0|m=1|rt=1e-05|br=a,SG4a1,10,1310.6473722203466,0.002321876274580248,0.000998781518422873,0.0003403311880827856,0.34500240551904593
G1m|RD|h=0.0|trec=None|s=5.0|m=1|rt=None|br=a,SG3a1,8,739.551370066799,0.030976269001226076,0.0007252137942089222,0.00010314669692840721,0.0
G1m|RD|h=0.0|trec=None|s=5.0|m=1|rt=None|br=a,SG3a1,9,746.3548391818995,0.030360695034425955,0.0009959737227457416,0.00014425601565260266,0.0
G1m|RD|h=0.0|trec=None|s=5.0|m=1|rt=None|br=a,SG3a1,10,753.9097512583942,0.030345556158162257,0.000996625765482244,0.00014452522048321868,0.0
G1m|RD|h=0.0|trec=None|s=5.0|m=1|rt=None|br=a,SG4a1,8,743.4212924375912,0.03041513294346765,0.0009747042916107822,0.00014113513691753238,0.0
G1m|RD|h=0.0|trec=None|s=5.0|m=1|rt=None|br=a,SG4a1,9,749.8859808734878,0.030382720964117205,0.0009781546169978833,0.0001415551956490659,0.0
G1m|RD|h=0.0|trec=None|s=5.0|m=1|rt=None|br=a,SG4a1,10,760.1554837873705,0.030975977872993443,0.0007106936133148973,0.00010103034620968107,0.0
G1m|RD|h=0.0|trec=None|s=5.0|m=1|rt=1e-05|br=a,SG3a1,8,782.5220082098444,0.03055162050083493,0.0009117051851641794,0.00013100799367763617,0.0
G1m|RD|h=0.0|trec=None|s=5.0|m=1|rt=1e-05|br=a,SG3a1,9,817.8946018214367,0.030447297374308624,0.0009664967941121159,0.00013948083692914563,0.0
G1m|RD|h=0.0|trec=None|s=5.0|m=1|rt=1e-05|br=a,SG3a1,10,846.7242834837392,0.030407094592233008,0.0009867435614529603,0.00014254418471988474,0.0
G1m|RD|h=0.0|trec=None|s=5.0|m=1|rt=1e-05|br=a,SG4a1,8,798.1734056701298,0.030426896870106024,0.0009751974807960286,0.00014077529858449488,0.0
G1m|RD|h=0.0|trec=None|s=5.0|m=1|rt=1e-05|br=a,SG4a1,9,834.6771940585131,0.030448152929518635,0.0009677907490538727,0.00013967834821804827,0.0
G1m|RD|h=0.0|trec=None|s=5.0|m=1|rt=1e-05|br=a,SG4a1,10,857.5228176355234,0.030428997432885296,0.0009764378778359388,0.0001409577720080013,0.0
