ISO-10303-21;
HEADER;
FILE_DESCRIPTION(('Open CASCADE Model'),'2;1');
FILE_NAME('Open CASCADE Shape Model','2026-10-05T13:34:57',('Author'),(
    'Open CASCADE'),'Open CASCADE STEP processor 8.0','Open CASCADE 8.0'
  ,'Unknown');
FILE_SCHEMA(('AUTOMOTIVE_DESIGN { 1 0 10303 214 1 1 1 1 }'));
ENDSEC;
DATA;
#1 = APPLICATION_PROTOCOL_DEFINITION('international standard',
  'automotive_design',2000,#2);
#2 = APPLICATION_CONTEXT(
  'core data for automotive mechanical design processes');
#3 = SHAPE_DEFINITION_REPRESENTATION(#4,#10);
#4 = PRODUCT_DEFINITION_SHAPE('','',#5);
#5 = PRODUCT_DEFINITION('design','',#6,#9);
#6 = PRODUCT_DEFINITION_FORMATION('','',#7);
#7 = PRODUCT('cem_coil 4','cem_coil 4','',(#8));
#8 = PRODUCT_CONTEXT('',#2,'mechanical');
#9 = PRODUCT_DEFINITION_CONTEXT('part definition',#2,'design');
#10 = ADVANCED_BREP_SHAPE_REPRESENTATION('',(#11,#15),#9980);
#11 = AXIS2_PLACEMENT_3D('',#12,#13,#14);
#12 = CARTESIAN_POINT('',(0.,0.,0.));
#13 = DIRECTION('',(0.,0.,1.));
#14 = DIRECTION('',(1.,0.,-0.));
#15 = MANIFOLD_SOLID_BREP('',#16);
#16 = CLOSED_SHELL('',(#17,#9972,#9976));
#17 = ADVANCED_FACE('',(#18),#31,.T.);
#18 = FACE_BOUND('',#19,.T.);
#19 = EDGE_LOOP('',(#20,#5030,#9944,#9971));
#20 = ORIENTED_EDGE('',*,*,#21,.T.);
#21 = EDGE_CURVE('',#22,#22,#24,.T.);
#22 = VERTEX_POINT('',#23);
#23 = CARTESIAN_POINT('',(119.80983647635,17.224007934869,
    -25.00024028956));
#24 = SURFACE_CURVE('',#25,(#30,#5018),.PCURVE_S1.);
#25 = CIRCLE('',#26,0.5);
#26 = AXIS2_PLACEMENT_3D('',#27,#28,#29);
#27 = CARTESIAN_POINT('',(119.47852645224,16.849530074475,
    -25.00024028956));
#28 = DIRECTION('',(-0.748955720789,0.662620048216,5.489774860324E-14));
#29 = DIRECTION('',(-0.662620048216,-0.748955720789,-3.739119128288E-14)
  );
#30 = PCURVE('',#31,#5012);
#31 = B_SPLINE_SURFACE_WITH_KNOTS('',3,3,(
    (#32,#33,#34,#35,#36,#37,#38,#39,#40,#41,#42,#43,#44,#45,#46,#47,#48
      ,#49,#50,#51,#52,#53,#54,#55,#56,#57,#58,#59,#60,#61,#62,#63,#64
      ,#65,#66,#67,#68,#69,#70,#71,#72,#73,#74,#75,#76,#77,#78,#79,#80
      ,#81,#82,#83,#84,#85,#86,#87,#88,#89,#90,#91,#92,#93,#94,#95,#96
      ,#97,#98,#99,#100,#101,#102,#103,#104,#105,#106,#107,#108,#109
      ,#110,#111,#112,#113,#114,#115,#116,#117,#118,#119,#120,#121,#122
      ,#123,#124,#125,#126,#127,#128,#129,#130,#131,#132,#133,#134,#135
      ,#136,#137,#138,#139,#140,#141,#142,#143,#144,#145,#146,#147,#148
      ,#149,#150,#151,#152,#153,#154,#155,#156,#157,#158,#159,#160,#161
      ,#162,#163,#164,#165,#166,#167,#168,#169,#170,#171,#172,#173,#174
      ,#175,#176,#177,#178,#179,#180,#181,#182,#183,#184,#185,#186,#187
      ,#188,#189,#190,#191,#192,#193,#194,#195,#196,#197,#198,#199,#200
      ,#201,#202,#203,#204,#205,#206,#207,#208,#209,#210,#211,#212,#213
      ,#214,#215,#216,#217,#218,#219,#220,#221,#222,#223,#224,#225,#226
      ,#227,#228,#229,#230,#231,#232,#233,#234,#235,#236,#237,#238,#239
      ,#240,#241,#242,#243,#244,#245,#246,#247,#248,#249,#250,#251,#252
      ,#253,#254,#255,#256,#257,#258,#259,#260,#261,#262,#263,#264,#265
      ,#266,#267,#268,#269,#270,#271,#272,#273,#274,#275,#276,#277,#278
      ,#279,#280,#281,#282,#283,#284,#285,#286,#287,#288,#289,#290,#291
      ,#292,#293,#294,#295,#296,#297,#298,#299,#300,#301,#302,#303,#304
      ,#305,#306,#307,#308,#309,#310,#311,#312,#313,#314,#315,#316,#317
      ,#318,#319,#320,#321,#322,#323,#324,#325,#326,#327,#328,#329,#330
      ,#331,#332,#333,#334,#335,#336,#337,#338,#339,#340,#341,#342,#343
      ,#344,#345,#346,#347,#348,#349,#350,#351,#352,#353,#354,#355,#356
      ,#357,#358,#359,#360,#361,#362,#363,#364,#365,#366,#367,#368,#369
      ,#370,#371,#372,#373,#374,#375,#376,#377,#378,#379,#380,#381,#382
      ,#383,#384,#385,#386,#387,#388,#389,#390,#391,#392,#393,#394,#395
      ,#396,#397,#398,#399,#400,#401,#402,#403,#404,#405,#406,#407,#408
      ,#409,#410,#411,#412,#413,#414,#415,#416,#417,#418,#419,#420,#421
      ,#422,#423,#424,#425,#426,#427,#428,#429,#430,#431,#432,#433,#434
      ,#435,#436,#437,#438,#439,#440,#441,#442,#443,#444,#445,#446,#447
      ,#448,#449,#450,#451,#452,#453,#454,#455,#456,#457,#458,#459,#460
      ,#461,#462,#463,#464,#465,#466,#467,#468,#469,#470,#471,#472,#473
      ,#474,#475,#476,#477,#478,#479,#480,#481,#482,#483,#484,#485,#486
      ,#487,#488,#489,#490,#491,#492,#493,#494,#495,#496,#497,#498,#499
      ,#500,#501,#502,#503,#504,#505,#506,#507,#508,#509,#510,#511,#512
      ,#513,#514,#515,#516,#517,#518,#519,#520,#521,#522,#523,#524,#525
      ,#526,#527,#528,#529)
    ,(#530,#531,#532,#533,#534,#535,#536,#537,#538,#539,#540,#541,#542
      ,#543,#544,#545,#546,#547,#548,#549,#550,#551,#552,#553,#554,#555
      ,#556,#557,#558,#559,#560,#561,#562,#563,#564,#565,#566,#567,#568
      ,#569,#570,#571,#572,#573,#574,#575,#576,#577,#578,#579,#580,#581
      ,#582,#583,#584,#585,#586,#587,#588,#589,#590,#591,#592,#593,#594
      ,#595,#596,#597,#598,#599,#600,#601,#602,#603,#604,#605,#606,#607
      ,#608,#609,#610,#611,#612,#613,#614,#615,#616,#617,#618,#619,#620
      ,#621,#622,#623,#624,#625,#626,#627,#628,#629,#630,#631,#632,#633
      ,#634,#635,#636,#637,#638,#639,#640,#641,#642,#643,#644,#645,#646
      ,#647,#648,#649,#650,#651,#652,#653,#654,#655,#656,#657,#658,#659
      ,#660,#661,#662,#663,#664,#665,#666,#667,#668,#669,#670,#671,#672
      ,#673,#674,#675,#676,#677,#678,#679,#680,#681,#682,#683,#684,#685
      ,#686,#687,#688,#689,#690,#691,#692,#693,#694,#695,#696,#697,#698
      ,#699,#700,#701,#702,#703,#704,#705,#706,#707,#708,#709,#710,#711
      ,#712,#713,#714,#715,#716,#717,#718,#719,#720,#721,#722,#723,#724
      ,#725,#726,#727,#728,#729,#730,#731,#732,#733,#734,#735,#736,#737
      ,#738,#739,#740,#741,#742,#743,#744,#745,#746,#747,#748,#749,#750
      ,#751,#752,#753,#754,#755,#756,#757,#758,#759,#760,#761,#762,#763
      ,#764,#765,#766,#767,#768,#769,#770,#771,#772,#773,#774,#775,#776
      ,#777,#778,#779,#780,#781,#782,#783,#784,#785,#786,#787,#788,#789
      ,#790,#791,#792,#793,#794,#795,#796,#797,#798,#799,#800,#801,#802
      ,#803,#804,#805,#806,#807,#808,#809,#810,#811,#812,#813,#814,#815
      ,#816,#817,#818,#819,#820,#821,#822,#823,#824,#825,#826,#827,#828
      ,#829,#830,#831,#832,#833,#834,#835,#836,#837,#838,#839,#840,#841
      ,#842,#843,#844,#845,#846,#847,#848,#849,#850,#851,#852,#853,#854
      ,#855,#856,#857,#858,#859,#860,#861,#862,#863,#864,#865,#866,#867
      ,#868,#869,#870,#871,#872,#873,#874,#875,#876,#877,#878,#879,#880
      ,#881,#882,#883,#884,#885,#886,#887,#888,#889,#890,#891,#892,#893
      ,#894,#895,#896,#897,#898,#899,#900,#901,#902,#903,#904,#905,#906
      ,#907,#908,#909,#910,#911,#912,#913,#914,#915,#916,#917,#918,#919
      ,#920,#921,#922,#923,#924,#925,#926,#927,#928,#929,#930,#931,#932
      ,#933,#934,#935,#936,#937,#938,#939,#940,#941,#942,#943,#944,#945
      ,#946,#947,#948,#949,#950,#951,#952,#953,#954,#955,#956,#957,#958
      ,#959,#960,#961,#962,#963,#964,#965,#966,#967,#968,#969,#970,#971
      ,#972,#973,#974,#975,#976,#977,#978,#979,#980,#981,#982,#983,#984
      ,#985,#986,#987,#988,#989,#990,#991,#992,#993,#994,#995,#996,#997
      ,#998,#999,#1000,#1001,#1002,#1003,#1004,#1005,#1006,#1007,#1008
      ,#1009,#1010,#1011,#1012,#1013,#1014,#1015,#1016,#1017,#1018,#1019
      ,#1020,#1021,#1022,#1023,#1024,#1025,#1026,#1027)
    ,(#1028,#1029,#1030,#1031,#1032,#1033,#1034,#1035,#1036,#1037,#1038
      ,#1039,#1040,#1041,#1042,#1043,#1044,#1045,#1046,#1047,#1048,#1049
      ,#1050,#1051,#1052,#1053,#1054,#1055,#1056,#1057,#1058,#1059,#1060
      ,#1061,#1062,#1063,#1064,#1065,#1066,#1067,#1068,#1069,#1070,#1071
      ,#1072,#1073,#1074,#1075,#1076,#1077,#1078,#1079,#1080,#1081,#1082
      ,#1083,#1084,#1085,#1086,#1087,#1088,#1089,#1090,#1091,#1092,#1093
      ,#1094,#1095,#1096,#1097,#1098,#1099,#1100,#1101,#1102,#1103,#1104
      ,#1105,#1106,#1107,#1108,#1109,#1110,#1111,#1112,#1113,#1114,#1115
      ,#1116,#1117,#1118,#1119,#1120,#1121,#1122,#1123,#1124,#1125,#1126
      ,#1127,#1128,#1129,#1130,#1131,#1132,#1133,#1134,#1135,#1136,#1137
      ,#1138,#1139,#1140,#1141,#1142,#1143,#1144,#1145,#1146,#1147,#1148
      ,#1149,#1150,#1151,#1152,#1153,#1154,#1155,#1156,#1157,#1158,#1159
      ,#1160,#1161,#1162,#1163,#1164,#1165,#1166,#1167,#1168,#1169,#1170
      ,#1171,#1172,#1173,#1174,#1175,#1176,#1177,#1178,#1179,#1180,#1181
      ,#1182,#1183,#1184,#1185,#1186,#1187,#1188,#1189,#1190,#1191,#1192
      ,#1193,#1194,#1195,#1196,#1197,#1198,#1199,#1200,#1201,#1202,#1203
      ,#1204,#1205,#1206,#1207,#1208,#1209,#1210,#1211,#1212,#1213,#1214
      ,#1215,#1216,#1217,#1218,#1219,#1220,#1221,#1222,#1223,#1224,#1225
      ,#1226,#1227,#1228,#1229,#1230,#1231,#1232,#1233,#1234,#1235,#1236
      ,#1237,#1238,#1239,#1240,#1241,#1242,#1243,#1244,#1245,#1246,#1247
      ,#1248,#1249,#1250,#1251,#1252,#1253,#1254,#1255,#1256,#1257,#1258
      ,#1259,#1260,#1261,#1262,#1263,#1264,#1265,#1266,#1267,#1268,#1269
      ,#1270,#1271,#1272,#1273,#1274,#1275,#1276,#1277,#1278,#1279,#1280
      ,#1281,#1282,#1283,#1284,#1285,#1286,#1287,#1288,#1289,#1290,#1291
      ,#1292,#1293,#1294,#1295,#1296,#1297,#1298,#1299,#1300,#1301,#1302
      ,#1303,#1304,#1305,#1306,#1307,#1308,#1309,#1310,#1311,#1312,#1313
      ,#1314,#1315,#1316,#1317,#1318,#1319,#1320,#1321,#1322,#1323,#1324
      ,#1325,#1326,#1327,#1328,#1329,#1330,#1331,#1332,#1333,#1334,#1335
      ,#1336,#1337,#1338,#1339,#1340,#1341,#1342,#1343,#1344,#1345,#1346
      ,#1347,#1348,#1349,#1350,#1351,#1352,#1353,#1354,#1355,#1356,#1357
      ,#1358,#1359,#1360,#1361,#1362,#1363,#1364,#1365,#1366,#1367,#1368
      ,#1369,#1370,#1371,#1372,#1373,#1374,#1375,#1376,#1377,#1378,#1379
      ,#1380,#1381,#1382,#1383,#1384,#1385,#1386,#1387,#1388,#1389,#1390
      ,#1391,#1392,#1393,#1394,#1395,#1396,#1397,#1398,#1399,#1400,#1401
      ,#1402,#1403,#1404,#1405,#1406,#1407,#1408,#1409,#1410,#1411,#1412
      ,#1413,#1414,#1415,#1416,#1417,#1418,#1419,#1420,#1421,#1422,#1423
      ,#1424,#1425,#1426,#1427,#1428,#1429,#1430,#1431,#1432,#1433,#1434
      ,#1435,#1436,#1437,#1438,#1439,#1440,#1441,#1442,#1443,#1444,#1445
      ,#1446,#1447,#1448,#1449,#1450,#1451,#1452,#1453,#1454,#1455,#1456
      ,#1457,#1458,#1459,#1460,#1461,#1462,#1463,#1464,#1465,#1466,#1467
      ,#1468,#1469,#1470,#1471,#1472,#1473,#1474,#1475,#1476,#1477,#1478
      ,#1479,#1480,#1481,#1482,#1483,#1484,#1485,#1486,#1487,#1488,#1489
      ,#1490,#1491,#1492,#1493,#1494,#1495,#1496,#1497,#1498,#1499,#1500
      ,#1501,#1502,#1503,#1504,#1505,#1506,#1507,#1508,#1509,#1510,#1511
      ,#1512,#1513,#1514,#1515,#1516,#1517,#1518,#1519,#1520,#1521,#1522
      ,#1523,#1524,#1525)
    ,(#1526,#1527,#1528,#1529,#1530,#1531,#1532,#1533,#1534,#1535,#1536
      ,#1537,#1538,#1539,#1540,#1541,#1542,#1543,#1544,#1545,#1546,#1547
      ,#1548,#1549,#1550,#1551,#1552,#1553,#1554,#1555,#1556,#1557,#1558
      ,#1559,#1560,#1561,#1562,#1563,#1564,#1565,#1566,#1567,#1568,#1569
      ,#1570,#1571,#1572,#1573,#1574,#1575,#1576,#1577,#1578,#1579,#1580
      ,#1581,#1582,#1583,#1584,#1585,#1586,#1587,#1588,#1589,#1590,#1591
      ,#1592,#1593,#1594,#1595,#1596,#1597,#1598,#1599,#1600,#1601,#1602
      ,#1603,#1604,#1605,#1606,#1607,#1608,#1609,#1610,#1611,#1612,#1613
      ,#1614,#1615,#1616,#1617,#1618,#1619,#1620,#1621,#1622,#1623,#1624
      ,#1625,#1626,#1627,#1628,#1629,#1630,#1631,#1632,#1633,#1634,#1635
      ,#1636,#1637,#1638,#1639,#1640,#1641,#1642,#1643,#1644,#1645,#1646
      ,#1647,#1648,#1649,#1650,#1651,#1652,#1653,#1654,#1655,#1656,#1657
      ,#1658,#1659,#1660,#1661,#1662,#1663,#1664,#1665,#1666,#1667,#1668
      ,#1669,#1670,#1671,#1672,#1673,#1674,#1675,#1676,#1677,#1678,#1679
      ,#1680,#1681,#1682,#1683,#1684,#1685,#1686,#1687,#1688,#1689,#1690
      ,#1691,#1692,#1693,#1694,#1695,#1696,#1697,#1698,#1699,#1700,#1701
      ,#1702,#1703,#1704,#1705,#1706,#1707,#1708,#1709,#1710,#1711,#1712
      ,#1713,#1714,#1715,#1716,#1717,#1718,#1719,#1720,#1721,#1722,#1723
      ,#1724,#1725,#1726,#1727,#1728,#1729,#1730,#1731,#1732,#1733,#1734
      ,#1735,#1736,#1737,#1738,#1739,#1740,#1741,#1742,#1743,#1744,#1745
      ,#1746,#1747,#1748,#1749,#1750,#1751,#1752,#1753,#1754,#1755,#1756
      ,#1757,#1758,#1759,#1760,#1761,#1762,#1763,#1764,#1765,#1766,#1767
      ,#1768,#1769,#1770,#1771,#1772,#1773,#1774,#1775,#1776,#1777,#1778
      ,#1779,#1780,#1781,#1782,#1783,#1784,#1785,#1786,#1787,#1788,#1789
      ,#1790,#1791,#1792,#1793,#1794,#1795,#1796,#1797,#1798,#1799,#1800
      ,#1801,#1802,#1803,#1804,#1805,#1806,#1807,#1808,#1809,#1810,#1811
      ,#1812,#1813,#1814,#1815,#1816,#1817,#1818,#1819,#1820,#1821,#1822
      ,#1823,#1824,#1825,#1826,#1827,#1828,#1829,#1830,#1831,#1832,#1833
      ,#1834,#1835,#1836,#1837,#1838,#1839,#1840,#1841,#1842,#1843,#1844
      ,#1845,#1846,#1847,#1848,#1849,#1850,#1851,#1852,#1853,#1854,#1855
      ,#1856,#1857,#1858,#1859,#1860,#1861,#1862,#1863,#1864,#1865,#1866
      ,#1867,#1868,#1869,#1870,#1871,#1872,#1873,#1874,#1875,#1876,#1877
      ,#1878,#1879,#1880,#1881,#1882,#1883,#1884,#1885,#1886,#1887,#1888
      ,#1889,#1890,#1891,#1892,#1893,#1894,#1895,#1896,#1897,#1898,#1899
      ,#1900,#1901,#1902,#1903,#1904,#1905,#1906,#1907,#1908,#1909,#1910
      ,#1911,#1912,#1913,#1914,#1915,#1916,#1917,#1918,#1919,#1920,#1921
      ,#1922,#1923,#1924,#1925,#1926,#1927,#1928,#1929,#1930,#1931,#1932
      ,#1933,#1934,#1935,#1936,#1937,#1938,#1939,#1940,#1941,#1942,#1943
      ,#1944,#1945,#1946,#1947,#1948,#1949,#1950,#1951,#1952,#1953,#1954
      ,#1955,#1956,#1957,#1958,#1959,#1960,#1961,#1962,#1963,#1964,#1965
      ,#1966,#1967,#1968,#1969,#1970,#1971,#1972,#1973,#1974,#1975,#1976
      ,#1977,#1978,#1979,#1980,#1981,#1982,#1983,#1984,#1985,#1986,#1987
      ,#1988,#1989,#1990,#1991,#1992,#1993,#1994,#1995,#1996,#1997,#1998
      ,#1999,#2000,#2001,#2002,#2003,#2004,#2005,#2006,#2007,#2008,#2009
      ,#2010,#2011,#2012,#2013,#2014,#2015,#2016,#2017,#2018,#2019,#2020
      ,#2021,#2022,#2023)
    ,(#2024,#2025,#2026,#2027,#2028,#2029,#2030,#2031,#2032,#2033,#2034
      ,#2035,#2036,#2037,#2038,#2039,#2040,#2041,#2042,#2043,#2044,#2045
      ,#2046,#2047,#2048,#2049,#2050,#2051,#2052,#2053,#2054,#2055,#2056
      ,#2057,#2058,#2059,#2060,#2061,#2062,#2063,#2064,#2065,#2066,#2067
      ,#2068,#2069,#2070,#2071,#2072,#2073,#2074,#2075,#2076,#2077,#2078
      ,#2079,#2080,#2081,#2082,#2083,#2084,#2085,#2086,#2087,#2088,#2089
      ,#2090,#2091,#2092,#2093,#2094,#2095,#2096,#2097,#2098,#2099,#2100
      ,#2101,#2102,#2103,#2104,#2105,#2106,#2107,#2108,#2109,#2110,#2111
      ,#2112,#2113,#2114,#2115,#2116,#2117,#2118,#2119,#2120,#2121,#2122
      ,#2123,#2124,#2125,#2126,#2127,#2128,#2129,#2130,#2131,#2132,#2133
      ,#2134,#2135,#2136,#2137,#2138,#2139,#2140,#2141,#2142,#2143,#2144
      ,#2145,#2146,#2147,#2148,#2149,#2150,#2151,#2152,#2153,#2154,#2155
      ,#2156,#2157,#2158,#2159,#2160,#2161,#2162,#2163,#2164,#2165,#2166
      ,#2167,#2168,#2169,#2170,#2171,#2172,#2173,#2174,#2175,#2176,#2177
      ,#2178,#2179,#2180,#2181,#2182,#2183,#2184,#2185,#2186,#2187,#2188
      ,#2189,#2190,#2191,#2192,#2193,#2194,#2195,#2196,#2197,#2198,#2199
      ,#2200,#2201,#2202,#2203,#2204,#2205,#2206,#2207,#2208,#2209,#2210
      ,#2211,#2212,#2213,#2214,#2215,#2216,#2217,#2218,#2219,#2220,#2221
      ,#2222,#2223,#2224,#2225,#2226,#2227,#2228,#2229,#2230,#2231,#2232
      ,#2233,#2234,#2235,#2236,#2237,#2238,#2239,#2240,#2241,#2242,#2243
      ,#2244,#2245,#2246,#2247,#2248,#2249,#2250,#2251,#2252,#2253,#2254
      ,#2255,#2256,#2257,#2258,#2259,#2260,#2261,#2262,#2263,#2264,#2265
      ,#2266,#2267,#2268,#2269,#2270,#2271,#2272,#2273,#2274,#2275,#2276
      ,#2277,#2278,#2279,#2280,#2281,#2282,#2283,#2284,#2285,#2286,#2287
      ,#2288,#2289,#2290,#2291,#2292,#2293,#2294,#2295,#2296,#2297,#2298
      ,#2299,#2300,#2301,#2302,#2303,#2304,#2305,#2306,#2307,#2308,#2309
      ,#2310,#2311,#2312,#2313,#2314,#2315,#2316,#2317,#2318,#2319,#2320
      ,#2321,#2322,#2323,#2324,#2325,#2326,#2327,#2328,#2329,#2330,#2331
      ,#2332,#2333,#2334,#2335,#2336,#2337,#2338,#2339,#2340,#2341,#2342
      ,#2343,#2344,#2345,#2346,#2347,#2348,#2349,#2350,#2351,#2352,#2353
      ,#2354,#2355,#2356,#2357,#2358,#2359,#2360,#2361,#2362,#2363,#2364
      ,#2365,#2366,#2367,#2368,#2369,#2370,#2371,#2372,#2373,#2374,#2375
      ,#2376,#2377,#2378,#2379,#2380,#2381,#2382,#2383,#2384,#2385,#2386
      ,#2387,#2388,#2389,#2390,#2391,#2392,#2393,#2394,#2395,#2396,#2397
      ,#2398,#2399,#2400,#2401,#2402,#2403,#2404,#2405,#2406,#2407,#2408
      ,#2409,#2410,#2411,#2412,#2413,#2414,#2415,#2416,#2417,#2418,#2419
      ,#2420,#2421,#2422,#2423,#2424,#2425,#2426,#2427,#2428,#2429,#2430
      ,#2431,#2432,#2433,#2434,#2435,#2436,#2437,#2438,#2439,#2440,#2441
      ,#2442,#2443,#2444,#2445,#2446,#2447,#2448,#2449,#2450,#2451,#2452
      ,#2453,#2454,#2455,#2456,#2457,#2458,#2459,#2460,#2461,#2462,#2463
      ,#2464,#2465,#2466,#2467,#2468,#2469,#2470,#2471,#2472,#2473,#2474
      ,#2475,#2476,#2477,#2478,#2479,#2480,#2481,#2482,#2483,#2484,#2485
      ,#2486,#2487,#2488,#2489,#2490,#2491,#2492,#2493,#2494,#2495,#2496
      ,#2497,#2498,#2499,#2500,#2501,#2502,#2503,#2504,#2505,#2506,#2507
      ,#2508,#2509,#2510,#2511,#2512,#2513,#2514,#2515,#2516,#2517,#2518
      ,#2519,#2520,#2521)
    ,(#2522,#2523,#2524,#2525,#2526,#2527,#2528,#2529,#2530,#2531,#2532
      ,#2533,#2534,#2535,#2536,#2537,#2538,#2539,#2540,#2541,#2542,#2543
      ,#2544,#2545,#2546,#2547,#2548,#2549,#2550,#2551,#2552,#2553,#2554
      ,#2555,#2556,#2557,#2558,#2559,#2560,#2561,#2562,#2563,#2564,#2565
      ,#2566,#2567,#2568,#2569,#2570,#2571,#2572,#2573,#2574,#2575,#2576
      ,#2577,#2578,#2579,#2580,#2581,#2582,#2583,#2584,#2585,#2586,#2587
      ,#2588,#2589,#2590,#2591,#2592,#2593,#2594,#2595,#2596,#2597,#2598
      ,#2599,#2600,#2601,#2602,#2603,#2604,#2605,#2606,#2607,#2608,#2609
      ,#2610,#2611,#2612,#2613,#2614,#2615,#2616,#2617,#2618,#2619,#2620
      ,#2621,#2622,#2623,#2624,#2625,#2626,#2627,#2628,#2629,#2630,#2631
      ,#2632,#2633,#2634,#2635,#2636,#2637,#2638,#2639,#2640,#2641,#2642
      ,#2643,#2644,#2645,#2646,#2647,#2648,#2649,#2650,#2651,#2652,#2653
      ,#2654,#2655,#2656,#2657,#2658,#2659,#2660,#2661,#2662,#2663,#2664
      ,#2665,#2666,#2667,#2668,#2669,#2670,#2671,#2672,#2673,#2674,#2675
      ,#2676,#2677,#2678,#2679,#2680,#2681,#2682,#2683,#2684,#2685,#2686
      ,#2687,#2688,#2689,#2690,#2691,#2692,#2693,#2694,#2695,#2696,#2697
      ,#2698,#2699,#2700,#2701,#2702,#2703,#2704,#2705,#2706,#2707,#2708
      ,#2709,#2710,#2711,#2712,#2713,#2714,#2715,#2716,#2717,#2718,#2719
      ,#2720,#2721,#2722,#2723,#2724,#2725,#2726,#2727,#2728,#2729,#2730
      ,#2731,#2732,#2733,#2734,#2735,#2736,#2737,#2738,#2739,#2740,#2741
      ,#2742,#2743,#2744,#2745,#2746,#2747,#2748,#2749,#2750,#2751,#2752
      ,#2753,#2754,#2755,#2756,#2757,#2758,#2759,#2760,#2761,#2762,#2763
      ,#2764,#2765,#2766,#2767,#2768,#2769,#2770,#2771,#2772,#2773,#2774
      ,#2775,#2776,#2777,#2778,#2779,#2780,#2781,#2782,#2783,#2784,#2785
      ,#2786,#2787,#2788,#2789,#2790,#2791,#2792,#2793,#2794,#2795,#2796
      ,#2797,#2798,#2799,#2800,#2801,#2802,#2803,#2804,#2805,#2806,#2807
      ,#2808,#2809,#2810,#2811,#2812,#2813,#2814,#2815,#2816,#2817,#2818
      ,#2819,#2820,#2821,#2822,#2823,#2824,#2825,#2826,#2827,#2828,#2829
      ,#2830,#2831,#2832,#2833,#2834,#2835,#2836,#2837,#2838,#2839,#2840
      ,#2841,#2842,#2843,#2844,#2845,#2846,#2847,#2848,#2849,#2850,#2851
      ,#2852,#2853,#2854,#2855,#2856,#2857,#2858,#2859,#2860,#2861,#2862
      ,#2863,#2864,#2865,#2866,#2867,#2868,#2869,#2870,#2871,#2872,#2873
      ,#2874,#2875,#2876,#2877,#2878,#2879,#2880,#2881,#2882,#2883,#2884
      ,#2885,#2886,#2887,#2888,#2889,#2890,#2891,#2892,#2893,#2894,#2895
      ,#2896,#2897,#2898,#2899,#2900,#2901,#2902,#2903,#2904,#2905,#2906
      ,#2907,#2908,#2909,#2910,#2911,#2912,#2913,#2914,#2915,#2916,#2917
      ,#2918,#2919,#2920,#2921,#2922,#2923,#2924,#2925,#2926,#2927,#2928
      ,#2929,#2930,#2931,#2932,#2933,#2934,#2935,#2936,#2937,#2938,#2939
      ,#2940,#2941,#2942,#2943,#2944,#2945,#2946,#2947,#2948,#2949,#2950
      ,#2951,#2952,#2953,#2954,#2955,#2956,#2957,#2958,#2959,#2960,#2961
      ,#2962,#2963,#2964,#2965,#2966,#2967,#2968,#2969,#2970,#2971,#2972
      ,#2973,#2974,#2975,#2976,#2977,#2978,#2979,#2980,#2981,#2982,#2983
      ,#2984,#2985,#2986,#2987,#2988,#2989,#2990,#2991,#2992,#2993,#2994
      ,#2995,#2996,#2997,#2998,#2999,#3000,#3001,#3002,#3003,#3004,#3005
      ,#3006,#3007,#3008,#3009,#3010,#3011,#3012,#3013,#3014,#3015,#3016
      ,#3017,#3018,#3019)
    ,(#3020,#3021,#3022,#3023,#3024,#3025,#3026,#3027,#3028,#3029,#3030
      ,#3031,#3032,#3033,#3034,#3035,#3036,#3037,#3038,#3039,#3040,#3041
      ,#3042,#3043,#3044,#3045,#3046,#3047,#3048,#3049,#3050,#3051,#3052
      ,#3053,#3054,#3055,#3056,#3057,#3058,#3059,#3060,#3061,#3062,#3063
      ,#3064,#3065,#3066,#3067,#3068,#3069,#3070,#3071,#3072,#3073,#3074
      ,#3075,#3076,#3077,#3078,#3079,#3080,#3081,#3082,#3083,#3084,#3085
      ,#3086,#3087,#3088,#3089,#3090,#3091,#3092,#3093,#3094,#3095,#3096
      ,#3097,#3098,#3099,#3100,#3101,#3102,#3103,#3104,#3105,#3106,#3107
      ,#3108,#3109,#3110,#3111,#3112,#3113,#3114,#3115,#3116,#3117,#3118
      ,#3119,#3120,#3121,#3122,#3123,#3124,#3125,#3126,#3127,#3128,#3129
      ,#3130,#3131,#3132,#3133,#3134,#3135,#3136,#3137,#3138,#3139,#3140
      ,#3141,#3142,#3143,#3144,#3145,#3146,#3147,#3148,#3149,#3150,#3151
      ,#3152,#3153,#3154,#3155,#3156,#3157,#3158,#3159,#3160,#3161,#3162
      ,#3163,#3164,#3165,#3166,#3167,#3168,#3169,#3170,#3171,#3172,#3173
      ,#3174,#3175,#3176,#3177,#3178,#3179,#3180,#3181,#3182,#3183,#3184
      ,#3185,#3186,#3187,#3188,#3189,#3190,#3191,#3192,#3193,#3194,#3195
      ,#3196,#3197,#3198,#3199,#3200,#3201,#3202,#3203,#3204,#3205,#3206
      ,#3207,#3208,#3209,#3210,#3211,#3212,#3213,#3214,#3215,#3216,#3217
      ,#3218,#3219,#3220,#3221,#3222,#3223,#3224,#3225,#3226,#3227,#3228
      ,#3229,#3230,#3231,#3232,#3233,#3234,#3235,#3236,#3237,#3238,#3239
      ,#3240,#3241,#3242,#3243,#3244,#3245,#3246,#3247,#3248,#3249,#3250
      ,#3251,#3252,#3253,#3254,#3255,#3256,#3257,#3258,#3259,#3260,#3261
      ,#3262,#3263,#3264,#3265,#3266,#3267,#3268,#3269,#3270,#3271,#3272
      ,#3273,#3274,#3275,#3276,#3277,#3278,#3279,#3280,#3281,#3282,#3283
      ,#3284,#3285,#3286,#3287,#3288,#3289,#3290,#3291,#3292,#3293,#3294
      ,#3295,#3296,#3297,#3298,#3299,#3300,#3301,#3302,#3303,#3304,#3305
      ,#3306,#3307,#3308,#3309,#3310,#3311,#3312,#3313,#3314,#3315,#3316
      ,#3317,#3318,#3319,#3320,#3321,#3322,#3323,#3324,#3325,#3326,#3327
      ,#3328,#3329,#3330,#3331,#3332,#3333,#3334,#3335,#3336,#3337,#3338
      ,#3339,#3340,#3341,#3342,#3343,#3344,#3345,#3346,#3347,#3348,#3349
      ,#3350,#3351,#3352,#3353,#3354,#3355,#3356,#3357,#3358,#3359,#3360
      ,#3361,#3362,#3363,#3364,#3365,#3366,#3367,#3368,#3369,#3370,#3371
      ,#3372,#3373,#3374,#3375,#3376,#3377,#3378,#3379,#3380,#3381,#3382
      ,#3383,#3384,#3385,#3386,#3387,#3388,#3389,#3390,#3391,#3392,#3393
      ,#3394,#3395,#3396,#3397,#3398,#3399,#3400,#3401,#3402,#3403,#3404
      ,#3405,#3406,#3407,#3408,#3409,#3410,#3411,#3412,#3413,#3414,#3415
      ,#3416,#3417,#3418,#3419,#3420,#3421,#3422,#3423,#3424,#3425,#3426
      ,#3427,#3428,#3429,#3430,#3431,#3432,#3433,#3434,#3435,#3436,#3437
      ,#3438,#3439,#3440,#3441,#3442,#3443,#3444,#3445,#3446,#3447,#3448
      ,#3449,#3450,#3451,#3452,#3453,#3454,#3455,#3456,#3457,#3458,#3459
      ,#3460,#3461,#3462,#3463,#3464,#3465,#3466,#3467,#3468,#3469,#3470
      ,#3471,#3472,#3473,#3474,#3475,#3476,#3477,#3478,#3479,#3480,#3481
      ,#3482,#3483,#3484,#3485,#3486,#3487,#3488,#3489,#3490,#3491,#3492
      ,#3493,#3494,#3495,#3496,#3497,#3498,#3499,#3500,#3501,#3502,#3503
      ,#3504,#3505,#3506,#3507,#3508,#3509,#3510,#3511,#3512,#3513,#3514
      ,#3515,#3516,#3517)
    ,(#3518,#3519,#3520,#3521,#3522,#3523,#3524,#3525,#3526,#3527,#3528
      ,#3529,#3530,#3531,#3532,#3533,#3534,#3535,#3536,#3537,#3538,#3539
      ,#3540,#3541,#3542,#3543,#3544,#3545,#3546,#3547,#3548,#3549,#3550
      ,#3551,#3552,#3553,#3554,#3555,#3556,#3557,#3558,#3559,#3560,#3561
      ,#3562,#3563,#3564,#3565,#3566,#3567,#3568,#3569,#3570,#3571,#3572
      ,#3573,#3574,#3575,#3576,#3577,#3578,#3579,#3580,#3581,#3582,#3583
      ,#3584,#3585,#3586,#3587,#3588,#3589,#3590,#3591,#3592,#3593,#3594
      ,#3595,#3596,#3597,#3598,#3599,#3600,#3601,#3602,#3603,#3604,#3605
      ,#3606,#3607,#3608,#3609,#3610,#3611,#3612,#3613,#3614,#3615,#3616
      ,#3617,#3618,#3619,#3620,#3621,#3622,#3623,#3624,#3625,#3626,#3627
      ,#3628,#3629,#3630,#3631,#3632,#3633,#3634,#3635,#3636,#3637,#3638
      ,#3639,#3640,#3641,#3642,#3643,#3644,#3645,#3646,#3647,#3648,#3649
      ,#3650,#3651,#3652,#3653,#3654,#3655,#3656,#3657,#3658,#3659,#3660
      ,#3661,#3662,#3663,#3664,#3665,#3666,#3667,#3668,#3669,#3670,#3671
      ,#3672,#3673,#3674,#3675,#3676,#3677,#3678,#3679,#3680,#3681,#3682
      ,#3683,#3684,#3685,#3686,#3687,#3688,#3689,#3690,#3691,#3692,#3693
      ,#3694,#3695,#3696,#3697,#3698,#3699,#3700,#3701,#3702,#3703,#3704
      ,#3705,#3706,#3707,#3708,#3709,#3710,#3711,#3712,#3713,#3714,#3715
      ,#3716,#3717,#3718,#3719,#3720,#3721,#3722,#3723,#3724,#3725,#3726
      ,#3727,#3728,#3729,#3730,#3731,#3732,#3733,#3734,#3735,#3736,#3737
      ,#3738,#3739,#3740,#3741,#3742,#3743,#3744,#3745,#3746,#3747,#3748
      ,#3749,#3750,#3751,#3752,#3753,#3754,#3755,#3756,#3757,#3758,#3759
      ,#3760,#3761,#3762,#3763,#3764,#3765,#3766,#3767,#3768,#3769,#3770
      ,#3771,#3772,#3773,#3774,#3775,#3776,#3777,#3778,#3779,#3780,#3781
      ,#3782,#3783,#3784,#3785,#3786,#3787,#3788,#3789,#3790,#3791,#3792
      ,#3793,#3794,#3795,#3796,#3797,#3798,#3799,#3800,#3801,#3802,#3803
      ,#3804,#3805,#3806,#3807,#3808,#3809,#3810,#3811,#3812,#3813,#3814
      ,#3815,#3816,#3817,#3818,#3819,#3820,#3821,#3822,#3823,#3824,#3825
      ,#3826,#3827,#3828,#3829,#3830,#3831,#3832,#3833,#3834,#3835,#3836
      ,#3837,#3838,#3839,#3840,#3841,#3842,#3843,#3844,#3845,#3846,#3847
      ,#3848,#3849,#3850,#3851,#3852,#3853,#3854,#3855,#3856,#3857,#3858
      ,#3859,#3860,#3861,#3862,#3863,#3864,#3865,#3866,#3867,#3868,#3869
      ,#3870,#3871,#3872,#3873,#3874,#3875,#3876,#3877,#3878,#3879,#3880
      ,#3881,#3882,#3883,#3884,#3885,#3886,#3887,#3888,#3889,#3890,#3891
      ,#3892,#3893,#3894,#3895,#3896,#3897,#3898,#3899,#3900,#3901,#3902
      ,#3903,#3904,#3905,#3906,#3907,#3908,#3909,#3910,#3911,#3912,#3913
      ,#3914,#3915,#3916,#3917,#3918,#3919,#3920,#3921,#3922,#3923,#3924
      ,#3925,#3926,#3927,#3928,#3929,#3930,#3931,#3932,#3933,#3934,#3935
      ,#3936,#3937,#3938,#3939,#3940,#3941,#3942,#3943,#3944,#3945,#3946
      ,#3947,#3948,#3949,#3950,#3951,#3952,#3953,#3954,#3955,#3956,#3957
      ,#3958,#3959,#3960,#3961,#3962,#3963,#3964,#3965,#3966,#3967,#3968
      ,#3969,#3970,#3971,#3972,#3973,#3974,#3975,#3976,#3977,#3978,#3979
      ,#3980,#3981,#3982,#3983,#3984,#3985,#3986,#3987,#3988,#3989,#3990
      ,#3991,#3992,#3993,#3994,#3995,#3996,#3997,#3998,#3999,#4000,#4001
      ,#4002,#4003,#4004,#4005,#4006,#4007,#4008,#4009,#4010,#4011,#4012
      ,#4013,#4014,#4015)
    ,(#4016,#4017,#4018,#4019,#4020,#4021,#4022,#4023,#4024,#4025,#4026
      ,#4027,#4028,#4029,#4030,#4031,#4032,#4033,#4034,#4035,#4036,#4037
      ,#4038,#4039,#4040,#4041,#4042,#4043,#4044,#4045,#4046,#4047,#4048
      ,#4049,#4050,#4051,#4052,#4053,#4054,#4055,#4056,#4057,#4058,#4059
      ,#4060,#4061,#4062,#4063,#4064,#4065,#4066,#4067,#4068,#4069,#4070
      ,#4071,#4072,#4073,#4074,#4075,#4076,#4077,#4078,#4079,#4080,#4081
      ,#4082,#4083,#4084,#4085,#4086,#4087,#4088,#4089,#4090,#4091,#4092
      ,#4093,#4094,#4095,#4096,#4097,#4098,#4099,#4100,#4101,#4102,#4103
      ,#4104,#4105,#4106,#4107,#4108,#4109,#4110,#4111,#4112,#4113,#4114
      ,#4115,#4116,#4117,#4118,#4119,#4120,#4121,#4122,#4123,#4124,#4125
      ,#4126,#4127,#4128,#4129,#4130,#4131,#4132,#4133,#4134,#4135,#4136
      ,#4137,#4138,#4139,#4140,#4141,#4142,#4143,#4144,#4145,#4146,#4147
      ,#4148,#4149,#4150,#4151,#4152,#4153,#4154,#4155,#4156,#4157,#4158
      ,#4159,#4160,#4161,#4162,#4163,#4164,#4165,#4166,#4167,#4168,#4169
      ,#4170,#4171,#4172,#4173,#4174,#4175,#4176,#4177,#4178,#4179,#4180
      ,#4181,#4182,#4183,#4184,#4185,#4186,#4187,#4188,#4189,#4190,#4191
      ,#4192,#4193,#4194,#4195,#4196,#4197,#4198,#4199,#4200,#4201,#4202
      ,#4203,#4204,#4205,#4206,#4207,#4208,#4209,#4210,#4211,#4212,#4213
      ,#4214,#4215,#4216,#4217,#4218,#4219,#4220,#4221,#4222,#4223,#4224
      ,#4225,#4226,#4227,#4228,#4229,#4230,#4231,#4232,#4233,#4234,#4235
      ,#4236,#4237,#4238,#4239,#4240,#4241,#4242,#4243,#4244,#4245,#4246
      ,#4247,#4248,#4249,#4250,#4251,#4252,#4253,#4254,#4255,#4256,#4257
      ,#4258,#4259,#4260,#4261,#4262,#4263,#4264,#4265,#4266,#4267,#4268
      ,#4269,#4270,#4271,#4272,#4273,#4274,#4275,#4276,#4277,#4278,#4279
      ,#4280,#4281,#4282,#4283,#4284,#4285,#4286,#4287,#4288,#4289,#4290
      ,#4291,#4292,#4293,#4294,#4295,#4296,#4297,#4298,#4299,#4300,#4301
      ,#4302,#4303,#4304,#4305,#4306,#4307,#4308,#4309,#4310,#4311,#4312
      ,#4313,#4314,#4315,#4316,#4317,#4318,#4319,#4320,#4321,#4322,#4323
      ,#4324,#4325,#4326,#4327,#4328,#4329,#4330,#4331,#4332,#4333,#4334
      ,#4335,#4336,#4337,#4338,#4339,#4340,#4341,#4342,#4343,#4344,#4345
      ,#4346,#4347,#4348,#4349,#4350,#4351,#4352,#4353,#4354,#4355,#4356
      ,#4357,#4358,#4359,#4360,#4361,#4362,#4363,#4364,#4365,#4366,#4367
      ,#4368,#4369,#4370,#4371,#4372,#4373,#4374,#4375,#4376,#4377,#4378
      ,#4379,#4380,#4381,#4382,#4383,#4384,#4385,#4386,#4387,#4388,#4389
      ,#4390,#4391,#4392,#4393,#4394,#4395,#4396,#4397,#4398,#4399,#4400
      ,#4401,#4402,#4403,#4404,#4405,#4406,#4407,#4408,#4409,#4410,#4411
      ,#4412,#4413,#4414,#4415,#4416,#4417,#4418,#4419,#4420,#4421,#4422
      ,#4423,#4424,#4425,#4426,#4427,#4428,#4429,#4430,#4431,#4432,#4433
      ,#4434,#4435,#4436,#4437,#4438,#4439,#4440,#4441,#4442,#4443,#4444
      ,#4445,#4446,#4447,#4448,#4449,#4450,#4451,#4452,#4453,#4454,#4455
      ,#4456,#4457,#4458,#4459,#4460,#4461,#4462,#4463,#4464,#4465,#4466
      ,#4467,#4468,#4469,#4470,#4471,#4472,#4473,#4474,#4475,#4476,#4477
      ,#4478,#4479,#4480,#4481,#4482,#4483,#4484,#4485,#4486,#4487,#4488
      ,#4489,#4490,#4491,#4492,#4493,#4494,#4495,#4496,#4497,#4498,#4499
      ,#4500,#4501,#4502,#4503,#4504,#4505,#4506,#4507,#4508,#4509,#4510
      ,#4511,#4512,#4513)
    ,(#4514,#4515,#4516,#4517,#4518,#4519,#4520,#4521,#4522,#4523,#4524
      ,#4525,#4526,#4527,#4528,#4529,#4530,#4531,#4532,#4533,#4534,#4535
      ,#4536,#4537,#4538,#4539,#4540,#4541,#4542,#4543,#4544,#4545,#4546
      ,#4547,#4548,#4549,#4550,#4551,#4552,#4553,#4554,#4555,#4556,#4557
      ,#4558,#4559,#4560,#4561,#4562,#4563,#4564,#4565,#4566,#4567,#4568
      ,#4569,#4570,#4571,#4572,#4573,#4574,#4575,#4576,#4577,#4578,#4579
      ,#4580,#4581,#4582,#4583,#4584,#4585,#4586,#4587,#4588,#4589,#4590
      ,#4591,#4592,#4593,#4594,#4595,#4596,#4597,#4598,#4599,#4600,#4601
      ,#4602,#4603,#4604,#4605,#4606,#4607,#4608,#4609,#4610,#4611,#4612
      ,#4613,#4614,#4615,#4616,#4617,#4618,#4619,#4620,#4621,#4622,#4623
      ,#4624,#4625,#4626,#4627,#4628,#4629,#4630,#4631,#4632,#4633,#4634
      ,#4635,#4636,#4637,#4638,#4639,#4640,#4641,#4642,#4643,#4644,#4645
      ,#4646,#4647,#4648,#4649,#4650,#4651,#4652,#4653,#4654,#4655,#4656
      ,#4657,#4658,#4659,#4660,#4661,#4662,#4663,#4664,#4665,#4666,#4667
      ,#4668,#4669,#4670,#4671,#4672,#4673,#4674,#4675,#4676,#4677,#4678
      ,#4679,#4680,#4681,#4682,#4683,#4684,#4685,#4686,#4687,#4688,#4689
      ,#4690,#4691,#4692,#4693,#4694,#4695,#4696,#4697,#4698,#4699,#4700
      ,#4701,#4702,#4703,#4704,#4705,#4706,#4707,#4708,#4709,#4710,#4711
      ,#4712,#4713,#4714,#4715,#4716,#4717,#4718,#4719,#4720,#4721,#4722
      ,#4723,#4724,#4725,#4726,#4727,#4728,#4729,#4730,#4731,#4732,#4733
      ,#4734,#4735,#4736,#4737,#4738,#4739,#4740,#4741,#4742,#4743,#4744
      ,#4745,#4746,#4747,#4748,#4749,#4750,#4751,#4752,#4753,#4754,#4755
      ,#4756,#4757,#4758,#4759,#4760,#4761,#4762,#4763,#4764,#4765,#4766
      ,#4767,#4768,#4769,#4770,#4771,#4772,#4773,#4774,#4775,#4776,#4777
      ,#4778,#4779,#4780,#4781,#4782,#4783,#4784,#4785,#4786,#4787,#4788
      ,#4789,#4790,#4791,#4792,#4793,#4794,#4795,#4796,#4797,#4798,#4799
      ,#4800,#4801,#4802,#4803,#4804,#4805,#4806,#4807,#4808,#4809,#4810
      ,#4811,#4812,#4813,#4814,#4815,#4816,#4817,#4818,#4819,#4820,#4821
      ,#4822,#4823,#4824,#4825,#4826,#4827,#4828,#4829,#4830,#4831,#4832
      ,#4833,#4834,#4835,#4836,#4837,#4838,#4839,#4840,#4841,#4842,#4843
      ,#4844,#4845,#4846,#4847,#4848,#4849,#4850,#4851,#4852,#4853,#4854
      ,#4855,#4856,#4857,#4858,#4859,#4860,#4861,#4862,#4863,#4864,#4865
      ,#4866,#4867,#4868,#4869,#4870,#4871,#4872,#4873,#4874,#4875,#4876
      ,#4877,#4878,#4879,#4880,#4881,#4882,#4883,#4884,#4885,#4886,#4887
      ,#4888,#4889,#4890,#4891,#4892,#4893,#4894,#4895,#4896,#4897,#4898
      ,#4899,#4900,#4901,#4902,#4903,#4904,#4905,#4906,#4907,#4908,#4909
      ,#4910,#4911,#4912,#4913,#4914,#4915,#4916,#4917,#4918,#4919,#4920
      ,#4921,#4922,#4923,#4924,#4925,#4926,#4927,#4928,#4929,#4930,#4931
      ,#4932,#4933,#4934,#4935,#4936,#4937,#4938,#4939,#4940,#4941,#4942
      ,#4943,#4944,#4945,#4946,#4947,#4948,#4949,#4950,#4951,#4952,#4953
      ,#4954,#4955,#4956,#4957,#4958,#4959,#4960,#4961,#4962,#4963,#4964
      ,#4965,#4966,#4967,#4968,#4969,#4970,#4971,#4972,#4973,#4974,#4975
      ,#4976,#4977,#4978,#4979,#4980,#4981,#4982,#4983,#4984,#4985,#4986
      ,#4987,#4988,#4989,#4990,#4991,#4992,#4993,#4994,#4995,#4996,#4997
      ,#4998,#4999,#5000,#5001,#5002,#5003,#5004,#5005,#5006,#5007,#5008
      ,#5009,#5010,#5011
    )),.UNSPECIFIED.,.T.,.F.,.F.,(1,3,1,1,1,1,1,1,3,1),(4,1,1,1,1,1,1,1,
    1,1,1,1,1,1,1,1,1,1,1,1,1,1,1,1,1,1,1,1,1,1,1,1,1,1,1,1,1,1,1,1,1,1,
    1,1,1,1,1,1,1,1,1,1,1,1,1,1,1,1,1,1,1,1,1,1,1,1,1,1,1,1,1,1,1,1,1,1,
    1,1,1,1,1,1,1,1,1,1,1,1,1,1,1,1,1,1,1,1,1,1,1,1,1,1,1,1,1,1,1,1,1,1,
    1,1,1,1,1,1,1,1,1,1,1,1,1,1,1,1,1,1,1,1,1,1,1,1,1,1,1,1,1,1,1,1,1,1,
    1,1,1,1,1,1,1,1,1,1,1,1,1,1,1,1,1,1,1,1,1,1,1,1,1,1,1,1,1,1,1,1,1,1,
    1,1,1,1,1,1,1,1,1,1,1,1,1,1,1,1,1,1,1,1,1,1,1,1,1,1,1,1,1,1,1,1,1,1,
    1,1,1,1,1,1,1,1,1,1,1,1,1,1,1,1,1,1,1,1,1,1,1,1,1,1,1,1,1,1,1,1,1,1,
    1,1,1,1,1,1,1,1,1,1,1,1,1,1,1,1,1,1,1,1,1,1,1,1,1,1,1,1,1,1,1,1,1,1,
    1,1,1,1,1,1,1,1,1,1,1,1,1,1,1,1,1,1,1,1,1,1,1,1,1,1,1,1,1,1,1,1,1,1,
    1,1,1,1,1,1,1,1,1,1,1,1,1,1,1,1,1,1,1,1,1,1,1,1,1,1,1,1,1,1,1,1,1,1,
    1,1,1,1,1,1,1,1,1,1,1,1,1,1,1,1,1,1,1,1,1,1,1,1,1,1,1,1,1,1,1,1,1,1,
    1,1,1,1,1,1,1,1,1,1,1,1,1,1,1,1,1,1,1,1,1,1,1,1,1,1,1,1,1,1,1,1,1,1,
    1,1,1,1,1,1,1,1,1,1,1,1,1,1,1,1,1,1,1,1,1,1,1,1,1,1,1,1,1,1,1,1,1,1,
    1,1,1,1,1,1,1,1,1,1,1,1,1,1,1,1,1,1,1,1,1,1,1,1,1,1,1,1,1,1,1,1,1,1,
    1,1,1,1,1,1,1,1,1,1,1,4),(-4.039190554615,-3.14159265359,
    -2.243994752564,-1.346396851538,-0.448798950513,0.448798950513,
    1.346396851538,2.243994752564,3.14159265359,4.039190554615),(
    7.136414352391E-15,0.499546535023,0.999093070046,1.498639605069,
    1.998186140092,2.497732675116,2.997279210139,3.996372280185,
    4.495918815208,4.995465350231,5.495011885254,5.994558420277,
    6.4941049553,6.993651490324,7.99274456037,8.492291095393,
    8.991837630416,9.491384165439,9.990930700462,10.490477235485,
    10.990023770509,11.989116840555,12.488663375578,12.988209910601,
    13.487756445624,13.987302980647,14.48684951567,14.986396050693,
    15.98548912074,16.485035655763,16.984582190786,17.484128725809,
    17.983675260832,18.483221795855,18.982768330878,19.981861400925,
    20.481407935948,20.980954470971,21.480501005994,21.980047541017,
    22.47959407604,22.979140611063,23.978233681109,24.477780216133,
    24.977326751156,25.476873286179,25.976419821202,26.475966356225,
    26.975512891248,27.974605961294,28.474152496317,28.973699031341,
    29.473245566364,29.972792101387,30.47233863641,30.971885171433,
    31.970978241479,32.470524776502,32.970071311525,33.469617846549,
    33.969164381572,34.468710916595,34.968257451618,35.967350521664,
    36.466897056687,36.96644359171,37.465990126733,37.965536661757,
    38.46508319678,38.964629731803,39.963722801849,40.463269336872,
    40.962815871895,41.462362406918,41.961908941941,42.461455476965,
    42.961002011988,43.960095082034,44.459641617057,44.95918815208,
    45.458734687103,45.958281222126,46.457827757149,46.957374292173,
    47.956467362219,48.456013897242,48.955560432265,49.455106967288,
    49.954653502311,50.454200037334,50.953746572357,51.952839642404,
    52.452386177427,52.95193271245,53.451479247473,53.951025782496,
    54.450572317519,54.950118852542,55.949211922589,56.448758457612,
    56.948304992635,57.447851527658,57.947398062681,58.446944597704,
    58.946491132727,59.945584202773,60.445130737797,60.94467727282,
    61.444223807843,61.943770342866,62.443316877889,62.942863412912,
    63.941956482958,64.441503017982,64.941049553005,65.440596088028,
    65.940142623051,66.439689158074,66.939235693097,67.938328763143,
    68.437875298166,68.93742183319,69.436968368213,69.936514903236,
    70.436061438259,70.935607973282,71.934701043328,72.434247578351,
    72.933794113374,73.433340648398,73.932887183421,74.432433718444,
    74.931980253467,75.931073323513,76.430619858536,76.930166393559,
    77.429712928582,77.929259463606,78.428805998629,78.928352533652,
    79.927445603698,80.426992138721,80.926538673744,81.426085208767,
    81.92563174379,82.425178278814,82.924724813837,83.923817883883,
    84.423364418906,84.922910953929,85.422457488952,85.922004023975,
    86.421550558998,86.921097094022,87.920190164068,88.419736699091,
    88.919283234114,89.418829769137,89.91837630416,90.417922839183,
    90.917469374206,91.916562444253,92.416108979276,92.915655514299,
    93.415202049322,93.914748584345,94.414295119368,94.913841654391,
    95.912934724438,96.412481259461,96.912027794484,97.411574329507,
    97.91112086453,98.410667399553,98.910213934576,99.909307004622,
    100.40885353964,100.90840007466,101.40794660969,101.90749314471,
    102.40703967973,102.90658621476,103.9056792848,104.40522581983,
    104.90477235485,105.40431888987,105.9038654249,106.40341195992,
    106.90295849494,107.90205156499,108.40159810001,108.90114463503,
    109.40069117006,109.90023770508,110.3997842401,110.89933077513,
    111.89842384517,112.3979703802,112.89751691522,113.39706345024,
    113.89660998527,114.39615652029,114.89570305531,115.89479612536,
    116.39434266038,116.8938891954,117.39343573043,117.89298226545,
    118.39252880047,118.8920753355,119.89116840554,120.39071494057,
    120.89026147559,121.38980801061,121.88935454563,122.38890108066,
    122.88844761568,123.88754068573,124.38708722075,124.88663375577,
    125.3861802908,125.88572682582,126.38527336084,126.88481989587,
    127.88391296591,128.38345950094,128.88300603596,129.38255257098,
    129.882099106,130.38164564103,130.88119217605,131.8802852461,
    132.37983178112,132.87937831614,133.37892485117,133.87847138619,
    134.37801792121,134.87756445624,135.87665752628,136.37620406131,
    136.87575059633,137.37529713135,137.87484366637,138.3743902014,
    138.87393673642,139.87302980647,140.37257634149,140.87212287651,
    141.37166941154,141.87121594656,142.87030901661,143.86940208665,
    144.36894862167,144.8684951567,145.36804169172,145.86758822674,
    146.36713476177,146.86668129679,147.86577436684,148.36532090186,
    148.86486743688,149.36441397191,149.86396050693,150.36350704195,
    150.86305357698,151.86214664702,152.36169318204,152.86123971707,
    153.36078625209,153.86033278711,154.35987932214,154.85942585716,
    155.85851892721,156.35806546223,156.85761199725,157.35715853228,
    157.8567050673,158.35625160232,158.85579813735,159.85489120739,
    160.35443774241,160.85398427744,161.35353081246,161.85307734748,
    162.35262388251,162.85217041753,163.85126348758,164.3508100226,
    164.85035655762,165.34990309265,165.84944962767,166.34899616269,
    166.84854269771,167.84763576776,168.34718230278,168.84672883781,
    169.34627537283,169.84582190785,170.34536844288,170.8449149779,
    171.84400804795,172.34355458297,172.84310111799,173.34264765302,
    173.84219418804,174.34174072306,174.84128725808,175.84038032813,
    176.33992686315,176.83947339818,177.3390199332,177.83856646822,
    178.33811300325,178.83765953827,179.83675260832,180.33629914334,
    180.83584567836,181.33539221339,181.83493874841,182.33448528343,
    182.83403181845,183.8331248885,184.33267142352,184.83221795855,
    185.33176449357,185.83131102859,186.33085756362,186.83040409864,
    187.82949716869,188.32904370371,188.82859023873,189.32813677375,
    189.82768330878,190.3272298438,190.82677637882,191.82586944887,
    192.32541598389,192.82496251892,193.32450905394,193.82405558896,
    194.32360212399,194.82314865901,195.82224172906,196.32178826408,
    196.8213347991,197.32088133412,197.82042786915,198.31997440417,
    198.81952093919,199.81861400924,200.31816054426,200.81770707929,
    201.31725361431,201.81680014933,202.31634668436,202.81589321938,
    203.81498628943,204.31453282445,204.81407935947,205.31362589449,
    205.81317242952,206.31271896454,206.81226549956,207.81135856961,
    208.31090510463,208.81045163966,209.30999817468,209.8095447097,
    210.30909124473,210.80863777975,211.80773084979,212.30727738482,
    212.80682391984,213.30637045486,213.80591698989,214.30546352491,
    214.80501005993,215.80410312998,216.303649665,216.80319620003,
    217.30274273505,217.80228927007,218.3018358051,218.80138234012,
    219.80047541016,220.30002194519,220.79956848021,221.29911501523,
    221.79866155026,222.29820808528,222.7977546203,223.79684769035,
    224.29639422537,224.7959407604,225.29548729542,225.79503383044,
    226.29458036547,226.79412690049,227.79321997053,228.29276650556,
    228.79231304058,229.2918595756,229.79140611063,230.29095264565,
    230.79049918067,231.78959225072,232.28913878574,232.78868532077,
    233.28823185579,233.78777839081,234.28732492584,234.78687146086,
    235.7859645309,236.28551106593,236.78505760095,237.28460413597,
    237.784150671,238.28369720602,238.78324374104,239.78233681109,
    240.28188334611,240.78142988114,241.28097641616,241.78052295118,
    242.2800694862,242.77961602123,243.77870909127,244.2782556263,
    244.77780216132,245.27734869634,245.77689523137,246.27644176639,
    246.77598830141,247.77508137146,248.27462790648,248.77417444151,
    249.27372097653,249.77326751155,250.27281404657,250.7723605816,
    251.77145365164,252.27100018667,252.77054672169,253.27009325671,
    253.76963979174,254.26918632676,254.76873286178,255.76782593183,
    256.26737246685,256.76691900188,257.2664655369,257.76601207192,
    258.26555860694,258.76510514197,259.76419821201,260.26374474704,
    260.76329128206,261.26283781708,261.76238435211,262.26193088713,
    262.76147742215,263.7605704922,264.26011702722,264.75966356224,
    265.25921009727,265.75875663229,266.25830316731,266.75784970234,
    267.75694277238,268.25648930741,268.75603584243,269.25558237745,
    269.75512891248,270.2546754475,270.75422198252,271.75331505257,
    272.25286158759,272.75240812261,273.25195465764,273.75150119266,
    274.25104772768,274.75059426271,275.74968733275,276.24923386778,
    276.7487804028,277.24832693782,277.74787347285,278.24742000787,
    278.74696654289,279.74605961294,280.24560614796,280.74515268298,
    281.24469921801,281.74424575303,282.24379228805,282.74333882308),
  .UNSPECIFIED.);
#32 = CARTESIAN_POINT('',(119.80983647635,17.224007934869,
    -25.00024028956));
#33 = CARTESIAN_POINT('',(116.9406950633,19.762409830577,-24.97079388202
    ));
#34 = CARTESIAN_POINT('',(109.91450889098,23.380123613298,
    -24.91190106694));
#35 = CARTESIAN_POINT('',(98.053934457308,23.070590925794,
    -24.82356184433));
#36 = CARTESIAN_POINT('',(87.800185078849,17.154812774673,
    -24.73522262171));
#37 = CARTESIAN_POINT('',(81.620034708768,6.983959209573,-24.6468833991)
  );
#38 = CARTESIAN_POINT('',(81.089412831541,-4.784303811417,
    -24.55854417648));
#39 = CARTESIAN_POINT('',(87.93824307686,-19.17165143656,-24.44075854633
    ));
#40 = CARTESIAN_POINT('',(103.9683298639,-25.36878096548,-24.32297291618
    ));
#41 = CARTESIAN_POINT('',(118.71717312114,-19.34207213433,
    -24.20518728603));
#42 = CARTESIAN_POINT('',(126.23927240363,-10.26893182458,
    -24.11684806341));
#43 = CARTESIAN_POINT('',(128.52260220818,1.392020715423,-24.0285088408)
  );
#44 = CARTESIAN_POINT('',(124.89763827224,12.708328201825,
    -23.94016961818));
#45 = CARTESIAN_POINT('',(116.3718390028,20.844269368849,-23.85183039556
    ));
#46 = CARTESIAN_POINT('',(101.01971969509,25.114454130322,
    -23.73404476541));
#47 = CARTESIAN_POINT('',(85.824213881686,17.0930795571,-23.61625913526)
  );
#48 = CARTESIAN_POINT('',(80.689181610488,2.008142241678,-23.4984735051)
  );
#49 = CARTESIAN_POINT('',(82.597198459695,-9.621157512652,
    -23.41013428249));
#50 = CARTESIAN_POINT('',(89.895569134481,-18.99840433647,
    -23.32179505988));
#51 = CARTESIAN_POINT('',(100.81237348183,-23.69118785112,
    -23.23345583726));
#52 = CARTESIAN_POINT('',(112.54648930607,-22.59955960447,
    -23.14511661465));
#53 = CARTESIAN_POINT('',(125.84495976409,-13.82031316082,
    -23.02733098449));
#54 = CARTESIAN_POINT('',(129.76749994978,2.908623731246,-22.90954535434
    ));
#55 = CARTESIAN_POINT('',(121.75759494706,16.684179947,-22.79175972419)
  );
#56 = CARTESIAN_POINT('',(111.73174698644,22.878003131738,
    -22.70342050157));
#57 = CARTESIAN_POINT('',(99.866768990834,23.527010313509,
    -22.61508127896));
#58 = CARTESIAN_POINT('',(89.160783987655,18.371353771804,
    -22.52674205634));
#59 = CARTESIAN_POINT('',(82.282242755275,8.802302245884,-22.43840283373
    ));
#60 = CARTESIAN_POINT('',(80.176622958076,-6.99297836954,-22.32061720357
    ));
#61 = CARTESIAN_POINT('',(90.222677292068,-20.93286455111,
    -22.20283157342));
#62 = CARTESIAN_POINT('',(105.87289857833,-23.93204753316,
    -22.08504594327));
#63 = CARTESIAN_POINT('',(117.1264956837,-20.43381538915,-21.99670672065
    ));
#64 = CARTESIAN_POINT('',(125.40411470607,-11.90856266397,
    -21.90836749804));
#65 = CARTESIAN_POINT('',(128.54179754045,-0.447591627688,
    -21.82002827542));
#66 = CARTESIAN_POINT('',(125.83762332065,11.022740442462,
    -21.73168905281));
#67 = CARTESIAN_POINT('',(115.30334524602,22.979057189545,
    -21.61390342266));
#68 = CARTESIAN_POINT('',(98.192651525059,24.549978872049,-21.4961177925
    ));
#69 = CARTESIAN_POINT('',(85.657421978649,14.711658643029,
    -21.37833216235));
#70 = CARTESIAN_POINT('',(80.909890383777,3.925462846343,-21.28999293973
    ));
#71 = CARTESIAN_POINT('',(81.908261973381,-7.915236661883,
    -21.20165371712));
#72 = CARTESIAN_POINT('',(88.495192510523,-17.80519403154,-21.1133144945
    ));
#73 = CARTESIAN_POINT('',(98.923691322179,-23.29404532709,
    -21.02497527189));
#74 = CARTESIAN_POINT('',(114.85839075311,-23.19465340898,
    -20.90718964174));
#75 = CARTESIAN_POINT('',(127.27473431528,-11.31702540098,
    -20.78940401159));
#76 = CARTESIAN_POINT('',(128.0803808398,4.597604924128,-20.67161838143)
  );
#77 = CARTESIAN_POINT('',(123.05919870578,15.259162314419,
    -20.58327915882));
#78 = CARTESIAN_POINT('',(113.47094785011,22.278019500845,-20.4949399362
    ));
#79 = CARTESIAN_POINT('',(101.68614309664,23.800283471926,
    -20.40660071359));
#80 = CARTESIAN_POINT('',(90.700101496077,19.535548314855,
    -20.31826149097));
#81 = CARTESIAN_POINT('',(80.315791172682,7.44875288286,-20.20047586082)
  );
#82 = CARTESIAN_POINT('',(81.126686989949,-9.71475732117,-20.08269023066
    ));
#83 = CARTESIAN_POINT('',(92.604288300896,-20.76867937872,
    -19.96490460051));
#84 = CARTESIAN_POINT('',(103.94347496825,-23.97865161103,-19.8765653779
    ));
#85 = CARTESIAN_POINT('',(115.53226725795,-21.35209417949,
    -19.78822615528));
#86 = CARTESIAN_POINT('',(124.41606969916,-13.46051861689,
    -19.69988693267));
#87 = CARTESIAN_POINT('',(128.40971191122,-2.373052815751,
    -19.61154771005));
#88 = CARTESIAN_POINT('',(126.10721899863,13.394732415379,-19.4937620799
    ));
#89 = CARTESIAN_POINT('',(112.62635608934,24.04883818597,-19.37597644975
    ));
#90 = CARTESIAN_POINT('',(96.753263915248,22.64546028238,-19.25819081959
    ));
#91 = CARTESIAN_POINT('',(86.888706930775,16.197856734589,
    -19.16985159698));
#92 = CARTESIAN_POINT('',(81.263544004375,5.730934898332,-19.08151237436
    ));
#93 = CARTESIAN_POINT('',(81.385963315254,-6.151149270164,
    -18.99317315175));
#94 = CARTESIAN_POINT('',(87.129272976998,-16.4417017402,-18.90483392913
    ));
#95 = CARTESIAN_POINT('',(100.53622591351,-25.05437482499,
    -18.78704829898));
#96 = CARTESIAN_POINT('',(117.42259659752,-21.87725039044,
    -18.66926266883));
#97 = CARTESIAN_POINT('',(126.78270755278,-8.981016536612,
    -18.55147703868));
#98 = CARTESIAN_POINT('',(128.39341104051,2.693173383208,-18.46313781606
    ));
#99 = CARTESIAN_POINT('',(124.18916142374,13.807272349601,
    -18.37479859345));
#100 = CARTESIAN_POINT('',(115.14465063736,21.51413522044,
    -18.28645937083));
#101 = CARTESIAN_POINT('',(103.61136631433,23.935793481534,
    -18.19812014821));
#102 = CARTESIAN_POINT('',(88.313619488261,19.474463326413,
    -18.08033451806));
#103 = CARTESIAN_POINT('',(79.626568945375,4.649525302406,
    -17.96254888791));
#104 = CARTESIAN_POINT('',(83.211992357367,-10.876880066,-17.84476325775
    ));
#105 = CARTESIAN_POINT('',(90.962066829214,-19.75479770981,
    -17.75642403514));
#106 = CARTESIAN_POINT('',(102.10644068494,-23.87812670935,
    -17.66808481253));
#107 = CARTESIAN_POINT('',(113.85737984059,-22.11337753875,
    -17.57974558991));
#108 = CARTESIAN_POINT('',(123.25461479182,-15.00190432423,
    -17.4914063673));
#109 = CARTESIAN_POINT('',(129.9300782608,-0.532532804304,
    -17.37362073714));
#110 = CARTESIAN_POINT('',(124.44780311591,15.75207016249,
    -17.25583510699));
#111 = CARTESIAN_POINT('',(110.38085743732,23.238428688706,
    -17.13804947684));
#112 = CARTESIAN_POINT('',(98.596092077169,23.218898828552,
    -17.04971025422));
#113 = CARTESIAN_POINT('',(88.170346904906,17.517780668236,
    -16.96137103161));
#114 = CARTESIAN_POINT('',(81.788582438958,7.49420880108,-16.87303180899
    ));
#115 = CARTESIAN_POINT('',(80.985462747951,-4.263175039356,
    -16.78469258638));
#116 = CARTESIAN_POINT('',(87.519864317503,-18.79679540165,
    -16.66690695622));
#117 = CARTESIAN_POINT('',(103.40387880291,-25.34978848708,
    -16.54912132607));
#118 = CARTESIAN_POINT('',(118.28511351272,-19.65124672457,
    -16.43133569592));
#119 = CARTESIAN_POINT('',(126.00572030489,-10.7476908748,-16.3429964733
    ));
#120 = CARTESIAN_POINT('',(128.54794737591,0.859892516853,
    -16.25465725069));
#121 = CARTESIAN_POINT('',(125.17479436512,12.253783399281,
    -16.16631802807));
#122 = CARTESIAN_POINT('',(116.83187049915,20.577045823119,
    -16.07797880546));
#123 = CARTESIAN_POINT('',(101.57824354163,25.186968745267,
    -15.9601931753));
#124 = CARTESIAN_POINT('',(86.208467942461,17.504935643185,
    -15.84240754515));
#125 = CARTESIAN_POINT('',(80.739781644122,2.537704941488,-15.724621915)
  );
#126 = CARTESIAN_POINT('',(82.389169404798,-9.13108231445,
    -15.63628269238));
#127 = CARTESIAN_POINT('',(89.477556257692,-18.6680463229,
    -15.54794346977));
#128 = CARTESIAN_POINT('',(100.28749332528,-23.60202760271,
    -15.45960424716));
#129 = CARTESIAN_POINT('',(112.04294952837,-22.77116933157,
    -15.37126502454));
#130 = CARTESIAN_POINT('',(125.53304514379,-14.28931546616,
    -15.25347939439));
#131 = CARTESIAN_POINT('',(129.82600424482,2.34841685249,-15.13569376424
    ));
#132 = CARTESIAN_POINT('',(122.1238944534,16.298399987548,
    -15.01790813408));
#133 = CARTESIAN_POINT('',(112.23802161254,22.713272876672,
    -14.92956891147));
#134 = CARTESIAN_POINT('',(100.39037603501,23.625525552357,
    -14.84122968885));
#135 = CARTESIAN_POINT('',(89.572572692764,18.708815115162,
    -14.75289046623));
#136 = CARTESIAN_POINT('',(82.483291464014,9.294827242369,
    -14.66455124362));
#137 = CARTESIAN_POINT('',(80.02753150469,-6.449815266423,
    -14.54676561347));
#138 = CARTESIAN_POINT('',(89.761641063703,-20.60929073846,
    -14.42897998331));
#139 = CARTESIAN_POINT('',(105.34142266194,-23.95517329149,
    -14.31119435316));
#140 = CARTESIAN_POINT('',(116.66990786382,-20.70763591061,
    -14.22285513055));
#141 = CARTESIAN_POINT('',(125.13474951037,-12.36824944794,
    -14.13451590793));
#142 = CARTESIAN_POINT('',(128.52609540175,-0.979760359404,
    -14.04617668532));
#143 = CARTESIAN_POINT('',(126.07723181457,10.547778109008,
    -13.9578374627));
#144 = CARTESIAN_POINT('',(115.81098312613,22.735011698907,
    -13.84005183255));
#145 = CARTESIAN_POINT('',(98.739381279655,24.685407798511,
    -13.7222662024));
#146 = CARTESIAN_POINT('',(85.988828001155,15.127797438195,
    -13.60448057224));
#147 = CARTESIAN_POINT('',(81.003010281688,4.449656322922,
    -13.51614134963));
#148 = CARTESIAN_POINT('',(81.738269395671,-7.410289069455,
    -13.42780212701));
#149 = CARTESIAN_POINT('',(88.104017076382,-17.44404046862,
    -13.3394629044));
#150 = CARTESIAN_POINT('',(98.408091884688,-23.16305422575,
    -13.25112368178));
#151 = CARTESIAN_POINT('',(114.34107064149,-23.41744102279,
    -13.13333805163));
#152 = CARTESIAN_POINT('',(127.01804036677,-11.81838618479,
    -13.01555242148));
#153 = CARTESIAN_POINT('',(128.17679701541,4.074436337865,
    -12.89776679133));
#154 = CARTESIAN_POINT('',(123.39354155897,14.844837595379,
    -12.80942756871));
#155 = CARTESIAN_POINT('',(113.96347412715,22.074826454726,
    -12.72108834609));
#156 = CARTESIAN_POINT('',(102.21536843906,23.858340799003,
    -12.63274912348));
#157 = CARTESIAN_POINT('',(91.137356249935,19.838549517496,
    -12.54440990086));
#158 = CARTESIAN_POINT('',(80.487275389174,7.985267171801,
    -12.42662427071));
#159 = CARTESIAN_POINT('',(80.916937237744,-9.192015070922,
    -12.30883864056));
#160 = CARTESIAN_POINT('',(92.146310057758,-20.49801837786,
    -12.19105301041));
#161 = CARTESIAN_POINT('',(103.41143994928,-23.95893220754,
    -12.10271378779));
#162 = CARTESIAN_POINT('',(115.05568633051,-21.59029612569,
    -12.01437456518));
#163 = CARTESIAN_POINT('',(124.11249421216,-13.89788807167,
    -11.92603534256));
#164 = CARTESIAN_POINT('',(128.35129661687,-2.90181467326,
    -11.83769611995));
#165 = CARTESIAN_POINT('',(126.39941985042,12.913200400905,
    -11.71991048979));
#166 = CARTESIAN_POINT('',(113.15840312825,23.86395885471,
    -11.60212485964));
#167 = CARTESIAN_POINT('',(97.25806763744,22.813313345009,
    -11.48433922949));
#168 = CARTESIAN_POINT('',(87.252803456586,16.586294420939,
    -11.39600000687));
#169 = CARTESIAN_POINT('',(81.396658662858,6.246832209113,
    -11.30766078426));
#170 = CARTESIAN_POINT('',(81.255262632043,-5.635041289514,
    -11.21932156164));
#171 = CARTESIAN_POINT('',(86.768704043543,-16.05056047058,
    -11.13098233903));
#172 = CARTESIAN_POINT('',(99.981149312721,-24.95874854204,
    -11.01319670888));
#173 = CARTESIAN_POINT('',(116.93389119131,-22.1572886819,
    -10.89541107872));
#174 = CARTESIAN_POINT('',(126.57799483448,-9.472029929032,
    -10.77762544857));
#175 = CARTESIAN_POINT('',(128.44747122264,2.163524808217,
    -10.68928622595));
#176 = CARTESIAN_POINT('',(124.49099347922,13.36822000892,
    -10.60094700334));
#177 = CARTESIAN_POINT('',(115.61980600305,21.273973827347,
    -10.51260778072));
#178 = CARTESIAN_POINT('',(104.14312552964,23.951076985716,
    -10.42426855811));
#179 = CARTESIAN_POINT('',(88.750106302769,19.830460067275,
    -10.30648292795));
#180 = CARTESIAN_POINT('',(79.736079488677,5.20203037899,-10.1886972978)
  );
#181 = CARTESIAN_POINT('',(82.975929260791,-10.40014569236,
    -10.07091166765));
#182 = CARTESIAN_POINT('',(90.527001741761,-19.44792886818,
    -9.982572445039));
#183 = CARTESIAN_POINT('',(101.57709009108,-23.81764947102,
    -9.894233222425));
#184 = CARTESIAN_POINT('',(113.36431102234,-22.3142089525,
    -9.805893999811));
#185 = CARTESIAN_POINT('',(122.91710641292,-15.41310931295,
    -9.717554777196));
#186 = CARTESIAN_POINT('',(129.91214825715,-1.095500772944,
    -9.599769147043));
#187 = CARTESIAN_POINT('',(124.79274641412,15.306796606384,
    -9.481983516889));
#188 = CARTESIAN_POINT('',(110.8954666036,23.103599706099,
    -9.364197886735));
#189 = CARTESIAN_POINT('',(99.113172099474,23.345699328622,
    -9.27585866412));
#190 = CARTESIAN_POINT('',(88.563430196839,17.877440331219,
    -9.187519441504));
#191 = CARTESIAN_POINT('',(81.96071281,7.998015561305,-9.09918021889));
#192 = CARTESIAN_POINT('',(80.896774259485,-3.738641150474,
    -9.010840996275));
#193 = CARTESIAN_POINT('',(87.106915466036,-18.41374492871,
    -8.893055366123));
#194 = CARTESIAN_POINT('',(102.84153719699,-25.31775199229,
    -8.77526973597));
#195 = CARTESIAN_POINT('',(117.8456133593,-19.95098171372,
    -8.657484105818));
#196 = CARTESIAN_POINT('',(125.76197847777,-11.22101955341,
    -8.569144883203));
#197 = CARTESIAN_POINT('',(128.56127018866,0.327265020159,
    -8.480805660588));
#198 = CARTESIAN_POINT('',(125.44189567152,11.793232632912,
    -8.392466437973));
#199 = CARTESIAN_POINT('',(117.28580642624,20.2996586881,-8.304127215357
    ));
#200 = CARTESIAN_POINT('',(102.13828022828,25.247079712202,
    -8.186341585203));
#201 = CARTESIAN_POINT('',(86.601749588137,17.908152664056,
    -8.06855595505));
#202 = CARTESIAN_POINT('',(80.802134901882,3.066016894616,
    -7.950770324897));
#203 = CARTESIAN_POINT('',(82.192066234201,-8.63651133226,
    -7.862431102282));
#204 = CARTESIAN_POINT('',(89.066983182698,-18.32848882017,
    -7.774091879668));
#205 = CARTESIAN_POINT('',(99.764720489148,-23.50123733493,
    -7.685752657054));
#206 = CARTESIAN_POINT('',(111.53572474851,-22.93155783262,
    -7.59741343444));
#207 = CARTESIAN_POINT('',(125.21079487924,-14.75127778685,
    -7.479627804287));
#208 = CARTESIAN_POINT('',(129.87205767688,1.787049325694,
    -7.361842174134));
#209 = CARTESIAN_POINT('',(122.48153914792,15.904583125215,
    -7.24405654398));
#210 = CARTESIAN_POINT('',(112.74051448265,22.537343823453,
    -7.155717321364));
#211 = CARTESIAN_POINT('',(100.91604105823,23.712392294796,
    -7.067378098749));
#212 = CARTESIAN_POINT('',(89.991751653663,19.037051485822,
    -6.979038876134));
#213 = CARTESIAN_POINT('',(82.695224789191,9.78276751971,-6.890699653519
    ));
#214 = CARTESIAN_POINT('',(79.890535156801,-5.903476159816,
    -6.772914023366));
#215 = CARTESIAN_POINT('',(89.307901874189,-20.27556155688,
    -6.655128393213));
#216 = CARTESIAN_POINT('',(104.80956433509,-23.96649445461,
    -6.537342763061));
#217 = CARTESIAN_POINT('',(116.20735368924,-20.9712525866,
    -6.449003540447));
#218 = CARTESIAN_POINT('',(124.8552455429,-12.82184296613,
    -6.360664317832));
#219 = CARTESIAN_POINT('',(128.49858285686,-1.511449343829,
    -6.272325095217));
#220 = CARTESIAN_POINT('',(126.3062369759,10.067613465727,
    -6.183985872602));
#221 = CARTESIAN_POINT('',(116.31307802635,22.47975666973,
    -6.066200242448));
#222 = CARTESIAN_POINT('',(99.288982844833,24.808665813658,
    -5.948414612294));
#223 = CARTESIAN_POINT('',(86.329390729598,15.536476378889,
    -5.83062898214));
#224 = CARTESIAN_POINT('',(81.107744452889,4.971653324511,
    -5.742289759526));
#225 = CARTESIAN_POINT('',(81.579528673496,-6.901692047543,
    -5.653950536911));
#226 = CARTESIAN_POINT('',(87.720955747006,-17.07429172391,
    -5.565611314297));
#227 = CARTESIAN_POINT('',(97.895527554108,-23.02064897449,
    -5.477272091683));
#228 = CARTESIAN_POINT('',(113.81893208698,-23.62868909646,
    -5.35948646153));
#229 = CARTESIAN_POINT('',(126.75027935011,-12.31392473697,
    -5.241700831378));
#230 = CARTESIAN_POINT('',(128.26157495829,3.549256226881,
    -5.123915201224));
#231 = CARTESIAN_POINT('',(123.71860390146,14.423192496062,
    -5.035575978609));
#232 = CARTESIAN_POINT('',(114.451368083,21.860749283059,-4.947236755993
    ));
#233 = CARTESIAN_POINT('',(102.74575223767,23.904634885652,
    -4.858897533378));
#234 = CARTESIAN_POINT('',(91.581229940531,20.1317688814,-4.770558310763
    ));
#235 = CARTESIAN_POINT('',(80.670628090646,8.517842242196,
    -4.652772680609));
#236 = CARTESIAN_POINT('',(80.718844185217,-8.6647451578,-4.534987050456
    ));
#237 = CARTESIAN_POINT('',(91.69445342634,-20.21725685412,
    -4.417201420304));
#238 = CARTESIAN_POINT('',(102.879973829,-23.92740635664,-4.32886219769)
  );
#239 = CARTESIAN_POINT('',(114.57393471781,-21.81785915265,
    -4.240522975076));
#240 = CARTESIAN_POINT('',(123.79928383437,-14.32841028425,
    -4.152183752461));
#241 = CARTESIAN_POINT('',(128.28115707692,-3.429149380543,
    -4.063844529846));
#242 = CARTESIAN_POINT('',(126.68085855927,12.425300132504,
    -3.946058899693));
#243 = CARTESIAN_POINT('',(113.68621467478,23.667313513819,
    -3.828273269539));
#244 = CARTESIAN_POINT('',(97.766473326815,22.96991827334,
    -3.710487639385));
#245 = CARTESIAN_POINT('',(87.625433660219,16.96655334278,
    -3.622148416769));
#246 = CARTESIAN_POINT('',(81.541193560757,6.759647196056,
    -3.533809194155));
#247 = CARTESIAN_POINT('',(81.136051884024,-5.116158919524,
    -3.44546997154));
#248 = CARTESIAN_POINT('',(86.416907406073,-15.65151088169,
    -3.357130748926));
#249 = CARTESIAN_POINT('',(99.428332440696,-24.85082299044,
    -3.239345118774));
#250 = CARTESIAN_POINT('',(116.43908931073,-22.42640857731,
    -3.121559488621));
#251 = CARTESIAN_POINT('',(126.36243195178,-9.958377635541,
    -3.003773858468));
#252 = CARTESIAN_POINT('',(128.48975975314,1.632806617952,
    -2.915434635853));
#253 = CARTESIAN_POINT('',(124.78300407815,12.922575131787,
    -2.827095413238));
#254 = CARTESIAN_POINT('',(116.08951262068,21.023323054655,
    -2.738756190622));
#255 = CARTESIAN_POINT('',(104.67509299037,23.954551545159,
    -2.650416968007));
#256 = CARTESIAN_POINT('',(89.19438875031,20.176678942207,
    -2.532631337853));
#257 = CARTESIAN_POINT('',(79.857828803396,5.751968154878,-2.4148457077)
  );
#258 = CARTESIAN_POINT('',(82.750507946621,-9.91828818879,
    -2.297060077547));
#259 = CARTESIAN_POINT('',(90.098856475986,-19.13147703245,
    -2.208720854933));
#260 = CARTESIAN_POINT('',(101.04921250202,-23.74543556578,
    -2.120381632319));
#261 = CARTESIAN_POINT('',(112.8669053418,-22.50404435755,
    -2.032042409705));
#262 = CARTESIAN_POINT('',(122.57055214064,-15.81672066326,
    -1.94370318709));
#263 = CARTESIAN_POINT('',(129.88172515171,-1.657930870296,
    -1.825917556937));
#264 = CARTESIAN_POINT('',(125.12771853944,14.853972887807,
    -1.708131926783));
#265 = CARTESIAN_POINT('',(111.40695690231,22.957382046697,
    -1.590346296629));
#266 = CARTESIAN_POINT('',(99.632937171882,23.460983933755,
    -1.502007074014));
#267 = CARTESIAN_POINT('',(88.964406020666,18.228295168834,
    -1.413667851399));
#268 = CARTESIAN_POINT('',(82.143976219128,8.497857335231,
    -1.325328628784));
#269 = CARTESIAN_POINT('',(80.819768847005,-3.212232713451,
    -1.236989406169));
#270 = CARTESIAN_POINT('',(86.702534944807,-18.02170043635,
    -1.119203776017));
#271 = CARTESIAN_POINT('',(102.28011745436,-25.27308621986,
    -1.001418145864));
#272 = CARTESIAN_POINT('',(117.39947912453,-20.24107319051,
    -0.883632515712));
#273 = CARTESIAN_POINT('',(125.50797398693,-11.68842689076,
    -0.795293293097));
#274 = CARTESIAN_POINT('',(128.56240590487,-0.206290300538,
    -0.706954070482));
#275 = CARTESIAN_POINT('',(125.69938264199,11.328301235045,
    -0.618614847867));
#276 = CARTESIAN_POINT('',(117.73226129936,20.009689825551,
    -0.530275625252));
#277 = CARTESIAN_POINT('',(102.70225825769,25.300573427616,
    -0.412489995097));
#278 = CARTESIAN_POINT('',(86.998579367308,18.291268325162,
    -0.294704364944));
#279 = CARTESIAN_POINT('',(80.882688890504,3.606591162463,
    -0.176918734791));
#280 = CARTESIAN_POINT('',(81.992479390237,-8.166345269376,
    -8.857951217621E-02));
#281 = CARTESIAN_POINT('',(88.689306327937,-17.92661944462,
    -2.402895619574E-04));
#282 = CARTESIAN_POINT('',(102.70939435834,-25.31931923736,0.11754534059
    ));
#283 = CARTESIAN_POINT('',(123.58979352809,-19.45767774646,
    0.264777378281));
#284 = CARTESIAN_POINT('',(129.91851195957,1.285745671149,0.412009415972
    ));
#285 = CARTESIAN_POINT('',(122.82454310059,15.47525618645,0.529795046126
    ));
#286 = CARTESIAN_POINT('',(113.24223468806,22.365830137069,
    0.618134268742));
#287 = CARTESIAN_POINT('',(101.44177155235,23.779301297663,
    0.706473491357));
#288 = CARTESIAN_POINT('',(90.41900817059,19.360164340474,0.794812713972
    ));
#289 = CARTESIAN_POINT('',(82.917512657255,10.263852737982,
    0.883151936587));
#290 = CARTESIAN_POINT('',(79.766049101459,-5.352572272324,1.00093756674
    ));
#291 = CARTESIAN_POINT('',(88.861503606859,-19.93269887218,
    1.118723196893));
#292 = CARTESIAN_POINT('',(104.27766507027,-23.96562717742,
    1.236508827045));
#293 = CARTESIAN_POINT('',(115.73901690018,-21.22474655512,
    1.324848049659));
#294 = CARTESIAN_POINT('',(124.56576410719,-13.26900740349,
    1.413187272274));
#295 = CARTESIAN_POINT('',(128.45926133386,-2.042454371256,
    1.501526494889));
#296 = CARTESIAN_POINT('',(126.52453170182,9.582510740804,1.589865717504
    ));
#297 = CARTESIAN_POINT('',(116.80937773978,22.213395416507,
    1.707651347658));
#298 = CARTESIAN_POINT('',(99.841187755478,24.91970379848,1.825436977812
    ));
#299 = CARTESIAN_POINT('',(86.678941220215,15.937488888673,
    1.943222607966));
#300 = CARTESIAN_POINT('',(81.224041873368,5.491199417509,2.03156183058)
  );
#301 = CARTESIAN_POINT('',(81.432117732607,-6.389697812759,
    2.119901053195));
#302 = CARTESIAN_POINT('',(87.346197502433,-16.69612926547,
    2.208240275809));
#303 = CARTESIAN_POINT('',(97.386250900936,-22.86690014039,
    2.296579498423));
#304 = CARTESIAN_POINT('',(113.29223252174,-23.82829319796,
    2.414365128576));
#305 = CARTESIAN_POINT('',(126.47158321469,-12.80339695877,
    2.532150758728));
#306 = CARTESIAN_POINT('',(128.33467289503,3.022323528216,2.649936388882
    ));
#307 = CARTESIAN_POINT('',(124.03422549811,13.994434811341,
    2.738275611497));
#308 = CARTESIAN_POINT('',(114.93438923338,21.635893527636,
    2.826614834113));
#309 = CARTESIAN_POINT('',(103.27703305791,23.93914290232,2.914954056728
    ));
#310 = CARTESIAN_POINT('',(92.031503778448,20.41506188042,3.003293279343
    ));
#311 = CARTESIAN_POINT('',(80.86575889956,9.04621557748,3.121078909497)
  );
#312 = CARTESIAN_POINT('',(80.532505475176,-8.133207477108,3.23886453965
    ));
#313 = CARTESIAN_POINT('',(91.248941131812,-19.92653319904,
    3.356650169802));
#314 = CARTESIAN_POINT('',(102.34933857332,-23.88408959726,
    3.444989392416));
#315 = CARTESIAN_POINT('',(114.08724988075,-22.0346710922,3.53332861503)
  );
#316 = CARTESIAN_POINT('',(123.47659295086,-14.75187304511,
    3.621667837645));
#317 = CARTESIAN_POINT('',(128.19932786394,-3.954797008287,3.71000706026
    ));
#318 = CARTESIAN_POINT('',(126.95139640081,11.931272101934,
    3.827792690413));
#319 = CARTESIAN_POINT('',(114.20953056449,23.458999092021,
    3.945578320567));
#320 = CARTESIAN_POINT('',(98.278230384334,23.115197875023,
    4.063363950721));
#321 = CARTESIAN_POINT('',(88.006413867908,17.338446066037,
    4.151703173337));
#322 = CARTESIAN_POINT('',(81.697077455185,7.269127086796,4.240042395951
    ));
#323 = CARTESIAN_POINT('',(81.02838983149,-4.594757923475,4.328381618566
    ));
#324 = CARTESIAN_POINT('',(86.074056469347,-15.24474966943,4.41672084118
    ));
#325 = CARTESIAN_POINT('',(98.878047787009,-24.73065136852,
    4.534506471333));
#326 = CARTESIAN_POINT('',(115.9384348499,-22.68447742319,4.652292101485
    ));
#327 = CARTESIAN_POINT('',(126.13612515748,-10.43981993112,
    4.770077731638));
#328 = CARTESIAN_POINT('',(128.52025578888,1.101280412509,4.858416954253
    ));
#329 = CARTESIAN_POINT('',(125.06504928241,12.470557375998,
    4.946756176868));
#330 = CARTESIAN_POINT('',(116.55353897148,20.762306461801,
    5.035095399484));
#331 = CARTESIAN_POINT('',(105.20700647451,23.946215427921,
    5.123434622099));
#332 = CARTESIAN_POINT('',(89.646247859504,20.51294933964,5.241220252253
    ));
#333 = CARTESIAN_POINT('',(79.991756838071,6.29906747481,5.359005882406)
  );
#334 = CARTESIAN_POINT('',(82.535839576373,-9.431544964894,
    5.476791512559));
#335 = CARTESIAN_POINT('',(89.677841967282,-18.80559840285,
    5.565130735173));
#336 = CARTESIAN_POINT('',(100.52306831326,-23.66152016696,
    5.653469957787));
#337 = CARTESIAN_POINT('',(112.3654076026,-22.68279097502,5.741809180401
    ));
#338 = CARTESIAN_POINT('',(122.21512346476,-16.21253800901,
    5.830148403016));
#339 = CARTESIAN_POINT('',(129.83882242364,-2.219549089851,
    5.947934033169));
#340 = CARTESIAN_POINT('',(125.45255731348,14.393828439527,
    6.065719663323));
#341 = CARTESIAN_POINT('',(111.915072623,22.799840155113,6.183505293477)
  );
#342 = CARTESIAN_POINT('',(100.15513863873,23.564711840483,
    6.271844516092));
#343 = CARTESIAN_POINT('',(89.373062101616,18.57014116598,6.360183738707
    ));
#344 = CARTESIAN_POINT('',(82.338309846717,8.993546187228,6.448522961322
    ));
#345 = CARTESIAN_POINT('',(80.754435162248,-2.684313933244,
    6.536862183937));
#346 = CARTESIAN_POINT('',(86.307033831664,-17.62061778406,6.65464781409
    ));
#347 = CARTESIAN_POINT('',(101.71968018203,-25.21627226729,
    6.772433444242));
#348 = CARTESIAN_POINT('',(116.9471952959,-20.5208161484,6.890219074394)
  );
#349 = CARTESIAN_POINT('',(125.24327629454,-12.15086297808,
    6.978558297009));
#350 = CARTESIAN_POINT('',(128.5524318452,-0.738220855579,7.066897519624
    ));
#351 = CARTESIAN_POINT('',(125.94510119463,10.854912351344,
    7.155236742239));
#352 = CARTESIAN_POINT('',(118.17464780879,19.71499870464,7.243575964854
    ));
#353 = CARTESIAN_POINT('',(103.26166632486,25.329934854543,
    7.361361595008));
#354 = CARTESIAN_POINT('',(87.414678431307,18.687901336733,
    7.479147225162));
#355 = CARTESIAN_POINT('',(80.961944770379,4.117837747009,7.596932855315
    ));
#356 = CARTESIAN_POINT('',(81.831036132996,-7.634853698479,7.68527207793
    ));
#357 = CARTESIAN_POINT('',(88.268953986197,-17.62245222817,
    7.773611300544));
#358 = CARTESIAN_POINT('',(98.726530558094,-23.2649696555,7.861950523158
    ));
#359 = CARTESIAN_POINT('',(110.511219933,-23.21836121925,7.950289745772)
  );
#360 = CARTESIAN_POINT('',(124.53592943928,-15.65317464046,
    8.068075375925));
#361 = CARTESIAN_POINT('',(129.92672645018,0.661939276932,8.185861006078
    ));
#362 = CARTESIAN_POINT('',(123.1701636802,15.093619159842,8.303646636232
    ));
#363 = CARTESIAN_POINT('',(113.73316599383,22.152241594621,
    8.391985858848));
#364 = CARTESIAN_POINT('',(101.97250784071,23.851014822666,
    8.480325081463));
#365 = CARTESIAN_POINT('',(90.851450271959,19.665206749265,
    8.568664304078));
#366 = CARTESIAN_POINT('',(83.151322144908,10.743934259513,
    8.657003526693));
#367 = CARTESIAN_POINT('',(79.653091868472,-4.802348564381,
    8.774789156846));
#368 = CARTESIAN_POINT('',(88.423205529415,-19.57830000327,
    8.892574786999));
#369 = CARTESIAN_POINT('',(103.74574914074,-23.95370649712,
    9.010360417151));
#370 = CARTESIAN_POINT('',(115.26526110057,-21.46735973599,
    9.098699639765));
#371 = CARTESIAN_POINT('',(124.26637730376,-13.70985899338,9.18703886238
    ));
#372 = CARTESIAN_POINT('',(128.40818660904,-2.572340133529,
    9.275378084995));
#373 = CARTESIAN_POINT('',(126.73199106537,9.092626412021,9.36371730761)
  );
#374 = CARTESIAN_POINT('',(117.29965178801,21.936126731808,
    9.481502937764));
#375 = CARTESIAN_POINT('',(100.39571650485,25.018432117859,
    9.599288567918));
#376 = CARTESIAN_POINT('',(87.037310404407,16.330652702897,
    9.717074198072));
#377 = CARTESIAN_POINT('',(81.351843417011,6.008029918709,9.805413420686
    ));
#378 = CARTESIAN_POINT('',(81.296110191595,-5.874554163992,
    9.893752643301));
#379 = CARTESIAN_POINT('',(86.979926571398,-16.30974184968,
    9.982091865915));
#380 = CARTESIAN_POINT('',(96.880513188698,-22.70188238652,
    10.070431088529));
#381 = CARTESIAN_POINT('',(112.76123137001,-24.01615585622,
    10.188216718682));
#382 = CARTESIAN_POINT('',(126.1820894324,-13.28656110994,
    10.306002348834));
#383 = CARTESIAN_POINT('',(128.39605475099,2.493897764104,
    10.423787978988));
#384 = CARTESIAN_POINT('',(124.34025079983,13.558775997471,
    10.512127201603));
#385 = CARTESIAN_POINT('',(115.41229947859,21.400369960455,
    10.600466424219));
#386 = CARTESIAN_POINT('',(103.80894903203,23.961847871579,
    10.688805646834));
#387 = CARTESIAN_POINT('',(92.487955815301,20.688288860934,
    10.777144869449));
#388 = CARTESIAN_POINT('',(81.072571636282,9.570126748745,
    10.894930499603));
#389 = CARTESIAN_POINT('',(80.358012954784,-7.597664036356,
    11.012716129756));
#390 = CARTESIAN_POINT('',(90.809992772939,-19.62599071084,
    11.130501759908));
#391 = CARTESIAN_POINT('',(101.81979573818,-23.82900328231,
    11.218840982522));
#392 = CARTESIAN_POINT('',(113.59587171209,-22.24062507437,
    11.307180205136));
#393 = CARTESIAN_POINT('',(123.14458061959,-15.16806762498,
    11.395519427751));
#394 = CARTESIAN_POINT('',(128.10584931255,-4.478498458475,
    11.483858650366));
#395 = CARTESIAN_POINT('',(127.21090002376,11.431359821157,
    11.601644280519));
#396 = CARTESIAN_POINT('',(114.72809284894,23.239118270011,
    11.719429910673));
#397 = CARTESIAN_POINT('',(98.793086558993,23.249080539998,
    11.837215540827));
#398 = CARTESIAN_POINT('',(88.395556290119,17.701789280542,
    11.925554763442));
#399 = CARTESIAN_POINT('',(81.864233509125,7.775020752699,
    12.013893986057));
#400 = CARTESIAN_POINT('',(80.93232954238,-4.071095305809,
    12.102233208672));
#401 = CARTESIAN_POINT('',(85.740320228442,-14.83047733138,
    12.190572431286));
#402 = CARTESIAN_POINT('',(98.330566593617,-24.59829290967,
    12.308358061438));
#403 = CARTESIAN_POINT('',(115.43217458666,-22.93136801557,
    12.426143691591));
#404 = CARTESIAN_POINT('',(125.89918600148,-10.91611950589,
    12.543929321744));
#405 = CARTESIAN_POINT('',(128.53894429662,0.569208184366,
    12.632268544359));
#406 = CARTESIAN_POINT('',(125.33699007135,12.012389552068,
    12.720607766974));
#407 = CARTESIAN_POINT('',(117.01165632641,20.491052696121,
    12.80894698959));
#408 = CARTESIAN_POINT('',(105.73860380482,23.926072762261,
    12.897286212205));
#409 = CARTESIAN_POINT('',(90.105460883176,20.839105464274,
    13.015071842359));
#410 = CARTESIAN_POINT('',(80.137797617833,6.843058751753,
    13.132857472512));
#411 = CARTESIAN_POINT('',(82.332029913835,-8.940156045576,
    13.250643102665));
#412 = CARTESIAN_POINT('',(89.264165840944,-18.47045339127,
    13.338982325279));
#413 = CARTESIAN_POINT('',(99.998916668849,-23.56594505918,
    13.427321547893));
#414 = CARTESIAN_POINT('',(111.86006537218,-22.85035990543,
    13.515660770507));
#415 = CARTESIAN_POINT('',(121.85099491102,-16.60036766868,
    13.603999993122));
#416 = CARTESIAN_POINT('',(129.78346273693,-2.780075381681,
    13.721785623275));
#417 = CARTESIAN_POINT('',(125.76709968619,13.926583841365,
    13.839571253429));
#418 = CARTESIAN_POINT('',(112.41956690049,22.631059313335,
    13.957356883583));
#419 = CARTESIAN_POINT('',(100.67951155831,23.656815898468,
    14.045696106198));
#420 = CARTESIAN_POINT('',(89.789211637513,18.902840897493,
    14.134035328813));
#421 = CARTESIAN_POINT('',(82.54359039044,9.484779344347,14.222374551429
    ));
#422 = CARTESIAN_POINT('',(80.700854714064,-2.155040294996,
    14.310713774043));
#423 = CARTESIAN_POINT('',(85.920495319685,-17.21093205389,
    14.428499404196));
#424 = CARTESIAN_POINT('',(101.16071774931,-25.1468790576,
    14.546285034348));
#425 = CARTESIAN_POINT('',(116.48872022657,-20.79063471593,14.6640706645
    ));
#426 = CARTESIAN_POINT('',(124.96857161275,-12.60691939355,
    14.752409887115));
#427 = CARTESIAN_POINT('',(128.53027504552,-1.27055404429,14.84074910973
    ));
#428 = CARTESIAN_POINT('',(126.18095737551,10.377605345085,
    14.929088332345));
#429 = CARTESIAN_POINT('',(118.60911514404,19.408014041878,
    15.01742755496));
#430 = CARTESIAN_POINT('',(103.82446200476,25.35263818969,
    15.135213185114));
#431 = CARTESIAN_POINT('',(87.833924926757,19.064048641385,
    15.252998815268));
#432 = CARTESIAN_POINT('',(81.059322608981,4.640828191589,
    15.370784445421));
#433 = CARTESIAN_POINT('',(81.667287158306,-7.128260775541,
    15.459123668036));
#434 = CARTESIAN_POINT('',(87.881891222524,-17.25632115252,
    15.54746289065));
#435 = CARTESIAN_POINT('',(98.211625199024,-23.12960870292,
    15.635802113264));
#436 = CARTESIAN_POINT('',(109.99444488764,-23.34463473612,
    15.724141335879));
#437 = CARTESIAN_POINT('',(124.18364691287,-16.09266461797,
    15.841926966031));
#438 = CARTESIAN_POINT('',(129.93531484456,9.875133474342E-02,
    15.959712596184));
#439 = CARTESIAN_POINT('',(123.50080408696,14.676871790337,
    16.077498226338));
#440 = CARTESIAN_POINT('',(114.22283534546,21.943258240358,
    16.165837448954));
#441 = CARTESIAN_POINT('',(102.50278885525,23.902702279446,
    16.254176671569));
#442 = CARTESIAN_POINT('',(91.291546173946,19.964816017042,
    16.342515894184));
#443 = CARTESIAN_POINT('',(83.395261359778,11.216686951753,
    16.430855116799));
#444 = CARTESIAN_POINT('',(79.552761966581,-4.248102834103,
    16.548640746952));
#445 = CARTESIAN_POINT('',(87.992684451232,-19.21511131955,
    16.666426377105));
#446 = CARTESIAN_POINT('',(103.21431664007,-23.92960367983,
    16.784212007257));
#447 = CARTESIAN_POINT('',(114.78618705484,-21.69960567242,
    16.872551229871));
#448 = CARTESIAN_POINT('',(123.95730329206,-14.14384378904,
    16.960890452486));
#449 = CARTESIAN_POINT('',(128.34534746348,-3.101019013444,
    17.049229675101));
#450 = CARTESIAN_POINT('',(126.92853013439,8.59828458401,17.137568897716
    ));
#451 = CARTESIAN_POINT('',(117.78364435582,21.648019784557,
    17.25535452787));
#452 = CARTESIAN_POINT('',(100.95230307785,25.104837010672,
    17.373140158024));
#453 = CARTESIAN_POINT('',(87.404318408963,16.7157586275,17.490925788178
    ));
#454 = CARTESIAN_POINT('',(81.491087890725,6.521898669292,
    17.579265010792));
#455 = CARTESIAN_POINT('',(81.171572132122,-5.356519590515,
    17.667604233407));
#456 = CARTESIAN_POINT('',(86.622323987031,-15.91531757565,
    17.755943456021));
#457 = CARTESIAN_POINT('',(96.378563466207,-22.52567817356,
    17.844282678635));
#458 = CARTESIAN_POINT('',(112.22619056049,-24.19218355545,
    17.962068308788));
#459 = CARTESIAN_POINT('',(125.88194059875,-13.76317950699,
    18.07985393894));
#460 = CARTESIAN_POINT('',(128.44569031415,1.964239610725,
    18.197639569094));
#461 = CARTESIAN_POINT('',(124.63652893876,13.116430679104,
    18.285978791709));
#462 = CARTESIAN_POINT('',(115.88486326412,21.15429473582,
    18.374318014325));
#463 = CARTESIAN_POINT('',(104.34123796576,23.972738569913,
    18.46265723694));
#464 = CARTESIAN_POINT('',(92.950361063785,20.951315161418,
    18.550996459555));
#465 = CARTESIAN_POINT('',(81.290964357816,10.089317501673,
    18.668782089709));
#466 = CARTESIAN_POINT('',(80.195452634771,-7.058378804681,
    18.786567719862));
#467 = CARTESIAN_POINT('',(90.377824711858,-19.31577753325,
    18.904353350014));
#468 = CARTESIAN_POINT('',(101.29160634171,-23.7621745629,
    18.992692572628));
#469 = CARTESIAN_POINT('',(113.10004241766,-22.4356195829,
    19.081031795242));
#470 = CARTESIAN_POINT('',(122.80341049338,-15.57678887629,
    19.169371017857));
#471 = CARTESIAN_POINT('',(128.00076749937,-4.999995592801,
    19.257710240472));
#472 = CARTESIAN_POINT('',(127.45924151581,10.925809702901,
    19.375495870625));
#473 = CARTESIAN_POINT('',(115.24164592274,23.007779429499,
    19.493281500779));
#474 = CARTESIAN_POINT('',(99.310788072232,23.371500276,19.611067130933)
  );
#475 = CARTESIAN_POINT('',(88.792669114033,18.056403890178,
    19.699406353549));
#476 = CARTESIAN_POINT('',(82.042579329436,8.277078832958,
    19.787745576163));
#477 = CARTESIAN_POINT('',(80.847918365903,-3.545429185947,
    19.876084798778));
#478 = CARTESIAN_POINT('',(85.415863185856,-14.40889806707,
    19.964424021392));
#479 = CARTESIAN_POINT('',(97.786158720254,-24.45381285512,
    20.082209651545));
#480 = CARTESIAN_POINT('',(114.92055806274,-23.16695865884,
    20.199995281697));
#481 = CARTESIAN_POINT('',(125.65173127361,-11.38704158673,
    20.31778091185));
#482 = CARTESIAN_POINT('',(128.54581606505,3.685219906686E-02,
    20.406120134465));
#483 = CARTESIAN_POINT('',(125.59869240131,11.548297494317,
    20.49445935708));
#484 = CARTESIAN_POINT('',(117.46363887581,20.209695465328,
    20.582798579695));
#485 = CARTESIAN_POINT('',(106.26962294779,23.894133470304,
    20.671137802311));
#486 = CARTESIAN_POINT('',(90.571801476768,21.154986564549,
    20.788923432465));
#487 = CARTESIAN_POINT('',(80.295879144216,7.383673817917,
    20.906709062618));
#488 = CARTESIAN_POINT('',(82.1391794354,-8.444363607618,21.024494692771
    ));
#489 = CARTESIAN_POINT('',(88.8580319686,-18.12620726708,21.112833915385
    ));
#490 = CARTESIAN_POINT('',(99.477015995377,-23.45875721191,
    21.201173137999));
#491 = CARTESIAN_POINT('',(111.3511276151,-23.00666881655,
    21.289512360613));
#492 = CARTESIAN_POINT('',(121.47834618569,-16.98001800268,
    21.377851583228));
#493 = CARTESIAN_POINT('',(129.71567287336,-3.339234529938,
    21.495637213381));
#494 = CARTESIAN_POINT('',(126.07119159389,13.452471480732,
    21.613422843535));
#495 = CARTESIAN_POINT('',(112.92018986656,22.451120172518,
    21.731208473689));
#496 = CARTESIAN_POINT('',(101.20579997567,23.737256049713,
    21.819547696304));
#497 = CARTESIAN_POINT('',(90.212644626366,19.226220012408,
    21.907886918919));
#498 = CARTESIAN_POINT('',(82.759725837434,9.971334155018,
    21.996226141534));
#499 = CARTESIAN_POINT('',(80.659037475535,-1.624707598508,
    22.084565364149));
#500 = CARTESIAN_POINT('',(85.543147194736,-16.79276604775,
    22.202350994302));
#501 = CARTESIAN_POINT('',(100.60343362407,-25.06509384004,
    22.320136624454));
#502 = CARTESIAN_POINT('',(116.02436811085,-21.05020853601,
    22.437922254606));
#503 = CARTESIAN_POINT('',(124.68381007419,-13.05676488043,
    22.526261477221));
#504 = CARTESIAN_POINT('',(128.496305771,-1.802264188441,22.614600699836
    ));
#505 = CARTESIAN_POINT('',(126.4061591125,9.895179981304,22.702939922451
    ));
#506 = CARTESIAN_POINT('',(119.0366602385,19.091459626871,
    22.791279145066));
#507 = CARTESIAN_POINT('',(104.38762306642,25.362842021278,
    22.90906477522));
#508 = CARTESIAN_POINT('',(88.261418530062,19.430795300404,
    23.026850405374));
#509 = CARTESIAN_POINT('',(81.168287121118,5.161528624905,
    23.144636035527));
#510 = CARTESIAN_POINT('',(81.514824696816,-6.618158897017,
    23.232975258142));
#511 = CARTESIAN_POINT('',(87.503052692669,-16.88168459453,
    23.321314480756));
#512 = CARTESIAN_POINT('',(97.699850582705,-22.98285540767,
    23.40965370337));
#513 = CARTESIAN_POINT('',(109.47499606076,-23.4593950633,
    23.497992925985));
#514 = CARTESIAN_POINT('',(123.82168952968,-16.52424713803,
    23.615778556137));
#515 = CARTESIAN_POINT('',(129.93140767702,-0.464446668248,
    23.73356418629));
#516 = CARTESIAN_POINT('',(123.82209952531,14.252835657059,
    23.851349816444));
#517 = CARTESIAN_POINT('',(114.70776887103,21.723563103605,
    23.93968903906));
#518 = CARTESIAN_POINT('',(103.03403944987,23.942396144918,
    24.028028261675));
#519 = CARTESIAN_POINT('',(91.738273785875,20.254973304951,
    24.11636748429));
#520 = CARTESIAN_POINT('',(83.649476588723,11.683204957689,
    24.204706706906));
#521 = CARTESIAN_POINT('',(79.465121775047,-3.690173706599,
    24.322492337058));
#522 = CARTESIAN_POINT('',(87.569634991658,-18.84553455086,
    24.440277967211));
#523 = CARTESIAN_POINT('',(102.68440395441,-23.88993804568,
    24.558063597363));
#524 = CARTESIAN_POINT('',(114.30028158762,-21.92908085608,
    24.646402819977));
#525 = CARTESIAN_POINT('',(123.64215228483,-14.55548114384,
    24.734742042592));
#526 = CARTESIAN_POINT('',(128.26421741849,-3.657209659352,
    24.823081265207));
#527 = CARTESIAN_POINT('',(127.12600247764,8.152680396439,
    24.911420487822));
#528 = CARTESIAN_POINT('',(122.6789778894,14.68560603916,24.970313302899
    ));
#529 = CARTESIAN_POINT('',(119.80983647635,17.224007934868,
    24.999759710437));
#530 = CARTESIAN_POINT('',(119.80983647635,17.224007934869,
    -25.14983993973));
#531 = CARTESIAN_POINT('',(116.94052537549,19.762559957669,
    -25.12039353219));
#532 = CARTESIAN_POINT('',(109.91462680126,23.380019295097,
    -25.06150071711));
#533 = CARTESIAN_POINT('',(98.05387814321,23.0706407483,-24.9731614945)
  );
#534 = CARTESIAN_POINT('',(87.800213929779,17.154787249527,
    -24.88482227188));
#535 = CARTESIAN_POINT('',(81.62001996208,6.983972256341,-24.79648304927
    ));
#536 = CARTESIAN_POINT('',(81.089419838045,-4.784310010247,
    -24.70814382665));
#537 = CARTESIAN_POINT('',(87.938237355515,-19.17164637474,
    -24.5903581965));
#538 = CARTESIAN_POINT('',(103.96833282205,-25.36878358263,
    -24.47257256635));
#539 = CARTESIAN_POINT('',(118.71717181605,-19.34207097968,
    -24.3547869362));
#540 = CARTESIAN_POINT('',(126.23927313189,-10.26893246889,
    -24.26644771358));
#541 = CARTESIAN_POINT('',(128.52260182095,1.392021058014,
    -24.17810849097));
#542 = CARTESIAN_POINT('',(124.89763847189,12.708328025191,
    -24.08976926835));
#543 = CARTESIAN_POINT('',(116.37183890775,20.844269452943,
    -24.00143004574));
#544 = CARTESIAN_POINT('',(101.01971977273,25.11445406163,
    -23.88364441558));
#545 = CARTESIAN_POINT('',(85.824213841538,17.093079592619,
    -23.76585878543));
#546 = CARTESIAN_POINT('',(80.689181628201,2.008142226007,
    -23.64807315528));
#547 = CARTESIAN_POINT('',(82.597198449811,-9.621157503908,
    -23.55973393266));
#548 = CARTESIAN_POINT('',(89.895569139736,-18.99840434112,
    -23.47139471005));
#549 = CARTESIAN_POINT('',(100.81237347912,-23.69118784873,
    -23.38305548743));
#550 = CARTESIAN_POINT('',(112.54648930736,-22.59955960561,
    -23.29471626482));
#551 = CARTESIAN_POINT('',(125.84495976303,-13.82031315989,
    -23.17693063467));
#552 = CARTESIAN_POINT('',(129.76749995033,2.908623730764,
    -23.05914500451));
#553 = CARTESIAN_POINT('',(121.75759494682,16.684179947212,
    -22.94135937436));
#554 = CARTESIAN_POINT('',(111.73174698657,22.878003131619,
    -22.85302015174));
#555 = CARTESIAN_POINT('',(99.866768990763,23.527010313572,
    -22.76468092913));
#556 = CARTESIAN_POINT('',(89.160783987691,18.371353771771,
    -22.67634170651));
#557 = CARTESIAN_POINT('',(82.282242755258,8.802302245899,-22.5880024839
    ));
#558 = CARTESIAN_POINT('',(80.17662295809,-6.992978369552,
    -22.47021685374));
#559 = CARTESIAN_POINT('',(90.222677292061,-20.9328645511,
    -22.35243122359));
#560 = CARTESIAN_POINT('',(105.87289857833,-23.93204753316,
    -22.23464559344));
#561 = CARTESIAN_POINT('',(117.1264956837,-20.43381538915,
    -22.14630637083));
#562 = CARTESIAN_POINT('',(125.40411470607,-11.90856266398,
    -22.05796714821));
#563 = CARTESIAN_POINT('',(128.54179754045,-0.447591627687,
    -21.9696279256));
#564 = CARTESIAN_POINT('',(125.83762332065,11.022740442461,
    -21.88128870298));
#565 = CARTESIAN_POINT('',(115.30334524602,22.979057189545,
    -21.76350307283));
#566 = CARTESIAN_POINT('',(98.192651525059,24.549978872049,
    -21.64571744267));
#567 = CARTESIAN_POINT('',(85.657421978649,14.711658643029,
    -21.52793181252));
#568 = CARTESIAN_POINT('',(80.909890383777,3.925462846343,-21.4395925899
    ));
#569 = CARTESIAN_POINT('',(81.908261973381,-7.915236661883,
    -21.35125336729));
#570 = CARTESIAN_POINT('',(88.495192510523,-17.80519403154,
    -21.26291414468));
#571 = CARTESIAN_POINT('',(98.923691322179,-23.29404532709,
    -21.17457492206));
#572 = CARTESIAN_POINT('',(114.85839075311,-23.19465340898,
    -21.05678929191));
#573 = CARTESIAN_POINT('',(127.27473431528,-11.31702540098,
    -20.93900366176));
#574 = CARTESIAN_POINT('',(128.0803808398,4.597604924128,-20.8212180316)
  );
#575 = CARTESIAN_POINT('',(123.05919870578,15.259162314419,
    -20.73287880899));
#576 = CARTESIAN_POINT('',(113.47094785011,22.278019500845,
    -20.64453958637));
#577 = CARTESIAN_POINT('',(101.68614309664,23.800283471926,
    -20.55620036376));
#578 = CARTESIAN_POINT('',(90.700101496077,19.535548314855,
    -20.46786114114));
#579 = CARTESIAN_POINT('',(80.315791172682,7.44875288286,-20.35007551099
    ));
#580 = CARTESIAN_POINT('',(81.126686989949,-9.71475732117,
    -20.23228988084));
#581 = CARTESIAN_POINT('',(92.604288300896,-20.76867937872,
    -20.11450425068));
#582 = CARTESIAN_POINT('',(103.94347496825,-23.97865161103,
    -20.02616502807));
#583 = CARTESIAN_POINT('',(115.53226725795,-21.35209417949,
    -19.93782580545));
#584 = CARTESIAN_POINT('',(124.41606969916,-13.46051861689,
    -19.84948658284));
#585 = CARTESIAN_POINT('',(128.40971191122,-2.37305281575,
    -19.76114736022));
#586 = CARTESIAN_POINT('',(126.10721899863,13.394732415379,
    -19.64336173007));
#587 = CARTESIAN_POINT('',(112.62635608934,24.04883818597,
    -19.52557609992));
#588 = CARTESIAN_POINT('',(96.753263915248,22.64546028238,
    -19.40779046976));
#589 = CARTESIAN_POINT('',(86.888706930775,16.197856734589,
    -19.31945124715));
#590 = CARTESIAN_POINT('',(81.263544004375,5.730934898332,
    -19.23111202453));
#591 = CARTESIAN_POINT('',(81.385963315254,-6.151149270164,
    -19.14277280192));
#592 = CARTESIAN_POINT('',(87.129272976998,-16.4417017402,-19.0544335793
    ));
#593 = CARTESIAN_POINT('',(100.53622591351,-25.05437482499,
    -18.93664794915));
#594 = CARTESIAN_POINT('',(117.42259659752,-21.87725039044,-18.818862319
    ));
#595 = CARTESIAN_POINT('',(126.78270755278,-8.981016536612,
    -18.70107668885));
#596 = CARTESIAN_POINT('',(128.39341104051,2.693173383208,
    -18.61273746623));
#597 = CARTESIAN_POINT('',(124.18916142374,13.807272349601,
    -18.52439824362));
#598 = CARTESIAN_POINT('',(115.14465063736,21.51413522044,-18.436059021)
  );
#599 = CARTESIAN_POINT('',(103.61136631433,23.935793481534,
    -18.34771979839));
#600 = CARTESIAN_POINT('',(88.313619488261,19.474463326413,
    -18.22993416823));
#601 = CARTESIAN_POINT('',(79.626568945375,4.649525302406,
    -18.11214853808));
#602 = CARTESIAN_POINT('',(83.211992357367,-10.876880066,-17.99436290793
    ));
#603 = CARTESIAN_POINT('',(90.962066829214,-19.75479770981,
    -17.90602368531));
#604 = CARTESIAN_POINT('',(102.10644068494,-23.87812670935,
    -17.8176844627));
#605 = CARTESIAN_POINT('',(113.85737984059,-22.11337753875,
    -17.72934524008));
#606 = CARTESIAN_POINT('',(123.25461479182,-15.00190432423,
    -17.64100601747));
#607 = CARTESIAN_POINT('',(129.9300782608,-0.532532804304,
    -17.52322038732));
#608 = CARTESIAN_POINT('',(124.44780311591,15.75207016249,
    -17.40543475716));
#609 = CARTESIAN_POINT('',(110.38085743732,23.238428688706,
    -17.28764912701));
#610 = CARTESIAN_POINT('',(98.596092077169,23.218898828552,
    -17.19930990439));
#611 = CARTESIAN_POINT('',(88.170346904906,17.517780668236,
    -17.11097068178));
#612 = CARTESIAN_POINT('',(81.788582438958,7.49420880108,-17.02263145916
    ));
#613 = CARTESIAN_POINT('',(80.985462747951,-4.263175039356,
    -16.93429223655));
#614 = CARTESIAN_POINT('',(87.519864317503,-18.79679540165,
    -16.81650660639));
#615 = CARTESIAN_POINT('',(103.40387880291,-25.34978848708,
    -16.69872097624));
#616 = CARTESIAN_POINT('',(118.28511351272,-19.65124672457,
    -16.58093534609));
#617 = CARTESIAN_POINT('',(126.00572030489,-10.7476908748,
    -16.49259612348));
#618 = CARTESIAN_POINT('',(128.54794737591,0.859892516853,
    -16.40425690086));
#619 = CARTESIAN_POINT('',(125.17479436512,12.253783399281,
    -16.31591767825));
#620 = CARTESIAN_POINT('',(116.83187049915,20.577045823119,
    -16.22757845563));
#621 = CARTESIAN_POINT('',(101.57824354163,25.186968745267,
    -16.10979282548));
#622 = CARTESIAN_POINT('',(86.208467942461,17.504935643185,
    -15.99200719532));
#623 = CARTESIAN_POINT('',(80.739781644122,2.537704941488,
    -15.87422156517));
#624 = CARTESIAN_POINT('',(82.389169404798,-9.13108231445,
    -15.78588234255));
#625 = CARTESIAN_POINT('',(89.477556257692,-18.6680463229,
    -15.69754311994));
#626 = CARTESIAN_POINT('',(100.28749332528,-23.60202760271,
    -15.60920389733));
#627 = CARTESIAN_POINT('',(112.04294952837,-22.77116933157,
    -15.52086467471));
#628 = CARTESIAN_POINT('',(125.53304514379,-14.28931546616,
    -15.40307904456));
#629 = CARTESIAN_POINT('',(129.82600424482,2.34841685249,-15.28529341441
    ));
#630 = CARTESIAN_POINT('',(122.1238944534,16.298399987548,
    -15.16750778425));
#631 = CARTESIAN_POINT('',(112.23802161254,22.713272876672,
    -15.07916856164));
#632 = CARTESIAN_POINT('',(100.39037603501,23.625525552357,
    -14.99082933902));
#633 = CARTESIAN_POINT('',(89.572572692764,18.708815115162,
    -14.90249011641));
#634 = CARTESIAN_POINT('',(82.483291464014,9.294827242369,
    -14.81415089379));
#635 = CARTESIAN_POINT('',(80.02753150469,-6.449815266423,
    -14.69636526364));
#636 = CARTESIAN_POINT('',(89.761641063703,-20.60929073846,
    -14.57857963349));
#637 = CARTESIAN_POINT('',(105.34142266194,-23.95517329149,
    -14.46079400333));
#638 = CARTESIAN_POINT('',(116.66990786382,-20.70763591061,
    -14.37245478072));
#639 = CARTESIAN_POINT('',(125.13474951037,-12.36824944794,
    -14.2841155581));
#640 = CARTESIAN_POINT('',(128.52609540175,-0.979760359404,
    -14.19577633549));
#641 = CARTESIAN_POINT('',(126.07723181457,10.547778109008,
    -14.10743711287));
#642 = CARTESIAN_POINT('',(115.81098312613,22.735011698907,
    -13.98965148272));
#643 = CARTESIAN_POINT('',(98.739381279655,24.685407798511,
    -13.87186585257));
#644 = CARTESIAN_POINT('',(85.988828001155,15.127797438195,
    -13.75408022241));
#645 = CARTESIAN_POINT('',(81.003010281688,4.449656322922,-13.6657409998
    ));
#646 = CARTESIAN_POINT('',(81.738269395671,-7.410289069455,
    -13.57740177718));
#647 = CARTESIAN_POINT('',(88.104017076382,-17.44404046862,
    -13.48906255457));
#648 = CARTESIAN_POINT('',(98.408091884688,-23.16305422575,
    -13.40072333196));
#649 = CARTESIAN_POINT('',(114.34107064149,-23.41744102279,
    -13.2829377018));
#650 = CARTESIAN_POINT('',(127.01804036677,-11.81838618479,
    -13.16515207165));
#651 = CARTESIAN_POINT('',(128.17679701541,4.074436337865,-13.0473664415
    ));
#652 = CARTESIAN_POINT('',(123.39354155897,14.844837595379,
    -12.95902721888));
#653 = CARTESIAN_POINT('',(113.96347412715,22.074826454726,
    -12.87068799627));
#654 = CARTESIAN_POINT('',(102.21536843906,23.858340799003,
    -12.78234877365));
#655 = CARTESIAN_POINT('',(91.137356249935,19.838549517496,
    -12.69400955103));
#656 = CARTESIAN_POINT('',(80.487275389174,7.985267171801,
    -12.57622392088));
#657 = CARTESIAN_POINT('',(80.916937237744,-9.192015070922,
    -12.45843829073));
#658 = CARTESIAN_POINT('',(92.146310057758,-20.49801837786,
    -12.34065266058));
#659 = CARTESIAN_POINT('',(103.41143994928,-23.95893220754,
    -12.25231343796));
#660 = CARTESIAN_POINT('',(115.05568633051,-21.59029612569,
    -12.16397421535));
#661 = CARTESIAN_POINT('',(124.11249421216,-13.89788807167,
    -12.07563499273));
#662 = CARTESIAN_POINT('',(128.35129661687,-2.90181467326,
    -11.98729577012));
#663 = CARTESIAN_POINT('',(126.39941985042,12.913200400905,
    -11.86951013997));
#664 = CARTESIAN_POINT('',(113.15840312825,23.86395885471,
    -11.75172450981));
#665 = CARTESIAN_POINT('',(97.25806763744,22.813313345009,
    -11.63393887966));
#666 = CARTESIAN_POINT('',(87.252803456586,16.586294420939,
    -11.54559965704));
#667 = CARTESIAN_POINT('',(81.396658662858,6.246832209113,
    -11.45726043443));
#668 = CARTESIAN_POINT('',(81.255262632043,-5.635041289514,
    -11.36892121181));
#669 = CARTESIAN_POINT('',(86.768704043543,-16.05056047058,
    -11.2805819892));
#670 = CARTESIAN_POINT('',(99.981149312721,-24.95874854204,
    -11.16279635905));
#671 = CARTESIAN_POINT('',(116.93389119131,-22.1572886819,
    -11.04501072889));
#672 = CARTESIAN_POINT('',(126.57799483448,-9.472029929032,
    -10.92722509874));
#673 = CARTESIAN_POINT('',(128.44747122264,2.163524808217,
    -10.83888587613));
#674 = CARTESIAN_POINT('',(124.49099347922,13.36822000892,
    -10.75054665351));
#675 = CARTESIAN_POINT('',(115.61980600305,21.273973827347,
    -10.66220743089));
#676 = CARTESIAN_POINT('',(104.14312552964,23.951076985716,
    -10.57386820828));
#677 = CARTESIAN_POINT('',(88.750106302769,19.830460067275,
    -10.45608257813));
#678 = CARTESIAN_POINT('',(79.736079488677,5.20203037899,-10.33829694797
    ));
#679 = CARTESIAN_POINT('',(82.975929260791,-10.40014569236,
    -10.22051131782));
#680 = CARTESIAN_POINT('',(90.527001741761,-19.44792886818,
    -10.13217209521));
#681 = CARTESIAN_POINT('',(101.57709009108,-23.81764947102,
    -10.04383287259));
#682 = CARTESIAN_POINT('',(113.36431102234,-22.3142089525,
    -9.955493649982));
#683 = CARTESIAN_POINT('',(122.91710641292,-15.41310931295,
    -9.867154427367));
#684 = CARTESIAN_POINT('',(129.91214825715,-1.095500772944,
    -9.749368797214));
#685 = CARTESIAN_POINT('',(124.79274641412,15.306796606384,
    -9.63158316706));
#686 = CARTESIAN_POINT('',(110.8954666036,23.103599706099,
    -9.513797536906));
#687 = CARTESIAN_POINT('',(99.113172099474,23.345699328622,
    -9.425458314291));
#688 = CARTESIAN_POINT('',(88.563430196839,17.877440331219,
    -9.337119091675));
#689 = CARTESIAN_POINT('',(81.96071281,7.998015561305,-9.248779869061));
#690 = CARTESIAN_POINT('',(80.896774259485,-3.738641150474,
    -9.160440646446));
#691 = CARTESIAN_POINT('',(87.106915466036,-18.41374492871,
    -9.042655016294));
#692 = CARTESIAN_POINT('',(102.84153719699,-25.31775199229,
    -8.924869386141));
#693 = CARTESIAN_POINT('',(117.8456133593,-19.95098171372,
    -8.807083755989));
#694 = CARTESIAN_POINT('',(125.76197847777,-11.22101955341,
    -8.718744533374));
#695 = CARTESIAN_POINT('',(128.56127018866,0.327265020159,
    -8.630405310759));
#696 = CARTESIAN_POINT('',(125.44189567152,11.793232632912,
    -8.542066088144));
#697 = CARTESIAN_POINT('',(117.28580642624,20.2996586881,-8.453726865528
    ));
#698 = CARTESIAN_POINT('',(102.13828022828,25.247079712202,
    -8.335941235374));
#699 = CARTESIAN_POINT('',(86.601749588137,17.908152664056,
    -8.218155605221));
#700 = CARTESIAN_POINT('',(80.802134901882,3.066016894616,
    -8.100369975068));
#701 = CARTESIAN_POINT('',(82.192066234201,-8.63651133226,
    -8.012030752453));
#702 = CARTESIAN_POINT('',(89.066983182698,-18.32848882017,
    -7.923691529839));
#703 = CARTESIAN_POINT('',(99.764720489148,-23.50123733493,
    -7.835352307225));
#704 = CARTESIAN_POINT('',(111.53572474851,-22.93155783262,
    -7.747013084611));
#705 = CARTESIAN_POINT('',(125.21079487924,-14.75127778685,
    -7.629227454458));
#706 = CARTESIAN_POINT('',(129.87205767688,1.787049325694,
    -7.511441824305));
#707 = CARTESIAN_POINT('',(122.48153914792,15.904583125215,
    -7.393656194151));
#708 = CARTESIAN_POINT('',(112.74051448265,22.537343823453,
    -7.305316971535));
#709 = CARTESIAN_POINT('',(100.91604105823,23.712392294797,
    -7.21697774892));
#710 = CARTESIAN_POINT('',(89.991751653663,19.037051485822,
    -7.128638526304));
#711 = CARTESIAN_POINT('',(82.695224789191,9.78276751971,-7.040299303689
    ));
#712 = CARTESIAN_POINT('',(79.890535156801,-5.903476159816,
    -6.922513673537));
#713 = CARTESIAN_POINT('',(89.307901874189,-20.27556155688,
    -6.804728043384));
#714 = CARTESIAN_POINT('',(104.80956433509,-23.96649445461,
    -6.686942413232));
#715 = CARTESIAN_POINT('',(116.20735368924,-20.9712525866,
    -6.598603190618));
#716 = CARTESIAN_POINT('',(124.8552455429,-12.82184296613,
    -6.510263968003));
#717 = CARTESIAN_POINT('',(128.49858285686,-1.511449343829,
    -6.421924745388));
#718 = CARTESIAN_POINT('',(126.3062369759,10.067613465727,
    -6.333585522773));
#719 = CARTESIAN_POINT('',(116.31307802635,22.47975666973,
    -6.215799892619));
#720 = CARTESIAN_POINT('',(99.288982844833,24.808665813658,
    -6.098014262465));
#721 = CARTESIAN_POINT('',(86.329390729598,15.536476378889,
    -5.980228632311));
#722 = CARTESIAN_POINT('',(81.107744452889,4.971653324511,
    -5.891889409697));
#723 = CARTESIAN_POINT('',(81.579528673496,-6.901692047543,
    -5.803550187082));
#724 = CARTESIAN_POINT('',(87.720955747006,-17.07429172391,
    -5.715210964468));
#725 = CARTESIAN_POINT('',(97.895527554108,-23.02064897449,
    -5.626871741854));
#726 = CARTESIAN_POINT('',(113.81893208698,-23.62868909646,
    -5.509086111701));
#727 = CARTESIAN_POINT('',(126.75027935011,-12.31392473697,
    -5.391300481549));
#728 = CARTESIAN_POINT('',(128.26157495829,3.549256226881,
    -5.273514851395));
#729 = CARTESIAN_POINT('',(123.71860390146,14.423192496062,
    -5.18517562878));
#730 = CARTESIAN_POINT('',(114.451368083,21.860749283059,-5.096836406164
    ));
#731 = CARTESIAN_POINT('',(102.74575223767,23.904634885652,
    -5.008497183549));
#732 = CARTESIAN_POINT('',(91.581229940531,20.1317688814,-4.920157960933
    ));
#733 = CARTESIAN_POINT('',(80.670628090646,8.517842242196,-4.80237233078
    ));
#734 = CARTESIAN_POINT('',(80.718844185217,-8.6647451578,-4.684586700627
    ));
#735 = CARTESIAN_POINT('',(91.69445342634,-20.21725685412,
    -4.566801070475));
#736 = CARTESIAN_POINT('',(102.879973829,-23.92740635664,-4.478461847861
    ));
#737 = CARTESIAN_POINT('',(114.57393471781,-21.81785915265,
    -4.390122625247));
#738 = CARTESIAN_POINT('',(123.79928383437,-14.32841028425,
    -4.301783402632));
#739 = CARTESIAN_POINT('',(128.28115707692,-3.429149380543,
    -4.213444180017));
#740 = CARTESIAN_POINT('',(126.68085855927,12.425300132504,
    -4.095658549864));
#741 = CARTESIAN_POINT('',(113.68621467478,23.667313513819,
    -3.97787291971));
#742 = CARTESIAN_POINT('',(97.766473326815,22.96991827334,
    -3.860087289556));
#743 = CARTESIAN_POINT('',(87.625433660219,16.96655334278,-3.77174806694
    ));
#744 = CARTESIAN_POINT('',(81.541193560757,6.759647196056,
    -3.683408844326));
#745 = CARTESIAN_POINT('',(81.136051884024,-5.116158919524,
    -3.595069621711));
#746 = CARTESIAN_POINT('',(86.416907406073,-15.65151088169,
    -3.506730399097));
#747 = CARTESIAN_POINT('',(99.428332440696,-24.85082299044,
    -3.388944768944));
#748 = CARTESIAN_POINT('',(116.43908931073,-22.42640857731,
    -3.271159138792));
#749 = CARTESIAN_POINT('',(126.36243195178,-9.958377635541,
    -3.153373508639));
#750 = CARTESIAN_POINT('',(128.48975975314,1.632806617952,
    -3.065034286024));
#751 = CARTESIAN_POINT('',(124.78300407815,12.922575131787,
    -2.976695063409));
#752 = CARTESIAN_POINT('',(116.08951262068,21.023323054655,
    -2.888355840793));
#753 = CARTESIAN_POINT('',(104.67509299037,23.954551545159,
    -2.800016618178));
#754 = CARTESIAN_POINT('',(89.19438875031,20.176678942207,
    -2.682230988024));
#755 = CARTESIAN_POINT('',(79.857828803396,5.751968154878,
    -2.564445357871));
#756 = CARTESIAN_POINT('',(82.750507946621,-9.91828818879,
    -2.446659727718));
#757 = CARTESIAN_POINT('',(90.098856475986,-19.13147703245,
    -2.358320505104));
#758 = CARTESIAN_POINT('',(101.04921250202,-23.74543556578,
    -2.26998128249));
#759 = CARTESIAN_POINT('',(112.8669053418,-22.50404435755,
    -2.181642059876));
#760 = CARTESIAN_POINT('',(122.57055214064,-15.81672066326,
    -2.093302837261));
#761 = CARTESIAN_POINT('',(129.88172515171,-1.657930870296,
    -1.975517207108));
#762 = CARTESIAN_POINT('',(125.12771853944,14.853972887807,
    -1.857731576954));
#763 = CARTESIAN_POINT('',(111.40695690231,22.957382046697,-1.7399459468
    ));
#764 = CARTESIAN_POINT('',(99.632937171882,23.460983933755,
    -1.651606724185));
#765 = CARTESIAN_POINT('',(88.964406020666,18.228295168834,
    -1.563267501569));
#766 = CARTESIAN_POINT('',(82.143976219128,8.497857335231,
    -1.474928278955));
#767 = CARTESIAN_POINT('',(80.819768847005,-3.212232713451,
    -1.38658905634));
#768 = CARTESIAN_POINT('',(86.702534944807,-18.02170043635,
    -1.268803426187));
#769 = CARTESIAN_POINT('',(102.28011745436,-25.27308621986,
    -1.151017796035));
#770 = CARTESIAN_POINT('',(117.39947912453,-20.24107319051,
    -1.033232165883));
#771 = CARTESIAN_POINT('',(125.50797398693,-11.68842689076,
    -0.944892943268));
#772 = CARTESIAN_POINT('',(128.56240590487,-0.206290300538,
    -0.856553720653));
#773 = CARTESIAN_POINT('',(125.69938264199,11.328301235045,
    -0.768214498038));
#774 = CARTESIAN_POINT('',(117.73226129936,20.009689825551,
    -0.679875275422));
#775 = CARTESIAN_POINT('',(102.70225825769,25.300573427616,
    -0.562089645268));
#776 = CARTESIAN_POINT('',(86.998579367308,18.291268325162,
    -0.444304015115));
#777 = CARTESIAN_POINT('',(80.882688890504,3.606591162463,
    -0.326518384962));
#778 = CARTESIAN_POINT('',(81.992479390237,-8.166345269376,
    -0.238179162347));
#779 = CARTESIAN_POINT('',(88.689306327937,-17.92661944462,
    -0.149839939733));
#780 = CARTESIAN_POINT('',(102.70939435834,-25.31931923736,
    -3.205430958068E-02));
#781 = CARTESIAN_POINT('',(123.58979352809,-19.45767774646,0.11517772811
    ));
#782 = CARTESIAN_POINT('',(129.91851195957,1.285745671149,0.262409765801
    ));
#783 = CARTESIAN_POINT('',(122.82454310059,15.47525618645,0.380195395955
    ));
#784 = CARTESIAN_POINT('',(113.24223468806,22.365830137069,
    0.468534618571));
#785 = CARTESIAN_POINT('',(101.44177155235,23.779301297663,
    0.556873841186));
#786 = CARTESIAN_POINT('',(90.41900817059,19.360164340474,0.645213063802
    ));
#787 = CARTESIAN_POINT('',(82.917512657255,10.263852737982,
    0.733552286417));
#788 = CARTESIAN_POINT('',(79.766049101459,-5.352572272324,
    0.851337916569));
#789 = CARTESIAN_POINT('',(88.861503606859,-19.93269887218,
    0.969123546722));
#790 = CARTESIAN_POINT('',(104.27766507027,-23.96562717742,
    1.086909176874));
#791 = CARTESIAN_POINT('',(115.73901690018,-21.22474655512,
    1.175248399488));
#792 = CARTESIAN_POINT('',(124.56576410719,-13.26900740349,
    1.263587622103));
#793 = CARTESIAN_POINT('',(128.45926133386,-2.042454371256,
    1.351926844718));
#794 = CARTESIAN_POINT('',(126.52453170182,9.582510740804,1.440266067333
    ));
#795 = CARTESIAN_POINT('',(116.80937773978,22.213395416507,
    1.558051697487));
#796 = CARTESIAN_POINT('',(99.841187755478,24.91970379848,1.675837327641
    ));
#797 = CARTESIAN_POINT('',(86.678941220215,15.937488888673,
    1.793622957795));
#798 = CARTESIAN_POINT('',(81.224041873368,5.491199417509,1.881962180409
    ));
#799 = CARTESIAN_POINT('',(81.432117732607,-6.389697812759,
    1.970301403024));
#800 = CARTESIAN_POINT('',(87.346197502433,-16.69612926547,
    2.058640625638));
#801 = CARTESIAN_POINT('',(97.386250900936,-22.86690014039,
    2.146979848252));
#802 = CARTESIAN_POINT('',(113.29223252174,-23.82829319796,
    2.264765478405));
#803 = CARTESIAN_POINT('',(126.47158321469,-12.80339695877,
    2.382551108557));
#804 = CARTESIAN_POINT('',(128.33467289503,3.022323528216,2.500336738711
    ));
#805 = CARTESIAN_POINT('',(124.03422549811,13.994434811341,
    2.588675961326));
#806 = CARTESIAN_POINT('',(114.93438923338,21.635893527636,
    2.677015183942));
#807 = CARTESIAN_POINT('',(103.27703305791,23.93914290232,2.765354406557
    ));
#808 = CARTESIAN_POINT('',(92.031503778448,20.41506188042,2.853693629172
    ));
#809 = CARTESIAN_POINT('',(80.86575889956,9.04621557748,2.971479259326)
  );
#810 = CARTESIAN_POINT('',(80.532505475176,-8.133207477108,
    3.089264889479));
#811 = CARTESIAN_POINT('',(91.248941131812,-19.92653319904,
    3.207050519631));
#812 = CARTESIAN_POINT('',(102.34933857332,-23.88408959726,
    3.295389742245));
#813 = CARTESIAN_POINT('',(114.08724988075,-22.0346710922,3.383728964859
    ));
#814 = CARTESIAN_POINT('',(123.47659295086,-14.75187304511,
    3.472068187474));
#815 = CARTESIAN_POINT('',(128.19932786394,-3.954797008287,
    3.560407410089));
#816 = CARTESIAN_POINT('',(126.95139640081,11.931272101934,
    3.678193040242));
#817 = CARTESIAN_POINT('',(114.20953056449,23.458999092021,
    3.795978670396));
#818 = CARTESIAN_POINT('',(98.278230384334,23.115197875023,3.91376430055
    ));
#819 = CARTESIAN_POINT('',(88.006413867908,17.338446066038,
    4.002103523166));
#820 = CARTESIAN_POINT('',(81.697077455185,7.269127086796,4.09044274578)
  );
#821 = CARTESIAN_POINT('',(81.02838983149,-4.594757923475,4.178781968395
    ));
#822 = CARTESIAN_POINT('',(86.074056469347,-15.24474966943,
    4.267121191009));
#823 = CARTESIAN_POINT('',(98.878047787009,-24.73065136852,
    4.384906821162));
#824 = CARTESIAN_POINT('',(115.9384348499,-22.68447742319,4.502692451314
    ));
#825 = CARTESIAN_POINT('',(126.13612515748,-10.43981993112,
    4.620478081467));
#826 = CARTESIAN_POINT('',(128.52025578888,1.101280412509,4.708817304082
    ));
#827 = CARTESIAN_POINT('',(125.06504928241,12.470557375998,
    4.797156526697));
#828 = CARTESIAN_POINT('',(116.55353897148,20.762306461801,
    4.885495749313));
#829 = CARTESIAN_POINT('',(105.20700647451,23.946215427921,
    4.973834971928));
#830 = CARTESIAN_POINT('',(89.646247859504,20.51294933964,5.091620602082
    ));
#831 = CARTESIAN_POINT('',(79.991756838072,6.29906747481,5.209406232235)
  );
#832 = CARTESIAN_POINT('',(82.535839576373,-9.431544964894,
    5.327191862388));
#833 = CARTESIAN_POINT('',(89.677841967282,-18.80559840285,
    5.415531085002));
#834 = CARTESIAN_POINT('',(100.52306831326,-23.66152016696,
    5.503870307616));
#835 = CARTESIAN_POINT('',(112.3654076026,-22.68279097502,5.59220953023)
  );
#836 = CARTESIAN_POINT('',(122.21512346476,-16.21253800901,
    5.680548752845));
#837 = CARTESIAN_POINT('',(129.83882242364,-2.219549089851,
    5.798334382998));
#838 = CARTESIAN_POINT('',(125.45255731348,14.393828439527,
    5.916120013152));
#839 = CARTESIAN_POINT('',(111.915072623,22.799840155113,6.033905643306)
  );
#840 = CARTESIAN_POINT('',(100.15513863873,23.564711840483,
    6.122244865921));
#841 = CARTESIAN_POINT('',(89.373062101616,18.57014116598,6.210584088537
    ));
#842 = CARTESIAN_POINT('',(82.338309846717,8.993546187228,6.298923311151
    ));
#843 = CARTESIAN_POINT('',(80.754435162248,-2.684313933244,
    6.387262533766));
#844 = CARTESIAN_POINT('',(86.307033831664,-17.62061778406,
    6.505048163919));
#845 = CARTESIAN_POINT('',(101.71968018203,-25.21627226729,
    6.622833794071));
#846 = CARTESIAN_POINT('',(116.9471952959,-20.5208161484,6.740619424223)
  );
#847 = CARTESIAN_POINT('',(125.24327629454,-12.15086297808,
    6.828958646838));
#848 = CARTESIAN_POINT('',(128.5524318452,-0.738220855579,6.917297869453
    ));
#849 = CARTESIAN_POINT('',(125.94510119463,10.854912351344,
    7.005637092068));
#850 = CARTESIAN_POINT('',(118.17464780879,19.71499870464,7.093976314684
    ));
#851 = CARTESIAN_POINT('',(103.26166632486,25.329934854543,
    7.211761944838));
#852 = CARTESIAN_POINT('',(87.414678431307,18.687901336733,
    7.329547574991));
#853 = CARTESIAN_POINT('',(80.961944770379,4.117837747009,7.447333205144
    ));
#854 = CARTESIAN_POINT('',(81.831036132996,-7.634853698479,
    7.535672427759));
#855 = CARTESIAN_POINT('',(88.268953986197,-17.62245222817,
    7.624011650373));
#856 = CARTESIAN_POINT('',(98.726530558094,-23.2649696555,7.712350872987
    ));
#857 = CARTESIAN_POINT('',(110.511219933,-23.21836121925,7.800690095602)
  );
#858 = CARTESIAN_POINT('',(124.53592943928,-15.65317464046,
    7.918475725754));
#859 = CARTESIAN_POINT('',(129.92672645018,0.661939276932,8.036261355907
    ));
#860 = CARTESIAN_POINT('',(123.1701636802,15.093619159842,8.154046986061
    ));
#861 = CARTESIAN_POINT('',(113.73316599383,22.152241594621,
    8.242386208677));
#862 = CARTESIAN_POINT('',(101.97250784071,23.851014822666,
    8.330725431292));
#863 = CARTESIAN_POINT('',(90.851450271959,19.665206749265,
    8.419064653908));
#864 = CARTESIAN_POINT('',(83.151322144908,10.743934259513,
    8.507403876523));
#865 = CARTESIAN_POINT('',(79.653091868472,-4.802348564381,
    8.625189506675));
#866 = CARTESIAN_POINT('',(88.423205529415,-19.57830000327,
    8.742975136828));
#867 = CARTESIAN_POINT('',(103.74574914074,-23.95370649712,8.86076076698
    ));
#868 = CARTESIAN_POINT('',(115.26526110057,-21.46735973599,
    8.949099989594));
#869 = CARTESIAN_POINT('',(124.26637730376,-13.70985899338,
    9.037439212209));
#870 = CARTESIAN_POINT('',(128.40818660904,-2.572340133529,
    9.125778434824));
#871 = CARTESIAN_POINT('',(126.73199106537,9.092626412021,9.214117657439
    ));
#872 = CARTESIAN_POINT('',(117.29965178801,21.936126731808,
    9.331903287593));
#873 = CARTESIAN_POINT('',(100.39571650485,25.018432117859,
    9.449688917747));
#874 = CARTESIAN_POINT('',(87.037310404407,16.330652702897,
    9.567474547901));
#875 = CARTESIAN_POINT('',(81.351843417011,6.008029918709,9.655813770515
    ));
#876 = CARTESIAN_POINT('',(81.296110191595,-5.874554163992,9.74415299313
    ));
#877 = CARTESIAN_POINT('',(86.979926571398,-16.30974184968,
    9.832492215744));
#878 = CARTESIAN_POINT('',(96.880513188698,-22.70188238652,
    9.920831438358));
#879 = CARTESIAN_POINT('',(112.76123137001,-24.01615585622,
    10.038617068511));
#880 = CARTESIAN_POINT('',(126.1820894324,-13.28656110994,
    10.156402698663));
#881 = CARTESIAN_POINT('',(128.39605475099,2.493897764104,
    10.274188328817));
#882 = CARTESIAN_POINT('',(124.34025079983,13.558775997471,
    10.362527551432));
#883 = CARTESIAN_POINT('',(115.41229947859,21.400369960455,
    10.450866774048));
#884 = CARTESIAN_POINT('',(103.80894903203,23.961847871579,
    10.539205996663));
#885 = CARTESIAN_POINT('',(92.487955815301,20.688288860934,
    10.627545219278));
#886 = CARTESIAN_POINT('',(81.072571636282,9.570126748745,
    10.745330849432));
#887 = CARTESIAN_POINT('',(80.358012954784,-7.597664036356,
    10.863116479585));
#888 = CARTESIAN_POINT('',(90.809992772939,-19.62599071084,
    10.980902109737));
#889 = CARTESIAN_POINT('',(101.81979573818,-23.82900328231,
    11.069241332351));
#890 = CARTESIAN_POINT('',(113.59587171209,-22.24062507437,
    11.157580554965));
#891 = CARTESIAN_POINT('',(123.14458061959,-15.16806762498,
    11.24591977758));
#892 = CARTESIAN_POINT('',(128.10584931255,-4.478498458475,
    11.334259000195));
#893 = CARTESIAN_POINT('',(127.21090002376,11.431359821157,
    11.452044630348));
#894 = CARTESIAN_POINT('',(114.72809284894,23.239118270011,
    11.569830260502));
#895 = CARTESIAN_POINT('',(98.793086558993,23.249080539998,
    11.687615890656));
#896 = CARTESIAN_POINT('',(88.395556290119,17.701789280542,
    11.775955113272));
#897 = CARTESIAN_POINT('',(81.864233509125,7.775020752699,
    11.864294335886));
#898 = CARTESIAN_POINT('',(80.93232954238,-4.071095305809,
    11.952633558501));
#899 = CARTESIAN_POINT('',(85.740320228442,-14.83047733138,
    12.040972781115));
#900 = CARTESIAN_POINT('',(98.330566593617,-24.59829290967,
    12.158758411268));
#901 = CARTESIAN_POINT('',(115.43217458666,-22.93136801557,
    12.27654404142));
#902 = CARTESIAN_POINT('',(125.89918600148,-10.91611950589,
    12.394329671573));
#903 = CARTESIAN_POINT('',(128.53894429662,0.569208184366,
    12.482668894188));
#904 = CARTESIAN_POINT('',(125.33699007135,12.012389552068,
    12.571008116803));
#905 = CARTESIAN_POINT('',(117.01165632641,20.491052696121,
    12.659347339419));
#906 = CARTESIAN_POINT('',(105.73860380482,23.926072762261,
    12.747686562034));
#907 = CARTESIAN_POINT('',(90.105460883176,20.839105464274,
    12.865472192188));
#908 = CARTESIAN_POINT('',(80.137797617833,6.843058751753,
    12.983257822341));
#909 = CARTESIAN_POINT('',(82.332029913835,-8.940156045576,
    13.101043452494));
#910 = CARTESIAN_POINT('',(89.264165840944,-18.47045339127,
    13.189382675108));
#911 = CARTESIAN_POINT('',(99.998916668849,-23.56594505918,
    13.277721897722));
#912 = CARTESIAN_POINT('',(111.86006537218,-22.85035990543,
    13.366061120337));
#913 = CARTESIAN_POINT('',(121.85099491102,-16.60036766868,
    13.454400342951));
#914 = CARTESIAN_POINT('',(129.78346273693,-2.780075381681,
    13.572185973104));
#915 = CARTESIAN_POINT('',(125.76709968619,13.926583841365,
    13.689971603258));
#916 = CARTESIAN_POINT('',(112.41956690049,22.631059313335,
    13.807757233412));
#917 = CARTESIAN_POINT('',(100.67951155831,23.656815898468,
    13.896096456027));
#918 = CARTESIAN_POINT('',(89.789211637513,18.902840897493,
    13.984435678643));
#919 = CARTESIAN_POINT('',(82.54359039044,9.484779344347,14.072774901258
    ));
#920 = CARTESIAN_POINT('',(80.700854714064,-2.155040294996,
    14.161114123872));
#921 = CARTESIAN_POINT('',(85.920495319685,-17.21093205389,
    14.278899754025));
#922 = CARTESIAN_POINT('',(101.16071774931,-25.1468790576,
    14.396685384177));
#923 = CARTESIAN_POINT('',(116.48872022657,-20.79063471593,
    14.514471014329));
#924 = CARTESIAN_POINT('',(124.96857161275,-12.60691939355,
    14.602810236944));
#925 = CARTESIAN_POINT('',(128.53027504552,-1.27055404429,
    14.691149459559));
#926 = CARTESIAN_POINT('',(126.18095737551,10.377605345085,
    14.779488682174));
#927 = CARTESIAN_POINT('',(118.60911514404,19.408014041878,
    14.867827904789));
#928 = CARTESIAN_POINT('',(103.82446200476,25.35263818969,
    14.985613534944));
#929 = CARTESIAN_POINT('',(87.833924926757,19.064048641385,
    15.103399165097));
#930 = CARTESIAN_POINT('',(81.059322608981,4.640828191589,15.22118479525
    ));
#931 = CARTESIAN_POINT('',(81.667287158306,-7.128260775541,
    15.309524017865));
#932 = CARTESIAN_POINT('',(87.881891222524,-17.25632115252,
    15.397863240479));
#933 = CARTESIAN_POINT('',(98.211625199024,-23.12960870292,
    15.486202463093));
#934 = CARTESIAN_POINT('',(109.99444488764,-23.34463473612,
    15.574541685708));
#935 = CARTESIAN_POINT('',(124.18364691287,-16.09266461797,
    15.69232731586));
#936 = CARTESIAN_POINT('',(129.93531484456,9.875133474342E-02,
    15.810112946013));
#937 = CARTESIAN_POINT('',(123.50080408696,14.676871790337,
    15.927898576167));
#938 = CARTESIAN_POINT('',(114.22283534546,21.943258240358,
    16.016237798783));
#939 = CARTESIAN_POINT('',(102.50278885525,23.902702279446,
    16.104577021398));
#940 = CARTESIAN_POINT('',(91.291546173946,19.964816017042,
    16.192916244014));
#941 = CARTESIAN_POINT('',(83.395261359778,11.216686951753,
    16.281255466629));
#942 = CARTESIAN_POINT('',(79.552761966581,-4.248102834103,
    16.399041096781));
#943 = CARTESIAN_POINT('',(87.992684451232,-19.21511131955,
    16.516826726934));
#944 = CARTESIAN_POINT('',(103.21431664007,-23.92960367983,
    16.634612357086));
#945 = CARTESIAN_POINT('',(114.78618705484,-21.69960567242,16.7229515797
    ));
#946 = CARTESIAN_POINT('',(123.95730329206,-14.14384378904,
    16.811290802315));
#947 = CARTESIAN_POINT('',(128.34534746348,-3.101019013444,
    16.89963002493));
#948 = CARTESIAN_POINT('',(126.92853013439,8.59828458401,16.987969247545
    ));
#949 = CARTESIAN_POINT('',(117.78364435582,21.648019784557,
    17.105754877699));
#950 = CARTESIAN_POINT('',(100.95230307785,25.104837010672,
    17.223540507853));
#951 = CARTESIAN_POINT('',(87.404318408963,16.7157586275,17.341326138007
    ));
#952 = CARTESIAN_POINT('',(81.491087890725,6.521898669292,
    17.429665360621));
#953 = CARTESIAN_POINT('',(81.171572132122,-5.356519590515,
    17.518004583236));
#954 = CARTESIAN_POINT('',(86.622323987031,-15.91531757565,
    17.60634380585));
#955 = CARTESIAN_POINT('',(96.378563466207,-22.52567817356,
    17.694683028464));
#956 = CARTESIAN_POINT('',(112.22619056049,-24.19218355545,
    17.812468658617));
#957 = CARTESIAN_POINT('',(125.88194059875,-13.76317950699,
    17.930254288769));
#958 = CARTESIAN_POINT('',(128.44569031415,1.964239610725,
    18.048039918923));
#959 = CARTESIAN_POINT('',(124.63652893876,13.116430679104,
    18.136379141538));
#960 = CARTESIAN_POINT('',(115.88486326412,21.15429473582,
    18.224718364154));
#961 = CARTESIAN_POINT('',(104.34123796576,23.972738569913,
    18.313057586769));
#962 = CARTESIAN_POINT('',(92.950361063785,20.951315161418,
    18.401396809384));
#963 = CARTESIAN_POINT('',(81.290964357816,10.089317501673,
    18.519182439538));
#964 = CARTESIAN_POINT('',(80.195452634771,-7.058378804681,
    18.636968069691));
#965 = CARTESIAN_POINT('',(90.377824711858,-19.31577753325,
    18.754753699843));
#966 = CARTESIAN_POINT('',(101.29160634171,-23.7621745629,
    18.843092922457));
#967 = CARTESIAN_POINT('',(113.10004241766,-22.4356195829,
    18.931432145071));
#968 = CARTESIAN_POINT('',(122.80341049338,-15.57678887629,
    19.019771367686));
#969 = CARTESIAN_POINT('',(128.00076749937,-4.999995592801,
    19.108110590301));
#970 = CARTESIAN_POINT('',(127.45924151581,10.925809702901,
    19.225896220454));
#971 = CARTESIAN_POINT('',(115.24164592274,23.007779429499,
    19.343681850608));
#972 = CARTESIAN_POINT('',(99.310788072232,23.371500276,19.461467480762)
  );
#973 = CARTESIAN_POINT('',(88.792669114033,18.056403890178,
    19.549806703378));
#974 = CARTESIAN_POINT('',(82.042579329436,8.277078832958,
    19.638145925992));
#975 = CARTESIAN_POINT('',(80.847918365903,-3.545429185947,
    19.726485148607));
#976 = CARTESIAN_POINT('',(85.415863185856,-14.40889806707,
    19.814824371221));
#977 = CARTESIAN_POINT('',(97.786158720254,-24.45381285512,
    19.932610001374));
#978 = CARTESIAN_POINT('',(114.92055806274,-23.16695865884,
    20.050395631526));
#979 = CARTESIAN_POINT('',(125.65173127361,-11.38704158673,
    20.168181261679));
#980 = CARTESIAN_POINT('',(128.54581606505,3.685219906687E-02,
    20.256520484294));
#981 = CARTESIAN_POINT('',(125.59869240131,11.548297494317,
    20.344859706909));
#982 = CARTESIAN_POINT('',(117.46363887581,20.209695465328,
    20.433198929525));
#983 = CARTESIAN_POINT('',(106.26962294779,23.894133470304,
    20.52153815214));
#984 = CARTESIAN_POINT('',(90.571801476768,21.154986564549,
    20.639323782294));
#985 = CARTESIAN_POINT('',(80.295879144216,7.383673817917,
    20.757109412447));
#986 = CARTESIAN_POINT('',(82.1391794354,-8.444363607618,20.8748950426)
  );
#987 = CARTESIAN_POINT('',(88.8580319686,-18.12620726708,20.963234265214
    ));
#988 = CARTESIAN_POINT('',(99.477015995377,-23.45875721191,
    21.051573487828));
#989 = CARTESIAN_POINT('',(111.3511276151,-23.00666881655,
    21.139912710442));
#990 = CARTESIAN_POINT('',(121.47834618569,-16.98001800268,
    21.228251933057));
#991 = CARTESIAN_POINT('',(129.71567287336,-3.339234529938,
    21.34603756321));
#992 = CARTESIAN_POINT('',(126.07119159389,13.452471480732,
    21.463823193364));
#993 = CARTESIAN_POINT('',(112.92018986656,22.451120172518,
    21.581608823518));
#994 = CARTESIAN_POINT('',(101.20579997567,23.737256049713,
    21.669948046133));
#995 = CARTESIAN_POINT('',(90.212644626365,19.226220012409,
    21.758287268748));
#996 = CARTESIAN_POINT('',(82.759725837436,9.971334155016,
    21.846626491364));
#997 = CARTESIAN_POINT('',(80.659037475532,-1.624707598505,
    21.934965713978));
#998 = CARTESIAN_POINT('',(85.543147194743,-16.79276604775,
    22.052751344131));
#999 = CARTESIAN_POINT('',(100.60343362405,-25.06509384003,
    22.170536974283));
#1000 = CARTESIAN_POINT('',(116.02436811087,-21.05020853602,
    22.288322604435));
#1001 = CARTESIAN_POINT('',(124.68381007415,-13.0567648804,
    22.37666182705));
#1002 = CARTESIAN_POINT('',(128.49630577107,-1.802264188504,
    22.465001049665));
#1003 = CARTESIAN_POINT('',(126.40615911237,9.895179981422,
    22.55334027228));
#1004 = CARTESIAN_POINT('',(119.03666023874,19.091459626658,
    22.641679494895));
#1005 = CARTESIAN_POINT('',(104.38762306587,25.36284202176,
    22.759465125049));
#1006 = CARTESIAN_POINT('',(88.261418531116,19.430795299472,
    22.877250755203));
#1007 = CARTESIAN_POINT('',(81.168287119829,5.161528626046,
    22.995036385356));
#1008 = CARTESIAN_POINT('',(81.514824699525,-6.618158899414,
    23.083375607971));
#1009 = CARTESIAN_POINT('',(87.503052687413,-16.88168458988,
    23.171714830585));
#1010 = CARTESIAN_POINT('',(97.699850592589,-22.98285541642,
    23.260054053199));
#1011 = CARTESIAN_POINT('',(109.47499604305,-23.45939504763,
    23.348393275814));
#1012 = CARTESIAN_POINT('',(123.82168956983,-16.52424717355,
    23.466178905966));
#1013 = CARTESIAN_POINT('',(129.93140759937,-0.464446599556,
    23.583964536119));
#1014 = CARTESIAN_POINT('',(123.82209962036,14.252835572964,
    23.701750166273));
#1015 = CARTESIAN_POINT('',(114.70776867138,21.72356328024,
    23.790089388889));
#1016 = CARTESIAN_POINT('',(103.0340398371,23.942395802326,
    23.878428611504));
#1017 = CARTESIAN_POINT('',(91.738273057614,20.254973949263,
    23.966767834119));
#1018 = CARTESIAN_POINT('',(83.649477893818,11.683203803039,
    24.055107056735));
#1019 = CARTESIAN_POINT('',(79.465118816891,-3.690171089443,
    24.172892686888));
#1020 = CARTESIAN_POINT('',(87.569640713004,-18.84553961268,
    24.29067831704));
#1021 = CARTESIAN_POINT('',(102.68439694791,-23.88993184685,
    24.408463947192));
#1022 = CARTESIAN_POINT('',(114.30029633431,-21.92909390284,
    24.496803169806));
#1023 = CARTESIAN_POINT('',(123.6421234339,-14.55545561869,
    24.585142392421));
#1024 = CARTESIAN_POINT('',(128.26427373259,-3.657259481857,
    24.673481615036));
#1025 = CARTESIAN_POINT('',(127.12588456736,8.15278471464,
    24.761820837651));
#1026 = CARTESIAN_POINT('',(122.67914757721,14.685455912068,
    24.820713652728));
#1027 = CARTESIAN_POINT('',(119.80983647635,17.224007934868,
    24.850160060266));
#1028 = CARTESIAN_POINT('',(119.71475996526,17.11654348811,
    -25.44815019786));
#1029 = CARTESIAN_POINT('',(116.86352178234,19.639105943806,
    -25.41870379032));
#1030 = CARTESIAN_POINT('',(109.88114230539,23.234269566151,
    -25.35981097524));
#1031 = CARTESIAN_POINT('',(98.094549844913,22.926659464916,
    -25.27147175262));
#1032 = CARTESIAN_POINT('',(87.904747511698,17.047781203607,
    -25.18313253001));
#1033 = CARTESIAN_POINT('',(81.763144255866,6.940360070178,
    -25.09479330739));
#1034 = CARTESIAN_POINT('',(81.235830685339,-4.754504688842,
    -25.00645408478));
#1035 = CARTESIAN_POINT('',(88.041946237445,-19.05212069954,
    -24.88866845463));
#1036 = CARTESIAN_POINT('',(103.97205481301,-25.2105990657,
    -24.77088282448));
#1037 = CARTESIAN_POINT('',(118.62891148998,-19.22147830239,
    -24.65309719432));
#1038 = CARTESIAN_POINT('',(126.10409621983,-10.2049260084,
    -24.56475797171));
#1039 = CARTESIAN_POINT('',(128.37318522251,1.383298492138,
    -24.47641874909));
#1040 = CARTESIAN_POINT('',(124.77082972983,12.629027527224,
    -24.38807952648));
#1041 = CARTESIAN_POINT('',(116.29820488224,20.714225773248,
    -24.29974030386));
#1042 = CARTESIAN_POINT('',(101.04183492706,24.957777902762,
    -24.18195467371));
#1043 = CARTESIAN_POINT('',(85.941101701194,16.986431693396,
    -24.06416904355));
#1044 = CARTESIAN_POINT('',(80.838096018981,1.995577359377,
    -23.9463834134));
#1045 = CARTESIAN_POINT('',(82.734212793063,-9.561191822232,
    -23.85804419079));
#1046 = CARTESIAN_POINT('',(89.987064388078,-18.87995386048,
    -23.76970496817));
#1047 = CARTESIAN_POINT('',(100.83578191187,-23.54346903698,
    -23.68136574556));
#1048 = CARTESIAN_POINT('',(112.49671343643,-22.45864914705,
    -23.59302652294));
#1049 = CARTESIAN_POINT('',(125.71224289935,-13.7341578304,
    -23.47524089279));
#1050 = CARTESIAN_POINT('',(129.61031866345,2.890442651087,
    -23.35745526264));
#1051 = CARTESIAN_POINT('',(121.65037049563,16.58008234386,
    -23.23966963248));
#1052 = CARTESIAN_POINT('',(111.68705256882,22.73527538233,
    -23.15133040987));
#1053 = CARTESIAN_POINT('',(99.896075044659,23.380234782678,
    -23.06299118725));
#1054 = CARTESIAN_POINT('',(89.256862010009,18.256733464086,
    -22.97465196464));
#1055 = CARTESIAN_POINT('',(82.421221429798,8.7473629864,-22.88631274202
    ));
#1056 = CARTESIAN_POINT('',(80.328734135473,-6.949404322689,
    -22.76852711187));
#1057 = CARTESIAN_POINT('',(90.312132410853,-20.80234907465,
    -22.65074148172));
#1058 = CARTESIAN_POINT('',(105.86474510874,-23.7828265054,
    -22.53295585157));
#1059 = CARTESIAN_POINT('',(117.04815485335,-20.30641242359,
    -22.44461662895));
#1060 = CARTESIAN_POINT('',(125.27414734003,-11.83433069637,
    -22.35627740634));
#1061 = CARTESIAN_POINT('',(128.39226081582,-0.444840387654,
    -22.26793818372));
#1062 = CARTESIAN_POINT('',(125.70495221239,10.953952571258,
    -22.17959896111));
#1063 = CARTESIAN_POINT('',(115.23637519039,22.835699177865,
    -22.06181333095));
#1064 = CARTESIAN_POINT('',(98.232398852497,24.396823206709,
    -21.9440277008));
#1065 = CARTESIAN_POINT('',(85.775350057563,14.619863423138,
    -21.82624207065));
#1066 = CARTESIAN_POINT('',(81.057428258535,3.900939860264,
    -21.73790284803));
#1067 = CARTESIAN_POINT('',(82.049573122029,-7.865910598598,
    -21.64956362542));
#1068 = CARTESIAN_POINT('',(88.595421748591,-17.69418546804,
    -21.5612244028));
#1069 = CARTESIAN_POINT('',(98.958879240434,-23.14880344401,
    -21.47288518019));
#1070 = CARTESIAN_POINT('',(114.79419582629,-23.0500314216,
    -21.35509955004));
#1071 = CARTESIAN_POINT('',(127.13310011487,-11.24648278167,
    -21.23731391988));
#1072 = CARTESIAN_POINT('',(127.93372191683,4.568889867011,
    -21.11952828973));
#1073 = CARTESIAN_POINT('',(122.94385630487,15.163952378562,
    -21.03118906711));
#1074 = CARTESIAN_POINT('',(113.41540624139,22.139033778729,
    -20.9428498445));
#1075 = CARTESIAN_POINT('',(101.70410192828,23.651803568569,
    -20.85451062188));
#1076 = CARTESIAN_POINT('',(90.786578976288,19.413667062779,
    -20.76617139927));
#1077 = CARTESIAN_POINT('',(80.467034374304,7.402255551461,
    -20.64838576911));
#1078 = CARTESIAN_POINT('',(81.272872729789,-9.65420785931,
    -20.53060013896));
#1079 = CARTESIAN_POINT('',(92.678889592097,-20.63918790586,
    -20.41281450881));
#1080 = CARTESIAN_POINT('',(103.94735508666,-23.82913991912,
    -20.3244752862));
#1081 = CARTESIAN_POINT('',(115.46386944267,-21.21896401718,
    -20.23613606358));
#1082 = CARTESIAN_POINT('',(124.29226465355,-13.37660728264,
    -20.14779684097));
#1083 = CARTESIAN_POINT('',(128.26099898912,-2.358292700883,
    -20.05945761835));
#1084 = CARTESIAN_POINT('',(125.97286645386,13.311150709387,
    -19.9416719882));
#1085 = CARTESIAN_POINT('',(112.57608210003,23.898808076114,
    -19.82388635804));
#1086 = CARTESIAN_POINT('',(96.801988533815,22.504182875352,
    -19.70610072789));
#1087 = CARTESIAN_POINT('',(86.998955630346,16.096792272103,
    -19.61776150527));
#1088 = CARTESIAN_POINT('',(81.408876183122,5.695151395542,
    -19.52942228266));
#1089 = CARTESIAN_POINT('',(81.530531979166,-6.112825612335,
    -19.44108306005));
#1090 = CARTESIAN_POINT('',(87.238021294448,-16.33919711766,
    -19.35274383743));
#1091 = CARTESIAN_POINT('',(100.56135664329,-24.898153974,
    -19.23495820728));
#1092 = CARTESIAN_POINT('',(117.34240902061,-21.74084489065,
    -19.11717257713));
#1093 = CARTESIAN_POINT('',(126.64414206539,-8.925043329675,
    -18.99938694697));
#1094 = CARTESIAN_POINT('',(128.24479978502,2.67633604149,
    -18.91104772436));
#1095 = CARTESIAN_POINT('',(124.06677157833,13.721117680589,
    -18.82270850174));
#1096 = CARTESIAN_POINT('',(115.07867034132,21.379913754684,
    -18.73436927913));
#1097 = CARTESIAN_POINT('',(103.61731775532,23.786468418195,
    -18.64603005651));
#1098 = CARTESIAN_POINT('',(88.4149811759,19.352963054221,
    -18.52824442636));
#1099 = CARTESIAN_POINT('',(79.782110744917,4.620486424001,
    -18.4104587962));
#1100 = CARTESIAN_POINT('',(83.345172293039,-10.80908258134,
    -18.29267316605));
#1101 = CARTESIAN_POINT('',(91.04691046247,-19.6316296976,
    -18.20433394344));
#1102 = CARTESIAN_POINT('',(102.12177816998,-23.72924197943,
    -18.11599472082));
#1103 = CARTESIAN_POINT('',(113.79942810102,-21.97549934172,
    -18.02765549821));
#1104 = CARTESIAN_POINT('',(123.13805360378,-14.90837954873,
    -17.9393162756));
#1105 = CARTESIAN_POINT('',(129.77188299269,-0.529251796148,
    -17.82153064544));
#1106 = CARTESIAN_POINT('',(124.32380015271,15.653786018392,
    -17.70374501529));
#1107 = CARTESIAN_POINT('',(110.34458835885,23.093453007511,
    -17.58595938513));
#1108 = CARTESIAN_POINT('',(98.633323193363,23.074044952795,
    -17.49762016252));
#1109 = CARTESIAN_POINT('',(88.272602166786,17.408483995511,
    -17.4092809399));
#1110 = CARTESIAN_POINT('',(81.930640014778,7.447427966468,
    -17.32094171729));
#1111 = CARTESIAN_POINT('',(81.132529286767,-4.236626454619,
    -17.23260249467));
#1112 = CARTESIAN_POINT('',(87.626176562731,-18.6796023371,
    -17.11481686452));
#1113 = CARTESIAN_POINT('',(103.41112431909,-25.19172517584,
    -16.99703123437));
#1114 = CARTESIAN_POINT('',(118.19954651931,-19.52872454768,
    -16.87924560422));
#1115 = CARTESIAN_POINT('',(125.87200079552,-10.68069912792,
    -16.7909063816));
#1116 = CARTESIAN_POINT('',(128.39837229548,0.854489132149,
    -16.70256715899));
#1117 = CARTESIAN_POINT('',(125.04625724305,12.177317658031,
    -16.61422793637));
#1118 = CARTESIAN_POINT('',(116.7553672114,20.448668873652,
    -16.52588871376));
#1119 = CARTESIAN_POINT('',(101.59687533009,25.029840249051,
    -16.4081030836));
#1120 = CARTESIAN_POINT('',(86.322959212548,17.39571908337,
    -16.29031745345));
#1121 = CARTESIAN_POINT('',(80.888380467069,2.521837238144,
    -16.1725318233));
#1122 = CARTESIAN_POINT('',(82.527481190391,-9.074173164917,
    -16.08419260068));
#1123 = CARTESIAN_POINT('',(89.571658608678,-18.5516562512,
    -15.99585337807));
#1124 = CARTESIAN_POINT('',(100.31417537095,-23.45486487042,
    -15.90751415545));
#1125 = CARTESIAN_POINT('',(111.99631417713,-22.62918856455,
    -15.81917493284));
#1126 = CARTESIAN_POINT('',(125.40227365378,-14.20023502351,
    -15.70138930269));
#1127 = CARTESIAN_POINT('',(129.66845807411,2.333729716681,
    -15.58360367253));
#1128 = CARTESIAN_POINT('',(122.01438543504,16.196708448625,
    -15.46581804238));
#1129 = CARTESIAN_POINT('',(112.19016961966,22.571572530473,
    -15.37747881976));
#1130 = CARTESIAN_POINT('',(100.41641641332,23.478135593579,
    -15.28913959715));
#1131 = CARTESIAN_POINT('',(89.666082437427,18.592090100759,
    -15.20080037453));
#1132 = CARTESIAN_POINT('',(82.621016221401,9.236816162444,
    -15.11246115192));
#1133 = CARTESIAN_POINT('',(80.180572547937,-6.409628863924,
    -14.99467552176));
#1134 = CARTESIAN_POINT('',(89.853971611187,-20.4807933538,
    -14.87688989161));
#1135 = CARTESIAN_POINT('',(105.3365839451,-23.8058080311,
    -14.75910426146));
#1136 = CARTESIAN_POINT('',(116.59441471796,-20.57852515868,
    -14.67076503885));
#1137 = CARTESIAN_POINT('',(125.00646214335,-12.29115046797,
    -14.58242581623));
#1138 = CARTESIAN_POINT('',(128.37665660952,-0.973690045619,
    -14.49408659362));
#1139 = CARTESIAN_POINT('',(125.94306629633,10.481952521983,
    -14.405747371));
#1140 = CARTESIAN_POINT('',(115.74084699279,22.593175770232,
    -14.28796174085));
#1141 = CARTESIAN_POINT('',(98.775718717955,24.531407478895,
    -14.17017611069));
#1142 = CARTESIAN_POINT('',(86.104689139707,15.033406809611,
    -14.05239048054));
#1143 = CARTESIAN_POINT('',(81.149967378603,4.42186400382,
    -13.96405125792));
#1144 = CARTESIAN_POINT('',(81.880640768021,-7.364112304881,
    -13.87571203531));
#1145 = CARTESIAN_POINT('',(88.206686029598,-17.33528437739,
    -13.7873728127));
#1146 = CARTESIAN_POINT('',(98.446495535958,-23.01862931876,
    -13.69903359008));
#1147 = CARTESIAN_POINT('',(114.28010217933,-23.27142953527,
    -13.58124795993));
#1148 = CARTESIAN_POINT('',(126.87800713631,-11.74471663727,
    -13.46346232978));
#1149 = CARTESIAN_POINT('',(128.0295367561,4.048984221652,
    -13.34567669962));
#1150 = CARTESIAN_POINT('',(123.27611390103,14.752211754035,
    -13.25733747701));
#1151 = CARTESIAN_POINT('',(113.90486069001,21.937108023726,
    -13.16899825439));
#1152 = CARTESIAN_POINT('',(102.23002655452,23.70949879893,
    -13.08065903178));
#1153 = CARTESIAN_POINT('',(91.221106623703,19.714778482578,
    -12.99231980916));
#1154 = CARTESIAN_POINT('',(80.637449063919,7.935423663921,
    -12.87453417901));
#1155 = CARTESIAN_POINT('',(81.064431162104,-9.134725890958,
    -12.75674854886));
#1156 = CARTESIAN_POINT('',(92.223767705366,-20.37021498582,
    -12.6389629187));
#1157 = CARTESIAN_POINT('',(103.41863830749,-23.80954350323,
    -12.55062369609));
#1158 = CARTESIAN_POINT('',(114.99026089439,-21.45568032588,
    -12.46228447347));
#1159 = CARTESIAN_POINT('',(123.99058253113,-13.81124891561,
    -12.37394525086));
#1160 = CARTESIAN_POINT('',(128.20294802408,-2.883756732916,
    -12.28560602825));
#1161 = CARTESIAN_POINT('',(126.26324488332,12.832621953419,
    -12.16782039809));
#1162 = CARTESIAN_POINT('',(113.10481082418,23.715081815484,
    -12.05003476794));
#1163 = CARTESIAN_POINT('',(97.303643854599,22.670989058182,
    -11.93224913778));
#1164 = CARTESIAN_POINT('',(87.360781328974,16.482807318317,
    -11.84390991517));
#1165 = CARTESIAN_POINT('',(81.541160621145,6.207831115508,
    -11.75557069255));
#1166 = CARTESIAN_POINT('',(81.400646460734,-5.599936536422,
    -11.66723146994));
#1167 = CARTESIAN_POINT('',(86.879701186999,-15.95049535011,
    -11.57889224732));
#1168 = CARTESIAN_POINT('',(100.00974198993,-24.80312410092,
    -11.46110661717));
#1169 = CARTESIAN_POINT('',(116.85675161251,-22.01913661624,
    -11.34332098702));
#1170 = CARTESIAN_POINT('',(126.44070611621,-9.412994329351,
    -11.22553535687));
#1171 = CARTESIAN_POINT('',(128.29852280016,2.149990822328,
    -11.13719613425));
#1172 = CARTESIAN_POINT('',(124.36672114281,13.284803657687,
    -11.04885691164));
#1173 = CARTESIAN_POINT('',(115.55086221892,21.141250219935,
    -10.96051768902));
#1174 = CARTESIAN_POINT('',(104.14576045099,23.80165660096,
    -10.87217846641));
#1175 = CARTESIAN_POINT('',(88.848745673514,19.706739485306,
    -10.75439283625));
#1176 = CARTESIAN_POINT('',(79.89093828385,5.169545591442,-10.6366072061
    ));
#1177 = CARTESIAN_POINT('',(83.110581494215,-10.33532154389,
    -10.51882157595));
#1178 = CARTESIAN_POINT('',(90.614558824768,-19.32667476082,
    -10.43048235333));
#1179 = CARTESIAN_POINT('',(101.59572907348,-23.66914193052,
    -10.34214313072));
#1180 = CARTESIAN_POINT('',(113.30943449496,-22.17507819358,
    -10.2538039081));
#1181 = CARTESIAN_POINT('',(122.80265022492,-15.31701990033,
    -10.16546468549));
#1182 = CARTESIAN_POINT('',(129.75406481637,-1.08870859982,
    -10.04767905534));
#1183 = CARTESIAN_POINT('',(124.66659208016,15.211289581054,
    -9.929893425187));
#1184 = CARTESIAN_POINT('',(110.85598796833,22.959464937401,
    -9.812107795033));
#1185 = CARTESIAN_POINT('',(99.14717824842,23.200054613069,
    -9.723768572417));
#1186 = CARTESIAN_POINT('',(88.663233844489,17.765900503503,
    -9.635429349802));
#1187 = CARTESIAN_POINT('',(82.101696828951,7.948092543221,
    -9.547090127187));
#1188 = CARTESIAN_POINT('',(81.044393937968,-3.715364021873,
    -9.458750904572));
#1189 = CARTESIAN_POINT('',(87.215803224652,-18.29894090488,
    -9.34096527442));
#1190 = CARTESIAN_POINT('',(102.85228997159,-25.1598884889,
    -9.223179644268));
#1191 = CARTESIAN_POINT('',(117.76278747664,-19.82659012498,
    -9.105394014115));
#1192 = CARTESIAN_POINT('',(125.6297791575,-11.15107571127,
    -9.017054791501));
#1193 = CARTESIAN_POINT('',(128.41161201542,0.32518357047,
    -8.928715568886));
#1194 = CARTESIAN_POINT('',(125.31169267004,11.719639292591,
    -8.84037634627));
#1195 = CARTESIAN_POINT('',(117.20647199353,20.17301176955,
    -8.752037123655));
#1196 = CARTESIAN_POINT('',(102.15341913384,25.089576310961,
    -8.634251493501));
#1197 = CARTESIAN_POINT('',(86.713788006883,17.796421287134,
    -8.516465863347));
#1198 = CARTESIAN_POINT('',(80.9503448349,3.046854171795,-8.398680233194
    ));
#1199 = CARTESIAN_POINT('',(82.331607329073,-8.582686763739,
    -8.31034101058));
#1200 = CARTESIAN_POINT('',(89.163646229636,-18.21421652865,
    -8.222001787965));
#1201 = CARTESIAN_POINT('',(99.794663007467,-23.35470321969,
    -8.133662565351));
#1202 = CARTESIAN_POINT('',(111.49225289853,-22.78857674139,
    -8.045323342737));
#1203 = CARTESIAN_POINT('',(125.0820332262,-14.65931613957,
    -7.927537712584));
#1204 = CARTESIAN_POINT('',(129.71422427633,1.775863373086,
    -7.809752082431));
#1205 = CARTESIAN_POINT('',(122.36979954168,15.805347775718,
    -7.691966452277));
#1206 = CARTESIAN_POINT('',(112.68952850088,22.396740726055,
    -7.603627229662));
#1207 = CARTESIAN_POINT('',(100.93880292565,23.564460558368,
    -7.515288007046));
#1208 = CARTESIAN_POINT('',(90.082647028478,18.918279299802,
    -7.426948784431));
#1209 = CARTESIAN_POINT('',(82.831627743369,9.721713213699,
    -7.338609561816));
#1210 = CARTESIAN_POINT('',(80.044430630147,-5.866697210029,
    -7.220823931663));
#1211 = CARTESIAN_POINT('',(89.403062339601,-20.14914560184,
    -7.103038301511));
#1212 = CARTESIAN_POINT('',(104.80804275604,-23.81705858547,
    -6.985252671359));
#1213 = CARTESIAN_POINT('',(116.13474543934,-20.84049768849,
    -6.896913448744));
#1214 = CARTESIAN_POINT('',(124.72870140923,-12.74191497676,
    -6.80857422613));
#1215 = CARTESIAN_POINT('',(128.34931565713,-1.502062948419,
    -6.720235003515));
#1216 = CARTESIAN_POINT('',(126.17064317942,10.004782609074,
    -6.631895780899));
#1217 = CARTESIAN_POINT('',(116.2398103862,22.339512736632,
    -6.514110150746));
#1218 = CARTESIAN_POINT('',(99.321892482851,24.653896748307,
    -6.396324520592));
#1219 = CARTESIAN_POINT('',(86.443127818493,15.439536867848,
    -6.278538890438));
#1220 = CARTESIAN_POINT('',(81.254048335102,4.94060537154,
    -6.190199667823));
#1221 = CARTESIAN_POINT('',(81.722890093048,-6.858687342739,
    -6.101860445209));
#1222 = CARTESIAN_POINT('',(87.826013808653,-16.96784171208,
    -6.013521222594));
#1223 = CARTESIAN_POINT('',(97.937128008787,-22.87711223229,
    -5.92518199998));
#1224 = CARTESIAN_POINT('',(113.76122014153,-23.48136007957,
    -5.807396369828));
#1225 = CARTESIAN_POINT('',(126.6119161136,-12.23716457382,
    -5.689610739675));
#1226 = CARTESIAN_POINT('',(128.11378594893,3.527079597214,
    -5.571825109522));
#1227 = CARTESIAN_POINT('',(123.59914886794,14.333196405581,
    -5.483485886906));
#1228 = CARTESIAN_POINT('',(114.38971170867,21.724366026184,
    -5.395146664291));
#1229 = CARTESIAN_POINT('',(102.75710241179,23.755504154809,
    -5.306807441675));
#1230 = CARTESIAN_POINT('',(91.662211926329,20.006169071816,
    -5.21846821906));
#1231 = CARTESIAN_POINT('',(80.81965821617,8.46467712628,-5.100682588907
    ));
#1232 = CARTESIAN_POINT('',(80.867573592633,-8.610744498232,
    -4.982896958754));
#1233 = CARTESIAN_POINT('',(91.774729250582,-20.09120453865,
    -4.865111328602));
#1234 = CARTESIAN_POINT('',(102.89048687885,-23.77821427535,
    -4.776772105988));
#1235 = CARTESIAN_POINT('',(114.5115139098,-21.68182406902,
    -4.688432883373));
#1236 = CARTESIAN_POINT('',(123.67932560961,-14.23908601182,
    -4.600093660759));
#1237 = CARTESIAN_POINT('',(128.13324593619,-3.407802515689,
    -4.511754438144));
#1238 = CARTESIAN_POINT('',(126.54292829206,12.347764661574,
    -4.39396880799));
#1239 = CARTESIAN_POINT('',(113.62933047221,23.519662928443,
    -4.276183177836));
#1240 = CARTESIAN_POINT('',(97.808878677522,22.826617260006,
    -4.158397547682));
#1241 = CARTESIAN_POINT('',(87.731087481879,16.860694610012,
    -4.070058325067));
#1242 = CARTESIAN_POINT('',(81.684794071896,6.717447735729,
    -3.981719102452));
#1243 = CARTESIAN_POINT('',(81.282179216122,-5.08429037471,
    -3.893379879838));
#1244 = CARTESIAN_POINT('',(86.530098663756,-15.55393458654,
    -3.805040657223));
#1245 = CARTESIAN_POINT('',(99.460372971684,-24.69587166828,
    -3.687255027071));
#1246 = CARTESIAN_POINT('',(116.36503575303,-22.28657804253,
    -3.569469396919));
#1247 = CARTESIAN_POINT('',(126.22648767385,-9.896308742451,
    -3.451683766766));
#1248 = CARTESIAN_POINT('',(128.34054758207,1.622582658959,
    -3.363344544151));
#1249 = CARTESIAN_POINT('',(124.65691050599,12.841938215207,
    -3.275005321535));
#1250 = CARTESIAN_POINT('',(116.01763933166,20.892162726617,
    -3.18666609892));
#1251 = CARTESIAN_POINT('',(104.67441009327,23.805109489984,
    -3.098326876304));
#1252 = CARTESIAN_POINT('',(89.290257183717,20.05079903386,
    -2.980541246151));
#1253 = CARTESIAN_POINT('',(80.01192826242,5.716053470142,
    -2.862755615997));
#1254 = CARTESIAN_POINT('',(82.886566106254,-9.856469328861,
    -2.744969985845));
#1255 = CARTESIAN_POINT('',(90.189083850629,-19.01219659795,
    -2.656630763231));
#1256 = CARTESIAN_POINT('',(101.07114379481,-23.59737841491,
    -2.568291540616));
#1257 = CARTESIAN_POINT('',(112.81513107512,-22.36372961755,
    -2.479952318002));
#1258 = CARTESIAN_POINT('',(122.45825737084,-15.71811397414,
    -2.391613095388));
#1259 = CARTESIAN_POINT('',(129.72383145626,-1.647630886844,
    -2.273827465234));
#1260 = CARTESIAN_POINT('',(124.99947502375,14.76129007072,
    -2.156041835081));
#1261 = CARTESIAN_POINT('',(111.36428816223,22.814159220332,
    -2.038256204927));
#1262 = CARTESIAN_POINT('',(99.66370160724,23.314620201688,
    -1.949916982311));
#1263 = CARTESIAN_POINT('',(89.061708829292,18.114567100786,
    -1.861577759696));
#1264 = CARTESIAN_POINT('',(82.283817245764,8.444816862827,
    -1.773238537081));
#1265 = CARTESIAN_POINT('',(80.967868799184,-3.192238732321,
    -1.684899314466));
#1266 = CARTESIAN_POINT('',(86.813944777144,-17.90934154788,
    -1.567113684314));
#1267 = CARTESIAN_POINT('',(102.29437173783,-25.11550129164,
    -1.449328054162));
#1268 = CARTESIAN_POINT('',(117.31943572858,-20.11487233536,
    -1.331542424009));
#1269 = CARTESIAN_POINT('',(125.37735886277,-11.61556788406,
    -1.243203201395));
#1270 = CARTESIAN_POINT('',(128.4127406483,-0.205044028484,
    -1.15486397878));
#1271 = CARTESIAN_POINT('',(125.56757372458,11.257607617138,
    -1.066524756164));
#1272 = CARTESIAN_POINT('',(117.65014238015,19.884851408671,
    -0.978185533549));
#1273 = CARTESIAN_POINT('',(102.71387969865,25.142736392367,
    -0.860399903395));
#1274 = CARTESIAN_POINT('',(87.108142805422,18.177147500948,
    -0.742614273241));
#1275 = CARTESIAN_POINT('',(81.030396417775,3.584056941551,
    -0.624828643088));
#1276 = CARTESIAN_POINT('',(82.133265284767,-8.115453071259,
    -0.536489420474));
#1277 = CARTESIAN_POINT('',(88.788324900971,-17.81485356511,
    -0.448150197859));
#1278 = CARTESIAN_POINT('',(102.72097129228,-25.16144595925,
    -0.330364567707));
#1279 = CARTESIAN_POINT('',(123.47114186971,-19.3363628365,
    -0.183132530017));
#1280 = CARTESIAN_POINT('',(129.76038882913,1.277686290438,
    -3.590049232512E-02));
#1281 = CARTESIAN_POINT('',(122.71066421907,15.378698498544,
    8.188513782872E-02));
#1282 = CARTESIAN_POINT('',(113.18811953642,22.226296750348,
    0.170224360444));
#1283 = CARTESIAN_POINT('',(101.46125450055,23.630952257658,
    0.25856358306));
#1284 = CARTESIAN_POINT('',(90.507238796791,19.239376937607,
    0.346902805675));
#1285 = CARTESIAN_POINT('',(83.05252922816,10.199797960081,0.43524202829
    ));
#1286 = CARTESIAN_POINT('',(79.920720979683,-5.31922924525,
    0.553027658443));
#1287 = CARTESIAN_POINT('',(88.959448205729,-19.80842131137,
    0.670813288595));
#1288 = CARTESIAN_POINT('',(104.27946088434,-23.81619671738,
    0.788598918747));
#1289 = CARTESIAN_POINT('',(115.66932961171,-21.09241064496,
    0.876938141362));
#1290 = CARTESIAN_POINT('',(124.44102543517,-13.18629050215,
    0.965277363976));
#1291 = CARTESIAN_POINT('',(128.31023937784,-2.029756159982,
    1.053616586591));
#1292 = CARTESIAN_POINT('',(126.38757642683,9.522705412756,
    1.141955809206));
#1293 = CARTESIAN_POINT('',(116.73301473673,22.0748127472,1.25974143936)
  );
#1294 = CARTESIAN_POINT('',(99.870653356455,24.764242202286,
    1.377527069514));
#1295 = CARTESIAN_POINT('',(86.790498203836,15.838048309801,
    1.495312699668));
#1296 = CARTESIAN_POINT('',(81.369620422257,5.4569111167,1.583651922283)
  );
#1297 = CARTESIAN_POINT('',(81.576398536849,-6.349886355743,
    1.671991144897));
#1298 = CARTESIAN_POINT('',(87.453592887148,-16.59203780839,
    1.760330367512));
#1299 = CARTESIAN_POINT('',(97.431027654165,-22.72432231158,
    1.848669590126));
#1300 = CARTESIAN_POINT('',(113.23780553949,-23.67971927378,
    1.966455220278));
#1301 = CARTESIAN_POINT('',(126.33495817318,-12.72358401498,
    2.084240850431));
#1302 = CARTESIAN_POINT('',(128.18642798244,3.003433315779,
    2.202026480584));
#1303 = CARTESIAN_POINT('',(123.91280196984,13.907112832082,2.2903657032
    ));
#1304 = CARTESIAN_POINT('',(114.86972031298,21.500912669647,
    2.378704925815));
#1305 = CARTESIAN_POINT('',(103.28506969609,23.789796949038,
    2.467044148431));
#1306 = CARTESIAN_POINT('',(92.109677459308,20.287695205741,
    2.555383371046));
#1307 = CARTESIAN_POINT('',(81.013572017192,8.989755059252,
    2.673169001199));
#1308 = CARTESIAN_POINT('',(80.682397055198,-8.0825219555,2.790954631352
    ));
#1309 = CARTESIAN_POINT('',(91.331995563805,-19.8022940928,
    2.908740261504));
#1310 = CARTESIAN_POINT('',(102.36316113282,-23.7351676775,
    2.997079484119));
#1311 = CARTESIAN_POINT('',(114.02786446879,-21.89728377801,
    3.085418706733));
#1312 = CARTESIAN_POINT('',(123.35864731115,-14.65990768527,
    3.173757929347));
#1313 = CARTESIAN_POINT('',(128.05192708238,-3.930171741039,
    3.262097151962));
#1314 = CARTESIAN_POINT('',(126.81177882092,11.85681782569,
    3.379882782116));
#1315 = CARTESIAN_POINT('',(114.1493825023,23.312647739178,3.49766841227
    ));
#1316 = CARTESIAN_POINT('',(98.317443966497,22.97099076991,
    3.615454042424));
#1317 = CARTESIAN_POINT('',(88.109691560849,17.230267882122,
    3.703793265039));
#1318 = CARTESIAN_POINT('',(81.83970573682,7.223750060348,3.792132487654
    ));
#1319 = CARTESIAN_POINT('',(81.175188639138,-4.566141295313,
    3.880471710268));
#1320 = CARTESIAN_POINT('',(86.189386047973,-15.14971029609,
    3.968810932883));
#1321 = CARTESIAN_POINT('',(98.913520378622,-24.57644954263,
    4.086596563035));
#1322 = CARTESIAN_POINT('',(115.86750381515,-22.54303734339,
    4.204382193187));
#1323 = CARTESIAN_POINT('',(126.0015923284,-10.37474833909,4.32216782334
    ));
#1324 = CARTESIAN_POINT('',(128.37085341762,1.094371519908,
    4.410507045955));
#1325 = CARTESIAN_POINT('',(124.9371966275,12.392739640966,
    4.498846268571));
#1326 = CARTESIAN_POINT('',(116.47877160471,20.632774063533,
    4.587185491186));
#1327 = CARTESIAN_POINT('',(105.20300609561,23.796825364129,
    4.675524713802));
#1328 = CARTESIAN_POINT('',(89.739298100823,20.384972152398,
    4.793310343955));
#1329 = CARTESIAN_POINT('',(80.145021003704,6.259740596,4.911095974109)
  );
#1330 = CARTESIAN_POINT('',(82.673236597367,-9.372761865169,
    5.028881604261));
#1331 = CARTESIAN_POINT('',(89.770695159868,-18.68835043501,
    5.117220826875));
#1332 = CARTESIAN_POINT('',(100.54828110545,-23.51398638655,
    5.20556004949));
#1333 = CARTESIAN_POINT('',(112.3167611183,-22.5413614134,5.293899272104
    ));
#1334 = CARTESIAN_POINT('',(122.10504546179,-16.11146265369,
    5.382238494718));
#1335 = CARTESIAN_POINT('',(129.68119630746,-2.205746359657,
    5.500024124872));
#1336 = CARTESIAN_POINT('',(125.32228781659,14.304015489211,
    5.617809755025));
#1337 = CARTESIAN_POINT('',(111.86923482497,22.657599898986,
    5.735595385179));
#1338 = CARTESIAN_POINT('',(100.18264616499,23.417701169668,
    5.823934607795));
#1339 = CARTESIAN_POINT('',(89.467816170357,18.454281044678,
    5.91227383041));
#1340 = CARTESIAN_POINT('',(82.476938837388,8.93741416179,6.000613053025
    ));
#1341 = CARTESIAN_POINT('',(80.90294259293,-2.667612519418,6.08895227564
    ));
#1342 = CARTESIAN_POINT('',(86.420910357899,-17.51076040089,
    6.206737905792));
#1343 = CARTESIAN_POINT('',(101.73742984681,-25.059041681,6.324523535944
    ));
#1344 = CARTESIAN_POINT('',(116.86997274096,-20.39287056934,
    6.442309166097));
#1345 = CARTESIAN_POINT('',(125.11431205874,-12.07511981193,
    6.530648388711));
#1346 = CARTESIAN_POINT('',(128.40282879567,-0.733656995254,
    6.618987611326));
#1347 = CARTESIAN_POINT('',(125.81175975952,10.787171204194,
    6.707326833942));
#1348 = CARTESIAN_POINT('',(118.08976977698,19.5919982416,6.795666056557
    ));
#1349 = CARTESIAN_POINT('',(103.26979880354,25.171914695531,
    6.913451686711));
#1350 = CARTESIAN_POINT('',(87.521646708528,18.571306759104,
    7.031237316865));
#1351 = CARTESIAN_POINT('',(81.109157988055,4.092114941315,
    7.149022947018));
#1352 = CARTESIAN_POINT('',(81.972828930122,-7.587276350741,
    7.237362169632));
#1353 = CARTESIAN_POINT('',(88.370594247317,-17.51258340379,
    7.325701392247));
#1354 = CARTESIAN_POINT('',(98.762948144833,-23.11990911397,
    7.414040614861));
#1355 = CARTESIAN_POINT('',(110.47413779898,-23.07359136905,
    7.502379837475));
#1356 = CARTESIAN_POINT('',(124.41137684257,-15.55558796864,
    7.620165467628));
#1357 = CARTESIAN_POINT('',(129.76855208693,0.657770503289,
    7.737951097781));
#1358 = CARTESIAN_POINT('',(123.0541292038,14.999441697159,
    7.855736727935));
#1359 = CARTESIAN_POINT('',(113.67598896141,22.014040334503,
    7.94407595055));
#1360 = CARTESIAN_POINT('',(101.98868064914,23.702218513846,
    8.032415173166));
#1361 = CARTESIAN_POINT('',(90.936983807665,19.542516832792,
    8.120754395781));
#1362 = CARTESIAN_POINT('',(83.284880473554,10.67688526966,
    8.209093618396));
#1363 = CARTESIAN_POINT('',(79.808468247665,-4.772437217821,
    8.326879248549));
#1364 = CARTESIAN_POINT('',(88.523883741812,-19.45623278649,
    8.444664878701));
#1365 = CARTESIAN_POINT('',(103.75086245186,-23.80435038496,
    8.562450508853));
#1366 = CARTESIAN_POINT('',(115.19852857127,-21.33351067597,
    8.650789731468));
#1367 = CARTESIAN_POINT('',(124.143505872,-13.62439255255,8.739128954082
    ));
#1368 = CARTESIAN_POINT('',(128.25948320007,-2.556337087114,
    8.827468176697));
#1369 = CARTESIAN_POINT('',(126.59374189074,9.035876434879,
    8.915807399312));
#1370 = CARTESIAN_POINT('',(117.22023100341,21.799273354657,
    9.033593029466));
#1371 = CARTESIAN_POINT('',(100.42172357528,24.862354764755,
    9.15137865962));
#1372 = CARTESIAN_POINT('',(87.146632281601,16.228760007586,
    9.269164289774));
#1373 = CARTESIAN_POINT('',(81.496624882712,5.970518206887,
    9.357503512389));
#1374 = CARTESIAN_POINT('',(81.441239258864,-5.83795559729,
    9.445842735003));
#1375 = CARTESIAN_POINT('',(87.089606344805,-16.20806024544,
    9.534181957618));
#1376 = CARTESIAN_POINT('',(96.928444168521,-22.56033375401,
    9.622521180232));
#1377 = CARTESIAN_POINT('',(112.71011617945,-23.86641025475,
    9.740306810384));
#1378 = CARTESIAN_POINT('',(126.04726992954,-13.2037347282,
    9.858092440537));
#1379 = CARTESIAN_POINT('',(128.24742700698,2.47830328097,9.97587807069)
  );
#1380 = CARTESIAN_POINT('',(124.21691862777,13.474171170963,
    10.064217293306));
#1381 = CARTESIAN_POINT('',(115.34464988823,21.266858035236,
    10.152556515921));
#1382 = CARTESIAN_POINT('',(103.81366817287,23.812360310075,
    10.240895738537));
#1383 = CARTESIAN_POINT('',(92.563282658525,20.559218101732,
    10.329234961152));
#1384 = CARTESIAN_POINT('',(81.219094887214,9.510398658197,
    10.447020591305));
#1385 = CARTESIAN_POINT('',(80.508992824119,-7.550318636162,
    10.564806221458));
#1386 = CARTESIAN_POINT('',(90.895784874188,-19.50362605273,
    10.68259185161));
#1387 = CARTESIAN_POINT('',(101.83692099402,-23.68042492942,
    10.770931074225));
#1388 = CARTESIAN_POINT('',(113.53955096795,-22.10195324943,
    10.859270296839));
#1389 = CARTESIAN_POINT('',(123.02870570172,-15.07350650853,
    10.947609519453));
#1390 = CARTESIAN_POINT('',(127.95903154572,-4.450606926912,
    11.035948742068));
#1391 = CARTESIAN_POINT('',(127.06966395032,11.360023438976,
    11.153734372222));
#1392 = CARTESIAN_POINT('',(114.66471057481,23.094138287978,
    11.271520002376));
#1393 = CARTESIAN_POINT('',(98.829089043787,23.104038424461,
    11.38930563253));
#1394 = CARTESIAN_POINT('',(88.496406947568,17.591344967757,
    11.477644855145));
#1395 = CARTESIAN_POINT('',(82.005819258123,7.726488526993,
    11.56598407776));
#1396 = CARTESIAN_POINT('',(81.079727466748,-4.045744699766,
    11.654323300375));
#1397 = CARTESIAN_POINT('',(85.857731280727,-14.73802172585,
    11.742662522989));
#1398 = CARTESIAN_POINT('',(98.369453761004,-24.44491658791,
    11.860448153141));
#1399 = CARTESIAN_POINT('',(115.36440103759,-22.7883881082,
    11.978233783293));
#1400 = CARTESIAN_POINT('',(125.76613093403,-10.84807728947,
    12.096019413446));
#1401 = CARTESIAN_POINT('',(128.38942536734,0.565617763634,
    12.184358636061));
#1402 = CARTESIAN_POINT('',(125.20744135375,11.937429355835,
    12.272697858677));
#1403 = CARTESIAN_POINT('',(116.93403173561,20.363212075667,
    12.361037081292));
#1404 = CARTESIAN_POINT('',(105.73128791593,23.776808325905,
    12.449376303908));
#1405 = CARTESIAN_POINT('',(90.195647066909,20.709094079665,
    12.567161934061));
#1406 = CARTESIAN_POINT('',(80.290150944308,6.80033906337,
    12.684947564215));
#1407 = CARTESIAN_POINT('',(82.470698071709,-8.884437680713,
    12.802733194367));
#1408 = CARTESIAN_POINT('',(89.359599082846,-18.35529568344,
    12.891072416982));
#1409 = CARTESIAN_POINT('',(100.02739853315,-23.41900736947,
    12.979411639596));
#1410 = CARTESIAN_POINT('',(111.8145706479,-22.70788523611,
    13.06775086221));
#1411 = CARTESIAN_POINT('',(121.74318793498,-16.49687346542,
    13.156090084824));
#1412 = CARTESIAN_POINT('',(129.6261818926,-2.76277671497,
    13.273875714978));
#1413 = CARTESIAN_POINT('',(125.63486842554,13.839685040619,
    13.391661345131));
#1414 = CARTESIAN_POINT('',(112.37058263102,22.489871723456,
    13.509446975285));
#1415 = CARTESIAN_POINT('',(100.70374863239,23.509230785483,
    13.597786197901));
#1416 = CARTESIAN_POINT('',(89.881370230572,18.784905767119,
    13.686125420516));
#1417 = CARTESIAN_POINT('',(82.68093907052,9.425583555517,
    13.774464643131));
#1418 = CARTESIAN_POINT('',(80.849696319695,-2.141639898564,
    13.862803865746));
#1419 = CARTESIAN_POINT('',(86.036782641131,-17.10362983241,
    13.980589495898));
#1420 = CARTESIAN_POINT('',(101.181953597,-24.9900812686,14.09837512605)
  );
#1421 = CARTESIAN_POINT('',(116.41435712669,-20.66100631022,
    14.216160756203));
#1422 = CARTESIAN_POINT('',(124.84132067772,-12.5283318572,
    14.304499978817));
#1423 = CARTESIAN_POINT('',(128.38081018534,-1.262670084513,
    14.392839201432));
#1424 = CARTESIAN_POINT('',(126.04614493316,10.312841105561,
    14.481178424048));
#1425 = CARTESIAN_POINT('',(118.52152739059,19.286928206053,
    14.569517646663));
#1426 = CARTESIAN_POINT('',(103.82908439302,25.194476432647,
    14.687303276817));
#1427 = CARTESIAN_POINT('',(87.938278412925,18.945108077284,
    14.805088906971));
#1428 = CARTESIAN_POINT('',(81.205928492537,4.611843556039,
    14.922874537124));
#1429 = CARTESIAN_POINT('',(81.810101238516,-7.083842988244,
    15.011213759738));
#1430 = CARTESIAN_POINT('',(87.98594554855,-17.14873584457,
    15.099552982353));
#1431 = CARTESIAN_POINT('',(98.251254189891,-22.98539239171,
    15.187892204967));
#1432 = CARTESIAN_POINT('',(109.96058581876,-23.19907733286,
    15.276231427581));
#1433 = CARTESIAN_POINT('',(124.06129146082,-15.99233689888,
    15.394017057734));
#1434 = CARTESIAN_POINT('',(129.77708691651,9.809509801766E-02,
    15.511802687887));
#1435 = CARTESIAN_POINT('',(123.38270744526,14.585293531952,
    15.629588318041));
#1436 = CARTESIAN_POINT('',(114.16260430292,21.806360384827,
    15.717927540656));
#1437 = CARTESIAN_POINT('',(102.5156543634,23.753583602041,
    15.806266763272));
#1438 = CARTESIAN_POINT('',(91.374334883304,19.840257472825,
    15.894605985887));
#1439 = CARTESIAN_POINT('',(83.52729826825,11.146689458995,
    15.982945208502));
#1440 = CARTESIAN_POINT('',(79.708764091564,-4.221648252938,
    16.100730838655));
#1441 = CARTESIAN_POINT('',(88.096047772928,-19.09530926784,
    16.218516468807));
#1442 = CARTESIAN_POINT('',(103.22274443315,-23.7803978941,
    16.336302098959));
#1443 = CARTESIAN_POINT('',(114.72244245398,-21.56430812183,
    16.424641321574));
#1444 = CARTESIAN_POINT('',(123.83635951853,-14.05567063611,
    16.512980544188));
#1445 = CARTESIAN_POINT('',(128.19703597486,-3.081718659073,
    16.601319766803));
#1446 = CARTESIAN_POINT('',(126.78905516872,8.544617758674,
    16.689658989418));
#1447 = CARTESIAN_POINT('',(117.70120496653,21.51296329653,
    16.807444619572));
#1448 = CARTESIAN_POINT('',(100.97483878332,24.94822076042,
    16.925230249726));
#1449 = CARTESIAN_POINT('',(87.511351300423,16.611464071858,
    17.04301587988));
#1450 = CARTESIAN_POINT('',(81.635000905031,6.481182018546,
    17.131355102495));
#1451 = CARTESIAN_POINT('',(81.317477928612,-5.323151944482,
    17.219694325109));
#1452 = CARTESIAN_POINT('',(86.734234085673,-15.8160959492,
    17.308033547724));
#1453 = CARTESIAN_POINT('',(96.429625047378,-22.385228506,
    17.396372770338));
#1454 = CARTESIAN_POINT('',(112.1784123565,-24.04134008994,
    17.51415840049));
#1455 = CARTESIAN_POINT('',(125.74899308884,-13.67738051239,
    17.631944030643));
#1456 = CARTESIAN_POINT('',(128.29675299898,1.95194854316,
    17.749729660796));
#1457 = CARTESIAN_POINT('',(124.51134891481,13.034584708288,
    17.838068883412));
#1458 = CARTESIAN_POINT('',(115.81426634904,21.022317552819,
    17.926408106027));
#1459 = CARTESIAN_POINT('',(104.34263728316,23.823183084405,
    18.014747328643));
#1460 = CARTESIAN_POINT('',(93.022803939893,20.820603938134,
    18.103086551258));
#1461 = CARTESIAN_POINT('',(81.436125519044,10.026351279501,
    18.220872181411));
#1462 = CARTESIAN_POINT('',(80.347446373692,-7.014396863013,
    18.338657811564));
#1463 = CARTESIAN_POINT('',(90.466312194444,-19.19534763822,
    18.456443441716));
#1464 = CARTESIAN_POINT('',(101.31202585265,-23.61401301287,
    18.544782664331));
#1465 = CARTESIAN_POINT('',(113.04681410248,-22.29573160016,
    18.633121886945));
#1466 = CARTESIAN_POINT('',(122.68966341345,-15.47967861349,
    18.721461109559));
#1467 = CARTESIAN_POINT('',(127.85460511544,-4.968851544985,
    18.809800332174));
#1468 = CARTESIAN_POINT('',(127.31645656571,10.857626377313,
    18.927585962328));
#1469 = CARTESIAN_POINT('',(115.17506067853,22.864242280589,
    19.045371592482));
#1470 = CARTESIAN_POINT('',(99.343561713614,23.225694642975,
    19.163157222636));
#1471 = CARTESIAN_POINT('',(88.891043025534,17.943747887804,
    19.251496445251));
#1472 = CARTESIAN_POINT('',(82.18305275654,8.22541533009,19.339835667866
    ));
#1473 = CARTESIAN_POINT('',(80.995842752844,-3.523357097631,
    19.428174890481));
#1474 = CARTESIAN_POINT('',(85.535297838532,-14.31907180181,
    19.516514113095));
#1475 = CARTESIAN_POINT('',(97.828441295476,-24.30133763846,
    19.634299743247));
#1476 = CARTESIAN_POINT('',(114.85597540572,-23.02250940036,
    19.752085373399));
#1477 = CARTESIAN_POINT('',(125.52021955217,-11.31606228471,
    19.869871003552));
#1478 = CARTESIAN_POINT('',(128.39625427736,3.658201996559E-02,
    19.958210226167));
#1479 = CARTESIAN_POINT('',(125.46751147707,11.47623178563,
    20.046549448783));
#1480 = CARTESIAN_POINT('',(117.38319532305,20.083609636811,
    20.134888671398));
#1481 = CARTESIAN_POINT('',(106.258995155,23.745068235552,
    20.223227894014));
#1482 = CARTESIAN_POINT('',(90.659079149099,21.023005066694,
    20.341013524167));
#1483 = CARTESIAN_POINT('',(80.447246534816,7.337582376987,
    20.458799154321));
#1484 = CARTESIAN_POINT('',(82.279050379012,-8.391737441843,
    20.576584784473));
#1485 = CARTESIAN_POINT('',(88.955998219669,-18.01319658181,
    20.664924007087));
#1486 = CARTESIAN_POINT('',(99.508752892764,-23.31248804019,
    20.753263229702));
#1487 = CARTESIAN_POINT('',(111.30880707572,-22.86321926695,
    20.841602452316));
#1488 = CARTESIAN_POINT('',(121.3728633759,-16.87415596496,
    20.92994167493));
#1489 = CARTESIAN_POINT('',(129.55881482643,-3.318448453425,
    21.047727305083));
#1490 = CARTESIAN_POINT('',(125.93706374779,13.368529662985,
    21.165512935237));
#1491 = CARTESIAN_POINT('',(112.86808327057,22.311054841884,
    21.283298565391));
#1492 = CARTESIAN_POINT('',(101.22675465082,23.589169240972,
    21.371637788007));
#1493 = CARTESIAN_POINT('',(90.302162317706,19.106268004551,
    21.459977010622));
#1494 = CARTESIAN_POINT('',(82.895726506166,9.909103781094,
    21.548316233237));
#1495 = CARTESIAN_POINT('',(80.80813989036,-1.614614824693,
    21.636655455852));
#1496 = CARTESIAN_POINT('',(85.661787992029,-16.68807187843,
    21.754441086004));
#1497 = CARTESIAN_POINT('',(100.62814518726,-24.90880613581,
    21.872226716156));
#1498 = CARTESIAN_POINT('',(115.95290112047,-20.91896119893,
    21.990012346309));
#1499 = CARTESIAN_POINT('',(124.55833516336,-12.97537171073,
    22.078351568923));
#1500 = CARTESIAN_POINT('',(128.34705277318,-1.791064015066,
    22.166690791538));
#1501 = CARTESIAN_POINT('',(126.26994211342,9.833424571993,
    22.255030014154));
#1502 = CARTESIAN_POINT('',(118.94640593661,18.97234810369,
    22.343369236769));
#1503 = CARTESIAN_POINT('',(104.38873308544,25.204616624113,
    22.461154866923));
#1504 = CARTESIAN_POINT('',(88.363105788881,19.309567380599,
    22.578940497077));
#1505 = CARTESIAN_POINT('',(81.314213405902,5.129296441973,
    22.69672612723));
#1506 = CARTESIAN_POINT('',(81.658589667317,-6.576922554983,
    22.785065349844));
#1507 = CARTESIAN_POINT('',(87.609469790292,-16.77643585094,
    22.873404572459));
#1508 = CARTESIAN_POINT('',(97.742671451117,-22.83955437905,
    22.961743795073));
#1509 = CARTESIAN_POINT('',(109.444376734,-23.31312191418,
    23.050083017687));
#1510 = CARTESIAN_POINT('',(123.70159156116,-16.42122768773,
    23.16786864784));
#1511 = CARTESIAN_POINT('',(129.7732041215,-0.461590308845,
    23.285654277993));
#1512 = CARTESIAN_POINT('',(123.70199899688,14.163902066462,
    23.403439908147));
#1513 = CARTESIAN_POINT('',(114.64451336544,21.588035451696,
    23.491779130762));
#1514 = CARTESIAN_POINT('',(103.04359159065,23.793029919175,
    23.580118353378));
#1515 = CARTESIAN_POINT('',(91.81827634517,20.128605050718,
    23.668457575993));
#1516 = CARTESIAN_POINT('',(83.779927919564,11.610297906453,
    23.756796798608));
#1517 = CARTESIAN_POINT('',(79.621670653829,-3.66719899843,
    23.874582428761));
#1518 = CARTESIAN_POINT('',(87.675636528606,-18.72803724547,
    23.992368058913));
#1519 = CARTESIAN_POINT('',(102.69613711114,-23.74097996886,
    24.110153689066));
#1520 = CARTESIAN_POINT('',(114.23956676306,-21.79235142433,
    24.19849291168));
#1521 = CARTESIAN_POINT('',(123.52317555582,-14.4647419708,
    24.286832134294));
#1522 = CARTESIAN_POINT('',(128.11640903028,-3.634437845319,
    24.375171356909));
#1523 = CARTESIAN_POINT('',(126.98530196832,8.101787383362,
    24.463510579524));
#1524 = CARTESIAN_POINT('',(122.56599814818,14.593981032413,
    24.522403394601));
#1525 = CARTESIAN_POINT('',(119.71475996526,17.116543488108,
    24.55184980214));
#1526 = CARTESIAN_POINT('',(119.3942003521,16.754216756865,
    -25.55740990565));
#1527 = CARTESIAN_POINT('',(116.60327338524,19.223420355979,
    -25.52796349811));
#1528 = CARTESIAN_POINT('',(109.76867925962,22.742477094453,
    -25.46907068304));
#1529 = CARTESIAN_POINT('',(98.231471527794,22.44139573093,
    -25.38073146042));
#1530 = CARTESIAN_POINT('',(88.257298537015,16.686906245447,
    -25.2923922378));
#1531 = CARTESIAN_POINT('',(82.245647421849,6.793365313376,
    -25.20405301519));
#1532 = CARTESIAN_POINT('',(81.729494695763,-4.654035949524,
    -25.11571379257));
#1533 = CARTESIAN_POINT('',(88.391589702197,-18.64910977991,
    -24.99792816242));
#1534 = CARTESIAN_POINT('',(103.98461473106,-24.67727434785,
    -24.88014253227));
#1535 = CARTESIAN_POINT('',(118.3313285066,-18.81488423591,
    -24.76235690212));
#1536 = CARTESIAN_POINT('',(125.64833691841,-9.989124429894,
    -24.6740176795));
#1537 = CARTESIAN_POINT('',(127.86941134928,1.35389077983,
    -24.58567845689));
#1538 = CARTESIAN_POINT('',(124.34328257754,12.361657612681,
    -24.49733923427));
#1539 = CARTESIAN_POINT('',(116.049940325,20.275771292671,
    -24.40900001166));
#1540 = CARTESIAN_POINT('',(101.11639858482,24.42952889263,
    -24.2912143815));
#1541 = CARTESIAN_POINT('',(86.335200229028,16.626858161289,
    -24.17342875135));
#1542 = CARTESIAN_POINT('',(81.340175293254,1.953213643952,
    -24.0556431212));
#1543 = CARTESIAN_POINT('',(83.196169809726,-9.35901171955,
    -23.96730389858));
#1544 = CARTESIAN_POINT('',(90.295549448307,-18.48058667511,
    -23.87896467597));
#1545 = CARTESIAN_POINT('',(100.91470568718,-23.04542082883,
    -23.79062545335));
#1546 = CARTESIAN_POINT('',(112.32888929883,-21.98355597032,
    -23.70228623074));
#1547 = CARTESIAN_POINT('',(125.26477520872,-13.4436768367,
    -23.58450060059));
#1548 = CARTESIAN_POINT('',(129.08036681992,2.829143388318,
    -23.46671497043));
#1549 = CARTESIAN_POINT('',(121.28885293165,16.229107250176,
    -23.34892934028));
#1550 = CARTESIAN_POINT('',(111.53636103573,22.25405503026,
    -23.26059011766));
#1551 = CARTESIAN_POINT('',(99.994883227331,22.885366945786,
    -23.17225089505));
#1552 = CARTESIAN_POINT('',(89.580798314852,17.870280058489,
    -23.08391167243));
#1553 = CARTESIAN_POINT('',(82.889801414815,8.562129982315,
    -22.99557244982));
#1554 = CARTESIAN_POINT('',(80.841591618622,-6.802490227484,
    -22.87778681967));
#1555 = CARTESIAN_POINT('',(90.613738958505,-20.36230357695,
    -22.76000118951));
#1556 = CARTESIAN_POINT('',(105.83725490085,-23.27971344011,
    -22.64221555936));
#1557 = CARTESIAN_POINT('',(116.78402119946,-19.8768610561,
    -22.55387633675));
#1558 = CARTESIAN_POINT('',(124.83594984934,-11.58405046893,
    -22.46553711413));
#1559 = CARTESIAN_POINT('',(127.88808334811,-0.43556431693,
    -22.37719789152));
#1560 = CARTESIAN_POINT('',(125.25763879446,10.722027639112,
    -22.2888586689));
#1561 = CARTESIAN_POINT('',(115.0105791985,22.352353835886,
    -22.17107303875));
#1562 = CARTESIAN_POINT('',(98.366410794686,23.880444131884,
    -22.05328740859));
#1563 = CARTESIAN_POINT('',(86.172955932281,14.31036699925,
    -21.93550177844));
#1564 = CARTESIAN_POINT('',(81.554866411415,3.818258251098,
    -21.84716255583));
#1565 = CARTESIAN_POINT('',(82.526017268181,-7.699603026056,
    -21.75882333321));
#1566 = CARTESIAN_POINT('',(88.933354276974,-17.3199094059,
    -21.6704841106));
#1567 = CARTESIAN_POINT('',(99.077518695488,-22.65910644819,
    -21.58214488798));
#1568 = CARTESIAN_POINT('',(114.57775644843,-22.56242446382,
    -21.46435925783));
#1569 = CARTESIAN_POINT('',(126.6555667686,-11.0086415473,
    -21.34657362768));
#1570 = CARTESIAN_POINT('',(127.43924723456,4.472074286637,
    -21.22878799752));
#1571 = CARTESIAN_POINT('',(122.55496829253,14.842942910952,
    -21.14044877491));
#1572 = CARTESIAN_POINT('',(113.22814235885,21.670430032069,
    -21.05210955229));
#1573 = CARTESIAN_POINT('',(101.76465185861,23.151189275553,
    -20.96377032968));
#1574 = CARTESIAN_POINT('',(91.078146128733,19.002732684047,
    -20.87543110706));
#1575 = CARTESIAN_POINT('',(80.976965393532,7.245485320883,
    -20.75764547691));
#1576 = CARTESIAN_POINT('',(81.765752029576,-9.45005951764,
    -20.63985984676));
#1577 = CARTESIAN_POINT('',(92.930415029607,-20.2025949349,
    -20.5220742166));
#1578 = CARTESIAN_POINT('',(103.96043727953,-23.32504685166,
    -20.43373499399));
#1579 = CARTESIAN_POINT('',(115.23325962164,-20.77010285432,
    -20.34539577138));
#1580 = CARTESIAN_POINT('',(123.87484401963,-13.09369213845,
    -20.25705654876));
#1581 = CARTESIAN_POINT('',(127.75959905096,-2.308527552188,
    -20.16871732615));
#1582 = CARTESIAN_POINT('',(125.51988391079,13.029346938585,
    -20.05093169599));
#1583 = CARTESIAN_POINT('',(112.40657850364,23.392967112594,
    -19.93314606584));
#1584 = CARTESIAN_POINT('',(96.96626827757,22.027852492318,
    -19.81536043568));
#1585 = CARTESIAN_POINT('',(87.370669738073,15.756043704166,
    -19.72702121307));
#1586 = CARTESIAN_POINT('',(81.898877619485,5.574503869876,
    -19.63868199045));
#1587 = CARTESIAN_POINT('',(82.017959151734,-5.983613709338,
    -19.55034276784));
#1588 = CARTESIAN_POINT('',(87.604676719371,-15.9935929114,
    -19.46200354523));
#1589 = CARTESIAN_POINT('',(100.64608731888,-24.37144033056,
    -19.34421791507));
#1590 = CARTESIAN_POINT('',(117.07204888288,-21.28094061203,
    -19.22643228492));
#1591 = CARTESIAN_POINT('',(126.17695518057,-8.736324272179,
    -19.10864665477));
#1592 = CARTESIAN_POINT('',(127.74374262563,2.619567322423,
    -19.02030743215));
#1593 = CARTESIAN_POINT('',(123.65412242821,13.430638917184,
    -18.93196820954));
#1594 = CARTESIAN_POINT('',(114.85621141924,20.927373157145,
    -18.84362898692));
#1595 = CARTESIAN_POINT('',(103.63738361178,23.283004586907,
    -18.75528976431));
#1596 = CARTESIAN_POINT('',(88.756731867071,18.943313185858,
    -18.63750413415));
#1597 = CARTESIAN_POINT('',(80.306534900996,4.522579048965,-18.519718504
    ));
#1598 = CARTESIAN_POINT('',(83.794201271594,-10.58049683282,
    -18.40193287385));
#1599 = CARTESIAN_POINT('',(91.33296894257,-19.21635688318,
    -18.31359365123));
#1600 = CARTESIAN_POINT('',(102.17348997782,-23.22726277467,
    -18.22525442862));
#1601 = CARTESIAN_POINT('',(113.60403823024,-21.51062972255,
    -18.136915206));
#1602 = CARTESIAN_POINT('',(122.74505633325,-14.59305176154,
    -18.04857598339));
#1603 = CARTESIAN_POINT('',(129.23851241184,-0.518189561182,
    -17.93079035324));
#1604 = CARTESIAN_POINT('',(123.90571222059,15.322411561648,
    -17.81300472308));
#1605 = CARTESIAN_POINT('',(110.22230366802,22.604653536973,
    -17.69521909293));
#1606 = CARTESIAN_POINT('',(98.758851487025,22.585656161028,
    -17.60687987031));
#1607 = CARTESIAN_POINT('',(88.617365629564,17.039979737976,
    -17.5185406477));
#1608 = CARTESIAN_POINT('',(82.409600812021,7.289701877508,
    -17.43020142508));
#1609 = CARTESIAN_POINT('',(81.62837828513,-4.147115344509,
    -17.34186220247));
#1610 = CARTESIAN_POINT('',(87.984618535552,-18.28447463408,
    -17.22407657232));
#1611 = CARTESIAN_POINT('',(103.43555327468,-24.65879950026,
    -17.10629094216));
#1612 = CARTESIAN_POINT('',(117.91104916082,-19.11562922919,
    -16.98850531201));
#1613 = CARTESIAN_POINT('',(125.42115259229,-10.45483000193,
    -16.9001660894));
#1614 = CARTESIAN_POINT('',(127.89406550751,0.836271100264,
    -16.81182686678));
#1615 = CARTESIAN_POINT('',(124.61288195767,11.919506047632,
    -16.72348764417));
#1616 = CARTESIAN_POINT('',(116.49742900936,20.015833625622,
    -16.63514842155));
#1617 = CARTESIAN_POINT('',(101.65969419917,24.500066392342,
    -16.5173627914));
#1618 = CARTESIAN_POINT('',(86.708977555337,17.027484934226,
    -16.39957716124));
#1619 = CARTESIAN_POINT('',(81.389395708944,2.468337748236,
    -16.28179153109));
#1620 = CARTESIAN_POINT('',(82.993812695163,-8.882298486826,
    -16.19345230848));
#1621 = CARTESIAN_POINT('',(89.888933747236,-18.15923591593,
    -16.10511308586));
#1622 = CARTESIAN_POINT('',(100.40413645742,-22.95869154651,
    -16.01677386325));
#1623 = CARTESIAN_POINT('',(111.83907859937,-22.15048673554,
    -15.92843464063));
#1624 = CARTESIAN_POINT('',(124.9613649817,-13.89989173251,
    -15.81064901048));
#1625 = CARTESIAN_POINT('',(129.13727598761,2.284210623905,
    -15.69286338033));
#1626 = CARTESIAN_POINT('',(121.64516523374,15.853845632095,
    -15.57507775017));
#1627 = CARTESIAN_POINT('',(112.02883201747,22.093816167297,
    -15.48673852756));
#1628 = CARTESIAN_POINT('',(100.50421405652,22.98119615367,
    -15.39839930494));
#1629 = CARTESIAN_POINT('',(89.981359546696,18.198540473892,
    -15.31006008233));
#1630 = CARTESIAN_POINT('',(83.085368504042,9.041226219922,
    -15.22172085971));
#1631 = CARTESIAN_POINT('',(80.69656516334,-6.274136537887,
    -15.10393522956));
#1632 = CARTESIAN_POINT('',(90.165272943608,-20.04755204691,
    -14.98614959941));
#1633 = CARTESIAN_POINT('',(105.32026974529,-23.30220867159,
    -14.86836396926));
#1634 = CARTESIAN_POINT('',(116.3398823066,-20.14321582498,
    -14.78002474664));
#1635 = CARTESIAN_POINT('',(124.57392893116,-12.03120383221,
    -14.69168552403));
#1636 = CARTESIAN_POINT('',(127.8728093303,-0.95322339811,
    -14.60334630141));
#1637 = CARTESIAN_POINT('',(125.49071433124,10.260015216216,
    -14.5150070788));
#1638 = CARTESIAN_POINT('',(115.50437626498,22.114962277681,
    -14.39722144864));
#1639 = CARTESIAN_POINT('',(98.898233890538,24.012180570837,
    -14.27943581849));
#1640 = CARTESIAN_POINT('',(86.495326125949,14.715159715374,
    -14.16165018833));
#1641 = CARTESIAN_POINT('',(81.64544738305,4.328159523523,
    -14.07331096572));
#1642 = CARTESIAN_POINT('',(82.360659560484,-7.20842289622,
    -13.98497174311));
#1643 = CARTESIAN_POINT('',(88.552844292549,-16.96860274242,
    -13.89663252049));
#1644 = CARTESIAN_POINT('',(98.575977144544,-22.53168683648,
    -13.80829329788));
#1645 = CARTESIAN_POINT('',(114.07454113777,-22.779137744,
    -13.69050766772));
#1646 = CARTESIAN_POINT('',(126.4058716144,-11.49633266332,
    -13.57272203757));
#1647 = CARTESIAN_POINT('',(127.53303461045,3.96316996076,
    -13.45493640742));
#1648 = CARTESIAN_POINT('',(122.88019524381,14.439914809928,
    -13.3665971848));
#1649 = CARTESIAN_POINT('',(113.70723984211,21.472777071105,
    -13.27825796219));
#1650 = CARTESIAN_POINT('',(102.27944780239,23.207663661963,
    -13.18991873957));
#1651 = CARTESIAN_POINT('',(91.503479074156,19.297472519003,
    -13.10157951696));
#1652 = CARTESIAN_POINT('',(81.143774070283,7.767371477098,
    -12.9837938868));
#1653 = CARTESIAN_POINT('',(81.561721131981,-8.94156990367,
    -12.86600825665));
#1654 = CARTESIAN_POINT('',(92.484923623569,-19.93931354187,
    -12.7482226265));
#1655 = CARTESIAN_POINT('',(103.4429082654,-23.3058651003,
    -12.65988340388));
#1656 = CARTESIAN_POINT('',(114.76967273593,-21.00181019309,
    -12.57154418127));
#1657 = CARTESIAN_POINT('',(123.57954555825,-13.51913665746,
    -12.48320495866));
#1658 = CARTESIAN_POINT('',(127.7027764573,-2.822872648034,
    -12.39486573604));
#1659 = CARTESIAN_POINT('',(125.80411786787,12.560943957887,
    -12.27708010589));
#1660 = CARTESIAN_POINT('',(112.92411920998,23.213128540641,
    -12.15929447573));
#1661 = CARTESIAN_POINT('',(97.457308459813,22.191129019094,
    -12.04150884558));
#1662 = CARTESIAN_POINT('',(87.724839124169,16.133890585854,
    -11.95316962296));
#1663 = CARTESIAN_POINT('',(82.028362889278,6.076335172555,
    -11.86483040035));
#1664 = CARTESIAN_POINT('',(81.890822039859,-5.481577480732,
    -11.77649117773));
#1665 = CARTESIAN_POINT('',(87.253938745361,-15.61311616,-11.68815195512
    ));
#1666 = CARTESIAN_POINT('',(100.10614495468,-24.27842131081,
    -11.57036632497));
#1667 = CARTESIAN_POINT('',(116.59666809392,-21.5533436226,
    -11.45258069482));
#1668 = CARTESIAN_POINT('',(125.97782398148,-9.213950119806,
    -11.33479506466));
#1669 = CARTESIAN_POINT('',(127.79632884979,2.104359685563,
    -11.24645584205));
#1670 = CARTESIAN_POINT('',(123.94772499296,13.00355739638,
    -11.15811661943));
#1671 = CARTESIAN_POINT('',(115.31841161133,20.693759796055,
    -11.06977739682));
#1672 = CARTESIAN_POINT('',(104.15464434208,23.297871384336,
    -10.9814381742));
#1673 = CARTESIAN_POINT('',(89.181317811112,19.289603628708,
    -10.86365254405));
#1674 = CARTESIAN_POINT('',(80.413059624918,5.060020001891,
    -10.74586691389));
#1675 = CARTESIAN_POINT('',(83.564574466428,-10.11676068465,
    -10.62808128374));
#1676 = CARTESIAN_POINT('',(90.909765962009,-18.91785486092,
    -10.53974206113));
#1677 = CARTESIAN_POINT('',(101.65857219761,-23.1684344562,
    -10.45140283851));
#1678 = CARTESIAN_POINT('',(113.12441299823,-21.70598544136,
    -10.3630636159));
#1679 = CARTESIAN_POINT('',(122.41675016474,-14.9930451921,
    -10.27472439328));
#1680 = CARTESIAN_POINT('',(129.2210712721,-1.065808134034,
    -10.15693876313));
#1681 = CARTESIAN_POINT('',(124.24125059436,14.889278447674,
    -10.03915313298));
#1682 = CARTESIAN_POINT('',(110.72288194763,22.473500684329,
    -9.921367502828));
#1683 = CARTESIAN_POINT('',(99.261833254441,22.708999428768,
    -9.833028280212));
#1684 = CARTESIAN_POINT('',(88.999731453789,17.389833232895,
    -9.744689057597));
#1685 = CARTESIAN_POINT('',(82.577038025833,7.779772280084,
    -9.656349834982));
#1686 = CARTESIAN_POINT('',(81.54210789998,-3.636882941169,
    -9.568010612367));
#1687 = CARTESIAN_POINT('',(87.582928788889,-17.91186808273,
    -9.450224982215));
#1688 = CARTESIAN_POINT('',(102.88854398668,-24.62763648472,
    -9.332439352063));
#1689 = CARTESIAN_POINT('',(117.48353203696,-19.4071919044,
    -9.21465372191));
#1690 = CARTESIAN_POINT('',(125.18405641818,-10.9152533118,
    -9.126314499296));
#1691 = CARTESIAN_POINT('',(127.90702507201,0.318165762393,
    -9.037975276681));
#1692 = CARTESIAN_POINT('',(124.87270071178,11.471512258544,
    -8.949636054065));
#1693 = CARTESIAN_POINT('',(116.93898831363,19.746009487361,
    -8.86129683145));
#1694 = CARTESIAN_POINT('',(102.20446141182,24.558538425849,
    -8.743511201296));
#1695 = CARTESIAN_POINT('',(87.091536325162,17.419708189933,
    -8.625725571142));
#1696 = CARTESIAN_POINT('',(81.450048896922,2.982245206403,
    -8.507939940989));
#1697 = CARTESIAN_POINT('',(82.802083568463,-8.401212047583,
    -8.419600718375));
#1698 = CARTESIAN_POINT('',(89.48955500119,-17.82893649321,
    -8.33126149576));
#1699 = CARTESIAN_POINT('',(99.895617091487,-22.86064933866,
    -8.242922273146));
#1700 = CARTESIAN_POINT('',(111.34568336992,-22.30650222298,
    -8.154583050532));
#1701 = CARTESIAN_POINT('',(124.64790091303,-14.3492585897,
    -8.036797420379));
#1702 = CARTESIAN_POINT('',(129.18207376678,1.738148856641,
    -7.919011790226));
#1703 = CARTESIAN_POINT('',(121.99305869857,15.470766238364,
    -7.801226160072));
#1704 = CARTESIAN_POINT('',(112.51762435333,21.922683842878,
    -7.712886937457));
#1705 = CARTESIAN_POINT('',(101.01554675367,23.06569446294,
    -7.624547714841));
#1706 = CARTESIAN_POINT('',(90.389109538036,18.51782743669,
    -7.536208492226));
#1707 = CARTESIAN_POINT('',(83.291523439204,9.515862741357,
    -7.447869269611));
#1708 = CARTESIAN_POINT('',(80.563304038913,-5.742693438952,
    -7.330083639458));
#1709 = CARTESIAN_POINT('',(89.723905012836,-19.72292203539,
    -7.212298009306));
#1710 = CARTESIAN_POINT('',(104.80291260575,-23.31322116172,
    -7.094512379154));
#1711 = CARTESIAN_POINT('',(115.8899397325,-20.3996449576,
    -7.006173156539));
#1712 = CARTESIAN_POINT('',(124.30204567617,-12.47243006341,
    -6.917833933925));
#1713 = CARTESIAN_POINT('',(127.84604691856,-1.470415812369,
    -6.82949471131));
#1714 = CARTESIAN_POINT('',(125.7134756367,9.792942325153,
    -6.741155488694));
#1715 = CARTESIAN_POINT('',(115.99278148164,21.866666810483,
    -6.62336985854));
#1716 = CARTESIAN_POINT('',(99.43285049668,24.132077939971,
    -6.505584228386));
#1717 = CARTESIAN_POINT('',(86.826603366761,15.112695970943,
    -6.387798598233));
#1718 = CARTESIAN_POINT('',(81.747325963282,4.835924208135,
    -6.299459375618));
#1719 = CARTESIAN_POINT('',(82.206246925,-6.713692839073,-6.211120153004
    ));
#1720 = CARTESIAN_POINT('',(88.180227180752,-16.60893524591,
    -6.122780930389));
#1721 = CARTESIAN_POINT('',(98.077387947924,-22.39316428314,
    -6.034441707775));
#1722 = CARTESIAN_POINT('',(113.56663875969,-22.98462611113,
    -5.916656077623));
#1723 = CARTESIAN_POINT('',(126.14541113711,-11.97836029164,
    -5.79887044747));
#1724 = CARTESIAN_POINT('',(127.61550107156,3.452308954649,
    -5.681084817317));
#1725 = CARTESIAN_POINT('',(123.19639471873,14.029765919759,
    -5.592745594701));
#1726 = CARTESIAN_POINT('',(114.181831305,21.26453674171,-5.504406372086
    ));
#1727 = CARTESIAN_POINT('',(102.79537061689,23.252695534245,
    -5.41606714947));
#1728 = CARTESIAN_POINT('',(91.935250490138,19.582697218344,
    -5.327727926855));
#1729 = CARTESIAN_POINT('',(81.322127636209,8.28542581808,
    -5.209942296702));
#1730 = CARTESIAN_POINT('',(81.369029112614,-8.428676074151,
    -5.092156666549));
#1731 = CARTESIAN_POINT('',(92.045386922699,-19.66620701803,
    -4.974371036397));
#1732 = CARTESIAN_POINT('',(102.92593263886,-23.27519880588,
    -4.886031813782));
#1733 = CARTESIAN_POINT('',(114.30105614438,-21.22316868416,
    -4.797692591168));
#1734 = CARTESIAN_POINT('',(123.27487490265,-13.93792062524,
    -4.709353368554));
#1735 = CARTESIAN_POINT('',(127.63454928114,-3.335829505094,
    -4.621014145939));
#1736 = CARTESIAN_POINT('',(126.07788311328,12.086346354541,
    -4.503228515785));
#1737 = CARTESIAN_POINT('',(113.43753990521,23.021844760861,
    -4.385442885631));
#1738 = CARTESIAN_POINT('',(97.951852401129,22.343464093434,
    -4.267657255477));
#1739 = CARTESIAN_POINT('',(88.087309516238,16.503781698125,
    -4.179318032862));
#1740 = CARTESIAN_POINT('',(82.168957024156,6.575168191361,
    -4.090978810247));
#1741 = CARTESIAN_POINT('',(81.774861588581,-4.976842506878,
    -4.002639587632));
#1742 = CARTESIAN_POINT('',(86.91173388953,-15.22494671068,
    -3.914300365018));
#1743 = CARTESIAN_POINT('',(99.568400707465,-24.17343836358,
    -3.796514734866));
#1744 = CARTESIAN_POINT('',(116.11535705176,-21.81512592863,
    -3.678729104714));
#1745 = CARTESIAN_POINT('',(125.76813844917,-9.687037492063,
    -3.560943474561));
#1746 = CARTESIAN_POINT('',(127.83746437793,1.588111596631,
    -3.472604251946));
#1747 = CARTESIAN_POINT('',(124.23177388446,12.570063085497,
    -3.38426502933));
#1748 = CARTESIAN_POINT('',(115.77531161619,20.449943049681,
    -3.295925806715));
#1749 = CARTESIAN_POINT('',(104.67210763995,23.301251209459,
    -3.207586584099));
#1750 = CARTESIAN_POINT('',(89.613486839226,19.626382800431,
    -3.089800953946));
#1751 = CARTESIAN_POINT('',(80.531489428541,5.594963651915,
    -2.972015323792));
#1752 = CARTESIAN_POINT('',(83.345299294069,-9.648041089357,
    -2.85422969364));
#1753 = CARTESIAN_POINT('',(90.493294133277,-18.61003112616,
    -2.765890471025));
#1754 = CARTESIAN_POINT('',(101.1450872605,-23.0981894726,
    -2.677551248411));
#1755 = CARTESIAN_POINT('',(112.64056914906,-21.8906449591,
    -2.589212025797));
#1756 = CARTESIAN_POINT('',(122.07964474032,-15.3856520258,
    -2.500872803182));
#1757 = CARTESIAN_POINT('',(129.19147765664,-1.612903500731,
    -2.383087173029));
#1758 = CARTESIAN_POINT('',(124.56708966057,14.448801027406,
    -2.265301542876));
#1759 = CARTESIAN_POINT('',(111.220426396,22.331269668662,
    -2.147515912722));
#1760 = CARTESIAN_POINT('',(99.767426863716,22.821140783964,
    -2.059176690106));
#1761 = CARTESIAN_POINT('',(89.389774618986,17.731121967167,
    -1.970837467491));
#1762 = CARTESIAN_POINT('',(82.755304733982,8.265985802234,
    -1.882498244876));
#1763 = CARTESIAN_POINT('',(81.467202050211,-3.124827099489,
    -1.794159022261));
#1764 = CARTESIAN_POINT('',(87.189573755814,-17.53051273507,
    -1.676373392109));
#1765 = CARTESIAN_POINT('',(102.34243142726,-24.58418853046,
    -1.558587761957));
#1766 = CARTESIAN_POINT('',(117.04956171083,-19.68937399888,
    -1.440802131804));
#1767 = CARTESIAN_POINT('',(124.93697739323,-11.36991672655,
    -1.35246290919));
#1768 = CARTESIAN_POINT('',(127.90812982277,-0.200842102234,
    -1.264123686575));
#1769 = CARTESIAN_POINT('',(125.12316726611,11.019257276455,
    -1.175784463959));
#1770 = CARTESIAN_POINT('',(117.37327053586,19.463946664025,
    -1.087445241344));
#1771 = CARTESIAN_POINT('',(102.75306250601,24.610573628068,
    -0.96965961119));
#1772 = CARTESIAN_POINT('',(87.477546488157,17.792378152098,
    -0.851873981036));
#1773 = CARTESIAN_POINT('',(81.528406570438,3.508080645662,
    -0.734088350883));
#1774 = CARTESIAN_POINT('',(82.607938486077,-7.943865124306,
    -0.645749128269));
#1775 = CARTESIAN_POINT('',(89.1221755556,-17.4380241391,-0.557409905654
    ));
#1776 = CARTESIAN_POINT('',(102.76000403993,-24.62916099865,
    -0.439624275502));
#1777 = CARTESIAN_POINT('',(123.07109637715,-18.92733793476,
    -0.292392237812));
#1778 = CARTESIAN_POINT('',(129.22726146734,1.250513312239,
    -0.14516020012));
#1779 = CARTESIAN_POINT('',(122.32671060331,15.053144955111,
    -2.737456996617E-02));
#1780 = CARTESIAN_POINT('',(113.00566509128,21.755846499735,
    6.096465264931E-02));
#1781 = CARTESIAN_POINT('',(101.52694313665,23.130779183033,
    0.149303875265));
#1782 = CARTESIAN_POINT('',(90.804716849776,18.832130576819,
    0.23764309788));
#1783 = CARTESIAN_POINT('',(83.507750599278,9.983831107813,
    0.325982320495));
#1784 = CARTESIAN_POINT('',(80.442212112261,-5.206810018487,
    0.443767950648));
#1785 = CARTESIAN_POINT('',(89.289677853038,-19.38940754694,0.5615535808
    ));
#1786 = CARTESIAN_POINT('',(104.28551564442,-23.31237753096,
    0.679339210952));
#1787 = CARTESIAN_POINT('',(115.43437220765,-20.64622737969,
    0.767678433567));
#1788 = CARTESIAN_POINT('',(124.02045698991,-12.90740250351,
    0.856017656181));
#1789 = CARTESIAN_POINT('',(127.80779750207,-1.98694291781,
    0.944356878796));
#1790 = CARTESIAN_POINT('',(125.92581852818,9.321065989895,
    1.032696101412));
#1791 = CARTESIAN_POINT('',(116.47554951804,21.6075679319,1.150481731565
    ));
#1792 = CARTESIAN_POINT('',(99.969999467732,24.240088459517,
    1.26826736172));
#1793 = CARTESIAN_POINT('',(87.166623317228,15.50277482185,
    1.386052991873));
#1794 = CARTESIAN_POINT('',(81.860452519281,5.341304808502,
    1.474392214488));
#1795 = CARTESIAN_POINT('',(82.062855162821,-6.215658194511,
    1.562731437102));
#1796 = CARTESIAN_POINT('',(87.81568676906,-16.24108343669,
    1.651070659717));
#1797 = CARTESIAN_POINT('',(97.581996789752,-22.24360743125,
    1.739409882331));
#1798 = CARTESIAN_POINT('',(113.05429972744,-23.17878798052,
    1.857195512483));
#1799 = CARTESIAN_POINT('',(125.87431368852,-12.45448698886,
    1.974981142636));
#1800 = CARTESIAN_POINT('',(127.68660598343,2.93974314539,2.092766772789
    ));
#1801 = CARTESIAN_POINT('',(123.50341085099,13.612698369763,
    2.181105995405));
#1802 = CARTESIAN_POINT('',(114.65168282013,21.045811708065,
    2.26944521802));
#1803 = CARTESIAN_POINT('',(103.31216599562,23.286262685295,
    2.357784440636));
#1804 = CARTESIAN_POINT('',(92.373247552579,19.858266196447,
    2.446123663251));
#1805 = CARTESIAN_POINT('',(81.511938177926,8.799392984809,
    2.563909293404));
#1806 = CARTESIAN_POINT('',(81.187770952034,-7.911630838306,
    2.681694923557));
#1807 = CARTESIAN_POINT('',(91.612021579539,-19.38340998169,
    2.799480553709));
#1808 = CARTESIAN_POINT('',(102.4097652233,-23.23306308364,
    2.887819776324));
#1809 = CARTESIAN_POINT('',(113.82764083348,-21.43406921762,
    2.976158998938));
#1810 = CARTESIAN_POINT('',(122.96098222856,-14.34983761817,
    3.064498221552));
#1811 = CARTESIAN_POINT('',(127.55495115243,-3.847145281059,
    3.152837444167));
#1812 = CARTESIAN_POINT('',(126.34104470495,11.60578806327,
    3.270623074321));
#1813 = CARTESIAN_POINT('',(113.94658751828,22.8192100592,3.388408704475
    ));
#1814 = CARTESIAN_POINT('',(98.449656335094,22.48478262765,
    3.506194334629));
#1815 = CARTESIAN_POINT('',(88.457902248404,16.865534717319,
    3.594533557244));
#1816 = CARTESIAN_POINT('',(82.320590723678,7.0707570458,3.682872779859)
  );
#1817 = CARTESIAN_POINT('',(81.670134956084,-4.469657577636,
    3.771212002474));
#1818 = CARTESIAN_POINT('',(86.578230828734,-14.82927589643,
    3.859551225088));
#1819 = CARTESIAN_POINT('',(99.033119637313,-24.05654323675,
    3.97733685524));
#1820 = CARTESIAN_POINT('',(115.62835300072,-22.06615849345,
    4.095122485392));
#1821 = CARTESIAN_POINT('',(125.54800193941,-10.15535320007,
    4.212908115545));
#1822 = CARTESIAN_POINT('',(127.86712893524,1.071077523163,4.30124733816
    ));
#1823 = CARTESIAN_POINT('',(124.50612908909,12.130369653333,
    4.389586560776));
#1824 = CARTESIAN_POINT('',(116.22668622744,20.196043108597,
    4.477925783391));
#1825 = CARTESIAN_POINT('',(105.18951843291,23.293142377554,
    4.566265006007));
#1826 = CARTESIAN_POINT('',(90.053025950314,19.953484741203,
    4.68405063616));
#1827 = CARTESIAN_POINT('',(80.661765897717,6.127146236855,
    4.801836266314));
#1828 = CARTESIAN_POINT('',(83.136483885199,-9.174568983545,
    4.919621896466));
#1829 = CARTESIAN_POINT('',(90.083758640584,-18.2930376203,
    5.007961119081));
#1830 = CARTESIAN_POINT('',(100.63328846233,-23.01656203817,
    5.096300341695));
#1831 = CARTESIAN_POINT('',(112.15274481175,-22.06451802651,
    5.184639564309));
#1832 = CARTESIAN_POINT('',(121.73390687408,-15.77067735951,
    5.272978786924));
#1833 = CARTESIAN_POINT('',(129.1497446771,-2.159209125586,
    5.390764417077));
#1834 = CARTESIAN_POINT('',(124.88307166267,14.001202478092,
    5.50855004723));
#1835 = CARTESIAN_POINT('',(111.71468827466,22.178023177493,
    5.626335677384));
#1836 = CARTESIAN_POINT('',(100.27539043882,22.922040535657,5.7146749));
#1837 = CARTESIAN_POINT('',(89.787288638084,18.063647488194,
    5.803014122615));
#1838 = CARTESIAN_POINT('',(82.944339829628,8.748159632418,5.89135334523
    ));
#1839 = CARTESIAN_POINT('',(81.40364969697,-2.611302094332,
    5.979692567845));
#1840 = CARTESIAN_POINT('',(86.804856032593,-17.1403656541,
    6.097478197997));
#1841 = CARTESIAN_POINT('',(101.79727455095,-24.52892361778,
    6.215263828149));
#1842 = CARTESIAN_POINT('',(116.60960946034,-19.96148972819,
    6.333049458302));
#1843 = CARTESIAN_POINT('',(124.67949671827,-11.81974443307,
    6.421388680916));
#1844 = CARTESIAN_POINT('',(127.89842770715,-0.718269500658,
    6.509727903531));
#1845 = CARTESIAN_POINT('',(125.36218627006,10.558775402997,
    6.598067126147));
#1846 = CARTESIAN_POINT('',(117.80359531886,19.177290335327,
    6.686406348762));
#1847 = CARTESIAN_POINT('',(103.29721823857,24.639134511826,
    6.804191978916));
#1848 = CARTESIAN_POINT('',(87.882300556391,18.178196912386,
    6.92197760907));
#1849 = CARTESIAN_POINT('',(81.605501528314,4.005388024769,
    7.039763239223));
#1850 = CARTESIAN_POINT('',(82.450897000501,-7.426864741067,
    7.128102461837));
#1851 = CARTESIAN_POINT('',(88.713284175801,-17.14215008185,
    7.216441684452));
#1852 = CARTESIAN_POINT('',(98.885733545593,-22.63082352862,
    7.304780907066));
#1853 = CARTESIAN_POINT('',(110.34911181309,-22.58548587752,
    7.39312012968));
#1854 = CARTESIAN_POINT('',(123.99143576815,-15.22656510685,
    7.510905759833));
#1855 = CARTESIAN_POINT('',(129.23525198878,0.643715081491,
    7.628691389986));
#1856 = CARTESIAN_POINT('',(122.66290779231,14.681913312282,
    7.74647702014));
#1857 = CARTESIAN_POINT('',(113.48321109036,21.548081477018,
    7.834816242755));
#1858 = CARTESIAN_POINT('',(102.04320883022,23.200537429336,
    7.923155465371));
#1859 = CARTESIAN_POINT('',(91.225368360313,19.12885596417,
    8.011494687986));
#1860 = CARTESIAN_POINT('',(83.735185240466,10.45082314345,
    8.099833910601));
#1861 = CARTESIAN_POINT('',(80.332334673104,-4.671588232385,
    8.217619540754));
#1862 = CARTESIAN_POINT('',(88.863330030383,-19.04467140985,
    8.335405170906));
#1863 = CARTESIAN_POINT('',(103.76810247274,-23.30078186957,
    8.453190801059));
#1864 = CARTESIAN_POINT('',(114.9735334223,-20.88222568024,
    8.541530023673));
#1865 = CARTESIAN_POINT('',(123.72923300709,-13.33623421675,
    8.629869246287));
#1866 = CARTESIAN_POINT('',(127.75811533634,-2.502381275009,
    8.718208468902));
#1867 = CARTESIAN_POINT('',(126.12762148486,8.844538421835,
    8.806547691518));
#1868 = CARTESIAN_POINT('',(116.95245617979,21.337859014394,
    8.924333321671));
#1869 = CARTESIAN_POINT('',(100.50940891774,24.336124938269,
    9.042118951826));
#1870 = CARTESIAN_POINT('',(87.515221518431,15.885218972914,
    9.159904581979));
#1871 = CARTESIAN_POINT('',(81.984769537009,5.84404385804,9.248243804594
    ));
#1872 = CARTESIAN_POINT('',(81.930555885323,-5.714560005153,
    9.336583027208));
#1873 = CARTESIAN_POINT('',(87.459402263184,-15.86523092466,
    9.424922249823));
#1874 = CARTESIAN_POINT('',(97.090048082825,-22.08308890816,
    9.513261472437));
#1875 = CARTESIAN_POINT('',(112.53777639202,-23.36152853867,
    9.631047102589));
#1876 = CARTESIAN_POINT('',(125.59271299232,-12.92447760584,
    9.748832732742));
#1877 = CARTESIAN_POINT('',(127.746314255,2.425724979311,9.866618362895)
  );
#1878 = CARTESIAN_POINT('',(123.80109233257,13.188917850813,
    9.954957585511));
#1879 = CARTESIAN_POINT('',(115.11656277958,20.816709721952,
    10.043296808126));
#1880 = CARTESIAN_POINT('',(103.82957921067,23.308348600577,
    10.131636030742));
#1881 = CARTESIAN_POINT('',(92.81725436455,20.124043607363,
    10.219975253357));
#1882 = CARTESIAN_POINT('',(81.713112138152,9.30901964901,10.33776088351
    ));
#1883 = CARTESIAN_POINT('',(81.018035993185,-7.390689059978,
    10.455546513663));
#1884 = CARTESIAN_POINT('',(91.185041205463,-19.09106182401,
    10.573332143815));
#1885 = CARTESIAN_POINT('',(101.89466044328,-23.17947870433,
    10.66167136643));
#1886 = CARTESIAN_POINT('',(113.34966015529,-21.63440783735,
    10.750010589044));
#1887 = CARTESIAN_POINT('',(122.63802225721,-14.75468459802,
    10.838349811659));
#1888 = CARTESIAN_POINT('',(127.46402130605,-4.356567942255,
    10.926689034273));
#1889 = CARTESIAN_POINT('',(126.59347292745,11.119505956648,
    11.044474664427));
#1890 = CARTESIAN_POINT('',(114.45101113377,22.605324316753,
    11.162260294581));
#1891 = CARTESIAN_POINT('',(98.950474888365,22.615014964138,
    11.280045924735));
#1892 = CARTESIAN_POINT('',(88.836434651238,17.218971331241,
    11.36838514735));
#1893 = CARTESIAN_POINT('',(82.483189245799,7.562857454295,
    11.456724369965));
#1894 = CARTESIAN_POINT('',(81.576693763406,-3.960272690187,
    11.54506359258));
#1895 = CARTESIAN_POINT('',(86.253593950377,-14.42629874822,
    11.633402815194));
#1896 = CARTESIAN_POINT('',(98.500565590742,-23.92779354871,
    11.751188445346));
#1897 = CARTESIAN_POINT('',(115.13589599021,-22.30631758132,
    11.868974075499));
#1898 = CARTESIAN_POINT('',(125.31752296069,-10.61866640422,
    11.986759705651));
#1899 = CARTESIAN_POINT('',(127.88530789836,0.553512314373,
    12.075098928266));
#1900 = CARTESIAN_POINT('',(124.77065537661,11.684693835446,
    12.163438150882));
#1901 = CARTESIAN_POINT('',(116.67231295237,19.932185112552,
    12.251777373497));
#1902 = CARTESIAN_POINT('',(105.70662169202,23.273548904327,
    12.340116596113));
#1903 = CARTESIAN_POINT('',(90.499718470435,20.270748176155,
    12.457902226266));
#1904 = CARTESIAN_POINT('',(80.80382485639,6.656305520011,12.57568785642
    ));
#1905 = CARTESIAN_POINT('',(82.938231119944,-8.696577847811,
    12.693473486572));
#1906 = CARTESIAN_POINT('',(89.681361448296,-17.96703038159,
    12.781812709187));
#1907 = CARTESIAN_POINT('',(100.12342788151,-22.92359279828,
    12.870151931801));
#1908 = CARTESIAN_POINT('',(111.66118080378,-22.22751816797,
    12.958491154415));
#1909 = CARTESIAN_POINT('',(121.3797063333,-16.14793279245,
    13.04683037703));
#1910 = CARTESIAN_POINT('',(129.09589437954,-2.704452594269,
    13.164616007183));
#1911 = CARTESIAN_POINT('',(125.18903799618,13.546697365417,
    13.282401637336));
#1912 = CARTESIAN_POINT('',(112.20542744925,22.01384416759,
    13.40018726749));
#1913 = CARTESIAN_POINT('',(100.7854662617,23.011633364375,
    13.488526490106));
#1914 = CARTESIAN_POINT('',(90.192091802093,18.387276117722,
    13.576865712721));
#1915 = CARTESIAN_POINT('',(83.144023372299,9.22599925283,
    13.665204935336));
#1916 = CARTESIAN_POINT('',(81.35153012676,-2.096459171516,
    13.753544157951));
#1917 = CARTESIAN_POINT('',(86.428856544037,-16.7418500593,
    13.871329788103));
#1918 = CARTESIAN_POINT('',(101.25355230255,-24.46142242309,
    13.989115418255));
#1919 = CARTESIAN_POINT('',(116.16363477415,-20.22395165695,
    14.106901048408));
#1920 = CARTESIAN_POINT('',(124.4122818958,-12.26336641032,
    14.195240271022));
#1921 = CARTESIAN_POINT('',(127.87687501553,-1.236088554889,
    14.283579493637));
#1922 = CARTESIAN_POINT('',(125.59161180111,10.094482235106,
    14.371918716253));
#1923 = CARTESIAN_POINT('',(118.22621684501,18.878675649814,
    14.460257938868));
#1924 = CARTESIAN_POINT('',(103.84466922016,24.661218837549,
    14.578043569022));
#1925 = CARTESIAN_POINT('',(88.290116240943,18.544088511253,
    14.695829199176));
#1926 = CARTESIAN_POINT('',(81.700224347325,4.514119066018,
    14.813614829329));
#1927 = CARTESIAN_POINT('',(82.291612663166,-6.934084140871,
    14.901954051943));
#1928 = CARTESIAN_POINT('',(88.336774729342,-16.78600161819,
    14.990293274558));
#1929 = CARTESIAN_POINT('',(98.384867148932,-22.49915321023,
    15.078632497172));
#1930 = CARTESIAN_POINT('',(109.84642670738,-22.70831653033,
    15.166971719786));
#1931 = CARTESIAN_POINT('',(123.6487582712,-15.65407233226,
    15.284757349939));
#1932 = CARTESIAN_POINT('',(129.24360621946,9.588253269756E-02,
    15.402542980092));
#1933 = CARTESIAN_POINT('',(122.98453324485,14.276528614675,
    15.520328610246));
#1934 = CARTESIAN_POINT('',(113.95952954264,21.344796081425,
    15.608667832861));
#1935 = CARTESIAN_POINT('',(102.55903166309,23.250815620802,
    15.697007055477));
#1936 = CARTESIAN_POINT('',(91.653464989589,19.420296345815,
    15.785346278092));
#1937 = CARTESIAN_POINT('',(83.972473420525,10.910686171292,
    15.873685500707));
#1938 = CARTESIAN_POINT('',(80.234740279197,-4.132454084917,
    15.99147113086));
#1939 = CARTESIAN_POINT('',(88.444547166081,-18.69138511341,
    16.109256761012));
#1940 = CARTESIAN_POINT('',(103.25115954917,-23.27733621877,
    16.227042391165));
#1941 = CARTESIAN_POINT('',(114.5075213935,-21.10813940063,
    16.315381613779));
#1942 = CARTESIAN_POINT('',(123.42858593901,-13.75838635981,
    16.403720836393));
#1943 = CARTESIAN_POINT('',(127.69698950836,-3.016645655656,
    16.492060059008));
#1944 = CARTESIAN_POINT('',(126.31880189029,8.363674888852,
    16.580399281624));
#1945 = CARTESIAN_POINT('',(117.42325262651,21.057607340993,
    16.698184911777));
#1946 = CARTESIAN_POINT('',(101.05082008455,24.420173990304,
    16.815970541932));
#1947 = CARTESIAN_POINT('',(87.872223001421,16.259824933778,
    16.933756172085));
#1948 = CARTESIAN_POINT('',(82.120217491814,6.34390190948,17.0220953947)
  );
#1949 = CARTESIAN_POINT('',(81.809413372438,-5.210649712527,
    17.110434617315));
#1950 = CARTESIAN_POINT('',(87.111549760362,-15.4815606804,
    17.198773839929));
#1951 = CARTESIAN_POINT('',(96.601784085606,-21.91168892627,
    17.287113062543));
#1952 = CARTESIAN_POINT('',(112.01732354062,-23.53275681951,
    17.404898692695));
#1953 = CARTESIAN_POINT('',(125.30074775614,-13.38810093953,
    17.522684322848));
#1954 = CARTESIAN_POINT('',(127.79459649799,1.910508025218,
    17.640469953001));
#1955 = CARTESIAN_POINT('',(124.08929240903,12.758633135792,
    17.728809175617));
#1956 = CARTESIAN_POINT('',(115.57624205128,20.577343770716,
    17.817148398232));
#1957 = CARTESIAN_POINT('',(104.34735521654,23.318942362587,
    17.905487620848));
#1958 = CARTESIAN_POINT('',(93.267052073053,20.379898461134,
    17.993826843463));
#1959 = CARTESIAN_POINT('',(81.925550353379,9.814054597702,
    18.111612473616));
#1960 = CARTESIAN_POINT('',(80.859907901701,-6.866107511149,
    18.229398103769));
#1961 = CARTESIAN_POINT('',(90.764656263468,-18.78930664954,
    18.347183733922));
#1962 = CARTESIAN_POINT('',(101.38087220024,-23.11447207875,
    18.435522956536));
#1963 = CARTESIAN_POINT('',(112.86734971186,-21.82408579494,
    18.52386217915));
#1964 = CARTESIAN_POINT('',(122.30615417942,-15.1522620106,
    18.612201401764));
#1965 = CARTESIAN_POINT('',(127.36180456234,-4.863846388552,
    18.700540624379));
#1966 = CARTESIAN_POINT('',(126.83504335602,10.627739728929,
    18.818326254533));
#1967 = CARTESIAN_POINT('',(114.9505621154,22.380292960187,
    18.936111884687));
#1968 = CARTESIAN_POINT('',(99.454061201684,22.734096909918,
    19.053897514841));
#1969 = CARTESIAN_POINT('',(89.222720141724,17.563917326855,
    19.142236737456));
#1970 = CARTESIAN_POINT('',(82.656672443838,8.051226854894,
    19.230575960071));
#1971 = CARTESIAN_POINT('',(81.494584068768,-3.448938926294,
    19.318915182686));
#1972 = CARTESIAN_POINT('',(85.937983271777,-14.01621389806,
    19.4072544053));
#1973 = CARTESIAN_POINT('',(97.971001069723,-23.78725276187,
    19.525040035452));
#1974 = CARTESIAN_POINT('',(114.63822875817,-22.53548481468,
    19.642825665604));
#1975 = CARTESIAN_POINT('',(125.07681511856,-11.07674873253,
    19.760611295757));
#1976 = CARTESIAN_POINT('',(127.89199230711,3.567108510595E-02,
    19.848950518372));
#1977 = CARTESIAN_POINT('',(125.02522235809,11.233255308753,
    19.937289740988));
#1978 = CARTESIAN_POINT('',(117.11197213805,19.6584991237,
    20.025628963603));
#1979 = CARTESIAN_POINT('',(106.22316252814,23.242480441369,
    20.113968186219));
#1980 = CARTESIAN_POINT('',(90.953344226342,20.578016736643,
    20.231753816372));
#1981 = CARTESIAN_POINT('',(80.957596269143,7.182180645215,
    20.349539446526));
#1982 = CARTESIAN_POINT('',(82.750638735195,-8.21430325595,
    20.467325076678));
#1983 = CARTESIAN_POINT('',(89.286300869455,-17.6321701733,
    20.555664299293));
#1984 = CARTESIAN_POINT('',(99.615756898618,-22.81932744178,
    20.644003521907));
#1985 = CARTESIAN_POINT('',(111.16611930165,-22.37956529605,
    20.732342744521));
#1986 = CARTESIAN_POINT('',(121.01721792454,-16.51723191011,
    20.820681967136));
#1987 = CARTESIAN_POINT('',(129.02995281552,-3.248366194729,
    20.938467597289));
#1988 = CARTESIAN_POINT('',(125.48483879797,13.085511740719,
    21.056253227442));
#1989 = CARTESIAN_POINT('',(112.69240086424,21.838811091139,
    21.174038857596));
#1990 = CARTESIAN_POINT('',(101.29740535607,23.089880304306,
    21.262378080212));
#1991 = CARTESIAN_POINT('',(90.603979834754,18.701838258492,
    21.350717302827));
#1992 = CARTESIAN_POINT('',(83.354265857874,9.699288082527,
    21.439056525442));
#1993 = CARTESIAN_POINT('',(81.310853040744,-1.580586065823,
    21.527395748057));
#1994 = CARTESIAN_POINT('',(86.061796865397,-16.33508540438,
    21.645181378209));
#1995 = CARTESIAN_POINT('',(100.71146260235,-24.38186709026,
    21.762967008361));
#1996 = CARTESIAN_POINT('',(115.71194328,-20.47644816265,21.880752638514
    ));
#1997 = CARTESIAN_POINT('',(124.13528441807,-12.70094680078,
    21.969091861128));
#1998 = CARTESIAN_POINT('',(127.84383191776,-1.753301551959,
    22.057431083743));
#1999 = CARTESIAN_POINT('',(125.81067338308,9.625210262395,
    22.145770306359));
#2000 = CARTESIAN_POINT('',(118.6421048662,18.570752132594,
    22.234109528974));
#2001 = CARTESIAN_POINT('',(104.39247562128,24.671144460364,
    22.351895159128));
#2002 = CARTESIAN_POINT('',(88.705954174951,18.900835774254,
    22.469680789282));
#2003 = CARTESIAN_POINT('',(81.806217927593,5.020622533552,
    22.587466419435));
#2004 = CARTESIAN_POINT('',(82.143307110971,-6.437890257412,
    22.67580564205));
#2005 = CARTESIAN_POINT('',(87.968265281477,-16.42157957492,
    22.764144864664));
#2006 = CARTESIAN_POINT('',(97.88704613567,-22.35640116357,
    22.852484087278));
#2007 = CARTESIAN_POINT('',(109.3411407198,-22.81994790086,
    22.940823309892));
#2008 = CARTESIAN_POINT('',(123.29666970682,-16.07388770082,
    23.058608940045));
#2009 = CARTESIAN_POINT('',(129.23980557537,-0.451959797298,
    23.176394570198));
#2010 = CARTESIAN_POINT('',(123.29706852809,13.864053875921,
    23.294180200352));
#2011 = CARTESIAN_POINT('',(114.43124127642,21.131090975108,
    23.382519422967));
#2012 = CARTESIAN_POINT('',(103.07579767013,23.289427201413,
    23.470858645583));
#2013 = CARTESIAN_POINT('',(92.088012458259,19.702542506702,
    23.559197868198));
#2014 = CARTESIAN_POINT('',(84.219757538322,11.364484413424,
    23.647537090813));
#2015 = CARTESIAN_POINT('',(80.149489381138,-3.589736766915,
    23.765322720966));
#2016 = CARTESIAN_POINT('',(88.033032646478,-18.33188529393,
    23.883108351118));
#2017 = CARTESIAN_POINT('',(102.7356944629,-23.23875159582,
    24.000893981271));
#2018 = CARTESIAN_POINT('',(114.03486533886,-21.33135891828,
    24.089233203885));
#2019 = CARTESIAN_POINT('',(123.1220253429,-14.15879840157,
    24.177572426499));
#2020 = CARTESIAN_POINT('',(127.61807582299,-3.557675528538,
    24.265911649114));
#2021 = CARTESIAN_POINT('',(126.51088104068,7.930228194461,
    24.354250871729));
#2022 = CARTESIAN_POINT('',(122.18512731897,14.285013157748,
    24.413143686807));
#2023 = CARTESIAN_POINT('',(119.3942003521,16.754216756862,
    24.442590094345));
#2024 = CARTESIAN_POINT('',(119.13619934232,16.462599663829,
    -25.24872813485));
#2025 = CARTESIAN_POINT('',(116.39374616739,18.888917274551,
    -25.21928172731));
#2026 = CARTESIAN_POINT('',(109.67821071993,22.346618611239,
    -25.16038891223));
#2027 = CARTESIAN_POINT('',(98.341649971257,22.050853123864,
    -25.07204968962));
#2028 = CARTESIAN_POINT('',(88.541059159999,16.396447462881,
    -24.983710467));
#2029 = CARTESIAN_POINT('',(82.633982135646,6.675062407308,
    -24.89537124439));
#2030 = CARTESIAN_POINT('',(82.126820810586,-4.573176585052,
    -24.80703202177));
#2031 = CARTESIAN_POINT('',(88.672996449924,-18.3247461835,
    -24.68924639162));
#2032 = CARTESIAN_POINT('',(103.99472470192,-24.24803130933,
    -24.57146076147));
#2033 = CARTESIAN_POINT('',(118.09181961872,-18.48763831191,
    -24.45367513131));
#2034 = CARTESIAN_POINT('',(125.28152131721,-9.815437724478,
    -24.3653359087));
#2035 = CARTESIAN_POINT('',(127.46395098563,1.330222246677,
    -24.27699668608));
#2036 = CARTESIAN_POINT('',(123.99917319175,12.146466030189,
    -24.18865746347));
#2037 = CARTESIAN_POINT('',(115.85012563862,19.922883145262,
    -24.10031824085));
#2038 = CARTESIAN_POINT('',(101.17641085117,24.00436994812,
    -23.9825326107));
#2039 = CARTESIAN_POINT('',(86.652388698343,16.337456982716,
    -23.86474698055));
#2040 = CARTESIAN_POINT('',(81.744271619473,1.919117385703,
    -23.74696135039));
#2041 = CARTESIAN_POINT('',(83.567973900526,-9.196287940187,
    -23.65862212778));
#2042 = CARTESIAN_POINT('',(90.543832308797,-18.1591577356,
    -23.57028290516));
#2043 = CARTESIAN_POINT('',(100.97822714324,-22.64456889473,
    -23.48194368255));
#2044 = CARTESIAN_POINT('',(112.19381677246,-21.60117929478,
    -23.39360445994));
#2045 = CARTESIAN_POINT('',(124.90463278458,-13.20988447253,
    -23.27581882978));
#2046 = CARTESIAN_POINT('',(128.65383738488,2.77980694322,
    -23.15803319963));
#2047 = CARTESIAN_POINT('',(120.99788709327,15.946626473321,
    -23.04024756948));
#2048 = CARTESIAN_POINT('',(111.41507761108,21.866746923805,
    -22.95190834686));
#2049 = CARTESIAN_POINT('',(100.07440856317,22.487074720627,
    -22.86356912425));
#2050 = CARTESIAN_POINT('',(89.841517040261,17.559244716573,
    -22.77522990163));
#2051 = CARTESIAN_POINT('',(83.266935976797,8.413046004996,
    -22.68689067902));
#2052 = CARTESIAN_POINT('',(81.254362732319,-6.684247057236,
    -22.56910504886));
#2053 = CARTESIAN_POINT('',(90.856485675986,-20.0081348729,
    -22.45131941871));
#2054 = CARTESIAN_POINT('',(105.81512952664,-22.87478507873,
    -22.33353378856));
#2055 = CARTESIAN_POINT('',(116.57143437747,-19.5311385071,
    -22.24519456594));
#2056 = CARTESIAN_POINT('',(124.4832685057,-11.38261351693,
    -22.15685534333));
#2057 = CARTESIAN_POINT('',(127.48229830708,-0.42809851177,
    -22.06851612071));
#2058 = CARTESIAN_POINT('',(124.89762053645,10.53536386666,
    -21.9801768981));
#2059 = CARTESIAN_POINT('',(114.82884827695,21.963335440595,
    -21.86239126794));
#2060 = CARTESIAN_POINT('',(98.474269723225,23.464838680454,
    -21.74460563779));
#2061 = CARTESIAN_POINT('',(86.492967290427,14.061270149208,
    -21.62682000764));
#2062 = CARTESIAN_POINT('',(81.955227344237,3.751712317737,
    -21.53848078502));
#2063 = CARTESIAN_POINT('',(82.909481266038,-7.565751099958,
    -21.45014156241));
#2064 = CARTESIAN_POINT('',(89.205337801983,-17.01867494588,
    -21.36180233979));
#2065 = CARTESIAN_POINT('',(99.173005144644,-22.26497595194,
    -21.27346311718));
#2066 = CARTESIAN_POINT('',(114.40355615696,-22.16997612559,
    -21.15567748703));
#2067 = CARTESIAN_POINT('',(126.27122613277,-10.81721606474,
    -21.03789185687));
#2068 = CARTESIAN_POINT('',(127.04127143817,4.394152688051,
    -20.92010622672));
#2069 = CARTESIAN_POINT('',(122.24197346799,14.584579837769,
    -20.83176700411));
#2070 = CARTESIAN_POINT('',(113.07742383784,21.293276345626,
    -20.74342778149));
#2071 = CARTESIAN_POINT('',(101.81338520656,22.748272040163,
    -20.65508855887));
#2072 = CARTESIAN_POINT('',(91.312812682671,18.67199393744,
    -20.56674933626));
#2073 = CARTESIAN_POINT('',(81.387381155473,7.119309482965,
    -20.44896370611));
#2074 = CARTESIAN_POINT('',(82.162443789322,-9.285751613165,
    -20.33117807595));
#2075 = CARTESIAN_POINT('',(93.132854183515,-19.85120498198,
    -20.2133924458));
#2076 = CARTESIAN_POINT('',(103.97096642554,-22.91932973979,
    -20.12505322319));
#2077 = CARTESIAN_POINT('',(115.04765431064,-20.40883890053,
    -20.03671400057));
#2078 = CARTESIAN_POINT('',(123.53888483876,-12.86598911571,
    -19.94837477796));
#2079 = CARTESIAN_POINT('',(127.3560494925,-2.268474288805,
    -19.86003555534));
#2080 = CARTESIAN_POINT('',(125.15530288208,12.80253839988,
    -19.74224992519));
#2081 = CARTESIAN_POINT('',(112.27015427165,22.985843214193,
    -19.62446429504));
#2082 = CARTESIAN_POINT('',(97.098488114493,21.64448005621,
    -19.50667866488));
#2083 = CARTESIAN_POINT('',(87.669842220222,15.481793701975,
    -19.41833944227));
#2084 = CARTESIAN_POINT('',(82.293253143377,5.477401233824,
    -19.33000021965));
#2085 = CARTESIAN_POINT('',(82.410262790614,-5.879618071456,
    -19.24166099704));
#2086 = CARTESIAN_POINT('',(87.899777742676,-15.71543486983,
    -19.15332177442));
#2087 = CARTESIAN_POINT('',(100.71428243443,-23.94751714656,
    -19.03553614427));
#2088 = CARTESIAN_POINT('',(116.85445070246,-20.91078865458,
    -18.91775051412));
#2089 = CARTESIAN_POINT('',(125.80094184921,-8.584434559934,
    -18.79996488396));
#2090 = CARTESIAN_POINT('',(127.34046895117,2.573877265902,
    -18.71162566135));
#2091 = CARTESIAN_POINT('',(123.32200355531,13.196848348431,
    -18.62328643873));
#2092 = CARTESIAN_POINT('',(114.6771663238,20.563147826376,
    -18.53494721612));
#2093 = CARTESIAN_POINT('',(103.65353352904,22.877793913039,
    -18.4466079935));
#2094 = CARTESIAN_POINT('',(89.031788423785,18.61360827183,
    -18.32882236335));
#2095 = CARTESIAN_POINT('',(80.728615401067,4.443778724197,
    -18.2110367332));
#2096 = CARTESIAN_POINT('',(84.155600291107,-10.39652058778,
    -18.09325110304));
#2097 = CARTESIAN_POINT('',(91.56320186554,-18.88212636549,
    -18.00491188043));
#2098 = CARTESIAN_POINT('',(102.21511000135,-22.823246996,
    -17.91657265782));
#2099 = CARTESIAN_POINT('',(113.44677954294,-21.13648143237,
    -17.8282334352));
#2100 = CARTESIAN_POINT('',(122.42875419014,-14.33926156413,
    -17.73989421259));
#2101 = CARTESIAN_POINT('',(128.80923142071,-0.509286169505,
    -17.62210858243));
#2102 = CARTESIAN_POINT('',(123.56921596767,15.055706272061,
    -17.50432295228));
#2103 = CARTESIAN_POINT('',(110.12388336671,22.211245410045,
    -17.38653732213));
#2104 = CARTESIAN_POINT('',(98.859882387962,22.19257856712,
    -17.29819809951));
#2105 = CARTESIAN_POINT('',(88.894847002397,16.743390689789,
    -17.2098588769));
#2106 = CARTESIAN_POINT('',(82.79509032556,7.16275672113,-17.12151965428
    ));
#2107 = CARTESIAN_POINT('',(82.027460193852,-4.07507271703,
    -17.03318043167));
#2108 = CARTESIAN_POINT('',(88.273108997673,-17.96645782165,
    -16.91539480151));
#2109 = CARTESIAN_POINT('',(103.45521481328,-24.22987658921,
    -16.79760917136));
#2110 = CARTESIAN_POINT('',(117.67885331719,-18.78315125963,
    -16.67982354121));
#2111 = CARTESIAN_POINT('',(125.05828937771,-10.2730402187,
    -16.59148431859));
#2112 = CARTESIAN_POINT('',(127.48817638361,0.821608396574,
    -16.50314509598));
#2113 = CARTESIAN_POINT('',(124.264081745,11.712007494829,
    -16.41480587336));
#2114 = CARTESIAN_POINT('',(116.28982856983,19.667468059659,
    -16.32646665075));
#2115 = CARTESIAN_POINT('',(101.71025369259,24.073680208996,
    -16.20868102059));
#2116 = CARTESIAN_POINT('',(87.019662738832,16.7311132816,
    -16.09089539044));
#2117 = CARTESIAN_POINT('',(81.792635646276,2.425278916578,
    -15.97310976029));
#2118 = CARTESIAN_POINT('',(83.36913757761,-8.727868987077,
    -15.88477053767));
#2119 = CARTESIAN_POINT('',(90.144291261929,-17.84339811663,
    -15.79643131506));
#2120 = CARTESIAN_POINT('',(100.47654124641,-22.55934860579,
    -15.70809209244));
#2121 = CARTESIAN_POINT('',(111.71252822879,-21.76520565145,
    -15.61975286983));
#2122 = CARTESIAN_POINT('',(124.60650155552,-13.65816174164,
    -15.50196723968));
#2123 = CARTESIAN_POINT('',(128.70975639665,2.244355397561,
    -15.38418160952));
#2124 = CARTESIAN_POINT('',(121.34799996132,15.577893986123,
    -15.26639597937));
#2125 = CARTESIAN_POINT('',(111.89898015039,21.709296037277,
    -15.17805675675));
#2126 = CARTESIAN_POINT('',(100.57487760761,22.581236607814,
    -15.08971753414));
#2127 = CARTESIAN_POINT('',(90.235108956212,17.881793769179,
    -15.00137831152));
#2128 = CARTESIAN_POINT('',(83.45910041817,8.883806505761,
    -14.91303908891));
#2129 = CARTESIAN_POINT('',(81.111859574586,-6.165086128847,
    -14.79525345876));
#2130 = CARTESIAN_POINT('',(90.415822466429,-19.69885966624,
    -14.6774678286));
#2131 = CARTESIAN_POINT('',(105.30713933257,-22.89688891843,
    -14.55968219845));
#2132 = CARTESIAN_POINT('',(116.13502300288,-19.79285900194,
    -14.47134297584));
#2133 = CARTESIAN_POINT('',(124.22580645743,-11.82198691354,
    -14.38300375322));
#2134 = CARTESIAN_POINT('',(127.46729004004,-0.936750905919,
    -14.29466453061));
#2135 = CARTESIAN_POINT('',(125.12664082048,10.081389941395,
    -14.20632530799));
#2136 = CARTESIAN_POINT('',(115.31405382867,21.730074229073,
    -14.08853967784));
#2137 = CARTESIAN_POINT('',(98.996839694086,23.59428305322,
    -13.97075404768));
#2138 = CARTESIAN_POINT('',(86.809728604529,14.45901992638,
    -13.85296841753));
#2139 = CARTESIAN_POINT('',(82.044232308625,4.252741880295,
    -13.76462919492));
#2140 = CARTESIAN_POINT('',(82.747000596871,-7.083116953118,
    -13.6762899723));
#2141 = CARTESIAN_POINT('',(88.831448264232,-16.67348062407,
    -13.58795074969));
#2142 = CARTESIAN_POINT('',(98.680189853796,-22.13977329847,
    -13.49961152707));
#2143 = CARTESIAN_POINT('',(113.90909622794,-22.38291883792,
    -13.38182589692));
#2144 = CARTESIAN_POINT('',(126.02587539401,-11.29642190269,
    -13.26404026677));
#2145 = CARTESIAN_POINT('',(127.13342701897,3.894102726288,
    -13.14625463661));
#2146 = CARTESIAN_POINT('',(122.56154183532,14.188563973374,
    -13.057915414));
#2147 = CARTESIAN_POINT('',(113.54818556259,21.099062324352,
    -12.96957619138));
#2148 = CARTESIAN_POINT('',(102.31922427868,22.803763835634,
    -12.88123696877));
#2149 = CARTESIAN_POINT('',(91.730745312205,18.961605630062,
    -12.79289774615));
#2150 = CARTESIAN_POINT('',(81.551287548462,7.632115405786,-12.675112116
    ));
#2151 = CARTESIAN_POINT('',(81.961962800357,-8.78610914779,
    -12.55732648585));
#2152 = CARTESIAN_POINT('',(92.695113827955,-19.5925043897,
    -12.4395408557));
#2153 = CARTESIAN_POINT('',(103.46244183542,-22.90048172938,
    -12.35120163308));
#2154 = CARTESIAN_POINT('',(114.59213331645,-20.63651479166,
    -12.26286241047));
#2155 = CARTESIAN_POINT('',(123.24872423919,-13.28403137757,
    -12.17452318785));
#2156 = CARTESIAN_POINT('',(127.30021554819,-2.773870357246,
    -12.08618396524));
#2157 = CARTESIAN_POINT('',(125.43459148731,12.342285105346,
    -11.96839833508));
#2158 = CARTESIAN_POINT('',(112.77869035055,22.809133631555,
    -11.85061270493));
#2159 = CARTESIAN_POINT('',(97.580984748671,21.804915754669,
    -11.73282707478));
#2160 = CARTESIAN_POINT('',(88.017849456493,15.853066471988,
    -11.64448785216));
#2161 = CARTESIAN_POINT('',(82.4204855148,5.970501235053,-11.55614862955
    ));
#2162 = CARTESIAN_POINT('',(82.285337721796,-5.386316709781,
    -11.46780940693));
#2163 = CARTESIAN_POINT('',(87.555142215773,-15.34157798689,
    -11.37947018432));
#2164 = CARTESIAN_POINT('',(100.18373446138,-23.85611655335,
    -11.26168455416));
#2165 = CARTESIAN_POINT('',(116.38734100569,-21.1784521585,
    -11.14389892401));
#2166 = CARTESIAN_POINT('',(125.6052753095,-9.053750253863,
    -11.02611329386));
#2167 = CARTESIAN_POINT('',(127.39214023405,2.067633663693,
    -10.93777407124));
#2168 = CARTESIAN_POINT('',(123.61049776495,12.777197566765,
    -10.84943484863));
#2169 = CARTESIAN_POINT('',(115.13132475129,20.333599075578,
    -10.76109562601));
#2170 = CARTESIAN_POINT('',(104.16179450316,22.892402044878,
    -10.6727564034));
#2171 = CARTESIAN_POINT('',(89.448987048922,18.953873649626,
    -10.55497077324));
#2172 = CARTESIAN_POINT('',(80.833286714348,4.971868807724,
    -10.43718514309));
#2173 = CARTESIAN_POINT('',(83.929968734633,-9.94085292813,
    -10.31939951294));
#2174 = CARTESIAN_POINT('',(91.147362141871,-18.5888179434,
    -10.23106029032));
#2175 = CARTESIAN_POINT('',(101.7091512126,-22.76544222425,
    -10.14272106771));
#2176 = CARTESIAN_POINT('',(112.97549925167,-21.32843818093,
    -10.0543818451));
#2177 = CARTESIAN_POINT('',(122.1061601805,-14.73229555791,
    -9.966042622485));
#2178 = CARTESIAN_POINT('',(128.79209373723,-1.047376793796,
    -9.848256992332));
#2179 = CARTESIAN_POINT('',(123.89891635031,14.630109188156,
    -9.730471362178));
#2180 = CARTESIAN_POINT('',(110.61575214606,22.082374469841,
    -9.612685732024));
#2181 = CARTESIAN_POINT('',(99.354112837133,22.313775800433,
    -9.524346509409));
#2182 = CARTESIAN_POINT('',(89.270560090418,17.087157126544,
    -9.436007286794));
#2183 = CARTESIAN_POINT('',(82.95961431977,7.644300448718,
    -9.347668064179));
#2184 = CARTESIAN_POINT('',(81.942690816581,-3.573717784862,
    -9.259328841564));
#2185 = CARTESIAN_POINT('',(87.878408201776,-17.60033420611,
    -9.141543211412));
#2186 = CARTESIAN_POINT('',(102.91772287298,-24.19925577517,
    -9.02375758126));
#2187 = CARTESIAN_POINT('',(117.25877451147,-19.06964107152,
    -8.905971951107));
#2188 = CARTESIAN_POINT('',(124.82531841094,-10.72545267973,
    -8.817632728492));
#2189 = CARTESIAN_POINT('',(127.50091046624,0.312517510101,
    -8.729293505877));
#2190 = CARTESIAN_POINT('',(124.51937994439,11.271808294879,
    -8.640954283262));
#2191 = CARTESIAN_POINT('',(116.72370523777,19.402338558573,
    -8.552615060647));
#2192 = CARTESIAN_POINT('',(102.24554256715,24.131134894746,
    -8.434829430493));
#2193 = CARTESIAN_POINT('',(87.395565415418,17.116512292859,
    -8.317043800339));
#2194 = CARTESIAN_POINT('',(81.852233536855,2.930244961742,
    -8.199258170186));
#2195 = CARTESIAN_POINT('',(83.180744322532,-8.255152911941,
    -8.110918947572));
#2196 = CARTESIAN_POINT('',(89.751861257834,-17.51884553317,
    -8.022579724957));
#2197 = CARTESIAN_POINT('',(99.976869546725,-22.46301222232,
    -7.934240502343));
#2198 = CARTESIAN_POINT('',(111.22771752259,-21.91850664452,
    -7.845901279729));
#2199 = CARTESIAN_POINT('',(124.29849140984,-14.09971011986,
    -7.728115649576));
#2200 = CARTESIAN_POINT('',(128.75377474474,1.707794492187,
    -7.610330019423));
#2201 = CARTESIAN_POINT('',(121.68984047031,15.201479743905,
    -7.492544389269));
#2202 = CARTESIAN_POINT('',(112.37926804818,21.541141223237,
    -7.404205166654));
#2203 = CARTESIAN_POINT('',(101.0773136897,22.664264741338,
    -7.315865944038));
#2204 = CARTESIAN_POINT('',(90.635764555329,18.195525497167,
    -7.227526721423));
#2205 = CARTESIAN_POINT('',(83.661668488831,9.350184884419,
    -7.139187498808));
#2206 = CARTESIAN_POINT('',(80.980917044162,-5.642889543385,
    -7.021401868655));
#2207 = CARTESIAN_POINT('',(89.982133842295,-19.37987785258,
    -6.903616238503));
#2208 = CARTESIAN_POINT('',(104.79878362661,-22.90770980358,
    -6.78583060835));
#2209 = CARTESIAN_POINT('',(115.69290892458,-20.04482655544,
    -6.697491385736));
#2210 = CARTESIAN_POINT('',(123.95865366593,-12.25553630351,
    -6.609152163121));
#2211 = CARTESIAN_POINT('',(127.44099326423,-1.444944752628,
    -6.520812940506));
#2212 = CARTESIAN_POINT('',(125.34552632923,9.62244359443,
    -6.432473717891));
#2213 = CARTESIAN_POINT('',(115.79396134271,21.486098824336,
    -6.314688087737));
#2214 = CARTESIAN_POINT('',(99.522154571294,23.712094342695,
    -6.196902457583));
#2215 = CARTESIAN_POINT('',(87.135241993152,14.849639497266,
    -6.07911682743));
#2216 = CARTESIAN_POINT('',(82.144338315903,4.751672029272,
    -5.990777604815));
#2217 = CARTESIAN_POINT('',(82.595274567943,-6.596994643719,
    -5.9024383822));
#2218 = CARTESIAN_POINT('',(88.465314271984,-16.32007093834,
    -5.814099159586));
#2219 = CARTESIAN_POINT('',(98.190275549617,-22.00366088209,
    -5.725759936972));
#2220 = CARTESIAN_POINT('',(113.4100307812,-22.58483193809,
    -5.60797430682));
#2221 = CARTESIAN_POINT('',(125.76994663671,-11.77006279127,
    -5.490188676667));
#2222 = CARTESIAN_POINT('',(127.21445865621,3.392130128332,
    -5.372403046513));
#2223 = CARTESIAN_POINT('',(122.87223979426,13.785551213575,
    -5.284063823898));
#2224 = CARTESIAN_POINT('',(114.01451966668,20.894445142975,
    -5.195724601283));
#2225 = CARTESIAN_POINT('',(102.82617061525,22.848012203877,
    -5.107385378667));
#2226 = CARTESIAN_POINT('',(92.155004390135,19.241867739749,
    -5.019046156052));
#2227 = CARTESIAN_POINT('',(81.72653796251,8.141156182659,
    -4.901260525898));
#2228 = CARTESIAN_POINT('',(81.772623405864,-8.282139095271,
    -4.783474895746));
#2229 = CARTESIAN_POINT('',(92.263224572378,-19.32414961287,
    -4.665689265593));
#2230 = CARTESIAN_POINT('',(102.95446100457,-22.87034899406,
    -4.577350042979));
#2231 = CARTESIAN_POINT('',(114.13167012766,-20.85402189342,
    -4.489010820365));
#2232 = CARTESIAN_POINT('',(122.94935451106,-13.69552897432,
    -4.40067159775));
#2233 = CARTESIAN_POINT('',(127.23317544832,-3.277902340696,
    -4.312332375135));
#2234 = CARTESIAN_POINT('',(125.7035935247,11.875944967647,
    -4.194546744982));
#2235 = CARTESIAN_POINT('',(113.2831781019,22.621177974862,
    -4.076761114828));
#2236 = CARTESIAN_POINT('',(98.066924180447,21.954600369685,
    -3.958975484674));
#2237 = CARTESIAN_POINT('',(88.374013270547,16.216521894043,
    -3.870636262059));
#2238 = CARTESIAN_POINT('',(82.558633469524,6.460655119184,
    -3.782297039444));
#2239 = CARTESIAN_POINT('',(82.171394852226,-4.890363557996,
    -3.693957816829));
#2240 = CARTESIAN_POINT('',(87.218891340368,-14.96016225034,
    -3.605618594215));
#2241 = CARTESIAN_POINT('',(99.655346360542,-23.75296019158,
    -3.487832964063));
#2242 = CARTESIAN_POINT('',(115.91440423548,-21.4356797462,
    -3.37004733391));
#2243 = CARTESIAN_POINT('',(125.39923807011,-9.5186064368,
    -3.252261703757));
#2244 = CARTESIAN_POINT('',(127.43256005017,1.560367712112,
    -3.163922481142));
#2245 = CARTESIAN_POINT('',(123.88960452453,12.35124557037,
    -3.075583258527));
#2246 = CARTESIAN_POINT('',(115.58027520885,20.094024466951,
    -2.987244035912));
#2247 = CARTESIAN_POINT('',(104.67025452041,22.895723064837,
    -2.898904813296));
#2248 = CARTESIAN_POINT('',(89.87363682098,19.284793241736,
    -2.781119183142));
#2249 = CARTESIAN_POINT('',(80.949655972304,5.497505038617,
    -2.663333552989));
#2250 = CARTESIAN_POINT('',(83.714508704176,-9.480288527734,
    -2.545547922837));
#2251 = CARTESIAN_POINT('',(90.738136455543,-18.28634999615,
    -2.457208700222));
#2252 = CARTESIAN_POINT('',(101.20460033711,-22.69641942452,
    -2.368869477608));
#2253 = CARTESIAN_POINT('',(112.50007374245,-21.5098848303,
    -2.280530254994));
#2254 = CARTESIAN_POINT('',(121.77492001212,-15.11807147334,
    -2.192191032379));
#2255 = CARTESIAN_POINT('',(128.76301501747,-1.58495331513,
    -2.074405402226));
#2256 = CARTESIAN_POINT('',(124.21908618248,14.197295580642,
    -1.956619772072));
#2257 = CARTESIAN_POINT('',(111.10463987943,21.942618114217,
    -1.838834141918));
#2258 = CARTESIAN_POINT('',(99.850909685047,22.423966021908,
    -1.750494919303));
#2259 = CARTESIAN_POINT('',(89.653816942294,17.422507819877,
    -1.662155696688));
#2260 = CARTESIAN_POINT('',(83.134779387271,8.12205440127,
    -1.573816474073));
#2261 = CARTESIAN_POINT('',(81.869088244528,-3.070571140135,
    -1.485477251458));
#2262 = CARTESIAN_POINT('',(87.491897104804,-17.22561401349,
    -1.367691621306));
#2263 = CARTESIAN_POINT('',(102.38111205917,-24.15656376654,
    -1.249905991154));
#2264 = CARTESIAN_POINT('',(116.83235478196,-19.34691351425,
    -1.132120361001));
#2265 = CARTESIAN_POINT('',(124.58253828372,-11.17220546134,
    -1.043781138386));
#2266 = CARTESIAN_POINT('',(127.50199599558,-0.197460200177,
    -0.955441915771));
#2267 = CARTESIAN_POINT('',(124.76548866177,10.827422041901,
    -0.867102693156));
#2268 = CARTESIAN_POINT('',(117.15043143674,19.125183311799,
    -0.778763470541));
#2269 = CARTESIAN_POINT('',(102.78459861801,24.182264742847,
    -0.660977840387));
#2270 = CARTESIAN_POINT('',(87.774859434804,17.482698215938,
    -0.543192210233));
#2271 = CARTESIAN_POINT('',(81.929227874796,3.446931454517,
    -0.42540658008));
#2272 = CARTESIAN_POINT('',(82.989977146687,-7.805763311839,
    -0.337067357465));
#2273 = CARTESIAN_POINT('',(89.390873802277,-17.13473461529,
    -0.248728134851));
#2274 = CARTESIAN_POINT('',(102.79141937703,-24.20075376426,
    -0.130942504699));
#2275 = CARTESIAN_POINT('',(122.7491215032,-18.5981360224,
    1.628953299158E-02));
#2276 = CARTESIAN_POINT('',(128.79817623002,1.228643258975,
    0.163521570683));
#2277 = CARTESIAN_POINT('',(122.01768720638,14.791124602274,
    0.281307200837));
#2278 = CARTESIAN_POINT('',(112.85881742503,21.377206662619,
    0.369646423452));
#2279 = CARTESIAN_POINT('',(101.57981234958,22.728217060347,
    0.457985646068));
#2280 = CARTESIAN_POINT('',(91.044140766291,18.504360115408,
    0.546324868683));
#2281 = CARTESIAN_POINT('',(83.874133538997,9.81001112651,0.634664091298
    ));
#2282 = CARTESIAN_POINT('',(80.86193198113,-5.116329893001,
    0.752449721451));
#2283 = CARTESIAN_POINT('',(89.555461747734,-19.05216614192,
    0.870235351603));
#2284 = CARTESIAN_POINT('',(104.29038879172,-22.90688085105,
    0.988020981756));
#2285 = CARTESIAN_POINT('',(115.24526776337,-20.28711872013,
    1.07636020437));
#2286 = CARTESIAN_POINT('',(123.68196430679,-12.68294071133,
    1.164699426985));
#2287 = CARTESIAN_POINT('',(127.40340934465,-1.952484866144,1.2530386496
    ));
#2288 = CARTESIAN_POINT('',(125.55417469272,9.158777377808,
    1.341377872215));
#2289 = CARTESIAN_POINT('',(116.2683297571,21.231507975447,
    1.459163502369));
#2290 = CARTESIAN_POINT('',(100.0499577531,23.818225600424,
    1.576949132523));
#2291 = CARTESIAN_POINT('',(87.469345978093,15.232931413961,
    1.694734762676));
#2292 = CARTESIAN_POINT('',(82.255496596792,5.248259574393,
    1.783073985291));
#2293 = CARTESIAN_POINT('',(82.454377661495,-6.107625243016,
    1.871413207906));
#2294 = CARTESIAN_POINT('',(88.107116454321,-15.95861933775,
    1.95975243052));
#2295 = CARTESIAN_POINT('',(97.70350364161,-21.85670615157,
    2.048091653134));
#2296 = CARTESIAN_POINT('',(112.90660587311,-22.77561560886,
    2.165877283286));
#2297 = CARTESIAN_POINT('',(125.50356597946,-12.23790541833,
    2.283662913439));
#2298 = CARTESIAN_POINT('',(127.28432642242,2.88848238889,2.401448543593
    ));
#2299 = CARTESIAN_POINT('',(123.17391419039,13.375740170865,
    2.489787766208));
#2300 = CARTESIAN_POINT('',(114.47619629276,20.679525679435,
    2.578126988823));
#2301 = CARTESIAN_POINT('',(103.3339743344,22.880995324173,
    2.666466211439));
#2302 = CARTESIAN_POINT('',(92.585380795264,19.512642126909,
    2.754805434054));
#2303 = CARTESIAN_POINT('',(81.91304601383,8.646180897525,2.872591064208
    ));
#2304 = CARTESIAN_POINT('',(81.594518933849,-7.774089866239,
    2.99037669436));
#2305 = CARTESIAN_POINT('',(91.837399299813,-19.04627292757,
    3.108162324513));
#2306 = CARTESIAN_POINT('',(102.44727432273,-22.82894638611,
    3.196501547127));
#2307 = CARTESIAN_POINT('',(113.66649171184,-21.0612529943,
    3.284840769741));
#2308 = CARTESIAN_POINT('',(122.6409232172,-14.10027907388,
    3.373179992356));
#2309 = CARTESIAN_POINT('',(127.15496223772,-3.780321796021,
    3.461519214971));
#2310 = CARTESIAN_POINT('',(125.96217640003,11.403747851302,
    3.579304845124));
#2311 = CARTESIAN_POINT('',(113.78336885782,22.422068889587,
    3.697090475278));
#2312 = CARTESIAN_POINT('',(98.556066884659,22.093460120009,
    3.814876105432));
#2313 = CARTESIAN_POINT('',(88.738158105099,16.571980816707,
    3.903215328047));
#2314 = CARTESIAN_POINT('',(82.707628912856,6.947621283765,
    3.991554550662));
#2315 = CARTESIAN_POINT('',(82.068490345597,-4.392003077298,
    4.079893773277));
#2316 = CARTESIAN_POINT('',(86.891190858532,-14.57137566418,
    4.168232995891));
#2317 = CARTESIAN_POINT('',(99.129378580252,-23.63809890876,
    4.286018626043));
#2318 = CARTESIAN_POINT('',(115.43587350835,-21.68234462614,
    4.403804256196));
#2319 = CARTESIAN_POINT('',(125.18293168856,-9.97877397709,
    4.521589886349));
#2320 = CARTESIAN_POINT('',(127.46170847747,1.052329451244,
    4.609929108964));
#2321 = CARTESIAN_POINT('',(124.15918625651,11.919202310449,
    4.698268331579));
#2322 = CARTESIAN_POINT('',(116.02379640845,19.844542099884,
    4.786607554194));
#2323 = CARTESIAN_POINT('',(105.17866294627,22.887755317508,
    4.87494677681));
#2324 = CARTESIAN_POINT('',(90.305528444841,19.606203975853,
    4.992732406964));
#2325 = CARTESIAN_POINT('',(81.077665777128,6.020428243861,
    5.110518037117));
#2326 = CARTESIAN_POINT('',(83.509326449062,-9.015054305175,
    5.228303667269));
#2327 = CARTESIAN_POINT('',(90.335726420791,-17.97487182152,
    5.316642889884));
#2328 = CARTESIAN_POINT('',(100.70170626362,-22.61621221584,
    5.404982112498));
#2329 = CARTESIAN_POINT('',(112.02073700111,-21.68073270148,
    5.493321335112));
#2330 = CARTESIAN_POINT('',(121.43519759672,-15.49639779836,
    5.581660557727));
#2331 = CARTESIAN_POINT('',(128.72200814493,-2.121753835243,
    5.69944618788));
#2332 = CARTESIAN_POINT('',(124.52957045237,13.757484743735,
    5.817231818034));
#2333 = CARTESIAN_POINT('',(111.59030215613,21.792037940004,
    5.935017448188));
#2334 = CARTESIAN_POINT('',(100.35003526404,22.523110231163,
    6.023356670803));
#2335 = CARTESIAN_POINT('',(90.0444146636,17.749247770038,6.111695893418
    ));
#2336 = CARTESIAN_POINT('',(83.320525484411,8.595838947964,
    6.200035116033));
#2337 = CARTESIAN_POINT('',(81.806641630908,-2.565980893727,
    6.288374338648));
#2338 = CARTESIAN_POINT('',(87.11387303819,-16.84225505386,6.4061599688)
  );
#2339 = CARTESIAN_POINT('',(101.84544030066,-24.10226040132,
    6.523945598952));
#2340 = CARTESIAN_POINT('',(116.40005720686,-19.61429473527,
    6.641731229105));
#2341 = CARTESIAN_POINT('',(124.32953748353,-11.61420667062,
    6.73007045172));
#2342 = CARTESIAN_POINT('',(127.49246268588,-0.705884942588,
    6.818409674335));
#2343 = CARTESIAN_POINT('',(125.00034900331,10.374952036231,
    6.90674889695));
#2344 = CARTESIAN_POINT('',(117.57326905148,18.843514481498,
    6.995088119565));
#2345 = CARTESIAN_POINT('',(103.31928665154,24.210328699279,
    7.112873749719));
#2346 = CARTESIAN_POINT('',(88.172571236517,17.861804162811,
    7.230659379873));
#2347 = CARTESIAN_POINT('',(82.004981466929,3.935586243366,
    7.348445010026));
#2348 = CARTESIAN_POINT('',(82.835668006709,-7.297758155026,
    7.436784232641));
#2349 = CARTESIAN_POINT('',(88.98909667358,-16.84400843457,
    7.525123455255));
#2350 = CARTESIAN_POINT('',(98.984556841114,-22.23718512343,
    7.613462677869));
#2351 = CARTESIAN_POINT('',(110.24848519237,-22.19263629658,
    7.701801900483));
#2352 = CARTESIAN_POINT('',(123.65344802171,-14.96175248823,
    7.819587530636));
#2353 = CARTESIAN_POINT('',(128.80602772536,0.632402636417,
    7.937373160789));
#2354 = CARTESIAN_POINT('',(122.34803494162,14.426351973389,
    8.055158790943));
#2355 = CARTESIAN_POINT('',(113.32805465969,21.173056518118,
    8.143498013558));
#2356 = CARTESIAN_POINT('',(102.0870955995,22.796761591455,
    8.231837236174));
#2357 = CARTESIAN_POINT('',(91.457473412652,18.795922814041,
    8.320176458789));
#2358 = CARTESIAN_POINT('',(84.097611072684,10.268878024844,
    8.408515681404));
#2359 = CARTESIAN_POINT('',(80.753966286096,-4.590420365285,
    8.526301311557));
#2360 = CARTESIAN_POINT('',(89.136531898692,-18.71342802671,
    8.644086941709));
#2361 = CARTESIAN_POINT('',(103.78197802852,-22.89548694116,
    8.761872571862));
#2362 = CARTESIAN_POINT('',(114.79244705568,-20.51901091512,
    8.850211794476));
#2363 = CARTESIAN_POINT('',(123.39580729442,-13.10431123405,
    8.938551017091));
#2364 = CARTESIAN_POINT('',(127.35459159285,-2.458955174417,
    9.026890239706));
#2365 = CARTESIAN_POINT('',(125.75246650444,8.690540854613,
    9.115229462321));
#2366 = CARTESIAN_POINT('',(116.73693877818,20.966491690407,
    9.233015092475));
#2367 = CARTESIAN_POINT('',(100.57998208408,23.912591152229,
    9.350800722629));
#2368 = CARTESIAN_POINT('',(87.811878961833,15.608721466024,
    9.468586352782));
#2369 = CARTESIAN_POINT('',(82.377650637935,5.742251528704,
    9.556925575397));
#2370 = CARTESIAN_POINT('',(82.324380242942,-5.615245599758,
    9.645264798012));
#2371 = CARTESIAN_POINT('',(87.757030898981,-15.5893062376,
    9.733604020626));
#2372 = CARTESIAN_POINT('',(97.220114290058,-21.69898047064,
    9.82194324324));
#2373 = CARTESIAN_POINT('',(112.39906946402,-22.95517668639,
    9.939728873392));
#2374 = CARTESIAN_POINT('',(125.22686481933,-12.69971872605,
    10.057514503545));
#2375 = CARTESIAN_POINT('',(127.34299583707,2.383407562006,
    10.175300133699));
#2376 = CARTESIAN_POINT('',(123.46641634828,12.959332957326,
    10.263639356314));
#2377 = CARTESIAN_POINT('',(114.93298786266,20.454409810755,
    10.351978578929));
#2378 = CARTESIAN_POINT('',(103.84238514021,22.902696969315,
    10.440317801545));
#2379 = CARTESIAN_POINT('',(93.021662387026,19.773795309164,
    10.52865702416));
#2380 = CARTESIAN_POINT('',(82.11071977293,9.146940629734,
    10.646442654314));
#2381 = CARTESIAN_POINT('',(81.427737172786,-7.262211890187,
    10.764228284466));
#2382 = CARTESIAN_POINT('',(91.417847905036,-18.75901129972,
    10.882013914619));
#2383 = CARTESIAN_POINT('',(101.94113178777,-22.77629431485,
    10.970353137233));
#2384 = CARTESIAN_POINT('',(113.196827361,-21.25810594689,
    11.058692359847));
#2385 = CARTESIAN_POINT('',(122.3235823869,-14.49808217065,
    11.147031582462));
#2386 = CARTESIAN_POINT('',(127.06561446862,-4.280881074648,
    11.235370805077));
#2387 = CARTESIAN_POINT('',(126.21021265476,10.92592650757,
    11.35315643523));
#2388 = CARTESIAN_POINT('',(114.27901606853,22.211904519009,
    11.470942065384));
#2389 = CARTESIAN_POINT('',(99.048171757181,22.221426560006,
    11.588727695538));
#2390 = CARTESIAN_POINT('',(89.110104468959,16.919268030215,
    11.677066918153));
#2391 = CARTESIAN_POINT('',(82.86739840318,7.431159697449,
    11.765406140768));
#2392 = CARTESIAN_POINT('',(81.9766749248,-3.891480915195,
    11.853745363383));
#2393 = CARTESIAN_POINT('',(86.572202297511,-14.17540986608,
    11.942084585997));
#2394 = CARTESIAN_POINT('',(98.606090376394,-23.5115893208,
    12.059870216149));
#2395 = CARTESIAN_POINT('',(114.95198469713,-21.91832521542,
    12.177655846302));
#2396 = CARTESIAN_POINT('',(124.9564627854,-10.43402605147,
    12.295441476455));
#2397 = CARTESIAN_POINT('',(127.47957114703,0.543769296211,
    12.38378069907));
#2398 = CARTESIAN_POINT('',(124.41911008352,11.4812807516,
    12.472119921685));
#2399 = CARTESIAN_POINT('',(116.4616697285,19.585274936836,12.5604591443
    ));
#2400 = CARTESIAN_POINT('',(105.68676918903,22.868502748723,
    12.648798366916));
#2401 = CARTESIAN_POINT('',(90.744449016443,19.91794738311,
    12.76658399707));
#2402 = CARTESIAN_POINT('',(81.217253069357,6.540380749376,
    12.884369627223));
#2403 = CARTESIAN_POINT('',(83.314523059419,-8.545379678741,
    13.002155257375));
#2404 = CARTESIAN_POINT('',(89.940330488028,-17.65453674288,
    13.09049447999));
#2405 = CARTESIAN_POINT('',(100.20071668468,-22.52486053639,
    13.178833702604));
#2406 = CARTESIAN_POINT('',(111.53772565518,-21.84089682342,
    13.267172925218));
#2407 = CARTESIAN_POINT('',(121.08715974783,-15.86708941017,
    13.355512147833));
#2408 = CARTESIAN_POINT('',(128.66909478211,-2.657510679509,
    13.473297777986));
#2409 = CARTESIAN_POINT('',(124.83021331507,13.310887509918,
    13.591083408139));
#2410 = CARTESIAN_POINT('',(112.07250301985,21.63071546061,
    13.708869038293));
#2411 = CARTESIAN_POINT('',(100.85123634008,22.611144245213,
    13.797208260909));
#2412 = CARTESIAN_POINT('',(90.442174706875,18.067245624629,
    13.885547483524));
#2413 = CARTESIAN_POINT('',(83.516734757548,9.065364695272,
    13.973886706139));
#2414 = CARTESIAN_POINT('',(81.755428882725,-2.060095659949,
    14.062225928754));
#2415 = CARTESIAN_POINT('',(86.744415518742,-16.45067318315,
    14.180011558906));
#2416 = CARTESIAN_POINT('',(101.31117820916,-24.03593365167,
    14.297797189058));
#2417 = CARTESIAN_POINT('',(115.96184197968,-19.87219012104,
    14.415582819211));
#2418 = CARTESIAN_POINT('',(124.06697189906,-12.05011012335,
    14.503922041826));
#2419 = CARTESIAN_POINT('',(127.4712849869,-1.214694526437,
    14.59226126444));
#2420 = CARTESIAN_POINT('',(125.22578278761,9.918737048376,
    14.680600487056));
#2421 = CARTESIAN_POINT('',(117.98853743739,18.550095356371,
    14.768939709671));
#2422 = CARTESIAN_POINT('',(103.85721260047,24.232028782522,
    14.886725339825));
#2423 = CARTESIAN_POINT('',(88.573291385859,18.221329658505,
    15.004510969979));
#2424 = CARTESIAN_POINT('',(82.0980562152,4.435465935458,15.122296600132
    ));
#2425 = CARTESIAN_POINT('',(82.679155038074,-6.813551384215,
    15.210635822747));
#2426 = CARTESIAN_POINT('',(88.619138068925,-16.49405655446,
    15.298975045361));
#2427 = CARTESIAN_POINT('',(98.492404957621,-22.1078057208,
    15.387314267975));
#2428 = CARTESIAN_POINT('',(109.75454624332,-22.31332983388,
    15.475653490589));
#2429 = CARTESIAN_POINT('',(123.31673272861,-15.38182156772,
    15.593439120742));
#2430 = CARTESIAN_POINT('',(128.8142366018,9.410175912851E-02,
    15.711224750895));
#2431 = CARTESIAN_POINT('',(122.66406447225,14.028020514548,
    15.829010381049));
#2432 = CARTESIAN_POINT('',(113.79608570549,20.973308060255,
    15.917349603664));
#2433 = CARTESIAN_POINT('',(102.59394369399,22.846164998818,
    16.00568882628));
#2434 = CARTESIAN_POINT('',(91.878121641041,19.082292460134,
    16.094028048895));
#2435 = CARTESIAN_POINT('',(84.330770704725,10.720739952117,
    16.18236727151));
#2436 = CARTESIAN_POINT('',(80.658069925111,-4.060666546901,
    16.300152901663));
#2437 = CARTESIAN_POINT('',(88.72503538622,-18.36628851532,
    16.417938531815));
#2438 = CARTESIAN_POINT('',(103.27402933164,-22.87244921837,
    16.535724161968));
#2439 = CARTESIAN_POINT('',(114.33454311316,-20.74099399033,
    16.624063384582));
#2440 = CARTESIAN_POINT('',(123.1003911479,-13.51911840362,
    16.712402607197));
#2441 = CARTESIAN_POINT('',(127.29452928567,-2.964271932011,
    16.800741829812));
#2442 = CARTESIAN_POINT('',(125.94032058538,8.21804380742,
    16.889081052427));
#2443 = CARTESIAN_POINT('',(117.19954389511,20.69111608159,
    17.006866682581));
#2444 = CARTESIAN_POINT('',(101.11197330422,23.995177845089,
    17.124652312735));
#2445 = CARTESIAN_POINT('',(88.162669019691,15.976809703598,
    17.242437942888));
#2446 = CARTESIAN_POINT('',(82.510741950344,6.233412611051,
    17.330777165503));
#2447 = CARTESIAN_POINT('',(82.20534547382,-5.120102780673,
    17.419116388118));
#2448 = CARTESIAN_POINT('',(87.415230639307,-15.21231142499,
    17.507455610732));
#2449 = CARTESIAN_POINT('',(96.740345538401,-21.53056265606,
    17.595794833346));
#2450 = CARTESIAN_POINT('',(111.88767190812,-23.12342578732,
    17.713580463498));
#2451 = CARTESIAN_POINT('',(124.93997945058,-13.15527553407,
    17.831366093651));
#2452 = CARTESIAN_POINT('',(127.39043802323,1.877154804675,
    17.949151723805));
#2453 = CARTESIAN_POINT('',(123.74960206686,12.536534713427,
    18.03749094642));
#2454 = CARTESIAN_POINT('',(115.38466923094,20.219208558425,
    18.125830169035));
#2455 = CARTESIAN_POINT('',(104.35115242469,22.913106411756,
    18.214169391651));
#2456 = CARTESIAN_POINT('',(93.463634120219,20.025198575631,
    18.302508614266));
#2457 = CARTESIAN_POINT('',(82.319461801637,9.643188537132,
    18.42029424442));
#2458 = CARTESIAN_POINT('',(81.272360332623,-6.746757471558,
    18.538079874572));
#2459 = CARTESIAN_POINT('',(91.004777189224,-18.46250632663,
    18.655865504725));
#2460 = CARTESIAN_POINT('',(101.43628288352,-22.7124187316,
    18.744204727339));
#2461 = CARTESIAN_POINT('',(112.72290857798,-21.4444837209,
    18.832543949953));
#2462 = CARTESIAN_POINT('',(121.9974884412,-14.88874218246,
    18.920883172568));
#2463 = CARTESIAN_POINT('',(126.96517618153,-4.779333445311,
    19.009222395182));
#2464 = CARTESIAN_POINT('',(126.447580029,10.442716460292,
    19.127008025336));
#2465 = CARTESIAN_POINT('',(114.76987542374,21.99078845549,
    19.24479365549));
#2466 = CARTESIAN_POINT('',(99.542996233835,22.338436613579,
    19.362579285644));
#2467 = CARTESIAN_POINT('',(89.489669025447,17.258212352648,
    19.450918508259));
#2468 = CARTESIAN_POINT('',(83.037863188277,7.911032018585,
    19.539257730874));
#2469 = CARTESIAN_POINT('',(81.895993846695,-3.389043784913,
    19.627596953489));
#2470 = CARTESIAN_POINT('',(86.262082890501,-13.77246003207,
    19.715936176103));
#2471 = CARTESIAN_POINT('',(98.085739683699,-23.37349378592,
    19.833721806255));
#2472 = CARTESIAN_POINT('',(114.46297631638,-22.14350519612,
    19.951507436408));
#2473 = CARTESIAN_POINT('',(124.71994298957,-10.88413826138,
    20.069293066561));
#2474 = CARTESIAN_POINT('',(127.48613925458,3.493792314813E-02,
    20.157632289176));
#2475 = CARTESIAN_POINT('',(124.66924788523,11.037696748611,
    20.245971511791));
#2476 = CARTESIAN_POINT('',(116.8936793378,19.316350777026,
    20.334310734406));
#2477 = CARTESIAN_POINT('',(106.19432279433,22.837974842152,
    20.422649957022));
#2478 = CARTESIAN_POINT('',(91.190182193313,20.219869815499,
    20.540435587176));
#2479 = CARTESIAN_POINT('',(81.36834903211,7.057106237605,
    20.658221217329));
#2480 = CARTESIAN_POINT('',(83.130194571624,-8.071496123512,
    20.776006847481));
#2481 = CARTESIAN_POINT('',(89.552143519874,-17.32550272639,
    20.864346070096));
#2482 = CARTESIAN_POINT('',(99.701878607118,-22.42240928007,
    20.95268529271));
#2483 = CARTESIAN_POINT('',(111.05127766758,-21.99029850211,
    21.041024515324));
#2484 = CARTESIAN_POINT('',(120.73097823054,-16.22996313766,
    21.129363737939));
#2485 = CARTESIAN_POINT('',(128.6043005273,-3.191960793768,
    21.247149368092));
#2486 = CARTESIAN_POINT('',(125.1208675149,12.857725997492,
    21.364934998245));
#2487 = CARTESIAN_POINT('',(112.55100364396,21.458727763246,
    21.482720628399));
#2488 = CARTESIAN_POINT('',(101.35426826876,22.688029776207,
    21.571059851015));
#2489 = CARTESIAN_POINT('',(90.84689635004,18.37633473719,21.65939907363
    ));
#2490 = CARTESIAN_POINT('',(83.723319259835,9.530418830514,
    21.747738296245));
#2491 = CARTESIAN_POINT('',(81.715459532351,-1.553198167316,
    21.83607751886));
#2492 = CARTESIAN_POINT('',(86.383742266555,-16.0509857767,
    21.953863149012));
#2493 = CARTESIAN_POINT('',(100.77852026134,-23.95776249233,
    22.071648779164));
#2494 = CARTESIAN_POINT('',(115.51800941059,-20.12029347093,
    22.189434409317));
#2495 = CARTESIAN_POINT('',(123.79479386655,-12.4800771061,
    22.277773631932));
#2496 = CARTESIAN_POINT('',(127.43881680198,-1.72290859787,
    22.366112854546));
#2497 = CARTESIAN_POINT('',(125.44103294385,9.457629881374,
    22.454452077162));
#2498 = CARTESIAN_POINT('',(118.3971894739,18.247529362654,
    22.542791299777));
#2499 = CARTESIAN_POINT('',(104.39548778476,24.241781710881,
    22.660576929931));
#2500 = CARTESIAN_POINT('',(88.981894207049,18.571869919049,
    22.778362560085));
#2501 = CARTESIAN_POINT('',(82.202205625481,4.93315681169,
    22.896148190238));
#2502 = CARTESIAN_POINT('',(82.533429837401,-6.325990718642,
    22.984487412853));
#2503 = CARTESIAN_POINT('',(88.257040269226,-16.13597504341,
    23.072826635467));
#2504 = CARTESIAN_POINT('',(98.003245476238,-21.96753740394,
    23.161165858081));
#2505 = CARTESIAN_POINT('',(109.25805165594,-22.42301893599,
    23.249505080695));
#2506 = CARTESIAN_POINT('',(122.97077013025,-15.79433263787,
    23.367290710848));
#2507 = CARTESIAN_POINT('',(128.81050204567,-0.44420869469,
    23.485076341001));
#2508 = CARTESIAN_POINT('',(122.97116204005,13.622722331093,
    23.602861971155));
#2509 = CARTESIAN_POINT('',(114.25959008425,20.763321271636,
    23.69120119377));
#2510 = CARTESIAN_POINT('',(103.10171874693,22.884104609236,
    23.779540416386));
#2511 = CARTESIAN_POINT('',(92.305108105778,19.35962817812,
    23.867879639001));
#2512 = CARTESIAN_POINT('',(84.573753011729,11.16664203436,
    23.956218861616));
#2513 = CARTESIAN_POINT('',(80.574300811626,-3.52739058698,
    24.074004491769));
#2514 = CARTESIAN_POINT('',(88.320683630251,-18.01304613091,
    24.191790121921));
#2515 = CARTESIAN_POINT('',(102.7675292412,-22.83453281195,
    24.309575752074));
#2516 = CARTESIAN_POINT('',(113.87011814812,-20.96033629003,
    24.397914974688));
#2517 = CARTESIAN_POINT('',(122.79914987525,-13.91255090835,
    24.486254197303));
#2518 = CARTESIAN_POINT('',(127.21701688673,-3.495913509581,
    24.574593419918));
#2519 = CARTESIAN_POINT('',(126.1289985681,7.792190980114,
    24.662932642533));
#2520 = CARTESIAN_POINT('',(121.87865251725,14.036282053106,
    24.72182545761));
#2521 = CARTESIAN_POINT('',(119.13619934232,16.462599663828,
    24.751271865148));
#2522 = CARTESIAN_POINT('',(119.1373376307,16.463886264799,
    -24.75222571988));
#2523 = CARTESIAN_POINT('',(116.39486550516,18.890220641599,
    -24.72277931234));
#2524 = CARTESIAN_POINT('',(109.67847442415,22.348484946425,
    -24.66388649726));
#2525 = CARTESIAN_POINT('',(98.341228554837,22.052518950484,
    -24.57554727465));
#2526 = CARTESIAN_POINT('',(88.539774081518,16.397758273137,
    -24.48720805203));
#2527 = CARTESIAN_POINT('',(82.632285759981,6.675569367902,
    -24.39886882942));
#2528 = CARTESIAN_POINT('',(82.125059778274,-4.57352621244,
    -24.3105296068));
#2529 = CARTESIAN_POINT('',(88.671761468398,-18.32618307481,
    -24.19274397665));
#2530 = CARTESIAN_POINT('',(103.99467669929,-24.24992210331,
    -24.0749583465));
#2531 = CARTESIAN_POINT('',(118.09287781983,-18.48908343192,
    -23.95717271634));
#2532 = CARTESIAN_POINT('',(125.28313885396,-9.816203282002,
    -23.86883349373));
#2533 = CARTESIAN_POINT('',(127.46574030258,1.330326277618,
    -23.78049427111));
#2534 = CARTESIAN_POINT('',(124.00069115693,12.147415648276,
    -23.6921550485));
#2535 = CARTESIAN_POINT('',(115.85100732085,19.924439974661,
    -23.60381582588));
#2536 = CARTESIAN_POINT('',(101.17614599068,24.006245808394,
    -23.48603019573));
#2537 = CARTESIAN_POINT('',(86.650989323773,16.338733766375,
    -23.36824456558));
#2538 = CARTESIAN_POINT('',(81.742488745043,1.9192678348,-23.25045893542
    ));
#2539 = CARTESIAN_POINT('',(83.566333529627,-9.197005879932,
    -23.16211971281));
#2540 = CARTESIAN_POINT('',(90.542736890396,-18.1605758597,
    -23.07378049019));
#2541 = CARTESIAN_POINT('',(100.97794689266,-22.64633743746,
    -22.98544126758));
#2542 = CARTESIAN_POINT('',(112.19441270464,-21.60286632147,
    -22.89710204497));
#2543 = CARTESIAN_POINT('',(124.90622171732,-13.21091595458,
    -22.77931641481));
#2544 = CARTESIAN_POINT('',(128.65571921216,2.780024613862,
    -22.66153078466));
#2545 = CARTESIAN_POINT('',(120.99917082121,15.947872765047,
    -22.54374515451));
#2546 = CARTESIAN_POINT('',(111.41561270772,21.868455709184,
    -22.45540593189));
#2547 = CARTESIAN_POINT('',(100.0740577012,22.488831967216,
    -22.36706670927));
#2548 = CARTESIAN_POINT('',(89.840366761402,17.560616989986,
    -22.27872748666));
#2549 = CARTESIAN_POINT('',(83.265272076776,8.413703756511,
    -22.19038826404));
#2550 = CARTESIAN_POINT('',(81.252541605462,-6.684768740556,
    -22.07260263389));
#2551 = CARTESIAN_POINT('',(90.855414688836,-20.00969744866,
    -21.95481700374));
#2552 = CARTESIAN_POINT('',(105.81522714275,-22.87657160371,
    -21.83703137359));
#2553 = CARTESIAN_POINT('',(116.57237230058,-19.53266381881,
    -21.74869215097));
#2554 = CARTESIAN_POINT('',(124.48482451929,-11.38350224734,
    -21.66035292836));
#2555 = CARTESIAN_POINT('',(127.48408861169,-0.428131450554,
    -21.57201370574));
#2556 = CARTESIAN_POINT('',(124.89920892016,10.53618741849,
    -21.48367448313));
#2557 = CARTESIAN_POINT('',(114.82965006528,21.965051771553,
    -21.36588885297));
#2558 = CARTESIAN_POINT('',(98.473793854678,23.466672312259,
    -21.24810322282));
#2559 = CARTESIAN_POINT('',(86.491555415289,14.062369152855,
    -21.13031759267));
#2560 = CARTESIAN_POINT('',(81.953460970534,3.752005915281,
    -21.04197837005));
#2561 = CARTESIAN_POINT('',(82.907789440823,-7.566341648393,
    -20.95363914744));
#2562 = CARTESIAN_POINT('',(89.204137823396,-17.02000397822,
    -20.86529992482));
#2563 = CARTESIAN_POINT('',(99.172583862899,-22.26671483725,
    -20.77696070221));
#2564 = CARTESIAN_POINT('',(114.4043247205,-22.17170758929,
    -20.65917507206));
#2565 = CARTESIAN_POINT('',(126.27292182567,-10.81806062501,
    -20.5413894419));
#2566 = CARTESIAN_POINT('',(127.04302728876,4.394496474498,
    -20.42360381175));
#2567 = CARTESIAN_POINT('',(122.24335438651,14.585719723558,
    -20.33526458913));
#2568 = CARTESIAN_POINT('',(113.0780888009,21.294940330043,
    -20.24692536652));
#2569 = CARTESIAN_POINT('',(101.81317019731,22.750049692153,
    -20.1585861439));
#2570 = CARTESIAN_POINT('',(91.311777344815,18.673453141315,
    -20.07024692129));
#2571 = CARTESIAN_POINT('',(81.385570420334,7.119866164858,
    -19.95246129113));
#2572 = CARTESIAN_POINT('',(82.16069360384,-9.286476531952,
    -19.83467566098));
#2573 = CARTESIAN_POINT('',(93.13196103144,-19.85275529802,
    -19.71689003083));
#2574 = CARTESIAN_POINT('',(103.97091997144,-22.92111974471,
    -19.62855080822));
#2575 = CARTESIAN_POINT('',(115.04847319259,-20.41043278019,
    -19.5402115856));
#2576 = CARTESIAN_POINT('',(123.54036707495,-12.86699373079,
    -19.45187236299));
#2577 = CARTESIAN_POINT('',(127.35782993427,-2.268651001929,
    -19.36353314037));
#2578 = CARTESIAN_POINT('',(125.15691139652,12.80353906854,
    -19.24574751022));
#2579 = CARTESIAN_POINT('',(112.27075616897,22.987639425783,
    -19.12796188006));
#2580 = CARTESIAN_POINT('',(97.09790476676,21.646171477459,
    -19.01017624991));
#2581 = CARTESIAN_POINT('',(87.668522285228,15.483003680152,
    -18.9218370273));
#2582 = CARTESIAN_POINT('',(82.291513177019,5.477829646111,
    -18.83349780468));
#2583 = CARTESIAN_POINT('',(82.408531965314,-5.880076895344,
    -18.74515858207));
#2584 = CARTESIAN_POINT('',(87.89847577077,-15.7166620901,
    -18.65681935945));
#2585 = CARTESIAN_POINT('',(100.71398156077,-23.94938747581,
    -18.5390337293));
#2586 = CARTESIAN_POINT('',(116.85541073545,-20.9124217477,
    -18.42124809915));
#2587 = CARTESIAN_POINT('',(125.80260080244,-8.585104690237,
    -18.30346246899));
#2588 = CARTESIAN_POINT('',(127.34224817576,2.574078848293,
    -18.21512324638));
#2589 = CARTESIAN_POINT('',(123.32346884823,13.197879821481,
    -18.12678402376));
#2590 = CARTESIAN_POINT('',(114.67795626238,20.564754771492,
    -18.03844480115));
#2591 = CARTESIAN_POINT('',(103.65346227636,22.879581683572,
    -17.95010557853));
#2592 = CARTESIAN_POINT('',(89.030574887126,18.615062914484,
    -17.83231994838));
#2593 = CARTESIAN_POINT('',(80.726753201649,4.444126387543,
    -17.71453431823));
#2594 = CARTESIAN_POINT('',(84.154005815543,-10.39733228237,
    -17.59674868807));
#2595 = CARTESIAN_POINT('',(91.562186088656,-18.8836009749,
    -17.50840946546));
#2596 = CARTESIAN_POINT('',(102.21492637576,-22.82502949471,
    -17.42007024284));
#2597 = CARTESIAN_POINT('',(113.44747336091,-21.13813215712,
    -17.33173102023));
#2598 = CARTESIAN_POINT('',(122.4301497004,-14.3403812746,
    -17.24339179762));
#2599 = CARTESIAN_POINT('',(128.81112538836,-0.509325450853,
    -17.12560616746));
#2600 = CARTESIAN_POINT('',(123.57070057339,15.056882963319,
    -17.00782053731));
#2601 = CARTESIAN_POINT('',(110.12431759247,22.212981108293,
    -16.89003490715));
#2602 = CARTESIAN_POINT('',(98.859436644354,22.194312807071,
    -16.80169568454));
#2603 = CARTESIAN_POINT('',(88.893622767563,16.744699226792,
    -16.71335646192));
#2604 = CARTESIAN_POINT('',(82.793389563863,7.16331679722,
    -16.62501723931));
#2605 = CARTESIAN_POINT('',(82.025699463145,-4.075390565731,
    -16.53667801669));
#2606 = CARTESIAN_POINT('',(88.271836191252,-17.96786089695,
    -16.41889238654));
#2607 = CARTESIAN_POINT('',(103.45512806749,-24.23176897702,
    -16.30110675639));
#2608 = CARTESIAN_POINT('',(117.67987775439,-18.78461813688,
    -16.18332112624));
#2609 = CARTESIAN_POINT('',(125.05989031324,-10.27384226672,
    -16.09498190362));
#2610 = CARTESIAN_POINT('',(127.48996714744,0.821673087737,
    -16.00664268101));
#2611 = CARTESIAN_POINT('',(124.26562063521,11.712922968735,
    -15.91830345839));
#2612 = CARTESIAN_POINT('',(116.29074449325,19.669005032236,
    -15.82996423578));
#2613 = CARTESIAN_POINT('',(101.71003062647,24.075561404886,
    -15.71217860562));
#2614 = CARTESIAN_POINT('',(87.01829201034,16.732420859464,
    -15.59439297547));
#2615 = CARTESIAN_POINT('',(81.790856570541,2.425468890127,
    -15.47660734532));
#2616 = CARTESIAN_POINT('',(83.367481661789,-8.728550322803,
    -15.3882681227));
#2617 = CARTESIAN_POINT('',(90.143164636524,-17.84479157822,
    -15.29992890009));
#2618 = CARTESIAN_POINT('',(100.47622179987,-22.56111048816,
    -15.21158967747));
#2619 = CARTESIAN_POINT('',(111.71308656311,-21.76690549357,
    -15.12325045486));
#2620 = CARTESIAN_POINT('',(124.60806719635,-13.65922824305,
    -15.00546482471));
#2621 = CARTESIAN_POINT('',(128.71164259308,2.244531236955,
    -14.88767919455));
#2622 = CARTESIAN_POINT('',(121.3493110406,15.579111471873,
    -14.7698935644));
#2623 = CARTESIAN_POINT('',(111.89955305075,21.710992522099,
    -14.68155434178));
#2624 = CARTESIAN_POINT('',(100.57456584333,22.583001210616,
    -14.59321511917));
#2625 = CARTESIAN_POINT('',(90.23398942569,17.88319124082,
    -14.50487589655));
#2626 = CARTESIAN_POINT('',(83.457451530452,8.884501034174,
    -14.41653667394));
#2627 = CARTESIAN_POINT('',(81.110027315075,-6.165567254149,
    -14.29875104379));
#2628 = CARTESIAN_POINT('',(90.414717053657,-19.7003980807,
    -14.18096541363));
#2629 = CARTESIAN_POINT('',(105.30719726333,-22.89867717022,
    -14.06317978348));
#2630 = CARTESIAN_POINT('',(116.13592683254,-19.79440475985,
    -13.97484056087));
#2631 = CARTESIAN_POINT('',(124.22734235749,-11.8229099688,
    -13.88650133825));
#2632 = CARTESIAN_POINT('',(127.46907917217,-0.936823581784,
    -13.79816211564));
#2633 = CARTESIAN_POINT('',(125.12824709578,10.082178027749,
    -13.70982289302));
#2634 = CARTESIAN_POINT('',(115.31489352236,21.731772337135,
    -13.59203726287));
#2635 = CARTESIAN_POINT('',(98.996404649895,23.596126797514,
    -13.47425163271));
#2636 = CARTESIAN_POINT('',(86.808341475505,14.460150003144,
    -13.35646600256));
#2637 = CARTESIAN_POINT('',(82.042472888193,4.253074619408,
    -13.26812677995));
#2638 = CARTESIAN_POINT('',(82.745296078297,-7.083669797076,
    -13.17978755733));
#2639 = CARTESIAN_POINT('',(88.830219076544,-16.67478268905,
    -13.09144833472));
#2640 = CARTESIAN_POINT('',(98.679730072199,-22.14150240266,
    -13.0031091121));
#2641 = CARTESIAN_POINT('',(113.90982616314,-22.38466693719,
    -12.88532348195));
#2642 = CARTESIAN_POINT('',(126.02755191955,-11.29730389962,
    -12.7675378518));
#2643 = CARTESIAN_POINT('',(127.13519006897,3.894407447695,
    -12.64975222164));
#2644 = CARTESIAN_POINT('',(122.56294771925,14.189672921504,
    -12.56141299903));
#2645 = CARTESIAN_POINT('',(113.54888730263,21.100711136328,
    -12.47307377641));
#2646 = CARTESIAN_POINT('',(102.31904878673,22.805545822768,
    -12.3847345538));
#2647 = CARTESIAN_POINT('',(91.729742624197,18.96308745906,
    -12.29639533118));
#2648 = CARTESIAN_POINT('',(81.549489618063,7.632712149245,
    -12.17860970103));
#2649 = CARTESIAN_POINT('',(81.960196952844,-8.786795033371,
    -12.06082407088));
#2650 = CARTESIAN_POINT('',(92.694186478609,-19.59403449546,
    -11.94303844072));
#2651 = CARTESIAN_POINT('',(103.46235565422,-22.90227026185,
    -11.85469921811));
#2652 = CARTESIAN_POINT('',(114.59291661206,-20.63812645788,
    -11.7663599955));
#2653 = CARTESIAN_POINT('',(123.25018380737,-13.28506865107,
    -11.67802077288));
#2654 = CARTESIAN_POINT('',(127.30199162809,-2.77408655306,
    -11.58968155027));
#2655 = CARTESIAN_POINT('',(125.43622182042,12.343249817972,
    -11.47189592011));
#2656 = CARTESIAN_POINT('',(112.77933197587,22.810916038192,
    -11.35411028996));
#2657 = CARTESIAN_POINT('',(97.580439094671,21.80661970952,
    -11.2363246598));
#2658 = CARTESIAN_POINT('',(88.016556708616,15.854305454839,
    -11.14798543719));
#2659 = CARTESIAN_POINT('',(82.418755488125,5.970968169433,
    -11.05964621457));
#2660 = CARTESIAN_POINT('',(82.283597137067,-5.386736995844,
    -10.97130699196));
#2661 = CARTESIAN_POINT('',(87.553813320155,-15.3427760006,
    -10.88296776935));
#2662 = CARTESIAN_POINT('',(100.18339214011,-23.85797974218,
    -10.76518213919));
#2663 = CARTESIAN_POINT('',(116.38826454701,-21.1801061621,
    -10.64739650904));
#2664 = CARTESIAN_POINT('',(125.60691897681,-9.054457048176,
    -10.52961087889));
#2665 = CARTESIAN_POINT('',(127.39392349531,2.067795697184,
    -10.44127165627));
#2666 = CARTESIAN_POINT('',(123.6119855957,12.778196255741,
    -10.35293243366));
#2667 = CARTESIAN_POINT('',(115.13215016976,20.335188087825,
    -10.26459321104));
#2668 = CARTESIAN_POINT('',(104.16176295698,22.894190956631,
    -10.17625398843));
#2669 = CARTESIAN_POINT('',(89.447806104768,18.955354874586,
    -10.05846835827));
#2670 = CARTESIAN_POINT('',(80.831432692093,4.972257726668,
    -9.940682728124));
#2671 = CARTESIAN_POINT('',(83.928356632219,-9.941629024921,
    -9.822897097971));
#2672 = CARTESIAN_POINT('',(91.146313878644,-18.59026963888,
    -9.734557875357));
#2673 = CARTESIAN_POINT('',(101.70892806035,-22.76722020712,
    -9.646218652743));
#2674 = CARTESIAN_POINT('',(112.97615625216,-21.33010390177,
    -9.557879430129));
#2675 = CARTESIAN_POINT('',(122.10753048898,-14.7334459731,
    -9.469540207514));
#2676 = CARTESIAN_POINT('',(128.79398636605,-1.047458112006,
    -9.351754577361));
#2677 = CARTESIAN_POINT('',(123.90042671298,14.631252630802,
    -9.233968947207));
#2678 = CARTESIAN_POINT('',(110.61622479773,22.084100100398,
    -9.116183317053));
#2679 = CARTESIAN_POINT('',(99.353705703932,22.315519508588,
    -9.027844094438));
#2680 = CARTESIAN_POINT('',(89.269365207145,17.088492519363,
    -8.939504871823));
#2681 = CARTESIAN_POINT('',(82.957926411062,7.644898144099,
    -8.851165649208));
#2682 = CARTESIAN_POINT('',(81.940923463496,-3.573996466576,
    -8.762826426593));
#2683 = CARTESIAN_POINT('',(87.877104560432,-17.60170867899,
    -8.645040796441));
#2684 = CARTESIAN_POINT('',(102.9175941371,-24.20114577081,
    -8.527255166288));
#2685 = CARTESIAN_POINT('',(117.25976613116,-19.07113033,-8.409469536136
    ));
#2686 = CARTESIAN_POINT('',(124.82690114624,-10.72629007124,
    -8.321130313521));
#2687 = CARTESIAN_POINT('',(127.50270222488,0.312542429926,
    -8.232791090906));
#2688 = CARTESIAN_POINT('',(124.52093877908,11.272689379422,
    -8.144451868291));
#2689 = CARTESIAN_POINT('',(116.72465505663,19.40385481863,
    -8.056112645676));
#2690 = CARTESIAN_POINT('',(102.24536131902,24.133020579125,
    -7.938327015522));
#2691 = CARTESIAN_POINT('',(87.394224053297,17.117849978971,
    -7.820541385368));
#2692 = CARTESIAN_POINT('',(81.850459117043,2.930474384389,
    -7.702755755215));
#2693 = CARTESIAN_POINT('',(83.179073689003,-8.255797318014,
    -7.6144165326));
#2694 = CARTESIAN_POINT('',(89.750703974902,-17.52021363997,
    -7.526077309986));
#2695 = CARTESIAN_POINT('',(99.976511064695,-22.46476657867,
    -7.437738087372));
#2696 = CARTESIAN_POINT('',(111.22823798238,-21.92021846286,
    -7.349398864758));
#2697 = CARTESIAN_POINT('',(124.30003298822,-14.10081111603,
    -7.231613234605));
#2698 = CARTESIAN_POINT('',(128.75566437998,1.707928414223,
    -7.113827604452));
#2699 = CARTESIAN_POINT('',(121.69117825495,15.202667823318,
    -6.996041974298));
#2700 = CARTESIAN_POINT('',(112.37987846973,21.542824571422,
    -6.907702751682));
#2701 = CARTESIAN_POINT('',(101.07704117687,22.666035830486,
    -6.819363529067));
#2702 = CARTESIAN_POINT('',(90.634676324934,18.196947478243,
    -6.731024306452));
#2703 = CARTESIAN_POINT('',(83.660035426192,9.350915847373,
    -6.642685083837));
#2704 = CARTESIAN_POINT('',(80.979074555123,-5.643329873503,
    -6.524899453684));
#2705 = CARTESIAN_POINT('',(89.980994548783,-19.38139134747,
    -6.407113823531));
#2706 = CARTESIAN_POINT('',(104.79880184347,-22.90949890072,
    -6.289328193379));
#2707 = CARTESIAN_POINT('',(115.69377821528,-20.04639199763,
    -6.200988970765));
#2708 = CARTESIAN_POINT('',(123.96016869541,-12.25649322863,
    -6.11264974815));
#2709 = CARTESIAN_POINT('',(127.442780342,-1.445057129751,
    -6.024310525535));
#2710 = CARTESIAN_POINT('',(125.34714970436,9.623195826852,
    -5.93597130292));
#2711 = CARTESIAN_POINT('',(115.79483852786,21.487777872484,
    -5.818185672766));
#2712 = CARTESIAN_POINT('',(99.521760565895,23.713947290674,
    -5.700400042612));
#2713 = CARTESIAN_POINT('',(87.133880293974,14.85080009012,
    -5.582614412459));
#2714 = CARTESIAN_POINT('',(82.14258671598,4.752043745942,
    -5.494275189844));
#2715 = CARTESIAN_POINT('',(82.593558196186,-6.597509510697,
    -5.405935967229));
#2716 = CARTESIAN_POINT('',(88.464056481076,-16.32134539414,
    -5.317596744615));
#2717 = CARTESIAN_POINT('',(98.189777494802,-22.00537935287,
    -5.229257522001));
#2718 = CARTESIAN_POINT('',(113.41072172827,-22.58659581127,
    -5.111471891848));
#2719 = CARTESIAN_POINT('',(125.77160316851,-11.77098179009,
    -4.993686261696));
#2720 = CARTESIAN_POINT('',(127.21622803658,3.392395634498,
    -4.875900631542));
#2721 = CARTESIAN_POINT('',(122.87366995062,13.786628677432,
    -4.787561408927));
#2722 = CARTESIAN_POINT('',(114.0152578378,20.896077969791,
    -4.699222186311));
#2723 = CARTESIAN_POINT('',(102.8260347271,22.849797647795,
    -4.610882963696));
#2724 = CARTESIAN_POINT('',(92.154034846211,19.24337146346,
    -4.522543741081));
#2725 = CARTESIAN_POINT('',(81.724753723074,8.14179269354,
    -4.404758110927));
#2726 = CARTESIAN_POINT('',(81.770842766726,-8.282785609566,
    -4.286972480775));
#2727 = CARTESIAN_POINT('',(92.262263482861,-19.32565875414,
    -4.169186850622));
#2728 = CARTESIAN_POINT('',(102.95433513875,-22.87213517249,
    -4.080847628008));
#2729 = CARTESIAN_POINT('',(114.13241745084,-20.85565055179,
    -3.992508405394));
#2730 = CARTESIAN_POINT('',(122.95079069179,-13.69659839495,
    -3.904169182779));
#2731 = CARTESIAN_POINT('',(127.23494629089,-3.278157912635,
    -3.815829960164));
#2732 = CARTESIAN_POINT('',(125.70524487285,11.876873248722,
    -3.698044330011));
#2733 = CARTESIAN_POINT('',(113.28385913895,22.622945697973,
    -3.580258699857));
#2734 = CARTESIAN_POINT('',(98.066416489141,21.956316018239,
    -3.462473069703));
#2735 = CARTESIAN_POINT('',(88.372748346999,16.217789270858,
    -3.374133847088));
#2736 = CARTESIAN_POINT('',(82.55691423528,6.4611603455,-3.285794624473)
  );
#2737 = CARTESIAN_POINT('',(82.169645366021,-4.890745099072,
    -3.197455401858));
#2738 = CARTESIAN_POINT('',(87.217536176068,-14.96133046699,
    -3.109116179244));
#2739 = CARTESIAN_POINT('',(99.65496276039,-23.7548153216,
    -2.991330549092));
#2740 = CARTESIAN_POINT('',(115.9152908299,-21.43735384501,
    -2.873544918939));
#2741 = CARTESIAN_POINT('',(125.40086564132,-9.519349546735,
    -2.755759288786));
#2742 = CARTESIAN_POINT('',(127.43434646911,1.560490116833,
    -2.667420066171));
#2743 = CARTESIAN_POINT('',(123.89111415974,12.352210983009,
    -2.579080843556));
#2744 = CARTESIAN_POINT('',(115.58113570035,20.095594763084,
    -2.49074162094));
#2745 = CARTESIAN_POINT('',(104.67026269629,22.897512236036,
    -2.402402398325));
#2746 = CARTESIAN_POINT('',(89.872489051433,19.286300318886,
    -2.284616768171));
#2747 = CARTESIAN_POINT('',(80.947811041079,5.497935021459,
    -2.166831138018));
#2748 = CARTESIAN_POINT('',(83.712879769534,-9.481028644187,
    -2.049045507865));
#2749 = CARTESIAN_POINT('',(90.737056222673,-18.28777806215,
    -1.960706285251));
#2750 = CARTESIAN_POINT('',(101.2043377682,-22.69819201517,
    -1.872367062637));
#2751 = CARTESIAN_POINT('',(112.50069360162,-21.51156472618,
    -1.784027840023));
#2752 = CARTESIAN_POINT('',(121.77626444336,-15.11925202622,
    -1.695688617408));
#2753 = CARTESIAN_POINT('',(128.76490537458,-1.585076630041,
    -1.577902987255));
#2754 = CARTESIAN_POINT('',(124.22062155754,14.198405210905,
    -1.460117357101));
#2755 = CARTESIAN_POINT('',(111.10515072413,21.94433282669,
    -1.342331726947));
#2756 = CARTESIAN_POINT('',(99.850541362745,22.425718338374,
    -1.253992504332));
#2757 = CARTESIAN_POINT('',(89.652651999919,17.423869411054,
    -1.165653281717));
#2758 = CARTESIAN_POINT('',(83.133105162856,8.122689419877,
    -1.077314059102));
#2759 = CARTESIAN_POINT('',(81.867315141444,-3.07081051489,
    -0.988974836487));
#2760 = CARTESIAN_POINT('',(87.490563268334,-17.22695921238,
    -0.871189206335));
#2761 = CARTESIAN_POINT('',(102.38094140204,-24.15845042699,
    -0.753403576182));
#2762 = CARTESIAN_POINT('',(116.83331308877,-19.34842443389,
    -0.63561794603));
#2763 = CARTESIAN_POINT('',(124.58410205248,-11.1730777542,
    -0.547278723415));
#2764 = CARTESIAN_POINT('',(127.50378783902,-0.197475120971,
    -0.4589395008));
#2765 = CARTESIAN_POINT('',(124.76706672304,10.82826840998,
    -0.370600278185));
#2766 = CARTESIAN_POINT('',(117.15141459242,19.126677919858,
    -0.28226105557));
#2767 = CARTESIAN_POINT('',(102.78445948216,24.184154421607,
    -0.164475425416));
#2768 = CARTESIAN_POINT('',(87.773547703995,17.484064509327,
    -4.668979526188E-02));
#2769 = CARTESIAN_POINT('',(81.927459469955,3.447201241887,
    7.109583489118E-02));
#2770 = CARTESIAN_POINT('',(82.988291609993,-7.806372610574,
    0.159435057506));
#2771 = CARTESIAN_POINT('',(89.389688318186,-17.13607271448,
    0.24777428012));
#2772 = CARTESIAN_POINT('',(102.79128077403,-24.20264387693,
    0.365559910272));
#2773 = CARTESIAN_POINT('',(122.75054204128,-18.59958844583,
    0.512791947963));
#2774 = CARTESIAN_POINT('',(128.80006933401,1.228739748626,
    0.660023985654));
#2775 = CARTESIAN_POINT('',(122.01905060315,14.792280623812,
    0.777809615808));
#2776 = CARTESIAN_POINT('',(112.85946531007,21.378877203863,
    0.866148838424));
#2777 = CARTESIAN_POINT('',(101.57957909308,22.729993145597,
    0.954488061039));
#2778 = CARTESIAN_POINT('',(91.043084439174,18.505806223346,
    1.042827283654));
#2779 = CARTESIAN_POINT('',(83.87251707461,9.810778012135,1.131166506269
    ));
#2780 = CARTESIAN_POINT('',(80.860080196708,-5.116729087081,
    1.248952136422));
#2781 = CARTESIAN_POINT('',(89.554289121626,-19.05365403522,
    1.366737766575));
#2782 = CARTESIAN_POINT('',(104.29036729162,-22.90866988343,
    1.484523396727));
#2783 = CARTESIAN_POINT('',(115.24610208333,-20.28870309074,
    1.572862619341));
#2784 = CARTESIAN_POINT('',(123.68345772067,-12.68393102626,
    1.661201841956));
#2785 = CARTESIAN_POINT('',(127.40519348628,-1.952636893456,
    1.749541064571));
#2786 = CARTESIAN_POINT('',(125.55581436793,9.15949338757,1.837880287186
    ));
#2787 = CARTESIAN_POINT('',(116.26924400099,21.233167134379,
    1.95566591734));
#2788 = CARTESIAN_POINT('',(100.04960498089,23.820086839618,
    2.073451547494));
#2789 = CARTESIAN_POINT('',(87.468010379878,15.234121950451,
    2.191237177647));
#2790 = CARTESIAN_POINT('',(82.253753680806,5.248670085612,
    2.279576400262));
#2791 = CARTESIAN_POINT('',(82.452650282551,-6.108101879342,
    2.367915622877));
#2792 = CARTESIAN_POINT('',(88.105830680187,-15.95986555614,
    2.456254845491));
#2793 = CARTESIAN_POINT('',(97.702967559066,-21.85841314192,
    2.544594068105));
#2794 = CARTESIAN_POINT('',(112.90725749148,-22.7773943865,
    2.662379698258));
#2795 = CARTESIAN_POINT('',(125.50520170101,-12.23886096608,
    2.78016532841));
#2796 = CARTESIAN_POINT('',(127.28610126102,2.888708548949,
    2.897950958564));
#2797 = CARTESIAN_POINT('',(123.17536791424,13.376785619351,
    2.986290181179));
#2798 = CARTESIAN_POINT('',(114.47697053111,20.681141716255,
    3.074629403795));
#2799 = CARTESIAN_POINT('',(103.33387811703,22.882783344806,
    3.16296862641));
#2800 = CARTESIAN_POINT('',(92.584444873323,19.514167004132,
    3.251307849025));
#2801 = CARTESIAN_POINT('',(81.911276344826,8.646856862086,
    3.369093479179));
#2802 = CARTESIAN_POINT('',(81.592724380786,-7.774696690572,
    3.486879109331));
#2803 = CARTESIAN_POINT('',(91.836404943856,-19.04776036048,
    3.604664739484));
#2804 = CARTESIAN_POINT('',(102.44710883434,-22.83072933007,
    3.693003962098));
#2805 = CARTESIAN_POINT('',(113.66720269423,-21.06289784204,
    3.781343184712));
#2806 = CARTESIAN_POINT('',(122.64233530259,-14.1013801145,
    3.869682407327));
#2807 = CARTESIAN_POINT('',(127.15672697009,-3.78061661811,
    3.958021629942));
#2808 = CARTESIAN_POINT('',(125.96384794926,11.404639243264,
    4.075807260095));
#2809 = CARTESIAN_POINT('',(113.78408897092,22.423821057845,
    4.193592890249));
#2810 = CARTESIAN_POINT('',(98.555597406292,22.095186616603,
    4.311378520403));
#2811 = CARTESIAN_POINT('',(88.736921629373,16.573275962781,
    4.399717743018));
#2812 = CARTESIAN_POINT('',(82.705921318475,6.948164552986,
    4.488056965633));
#2813 = CARTESIAN_POINT('',(82.066732820257,-4.392345685319,
    4.576396188248));
#2814 = CARTESIAN_POINT('',(86.889810093524,-14.57251350794,
    4.664735410862));
#2815 = CARTESIAN_POINT('',(99.1289538903,-23.63994506556,4.782521041014
    ));
#2816 = CARTESIAN_POINT('',(115.43672271886,-21.68403799496,
    4.900306671167));
#2817 = CARTESIAN_POINT('',(125.18454236143,-9.97955303636,5.01809230132
    ));
#2818 = CARTESIAN_POINT('',(127.46349717356,1.052412166859,
    5.106431523935));
#2819 = CARTESIAN_POINT('',(124.16071695206,11.920133970885,
    5.19477074655));
#2820 = CARTESIAN_POINT('',(116.02469154884,19.846092905888,
    5.283109969165));
#2821 = CARTESIAN_POINT('',(105.17871084017,22.889543866247,
    5.371449191781));
#2822 = CARTESIAN_POINT('',(90.304414415649,19.607736162341,
    5.489234821935));
#2823 = CARTESIAN_POINT('',(81.075830846321,6.020899078652,
    5.607020452088));
#2824 = CARTESIAN_POINT('',(83.507681485116,-9.015758076472,
    5.724806082241));
#2825 = CARTESIAN_POINT('',(90.334614750735,-17.97627555413,
    5.813145304855));
#2826 = CARTESIAN_POINT('',(100.70140440748,-22.61797854052,
    5.901484527469));
#2827 = CARTESIAN_POINT('',(112.0213194134,-21.68242594437,
    5.989823750083));
#2828 = CARTESIAN_POINT('',(121.43651548808,-15.49760790695,
    6.078162972698));
#2829 = CARTESIAN_POINT('',(128.7238952985,-2.121919086232,
    6.195948602851));
#2830 = CARTESIAN_POINT('',(124.53113008317,13.758560014976,
    6.313734233005));
#2831 = CARTESIAN_POINT('',(111.59085094186,21.79374088881,
    6.431519863159));
#2832 = CARTESIAN_POINT('',(100.34970593456,22.524870293,6.519859085774)
  );
#2833 = CARTESIAN_POINT('',(90.043280235606,17.750634886884,
    6.608198308389));
#2834 = CARTESIAN_POINT('',(83.318865770904,8.596510979697,
    6.696537531004));
#2835 = CARTESIAN_POINT('',(81.804863649351,-2.566180848743,
    6.784876753619));
#2836 = CARTESIAN_POINT('',(87.112509669621,-16.84357030388,
    6.902662383771));
#2837 = CARTESIAN_POINT('',(101.84522779563,-24.10414281947,
    7.020448013924));
#2838 = CARTESIAN_POINT('',(116.4009817416,-19.61582654334,
    7.138233644076));
#2839 = CARTESIAN_POINT('',(124.3310814873,-11.61511349361,
    7.226572866691));
#2840 = CARTESIAN_POINT('',(127.49425378456,-0.705939582679,
    7.314912089306));
#2841 = CARTESIAN_POINT('',(125.0019454124,10.375763056324,
    7.403251311921));
#2842 = CARTESIAN_POINT('',(117.57428524019,18.844987084948,
    7.491590534536));
#2843 = CARTESIAN_POINT('',(103.31918928674,24.212220570461,
    7.60937616469));
#2844 = CARTESIAN_POINT('',(88.171290575857,17.863200072819,
    7.727161794844));
#2845 = CARTESIAN_POINT('',(82.003218980132,3.935894205559,
    7.844947424997));
#2846 = CARTESIAN_POINT('',(82.833970415032,-7.298327767243,
    7.933286647612));
#2847 = CARTESIAN_POINT('',(88.987879801745,-16.84532382157,
    8.021625870226));
#2848 = CARTESIAN_POINT('',(98.984120837358,-22.23892183766,
    8.10996509284));
#2849 = CARTESIAN_POINT('',(110.24892915231,-22.19436953055,
    8.198304315454));
#2850 = CARTESIAN_POINT('',(123.65493920783,-14.96292082911,
    8.316089945607));
#2851 = CARTESIAN_POINT('',(128.80792144273,0.632452546396,8.43387557576
    ));
#2852 = CARTESIAN_POINT('',(122.3494241459,14.427479498057,
    8.551661205914));
#2853 = CARTESIAN_POINT('',(113.3287392026,21.174711110689,8.64000042853
    ));
#2854 = CARTESIAN_POINT('',(102.08690197313,22.798543031559,
    8.728339651145));
#2855 = CARTESIAN_POINT('',(91.456449376022,18.797391699521,
    8.81667887376));
#2856 = CARTESIAN_POINT('',(84.09601206687,10.269680758195,
    8.905018096375));
#2857 = CARTESIAN_POINT('',(80.752106067148,-4.590778474118,
    9.022803726528));
#2858 = CARTESIAN_POINT('',(89.135326544833,-18.71488945701,
    9.140589356681));
#2859 = CARTESIAN_POINT('',(103.78191681022,-22.89727508342,
    9.258374986833));
#2860 = CARTESIAN_POINT('',(114.79324600025,-20.52061340167,
    9.346714209447));
#2861 = CARTESIAN_POINT('',(123.39727835306,-13.1053344674,
    9.435053432062));
#2862 = CARTESIAN_POINT('',(127.35637192073,-2.45914676834,
    9.523392654677));
#2863 = CARTESIAN_POINT('',(125.75412167066,8.691220284675,
    9.611731877292));
#2864 = CARTESIAN_POINT('',(116.73788963087,20.968130145663,
    9.729517507446));
#2865 = CARTESIAN_POINT('',(100.57967071857,23.914459763477,9.8473031376
    ));
#2866 = CARTESIAN_POINT('',(87.810570123075,15.609941360086,
    9.965088767753));
#2867 = CARTESIAN_POINT('',(82.375917264902,5.742700631699,
    10.053427990368));
#2868 = CARTESIAN_POINT('',(82.322642708303,-5.615683770268,
    10.141767212983));
#2869 = CARTESIAN_POINT('',(87.755717775366,-15.59052360441,
    10.230106435597));
#2870 = CARTESIAN_POINT('',(97.219540444039,-21.70067513909,
    10.318445658211));
#2871 = CARTESIAN_POINT('',(112.3996814325,-22.95696949175,
    10.436231288364));
#2872 = CARTESIAN_POINT('',(125.22847892435,-12.70071035171,
    10.554016918516));
#2873 = CARTESIAN_POINT('',(127.34477525906,2.383594264471,
    10.67180254867));
#2874 = CARTESIAN_POINT('',(123.46789292307,12.960345875134,
    10.760141771285));
#2875 = CARTESIAN_POINT('',(114.93379778661,20.45600826101,10.8484809939
    ));
#2876 = CARTESIAN_POINT('',(103.84232864105,22.904486685333,
    10.936820216516));
#2877 = CARTESIAN_POINT('',(93.020760548395,19.775340588267,
    11.025159439131));
#2878 = CARTESIAN_POINT('',(82.10896554665,9.147655714784,
    11.142945069285));
#2879 = CARTESIAN_POINT('',(81.425929590352,-7.26277872545,
    11.260730699437));
#2880 = CARTESIAN_POINT('',(91.41682077277,-18.7604762911,11.37851632959
    ));
#2881 = CARTESIAN_POINT('',(101.94092675837,-22.77807314551,
    11.466855552204));
#2882 = CARTESIAN_POINT('',(113.19750165214,-21.25976617323,
    11.555194774818));
#2883 = CARTESIAN_POINT('',(122.32496968089,-14.49921428855,
    11.643533997433));
#2884 = CARTESIAN_POINT('',(127.06737222094,-4.281215001567,
    11.731873220048));
#2885 = CARTESIAN_POINT('',(126.21190358115,10.926780571042,
    11.849658850201));
#2886 = CARTESIAN_POINT('',(114.27977490271,22.213640268749,
    11.967444480355));
#2887 = CARTESIAN_POINT('',(99.047740723168,22.223163053629,
    12.085230110509));
#2888 = CARTESIAN_POINT('',(89.108897050528,16.920590307157,
    12.173569333124));
#2889 = CARTESIAN_POINT('',(82.865703290355,7.43174074179,
    12.261908555739));
#2890 = CARTESIAN_POINT('',(81.974910226631,-3.891784421287,
    12.350247778354));
#2891 = CARTESIAN_POINT('',(86.570796612392,-14.17651677609,
    12.438587000968));
#2892 = CARTESIAN_POINT('',(98.605624805978,-23.51342559438,
    12.556372631121));
#2893 = CARTESIAN_POINT('',(114.95279610515,-21.92003701958,
    12.674158261273));
#2894 = CARTESIAN_POINT('',(124.958055766,-10.43484067607,
    12.791943891426));
#2895 = CARTESIAN_POINT('',(127.4813612386,0.543812281952,
    12.880283114041));
#2896 = CARTESIAN_POINT('',(124.42066108491,11.482178200608,
    12.968622336656));
#2897 = CARTESIAN_POINT('',(116.46259907655,19.5868054883,
    13.056961559272));
#2898 = CARTESIAN_POINT('',(105.68685677735,22.870289793409,
    13.145300781887));
#2899 = CARTESIAN_POINT('',(90.743369276726,19.9195039237,
    13.263086412041));
#2900 = CARTESIAN_POINT('',(81.215429043426,6.54089220404,
    13.380872042194));
#2901 = CARTESIAN_POINT('',(83.312862876988,-8.546046757989,
    13.498657672347));
#2902 = CARTESIAN_POINT('',(89.939187928744,-17.65591545019,
    13.586996894961));
#2903 = CARTESIAN_POINT('',(100.20037569009,-22.52661972447,
    13.675336117575));
#2904 = CARTESIAN_POINT('',(111.53827033352,-21.8426025787,
    13.763675340189));
#2905 = CARTESIAN_POINT('',(121.08845044967,-15.86832847803,
    13.852014562804));
#2906 = CARTESIAN_POINT('',(128.67097780197,-2.657717785042,
    13.969800192957));
#2907 = CARTESIAN_POINT('',(124.83179643277,13.311927891967,
    14.087585823111));
#2908 = CARTESIAN_POINT('',(112.07308947621,21.632405806538,
    14.205371453265));
#2909 = CARTESIAN_POINT('',(100.85094616557,22.612911184468,
    14.29371067588));
#2910 = CARTESIAN_POINT('',(90.4410713528,18.068657584189,
    14.382049898495));
#2911 = CARTESIAN_POINT('',(83.515090372356,9.066073407423,
    14.47038912111));
#2912 = CARTESIAN_POINT('',(81.753646900313,-2.060256094061,
    14.558728343725));
#2913 = CARTESIAN_POINT('',(86.743023287311,-16.4519578419,
    14.676513973877));
#2914 = CARTESIAN_POINT('',(101.31092396635,-24.03781088822,
    14.79429960403));
#2915 = CARTESIAN_POINT('',(115.96273228005,-19.87374207648,
    14.912085234182));
#2916 = CARTESIAN_POINT('',(124.06849539061,-12.05105100011,
    15.000424456797));
#2917 = CARTESIAN_POINT('',(127.47307443113,-1.21478891589,
    15.088763679412));
#2918 = CARTESIAN_POINT('',(125.2273968081,9.919512427916,
    15.177102902027));
#2919 = CARTESIAN_POINT('',(117.98958606782,18.551545037252,
    15.265442124642));
#2920 = CARTESIAN_POINT('',(103.85715725967,24.233922348963,
    15.383227754796));
#2921 = CARTESIAN_POINT('',(88.572042030369,18.222753655463,
    15.50101338495));
#2922 = CARTESIAN_POINT('',(82.096300999613,4.43581294939,
    15.618799015103));
#2923 = CARTESIAN_POINT('',(82.677445219249,-6.814083169098,
    15.707138237718));
#2924 = CARTESIAN_POINT('',(88.617892295082,-16.49534460242,
    15.795477460332));
#2925 = CARTESIAN_POINT('',(98.49193050584,-22.10953232761,
    15.883816682946));
#2926 = CARTESIAN_POINT('',(109.75495161563,-22.31507249671,
    15.97215590556));
#2927 = CARTESIAN_POINT('',(123.31819760977,-15.38302272535,
    16.089941535713));
#2928 = CARTESIAN_POINT('',(128.81613096046,9.410961581779E-02,
    16.207727165866));
#2929 = CARTESIAN_POINT('',(122.66547836548,14.029116920659,
    16.32551279602));
#2930 = CARTESIAN_POINT('',(113.79680681205,20.974947048023,
    16.413852018636));
#2931 = CARTESIAN_POINT('',(102.59378966374,22.847950298429,
    16.502191241251));
#2932 = CARTESIAN_POINT('',(91.877130466407,19.083783717462,
    16.590530463866));
#2933 = CARTESIAN_POINT('',(84.329189913872,10.721577985948,
    16.678869686481));
#2934 = CARTESIAN_POINT('',(80.656202214521,-4.06098327016,
    16.796655316634));
#2935 = CARTESIAN_POINT('',(88.723797885316,-18.3677228263,
    16.914440946787));
#2936 = CARTESIAN_POINT('',(103.27392843123,-22.87423556087,
    17.032226576939));
#2937 = CARTESIAN_POINT('',(114.33530628524,-20.7426138187,
    17.120565799553));
#2938 = CARTESIAN_POINT('',(123.10183912796,-13.52017404265,
    17.208905022168));
#2939 = CARTESIAN_POINT('',(127.29630492134,-2.964503002429,
    17.297244244783));
#2940 = CARTESIAN_POINT('',(125.94199042719,8.218686324937,
    17.385583467398));
#2941 = CARTESIAN_POINT('',(117.20053088757,20.692733023878,
    17.503369097552));
#2942 = CARTESIAN_POINT('',(101.11170349907,23.997052908195,
    17.621154727706));
#2943 = CARTESIAN_POINT('',(88.161387585449,15.978058353551,
    17.738940357859));
#2944 = CARTESIAN_POINT('',(82.509018974705,6.233900084667,
    17.827279580474));
#2945 = CARTESIAN_POINT('',(82.203598639916,-5.120502269501,
    17.915618803089));
#2946 = CARTESIAN_POINT('',(87.413890813478,-15.21349934011,
    18.003958025703));
#2947 = CARTESIAN_POINT('',(96.739734211756,-21.53224416733,
    18.092297248317));
#2948 = CARTESIAN_POINT('',(111.88824392505,-23.12523173668,
    18.21008287847));
#2949 = CARTESIAN_POINT('',(124.94157114346,-13.15630274887,
    18.327868508622));
#2950 = CARTESIAN_POINT('',(127.39222115151,1.877301957524,
    18.445654138776));
#2951 = CARTESIAN_POINT('',(123.75110076476,12.537514601275,
    18.533993361391));
#2952 = CARTESIAN_POINT('',(115.38551444126,20.220788634223,
    18.622332584007));
#2953 = CARTESIAN_POINT('',(104.35113567159,22.914896940982,
    18.710671806622));
#2954 = CARTESIAN_POINT('',(93.462766809425,20.026763494929,
    18.799011029237));
#2955 = CARTESIAN_POINT('',(82.317723882758,9.643942390196,
    18.916796659391));
#2956 = CARTESIAN_POINT('',(81.270540611797,-6.747284038349,
    19.034582289543));
#2957 = CARTESIAN_POINT('',(91.003717786935,-18.46394815436,
    19.152367919696));
#2958 = CARTESIAN_POINT('',(101.43603841418,-22.71419257216,
    19.24070714231));
#2959 = CARTESIAN_POINT('',(112.7235458455,-21.44615850749,
    19.329046364924));
#2960 = CARTESIAN_POINT('',(121.99885025999,-14.88990481961,
    19.417385587539));
#2961 = CARTESIAN_POINT('',(126.96692608739,-4.779706312463,
    19.505724810154));
#2962 = CARTESIAN_POINT('',(126.44928949907,10.443532774297,
    19.623510440307));
#2963 = CARTESIAN_POINT('',(114.77067260497,21.992506931138,
    19.741296070461));
#2964 = CARTESIAN_POINT('',(99.542603856634,22.340182248293,
    19.859081700615));
#2965 = CARTESIAN_POINT('',(89.488491259464,17.25956110869,
    19.94742092323));
#2966 = CARTESIAN_POINT('',(83.036181392548,7.911650551643,
    20.035760145845));
#2967 = CARTESIAN_POINT('',(81.894222845537,-3.389308039474,
    20.12409936846));
#2968 = CARTESIAN_POINT('',(86.260652978149,-13.77353546272,
    20.212438591074));
#2969 = CARTESIAN_POINT('',(98.085233462302,-23.37531927116,
    20.330224221227));
#2970 = CARTESIAN_POINT('',(114.46374952196,-22.14523459185,
    20.448009851379));
#2971 = CARTESIAN_POINT('',(124.7215174927,-10.88498804977,
    20.565795481532));
#2972 = CARTESIAN_POINT('',(127.48792985926,3.494115782411E-02,
    20.654134704147));
#2973 = CARTESIAN_POINT('',(124.67081842795,11.038559543828,
    20.742473926762));
#2974 = CARTESIAN_POINT('',(116.89464243542,19.317860319523,
    20.830813149377));
#2975 = CARTESIAN_POINT('',(106.19445003389,22.83975950193,
    20.919152371993));
#2976 = CARTESIAN_POINT('',(91.189137275285,20.221449942958,
    21.036938002147));
#2977 = CARTESIAN_POINT('',(81.366536810139,7.057658060037,21.1547236323
    ));
#2978 = CARTESIAN_POINT('',(83.128519989034,-8.072126181897,
    21.272509262453));
#2979 = CARTESIAN_POINT('',(89.55097063454,-17.32685572882,
    21.360848485067));
#2980 = CARTESIAN_POINT('',(99.70149864217,-22.42416046442,
    21.449187707681));
#2981 = CARTESIAN_POINT('',(111.0517843435,-21.992015929,21.537526930295
    ));
#2982 = CARTESIAN_POINT('',(120.73224110668,-16.23123055404,
    21.62586615291));
#2983 = CARTESIAN_POINT('',(128.60617848528,-3.192209651759,
    21.743651783063));
#2984 = CARTESIAN_POINT('',(125.12247333917,12.858730977534,
    21.861437413217));
#2985 = CARTESIAN_POINT('',(112.55162748188,21.460404673103,
    21.979223043371));
#2986 = CARTESIAN_POINT('',(101.35401739225,22.689802721934,
    22.067562265986));
#2987 = CARTESIAN_POINT('',(90.845824613741,18.377770843495,
    22.155901488601));
#2988 = CARTESIAN_POINT('',(83.721691013492,9.531163873754,
    22.244240711216));
#2989 = CARTESIAN_POINT('',(81.713674427446,-1.553319001446,
    22.332579933831));
#2990 = CARTESIAN_POINT('',(86.382321858501,-16.05223921096,
    22.450365563983));
#2991 = CARTESIAN_POINT('',(100.7782244061,-23.95963362198,
    22.568151194136));
#2992 = CARTESIAN_POINT('',(115.51886503773,-20.12186480875,
    22.685936824288));
#2993 = CARTESIAN_POINT('',(123.79629609497,-12.4810515729,
    22.774276046903));
#2994 = CARTESIAN_POINT('',(127.44060370964,-1.723042690088,
    22.862615269518));
#2995 = CARTESIAN_POINT('',(125.44266378032,9.458369238037,
    22.950954492133));
#2996 = CARTESIAN_POINT('',(118.39827002887,18.248955406635,
    23.039293714748));
#2997 = CARTESIAN_POINT('',(104.39547449586,24.243676038688,
    23.157079344902));
#2998 = CARTESIAN_POINT('',(88.980676771327,18.573321302081,
    23.274864975056));
#2999 = CARTESIAN_POINT('',(82.200458547769,4.933542705052,
    23.392650605209));
#3000 = CARTESIAN_POINT('',(82.531708631073,-6.326484411418,
    23.480989827824));
#3001 = CARTESIAN_POINT('',(88.255766213529,-16.13723512258,
    23.569329050438));
#3002 = CARTESIAN_POINT('',(98.002732798829,-21.96925304261,
    23.657668273052));
#3003 = CARTESIAN_POINT('',(109.25841826135,-22.42477018601,
    23.746007495667));
#3004 = CARTESIAN_POINT('',(122.97220793782,-15.79556598093,
    23.863793125819));
#3005 = CARTESIAN_POINT('',(128.81239620194,-0.444242971095,
    23.981578755972));
#3006 = CARTESIAN_POINT('',(122.97259981505,13.623787171171,
    24.099364386126));
#3007 = CARTESIAN_POINT('',(114.26034763061,20.764943651466,
    24.187703608742));
#3008 = CARTESIAN_POINT('',(103.10160393956,22.885893267067,
    24.276042831357));
#3009 = CARTESIAN_POINT('',(92.304151126463,19.361140359999,
    24.364382053972));
#3010 = CARTESIAN_POINT('',(84.572189701155,11.167516231981,
    24.452721276587));
#3011 = CARTESIAN_POINT('',(80.572429961386,-3.52766866163,
    24.57050690674));
#3012 = CARTESIAN_POINT('',(88.319407955693,-18.01444702007,
    24.688292536893));
#3013 = CARTESIAN_POINT('',(102.76739683573,-22.83632332665,
    24.806078167045));
#3014 = CARTESIAN_POINT('',(113.8708280661,-20.96195823822,
    24.894417389659));
#3015 = CARTESIAN_POINT('',(122.8006075266,-13.91366666047,
    24.982756612274));
#3016 = CARTESIAN_POINT('',(127.21872165427,-3.49612877163,
    25.071095834889));
#3017 = CARTESIAN_POINT('',(126.13081885445,7.792680167764,
    25.159435057504));
#3018 = CARTESIAN_POINT('',(121.87980975624,14.037551887997,
    25.218327872581));
#3019 = CARTESIAN_POINT('',(119.1373376307,16.463886264797,
    25.247774280119));
#3020 = CARTESIAN_POINT('',(119.39389196614,16.753868189951,
    -24.44107626345));
#3021 = CARTESIAN_POINT('',(116.60295666243,19.223079164885,
    -24.41162985592));
#3022 = CARTESIAN_POINT('',(109.76861717719,22.741963184023,
    -24.35273704084));
#3023 = CARTESIAN_POINT('',(98.231581227659,22.440948379159,
    -24.26439781822));
#3024 = CARTESIAN_POINT('',(88.257648981836,16.686549093376,
    -24.17605859561));
#3025 = CARTESIAN_POINT('',(82.246105834544,6.793229002966,
    -24.08771937299));
#3026 = CARTESIAN_POINT('',(81.729972352202,-4.65394172031,
    -23.99938015038));
#3027 = CARTESIAN_POINT('',(88.391923830133,-18.64872009438,
    -23.88159452023));
#3028 = CARTESIAN_POINT('',(103.98462797081,-24.67676230027,
    -23.76380889007));
#3029 = CARTESIAN_POINT('',(118.33104171434,-18.81449263123,
    -23.64602325992));
#3030 = CARTESIAN_POINT('',(125.64789875194,-9.988917075615,
    -23.55768403731));
#3031 = CARTESIAN_POINT('',(127.86892655543,1.353862622885,
    -23.46934481469));
#3032 = CARTESIAN_POINT('',(124.34287134511,12.361400327403,
    -23.38100559208));
#3033 = CARTESIAN_POINT('',(116.04970145144,20.275349521942,
    -23.29266636946));
#3034 = CARTESIAN_POINT('',(101.11647034719,24.429020677683,
    -23.17488073931));
#3035 = CARTESIAN_POINT('',(86.335579345465,16.626512256908,
    -23.05709510915));
#3036 = CARTESIAN_POINT('',(81.340658312358,1.953172882924,-22.939309479
    ));
#3037 = CARTESIAN_POINT('',(83.196614219474,-9.358817214074,
    -22.85097025639));
#3038 = CARTESIAN_POINT('',(90.295846220312,-18.48020247622,
    -22.76263103377));
#3039 = CARTESIAN_POINT('',(100.91478161267,-23.0449416937,
    -22.67429181116));
#3040 = CARTESIAN_POINT('',(112.32872784853,-21.98309891986,
    -22.58595258854));
#3041 = CARTESIAN_POINT('',(125.26434473377,-13.44339738672,
    -22.46816695839));
#3042 = CARTESIAN_POINT('',(129.07985699388,2.829084416784,
    -22.35038132824));
#3043 = CARTESIAN_POINT('',(121.28850514308,16.22876960389,
    -22.23259569808));
#3044 = CARTESIAN_POINT('',(111.53621606695,22.253592084816,
    -22.14425647547));
#3045 = CARTESIAN_POINT('',(99.99497828312,22.884890871207,
    -22.05591725285));
#3046 = CARTESIAN_POINT('',(89.581109949279,17.86990828113,
    -21.96757803024));
#3047 = CARTESIAN_POINT('',(82.890252199874,8.561951783776,
    -21.87923880762));
#3048 = CARTESIAN_POINT('',(80.842084999697,-6.802348892642,
    -21.76145317747));
#3049 = CARTESIAN_POINT('',(90.614029111159,-20.36188024273,
    -21.64366754732));
#3050 = CARTESIAN_POINT('',(105.83722845461,-23.2792294334,
    -21.52588191716));
#3051 = CARTESIAN_POINT('',(116.78376709662,-19.87644781749,
    -21.43754269455));
#3052 = CARTESIAN_POINT('',(124.83552829295,-11.58380969341,
    -21.34920347194));
#3053 = CARTESIAN_POINT('',(127.88759831742,-0.435555393129,
    -21.26086424932));
#3054 = CARTESIAN_POINT('',(125.25720846834,10.721804521824,
    -21.17252502671));
#3055 = CARTESIAN_POINT('',(115.0103619774,22.351888846196,
    -21.05473939655));
#3056 = CARTESIAN_POINT('',(98.366539717354,23.87994736296,
    -20.9369537664));
#3057 = CARTESIAN_POINT('',(86.173338438568,14.310069256345,
    -20.81916813624));
#3058 = CARTESIAN_POINT('',(81.555344958723,3.818178709428,
    -20.73082891363));
#3059 = CARTESIAN_POINT('',(82.526475618757,-7.699443034225,
    -20.64248969102));
#3060 = CARTESIAN_POINT('',(88.933679376086,-17.31954934344,
    -20.5541504684));
#3061 = CARTESIAN_POINT('',(99.077632829458,-22.65863534806,
    -20.46581124579));
#3062 = CARTESIAN_POINT('',(114.57754822861,-22.56195537435,
    -20.34802561563));
#3063 = CARTESIAN_POINT('',(126.65510737019,-11.00841273838,
    -20.23023998548));
#3064 = CARTESIAN_POINT('',(127.43877153818,4.471981147751,
    -20.11245435533));
#3065 = CARTESIAN_POINT('',(122.55459417304,14.842634092226,
    -20.02411513271));
#3066 = CARTESIAN_POINT('',(113.22796220655,21.669979224144,
    -19.9357759101));
#3067 = CARTESIAN_POINT('',(101.76471010908,23.150707672722,
    -19.84743668748));
#3068 = CARTESIAN_POINT('',(91.078426623253,19.002337355422,
    -19.75909746487));
#3069 = CARTESIAN_POINT('',(80.977455959274,7.245334504202,
    -19.64131183471));
#3070 = CARTESIAN_POINT('',(81.766226191159,-9.449863122091,
    -19.52352620456));
#3071 = CARTESIAN_POINT('',(92.930657003048,-20.2021749221,
    -19.40574057441));
#3072 = CARTESIAN_POINT('',(103.96044986491,-23.32456190217,
    -19.31740135179));
#3073 = CARTESIAN_POINT('',(115.23303776952,-20.76967103922,
    -19.22906212918));
#3074 = CARTESIAN_POINT('',(123.87444245107,-13.09341996737,
    -19.14072290656));
#3075 = CARTESIAN_POINT('',(127.75911669232,-2.308479676934,
    -19.05238368395));
#3076 = CARTESIAN_POINT('',(125.51944813083,13.02907583667,
    -18.9345980538));
#3077 = CARTESIAN_POINT('',(112.40641543715,23.392480481582,
    -18.81681242364));
#3078 = CARTESIAN_POINT('',(96.966426318582,22.027394251185,
    -18.69902679349));
#3079 = CARTESIAN_POINT('',(87.371027335866,15.755715895957,
    -18.61068757087));
#3080 = CARTESIAN_POINT('',(81.899349012495,5.574387804094,
    -18.52234834826));
#3081 = CARTESIAN_POINT('',(82.018428068242,-5.98348940442,
    -18.43400912564));
#3082 = CARTESIAN_POINT('',(87.605029450591,-15.99326043195,
    -18.34566990303));
#3083 = CARTESIAN_POINT('',(100.6461688318,-24.37093361954,
    -18.22788427288));
#3084 = CARTESIAN_POINT('',(117.07178879001,-21.2804981732,
    -18.11009864273));
#3085 = CARTESIAN_POINT('',(126.1765057357,-8.736142719966,
    -17.99231301257));
#3086 = CARTESIAN_POINT('',(127.74326059676,2.619512709567,
    -17.90397378996));
#3087 = CARTESIAN_POINT('',(123.65372544993,13.430359469721,
    -17.81563456734));
#3088 = CARTESIAN_POINT('',(114.85599740848,20.92693780235,
    -17.72729534473));
#3089 = CARTESIAN_POINT('',(103.63740291561,23.282520242753,
    -17.63895612211));
#3090 = CARTESIAN_POINT('',(88.757060639346,18.942919092962,
    -17.52117049196));
#3091 = CARTESIAN_POINT('',(80.30703940948,4.522484859748,-17.4033848618
    ));
#3092 = CARTESIAN_POINT('',(83.794633248128,-10.58027692791,
    -17.28559923165));
#3093 = CARTESIAN_POINT('',(91.333244137617,-19.21595738088,
    -17.19726000904));
#3094 = CARTESIAN_POINT('',(102.17353972581,-23.22677985876,
    -17.10892078642));
#3095 = CARTESIAN_POINT('',(113.60385026054,-21.51018250695,
    -17.02058156381));
#3096 = CARTESIAN_POINT('',(122.74467826055,-14.59274840873,
    -16.93224234119));
#3097 = CARTESIAN_POINT('',(129.23799929668,-0.51817891905,
    -16.81445671104));
#3098 = CARTESIAN_POINT('',(123.90531001008,15.322092771556,
    -16.69667108089));
#3099 = CARTESIAN_POINT('',(110.22218602725,22.604183300282,
    -16.57888545073));
#3100 = CARTESIAN_POINT('',(98.758972248222,22.585186319419,
    -16.49054622812));
#3101 = CARTESIAN_POINT('',(88.617697300197,17.039625228136,
    -16.4022070055));
#3102 = CARTESIAN_POINT('',(82.410061583675,7.289550141268,
    -16.31386778289));
#3103 = CARTESIAN_POINT('',(81.628855303633,-4.147029232697,
    -16.22552856027));
#3104 = CARTESIAN_POINT('',(87.984963365236,-18.28409451186,
    -16.10774293012));
#3105 = CARTESIAN_POINT('',(103.43557677591,-24.65828681311,
    -15.98995729997));
#3106 = CARTESIAN_POINT('',(117.91077161952,-19.11523182169,
    -15.87217166982));
#3107 = CARTESIAN_POINT('',(125.42071886562,-10.45461271047,
    -15.7838324472));
#3108 = CARTESIAN_POINT('',(127.89358035241,0.836253574085,
    -15.69549322459));
#3109 = CARTESIAN_POINT('',(124.61246504036,11.919258026744,
    -15.60715400197));
#3110 = CARTESIAN_POINT('',(116.49718086669,20.015417227842,
    -15.51881477936));
#3111 = CARTESIAN_POINT('',(101.65975463241,24.499556737318,
    -15.4010291492));
#3112 = CARTESIAN_POINT('',(86.709348914144,17.027130684236,
    -15.28324351905));
#3113 = CARTESIAN_POINT('',(81.389877697497,2.468286280456,
    -15.16545788889));
#3114 = CARTESIAN_POINT('',(82.994261317137,-8.882113898832,
    -15.07711866628));
#3115 = CARTESIAN_POINT('',(89.889238973448,-18.15885839825,
    -14.98877944367));
#3116 = CARTESIAN_POINT('',(100.40422300212,-22.958214216,
    -14.90044022105));
#3117 = CARTESIAN_POINT('',(111.83892733501,-22.15002621302,
    -14.81210099844));
#3118 = CARTESIAN_POINT('',(124.96094081709,-13.89960279513,
    -14.69431536828));
#3119 = CARTESIAN_POINT('',(129.13676497784,2.284162985363,
    -14.57652973813));
#3120 = CARTESIAN_POINT('',(121.64481003514,15.853515789929,
    -14.45874410798));
#3121 = CARTESIAN_POINT('',(112.02867680687,22.093356554337,
    -14.37040488536));
#3122 = CARTESIAN_POINT('',(100.50429851993,22.980718086136,
    -14.28206566275));
#3123 = CARTESIAN_POINT('',(89.981662850758,18.198161869812,
    -14.19372644013));
#3124 = CARTESIAN_POINT('',(83.085815221957,9.041038057756,
    -14.10538721752));
#3125 = CARTESIAN_POINT('',(80.697061560482,-6.274006191053,
    -13.98760158736));
#3126 = CARTESIAN_POINT('',(90.165572422878,-20.04713525849,
    -13.86981595721));
#3127 = CARTESIAN_POINT('',(105.32025405064,-23.30172419706,
    -13.75203032706));
#3128 = CARTESIAN_POINT('',(116.33963744038,-20.14279704707,
    -13.66369110444));
#3129 = CARTESIAN_POINT('',(124.57351282394,-12.03095375738,
    -13.57535188183));
#3130 = CARTESIAN_POINT('',(127.87232461726,-0.953203708709,
    -13.48701265922));
#3131 = CARTESIAN_POINT('',(125.49027915792,10.259801707261,
    -13.3986734366));
#3132 = CARTESIAN_POINT('',(115.50414877453,22.114502224953,
    -13.28088780645));
#3133 = CARTESIAN_POINT('',(98.898351753042,24.011681062228,
    -13.16310217629));
#3134 = CARTESIAN_POINT('',(86.495701927999,14.714853554117,
    -13.04531654614));
#3135 = CARTESIAN_POINT('',(81.645924046573,4.328069377589,
    -12.95697732352));
#3136 = CARTESIAN_POINT('',(82.361121349953,-7.208273119314,
    -12.86863810091));
#3137 = CARTESIAN_POINT('',(88.553177305014,-16.96824998598,
    -12.78029887829));
#3138 = CARTESIAN_POINT('',(98.576101708924,-22.53121838626,
    -12.69195965568));
#3139 = CARTESIAN_POINT('',(114.07434338317,-22.77866414761,
    -12.57417402553));
#3140 = CARTESIAN_POINT('',(126.40541740882,-11.49609371205,
    -12.45638839538));
#3141 = CARTESIAN_POINT('',(127.5325569636,3.963087405405,
    -12.33860276522));
#3142 = CARTESIAN_POINT('',(122.87981436066,14.439614372856,
    -12.25026354261));
#3143 = CARTESIAN_POINT('',(113.70704972616,21.47233037371,
    -12.16192431999));
#3144 = CARTESIAN_POINT('',(102.2794953468,23.207180884652,
    -12.07358509738));
#3145 = CARTESIAN_POINT('',(91.503750723155,19.297071060763,
    -11.98524587476));
#3146 = CARTESIAN_POINT('',(81.144261166956,7.767209806906,
    -11.86746024461));
#3147 = CARTESIAN_POINT('',(81.562199536734,-8.941384083027,
    -11.74967461445));
#3148 = CARTESIAN_POINT('',(92.48517486176,-19.93889900445,
    -11.6318889843));
#3149 = CARTESIAN_POINT('',(103.44293161368,-23.30538054973,
    -11.54354976169));
#3150 = CARTESIAN_POINT('',(114.76946052489,-21.00137355925,
    -11.45521053907));
#3151 = CARTESIAN_POINT('',(123.57915013093,-13.51885563854,
    -11.36687131646));
#3152 = CARTESIAN_POINT('',(127.70229528038,-2.822814076101,
    -11.27853209384));
#3153 = CARTESIAN_POINT('',(125.80367617679,12.560682597207,
    -11.16074646369));
#3154 = CARTESIAN_POINT('',(112.92394538036,23.212645649678,
    -11.04296083354));
#3155 = CARTESIAN_POINT('',(97.457456288809,22.190667382348,
    -10.92517520338));
#3156 = CARTESIAN_POINT('',(87.725189356408,16.133554919676,
    -10.83683598077));
#3157 = CARTESIAN_POINT('',(82.028831589422,6.076208670337,
    -10.74849675815));
#3158 = CARTESIAN_POINT('',(81.8912936004,-5.481463616511,
    -10.66015753554));
#3159 = CARTESIAN_POINT('',(87.254298770774,-15.61279159321,
    -10.57181831292));
#3160 = CARTESIAN_POINT('',(100.10623769662,-24.27791653428,
    -10.45403268277));
#3161 = CARTESIAN_POINT('',(116.5964178874,-21.55289551869,
    -10.33624705262));
#3162 = CARTESIAN_POINT('',(125.97737867788,-9.213758634553,
    -10.21846142247));
#3163 = CARTESIAN_POINT('',(127.79584572729,2.104315787326,
    -10.13012219985));
#3164 = CARTESIAN_POINT('',(123.94732190872,13.003286830802,
    -10.04178297724));
#3165 = CARTESIAN_POINT('',(115.31818798833,20.693329299647,
    -9.953443754625));
#3166 = CARTESIAN_POINT('',(104.15465288859,23.297386731002,
    -9.865104532009));
#3167 = CARTESIAN_POINT('',(89.181637753402,19.289202334114,
    -9.747318901855));
#3168 = CARTESIAN_POINT('',(80.413561918038,5.059914635676,
    -9.629533271702));
#3169 = CARTESIAN_POINT('',(83.565011218441,-10.11655042392,
    -9.51174764155));
#3170 = CARTESIAN_POINT('',(90.910049958281,-18.91746156648,
    -9.423408418935));
#3171 = CARTESIAN_POINT('',(101.65863265418,-23.16795276373,
    -9.335069196321));
#3172 = CARTESIAN_POINT('',(113.12423500316,-21.705534163,
    -9.246729973707));
#3173 = CARTESIAN_POINT('',(122.41637891973,-14.99273352075,
    -9.158390751092));
#3174 = CARTESIAN_POINT('',(129.22055851966,-1.065786103242,
    -9.040605120939));
#3175 = CARTESIAN_POINT('',(124.24084140575,14.888968665322,
    -8.922819490786));
#3176 = CARTESIAN_POINT('',(110.72275389648,22.473033175185,
    -8.805033860631));
#3177 = CARTESIAN_POINT('',(99.261943555278,22.708527022027,
    -8.716694638016));
#3178 = CARTESIAN_POINT('',(89.000055172475,17.389471447256,
    -8.628355415401));
#3179 = CARTESIAN_POINT('',(82.577495315345,7.779610351996,
    -8.540016192786));
#3180 = CARTESIAN_POINT('',(81.542586712623,-3.636807440506,
    -8.451676970171));
#3181 = CARTESIAN_POINT('',(87.583281972394,-17.91149570949,
    -8.333891340019));
#3182 = CARTESIAN_POINT('',(102.88857886391,-24.62712444566,
    -8.216105709867));
#3183 = CARTESIAN_POINT('',(117.4832633866,-19.40678843336,
    -8.098320079714));
#3184 = CARTESIAN_POINT('',(125.18362762233,-10.91502644505,
    -8.0099808571));
#3185 = CARTESIAN_POINT('',(127.9065396474,0.318159011096,
    -7.921641634485));
#3186 = CARTESIAN_POINT('',(124.8722783911,11.47127355445,
    -7.833302411869));
#3187 = CARTESIAN_POINT('',(116.93873098798,19.745598701031,
    -7.744963189254));
#3188 = CARTESIAN_POINT('',(102.2045105157,24.558027554801,-7.6271775591
    ));
#3189 = CARTESIAN_POINT('',(87.091899728009,17.419345782993,
    -7.509391928946));
#3190 = CARTESIAN_POINT('',(81.450529624088,2.982183051045,
    -7.391606298793));
#3191 = CARTESIAN_POINT('',(82.802536177771,-8.401037464599,
    -7.303267076179));
#3192 = CARTESIAN_POINT('',(89.489868533162,-17.82856584467,
    -7.214927853564));
#3193 = CARTESIAN_POINT('',(99.895714211712,-22.86017404711,
    -7.12658863095));
#3194 = CARTESIAN_POINT('',(111.34554236655,-22.30603845586,
    -7.038249408336));
#3195 = CARTESIAN_POINT('',(124.64748326744,-14.34896030698,
    -6.920463778183));
#3196 = CARTESIAN_POINT('',(129.18156182536,1.738112574379,
    -6.80267814803));
#3197 = CARTESIAN_POINT('',(121.99269626494,15.470444362986,
    -6.684892517876));
#3198 = CARTESIAN_POINT('',(112.51745897746,21.922227788906,
    -6.596553295261));
#3199 = CARTESIAN_POINT('',(101.01562058305,23.06521463812,
    -6.508214072645));
#3200 = CARTESIAN_POINT('',(90.389404362243,18.517442192494,
    -6.41987485003));
#3201 = CARTESIAN_POINT('',(83.291965869776,9.515664708319,
    -6.331535627415));
#3202 = CARTESIAN_POINT('',(80.563803207446,-5.742574144382,
    -6.213749997262));
#3203 = CARTESIAN_POINT('',(89.724213671103,-19.72251199821,
    -6.09596436711));
#3204 = CARTESIAN_POINT('',(104.80290767042,-23.31273645816,
    -5.978178736957));
#3205 = CARTESIAN_POINT('',(115.8897042236,-20.39922084681,
    -5.889839514343));
#3206 = CARTESIAN_POINT('',(124.30163522323,-12.47217081253,
    -5.801500291728));
#3207 = CARTESIAN_POINT('',(127.8455627621,-1.470385367074,
    -5.713161069114));
#3208 = CARTESIAN_POINT('',(125.71303583067,9.792738529772,
    -5.624821846498));
#3209 = CARTESIAN_POINT('',(115.99254383397,21.866211921481,
    -5.507036216344));
#3210 = CARTESIAN_POINT('',(99.432957240922,24.131575937893,
    -5.38925058619));
#3211 = CARTESIAN_POINT('',(86.82697227934,15.112381542244,
    -5.271464956037));
#3212 = CARTESIAN_POINT('',(81.747800508068,4.835823502371,
    -5.183125733422));
#3213 = CARTESIAN_POINT('',(82.206711925742,-6.71355335092,
    -5.094786510807));
#3214 = CARTESIAN_POINT('',(88.180567942424,-16.60858996937,
    -5.006447288193));
#3215 = CARTESIAN_POINT('',(98.077522881313,-22.39269871373,
    -4.918108065579));
#3216 = CARTESIAN_POINT('',(113.56645156778,-22.98414824126,
    -4.800322435427));
#3217 = CARTESIAN_POINT('',(126.14496234825,-11.97811131578,
    -4.682536805274));
#3218 = CARTESIAN_POINT('',(127.61502170968,3.452237023516,
    -4.56475117512));
#3219 = CARTESIAN_POINT('',(123.19600725968,14.02947401243,
    -4.476411952505));
#3220 = CARTESIAN_POINT('',(114.18163131912,21.264094375026,
    -4.38807272989));
#3221 = CARTESIAN_POINT('',(102.79540743181,23.252211820419,
    -4.299733507274));
#3222 = CARTESIAN_POINT('',(91.935513159717,19.582289828371,
    -4.211394284659));
#3223 = CARTESIAN_POINT('',(81.322611023715,8.285253374067,
    -4.093608654506));
#3224 = CARTESIAN_POINT('',(81.369511524724,-8.428500920006,
    -3.975823024353));
#3225 = CARTESIAN_POINT('',(92.045647301803,-19.66579816033,
    -3.858037394201));
#3226 = CARTESIAN_POINT('',(102.92596673853,-23.27471489306,
    -3.769698171586));
#3227 = CARTESIAN_POINT('',(114.30085367902,-21.22272744679,
    -3.681358948972));
#3228 = CARTESIAN_POINT('',(123.27448581147,-13.93763089699,
    -3.593019726357));
#3229 = CARTESIAN_POINT('',(127.63406952312,-3.33576026535,
    -3.504680503743));
#3230 = CARTESIAN_POINT('',(126.07743572878,12.086094863925,
    -3.386894873589));
#3231 = CARTESIAN_POINT('',(113.43735539813,23.02136584797,
    -3.269109243435));
#3232 = CARTESIAN_POINT('',(97.951989945245,22.342999288622,
    -3.151323613281));
#3233 = CARTESIAN_POINT('',(88.087652210288,16.503438339434,
    -3.062984390666));
#3234 = CARTESIAN_POINT('',(82.169422800407,6.575031315062,
    -2.974645168051));
#3235 = CARTESIAN_POINT('',(81.775335560716,-4.976739139479,
    -2.886305945436));
#3236 = CARTESIAN_POINT('',(86.912101031673,-15.22463021654,
    -2.797966722822));
#3237 = CARTESIAN_POINT('',(99.568504632711,-24.17293577034,
    -2.68018109267));
#3238 = CARTESIAN_POINT('',(116.11511685492,-21.81467238051,
    -2.562395462517));
#3239 = CARTESIAN_POINT('',(125.76769750633,-9.686836168154,
    -2.444609832365));
#3240 = CARTESIAN_POINT('',(127.83698039995,1.588078434651,
    -2.35627060975));
#3241 = CARTESIAN_POINT('',(124.23136489294,12.569801535169,
    -2.267931387134));
#3242 = CARTESIAN_POINT('',(115.77507849118,20.449517623858,
    -2.179592164519));
#3243 = CARTESIAN_POINT('',(104.67210542494,23.300766485835,
    -2.091252941903));
#3244 = CARTESIAN_POINT('',(89.613797793826,19.625974501942,
    -1.973467311749));
#3245 = CARTESIAN_POINT('',(80.531989258713,5.594847160636,
    -1.855681681596));
#3246 = CARTESIAN_POINT('',(83.345740606281,-9.647840576444,
    -1.737896051444));
#3247 = CARTESIAN_POINT('',(90.493586790789,-18.60964423343,
    -1.649556828829));
#3248 = CARTESIAN_POINT('',(101.14515839587,-23.09770924099,
    -1.561217606215));
#3249 = CARTESIAN_POINT('',(112.64040121635,-21.89018984043,
    -1.472878383601));
#3250 = CARTESIAN_POINT('',(122.07928050598,-15.38533218952,
    -1.384539160986));
#3251 = CARTESIAN_POINT('',(129.19096551965,-1.612870092161,
    -1.266753530833));
#3252 = CARTESIAN_POINT('',(124.56667369559,14.448500405531,
    -1.14896790068));
#3253 = CARTESIAN_POINT('',(111.22028799756,22.330805117453,
    -1.031182270526));
#3254 = CARTESIAN_POINT('',(99.767526649875,22.820666045053,
    -0.94284304791));
#3255 = CARTESIAN_POINT('',(89.390090226061,17.730753083849,
    -0.854503825295));
#3256 = CARTESIAN_POINT('',(82.755758316135,8.265813762509,
    -0.76616460268));
#3257 = CARTESIAN_POINT('',(81.467682420647,-3.124762247898,
    -0.677825380065));
#3258 = CARTESIAN_POINT('',(87.189935119806,-17.53014829276,
    -0.560039749913));
#3259 = CARTESIAN_POINT('',(102.34247766182,-24.58367739497,
    -0.442254119761));
#3260 = CARTESIAN_POINT('',(117.04930208562,-19.68896465938,
    -0.324468489608));
#3261 = CARTESIAN_POINT('',(124.9365537358,-11.36968040431,
    -0.236129266994));
#3262 = CARTESIAN_POINT('',(127.90764437518,-0.200838059882,
    -0.147790044379));
#3263 = CARTESIAN_POINT('',(125.12273973655,11.019027977772,
    -5.945082176327E-02));
#3264 = CARTESIAN_POINT('',(117.37300417857,19.463541743673,
    2.888840085217E-02));
#3265 = CARTESIAN_POINT('',(102.7531002008,24.61006167486,0.146674031006
    ));
#3266 = CARTESIAN_POINT('',(87.477901863267,17.792007994853,
    0.26445966116));
#3267 = CARTESIAN_POINT('',(81.528885668023,3.508007554663,
    0.382245291313));
#3268 = CARTESIAN_POINT('',(82.608395132962,-7.943700052629,
    0.470584513927));
#3269 = CARTESIAN_POINT('',(89.122496727851,-17.43766162025,
    0.558923736542));
#3270 = CARTESIAN_POINT('',(102.76004159036,-24.62864892788,
    0.676709366694));
#3271 = CARTESIAN_POINT('',(123.07071152389,-18.92694444309,
    0.823941404384));
#3272 = CARTESIAN_POINT('',(129.22674858616,1.250487171189,
    0.971173442076));
#3273 = CARTESIAN_POINT('',(122.32634123082,15.052831764876,
    1.08895907223));
#3274 = CARTESIAN_POINT('',(113.00548956577,21.755393915429,
    1.177298294845));
#3275 = CARTESIAN_POINT('',(101.52700633068,23.130298004666,
    1.265637517461));
#3276 = CARTESIAN_POINT('',(90.805003030723,18.831738796154,
    1.353976740076));
#3277 = CARTESIAN_POINT('',(83.50818853304,9.983623342576,1.442315962691
    ));
#3278 = CARTESIAN_POINT('',(80.442713799107,-5.206701868523,
    1.560101592844));
#3279 = CARTESIAN_POINT('',(89.289995541796,-19.38900444576,
    1.677887222996));
#3280 = CARTESIAN_POINT('',(104.28552146924,-23.31189284494,
    1.795672853149));
#3281 = CARTESIAN_POINT('',(115.43414617305,-20.6457981408,
    1.884012075763));
#3282 = CARTESIAN_POINT('',(124.02005239309,-12.90713420663,
    1.972351298378));
#3283 = CARTESIAN_POINT('',(127.80731414106,-1.986901730456,
    2.060690520992));
#3284 = CARTESIAN_POINT('',(125.92537430612,9.320872007985,
    2.149029743608));
#3285 = CARTESIAN_POINT('',(116.47530183039,21.607118431299,
    2.266815373762));
#3286 = CARTESIAN_POINT('',(99.970095041048,24.239584211178,
    2.384601003916));
#3287 = CARTESIAN_POINT('',(87.166985158514,15.502452280797,
    2.502386634069));
#3288 = CARTESIAN_POINT('',(81.860924711407,5.34119359249,2.590725856684
    ));
#3289 = CARTESIAN_POINT('',(82.06332314564,-6.215529063834,
    2.679065079299));
#3290 = CARTESIAN_POINT('',(87.816035111967,-16.24074581026,
    2.767404301913));
#3291 = CARTESIAN_POINT('',(97.582142025643,-22.24314497213,
    2.855743524527));
#3292 = CARTESIAN_POINT('',(113.05412319049,-23.17830607273,
    2.973529154679));
#3293 = CARTESIAN_POINT('',(125.87387053759,-12.45422811114,
    3.091314784832));
#3294 = CARTESIAN_POINT('',(127.6861251428,2.939681873934,3.209100414986
    ));
#3295 = CARTESIAN_POINT('',(123.50301700702,13.612415136064,
    3.297439637601));
#3296 = CARTESIAN_POINT('',(114.65147306289,21.045373890139,
    3.385778860216));
#3297 = CARTESIAN_POINT('',(103.31219206291,23.285778273383,
    3.474118082832));
#3298 = CARTESIAN_POINT('',(92.373501113263,19.857853075549,
    3.562457305447));
#3299 = CARTESIAN_POINT('',(81.512417618,8.799209851976,3.6802429356));
#3300 = CARTESIAN_POINT('',(81.188257133717,-7.911466436996,
    3.798028565753));
#3301 = CARTESIAN_POINT('',(91.612290971211,-19.38300700523,
    3.915814195905));
#3302 = CARTESIAN_POINT('',(102.40981005754,-23.23258004711,
    4.00415341852));
#3303 = CARTESIAN_POINT('',(113.82744821359,-21.43362359423,
    4.092492641134));
#3304 = CARTESIAN_POINT('',(122.96059966531,-14.34953932341,
    4.180831863749));
#3305 = CARTESIAN_POINT('',(127.55447304979,-3.847065407635,
    4.269171086363));
#3306 = CARTESIAN_POINT('',(126.34059184756,11.605546566681,
    4.386956716517));
#3307 = CARTESIAN_POINT('',(113.94639242469,22.818735360441,
    4.504742346671));
#3308 = CARTESIAN_POINT('',(98.44978352653,22.484314883879,
    4.622527976825));
#3309 = CARTESIAN_POINT('',(88.458237235349,16.865183835358,
    4.71086719944));
#3310 = CARTESIAN_POINT('',(82.321053346448,7.070609862889,
    4.799206422055));
#3311 = CARTESIAN_POINT('',(81.670611106188,-4.469564758011,
    4.88754564467));
#3312 = CARTESIAN_POINT('',(86.578604906641,-14.82896763093,
    4.975884867284));
#3313 = CARTESIAN_POINT('',(99.033234694638,-24.05604307455,
    5.093670497436));
#3314 = CARTESIAN_POINT('',(115.62812293196,-22.06569972468,
    5.211456127589));
#3315 = CARTESIAN_POINT('',(125.54756557469,-10.15514213674,
    5.329241757741));
#3316 = CARTESIAN_POINT('',(127.86664434033,1.071055113786,
    5.417580980356));
#3317 = CARTESIAN_POINT('',(124.50571439189,12.130117247179,
    5.505920202972));
#3318 = CARTESIAN_POINT('',(116.22644371532,20.195622963055,
    5.594259425587));
#3319 = CARTESIAN_POINT('',(105.18950545746,23.292657822568,
    5.682598648203));
#3320 = CARTESIAN_POINT('',(90.053327763951,19.953069640074,
    5.800384278357));
#3321 = CARTESIAN_POINT('',(80.662263018569,6.127018677935,5.91816990851
    ));
#3322 = CARTESIAN_POINT('',(83.136929540083,-9.17437831729,
    6.035955538662));
#3323 = CARTESIAN_POINT('',(90.084059815082,-18.29265731999,
    6.124294761277));
#3324 = CARTESIAN_POINT('',(100.63337024142,-23.01608350414,
    6.212633983891));
#3325 = CARTESIAN_POINT('',(112.15258702417,-22.06405929185,
    6.300973206505));
#3326 = CARTESIAN_POINT('',(121.73354982996,-15.77034951597,
    6.38931242912));
#3327 = CARTESIAN_POINT('',(129.14923340802,-2.159164355663,
    6.507098059273));
#3328 = CARTESIAN_POINT('',(124.88264912631,14.000911164789,
    6.624883689426));
#3329 = CARTESIAN_POINT('',(111.71453959721,22.177561813307,
    6.74266931958));
#3330 = CARTESIAN_POINT('',(100.27547966101,22.921563698364,
    6.831008542196));
#3331 = CARTESIAN_POINT('',(89.78759597818,18.063271689442,
    6.919347764811));
#3332 = CARTESIAN_POINT('',(82.944789480475,8.747977565068,
    7.007686987426));
#3333 = CARTESIAN_POINT('',(81.404131389086,-2.611247922367,
    7.096026210041));
#3334 = CARTESIAN_POINT('',(86.805225397444,-17.14000932556,
    7.213811840193));
#3335 = CARTESIAN_POINT('',(101.79733212297,-24.52841363163,
    7.331597470345));
#3336 = CARTESIAN_POINT('',(116.60935898468,-19.96107472958,
    7.449383100498));
#3337 = CARTESIAN_POINT('',(124.6790784156,-11.8194987559,7.537722323112
    ));
#3338 = CARTESIAN_POINT('',(127.89794246133,-0.718254697523,
    7.626061545727));
#3339 = CARTESIAN_POINT('',(125.36175376969,10.558555680816,
    7.714400768343));
#3340 = CARTESIAN_POINT('',(117.80332001224,19.176891376479,
    7.802739990958));
#3341 = CARTESIAN_POINT('',(103.29724461672,24.638621964645,
    7.920525621112));
#3342 = CARTESIAN_POINT('',(87.882647513952,18.177818731385,
    8.038311251266));
#3343 = CARTESIAN_POINT('',(81.605979022579,4.005304591417,
    8.156096881419));
#3344 = CARTESIAN_POINT('',(82.45135691333,-7.426710421291,
    8.244436104033));
#3345 = CARTESIAN_POINT('',(88.713613851645,-17.1417937162,
    8.332775326648));
#3346 = CARTESIAN_POINT('',(98.885851668063,-22.63035301668,
    8.421114549262));
#3347 = CARTESIAN_POINT('',(110.34899153512,-22.58501630845,
    8.509453771876));
#3348 = CARTESIAN_POINT('',(123.99103177487,-15.22624857905,
    8.627239402029));
#3349 = CARTESIAN_POINT('',(129.23473894143,0.643701559843,
    8.745025032182));
#3350 = CARTESIAN_POINT('',(122.66253142803,14.681607842439,
    8.862810662336));
#3351 = CARTESIAN_POINT('',(113.48302563347,21.54763321354,
    8.951149884951));
#3352 = CARTESIAN_POINT('',(102.04326128763,23.200054800227,
    9.039489107567));
#3353 = CARTESIAN_POINT('',(91.225645793097,19.128458012598,
    9.127828330182));
#3354 = CARTESIAN_POINT('',(83.735618444338,10.45060566632,
    9.216167552797));
#3355 = CARTESIAN_POINT('',(80.332838645038,-4.671491213268,
    9.33395318295));
#3356 = CARTESIAN_POINT('',(88.863656585768,-19.04427547804,
    9.451738813102));
#3357 = CARTESIAN_POINT('',(103.76811905805,-23.30029742471,
    9.569524443255));
#3358 = CARTESIAN_POINT('',(114.97331697162,-20.88179153336,
    9.657863665869));
#3359 = CARTESIAN_POINT('',(123.72883446677,-13.33595700159,
    9.746202888484));
#3360 = CARTESIAN_POINT('',(127.75763300856,-2.502329368238,
    9.834542111098));
#3361 = CARTESIAN_POINT('',(126.12717306597,8.844354350126,
    9.922881333714));
#3362 = CARTESIAN_POINT('',(116.95219857406,21.337415122848,
    10.040666963868));
#3363 = CARTESIAN_POINT('',(100.50949327312,24.335618692688,
    10.158452594022));
#3364 = CARTESIAN_POINT('',(87.515576110024,15.884888478286,
    10.276238224175));
#3365 = CARTESIAN_POINT('',(81.985239143751,5.843922186715,
    10.36457744679));
#3366 = CARTESIAN_POINT('',(81.931026619529,-5.714441295664,
    10.452916669405));
#3367 = CARTESIAN_POINT('',(87.459758015633,-15.86490111472,
    10.541255892019));
#3368 = CARTESIAN_POINT('',(97.090203549625,-22.08262978729,
    10.629595114633));
#3369 = CARTESIAN_POINT('',(112.53761059706,-23.36104283048,
    10.747380744785));
#3370 = CARTESIAN_POINT('',(125.59227569776,-12.92420895386,
    10.865166374938));
#3371 = CARTESIAN_POINT('',(127.74583217264,2.425674397736,
    10.982952005091));
#3372 = CARTESIAN_POINT('',(123.80069229781,13.18864343035,
    11.071291227707));
#3373 = CARTESIAN_POINT('',(115.11634335436,20.816276668592,
    11.159630450322));
#3374 = CARTESIAN_POINT('',(103.82959451746,23.307863729351,
    11.247969672938));
#3375 = CARTESIAN_POINT('',(92.817498691358,20.123624959172,
    11.336308895553));
#3376 = CARTESIAN_POINT('',(81.713587394472,9.308825917624,
    11.454094525706));
#3377 = CARTESIAN_POINT('',(81.018525704794,-7.390535492537,
    11.571880155859));
#3378 = CARTESIAN_POINT('',(91.185319476918,-19.09066492743,
    11.689665786012));
#3379 = CARTESIAN_POINT('',(101.89471599,-23.17899678217,11.778005008626
    ));
#3380 = CARTESIAN_POINT('',(113.34947747582,-21.63395804757,
    11.86634423124));
#3381 = CARTESIAN_POINT('',(122.63764641047,-14.75437788377,
    11.954683453855));
#3382 = CARTESIAN_POINT('',(127.46354509446,-4.35647747452,
    12.043022676469));
#3383 = CARTESIAN_POINT('',(126.59301482038,11.119274573122,
    12.160808306623));
#3384 = CARTESIAN_POINT('',(114.45080554983,22.604854066111,
    12.278593936777));
#3385 = CARTESIAN_POINT('',(98.950591664427,22.614544511964,
    12.396379566931));
#3386 = CARTESIAN_POINT('',(88.836761765958,17.218613098966,
    12.484718789546));
#3387 = CARTESIAN_POINT('',(82.483648487056,7.56270003732,
    12.573058012161));
#3388 = CARTESIAN_POINT('',(81.577171856776,-3.960190464085,
    12.661397234776));
#3389 = CARTESIAN_POINT('',(86.25397477966,-14.42599886331,
    12.74973645739));
#3390 = CARTESIAN_POINT('',(98.500691723434,-23.92729606408,
    12.867522087542));
#3391 = CARTESIAN_POINT('',(115.13567616293,-22.30585381804,
    12.985307717695));
#3392 = CARTESIAN_POINT('',(125.31709138918,-10.6184457055,
    13.103093347847));
#3393 = CARTESIAN_POINT('',(127.88482292539,0.553500668643,
    13.191432570462));
#3394 = CARTESIAN_POINT('',(124.77023517814,11.684450697877,
    13.279771793078));
#3395 = CARTESIAN_POINT('',(116.67206117269,19.931770454385,
    13.368111015693));
#3396 = CARTESIAN_POINT('',(105.70659796252,23.27306475682,
    13.456450238309));
#3397 = CARTESIAN_POINT('',(90.500010994341,20.270326476993,
    13.574235868463));
#3398 = CARTESIAN_POINT('',(80.804319022884,6.656166956323,
    13.692021498616));
#3399 = CARTESIAN_POINT('',(82.938680897832,-8.696397122193,
    13.809807128768));
#3400 = CARTESIAN_POINT('',(89.681670991327,-17.96665686116,
    13.898146351383));
#3401 = CARTESIAN_POINT('',(100.12352026402,-22.92311619771,
    13.986485573997));
#3402 = CARTESIAN_POINT('',(111.6610332391,-22.22705604345,
    14.074824796611));
#3403 = CARTESIAN_POINT('',(121.37935665538,-16.14759710324,
    14.163164019226));
#3404 = CARTESIAN_POINT('',(129.09538423036,-2.70439648508,
    14.280949649379));
#3405 = CARTESIAN_POINT('',(125.18860909672,13.54641550432,
    14.398735279532));
#3406 = CARTESIAN_POINT('',(112.20526856605,22.013386217784,
    14.516520909686));
#3407 = CARTESIAN_POINT('',(100.785544876,23.011154663847,
    14.604860132302));
#3408 = CARTESIAN_POINT('',(90.192390723618,18.386893588563,
    14.693199354917));
#3409 = CARTESIAN_POINT('',(83.144468870388,9.225807247994,
    14.781538577532));
#3410 = CARTESIAN_POINT('',(81.352012902791,-2.096415706585,
    14.869877800147));
#3411 = CARTESIAN_POINT('',(86.429233728435,-16.74150201858,
    14.987663430299));
#3412 = CARTESIAN_POINT('',(101.2536211822,-24.46091384074,
    15.105449060451));
#3413 = CARTESIAN_POINT('',(116.16339357329,-20.2235312,15.223234690604)
  );
#3414 = CARTESIAN_POINT('',(124.41186915031,-12.26311150727,
    15.311573913219));
#3415 = CARTESIAN_POINT('',(127.87639021793,-1.236062982827,
    15.399913135833));
#3416 = CARTESIAN_POINT('',(125.59117452945,10.09427216869,
    15.488252358449));
#3417 = CARTESIAN_POINT('',(118.22593274926,18.878282901166,
    15.576591581064));
#3418 = CARTESIAN_POINT('',(103.84468421314,24.660705831088,
    15.694377211218));
#3419 = CARTESIAN_POINT('',(88.290454717284,18.543702720914,
    15.812162841372));
#3420 = CARTESIAN_POINT('',(81.700699871668,4.51402505274,
    15.929948471525));
#3421 = CARTESIAN_POINT('',(82.292075888583,-6.933940069306,
    16.018287694139));
#3422 = CARTESIAN_POINT('',(88.337112235341,-16.78565265925,
    16.106626916754));
#3423 = CARTESIAN_POINT('',(98.38499568777,-22.4986854366,
    16.194966139368));
#3424 = CARTESIAN_POINT('',(109.8463168836,-22.70784440679,
    16.283305361982));
#3425 = CARTESIAN_POINT('',(123.64836140448,-15.65374691372,
    16.401090992135));
#3426 = CARTESIAN_POINT('',(129.24309299837,9.588040415716E-02,
    16.518876622288));
#3427 = CARTESIAN_POINT('',(122.98415019182,14.276231575497,
    16.636662252442));
#3428 = CARTESIAN_POINT('',(113.95933417991,21.34435204561,
    16.725001475057));
#3429 = CARTESIAN_POINT('',(102.55907339308,23.250331946072,
    16.813340697673));
#3430 = CARTESIAN_POINT('',(91.653733519376,19.419892333243,
    16.901679920288));
#3431 = CARTESIAN_POINT('',(83.972901689587,10.910459130529,
    16.990019142903));
#3432 = CARTESIAN_POINT('',(80.235246280772,-4.132368278011,
    17.107804773056));
#3433 = CARTESIAN_POINT('',(88.444882430768,-18.69099652878,
    17.225590403208));
#3434 = CARTESIAN_POINT('',(103.25118688518,-23.2768522615,
    17.343376033361));
#3435 = CARTESIAN_POINT('',(114.50731463434,-21.1077005555,
    17.431715255975));
#3436 = CARTESIAN_POINT('',(123.42819365115,-13.75810036529,
    17.52005447859));
#3437 = CARTESIAN_POINT('',(127.69650845179,-3.016583053882,
    17.608393701204));
#3438 = CARTESIAN_POINT('',(126.31834949548,8.363500817517,
    17.69673292382));
#3439 = CARTESIAN_POINT('',(117.42298522977,21.057169277758,
    17.814518553973));
#3440 = CARTESIAN_POINT('',(101.05089318036,24.419665996779,
    17.932304184128));
#3441 = CARTESIAN_POINT('',(87.872570168561,16.259486648582,
    18.050089814281));
#3442 = CARTESIAN_POINT('',(82.120684281686,6.343769842758,
    18.138429036896));
#3443 = CARTESIAN_POINT('',(81.80988662601,-5.210541482711,
    18.226768259511));
#3444 = CARTESIAN_POINT('',(87.111912746995,-15.48123884953,
    18.315107482125));
#3445 = CARTESIAN_POINT('',(96.601949706687,-21.91123336996,
    18.403446704739));
#3446 = CARTESIAN_POINT('',(112.01716856936,-23.53226755033,
    18.521232334891));
#3447 = CARTESIAN_POINT('',(125.30031653349,-13.38782264572,
    18.639017965044));
#3448 = CARTESIAN_POINT('',(127.79411341152,1.910468158457,
    18.756803595197));
#3449 = CARTESIAN_POINT('',(124.08888638065,12.75836766383,
    18.845142817813));
#3450 = CARTESIAN_POINT('',(115.57601306625,20.576915695377,
    18.933482040428));
#3451 = CARTESIAN_POINT('',(104.3473597553,23.318457271046,
    19.021821263044));
#3452 = CARTESIAN_POINT('',(93.267287045553,20.379474492006,
    19.110160485659));
#3453 = CARTESIAN_POINT('',(81.926021191684,9.813850363256,
    19.227946115812));
#3454 = CARTESIAN_POINT('',(80.860400901853,-6.865964853273,
    19.345731745965));
#3455 = CARTESIAN_POINT('',(90.764943277543,-18.78891602848,
    19.463517376118));
#3456 = CARTESIAN_POINT('',(101.38093843206,-23.11399150852,
    19.551856598732));
#3457 = CARTESIAN_POINT('',(112.86717706285,-21.82363206048,
    19.640195821346));
#3458 = CARTESIAN_POINT('',(122.30578523444,-15.15194702805,
    19.728535043961));
#3459 = CARTESIAN_POINT('',(127.36133047652,-4.8637453711,
    19.816874266575));
#3460 = CARTESIAN_POINT('',(126.83458022509,10.627518572517,
    19.934659896729));
#3461 = CARTESIAN_POINT('',(114.95034614245,22.379827389456,
    20.052445526883));
#3462 = CARTESIAN_POINT('',(99.454167504813,22.733623981232,
    20.170231157037));
#3463 = CARTESIAN_POINT('',(89.22303922298,17.563551920842,
    20.258570379652));
#3464 = CARTESIAN_POINT('',(82.657128077217,8.051059281446,
    20.346909602267));
#3465 = CARTESIAN_POINT('',(81.495063869751,-3.448867334247,
    20.435248824882));
#3466 = CARTESIAN_POINT('',(85.938370664721,-14.01592254157,
    20.523588047496));
#3467 = CARTESIAN_POINT('',(97.971138215609,-23.78675820002,
    20.641373677648));
#3468 = CARTESIAN_POINT('',(114.63801928073,-22.53501628547,
    20.759159307801));
#3469 = CARTESIAN_POINT('',(125.07638855297,-11.07651850721,
    20.876944937953));
#3470 = CARTESIAN_POINT('',(127.89150719513,3.567020876523E-02,
    20.965284160568));
#3471 = CARTESIAN_POINT('',(125.02479686546,11.233021559616,
    21.053623383184));
#3472 = CARTESIAN_POINT('',(117.11171121491,19.658090157299,
    21.141962605799));
#3473 = CARTESIAN_POINT('',(106.2231280563,23.241996939984,
    21.230301828415));
#3474 = CARTESIAN_POINT('',(90.95362731633,20.577588647309,
    21.348087458568));
#3475 = CARTESIAN_POINT('',(80.958087237699,7.182031145061,
    21.465873088722));
#3476 = CARTESIAN_POINT('',(82.751092414385,-8.214132560053,
    21.583658718874));
#3477 = CARTESIAN_POINT('',(89.286618628443,-17.63180361686,
    21.671997941489));
#3478 = CARTESIAN_POINT('',(99.61585983901,-22.81885300958,
    21.760337164103));
#3479 = CARTESIAN_POINT('',(111.16598203263,-22.37910000945,
    21.848676386717));
#3480 = CARTESIAN_POINT('',(121.01687578517,-16.5168885407,
    21.937015609332));
#3481 = CARTESIAN_POINT('',(129.02944403772,-3.248298773933,
    22.054801239485));
#3482 = CARTESIAN_POINT('',(125.48440374684,13.085239470762,
    22.172586869638));
#3483 = CARTESIAN_POINT('',(112.6922318536,21.838356781442,
    22.290372499792));
#3484 = CARTESIAN_POINT('',(101.29747332372,23.0893999765,
    22.378711722408));
#3485 = CARTESIAN_POINT('',(90.604270190368,18.701449187479,
    22.467050945023));
#3486 = CARTESIAN_POINT('',(83.354706983613,9.699086234845,
    22.555390167638));
#3487 = CARTESIAN_POINT('',(81.311336662724,-1.580553329349,
    22.643729390253));
#3488 = CARTESIAN_POINT('',(86.06218168343,-16.33474582301,
    22.761515020405));
#3489 = CARTESIAN_POINT('',(100.71154275568,-24.38136016238,
    22.879300650557));
#3490 = CARTESIAN_POINT('',(115.71171147285,-20.47602245461,
    22.99708628071));
#3491 = CARTESIAN_POINT('',(124.1348774332,-12.70068279749,
    23.085425503325));
#3492 = CARTESIAN_POINT('',(127.84334780738,-1.753265223598,
    23.173764725939));
#3493 = CARTESIAN_POINT('',(125.81023155561,9.625009955334,
    23.262103948555));
#3494 = CARTESIAN_POINT('',(118.64181212144,18.570365787656,
    23.35044317117));
#3495 = CARTESIAN_POINT('',(104.39247922148,24.67063124767,
    23.468228801324));
#3496 = CARTESIAN_POINT('',(88.706284003647,18.900442564386,
    23.586014431478));
#3497 = CARTESIAN_POINT('',(81.806691247115,5.020517987119,
    23.703800061631));
#3498 = CARTESIAN_POINT('',(82.143773421714,-6.437756505979,
    23.792139284246));
#3499 = CARTESIAN_POINT('',(87.968610449199,-16.42123819294,
    23.88047850686));
#3500 = CARTESIAN_POINT('',(97.887185031409,-22.35593636214,
    23.968817729474));
#3501 = CARTESIAN_POINT('',(109.34104139737,-22.81947344963,
    24.057156952088));
#3502 = CARTESIAN_POINT('',(123.29628017808,-16.0735535654,
    24.174942582241));
#3503 = CARTESIAN_POINT('',(129.23929240295,-0.451950505655,
    24.292728212394));
#3504 = CARTESIAN_POINT('',(123.29667901254,13.863765381962,
    24.410513842548));
#3505 = CARTESIAN_POINT('',(114.43103602553,21.130651452751,
    24.498853065163));
#3506 = CARTESIAN_POINT('',(103.07582880457,23.288942589674,
    24.587192287779));
#3507 = CARTESIAN_POINT('',(92.088271666009,19.702132876386,
    24.675531510394));
#3508 = CARTESIAN_POINT('',(84.220181175221,11.364247483475,
    24.763870733009));
#3509 = CARTESIAN_POINT('',(80.149995998471,-3.589661222951,
    24.881656363162));
#3510 = CARTESIAN_POINT('',(88.033378707398,-18.33150616581,
    24.999441993314));
#3511 = CARTESIAN_POINT('',(102.73572977806,-23.2382660161,
    25.117227623467));
#3512 = CARTESIAN_POINT('',(114.03467417803,-21.33092053458,
    25.205566846081));
#3513 = CARTESIAN_POINT('',(123.12162814451,-14.15849409479,
    25.293906068696));
#3514 = CARTESIAN_POINT('',(127.61761843666,-3.557621164826,
    25.38224529131));
#3515 = CARTESIAN_POINT('',(126.5103785268,7.930103944851,
    25.470584513926));
#3516 = CARTESIAN_POINT('',(122.18482726986,14.284657215015,
    25.529477329003));
#3517 = CARTESIAN_POINT('',(119.39389196615,16.753868189949,
    25.558923736541));
#3518 = CARTESIAN_POINT('',(119.71480736637,17.116597065326,
    -24.55343397244));
#3519 = CARTESIAN_POINT('',(116.86360155162,19.639130884084,
    -24.5239875649));
#3520 = CARTESIAN_POINT('',(109.88113024679,23.234367668893,
    -24.46509474983));
#3521 = CARTESIAN_POINT('',(98.094543299983,22.926719098605,
    -24.37675552721));
#3522 = CARTESIAN_POINT('',(87.904688360356,17.047840776619,
    -24.2884163046));
#3523 = CARTESIAN_POINT('',(81.76307649616,6.940378631896,
    -24.20007708198));
#3524 = CARTESIAN_POINT('',(81.235755982556,-4.75451803692,
    -24.11173785937));
#3525 = CARTESIAN_POINT('',(88.041895927751,-19.0521815243,
    -23.99395222922));
#3526 = CARTESIAN_POINT('',(103.97205223603,-25.21067729159,
    -23.87616659906));
#3527 = CARTESIAN_POINT('',(118.62895581108,-19.22153870634,
    -23.75838096891));
#3528 = CARTESIAN_POINT('',(126.10416343571,-10.2049577622,
    -23.6700417463));
#3529 = CARTESIAN_POINT('',(128.37325980971,1.383302757297,
    -23.58170252368));
#3530 = CARTESIAN_POINT('',(124.77089290261,12.629067106161,
    -23.49336330107));
#3531 = CARTESIAN_POINT('',(116.29824161622,20.714290587005,
    -23.40502407845));
#3532 = CARTESIAN_POINT('',(101.04182388245,24.957856031602,
    -23.2872384483));
#3533 = CARTESIAN_POINT('',(85.941043435657,16.986484854855,
    -23.16945281814));
#3534 = CARTESIAN_POINT('',(80.838021772261,1.995583627508,
    -23.05166718799));
#3535 = CARTESIAN_POINT('',(82.734144485932,-9.561221720711,
    -22.96332796537));
#3536 = CARTESIAN_POINT('',(89.987018771146,-18.88001291373,
    -22.87498874276));
#3537 = CARTESIAN_POINT('',(100.83577024208,-23.5435426839,
    -22.78664952015));
#3538 = CARTESIAN_POINT('',(112.49673825225,-22.45871939875,
    -22.69831029753));
#3539 = CARTESIAN_POINT('',(125.71230906661,-13.73420078402,
    -22.58052466738));
#3540 = CARTESIAN_POINT('',(129.61039702724,2.890451715521,
    -22.46273903723));
#3541 = CARTESIAN_POINT('',(121.65042395325,16.580134242458,
    -22.34495340707));
#3542 = CARTESIAN_POINT('',(111.68707485153,22.735346540363,
    -22.25661418446));
#3543 = CARTESIAN_POINT('',(99.896060433921,23.380307958718,
    -22.16827496184));
#3544 = CARTESIAN_POINT('',(89.256814109573,18.256790608918,
    -22.07993573923));
#3545 = CARTESIAN_POINT('',(82.421152140929,8.74739037678,
    -21.99159651661));
#3546 = CARTESIAN_POINT('',(80.328658299288,-6.949426046858,
    -21.87381088646));
#3547 = CARTESIAN_POINT('',(90.312087812327,-20.80241414414,
    -21.75602525631));
#3548 = CARTESIAN_POINT('',(105.86474917372,-23.78290090068,
    -21.63823962615));
#3549 = CARTESIAN_POINT('',(117.04819391076,-20.30647594131,
    -21.54990040354));
#3550 = CARTESIAN_POINT('',(125.27421213624,-11.83436770528,
    -21.46156118092));
#3551 = CARTESIAN_POINT('',(128.39233536849,-0.444841759305,
    -21.37322195831));
#3552 = CARTESIAN_POINT('',(125.70501835658,10.953986865972,
    -21.28488273569));
#3553 = CARTESIAN_POINT('',(115.23640857882,22.83577065009,
    -21.16709710554));
#3554 = CARTESIAN_POINT('',(98.232379036166,24.396899563628,
    -21.04931147539));
#3555 = CARTESIAN_POINT('',(85.775291263624,14.619909188342,
    -20.93152584523));
#3556 = CARTESIAN_POINT('',(81.057354702408,3.900952086385,
    -20.84318662262));
#3557 = CARTESIAN_POINT('',(82.049502670283,-7.865935190481,-20.7548474)
  );
#3558 = CARTESIAN_POINT('',(88.595371778544,-17.69424081221,
    -20.66650817739));
#3559 = CARTESIAN_POINT('',(98.958861697231,-23.14887585545,
    -20.57816895478));
#3560 = CARTESIAN_POINT('',(114.79422783115,-23.05010352399,
    -20.46038332462));
#3561 = CARTESIAN_POINT('',(127.13317072768,-11.24651795123,
    -20.34259769447));
#3562 = CARTESIAN_POINT('',(127.93379503475,4.568904183122,
    -20.22481206432));
#3563 = CARTESIAN_POINT('',(122.9439138097,15.163999846197,
    -20.1364728417));
#3564 = CARTESIAN_POINT('',(113.41543393208,22.139103071116,
    -20.04813361909));
#3565 = CARTESIAN_POINT('',(101.70409297477,23.651877594351,
    -19.95979439647));
#3566 = CARTESIAN_POINT('',(90.786535862283,19.413727827603,
    -19.87145517386));
#3567 = CARTESIAN_POINT('',(80.466958970858,7.402278733058,
    -19.7536695437));
#3568 = CARTESIAN_POINT('',(81.272799847778,-9.654238046705,
    -19.63588391355));
#3569 = CARTESIAN_POINT('',(92.678852399058,-20.63925246482,
    -19.5180982834));
#3570 = CARTESIAN_POINT('',(103.9473531522,-23.82921445931,
    -19.42975906078));
#3571 = CARTESIAN_POINT('',(115.46390354292,-21.21903039023,
    -19.34141983817));
#3572 = CARTESIAN_POINT('',(124.29232637749,-13.37664911728,
    -19.25308061555));
#3573 = CARTESIAN_POINT('',(128.26107313108,-2.358300059651,
    -19.16474139294));
#3574 = CARTESIAN_POINT('',(125.97293343634,13.31119237968,
    -19.04695576279));
#3575 = CARTESIAN_POINT('',(112.57610716451,23.898882874764,
    -18.92917013263));
#3576 = CARTESIAN_POINT('',(96.801964241786,22.504253310276,
    -18.81138450248));
#3577 = CARTESIAN_POINT('',(86.99890066502,16.096842658559,
    -18.72304527986));
#3578 = CARTESIAN_POINT('',(81.408803726661,5.695169235679,
    -18.63470605725));
#3579 = CARTESIAN_POINT('',(81.53045990336,-6.112844718886,
    -18.54636683463));
#3580 = CARTESIAN_POINT('',(87.23796707715,-16.33924822212,
    -18.45802761202));
#3581 = CARTESIAN_POINT('',(100.56134411418,-24.89823185909,
    -18.34024198187));
#3582 = CARTESIAN_POINT('',(117.34244899874,-21.74091289664,
    -18.22245635171));
#3583 = CARTESIAN_POINT('',(126.64421114826,-8.925071235542,
    -18.10467072156));
#3584 = CARTESIAN_POINT('',(128.24487387629,2.676344435874,
    -18.01633149895));
#3585 = CARTESIAN_POINT('',(124.06683259672,13.721160633653,
    -17.92799227633));
#3586 = CARTESIAN_POINT('',(115.0787032363,21.379980671814,
    -17.83965305371));
#3587 = CARTESIAN_POINT('',(103.61731478819,23.786542865338,
    -17.7513138311));
#3588 = CARTESIAN_POINT('',(88.414930641263,19.353023629103,
    -17.63352820095));
#3589 = CARTESIAN_POINT('',(79.782033198371,4.620500901554,
    -17.51574257079));
#3590 = CARTESIAN_POINT('',(83.345105895171,-10.8091163823,
    -17.39795694064));
#3591 = CARTESIAN_POINT('',(91.046868163032,-19.63169110395,
    -17.30961771803));
#3592 = CARTESIAN_POINT('',(102.12177052337,-23.72931620705,
    -17.22127849541));
#3593 = CARTESIAN_POINT('',(113.7994569933,-21.97556808194,
    -17.1329392728));
#3594 = CARTESIAN_POINT('',(123.13811171624,-14.90842617622,
    -17.04460005018));
#3595 = CARTESIAN_POINT('',(129.77196186215,-0.529253431919,
    -16.92681442003));
#3596 = CARTESIAN_POINT('',(124.32386197533,15.653835018698,
    -16.80902878988));
#3597 = CARTESIAN_POINT('',(110.34460644108,23.093525286237,
    -16.69124315972));
#3598 = CARTESIAN_POINT('',(98.633304631508,23.074117170795,
    -16.60290393711));
#3599 = CARTESIAN_POINT('',(88.27255118665,17.408538486196,
    -16.51456471449));
#3600 = CARTESIAN_POINT('',(81.930569190895,7.447451289409,
    -16.42622549188));
#3601 = CARTESIAN_POINT('',(81.132455965628,-4.236639690617,
    -16.33788626926));
#3602 = CARTESIAN_POINT('',(87.626123559954,-18.67966076459,
    -16.22010063911));
#3603 = CARTESIAN_POINT('',(103.41112070679,-25.1918039795,
    -16.10231500896));
#3604 = CARTESIAN_POINT('',(118.19958917939,-19.52878563204,
    -15.9845293788));
#3605 = CARTESIAN_POINT('',(125.8720674624,-10.68073252717,
    -15.89619015619));
#3606 = CARTESIAN_POINT('',(128.39844686728,0.854491826048,
    -15.80785093357));
#3607 = CARTESIAN_POINT('',(125.04632132621,12.177355780606,
    -15.71951171096));
#3608 = CARTESIAN_POINT('',(116.7554053527,20.448732876956,
    -15.63117248834));
#3609 = CARTESIAN_POINT('',(101.59686604107,25.029918586656,
    -15.51338685819));
#3610 = CARTESIAN_POINT('',(86.322902132057,17.395773534115,
    -15.39560122804));
#3611 = CARTESIAN_POINT('',(80.888306382,2.521845149108,-15.27781559788)
  );
#3612 = CARTESIAN_POINT('',(82.527412234001,-9.074201537406,
    -15.18947637527));
#3613 = CARTESIAN_POINT('',(89.571611693237,-18.55171427836,
    -15.10113715265));
#3614 = CARTESIAN_POINT('',(100.31416206841,-23.45493823952,
    -15.01279793004));
#3615 = CARTESIAN_POINT('',(111.99633742754,-22.62925935013,
    -14.92445870743));
#3616 = CARTESIAN_POINT('',(125.4023388509,-14.20027943524,
    -14.80667307727));
#3617 = CARTESIAN_POINT('',(129.66853661995,2.333737039064,
    -14.68888744712));
#3618 = CARTESIAN_POINT('',(122.01444003159,16.196759147714,
    -14.57110181697));
#3619 = CARTESIAN_POINT('',(112.19019347664,22.571643176256,
    -14.48276259435));
#3620 = CARTESIAN_POINT('',(100.41640343069,23.478209075961,
    -14.39442337174));
#3621 = CARTESIAN_POINT('',(89.666035817435,18.5921482949,
    -14.30608414912));
#3622 = CARTESIAN_POINT('',(82.620947557678,9.236845084308,
    -14.21774492651));
#3623 = CARTESIAN_POINT('',(80.180496248163,-6.409648899161,
    -14.09995929635));
#3624 = CARTESIAN_POINT('',(89.853925579093,-20.48085741715,
    -13.9821736662));
#3625 = CARTESIAN_POINT('',(105.33658635748,-23.80588249828,
    -13.86438803605));
#3626 = CARTESIAN_POINT('',(116.59445235564,-20.57858952782,
    -13.77604881343));
#3627 = CARTESIAN_POINT('',(125.00652610199,-12.29118890625,
    -13.68770959082));
#3628 = CARTESIAN_POINT('',(128.37673111336,-0.973693072021,
    -13.5993703682));
#3629 = CARTESIAN_POINT('',(125.94313318557,10.481985339829,
    -13.51103114559));
#3630 = CARTESIAN_POINT('',(115.74088195969,22.59324648361,
    -13.39324551543));
#3631 = CARTESIAN_POINT('',(98.775700601649,24.531484256924,
    -13.27545988528));
#3632 = CARTESIAN_POINT('',(86.104631376257,15.033453868775,
    -13.15767425513));
#3633 = CARTESIAN_POINT('',(81.149894112027,4.421877859892,
    -13.06933503251));
#3634 = CARTESIAN_POINT('',(81.880569787692,-7.364135326656,
    -12.9809958099));
#3635 = CARTESIAN_POINT('',(88.206634843213,-17.33533859857,
    -12.89265658728));
#3636 = CARTESIAN_POINT('',(98.446476389525,-23.01870132289,
    -12.80431736467));
#3637 = CARTESIAN_POINT('',(114.28013257562,-23.27150233041,
    -12.68653173452));
#3638 = CARTESIAN_POINT('',(126.87807695094,-11.74475336578,
    -12.56874610436));
#3639 = CARTESIAN_POINT('',(128.02961017382,4.048996910998,
    -12.45096047421));
#3640 = CARTESIAN_POINT('',(123.27617244548,14.75225793335,
    -12.3626212516));
#3641 = CARTESIAN_POINT('',(113.90488991218,21.937176684294,
    -12.27428202898));
#3642 = CARTESIAN_POINT('',(102.2300192466,23.70957300524,
    -12.18594280636));
#3643 = CARTESIAN_POINT('',(91.221064869318,19.714840189566,
    -12.09760358375));
#3644 = CARTESIAN_POINT('',(80.637374193694,7.935448513781,
    -11.9798179536));
#3645 = CARTESIAN_POINT('',(81.064357627888,-9.134754452914,
    -11.86203232344));
#3646 = CARTESIAN_POINT('',(92.223729088268,-20.37027870317,
    -11.74424669329));
#3647 = CARTESIAN_POINT('',(103.41863471869,-23.8096179821,
    -11.65590747068));
#3648 = CARTESIAN_POINT('',(114.99029351273,-21.45574743961,
    -11.56756824806));
#3649 = CARTESIAN_POINT('',(123.99064331113,-13.81129211022,
    -11.47922902545));
#3650 = CARTESIAN_POINT('',(128.2030219844,-2.883765735838,
    -11.39088980283));
#3651 = CARTESIAN_POINT('',(126.26331277438,12.832662126415,
    -11.27310417268));
#3652 = CARTESIAN_POINT('',(113.10483754303,23.715156039262,
    -11.15531854253));
#3653 = CARTESIAN_POINT('',(97.30362113223,22.671060015036,
    -11.03753291237));
#3654 = CARTESIAN_POINT('',(87.360727495786,16.482858912597,
    -10.94919368976));
#3655 = CARTESIAN_POINT('',(81.541088578597,6.2078505598,-10.86085446714
    ));
#3656 = CARTESIAN_POINT('',(81.400573978522,-5.599954038163,
    -10.77251524453));
#3657 = CARTESIAN_POINT('',(86.879645848531,-15.95054523833,
    -10.68417602191));
#3658 = CARTESIAN_POINT('',(100.00972773483,-24.80320168867,
    -10.56639039176));
#3659 = CARTESIAN_POINT('',(116.85679007103,-22.019205493,
    -10.44860476161));
#3660 = CARTESIAN_POINT('',(126.44077456255,-9.413023761997,
    -10.33081913145));
#3661 = CARTESIAN_POINT('',(128.29859705953,2.149997569799,
    -10.24247990884));
#3662 = CARTESIAN_POINT('',(124.36678309972,13.284845245543,
    -10.15414068622));
#3663 = CARTESIAN_POINT('',(115.55089659137,21.141316390297,
    -10.06580146361));
#3664 = CARTESIAN_POINT('',(104.14575913733,23.801731095627,
    -9.977462240998));
#3665 = CARTESIAN_POINT('',(88.848696496108,19.706801167141,
    -9.859676610844));
#3666 = CARTESIAN_POINT('',(79.890861077822,5.16956178698,
    -9.741890980691));
#3667 = CARTESIAN_POINT('',(83.110514362322,-10.33535386246,
    -9.624105350538));
#3668 = CARTESIAN_POINT('',(90.61451517252,-19.32673521298,
    -9.535766127924));
#3669 = CARTESIAN_POINT('',(101.59571978088,-23.66921597008,
    -9.44742690531));
#3670 = CARTESIAN_POINT('',(113.30946185407,-22.17514755828,
    -9.359087682696));
#3671 = CARTESIAN_POINT('',(122.80270728792,-15.31706780643,
    -9.270748460081));
#3672 = CARTESIAN_POINT('',(129.75414363007,-1.088711986109,
    -9.152962829928));
#3673 = CARTESIAN_POINT('',(124.66665497536,15.211337196806,
    -9.035177199774));
#3674 = CARTESIAN_POINT('',(110.8560076507,22.959536796885,
    -8.91739156962));
#3675 = CARTESIAN_POINT('',(99.147161294397,23.200127225348,
    -8.829052347005));
#3676 = CARTESIAN_POINT('',(88.663184086623,17.765956112531,
    -8.74071312439));
#3677 = CARTESIAN_POINT('',(82.101626540299,7.94811743272,
    -8.652373901775));
#3678 = CARTESIAN_POINT('',(81.044320341057,-3.715375626861,
    -8.56403467916));
#3679 = CARTESIAN_POINT('',(87.215748937833,-18.2989981413,
    -8.446249049008));
#3680 = CARTESIAN_POINT('',(102.85228461072,-25.15996719295,
    -8.328463418855));
#3681 = CARTESIAN_POINT('',(117.76282877011,-19.82665214135,
    -8.210677788703));
#3682 = CARTESIAN_POINT('',(125.62984506647,-11.1511105823,
    -8.122338566088));
#3683 = CARTESIAN_POINT('',(128.41168662864,0.325184608192,
    -8.033999343473));
#3684 = CARTESIAN_POINT('',(125.31175758373,11.71967598311,
    -7.945660120858));
#3685 = CARTESIAN_POINT('',(117.20651154631,20.173074910333,
    -7.857320898243));
#3686 = CARTESIAN_POINT('',(102.15341158622,25.089654835476,
    -7.739535268089));
#3687 = CARTESIAN_POINT('',(86.713732149278,17.796476991661,
    -7.621749637935));
#3688 = CARTESIAN_POINT('',(80.950270943713,3.046863725516,
    -7.503964007782));
#3689 = CARTESIAN_POINT('',(82.331537759801,-8.582713598387,
    -7.415624785167));
#3690 = CARTESIAN_POINT('',(89.16359803754,-18.21427349997,
    -7.327285562553));
#3691 = CARTESIAN_POINT('',(99.794648079396,-23.35477627538,
    -7.238946339939));
#3692 = CARTESIAN_POINT('',(111.49227457175,-22.78864802569,
    -7.150607117325));
#3693 = CARTESIAN_POINT('',(125.0820974213,-14.65936198774,
    -7.032821487172));
#3694 = CARTESIAN_POINT('',(129.71430296537,1.775868949927,
    -6.915035857019));
#3695 = CARTESIAN_POINT('',(122.36985525031,15.805397250254,
    -6.797250226865));
#3696 = CARTESIAN_POINT('',(112.68955392033,22.396810824797,
    -6.708911004249));
#3697 = CARTESIAN_POINT('',(100.93879157755,23.564534310859,
    -6.620571781634));
#3698 = CARTESIAN_POINT('',(90.082601711899,18.918338514577,
    -6.532232559019));
#3699 = CARTESIAN_POINT('',(82.831559738642,9.721743652786,
    -6.443893336404));
#3700 = CARTESIAN_POINT('',(80.04435390439,-5.866715546454,
    -6.326107706251));
#3701 = CARTESIAN_POINT('',(89.403014896628,-20.14920862748,
    -6.208322076098));
#3702 = CARTESIAN_POINT('',(104.80804351464,-23.81713308785,
    -6.090536445946));
#3703 = CARTESIAN_POINT('',(116.13478163873,-20.84056287734,
    -6.002197223332));
#3704 = CARTESIAN_POINT('',(124.72876449877,-12.74195482547,
    -5.913858000717));
#3705 = CARTESIAN_POINT('',(128.34939007542,-1.502067628077,
    -5.825518778102));
#3706 = CARTESIAN_POINT('',(126.17071078073,10.004813933874,
    -5.737179555487));
#3707 = CARTESIAN_POINT('',(116.23984691434,22.33958265631,
    -5.619393925333));
#3708 = CARTESIAN_POINT('',(99.321876075502,24.653973909599,
    -5.501608295179));
#3709 = CARTESIAN_POINT('',(86.443071114004,15.439585197777,
    -5.383822665026));
#3710 = CARTESIAN_POINT('',(81.253975394192,4.940620850733,
    -5.295483442411));
#3711 = CARTESIAN_POINT('',(81.722818619124,-6.858708783062,
    -5.207144219796));
#3712 = CARTESIAN_POINT('',(87.825961431159,-16.96789478354,
    -5.118804997182));
#3713 = CARTESIAN_POINT('',(97.937107268563,-22.87718379362,
    -5.030465774568));
#3714 = CARTESIAN_POINT('',(113.76124891425,-23.48143353157,
    -4.912680144415));
#3715 = CARTESIAN_POINT('',(126.61198509564,-12.23720284319,
    -4.794894514263));
#3716 = CARTESIAN_POINT('',(128.11385963027,3.52709065354,
    -4.677108884109));
#3717 = CARTESIAN_POINT('',(123.59920842316,14.333241273816,
    -4.588769661494));
#3718 = CARTESIAN_POINT('',(114.38974244792,21.724434021092,
    -4.500430438878));
#3719 = CARTESIAN_POINT('',(102.75709675308,23.755578505067,
    -4.412091216263));
#3720 = CARTESIAN_POINT('',(91.662171552145,20.006231690554,
    -4.323751993648));
#3721 = CARTESIAN_POINT('',(80.81958391607,8.464703632152,
    -4.205966363494));
#3722 = CARTESIAN_POINT('',(80.867499442459,-8.610771420671,
    -4.088180733342));
#3723 = CARTESIAN_POINT('',(91.77468922846,-20.09126738299,
    -3.970395103189));
#3724 = CARTESIAN_POINT('',(102.89048163749,-23.7782886562,
    -3.882055880575));
#3725 = CARTESIAN_POINT('',(114.51154503017,-21.68189189034,
    -3.793716657961));
#3726 = CARTESIAN_POINT('',(123.67938541569,-14.23913054511,
    -3.705377435346));
#3727 = CARTESIAN_POINT('',(128.13331967841,-3.40781315833,
    -3.617038212731));
#3728 = CARTESIAN_POINT('',(126.54299705825,12.34780331747,
    -3.499252582578));
#3729 = CARTESIAN_POINT('',(113.62935883226,23.519736540763,
    -3.381466952424));
#3730 = CARTESIAN_POINT('',(97.808857536012,22.826688703813,
    -3.26368132227));
#3731 = CARTESIAN_POINT('',(87.731034807364,16.860747386687,
    -3.175342099655));
#3732 = CARTESIAN_POINT('',(81.684722478771,6.717468774591,
    -3.08700287704));
#3733 = CARTESIAN_POINT('',(81.282106363231,-5.084306263015,
    -2.998663654425));
#3734 = CARTESIAN_POINT('',(86.530042231395,-15.55398323394,
    -2.910324431811));
#3735 = CARTESIAN_POINT('',(99.460356997634,-24.69594892044,
    -2.792538801659));
#3736 = CARTESIAN_POINT('',(116.36507267299,-22.2866477561,
    -2.674753171506));
#3737 = CARTESIAN_POINT('',(126.2265554499,-9.896339687368,
    -2.556967541353));
#3738 = CARTESIAN_POINT('',(128.34062197293,1.622587756191,
    -2.468628318738));
#3739 = CARTESIAN_POINT('',(124.6569733709,12.841978417354,
    -2.380289096123));
#3740 = CARTESIAN_POINT('',(116.01767516463,20.892228117592,
    -2.291949873507));
#3741 = CARTESIAN_POINT('',(104.67441043374,23.805183995456,
    -2.203610650892));
#3742 = CARTESIAN_POINT('',(89.290209387782,20.050861792244,
    -2.085825020738));
#3743 = CARTESIAN_POINT('',(80.011851434965,5.716071375681,
    -1.968039390585));
#3744 = CARTESIAN_POINT('',(82.886498273426,-9.856500149123,
    -1.850253760432));
#3745 = CARTESIAN_POINT('',(90.189038867087,-19.01225606612,
    -1.761914537818));
#3746 = CARTESIAN_POINT('',(101.0711328608,-23.59745222993,
    -1.673575315204));
#3747 = CARTESIAN_POINT('',(112.81515688758,-22.36379957253,
    -1.58523609259));
#3748 = CARTESIAN_POINT('',(122.45831335625,-15.71816313525,
    -1.496896869975));
#3749 = CARTESIAN_POINT('',(129.72391017536,-1.647636021979,
    -1.379111239822));
#3750 = CARTESIAN_POINT('',(124.99953896053,14.761336278442,
    -1.261325609668));
#3751 = CARTESIAN_POINT('',(111.36430943506,22.814230625159,
    -1.143539979514));
#3752 = CARTESIAN_POINT('',(99.663686269399,23.314693172438,
    -1.055200756899));
#3753 = CARTESIAN_POINT('',(89.061660318237,18.114623800777,
    -0.966861534284));
#3754 = CARTESIAN_POINT('',(82.28374752696,8.444843306557,
    -0.878522311669));
#3755 = CARTESIAN_POINT('',(80.967794962828,-3.192248700472,
    -0.790183089054));
#3756 = CARTESIAN_POINT('',(86.813889232927,-17.90939756526,
    -0.672397458902));
#3757 = CARTESIAN_POINT('',(102.29436463125,-25.1155798568,
    -0.554611828749));
#3758 = CARTESIAN_POINT('',(117.31947563482,-20.11493525376,
    -0.436826198597));
#3759 = CARTESIAN_POINT('',(125.37742398193,-11.61560420847,
    -0.348486975982));
#3760 = CARTESIAN_POINT('',(128.41281526505,-0.205044649822,
    -0.260147753367));
#3761 = CARTESIAN_POINT('',(125.56763943891,11.257642861978,
    -0.171808530752));
#3762 = CARTESIAN_POINT('',(117.65018332117,19.884913647812,
    -8.346930813656E-02));
#3763 = CARTESIAN_POINT('',(102.7138739047,25.142815083219,
    3.431632201746E-02));
#3764 = CARTESIAN_POINT('',(87.108088181739,18.177204396752,
    0.152101952171));
#3765 = CARTESIAN_POINT('',(81.030322777065,3.584068176158,
    0.269887582324));
#3766 = CARTESIAN_POINT('',(82.13319509489,-8.115478443951,
    0.358226804939));
#3767 = CARTESIAN_POINT('',(88.788275534509,-17.81490928684,
    0.446566027553));
#3768 = CARTESIAN_POINT('',(102.72096552051,-25.16152466817,
    0.564351657705));
#3769 = CARTESIAN_POINT('',(123.4712010244,-19.33642331897,
    0.711583695396));
#3770 = CARTESIAN_POINT('',(129.76046766261,1.277690308504,
    0.858815733087));
#3771 = CARTESIAN_POINT('',(122.71072099425,15.378746638112,
    0.976601363241));
#3772 = CARTESIAN_POINT('',(113.18814651594,22.226366315778,
    1.064940585857));
#3773 = CARTESIAN_POINT('',(101.46124478718,23.631026218197,
    1.153279808472));
#3774 = CARTESIAN_POINT('',(90.507194808742,19.239437157083,
    1.241619031087));
#3775 = CARTESIAN_POINT('',(83.052461914624,10.199829895078,
    1.329958253702));
#3776 = CARTESIAN_POINT('',(79.920643866844,-5.319245868671,
    1.447743883855));
#3777 = CARTESIAN_POINT('',(88.959399374704,-19.80848327089,
    1.565529514008));
#3778 = CARTESIAN_POINT('',(104.27945998902,-23.81627121707,
    1.68331514416));
#3779 = CARTESIAN_POINT('',(115.66936435484,-21.09247662203,
    1.771654366774));
#3780 = CARTESIAN_POINT('',(124.44108762458,-13.18633174129,
    1.859993589389));
#3781 = CARTESIAN_POINT('',(128.31031367387,-2.02976249077,
    1.948332812004));
#3782 = CARTESIAN_POINT('',(126.38764470692,9.522735229157,
    2.036672034619));
#3783 = CARTESIAN_POINT('',(116.73305280808,22.074881838641,
    2.154457664773));
#3784 = CARTESIAN_POINT('',(99.870638666156,24.764319708845,
    2.272243294927));
#3785 = CARTESIAN_POINT('',(86.790442586255,15.838097886656,
    2.39002892508));
#3786 = CARTESIAN_POINT('',(81.369547842967,5.456928211392,
    2.478368147695));
#3787 = CARTESIAN_POINT('',(81.576326604559,-6.349906204047,
    2.56670737031));
#3788 = CARTESIAN_POINT('',(87.453539344364,-16.59208970398,
    2.655046592924));
#3789 = CARTESIAN_POINT('',(97.431005330375,-22.72439339484,
    2.743385815538));
#3790 = CARTESIAN_POINT('',(113.23783267448,-23.67979334644,
    2.861171445691));
#3791 = CARTESIAN_POINT('',(126.33502628863,-12.72362380633,
    2.978957075843));
#3792 = CARTESIAN_POINT('',(128.18650189107,3.003442733638,
    3.096742705997));
#3793 = CARTESIAN_POINT('',(123.91286250646,13.907156367117,
    3.185081928612));
#3794 = CARTESIAN_POINT('',(114.86975255416,21.500979965378,
    3.273421151228));
#3795 = CARTESIAN_POINT('',(103.28506568936,23.789871406596,
    3.361760373843));
#3796 = CARTESIAN_POINT('',(92.109638485227,20.287758705363,
    3.450099596458));
#3797 = CARTESIAN_POINT('',(81.01349832384,8.989783208072,3.567885226612
    ));
#3798 = CARTESIAN_POINT('',(80.682322325612,-8.082547225152,
    3.685670856764));
#3799 = CARTESIAN_POINT('',(91.331954156387,-19.80235603315,
    3.803456486917));
#3800 = CARTESIAN_POINT('',(102.36315424148,-23.73524192366,
    3.891795709531));
#3801 = CARTESIAN_POINT('',(114.02789407584,-21.8973522735,
    3.980134932145));
#3802 = CARTESIAN_POINT('',(123.35870611385,-14.6599535353,4.06847415476
    ));
#3803 = CARTESIAN_POINT('',(128.05200057016,-3.930184018153,
    4.156813377375));
#3804 = CARTESIAN_POINT('',(126.81184842833,11.856854945434,
    4.274599007528));
#3805 = CARTESIAN_POINT('',(114.14941248958,23.312720703756,
    4.392384637682));
#3806 = CARTESIAN_POINT('',(98.317424416268,22.971062665456,
    4.510170267836));
#3807 = CARTESIAN_POINT('',(88.109640070971,17.230321815176,
    4.598509490451));
#3808 = CARTESIAN_POINT('',(81.839634628406,7.223772683409,
    4.686848713066));
#3809 = CARTESIAN_POINT('',(81.17511545148,-4.56615556235,4.775187935681
    ));
#3810 = CARTESIAN_POINT('',(86.189328549537,-15.14975767869,
    4.863527158295));
#3811 = CARTESIAN_POINT('',(98.913502693493,-24.57652642112,
    4.981312788447));
#3812 = CARTESIAN_POINT('',(115.86753917835,-22.54310785942,5.0990984186
    ));
#3813 = CARTESIAN_POINT('',(126.00165940076,-10.37478078103,
    5.216884048753));
#3814 = CARTESIAN_POINT('',(128.37092790331,1.094374964388,
    5.305223271368));
#3815 = CARTESIAN_POINT('',(124.93726036942,12.392778437588,
    5.393562493983));
#3816 = CARTESIAN_POINT('',(116.47880888055,20.632838642893,
    5.481901716599));
#3817 = CARTESIAN_POINT('',(105.20300809003,23.79689984368,
    5.570240939214));
#3818 = CARTESIAN_POINT('',(89.739251709919,20.385035956395,
    5.688026569368));
#3819 = CARTESIAN_POINT('',(80.144944592691,6.259760202715,
    5.805812199521));
#3820 = CARTESIAN_POINT('',(82.673168097039,-9.37279117193,
    5.923597829674));
#3821 = CARTESIAN_POINT('',(89.770648867205,-18.68840888988,
    6.011937052288));
#3822 = CARTESIAN_POINT('',(100.54826853542,-23.51405994064,
    6.100276274902));
#3823 = CARTESIAN_POINT('',(112.31678537137,-22.54143192418,
    6.188615497516));
#3824 = CARTESIAN_POINT('',(122.10510034201,-16.11151304557,
    6.276954720131));
#3825 = CARTESIAN_POINT('',(129.68127489315,-2.205753241113,
    6.394740350284));
#3826 = CARTESIAN_POINT('',(125.32235276343,14.304060266139,
    6.512525980438));
#3827 = CARTESIAN_POINT('',(111.86925767775,22.657670813946,
    6.630311610592));
#3828 = CARTESIAN_POINT('',(100.18263245091,23.417774462953,
    6.718650833207));
#3829 = CARTESIAN_POINT('',(89.467768929996,18.454338807622,
    6.806990055822));
#3830 = CARTESIAN_POINT('',(82.476869722853,8.937442146836,
    6.895329278437));
#3831 = CARTESIAN_POINT('',(80.902868553422,-2.667620846034,
    6.983668501052));
#3832 = CARTESIAN_POINT('',(86.420853583893,-17.51081517112,
    7.101454131204));
#3833 = CARTESIAN_POINT('',(101.73742099758,-25.0591200695,
    7.219239761357));
#3834 = CARTESIAN_POINT('',(116.87001124085,-20.39293435758,
    7.337025391509));
#3835 = CARTESIAN_POINT('',(125.11437635484,-12.07515757426,
    7.425364614124));
#3836 = CARTESIAN_POINT('',(128.4029033814,-0.733659270601,
    7.513703836739));
#3837 = CARTESIAN_POINT('',(125.81182623791,10.787204977057,
    7.602043059354));
#3838 = CARTESIAN_POINT('',(118.08981209357,19.592059564415,
    7.690382281969));
#3839 = CARTESIAN_POINT('',(103.26979474903,25.17199347768,
    7.808167912123));
#3840 = CARTESIAN_POINT('',(87.521593378681,18.571364888216,
    7.925953542277));
#3841 = CARTESIAN_POINT('',(81.109084593788,4.092127765614,8.04373917243
    ));
#3842 = CARTESIAN_POINT('',(81.972758238246,-7.587300070789,
    8.132078395045));
#3843 = CARTESIAN_POINT('',(88.370543573793,-17.51263817972,
    8.220417617659));
#3844 = CARTESIAN_POINT('',(98.762929988569,-23.119981435,8.308756840273
    ));
#3845 = CARTESIAN_POINT('',(110.47415628656,-23.07366354516,
    8.397096062887));
#3846 = CARTESIAN_POINT('',(124.41143893921,-15.55563662121,
    8.51488169304));
#3847 = CARTESIAN_POINT('',(129.76863094596,0.657772581662,
    8.632667323193));
#3848 = CARTESIAN_POINT('',(123.05418705367,14.999488650048,
    8.750452953347));
#3849 = CARTESIAN_POINT('',(113.67601746745,22.014109235791,
    8.838792175963));
#3850 = CARTESIAN_POINT('',(101.98867258606,23.702292697374,
    8.927131398578));
#3851 = CARTESIAN_POINT('',(90.936941164271,19.542578000781,
    9.015470621193));
#3852 = CARTESIAN_POINT('',(83.284813887036,10.676918697443,
    9.103809843808));
#3853 = CARTESIAN_POINT('',(79.808390783593,-4.772452130351,
    9.221595473961));
#3854 = CARTESIAN_POINT('',(88.523833547924,-19.45629364403,
    9.339381104114));
#3855 = CARTESIAN_POINT('',(103.75085990258,-23.80442484758,
    9.457166734266));
#3856 = CARTESIAN_POINT('',(115.19856184128,-21.33357740743,
    9.54550595688));
#3857 = CARTESIAN_POINT('',(124.14356713048,-13.62443516249,
    9.633845179495));
#3858 = CARTESIAN_POINT('',(128.25955733728,-2.556345065555,
    9.72218440211));
#3859 = CARTESIAN_POINT('',(126.59381081591,9.035904728011,
    9.810523624725));
#3860 = CARTESIAN_POINT('',(117.22027059925,21.799341583947,
    9.928309254879));
#3861 = CARTESIAN_POINT('',(100.42171060925,24.862432578304,
    10.046094885033));
#3862 = CARTESIAN_POINT('',(87.146577778349,16.228810806963,
    10.163880515186));
#3863 = CARTESIAN_POINT('',(81.496552700814,5.970536908636,
    10.252219737801));
#3864 = CARTESIAN_POINT('',(81.441166903666,-5.837973843783,
    10.340558960416));
#3865 = CARTESIAN_POINT('',(87.089551663121,-16.20811093958,
    10.42889818303));
#3866 = CARTESIAN_POINT('',(96.928420272167,-22.56040432416,
    10.517237405644));
#3867 = CARTESIAN_POINT('',(112.71014166332,-23.86648491156,
    10.635023035797));
#3868 = CARTESIAN_POINT('',(126.04733714483,-13.20377602192,
    10.752808665949));
#3869 = CARTESIAN_POINT('',(128.24750110647,2.478311055718,
    10.870594296103));
#3870 = CARTESIAN_POINT('',(124.21698011596,13.474213351341,
    10.958933518718));
#3871 = CARTESIAN_POINT('',(115.34468361545,21.26692459862,
    11.047272741334));
#3872 = CARTESIAN_POINT('',(103.8136658201,23.812434838233,
    11.135611963949));
#3873 = CARTESIAN_POINT('',(92.563245103755,20.559282450938,
    11.223951186564));
#3874 = CARTESIAN_POINT('',(81.219021836935,9.510428436091,
    11.341736816718));
#3875 = CARTESIAN_POINT('',(80.50891755196,-7.550342240572,
    11.459522446871));
#3876 = CARTESIAN_POINT('',(90.895742101884,-19.50368705856,
    11.577308077023));
#3877 = CARTESIAN_POINT('',(101.83691245609,-23.68049900429,
    11.665647299637));
#3878 = CARTESIAN_POINT('',(113.53957904708,-22.10202238532,
    11.753986522251));
#3879 = CARTESIAN_POINT('',(123.02876347204,-15.07355365269,
    11.842325744866));
#3880 = CARTESIAN_POINT('',(127.95910474283,-4.450620832448,
    11.930664967481));
#3881 = CARTESIAN_POINT('',(127.06973436463,11.360059004272,
    12.048450597634));
#3882 = CARTESIAN_POINT('',(114.66474217452,23.094210568848,
    12.166236227788));
#3883 = CARTESIAN_POINT('',(98.829071094475,23.104110736309,
    12.284021857942));
#3884 = CARTESIAN_POINT('',(88.496356667707,17.591400030607,
    12.372361080557));
#3885 = CARTESIAN_POINT('',(82.005748669472,7.726512723103,
    12.460700303172));
#3886 = CARTESIAN_POINT('',(81.079653980395,-4.045757338503,
    12.549039525787));
#3887 = CARTESIAN_POINT('',(85.857672744555,-14.7380678203,
    12.637378748401));
#3888 = CARTESIAN_POINT('',(98.369434373512,-24.44499305484,
    12.755164378553));
#3889 = CARTESIAN_POINT('',(115.36443482661,-22.78845939192,
    12.872950008706));
#3890 = CARTESIAN_POINT('',(125.76619726964,-10.84811121243,
    12.990735638859));
#3891 = CARTESIAN_POINT('',(128.38949991113,0.565619553665,
    13.079074861474));
#3892 = CARTESIAN_POINT('',(125.20750594124,11.937466727809,
    13.167414084089));
#3893 = CARTESIAN_POINT('',(116.93407043594,20.363275811579,
    13.255753306704));
#3894 = CARTESIAN_POINT('',(105.73129156332,23.776882742822,
    13.34409252932));
#3895 = CARTESIAN_POINT('',(90.195602103902,20.709158897827,
    13.461878159474));
#3896 = CARTESIAN_POINT('',(80.290074987401,6.800360361595,
    13.579663789627));
#3897 = CARTESIAN_POINT('',(82.470628937646,-8.884465459527,
    13.69744941978));
#3898 = CARTESIAN_POINT('',(89.359551503879,-18.35535309619,
    13.785788642394));
#3899 = CARTESIAN_POINT('',(100.0273843333,-23.41908062637,
    13.874127865008));
#3900 = CARTESIAN_POINT('',(111.81459332964,-22.70795626794,
    13.962467087622));
#3901 = CARTESIAN_POINT('',(121.74324168297,-16.49692506324,
    14.050806310237));
#3902 = CARTESIAN_POINT('',(129.62626030616,-2.762785339351,
    14.16859194039));
#3903 = CARTESIAN_POINT('',(125.63493435044,13.839728364675,
    14.286377570544));
#3904 = CARTESIAN_POINT('',(112.3706070525,22.489942113601,
    14.404163200698));
#3905 = CARTESIAN_POINT('',(100.70373654881,23.509304365162,
    14.492502423313));
#3906 = CARTESIAN_POINT('',(89.881324284207,18.784964564572,
    14.580841645928));
#3907 = CARTESIAN_POINT('',(82.680870594292,9.425613068027,
    14.669180868543));
#3908 = CARTESIAN_POINT('',(80.849622113583,-2.141646579434,
    14.757520091158));
#3909 = CARTESIAN_POINT('',(86.036724665203,-17.10368332874,
    14.875305721311));
#3910 = CARTESIAN_POINT('',(101.18194300971,-24.99015944133,
    14.993091351463));
#3911 = CARTESIAN_POINT('',(116.41439420098,-20.66107093744,
    15.110876981615));
#3912 = CARTESIAN_POINT('',(124.84138411964,-12.52837103762,
    15.19921620423));
#3913 = CARTESIAN_POINT('',(128.38088470218,-1.262674015122,
    15.287555426845));
#3914 = CARTESIAN_POINT('',(126.04621214493,10.312873394264,
    15.37589464946));
#3915 = CARTESIAN_POINT('',(118.52157105813,19.286988574316,
    15.464233872075));
#3916 = CARTESIAN_POINT('',(103.82908208849,25.194555285391,
    15.582019502229));
#3917 = CARTESIAN_POINT('',(87.938226386702,18.945167376005,
    15.699805132383));
#3918 = CARTESIAN_POINT('',(81.205855401062,4.611858006549,
    15.817590762536));
#3919 = CARTESIAN_POINT('',(81.810030037473,-7.083865133069,
    15.905929985151));
#3920 = CARTESIAN_POINT('',(87.985893671476,-17.14878948204,
    15.994269207765));
#3921 = CARTESIAN_POINT('',(98.251234432557,-22.98546429185,
    16.082608430379));
#3922 = CARTESIAN_POINT('',(109.96060269946,-23.1991499016,
    16.170947652994));
#3923 = CARTESIAN_POINT('',(124.06135246206,-15.99238691802,
    16.288733283146));
#3924 = CARTESIAN_POINT('',(129.77716580224,9.809542518896E-02,
    16.406518913299));
#3925 = CARTESIAN_POINT('',(123.38276632323,14.585339188988,
    16.524304543453));
#3926 = CARTESIAN_POINT('',(114.16263433156,21.806428636292,
    16.612643766069));
#3927 = CARTESIAN_POINT('',(102.5156479492,23.753657946288,
    16.700982988684));
#3928 = CARTESIAN_POINT('',(91.374293608365,19.840319572433,
    16.789322211299));
#3929 = CARTESIAN_POINT('',(83.527232440246,11.146724356777,
    16.877661433914));
#3930 = CARTESIAN_POINT('',(79.70868631552,-4.221661442071,
    16.995447064067));
#3931 = CARTESIAN_POINT('',(88.09599624036,-19.09536899607,
    17.11323269422));
#3932 = CARTESIAN_POINT('',(103.22274023141,-23.78047228178,
    17.231018324372));
#3933 = CARTESIAN_POINT('',(114.72247423434,-21.56437557545,
    17.319357546986));
#3934 = CARTESIAN_POINT('',(123.83641981597,-14.05571459551,
    17.407696769601));
#3935 = CARTESIAN_POINT('',(128.19710991668,-3.081728281411,
    17.496035992216));
#3936 = CARTESIAN_POINT('',(126.78912470502,8.544644514677,
    17.584375214831));
#3937 = CARTESIAN_POINT('',(117.70124606732,21.513030629967,
    17.702160844985));
#3938 = CARTESIAN_POINT('',(100.97482754797,24.94829884264,
    17.819946475139));
#3939 = CARTESIAN_POINT('',(87.511297938363,16.6115160687,
    17.937732105292));
#3940 = CARTESIAN_POINT('',(81.634929156105,6.481202318141,
    18.026071327907));
#3941 = CARTESIAN_POINT('',(81.31740518617,-5.323168580175,
    18.114410550522));
#3942 = CARTESIAN_POINT('',(86.734178292044,-15.81614541689,
    18.202749773136));
#3943 = CARTESIAN_POINT('',(96.429599590239,-22.38529852824,
    18.29108899575));
#3944 = CARTESIAN_POINT('',(112.17843617669,-24.04141529409,
    18.408874625903));
#3945 = CARTESIAN_POINT('',(125.74905937083,-13.67742328813,
    18.526660256055));
#3946 = CARTESIAN_POINT('',(128.29682725281,1.951954670965,
    18.644445886209));
#3947 = CARTESIAN_POINT('',(124.51141132426,13.034625513219,
    18.732785108824));
#3948 = CARTESIAN_POINT('',(115.81430154567,21.022383351044,
    18.82112433144));
#3949 = CARTESIAN_POINT('',(104.34263658552,23.823257646427,
    18.909463554055));
#3950 = CARTESIAN_POINT('',(93.022767822946,20.820669105206,
    18.99780277667));
#3951 = CARTESIAN_POINT('',(81.436053147846,10.02638267179,
    19.115588406824));
#3952 = CARTESIAN_POINT('',(80.34737059606,-7.014418790544,
    19.233374036977));
#3953 = CARTESIAN_POINT('',(90.466268078338,-19.19540767946,
    19.351159667129));
#3954 = CARTESIAN_POINT('',(101.31201567235,-23.61408687993,
    19.439498889743));
#3955 = CARTESIAN_POINT('',(113.04684063986,-22.29580134238,
    19.527838112357));
#3956 = CARTESIAN_POINT('',(122.68972012292,-15.47972702855,
    19.616177334972));
#3957 = CARTESIAN_POINT('',(127.85467798581,-4.968867072086,
    19.704516557587));
#3958 = CARTESIAN_POINT('',(127.31652775223,10.857660370626,
    19.82230218774));
#3959 = CARTESIAN_POINT('',(115.17509387511,22.864313842126,
    19.940087817894));
#3960 = CARTESIAN_POINT('',(99.343545374065,23.225767335479,
    20.057873448048));
#3961 = CARTESIAN_POINT('',(88.890993980475,17.94380405331,
    20.146212670663));
#3962 = CARTESIAN_POINT('',(82.182982722447,8.225441087322,
    20.234551893278));
#3963 = CARTESIAN_POINT('',(80.995769004019,-3.523368101838,
    20.322891115893));
#3964 = CARTESIAN_POINT('',(85.535238293479,-14.31911658538,
    20.411230338507));
#3965 = CARTESIAN_POINT('',(97.828420215179,-24.30141365614,
    20.52901596866));
#3966 = CARTESIAN_POINT('',(114.85600760389,-23.02258141663,
    20.646801598812));
#3967 = CARTESIAN_POINT('',(125.52028511834,-11.31609767198,
    20.764587228965));
#3968 = CARTESIAN_POINT('',(128.39632884252,3.658215466582E-02,
    20.85292645158));
#3969 = CARTESIAN_POINT('',(125.46757687832,11.476267714536,
    20.941265674195));
#3970 = CARTESIAN_POINT('',(117.38323542879,20.083672497857,
    21.02960489681));
#3971 = CARTESIAN_POINT('',(106.25900045357,23.745142553157,
    21.117944119426));
#3972 = CARTESIAN_POINT('',(90.659035636153,21.023070867071,
    21.23572974958));
#3973 = CARTESIAN_POINT('',(80.447171069455,7.337605356224,
    21.353515379733));
#3974 = CARTESIAN_POINT('',(82.278980645291,-8.391763679017,
    21.471301009886));
#3975 = CARTESIAN_POINT('',(88.955949377852,-18.01325292415,
    21.5596402325));
#3976 = CARTESIAN_POINT('',(99.508737070092,-23.31256096379,
    21.647979455114));
#3977 = CARTESIAN_POINT('',(111.30882817494,-22.86329078481,
    21.736318677728));
#3978 = CARTESIAN_POINT('',(121.37291596516,-16.87420874328,
    21.824657900343));
#3979 = CARTESIAN_POINT('',(129.5588930292,-3.318458816481,
    21.942443530496));
#3980 = CARTESIAN_POINT('',(125.93713061825,13.368571512814,
    22.06022916065));
#3981 = CARTESIAN_POINT('',(112.86810924871,22.311124672519,
    22.178014790804));
#3982 = CARTESIAN_POINT('',(101.22674420371,23.589243070774,
    22.266354013419));
#3983 = CARTESIAN_POINT('',(90.302117687982,19.106327807535,
    22.354693236034));
#3984 = CARTESIAN_POINT('',(82.895658702,9.90913480652,22.443032458649)
  );
#3985 = CARTESIAN_POINT('',(80.808065554221,-1.614619856523,
    22.531371681264));
#3986 = CARTESIAN_POINT('',(85.661728842756,-16.6881240745,
    22.649157311417));
#3987 = CARTESIAN_POINT('',(100.62813286713,-24.90888405424,
    22.766942941569));
#3988 = CARTESIAN_POINT('',(115.95293675087,-20.91902663328,
    22.884728571721));
#3989 = CARTESIAN_POINT('',(124.55839771984,-12.97541228992,
    22.973067794336));
#3990 = CARTESIAN_POINT('',(128.34712718438,-1.791069598983,
    23.061407016951));
#3991 = CARTESIAN_POINT('',(126.27001002548,9.833455360593,
    23.149746239566));
#3992 = CARTESIAN_POINT('',(118.94645093351,18.972407487697,
    23.238085462181));
#3993 = CARTESIAN_POINT('',(104.38873253216,25.204695508469,
    23.355871092335));
#3994 = CARTESIAN_POINT('',(88.36305509167,19.309627819925,
    23.473656722489));
#3995 = CARTESIAN_POINT('',(81.314140653559,5.129312511294,
    23.591442352642));
#3996 = CARTESIAN_POINT('',(81.65851799154,-6.57694311309,
    23.679781575257));
#3997 = CARTESIAN_POINT('',(87.60941673652,-16.77648832463,
    23.768120797871));
#3998 = CARTESIAN_POINT('',(97.742650100043,-22.83962582074,
    23.856460020485));
#3999 = CARTESIAN_POINT('',(109.44439200381,-23.31319484358,
    23.9447992431));
#4000 = CARTESIAN_POINT('',(123.70165142715,-16.42127904021,
    24.062584873252));
#4001 = CARTESIAN_POINT('',(129.77328301398,-0.461591749622,
    24.180370503405));
#4002 = CARTESIAN_POINT('',(123.70205885078,14.163946425444,
    24.298156133559));
#4003 = CARTESIAN_POINT('',(114.64454495053,21.58810297705,
    24.386495356175));
#4004 = CARTESIAN_POINT('',(103.04358673413,23.793104470211,
    24.47483457879));
#4005 = CARTESIAN_POINT('',(91.818236636511,20.128667895776,
    24.563173801405));
#4006 = CARTESIAN_POINT('',(83.779862564464,11.610334535804,
    24.65151302402));
#4007 = CARTESIAN_POINT('',(79.621593325073,-3.667211089536,
    24.769298654173));
#4008 = CARTESIAN_POINT('',(87.675582288431,-18.72809459284,
    24.887084284326));
#4009 = CARTESIAN_POINT('',(102.69613296654,-23.74105574154,
    25.004869914478));
#4010 = CARTESIAN_POINT('',(114.23959344426,-21.79241641686,
    25.093209137092));
#4011 = CARTESIAN_POINT('',(123.52324189352,-14.46479342111,
    25.181548359707));
#4012 = CARTESIAN_POINT('',(128.11646901709,-3.634437073947,
    25.269887582322));
#4013 = CARTESIAN_POINT('',(126.98540080939,8.101787370361,
    25.358226804937));
#4014 = CARTESIAN_POINT('',(122.56601318113,14.594063246566,
    25.417119620014));
#4015 = CARTESIAN_POINT('',(119.71480736638,17.116597065324,
    25.446566027552));
#4016 = CARTESIAN_POINT('',(119.80983647635,17.224007934869,
    -24.85064063939));
#4017 = CARTESIAN_POINT('',(116.94050324955,19.762579533042,
    -24.82119423185));
#4018 = CARTESIAN_POINT('',(109.91464217582,23.380005692838,
    -24.76230141677));
#4019 = CARTESIAN_POINT('',(98.053870800302,23.070647244756,
    -24.67396219416));
#4020 = CARTESIAN_POINT('',(87.800217691709,17.154783921252,
    -24.58562297154));
#4021 = CARTESIAN_POINT('',(81.62001803923,6.983973957534,
    -24.49728374893));
#4022 = CARTESIAN_POINT('',(81.089420751636,-4.784310818525,
    -24.40894452631));
#4023 = CARTESIAN_POINT('',(87.938236609497,-19.17164571472,
    -24.29115889616));
#4024 = CARTESIAN_POINT('',(103.96833320777,-25.36878392389,
    -24.17337326601));
#4025 = CARTESIAN_POINT('',(118.71717164587,-19.34207082912,
    -24.05558763585));
#4026 = CARTESIAN_POINT('',(126.23927322685,-10.26893255291,
    -23.96724841324));
#4027 = CARTESIAN_POINT('',(128.52260177046,1.392021102685,
    -23.87890919062));
#4028 = CARTESIAN_POINT('',(124.89763849793,12.708328002159,
    -23.79056996801));
#4029 = CARTESIAN_POINT('',(116.37183889535,20.844269463908,
    -23.70223074539));
#4030 = CARTESIAN_POINT('',(101.01971978285,25.114454052674,
    -23.58444511524));
#4031 = CARTESIAN_POINT('',(85.824213836303,17.09307959725,
    -23.46665948509));
#4032 = CARTESIAN_POINT('',(80.689181630511,2.008142223963,
    -23.34887385493));
#4033 = CARTESIAN_POINT('',(82.597198448522,-9.621157502767,
    -23.26053463232));
#4034 = CARTESIAN_POINT('',(89.895569140421,-18.99840434172,
    -23.1721954097));
#4035 = CARTESIAN_POINT('',(100.81237347877,-23.69118784841,
    -23.08385618709));
#4036 = CARTESIAN_POINT('',(112.54648930753,-22.59955960576,
    -22.99551696448));
#4037 = CARTESIAN_POINT('',(125.8449597629,-13.82031315976,
    -22.87773133432));
#4038 = CARTESIAN_POINT('',(129.7674999504,2.908623730701,
    -22.75994570417));
#4039 = CARTESIAN_POINT('',(121.75759494679,16.68417994724,
    -22.64216007402));
#4040 = CARTESIAN_POINT('',(111.73174698659,22.878003131604,
    -22.5538208514));
#4041 = CARTESIAN_POINT('',(99.866768990753,23.52701031358,
    -22.46548162879));
#4042 = CARTESIAN_POINT('',(89.160783987697,18.371353771767,
    -22.37714240617));
#4043 = CARTESIAN_POINT('',(82.282242755255,8.802302245901,
    -22.28880318356));
#4044 = CARTESIAN_POINT('',(80.176622958092,-6.992978369554,
    -22.1710175534));
#4045 = CARTESIAN_POINT('',(90.22267729206,-20.9328645511,
    -22.05323192325));
#4046 = CARTESIAN_POINT('',(105.87289857833,-23.93204753316,
    -21.9354462931));
#4047 = CARTESIAN_POINT('',(117.1264956837,-20.43381538915,
    -21.84710707048));
#4048 = CARTESIAN_POINT('',(125.40411470607,-11.90856266398,
    -21.75876784787));
#4049 = CARTESIAN_POINT('',(128.54179754045,-0.447591627687,
    -21.67042862525));
#4050 = CARTESIAN_POINT('',(125.83762332065,11.022740442461,
    -21.58208940264));
#4051 = CARTESIAN_POINT('',(115.30334524602,22.979057189545,
    -21.46430377248));
#4052 = CARTESIAN_POINT('',(98.192651525059,24.549978872049,
    -21.34651814233));
#4053 = CARTESIAN_POINT('',(85.657421978649,14.711658643029,
    -21.22873251218));
#4054 = CARTESIAN_POINT('',(80.909890383777,3.925462846343,
    -21.14039328956));
#4055 = CARTESIAN_POINT('',(81.908261973381,-7.915236661883,
    -21.05205406695));
#4056 = CARTESIAN_POINT('',(88.495192510523,-17.80519403154,
    -20.96371484433));
#4057 = CARTESIAN_POINT('',(98.923691322179,-23.29404532709,
    -20.87537562172));
#4058 = CARTESIAN_POINT('',(114.85839075311,-23.19465340898,
    -20.75758999157));
#4059 = CARTESIAN_POINT('',(127.27473431528,-11.31702540098,
    -20.63980436141));
#4060 = CARTESIAN_POINT('',(128.0803808398,4.597604924128,
    -20.52201873126));
#4061 = CARTESIAN_POINT('',(123.05919870578,15.259162314419,
    -20.43367950865));
#4062 = CARTESIAN_POINT('',(113.47094785011,22.278019500845,
    -20.34534028603));
#4063 = CARTESIAN_POINT('',(101.68614309664,23.800283471926,
    -20.25700106341));
#4064 = CARTESIAN_POINT('',(90.700101496077,19.535548314855,
    -20.1686618408));
#4065 = CARTESIAN_POINT('',(80.315791172682,7.44875288286,
    -20.05087621065));
#4066 = CARTESIAN_POINT('',(81.126686989949,-9.71475732117,
    -19.93309058049));
#4067 = CARTESIAN_POINT('',(92.604288300896,-20.76867937872,
    -19.81530495034));
#4068 = CARTESIAN_POINT('',(103.94347496825,-23.97865161103,
    -19.72696572773));
#4069 = CARTESIAN_POINT('',(115.53226725795,-21.35209417949,
    -19.63862650511));
#4070 = CARTESIAN_POINT('',(124.41606969916,-13.46051861689,
    -19.5502872825));
#4071 = CARTESIAN_POINT('',(128.40971191122,-2.373052815751,
    -19.46194805988));
#4072 = CARTESIAN_POINT('',(126.10721899863,13.394732415379,
    -19.34416242973));
#4073 = CARTESIAN_POINT('',(112.62635608934,24.04883818597,
    -19.22637679958));
#4074 = CARTESIAN_POINT('',(96.753263915248,22.64546028238,
    -19.10859116942));
#4075 = CARTESIAN_POINT('',(86.888706930775,16.197856734589,
    -19.02025194681));
#4076 = CARTESIAN_POINT('',(81.263544004375,5.730934898332,
    -18.93191272419));
#4077 = CARTESIAN_POINT('',(81.385963315254,-6.151149270164,
    -18.84357350158));
#4078 = CARTESIAN_POINT('',(87.129272976998,-16.4417017402,
    -18.75523427896));
#4079 = CARTESIAN_POINT('',(100.53622591351,-25.05437482499,
    -18.63744864881));
#4080 = CARTESIAN_POINT('',(117.42259659752,-21.87725039044,
    -18.51966301866));
#4081 = CARTESIAN_POINT('',(126.78270755278,-8.981016536612,
    -18.4018773885));
#4082 = CARTESIAN_POINT('',(128.39341104051,2.693173383208,
    -18.31353816589));
#4083 = CARTESIAN_POINT('',(124.18916142374,13.807272349601,
    -18.22519894327));
#4084 = CARTESIAN_POINT('',(115.14465063736,21.51413522044,
    -18.13685972066));
#4085 = CARTESIAN_POINT('',(103.61136631433,23.935793481534,
    -18.04852049804));
#4086 = CARTESIAN_POINT('',(88.313619488261,19.474463326413,
    -17.93073486789));
#4087 = CARTESIAN_POINT('',(79.626568945375,4.649525302406,
    -17.81294923774));
#4088 = CARTESIAN_POINT('',(83.211992357367,-10.876880066,
    -17.69516360758));
#4089 = CARTESIAN_POINT('',(90.962066829214,-19.75479770981,
    -17.60682438497));
#4090 = CARTESIAN_POINT('',(102.10644068494,-23.87812670935,
    -17.51848516236));
#4091 = CARTESIAN_POINT('',(113.85737984059,-22.11337753875,
    -17.43014593974));
#4092 = CARTESIAN_POINT('',(123.25461479182,-15.00190432423,
    -17.34180671713));
#4093 = CARTESIAN_POINT('',(129.9300782608,-0.532532804304,
    -17.22402108697));
#4094 = CARTESIAN_POINT('',(124.44780311591,15.75207016249,
    -17.10623545682));
#4095 = CARTESIAN_POINT('',(110.38085743732,23.238428688706,
    -16.98844982667));
#4096 = CARTESIAN_POINT('',(98.596092077169,23.218898828552,
    -16.90011060405));
#4097 = CARTESIAN_POINT('',(88.170346904906,17.517780668236,
    -16.81177138144));
#4098 = CARTESIAN_POINT('',(81.788582438958,7.49420880108,
    -16.72343215882));
#4099 = CARTESIAN_POINT('',(80.985462747951,-4.263175039356,
    -16.63509293621));
#4100 = CARTESIAN_POINT('',(87.519864317503,-18.79679540165,
    -16.51730730605));
#4101 = CARTESIAN_POINT('',(103.40387880291,-25.34978848708,
    -16.3995216759));
#4102 = CARTESIAN_POINT('',(118.28511351272,-19.65124672457,
    -16.28173604575));
#4103 = CARTESIAN_POINT('',(126.00572030489,-10.7476908748,
    -16.19339682313));
#4104 = CARTESIAN_POINT('',(128.54794737591,0.859892516853,
    -16.10505760052));
#4105 = CARTESIAN_POINT('',(125.17479436512,12.253783399281,
    -16.0167183779));
#4106 = CARTESIAN_POINT('',(116.83187049915,20.577045823119,
    -15.92837915529));
#4107 = CARTESIAN_POINT('',(101.57824354163,25.186968745267,
    -15.81059352513));
#4108 = CARTESIAN_POINT('',(86.208467942461,17.504935643185,
    -15.69280789498));
#4109 = CARTESIAN_POINT('',(80.739781644122,2.537704941488,
    -15.57502226483));
#4110 = CARTESIAN_POINT('',(82.389169404798,-9.13108231445,
    -15.48668304221));
#4111 = CARTESIAN_POINT('',(89.477556257692,-18.6680463229,
    -15.3983438196));
#4112 = CARTESIAN_POINT('',(100.28749332528,-23.60202760271,
    -15.31000459698));
#4113 = CARTESIAN_POINT('',(112.04294952837,-22.77116933157,
    -15.22166537437));
#4114 = CARTESIAN_POINT('',(125.53304514379,-14.28931546616,
    -15.10387974422));
#4115 = CARTESIAN_POINT('',(129.82600424482,2.34841685249,
    -14.98609411406));
#4116 = CARTESIAN_POINT('',(122.1238944534,16.298399987548,
    -14.86830848391));
#4117 = CARTESIAN_POINT('',(112.23802161254,22.713272876672,
    -14.77996926129));
#4118 = CARTESIAN_POINT('',(100.39037603501,23.625525552357,
    -14.69163003868));
#4119 = CARTESIAN_POINT('',(89.572572692764,18.708815115162,
    -14.60329081606));
#4120 = CARTESIAN_POINT('',(82.483291464014,9.294827242369,
    -14.51495159345));
#4121 = CARTESIAN_POINT('',(80.02753150469,-6.449815266423,
    -14.3971659633));
#4122 = CARTESIAN_POINT('',(89.761641063703,-20.60929073846,
    -14.27938033314));
#4123 = CARTESIAN_POINT('',(105.34142266194,-23.95517329149,
    -14.16159470299));
#4124 = CARTESIAN_POINT('',(116.66990786382,-20.70763591061,
    -14.07325548038));
#4125 = CARTESIAN_POINT('',(125.13474951037,-12.36824944794,
    -13.98491625776));
#4126 = CARTESIAN_POINT('',(128.52609540175,-0.979760359404,
    -13.89657703515));
#4127 = CARTESIAN_POINT('',(126.07723181457,10.547778109008,
    -13.80823781253));
#4128 = CARTESIAN_POINT('',(115.81098312613,22.735011698907,
    -13.69045218238));
#4129 = CARTESIAN_POINT('',(98.739381279655,24.685407798511,
    -13.57266655222));
#4130 = CARTESIAN_POINT('',(85.988828001155,15.127797438195,
    -13.45488092207));
#4131 = CARTESIAN_POINT('',(81.003010281688,4.449656322922,
    -13.36654169946));
#4132 = CARTESIAN_POINT('',(81.738269395671,-7.410289069455,
    -13.27820247684));
#4133 = CARTESIAN_POINT('',(88.104017076382,-17.44404046862,
    -13.18986325423));
#4134 = CARTESIAN_POINT('',(98.408091884688,-23.16305422575,
    -13.10152403161));
#4135 = CARTESIAN_POINT('',(114.34107064149,-23.41744102279,
    -12.98373840146));
#4136 = CARTESIAN_POINT('',(127.01804036677,-11.81838618479,
    -12.86595277131));
#4137 = CARTESIAN_POINT('',(128.17679701541,4.074436337865,
    -12.74816714115));
#4138 = CARTESIAN_POINT('',(123.39354155897,14.844837595379,
    -12.65982791854));
#4139 = CARTESIAN_POINT('',(113.96347412715,22.074826454726,
    -12.57148869592));
#4140 = CARTESIAN_POINT('',(102.21536843906,23.858340799003,
    -12.48314947331));
#4141 = CARTESIAN_POINT('',(91.137356249935,19.838549517496,
    -12.39481025069));
#4142 = CARTESIAN_POINT('',(80.487275389174,7.985267171801,
    -12.27702462054));
#4143 = CARTESIAN_POINT('',(80.916937237744,-9.192015070922,
    -12.15923899039));
#4144 = CARTESIAN_POINT('',(92.146310057758,-20.49801837786,
    -12.04145336023));
#4145 = CARTESIAN_POINT('',(103.41143994928,-23.95893220754,
    -11.95311413762));
#4146 = CARTESIAN_POINT('',(115.05568633051,-21.59029612569,
    -11.86477491501));
#4147 = CARTESIAN_POINT('',(124.11249421216,-13.89788807167,
    -11.77643569239));
#4148 = CARTESIAN_POINT('',(128.35129661687,-2.90181467326,
    -11.68809646978));
#4149 = CARTESIAN_POINT('',(126.39941985042,12.913200400905,
    -11.57031083962));
#4150 = CARTESIAN_POINT('',(113.15840312825,23.86395885471,
    -11.45252520947));
#4151 = CARTESIAN_POINT('',(97.25806763744,22.813313345009,
    -11.33473957932));
#4152 = CARTESIAN_POINT('',(87.252803456586,16.586294420939,
    -11.2464003567));
#4153 = CARTESIAN_POINT('',(81.396658662858,6.246832209113,
    -11.15806113409));
#4154 = CARTESIAN_POINT('',(81.255262632043,-5.635041289514,
    -11.06972191147));
#4155 = CARTESIAN_POINT('',(86.768704043543,-16.05056047058,
    -10.98138268886));
#4156 = CARTESIAN_POINT('',(99.981149312721,-24.95874854204,
    -10.8635970587));
#4157 = CARTESIAN_POINT('',(116.93389119131,-22.1572886819,
    -10.74581142855));
#4158 = CARTESIAN_POINT('',(126.57799483448,-9.472029929032,
    -10.6280257984));
#4159 = CARTESIAN_POINT('',(128.44747122264,2.163524808217,
    -10.53968657578));
#4160 = CARTESIAN_POINT('',(124.49099347922,13.36822000892,
    -10.45134735317));
#4161 = CARTESIAN_POINT('',(115.61980600305,21.273973827347,
    -10.36300813055));
#4162 = CARTESIAN_POINT('',(104.14312552964,23.951076985716,
    -10.27466890794));
#4163 = CARTESIAN_POINT('',(88.750106302769,19.830460067275,
    -10.15688327778));
#4164 = CARTESIAN_POINT('',(79.736079488677,5.20203037899,
    -10.03909764763));
#4165 = CARTESIAN_POINT('',(82.975929260791,-10.40014569236,
    -9.921312017482));
#4166 = CARTESIAN_POINT('',(90.527001741761,-19.44792886818,
    -9.832972794868));
#4167 = CARTESIAN_POINT('',(101.57709009108,-23.81764947102,
    -9.744633572254));
#4168 = CARTESIAN_POINT('',(113.36431102234,-22.3142089525,
    -9.65629434964));
#4169 = CARTESIAN_POINT('',(122.91710641292,-15.41310931295,
    -9.567955127025));
#4170 = CARTESIAN_POINT('',(129.91214825715,-1.095500772944,
    -9.450169496872));
#4171 = CARTESIAN_POINT('',(124.79274641412,15.306796606384,
    -9.332383866718));
#4172 = CARTESIAN_POINT('',(110.8954666036,23.103599706099,
    -9.214598236564));
#4173 = CARTESIAN_POINT('',(99.113172099474,23.345699328622,
    -9.126259013949));
#4174 = CARTESIAN_POINT('',(88.563430196839,17.877440331219,
    -9.037919791334));
#4175 = CARTESIAN_POINT('',(81.96071281,7.998015561305,-8.949580568719)
  );
#4176 = CARTESIAN_POINT('',(80.896774259485,-3.738641150474,
    -8.861241346104));
#4177 = CARTESIAN_POINT('',(87.106915466036,-18.41374492871,
    -8.743455715952));
#4178 = CARTESIAN_POINT('',(102.84153719699,-25.31775199229,
    -8.625670085799));
#4179 = CARTESIAN_POINT('',(117.8456133593,-19.95098171372,
    -8.507884455647));
#4180 = CARTESIAN_POINT('',(125.76197847777,-11.22101955341,
    -8.419545233032));
#4181 = CARTESIAN_POINT('',(128.56127018866,0.327265020159,
    -8.331206010417));
#4182 = CARTESIAN_POINT('',(125.44189567152,11.793232632912,
    -8.242866787802));
#4183 = CARTESIAN_POINT('',(117.28580642624,20.2996586881,
    -8.154527565187));
#4184 = CARTESIAN_POINT('',(102.13828022828,25.247079712202,
    -8.036741935033));
#4185 = CARTESIAN_POINT('',(86.601749588137,17.908152664056,
    -7.918956304879));
#4186 = CARTESIAN_POINT('',(80.802134901882,3.066016894616,
    -7.801170674726));
#4187 = CARTESIAN_POINT('',(82.192066234201,-8.63651133226,
    -7.712831452111));
#4188 = CARTESIAN_POINT('',(89.066983182698,-18.32848882017,
    -7.624492229497));
#4189 = CARTESIAN_POINT('',(99.764720489148,-23.50123733493,
    -7.536153006883));
#4190 = CARTESIAN_POINT('',(111.53572474851,-22.93155783262,
    -7.447813784269));
#4191 = CARTESIAN_POINT('',(125.21079487924,-14.75127778685,
    -7.330028154116));
#4192 = CARTESIAN_POINT('',(129.87205767688,1.787049325694,
    -7.212242523963));
#4193 = CARTESIAN_POINT('',(122.48153914792,15.904583125215,
    -7.094456893809));
#4194 = CARTESIAN_POINT('',(112.74051448265,22.537343823453,
    -7.006117671193));
#4195 = CARTESIAN_POINT('',(100.91604105823,23.712392294796,
    -6.917778448578));
#4196 = CARTESIAN_POINT('',(89.991751653663,19.037051485822,
    -6.829439225963));
#4197 = CARTESIAN_POINT('',(82.695224789191,9.78276751971,
    -6.741100003348));
#4198 = CARTESIAN_POINT('',(79.890535156801,-5.903476159816,
    -6.623314373195));
#4199 = CARTESIAN_POINT('',(89.307901874189,-20.27556155688,
    -6.505528743042));
#4200 = CARTESIAN_POINT('',(104.80956433509,-23.96649445461,
    -6.38774311289));
#4201 = CARTESIAN_POINT('',(116.20735368924,-20.9712525866,
    -6.299403890276));
#4202 = CARTESIAN_POINT('',(124.8552455429,-12.82184296613,
    -6.211064667661));
#4203 = CARTESIAN_POINT('',(128.49858285686,-1.511449343829,
    -6.122725445046));
#4204 = CARTESIAN_POINT('',(126.3062369759,10.067613465727,
    -6.034386222431));
#4205 = CARTESIAN_POINT('',(116.31307802635,22.47975666973,
    -5.916600592277));
#4206 = CARTESIAN_POINT('',(99.288982844833,24.808665813658,
    -5.798814962123));
#4207 = CARTESIAN_POINT('',(86.329390729598,15.536476378889,
    -5.68102933197));
#4208 = CARTESIAN_POINT('',(81.107744452889,4.971653324511,
    -5.592690109355));
#4209 = CARTESIAN_POINT('',(81.579528673496,-6.901692047543,
    -5.50435088674));
#4210 = CARTESIAN_POINT('',(87.720955747006,-17.07429172391,
    -5.416011664126));
#4211 = CARTESIAN_POINT('',(97.895527554108,-23.02064897449,
    -5.327672441512));
#4212 = CARTESIAN_POINT('',(113.81893208698,-23.62868909646,
    -5.209886811359));
#4213 = CARTESIAN_POINT('',(126.75027935011,-12.31392473697,
    -5.092101181207));
#4214 = CARTESIAN_POINT('',(128.26157495829,3.549256226881,
    -4.974315551053));
#4215 = CARTESIAN_POINT('',(123.71860390146,14.423192496062,
    -4.885976328438));
#4216 = CARTESIAN_POINT('',(114.451368083,21.860749283059,
    -4.797637105822));
#4217 = CARTESIAN_POINT('',(102.74575223767,23.904634885652,
    -4.709297883207));
#4218 = CARTESIAN_POINT('',(91.581229940531,20.1317688814,
    -4.620958660592));
#4219 = CARTESIAN_POINT('',(80.670628090646,8.517842242196,
    -4.503173030438));
#4220 = CARTESIAN_POINT('',(80.718844185217,-8.6647451578,
    -4.385387400286));
#4221 = CARTESIAN_POINT('',(91.69445342634,-20.21725685412,
    -4.267601770133));
#4222 = CARTESIAN_POINT('',(102.879973829,-23.92740635664,
    -4.179262547519));
#4223 = CARTESIAN_POINT('',(114.57393471781,-21.81785915265,
    -4.090923324905));
#4224 = CARTESIAN_POINT('',(123.79928383437,-14.32841028425,
    -4.00258410229));
#4225 = CARTESIAN_POINT('',(128.28115707692,-3.429149380543,
    -3.914244879675));
#4226 = CARTESIAN_POINT('',(126.68085855927,12.425300132504,
    -3.796459249522));
#4227 = CARTESIAN_POINT('',(113.68621467478,23.667313513819,
    -3.678673619368));
#4228 = CARTESIAN_POINT('',(97.766473326815,22.96991827334,
    -3.560887989214));
#4229 = CARTESIAN_POINT('',(87.625433660219,16.96655334278,
    -3.472548766599));
#4230 = CARTESIAN_POINT('',(81.541193560757,6.759647196056,
    -3.384209543984));
#4231 = CARTESIAN_POINT('',(81.136051884024,-5.116158919524,
    -3.295870321369));
#4232 = CARTESIAN_POINT('',(86.416907406073,-15.65151088169,
    -3.207531098755));
#4233 = CARTESIAN_POINT('',(99.428332440696,-24.85082299044,
    -3.089745468603));
#4234 = CARTESIAN_POINT('',(116.43908931073,-22.42640857731,
    -2.97195983845));
#4235 = CARTESIAN_POINT('',(126.36243195178,-9.958377635541,
    -2.854174208297));
#4236 = CARTESIAN_POINT('',(128.48975975314,1.632806617952,
    -2.765834985682));
#4237 = CARTESIAN_POINT('',(124.78300407815,12.922575131787,
    -2.677495763067));
#4238 = CARTESIAN_POINT('',(116.08951262068,21.023323054655,
    -2.589156540451));
#4239 = CARTESIAN_POINT('',(104.67509299037,23.954551545159,
    -2.500817317836));
#4240 = CARTESIAN_POINT('',(89.19438875031,20.176678942207,
    -2.383031687682));
#4241 = CARTESIAN_POINT('',(79.857828803396,5.751968154878,
    -2.265246057529));
#4242 = CARTESIAN_POINT('',(82.750507946621,-9.91828818879,
    -2.147460427376));
#4243 = CARTESIAN_POINT('',(90.098856475986,-19.13147703245,
    -2.059121204762));
#4244 = CARTESIAN_POINT('',(101.04921250202,-23.74543556578,
    -1.970781982148));
#4245 = CARTESIAN_POINT('',(112.8669053418,-22.50404435755,
    -1.882442759534));
#4246 = CARTESIAN_POINT('',(122.57055214064,-15.81672066326,
    -1.794103536919));
#4247 = CARTESIAN_POINT('',(129.88172515171,-1.657930870296,
    -1.676317906766));
#4248 = CARTESIAN_POINT('',(125.12771853944,14.853972887807,
    -1.558532276612));
#4249 = CARTESIAN_POINT('',(111.40695690231,22.957382046697,
    -1.440746646458));
#4250 = CARTESIAN_POINT('',(99.632937171882,23.460983933755,
    -1.352407423843));
#4251 = CARTESIAN_POINT('',(88.964406020666,18.228295168834,
    -1.264068201228));
#4252 = CARTESIAN_POINT('',(82.143976219128,8.497857335231,
    -1.175728978613));
#4253 = CARTESIAN_POINT('',(80.819768847005,-3.212232713451,
    -1.087389755998));
#4254 = CARTESIAN_POINT('',(86.702534944807,-18.02170043635,
    -0.969604125846));
#4255 = CARTESIAN_POINT('',(102.28011745436,-25.27308621986,
    -0.851818495693));
#4256 = CARTESIAN_POINT('',(117.39947912453,-20.24107319051,
    -0.734032865541));
#4257 = CARTESIAN_POINT('',(125.50797398693,-11.68842689076,
    -0.645693642926));
#4258 = CARTESIAN_POINT('',(128.56240590487,-0.206290300538,
    -0.557354420311));
#4259 = CARTESIAN_POINT('',(125.69938264199,11.328301235045,
    -0.469015197696));
#4260 = CARTESIAN_POINT('',(117.73226129936,20.009689825551,
    -0.380675975081));
#4261 = CARTESIAN_POINT('',(102.70225825769,25.300573427616,
    -0.262890344927));
#4262 = CARTESIAN_POINT('',(86.998579367308,18.291268325162,
    -0.145104714773));
#4263 = CARTESIAN_POINT('',(80.882688890504,3.606591162463,
    -2.731908461975E-02));
#4264 = CARTESIAN_POINT('',(81.992479390237,-8.166345269376,
    6.102013799473E-02));
#4265 = CARTESIAN_POINT('',(88.689306327937,-17.92661944462,
    0.149359360609));
#4266 = CARTESIAN_POINT('',(102.70939435834,-25.31931923736,
    0.267144990761));
#4267 = CARTESIAN_POINT('',(123.58979352809,-19.45767774646,
    0.414377028452));
#4268 = CARTESIAN_POINT('',(129.91851195957,1.285745671149,
    0.561609066143));
#4269 = CARTESIAN_POINT('',(122.82454310059,15.47525618645,
    0.679394696297));
#4270 = CARTESIAN_POINT('',(113.24223468806,22.365830137069,
    0.767733918913));
#4271 = CARTESIAN_POINT('',(101.44177155235,23.779301297663,
    0.856073141528));
#4272 = CARTESIAN_POINT('',(90.41900817059,19.360164340474,
    0.944412364143));
#4273 = CARTESIAN_POINT('',(82.917512657255,10.263852737982,
    1.032751586758));
#4274 = CARTESIAN_POINT('',(79.766049101459,-5.352572272324,
    1.150537216911));
#4275 = CARTESIAN_POINT('',(88.861503606859,-19.93269887218,
    1.268322847064));
#4276 = CARTESIAN_POINT('',(104.27766507027,-23.96562717742,
    1.386108477216));
#4277 = CARTESIAN_POINT('',(115.73901690018,-21.22474655512,
    1.47444769983));
#4278 = CARTESIAN_POINT('',(124.56576410719,-13.26900740349,
    1.562786922445));
#4279 = CARTESIAN_POINT('',(128.45926133386,-2.042454371256,
    1.65112614506));
#4280 = CARTESIAN_POINT('',(126.52453170182,9.582510740804,
    1.739465367675));
#4281 = CARTESIAN_POINT('',(116.80937773978,22.213395416507,
    1.857250997829));
#4282 = CARTESIAN_POINT('',(99.841187755478,24.91970379848,
    1.975036627983));
#4283 = CARTESIAN_POINT('',(86.678941220215,15.937488888673,
    2.092822258136));
#4284 = CARTESIAN_POINT('',(81.224041873368,5.491199417509,
    2.181161480751));
#4285 = CARTESIAN_POINT('',(81.432117732607,-6.389697812759,
    2.269500703366));
#4286 = CARTESIAN_POINT('',(87.346197502433,-16.69612926547,
    2.35783992598));
#4287 = CARTESIAN_POINT('',(97.386250900936,-22.86690014039,
    2.446179148594));
#4288 = CARTESIAN_POINT('',(113.29223252174,-23.82829319796,
    2.563964778747));
#4289 = CARTESIAN_POINT('',(126.47158321469,-12.80339695877,
    2.681750408899));
#4290 = CARTESIAN_POINT('',(128.33467289503,3.022323528216,
    2.799536039053));
#4291 = CARTESIAN_POINT('',(124.03422549811,13.994434811341,
    2.887875261668));
#4292 = CARTESIAN_POINT('',(114.93438923338,21.635893527636,
    2.976214484284));
#4293 = CARTESIAN_POINT('',(103.27703305791,23.93914290232,
    3.064553706899));
#4294 = CARTESIAN_POINT('',(92.031503778448,20.41506188042,
    3.152892929514));
#4295 = CARTESIAN_POINT('',(80.86575889956,9.04621557748,3.270678559668)
  );
#4296 = CARTESIAN_POINT('',(80.532505475176,-8.133207477108,
    3.38846418982));
#4297 = CARTESIAN_POINT('',(91.248941131812,-19.92653319904,
    3.506249819973));
#4298 = CARTESIAN_POINT('',(102.34933857332,-23.88408959726,
    3.594589042587));
#4299 = CARTESIAN_POINT('',(114.08724988075,-22.0346710922,
    3.682928265201));
#4300 = CARTESIAN_POINT('',(123.47659295086,-14.75187304511,
    3.771267487816));
#4301 = CARTESIAN_POINT('',(128.19932786394,-3.954797008287,
    3.859606710431));
#4302 = CARTESIAN_POINT('',(126.95139640081,11.931272101934,
    3.977392340584));
#4303 = CARTESIAN_POINT('',(114.20953056449,23.458999092021,
    4.095177970738));
#4304 = CARTESIAN_POINT('',(98.278230384334,23.115197875023,
    4.212963600892));
#4305 = CARTESIAN_POINT('',(88.006413867908,17.338446066037,
    4.301302823507));
#4306 = CARTESIAN_POINT('',(81.697077455185,7.269127086796,
    4.389642046122));
#4307 = CARTESIAN_POINT('',(81.02838983149,-4.594757923475,
    4.477981268737));
#4308 = CARTESIAN_POINT('',(86.074056469347,-15.24474966943,
    4.566320491351));
#4309 = CARTESIAN_POINT('',(98.878047787009,-24.73065136852,
    4.684106121503));
#4310 = CARTESIAN_POINT('',(115.9384348499,-22.68447742319,
    4.801891751656));
#4311 = CARTESIAN_POINT('',(126.13612515748,-10.43981993112,
    4.919677381809));
#4312 = CARTESIAN_POINT('',(128.52025578888,1.101280412509,
    5.008016604424));
#4313 = CARTESIAN_POINT('',(125.06504928241,12.470557375998,
    5.096355827039));
#4314 = CARTESIAN_POINT('',(116.55353897148,20.762306461801,
    5.184695049654));
#4315 = CARTESIAN_POINT('',(105.20700647451,23.946215427921,
    5.27303427227));
#4316 = CARTESIAN_POINT('',(89.646247859504,20.51294933964,
    5.390819902424));
#4317 = CARTESIAN_POINT('',(79.991756838071,6.29906747481,5.508605532577
    ));
#4318 = CARTESIAN_POINT('',(82.535839576373,-9.431544964894,
    5.62639116273));
#4319 = CARTESIAN_POINT('',(89.677841967282,-18.80559840285,
    5.714730385344));
#4320 = CARTESIAN_POINT('',(100.52306831326,-23.66152016696,
    5.803069607958));
#4321 = CARTESIAN_POINT('',(112.3654076026,-22.68279097502,
    5.891408830572));
#4322 = CARTESIAN_POINT('',(122.21512346476,-16.21253800901,
    5.979748053187));
#4323 = CARTESIAN_POINT('',(129.83882242364,-2.219549089851,
    6.09753368334));
#4324 = CARTESIAN_POINT('',(125.45255731348,14.393828439527,
    6.215319313494));
#4325 = CARTESIAN_POINT('',(111.915072623,22.799840155113,6.333104943648
    ));
#4326 = CARTESIAN_POINT('',(100.15513863873,23.564711840483,
    6.421444166263));
#4327 = CARTESIAN_POINT('',(89.373062101616,18.57014116598,
    6.509783388878));
#4328 = CARTESIAN_POINT('',(82.338309846717,8.993546187228,
    6.598122611493));
#4329 = CARTESIAN_POINT('',(80.754435162248,-2.684313933244,
    6.686461834108));
#4330 = CARTESIAN_POINT('',(86.307033831664,-17.62061778406,
    6.80424746426));
#4331 = CARTESIAN_POINT('',(101.71968018203,-25.21627226729,
    6.922033094413));
#4332 = CARTESIAN_POINT('',(116.9471952959,-20.5208161484,7.039818724565
    ));
#4333 = CARTESIAN_POINT('',(125.24327629454,-12.15086297808,
    7.12815794718));
#4334 = CARTESIAN_POINT('',(128.5524318452,-0.738220855579,
    7.216497169795));
#4335 = CARTESIAN_POINT('',(125.94510119463,10.854912351344,
    7.30483639241));
#4336 = CARTESIAN_POINT('',(118.17464780879,19.71499870464,
    7.393175615025));
#4337 = CARTESIAN_POINT('',(103.26166632486,25.329934854543,
    7.510961245179));
#4338 = CARTESIAN_POINT('',(87.414678431307,18.687901336733,
    7.628746875333));
#4339 = CARTESIAN_POINT('',(80.961944770379,4.117837747009,
    7.746532505486));
#4340 = CARTESIAN_POINT('',(81.831036132996,-7.634853698479,
    7.834871728101));
#4341 = CARTESIAN_POINT('',(88.268953986197,-17.62245222817,
    7.923210950715));
#4342 = CARTESIAN_POINT('',(98.726530558094,-23.2649696555,
    8.011550173329));
#4343 = CARTESIAN_POINT('',(110.511219933,-23.21836121925,8.099889395943
    ));
#4344 = CARTESIAN_POINT('',(124.53592943928,-15.65317464046,
    8.217675026096));
#4345 = CARTESIAN_POINT('',(129.92672645018,0.661939276932,
    8.335460656249));
#4346 = CARTESIAN_POINT('',(123.1701636802,15.093619159842,
    8.453246286403));
#4347 = CARTESIAN_POINT('',(113.73316599383,22.152241594621,
    8.541585509019));
#4348 = CARTESIAN_POINT('',(101.97250784071,23.851014822666,
    8.629924731634));
#4349 = CARTESIAN_POINT('',(90.851450271959,19.665206749265,
    8.718263954249));
#4350 = CARTESIAN_POINT('',(83.151322144908,10.743934259513,
    8.806603176864));
#4351 = CARTESIAN_POINT('',(79.653091868472,-4.802348564381,
    8.924388807017));
#4352 = CARTESIAN_POINT('',(88.423205529415,-19.57830000327,
    9.04217443717));
#4353 = CARTESIAN_POINT('',(103.74574914074,-23.95370649712,
    9.159960067322));
#4354 = CARTESIAN_POINT('',(115.26526110057,-21.46735973599,
    9.248299289936));
#4355 = CARTESIAN_POINT('',(124.26637730376,-13.70985899338,
    9.336638512551));
#4356 = CARTESIAN_POINT('',(128.40818660904,-2.572340133529,
    9.424977735166));
#4357 = CARTESIAN_POINT('',(126.73199106537,9.092626412021,
    9.513316957781));
#4358 = CARTESIAN_POINT('',(117.29965178801,21.936126731808,
    9.631102587935));
#4359 = CARTESIAN_POINT('',(100.39571650485,25.018432117859,
    9.748888218089));
#4360 = CARTESIAN_POINT('',(87.037310404407,16.330652702897,
    9.866673848242));
#4361 = CARTESIAN_POINT('',(81.351843417011,6.008029918709,
    9.955013070857));
#4362 = CARTESIAN_POINT('',(81.296110191595,-5.874554163992,
    10.043352293472));
#4363 = CARTESIAN_POINT('',(86.979926571398,-16.30974184968,
    10.131691516086));
#4364 = CARTESIAN_POINT('',(96.880513188698,-22.70188238652,
    10.2200307387));
#4365 = CARTESIAN_POINT('',(112.76123137001,-24.01615585622,
    10.337816368853));
#4366 = CARTESIAN_POINT('',(126.1820894324,-13.28656110994,
    10.455601999005));
#4367 = CARTESIAN_POINT('',(128.39605475099,2.493897764104,
    10.573387629159));
#4368 = CARTESIAN_POINT('',(124.34025079983,13.558775997471,
    10.661726851774));
#4369 = CARTESIAN_POINT('',(115.41229947859,21.400369960455,
    10.75006607439));
#4370 = CARTESIAN_POINT('',(103.80894903203,23.961847871579,
    10.838405297005));
#4371 = CARTESIAN_POINT('',(92.487955815301,20.688288860934,
    10.92674451962));
#4372 = CARTESIAN_POINT('',(81.072571636282,9.570126748745,
    11.044530149774));
#4373 = CARTESIAN_POINT('',(80.358012954784,-7.597664036356,
    11.162315779927));
#4374 = CARTESIAN_POINT('',(90.809992772939,-19.62599071084,
    11.280101410079));
#4375 = CARTESIAN_POINT('',(101.81979573818,-23.82900328231,
    11.368440632693));
#4376 = CARTESIAN_POINT('',(113.59587171209,-22.24062507437,
    11.456779855307));
#4377 = CARTESIAN_POINT('',(123.14458061959,-15.16806762498,
    11.545119077922));
#4378 = CARTESIAN_POINT('',(128.10584931255,-4.478498458475,
    11.633458300537));
#4379 = CARTESIAN_POINT('',(127.21090002376,11.431359821157,
    11.75124393069));
#4380 = CARTESIAN_POINT('',(114.72809284894,23.239118270011,
    11.869029560844));
#4381 = CARTESIAN_POINT('',(98.793086558993,23.249080539998,
    11.986815190998));
#4382 = CARTESIAN_POINT('',(88.395556290119,17.701789280541,
    12.075154413613));
#4383 = CARTESIAN_POINT('',(81.864233509125,7.775020752699,
    12.163493636228));
#4384 = CARTESIAN_POINT('',(80.93232954238,-4.071095305809,
    12.251832858843));
#4385 = CARTESIAN_POINT('',(85.740320228442,-14.83047733138,
    12.340172081457));
#4386 = CARTESIAN_POINT('',(98.330566593617,-24.59829290967,
    12.457957711609));
#4387 = CARTESIAN_POINT('',(115.43217458666,-22.93136801557,
    12.575743341762));
#4388 = CARTESIAN_POINT('',(125.89918600148,-10.91611950589,
    12.693528971915));
#4389 = CARTESIAN_POINT('',(128.53894429662,0.569208184366,
    12.78186819453));
#4390 = CARTESIAN_POINT('',(125.33699007135,12.012389552068,
    12.870207417145));
#4391 = CARTESIAN_POINT('',(117.01165632641,20.491052696121,
    12.95854663976));
#4392 = CARTESIAN_POINT('',(105.73860380482,23.926072762261,
    13.046885862376));
#4393 = CARTESIAN_POINT('',(90.105460883176,20.839105464274,
    13.16467149253));
#4394 = CARTESIAN_POINT('',(80.137797617833,6.843058751753,
    13.282457122683));
#4395 = CARTESIAN_POINT('',(82.332029913835,-8.940156045576,
    13.400242752836));
#4396 = CARTESIAN_POINT('',(89.264165840944,-18.47045339127,
    13.48858197545));
#4397 = CARTESIAN_POINT('',(99.998916668849,-23.56594505918,
    13.576921198064));
#4398 = CARTESIAN_POINT('',(111.86006537218,-22.85035990543,
    13.665260420678));
#4399 = CARTESIAN_POINT('',(121.85099491102,-16.60036766868,
    13.753599643293));
#4400 = CARTESIAN_POINT('',(129.78346273693,-2.780075381681,
    13.871385273446));
#4401 = CARTESIAN_POINT('',(125.76709968619,13.926583841365,
    13.9891709036));
#4402 = CARTESIAN_POINT('',(112.41956690049,22.631059313335,
    14.106956533754));
#4403 = CARTESIAN_POINT('',(100.67951155831,23.656815898468,
    14.195295756369));
#4404 = CARTESIAN_POINT('',(89.789211637513,18.902840897493,
    14.283634978984));
#4405 = CARTESIAN_POINT('',(82.54359039044,9.484779344347,
    14.371974201599));
#4406 = CARTESIAN_POINT('',(80.700854714064,-2.155040294996,
    14.460313424214));
#4407 = CARTESIAN_POINT('',(85.920495319685,-17.21093205389,
    14.578099054367));
#4408 = CARTESIAN_POINT('',(101.16071774931,-25.1468790576,
    14.695884684519));
#4409 = CARTESIAN_POINT('',(116.48872022657,-20.79063471593,
    14.813670314671));
#4410 = CARTESIAN_POINT('',(124.96857161275,-12.60691939355,
    14.902009537286));
#4411 = CARTESIAN_POINT('',(128.53027504552,-1.27055404429,
    14.990348759901));
#4412 = CARTESIAN_POINT('',(126.18095737551,10.377605345085,
    15.078687982516));
#4413 = CARTESIAN_POINT('',(118.60911514404,19.408014041878,
    15.167027205131));
#4414 = CARTESIAN_POINT('',(103.82446200476,25.35263818969,
    15.284812835285));
#4415 = CARTESIAN_POINT('',(87.833924926757,19.064048641385,
    15.402598465439));
#4416 = CARTESIAN_POINT('',(81.059322608981,4.640828191589,
    15.520384095592));
#4417 = CARTESIAN_POINT('',(81.667287158306,-7.128260775541,
    15.608723318207));
#4418 = CARTESIAN_POINT('',(87.881891222524,-17.25632115252,
    15.697062540821));
#4419 = CARTESIAN_POINT('',(98.211625199024,-23.12960870292,
    15.785401763435));
#4420 = CARTESIAN_POINT('',(109.99444488764,-23.34463473612,
    15.873740986049));
#4421 = CARTESIAN_POINT('',(124.18364691287,-16.09266461797,
    15.991526616202));
#4422 = CARTESIAN_POINT('',(129.93531484456,9.875133474341E-02,
    16.109312246355));
#4423 = CARTESIAN_POINT('',(123.50080408696,14.676871790337,
    16.227097876509));
#4424 = CARTESIAN_POINT('',(114.22283534546,21.943258240358,
    16.315437099125));
#4425 = CARTESIAN_POINT('',(102.50278885525,23.902702279446,
    16.40377632174));
#4426 = CARTESIAN_POINT('',(91.291546173946,19.964816017042,
    16.492115544355));
#4427 = CARTESIAN_POINT('',(83.395261359778,11.216686951753,
    16.58045476697));
#4428 = CARTESIAN_POINT('',(79.552761966581,-4.248102834103,
    16.698240397123));
#4429 = CARTESIAN_POINT('',(87.992684451232,-19.21511131955,
    16.816026027276));
#4430 = CARTESIAN_POINT('',(103.21431664007,-23.92960367983,
    16.933811657428));
#4431 = CARTESIAN_POINT('',(114.78618705484,-21.69960567242,
    17.022150880042));
#4432 = CARTESIAN_POINT('',(123.95730329206,-14.14384378904,
    17.110490102657));
#4433 = CARTESIAN_POINT('',(128.34534746348,-3.101019013444,
    17.198829325272));
#4434 = CARTESIAN_POINT('',(126.92853013439,8.59828458401,
    17.287168547887));
#4435 = CARTESIAN_POINT('',(117.78364435582,21.648019784557,
    17.404954178041));
#4436 = CARTESIAN_POINT('',(100.95230307785,25.104837010672,
    17.522739808195));
#4437 = CARTESIAN_POINT('',(87.404318408963,16.7157586275,
    17.640525438348));
#4438 = CARTESIAN_POINT('',(81.491087890725,6.521898669292,
    17.728864660963));
#4439 = CARTESIAN_POINT('',(81.171572132122,-5.356519590515,
    17.817203883578));
#4440 = CARTESIAN_POINT('',(86.622323987031,-15.91531757565,
    17.905543106192));
#4441 = CARTESIAN_POINT('',(96.378563466207,-22.52567817356,
    17.993882328806));
#4442 = CARTESIAN_POINT('',(112.22619056049,-24.19218355545,
    18.111667958959));
#4443 = CARTESIAN_POINT('',(125.88194059875,-13.76317950699,
    18.229453589111));
#4444 = CARTESIAN_POINT('',(128.44569031415,1.964239610725,
    18.347239219265));
#4445 = CARTESIAN_POINT('',(124.63652893876,13.116430679103,
    18.43557844188));
#4446 = CARTESIAN_POINT('',(115.88486326412,21.15429473582,
    18.523917664496));
#4447 = CARTESIAN_POINT('',(104.34123796576,23.972738569913,
    18.612256887111));
#4448 = CARTESIAN_POINT('',(92.950361063785,20.951315161418,
    18.700596109726));
#4449 = CARTESIAN_POINT('',(81.290964357816,10.089317501673,
    18.81838173988));
#4450 = CARTESIAN_POINT('',(80.195452634771,-7.058378804681,
    18.936167370033));
#4451 = CARTESIAN_POINT('',(90.377824711858,-19.31577753325,
    19.053953000185));
#4452 = CARTESIAN_POINT('',(101.29160634171,-23.7621745629,
    19.142292222799));
#4453 = CARTESIAN_POINT('',(113.10004241766,-22.4356195829,
    19.230631445413));
#4454 = CARTESIAN_POINT('',(122.80341049338,-15.57678887629,
    19.318970668028));
#4455 = CARTESIAN_POINT('',(128.00076749937,-4.999995592801,
    19.407309890643));
#4456 = CARTESIAN_POINT('',(127.45924151581,10.925809702901,
    19.525095520796));
#4457 = CARTESIAN_POINT('',(115.24164592274,23.007779429499,
    19.64288115095));
#4458 = CARTESIAN_POINT('',(99.310788072232,23.371500276,19.760666781104
    ));
#4459 = CARTESIAN_POINT('',(88.792669114033,18.056403890178,
    19.849006003719));
#4460 = CARTESIAN_POINT('',(82.042579329436,8.277078832958,
    19.937345226334));
#4461 = CARTESIAN_POINT('',(80.847918365903,-3.545429185947,
    20.025684448949));
#4462 = CARTESIAN_POINT('',(85.415863185856,-14.40889806707,
    20.114023671563));
#4463 = CARTESIAN_POINT('',(97.786158720254,-24.45381285512,
    20.231809301716));
#4464 = CARTESIAN_POINT('',(114.92055806274,-23.16695865884,
    20.349594931868));
#4465 = CARTESIAN_POINT('',(125.65173127361,-11.38704158673,
    20.467380562021));
#4466 = CARTESIAN_POINT('',(128.54581606505,3.685219906686E-02,
    20.555719784636));
#4467 = CARTESIAN_POINT('',(125.59869240131,11.548297494317,
    20.644059007251));
#4468 = CARTESIAN_POINT('',(117.46363887581,20.209695465328,
    20.732398229866));
#4469 = CARTESIAN_POINT('',(106.26962294779,23.894133470304,
    20.820737452482));
#4470 = CARTESIAN_POINT('',(90.571801476768,21.154986564549,
    20.938523082636));
#4471 = CARTESIAN_POINT('',(80.295879144216,7.383673817917,
    21.056308712789));
#4472 = CARTESIAN_POINT('',(82.1391794354,-8.444363607618,
    21.174094342942));
#4473 = CARTESIAN_POINT('',(88.8580319686,-18.12620726708,
    21.262433565556));
#4474 = CARTESIAN_POINT('',(99.477015995377,-23.45875721191,
    21.35077278817));
#4475 = CARTESIAN_POINT('',(111.3511276151,-23.00666881655,
    21.439112010784));
#4476 = CARTESIAN_POINT('',(121.47834618569,-16.98001800268,
    21.527451233399));
#4477 = CARTESIAN_POINT('',(129.71567287336,-3.339234529938,
    21.645236863552));
#4478 = CARTESIAN_POINT('',(126.07119159389,13.452471480732,
    21.763022493706));
#4479 = CARTESIAN_POINT('',(112.92018986656,22.451120172518,
    21.88080812386));
#4480 = CARTESIAN_POINT('',(101.20579997567,23.737256049713,
    21.969147346475));
#4481 = CARTESIAN_POINT('',(90.212644626365,19.226220012409,
    22.05748656909));
#4482 = CARTESIAN_POINT('',(82.759725837436,9.971334155016,
    22.145825791705));
#4483 = CARTESIAN_POINT('',(80.659037475531,-1.624707598505,
    22.23416501432));
#4484 = CARTESIAN_POINT('',(85.543147194744,-16.79276604775,
    22.351950644473));
#4485 = CARTESIAN_POINT('',(100.60343362405,-25.06509384003,
    22.469736274625));
#4486 = CARTESIAN_POINT('',(116.02436811087,-21.05020853603,
    22.587521904777));
#4487 = CARTESIAN_POINT('',(124.68381007415,-13.05676488039,
    22.675861127392));
#4488 = CARTESIAN_POINT('',(128.49630577108,-1.802264188512,
    22.764200350007));
#4489 = CARTESIAN_POINT('',(126.40615911235,9.895179981438,
    22.852539572622));
#4490 = CARTESIAN_POINT('',(119.03666023878,19.091459626631,
    22.940878795237));
#4491 = CARTESIAN_POINT('',(104.3876230658,25.362842021823,
    23.058664425391));
#4492 = CARTESIAN_POINT('',(88.261418531254,19.43079529935,
    23.176450055545));
#4493 = CARTESIAN_POINT('',(81.16828711966,5.161528626195,
    23.294235685698));
#4494 = CARTESIAN_POINT('',(81.514824699879,-6.618158899727,
    23.382574908313));
#4495 = CARTESIAN_POINT('',(87.503052686728,-16.88168458927,
    23.470914130927));
#4496 = CARTESIAN_POINT('',(97.699850593878,-22.98285541756,
    23.559253353541));
#4497 = CARTESIAN_POINT('',(109.47499604074,-23.45939504558,
    23.647592576156));
#4498 = CARTESIAN_POINT('',(123.82168957506,-16.52424717818,
    23.765378206308));
#4499 = CARTESIAN_POINT('',(129.93140758925,-0.464446590599,
    23.883163836461));
#4500 = CARTESIAN_POINT('',(123.82209963276,14.252835561999,
    24.000949466615));
#4501 = CARTESIAN_POINT('',(114.70776864535,21.723563303271,
    24.089288689231));
#4502 = CARTESIAN_POINT('',(103.03403988759,23.942395757656,
    24.177627911846));
#4503 = CARTESIAN_POINT('',(91.738272962654,20.254974033276,
    24.265967134461));
#4504 = CARTESIAN_POINT('',(83.649478063992,11.683203652482,
    24.354306357077));
#4505 = CARTESIAN_POINT('',(79.46511843117,-3.690170748187,
    24.472091987229));
#4506 = CARTESIAN_POINT('',(87.569641459021,-18.8455402727,
    24.589877617382));
#4507 = CARTESIAN_POINT('',(102.68439603432,-23.88993103857,
    24.707663247534));
#4508 = CARTESIAN_POINT('',(114.30029825716,-21.92909560404,
    24.796002470148));
#4509 = CARTESIAN_POINT('',(123.64211967197,-14.55545229042,
    24.884341692763));
#4510 = CARTESIAN_POINT('',(128.2642810755,-3.657265978313,
    24.972680915378));
#4511 = CARTESIAN_POINT('',(127.12586919281,8.152798316899,
    25.061020137993));
#4512 = CARTESIAN_POINT('',(122.67916970314,14.685436336695,
    25.11991295307));
#4513 = CARTESIAN_POINT('',(119.80983647635,17.224007934868,
    25.149359360608));
#4514 = CARTESIAN_POINT('',(119.80983647635,17.224007934869,
    -25.00024028956));
#4515 = CARTESIAN_POINT('',(116.9406950633,19.762409830577,
    -24.97079388202));
#4516 = CARTESIAN_POINT('',(109.91450889098,23.380123613298,
    -24.91190106694));
#4517 = CARTESIAN_POINT('',(98.053934457308,23.070590925794,
    -24.82356184433));
#4518 = CARTESIAN_POINT('',(87.800185078849,17.154812774673,
    -24.73522262171));
#4519 = CARTESIAN_POINT('',(81.620034708768,6.983959209573,
    -24.6468833991));
#4520 = CARTESIAN_POINT('',(81.089412831541,-4.784303811417,
    -24.55854417648));
#4521 = CARTESIAN_POINT('',(87.93824307686,-19.17165143656,
    -24.44075854633));
#4522 = CARTESIAN_POINT('',(103.9683298639,-25.36878096548,
    -24.32297291618));
#4523 = CARTESIAN_POINT('',(118.71717312114,-19.34207213433,
    -24.20518728603));
#4524 = CARTESIAN_POINT('',(126.23927240363,-10.26893182458,
    -24.11684806341));
#4525 = CARTESIAN_POINT('',(128.52260220818,1.392020715423,
    -24.0285088408));
#4526 = CARTESIAN_POINT('',(124.89763827224,12.708328201825,
    -23.94016961818));
#4527 = CARTESIAN_POINT('',(116.3718390028,20.844269368849,
    -23.85183039556));
#4528 = CARTESIAN_POINT('',(101.01971969509,25.114454130322,
    -23.73404476541));
#4529 = CARTESIAN_POINT('',(85.824213881686,17.0930795571,
    -23.61625913526));
#4530 = CARTESIAN_POINT('',(80.689181610488,2.008142241678,
    -23.4984735051));
#4531 = CARTESIAN_POINT('',(82.597198459695,-9.621157512652,
    -23.41013428249));
#4532 = CARTESIAN_POINT('',(89.895569134481,-18.99840433647,
    -23.32179505988));
#4533 = CARTESIAN_POINT('',(100.81237348183,-23.69118785112,
    -23.23345583726));
#4534 = CARTESIAN_POINT('',(112.54648930607,-22.59955960447,
    -23.14511661465));
#4535 = CARTESIAN_POINT('',(125.84495976409,-13.82031316082,
    -23.02733098449));
#4536 = CARTESIAN_POINT('',(129.76749994978,2.908623731246,
    -22.90954535434));
#4537 = CARTESIAN_POINT('',(121.75759494706,16.684179947,-22.79175972419
    ));
#4538 = CARTESIAN_POINT('',(111.73174698644,22.878003131738,
    -22.70342050157));
#4539 = CARTESIAN_POINT('',(99.866768990834,23.527010313509,
    -22.61508127896));
#4540 = CARTESIAN_POINT('',(89.160783987655,18.371353771804,
    -22.52674205634));
#4541 = CARTESIAN_POINT('',(82.282242755275,8.802302245884,
    -22.43840283373));
#4542 = CARTESIAN_POINT('',(80.176622958076,-6.99297836954,
    -22.32061720357));
#4543 = CARTESIAN_POINT('',(90.222677292068,-20.93286455111,
    -22.20283157342));
#4544 = CARTESIAN_POINT('',(105.87289857833,-23.93204753316,
    -22.08504594327));
#4545 = CARTESIAN_POINT('',(117.1264956837,-20.43381538915,
    -21.99670672065));
#4546 = CARTESIAN_POINT('',(125.40411470607,-11.90856266397,
    -21.90836749804));
#4547 = CARTESIAN_POINT('',(128.54179754045,-0.447591627688,
    -21.82002827542));
#4548 = CARTESIAN_POINT('',(125.83762332065,11.022740442462,
    -21.73168905281));
#4549 = CARTESIAN_POINT('',(115.30334524602,22.979057189545,
    -21.61390342266));
#4550 = CARTESIAN_POINT('',(98.192651525059,24.549978872049,
    -21.4961177925));
#4551 = CARTESIAN_POINT('',(85.657421978649,14.711658643029,
    -21.37833216235));
#4552 = CARTESIAN_POINT('',(80.909890383777,3.925462846343,
    -21.28999293973));
#4553 = CARTESIAN_POINT('',(81.908261973381,-7.915236661883,
    -21.20165371712));
#4554 = CARTESIAN_POINT('',(88.495192510523,-17.80519403154,
    -21.1133144945));
#4555 = CARTESIAN_POINT('',(98.923691322179,-23.29404532709,
    -21.02497527189));
#4556 = CARTESIAN_POINT('',(114.85839075311,-23.19465340898,
    -20.90718964174));
#4557 = CARTESIAN_POINT('',(127.27473431528,-11.31702540098,
    -20.78940401159));
#4558 = CARTESIAN_POINT('',(128.0803808398,4.597604924128,
    -20.67161838143));
#4559 = CARTESIAN_POINT('',(123.05919870578,15.259162314419,
    -20.58327915882));
#4560 = CARTESIAN_POINT('',(113.47094785011,22.278019500845,
    -20.4949399362));
#4561 = CARTESIAN_POINT('',(101.68614309664,23.800283471926,
    -20.40660071359));
#4562 = CARTESIAN_POINT('',(90.700101496077,19.535548314855,
    -20.31826149097));
#4563 = CARTESIAN_POINT('',(80.315791172682,7.44875288286,
    -20.20047586082));
#4564 = CARTESIAN_POINT('',(81.126686989949,-9.71475732117,
    -20.08269023066));
#4565 = CARTESIAN_POINT('',(92.604288300896,-20.76867937872,
    -19.96490460051));
#4566 = CARTESIAN_POINT('',(103.94347496825,-23.97865161103,
    -19.8765653779));
#4567 = CARTESIAN_POINT('',(115.53226725795,-21.35209417949,
    -19.78822615528));
#4568 = CARTESIAN_POINT('',(124.41606969916,-13.46051861689,
    -19.69988693267));
#4569 = CARTESIAN_POINT('',(128.40971191122,-2.373052815751,
    -19.61154771005));
#4570 = CARTESIAN_POINT('',(126.10721899863,13.394732415379,
    -19.4937620799));
#4571 = CARTESIAN_POINT('',(112.62635608934,24.04883818597,
    -19.37597644975));
#4572 = CARTESIAN_POINT('',(96.753263915248,22.64546028238,
    -19.25819081959));
#4573 = CARTESIAN_POINT('',(86.888706930775,16.197856734589,
    -19.16985159698));
#4574 = CARTESIAN_POINT('',(81.263544004375,5.730934898332,
    -19.08151237436));
#4575 = CARTESIAN_POINT('',(81.385963315254,-6.151149270164,
    -18.99317315175));
#4576 = CARTESIAN_POINT('',(87.129272976998,-16.4417017402,
    -18.90483392913));
#4577 = CARTESIAN_POINT('',(100.53622591351,-25.05437482499,
    -18.78704829898));
#4578 = CARTESIAN_POINT('',(117.42259659752,-21.87725039044,
    -18.66926266883));
#4579 = CARTESIAN_POINT('',(126.78270755278,-8.981016536612,
    -18.55147703868));
#4580 = CARTESIAN_POINT('',(128.39341104051,2.693173383208,
    -18.46313781606));
#4581 = CARTESIAN_POINT('',(124.18916142374,13.807272349601,
    -18.37479859345));
#4582 = CARTESIAN_POINT('',(115.14465063736,21.51413522044,
    -18.28645937083));
#4583 = CARTESIAN_POINT('',(103.61136631433,23.935793481534,
    -18.19812014821));
#4584 = CARTESIAN_POINT('',(88.313619488261,19.474463326413,
    -18.08033451806));
#4585 = CARTESIAN_POINT('',(79.626568945375,4.649525302406,
    -17.96254888791));
#4586 = CARTESIAN_POINT('',(83.211992357367,-10.876880066,
    -17.84476325775));
#4587 = CARTESIAN_POINT('',(90.962066829214,-19.75479770981,
    -17.75642403514));
#4588 = CARTESIAN_POINT('',(102.10644068494,-23.87812670935,
    -17.66808481253));
#4589 = CARTESIAN_POINT('',(113.85737984059,-22.11337753875,
    -17.57974558991));
#4590 = CARTESIAN_POINT('',(123.25461479182,-15.00190432423,
    -17.4914063673));
#4591 = CARTESIAN_POINT('',(129.9300782608,-0.532532804304,
    -17.37362073714));
#4592 = CARTESIAN_POINT('',(124.44780311591,15.75207016249,
    -17.25583510699));
#4593 = CARTESIAN_POINT('',(110.38085743732,23.238428688706,
    -17.13804947684));
#4594 = CARTESIAN_POINT('',(98.596092077169,23.218898828552,
    -17.04971025422));
#4595 = CARTESIAN_POINT('',(88.170346904906,17.517780668236,
    -16.96137103161));
#4596 = CARTESIAN_POINT('',(81.788582438958,7.49420880108,
    -16.87303180899));
#4597 = CARTESIAN_POINT('',(80.985462747951,-4.263175039356,
    -16.78469258638));
#4598 = CARTESIAN_POINT('',(87.519864317503,-18.79679540165,
    -16.66690695622));
#4599 = CARTESIAN_POINT('',(103.40387880291,-25.34978848708,
    -16.54912132607));
#4600 = CARTESIAN_POINT('',(118.28511351272,-19.65124672457,
    -16.43133569592));
#4601 = CARTESIAN_POINT('',(126.00572030489,-10.7476908748,
    -16.3429964733));
#4602 = CARTESIAN_POINT('',(128.54794737591,0.859892516853,
    -16.25465725069));
#4603 = CARTESIAN_POINT('',(125.17479436512,12.253783399281,
    -16.16631802807));
#4604 = CARTESIAN_POINT('',(116.83187049915,20.577045823119,
    -16.07797880546));
#4605 = CARTESIAN_POINT('',(101.57824354163,25.186968745267,
    -15.9601931753));
#4606 = CARTESIAN_POINT('',(86.208467942461,17.504935643185,
    -15.84240754515));
#4607 = CARTESIAN_POINT('',(80.739781644122,2.537704941488,-15.724621915
    ));
#4608 = CARTESIAN_POINT('',(82.389169404798,-9.13108231445,
    -15.63628269238));
#4609 = CARTESIAN_POINT('',(89.477556257692,-18.6680463229,
    -15.54794346977));
#4610 = CARTESIAN_POINT('',(100.28749332528,-23.60202760271,
    -15.45960424716));
#4611 = CARTESIAN_POINT('',(112.04294952837,-22.77116933157,
    -15.37126502454));
#4612 = CARTESIAN_POINT('',(125.53304514379,-14.28931546616,
    -15.25347939439));
#4613 = CARTESIAN_POINT('',(129.82600424482,2.34841685249,
    -15.13569376424));
#4614 = CARTESIAN_POINT('',(122.1238944534,16.298399987548,
    -15.01790813408));
#4615 = CARTESIAN_POINT('',(112.23802161254,22.713272876672,
    -14.92956891147));
#4616 = CARTESIAN_POINT('',(100.39037603501,23.625525552357,
    -14.84122968885));
#4617 = CARTESIAN_POINT('',(89.572572692764,18.708815115162,
    -14.75289046623));
#4618 = CARTESIAN_POINT('',(82.483291464014,9.294827242369,
    -14.66455124362));
#4619 = CARTESIAN_POINT('',(80.02753150469,-6.449815266423,
    -14.54676561347));
#4620 = CARTESIAN_POINT('',(89.761641063703,-20.60929073846,
    -14.42897998331));
#4621 = CARTESIAN_POINT('',(105.34142266194,-23.95517329149,
    -14.31119435316));
#4622 = CARTESIAN_POINT('',(116.66990786382,-20.70763591061,
    -14.22285513055));
#4623 = CARTESIAN_POINT('',(125.13474951037,-12.36824944794,
    -14.13451590793));
#4624 = CARTESIAN_POINT('',(128.52609540175,-0.979760359404,
    -14.04617668532));
#4625 = CARTESIAN_POINT('',(126.07723181457,10.547778109008,
    -13.9578374627));
#4626 = CARTESIAN_POINT('',(115.81098312613,22.735011698907,
    -13.84005183255));
#4627 = CARTESIAN_POINT('',(98.739381279655,24.685407798511,
    -13.7222662024));
#4628 = CARTESIAN_POINT('',(85.988828001155,15.127797438195,
    -13.60448057224));
#4629 = CARTESIAN_POINT('',(81.003010281688,4.449656322922,
    -13.51614134963));
#4630 = CARTESIAN_POINT('',(81.738269395671,-7.410289069455,
    -13.42780212701));
#4631 = CARTESIAN_POINT('',(88.104017076382,-17.44404046862,
    -13.3394629044));
#4632 = CARTESIAN_POINT('',(98.408091884688,-23.16305422575,
    -13.25112368178));
#4633 = CARTESIAN_POINT('',(114.34107064149,-23.41744102279,
    -13.13333805163));
#4634 = CARTESIAN_POINT('',(127.01804036677,-11.81838618479,
    -13.01555242148));
#4635 = CARTESIAN_POINT('',(128.17679701541,4.074436337865,
    -12.89776679133));
#4636 = CARTESIAN_POINT('',(123.39354155897,14.844837595379,
    -12.80942756871));
#4637 = CARTESIAN_POINT('',(113.96347412715,22.074826454726,
    -12.72108834609));
#4638 = CARTESIAN_POINT('',(102.21536843906,23.858340799003,
    -12.63274912348));
#4639 = CARTESIAN_POINT('',(91.137356249935,19.838549517496,
    -12.54440990086));
#4640 = CARTESIAN_POINT('',(80.487275389174,7.985267171801,
    -12.42662427071));
#4641 = CARTESIAN_POINT('',(80.916937237744,-9.192015070922,
    -12.30883864056));
#4642 = CARTESIAN_POINT('',(92.146310057758,-20.49801837786,
    -12.19105301041));
#4643 = CARTESIAN_POINT('',(103.41143994928,-23.95893220754,
    -12.10271378779));
#4644 = CARTESIAN_POINT('',(115.05568633051,-21.59029612569,
    -12.01437456518));
#4645 = CARTESIAN_POINT('',(124.11249421216,-13.89788807167,
    -11.92603534256));
#4646 = CARTESIAN_POINT('',(128.35129661687,-2.90181467326,
    -11.83769611995));
#4647 = CARTESIAN_POINT('',(126.39941985042,12.913200400905,
    -11.71991048979));
#4648 = CARTESIAN_POINT('',(113.15840312825,23.86395885471,
    -11.60212485964));
#4649 = CARTESIAN_POINT('',(97.25806763744,22.813313345009,
    -11.48433922949));
#4650 = CARTESIAN_POINT('',(87.252803456586,16.586294420939,
    -11.39600000687));
#4651 = CARTESIAN_POINT('',(81.396658662858,6.246832209113,
    -11.30766078426));
#4652 = CARTESIAN_POINT('',(81.255262632043,-5.635041289514,
    -11.21932156164));
#4653 = CARTESIAN_POINT('',(86.768704043543,-16.05056047058,
    -11.13098233903));
#4654 = CARTESIAN_POINT('',(99.981149312721,-24.95874854204,
    -11.01319670888));
#4655 = CARTESIAN_POINT('',(116.93389119131,-22.1572886819,
    -10.89541107872));
#4656 = CARTESIAN_POINT('',(126.57799483448,-9.472029929032,
    -10.77762544857));
#4657 = CARTESIAN_POINT('',(128.44747122264,2.163524808217,
    -10.68928622595));
#4658 = CARTESIAN_POINT('',(124.49099347922,13.36822000892,
    -10.60094700334));
#4659 = CARTESIAN_POINT('',(115.61980600305,21.273973827347,
    -10.51260778072));
#4660 = CARTESIAN_POINT('',(104.14312552964,23.951076985716,
    -10.42426855811));
#4661 = CARTESIAN_POINT('',(88.750106302769,19.830460067275,
    -10.30648292795));
#4662 = CARTESIAN_POINT('',(79.736079488677,5.20203037899,-10.1886972978
    ));
#4663 = CARTESIAN_POINT('',(82.975929260791,-10.40014569236,
    -10.07091166765));
#4664 = CARTESIAN_POINT('',(90.527001741761,-19.44792886818,
    -9.982572445039));
#4665 = CARTESIAN_POINT('',(101.57709009108,-23.81764947102,
    -9.894233222425));
#4666 = CARTESIAN_POINT('',(113.36431102234,-22.3142089525,
    -9.805893999811));
#4667 = CARTESIAN_POINT('',(122.91710641292,-15.41310931295,
    -9.717554777196));
#4668 = CARTESIAN_POINT('',(129.91214825715,-1.095500772944,
    -9.599769147043));
#4669 = CARTESIAN_POINT('',(124.79274641412,15.306796606384,
    -9.481983516889));
#4670 = CARTESIAN_POINT('',(110.8954666036,23.103599706099,
    -9.364197886735));
#4671 = CARTESIAN_POINT('',(99.113172099474,23.345699328622,
    -9.27585866412));
#4672 = CARTESIAN_POINT('',(88.563430196839,17.877440331219,
    -9.187519441504));
#4673 = CARTESIAN_POINT('',(81.96071281,7.998015561305,-9.09918021889));
#4674 = CARTESIAN_POINT('',(80.896774259485,-3.738641150474,
    -9.010840996275));
#4675 = CARTESIAN_POINT('',(87.106915466036,-18.41374492871,
    -8.893055366123));
#4676 = CARTESIAN_POINT('',(102.84153719699,-25.31775199229,
    -8.77526973597));
#4677 = CARTESIAN_POINT('',(117.8456133593,-19.95098171372,
    -8.657484105818));
#4678 = CARTESIAN_POINT('',(125.76197847777,-11.22101955341,
    -8.569144883203));
#4679 = CARTESIAN_POINT('',(128.56127018866,0.327265020159,
    -8.480805660588));
#4680 = CARTESIAN_POINT('',(125.44189567152,11.793232632912,
    -8.392466437973));
#4681 = CARTESIAN_POINT('',(117.28580642624,20.2996586881,
    -8.304127215357));
#4682 = CARTESIAN_POINT('',(102.13828022828,25.247079712202,
    -8.186341585203));
#4683 = CARTESIAN_POINT('',(86.601749588137,17.908152664056,
    -8.06855595505));
#4684 = CARTESIAN_POINT('',(80.802134901882,3.066016894616,
    -7.950770324897));
#4685 = CARTESIAN_POINT('',(82.192066234201,-8.63651133226,
    -7.862431102282));
#4686 = CARTESIAN_POINT('',(89.066983182698,-18.32848882017,
    -7.774091879668));
#4687 = CARTESIAN_POINT('',(99.764720489148,-23.50123733493,
    -7.685752657054));
#4688 = CARTESIAN_POINT('',(111.53572474851,-22.93155783262,
    -7.59741343444));
#4689 = CARTESIAN_POINT('',(125.21079487924,-14.75127778685,
    -7.479627804287));
#4690 = CARTESIAN_POINT('',(129.87205767688,1.787049325694,
    -7.361842174134));
#4691 = CARTESIAN_POINT('',(122.48153914792,15.904583125215,
    -7.24405654398));
#4692 = CARTESIAN_POINT('',(112.74051448265,22.537343823453,
    -7.155717321364));
#4693 = CARTESIAN_POINT('',(100.91604105823,23.712392294796,
    -7.067378098749));
#4694 = CARTESIAN_POINT('',(89.991751653663,19.037051485822,
    -6.979038876134));
#4695 = CARTESIAN_POINT('',(82.695224789191,9.78276751971,
    -6.890699653519));
#4696 = CARTESIAN_POINT('',(79.890535156801,-5.903476159816,
    -6.772914023366));
#4697 = CARTESIAN_POINT('',(89.307901874189,-20.27556155688,
    -6.655128393213));
#4698 = CARTESIAN_POINT('',(104.80956433509,-23.96649445461,
    -6.537342763061));
#4699 = CARTESIAN_POINT('',(116.20735368924,-20.9712525866,
    -6.449003540447));
#4700 = CARTESIAN_POINT('',(124.8552455429,-12.82184296613,
    -6.360664317832));
#4701 = CARTESIAN_POINT('',(128.49858285686,-1.511449343829,
    -6.272325095217));
#4702 = CARTESIAN_POINT('',(126.3062369759,10.067613465727,
    -6.183985872602));
#4703 = CARTESIAN_POINT('',(116.31307802635,22.47975666973,
    -6.066200242448));
#4704 = CARTESIAN_POINT('',(99.288982844833,24.808665813658,
    -5.948414612294));
#4705 = CARTESIAN_POINT('',(86.329390729598,15.536476378889,
    -5.83062898214));
#4706 = CARTESIAN_POINT('',(81.107744452889,4.971653324511,
    -5.742289759526));
#4707 = CARTESIAN_POINT('',(81.579528673496,-6.901692047543,
    -5.653950536911));
#4708 = CARTESIAN_POINT('',(87.720955747006,-17.07429172391,
    -5.565611314297));
#4709 = CARTESIAN_POINT('',(97.895527554108,-23.02064897449,
    -5.477272091683));
#4710 = CARTESIAN_POINT('',(113.81893208698,-23.62868909646,
    -5.35948646153));
#4711 = CARTESIAN_POINT('',(126.75027935011,-12.31392473697,
    -5.241700831378));
#4712 = CARTESIAN_POINT('',(128.26157495829,3.549256226881,
    -5.123915201224));
#4713 = CARTESIAN_POINT('',(123.71860390146,14.423192496062,
    -5.035575978609));
#4714 = CARTESIAN_POINT('',(114.451368083,21.860749283059,
    -4.947236755993));
#4715 = CARTESIAN_POINT('',(102.74575223767,23.904634885652,
    -4.858897533378));
#4716 = CARTESIAN_POINT('',(91.581229940531,20.1317688814,
    -4.770558310763));
#4717 = CARTESIAN_POINT('',(80.670628090646,8.517842242196,
    -4.652772680609));
#4718 = CARTESIAN_POINT('',(80.718844185217,-8.6647451578,
    -4.534987050456));
#4719 = CARTESIAN_POINT('',(91.69445342634,-20.21725685412,
    -4.417201420304));
#4720 = CARTESIAN_POINT('',(102.879973829,-23.92740635664,-4.32886219769
    ));
#4721 = CARTESIAN_POINT('',(114.57393471781,-21.81785915265,
    -4.240522975076));
#4722 = CARTESIAN_POINT('',(123.79928383437,-14.32841028425,
    -4.152183752461));
#4723 = CARTESIAN_POINT('',(128.28115707692,-3.429149380543,
    -4.063844529846));
#4724 = CARTESIAN_POINT('',(126.68085855927,12.425300132504,
    -3.946058899693));
#4725 = CARTESIAN_POINT('',(113.68621467478,23.667313513819,
    -3.828273269539));
#4726 = CARTESIAN_POINT('',(97.766473326815,22.96991827334,
    -3.710487639385));
#4727 = CARTESIAN_POINT('',(87.625433660219,16.96655334278,
    -3.622148416769));
#4728 = CARTESIAN_POINT('',(81.541193560757,6.759647196056,
    -3.533809194155));
#4729 = CARTESIAN_POINT('',(81.136051884024,-5.116158919524,
    -3.44546997154));
#4730 = CARTESIAN_POINT('',(86.416907406073,-15.65151088169,
    -3.357130748926));
#4731 = CARTESIAN_POINT('',(99.428332440696,-24.85082299044,
    -3.239345118774));
#4732 = CARTESIAN_POINT('',(116.43908931073,-22.42640857731,
    -3.121559488621));
#4733 = CARTESIAN_POINT('',(126.36243195178,-9.958377635541,
    -3.003773858468));
#4734 = CARTESIAN_POINT('',(128.48975975314,1.632806617952,
    -2.915434635853));
#4735 = CARTESIAN_POINT('',(124.78300407815,12.922575131787,
    -2.827095413238));
#4736 = CARTESIAN_POINT('',(116.08951262068,21.023323054655,
    -2.738756190622));
#4737 = CARTESIAN_POINT('',(104.67509299037,23.954551545159,
    -2.650416968007));
#4738 = CARTESIAN_POINT('',(89.19438875031,20.176678942207,
    -2.532631337853));
#4739 = CARTESIAN_POINT('',(79.857828803396,5.751968154878,-2.4148457077
    ));
#4740 = CARTESIAN_POINT('',(82.750507946621,-9.91828818879,
    -2.297060077547));
#4741 = CARTESIAN_POINT('',(90.098856475986,-19.13147703245,
    -2.208720854933));
#4742 = CARTESIAN_POINT('',(101.04921250202,-23.74543556578,
    -2.120381632319));
#4743 = CARTESIAN_POINT('',(112.8669053418,-22.50404435755,
    -2.032042409705));
#4744 = CARTESIAN_POINT('',(122.57055214064,-15.81672066326,
    -1.94370318709));
#4745 = CARTESIAN_POINT('',(129.88172515171,-1.657930870296,
    -1.825917556937));
#4746 = CARTESIAN_POINT('',(125.12771853944,14.853972887807,
    -1.708131926783));
#4747 = CARTESIAN_POINT('',(111.40695690231,22.957382046697,
    -1.590346296629));
#4748 = CARTESIAN_POINT('',(99.632937171882,23.460983933755,
    -1.502007074014));
#4749 = CARTESIAN_POINT('',(88.964406020666,18.228295168834,
    -1.413667851399));
#4750 = CARTESIAN_POINT('',(82.143976219128,8.497857335231,
    -1.325328628784));
#4751 = CARTESIAN_POINT('',(80.819768847005,-3.212232713451,
    -1.236989406169));
#4752 = CARTESIAN_POINT('',(86.702534944807,-18.02170043635,
    -1.119203776017));
#4753 = CARTESIAN_POINT('',(102.28011745436,-25.27308621986,
    -1.001418145864));
#4754 = CARTESIAN_POINT('',(117.39947912453,-20.24107319051,
    -0.883632515712));
#4755 = CARTESIAN_POINT('',(125.50797398693,-11.68842689076,
    -0.795293293097));
#4756 = CARTESIAN_POINT('',(128.56240590487,-0.206290300538,
    -0.706954070482));
#4757 = CARTESIAN_POINT('',(125.69938264199,11.328301235045,
    -0.618614847867));
#4758 = CARTESIAN_POINT('',(117.73226129936,20.009689825551,
    -0.530275625252));
#4759 = CARTESIAN_POINT('',(102.70225825769,25.300573427616,
    -0.412489995097));
#4760 = CARTESIAN_POINT('',(86.998579367308,18.291268325162,
    -0.294704364944));
#4761 = CARTESIAN_POINT('',(80.882688890504,3.606591162463,
    -0.176918734791));
#4762 = CARTESIAN_POINT('',(81.992479390237,-8.166345269376,
    -8.857951217621E-02));
#4763 = CARTESIAN_POINT('',(88.689306327937,-17.92661944462,
    -2.402895619574E-04));
#4764 = CARTESIAN_POINT('',(102.70939435834,-25.31931923736,
    0.11754534059));
#4765 = CARTESIAN_POINT('',(123.58979352809,-19.45767774646,
    0.264777378281));
#4766 = CARTESIAN_POINT('',(129.91851195957,1.285745671149,
    0.412009415972));
#4767 = CARTESIAN_POINT('',(122.82454310059,15.47525618645,
    0.529795046126));
#4768 = CARTESIAN_POINT('',(113.24223468806,22.365830137069,
    0.618134268742));
#4769 = CARTESIAN_POINT('',(101.44177155235,23.779301297663,
    0.706473491357));
#4770 = CARTESIAN_POINT('',(90.41900817059,19.360164340474,
    0.794812713972));
#4771 = CARTESIAN_POINT('',(82.917512657255,10.263852737982,
    0.883151936587));
#4772 = CARTESIAN_POINT('',(79.766049101459,-5.352572272324,
    1.00093756674));
#4773 = CARTESIAN_POINT('',(88.861503606859,-19.93269887218,
    1.118723196893));
#4774 = CARTESIAN_POINT('',(104.27766507027,-23.96562717742,
    1.236508827045));
#4775 = CARTESIAN_POINT('',(115.73901690018,-21.22474655512,
    1.324848049659));
#4776 = CARTESIAN_POINT('',(124.56576410719,-13.26900740349,
    1.413187272274));
#4777 = CARTESIAN_POINT('',(128.45926133386,-2.042454371256,
    1.501526494889));
#4778 = CARTESIAN_POINT('',(126.52453170182,9.582510740804,
    1.589865717504));
#4779 = CARTESIAN_POINT('',(116.80937773978,22.213395416507,
    1.707651347658));
#4780 = CARTESIAN_POINT('',(99.841187755478,24.91970379848,
    1.825436977812));
#4781 = CARTESIAN_POINT('',(86.678941220215,15.937488888673,
    1.943222607966));
#4782 = CARTESIAN_POINT('',(81.224041873368,5.491199417509,2.03156183058
    ));
#4783 = CARTESIAN_POINT('',(81.432117732607,-6.389697812759,
    2.119901053195));
#4784 = CARTESIAN_POINT('',(87.346197502433,-16.69612926547,
    2.208240275809));
#4785 = CARTESIAN_POINT('',(97.386250900936,-22.86690014039,
    2.296579498423));
#4786 = CARTESIAN_POINT('',(113.29223252174,-23.82829319796,
    2.414365128576));
#4787 = CARTESIAN_POINT('',(126.47158321469,-12.80339695877,
    2.532150758728));
#4788 = CARTESIAN_POINT('',(128.33467289503,3.022323528216,
    2.649936388882));
#4789 = CARTESIAN_POINT('',(124.03422549811,13.994434811341,
    2.738275611497));
#4790 = CARTESIAN_POINT('',(114.93438923338,21.635893527636,
    2.826614834113));
#4791 = CARTESIAN_POINT('',(103.27703305791,23.93914290232,
    2.914954056728));
#4792 = CARTESIAN_POINT('',(92.031503778448,20.41506188042,
    3.003293279343));
#4793 = CARTESIAN_POINT('',(80.86575889956,9.04621557748,3.121078909497)
  );
#4794 = CARTESIAN_POINT('',(80.532505475176,-8.133207477108,
    3.23886453965));
#4795 = CARTESIAN_POINT('',(91.248941131812,-19.92653319904,
    3.356650169802));
#4796 = CARTESIAN_POINT('',(102.34933857332,-23.88408959726,
    3.444989392416));
#4797 = CARTESIAN_POINT('',(114.08724988075,-22.0346710922,3.53332861503
    ));
#4798 = CARTESIAN_POINT('',(123.47659295086,-14.75187304511,
    3.621667837645));
#4799 = CARTESIAN_POINT('',(128.19932786394,-3.954797008287,
    3.71000706026));
#4800 = CARTESIAN_POINT('',(126.95139640081,11.931272101934,
    3.827792690413));
#4801 = CARTESIAN_POINT('',(114.20953056449,23.458999092021,
    3.945578320567));
#4802 = CARTESIAN_POINT('',(98.278230384334,23.115197875023,
    4.063363950721));
#4803 = CARTESIAN_POINT('',(88.006413867908,17.338446066037,
    4.151703173337));
#4804 = CARTESIAN_POINT('',(81.697077455185,7.269127086796,
    4.240042395951));
#4805 = CARTESIAN_POINT('',(81.02838983149,-4.594757923475,
    4.328381618566));
#4806 = CARTESIAN_POINT('',(86.074056469347,-15.24474966943,
    4.41672084118));
#4807 = CARTESIAN_POINT('',(98.878047787009,-24.73065136852,
    4.534506471333));
#4808 = CARTESIAN_POINT('',(115.9384348499,-22.68447742319,
    4.652292101485));
#4809 = CARTESIAN_POINT('',(126.13612515748,-10.43981993112,
    4.770077731638));
#4810 = CARTESIAN_POINT('',(128.52025578888,1.101280412509,
    4.858416954253));
#4811 = CARTESIAN_POINT('',(125.06504928241,12.470557375998,
    4.946756176868));
#4812 = CARTESIAN_POINT('',(116.55353897148,20.762306461801,
    5.035095399484));
#4813 = CARTESIAN_POINT('',(105.20700647451,23.946215427921,
    5.123434622099));
#4814 = CARTESIAN_POINT('',(89.646247859504,20.51294933964,
    5.241220252253));
#4815 = CARTESIAN_POINT('',(79.991756838071,6.29906747481,5.359005882406
    ));
#4816 = CARTESIAN_POINT('',(82.535839576373,-9.431544964894,
    5.476791512559));
#4817 = CARTESIAN_POINT('',(89.677841967282,-18.80559840285,
    5.565130735173));
#4818 = CARTESIAN_POINT('',(100.52306831326,-23.66152016696,
    5.653469957787));
#4819 = CARTESIAN_POINT('',(112.3654076026,-22.68279097502,
    5.741809180401));
#4820 = CARTESIAN_POINT('',(122.21512346476,-16.21253800901,
    5.830148403016));
#4821 = CARTESIAN_POINT('',(129.83882242364,-2.219549089851,
    5.947934033169));
#4822 = CARTESIAN_POINT('',(125.45255731348,14.393828439527,
    6.065719663323));
#4823 = CARTESIAN_POINT('',(111.915072623,22.799840155113,6.183505293477
    ));
#4824 = CARTESIAN_POINT('',(100.15513863873,23.564711840483,
    6.271844516092));
#4825 = CARTESIAN_POINT('',(89.373062101616,18.57014116598,
    6.360183738707));
#4826 = CARTESIAN_POINT('',(82.338309846717,8.993546187228,
    6.448522961322));
#4827 = CARTESIAN_POINT('',(80.754435162248,-2.684313933244,
    6.536862183937));
#4828 = CARTESIAN_POINT('',(86.307033831664,-17.62061778406,
    6.65464781409));
#4829 = CARTESIAN_POINT('',(101.71968018203,-25.21627226729,
    6.772433444242));
#4830 = CARTESIAN_POINT('',(116.9471952959,-20.5208161484,6.890219074394
    ));
#4831 = CARTESIAN_POINT('',(125.24327629454,-12.15086297808,
    6.978558297009));
#4832 = CARTESIAN_POINT('',(128.5524318452,-0.738220855579,
    7.066897519624));
#4833 = CARTESIAN_POINT('',(125.94510119463,10.854912351344,
    7.155236742239));
#4834 = CARTESIAN_POINT('',(118.17464780879,19.71499870464,
    7.243575964854));
#4835 = CARTESIAN_POINT('',(103.26166632486,25.329934854543,
    7.361361595008));
#4836 = CARTESIAN_POINT('',(87.414678431307,18.687901336733,
    7.479147225162));
#4837 = CARTESIAN_POINT('',(80.961944770379,4.117837747009,
    7.596932855315));
#4838 = CARTESIAN_POINT('',(81.831036132996,-7.634853698479,
    7.68527207793));
#4839 = CARTESIAN_POINT('',(88.268953986197,-17.62245222817,
    7.773611300544));
#4840 = CARTESIAN_POINT('',(98.726530558094,-23.2649696555,
    7.861950523158));
#4841 = CARTESIAN_POINT('',(110.511219933,-23.21836121925,7.950289745772
    ));
#4842 = CARTESIAN_POINT('',(124.53592943928,-15.65317464046,
    8.068075375925));
#4843 = CARTESIAN_POINT('',(129.92672645018,0.661939276932,
    8.185861006078));
#4844 = CARTESIAN_POINT('',(123.1701636802,15.093619159842,
    8.303646636232));
#4845 = CARTESIAN_POINT('',(113.73316599383,22.152241594621,
    8.391985858848));
#4846 = CARTESIAN_POINT('',(101.97250784071,23.851014822666,
    8.480325081463));
#4847 = CARTESIAN_POINT('',(90.851450271959,19.665206749265,
    8.568664304078));
#4848 = CARTESIAN_POINT('',(83.151322144908,10.743934259513,
    8.657003526693));
#4849 = CARTESIAN_POINT('',(79.653091868472,-4.802348564381,
    8.774789156846));
#4850 = CARTESIAN_POINT('',(88.423205529415,-19.57830000327,
    8.892574786999));
#4851 = CARTESIAN_POINT('',(103.74574914074,-23.95370649712,
    9.010360417151));
#4852 = CARTESIAN_POINT('',(115.26526110057,-21.46735973599,
    9.098699639765));
#4853 = CARTESIAN_POINT('',(124.26637730376,-13.70985899338,
    9.18703886238));
#4854 = CARTESIAN_POINT('',(128.40818660904,-2.572340133529,
    9.275378084995));
#4855 = CARTESIAN_POINT('',(126.73199106537,9.092626412021,9.36371730761
    ));
#4856 = CARTESIAN_POINT('',(117.29965178801,21.936126731808,
    9.481502937764));
#4857 = CARTESIAN_POINT('',(100.39571650485,25.018432117859,
    9.599288567918));
#4858 = CARTESIAN_POINT('',(87.037310404407,16.330652702897,
    9.717074198072));
#4859 = CARTESIAN_POINT('',(81.351843417011,6.008029918709,
    9.805413420686));
#4860 = CARTESIAN_POINT('',(81.296110191595,-5.874554163992,
    9.893752643301));
#4861 = CARTESIAN_POINT('',(86.979926571398,-16.30974184968,
    9.982091865915));
#4862 = CARTESIAN_POINT('',(96.880513188698,-22.70188238652,
    10.070431088529));
#4863 = CARTESIAN_POINT('',(112.76123137001,-24.01615585622,
    10.188216718682));
#4864 = CARTESIAN_POINT('',(126.1820894324,-13.28656110994,
    10.306002348834));
#4865 = CARTESIAN_POINT('',(128.39605475099,2.493897764104,
    10.423787978988));
#4866 = CARTESIAN_POINT('',(124.34025079983,13.558775997471,
    10.512127201603));
#4867 = CARTESIAN_POINT('',(115.41229947859,21.400369960455,
    10.600466424219));
#4868 = CARTESIAN_POINT('',(103.80894903203,23.961847871579,
    10.688805646834));
#4869 = CARTESIAN_POINT('',(92.487955815301,20.688288860934,
    10.777144869449));
#4870 = CARTESIAN_POINT('',(81.072571636282,9.570126748745,
    10.894930499603));
#4871 = CARTESIAN_POINT('',(80.358012954784,-7.597664036356,
    11.012716129756));
#4872 = CARTESIAN_POINT('',(90.809992772939,-19.62599071084,
    11.130501759908));
#4873 = CARTESIAN_POINT('',(101.81979573818,-23.82900328231,
    11.218840982522));
#4874 = CARTESIAN_POINT('',(113.59587171209,-22.24062507437,
    11.307180205136));
#4875 = CARTESIAN_POINT('',(123.14458061959,-15.16806762498,
    11.395519427751));
#4876 = CARTESIAN_POINT('',(128.10584931255,-4.478498458475,
    11.483858650366));
#4877 = CARTESIAN_POINT('',(127.21090002376,11.431359821157,
    11.601644280519));
#4878 = CARTESIAN_POINT('',(114.72809284894,23.239118270011,
    11.719429910673));
#4879 = CARTESIAN_POINT('',(98.793086558993,23.249080539998,
    11.837215540827));
#4880 = CARTESIAN_POINT('',(88.395556290119,17.701789280542,
    11.925554763442));
#4881 = CARTESIAN_POINT('',(81.864233509125,7.775020752699,
    12.013893986057));
#4882 = CARTESIAN_POINT('',(80.93232954238,-4.071095305809,
    12.102233208672));
#4883 = CARTESIAN_POINT('',(85.740320228442,-14.83047733138,
    12.190572431286));
#4884 = CARTESIAN_POINT('',(98.330566593617,-24.59829290967,
    12.308358061438));
#4885 = CARTESIAN_POINT('',(115.43217458666,-22.93136801557,
    12.426143691591));
#4886 = CARTESIAN_POINT('',(125.89918600148,-10.91611950589,
    12.543929321744));
#4887 = CARTESIAN_POINT('',(128.53894429662,0.569208184366,
    12.632268544359));
#4888 = CARTESIAN_POINT('',(125.33699007135,12.012389552068,
    12.720607766974));
#4889 = CARTESIAN_POINT('',(117.01165632641,20.491052696121,
    12.80894698959));
#4890 = CARTESIAN_POINT('',(105.73860380482,23.926072762261,
    12.897286212205));
#4891 = CARTESIAN_POINT('',(90.105460883176,20.839105464274,
    13.015071842359));
#4892 = CARTESIAN_POINT('',(80.137797617833,6.843058751753,
    13.132857472512));
#4893 = CARTESIAN_POINT('',(82.332029913835,-8.940156045576,
    13.250643102665));
#4894 = CARTESIAN_POINT('',(89.264165840944,-18.47045339127,
    13.338982325279));
#4895 = CARTESIAN_POINT('',(99.998916668849,-23.56594505918,
    13.427321547893));
#4896 = CARTESIAN_POINT('',(111.86006537218,-22.85035990543,
    13.515660770507));
#4897 = CARTESIAN_POINT('',(121.85099491102,-16.60036766868,
    13.603999993122));
#4898 = CARTESIAN_POINT('',(129.78346273693,-2.780075381681,
    13.721785623275));
#4899 = CARTESIAN_POINT('',(125.76709968619,13.926583841365,
    13.839571253429));
#4900 = CARTESIAN_POINT('',(112.41956690049,22.631059313335,
    13.957356883583));
#4901 = CARTESIAN_POINT('',(100.67951155831,23.656815898468,
    14.045696106198));
#4902 = CARTESIAN_POINT('',(89.789211637513,18.902840897493,
    14.134035328813));
#4903 = CARTESIAN_POINT('',(82.54359039044,9.484779344347,
    14.222374551429));
#4904 = CARTESIAN_POINT('',(80.700854714064,-2.155040294996,
    14.310713774043));
#4905 = CARTESIAN_POINT('',(85.920495319685,-17.21093205389,
    14.428499404196));
#4906 = CARTESIAN_POINT('',(101.16071774931,-25.1468790576,
    14.546285034348));
#4907 = CARTESIAN_POINT('',(116.48872022657,-20.79063471593,
    14.6640706645));
#4908 = CARTESIAN_POINT('',(124.96857161275,-12.60691939355,
    14.752409887115));
#4909 = CARTESIAN_POINT('',(128.53027504552,-1.27055404429,
    14.84074910973));
#4910 = CARTESIAN_POINT('',(126.18095737551,10.377605345085,
    14.929088332345));
#4911 = CARTESIAN_POINT('',(118.60911514404,19.408014041878,
    15.01742755496));
#4912 = CARTESIAN_POINT('',(103.82446200476,25.35263818969,
    15.135213185114));
#4913 = CARTESIAN_POINT('',(87.833924926757,19.064048641385,
    15.252998815268));
#4914 = CARTESIAN_POINT('',(81.059322608981,4.640828191589,
    15.370784445421));
#4915 = CARTESIAN_POINT('',(81.667287158306,-7.128260775541,
    15.459123668036));
#4916 = CARTESIAN_POINT('',(87.881891222524,-17.25632115252,
    15.54746289065));
#4917 = CARTESIAN_POINT('',(98.211625199024,-23.12960870292,
    15.635802113264));
#4918 = CARTESIAN_POINT('',(109.99444488764,-23.34463473612,
    15.724141335879));
#4919 = CARTESIAN_POINT('',(124.18364691287,-16.09266461797,
    15.841926966031));
#4920 = CARTESIAN_POINT('',(129.93531484456,9.875133474342E-02,
    15.959712596184));
#4921 = CARTESIAN_POINT('',(123.50080408696,14.676871790337,
    16.077498226338));
#4922 = CARTESIAN_POINT('',(114.22283534546,21.943258240358,
    16.165837448954));
#4923 = CARTESIAN_POINT('',(102.50278885525,23.902702279446,
    16.254176671569));
#4924 = CARTESIAN_POINT('',(91.291546173946,19.964816017042,
    16.342515894184));
#4925 = CARTESIAN_POINT('',(83.395261359778,11.216686951753,
    16.430855116799));
#4926 = CARTESIAN_POINT('',(79.552761966581,-4.248102834103,
    16.548640746952));
#4927 = CARTESIAN_POINT('',(87.992684451232,-19.21511131955,
    16.666426377105));
#4928 = CARTESIAN_POINT('',(103.21431664007,-23.92960367983,
    16.784212007257));
#4929 = CARTESIAN_POINT('',(114.78618705484,-21.69960567242,
    16.872551229871));
#4930 = CARTESIAN_POINT('',(123.95730329206,-14.14384378904,
    16.960890452486));
#4931 = CARTESIAN_POINT('',(128.34534746348,-3.101019013444,
    17.049229675101));
#4932 = CARTESIAN_POINT('',(126.92853013439,8.59828458401,
    17.137568897716));
#4933 = CARTESIAN_POINT('',(117.78364435582,21.648019784557,
    17.25535452787));
#4934 = CARTESIAN_POINT('',(100.95230307785,25.104837010672,
    17.373140158024));
#4935 = CARTESIAN_POINT('',(87.404318408963,16.7157586275,
    17.490925788178));
#4936 = CARTESIAN_POINT('',(81.491087890725,6.521898669292,
    17.579265010792));
#4937 = CARTESIAN_POINT('',(81.171572132122,-5.356519590515,
    17.667604233407));
#4938 = CARTESIAN_POINT('',(86.622323987031,-15.91531757565,
    17.755943456021));
#4939 = CARTESIAN_POINT('',(96.378563466207,-22.52567817356,
    17.844282678635));
#4940 = CARTESIAN_POINT('',(112.22619056049,-24.19218355545,
    17.962068308788));
#4941 = CARTESIAN_POINT('',(125.88194059875,-13.76317950699,
    18.07985393894));
#4942 = CARTESIAN_POINT('',(128.44569031415,1.964239610725,
    18.197639569094));
#4943 = CARTESIAN_POINT('',(124.63652893876,13.116430679104,
    18.285978791709));
#4944 = CARTESIAN_POINT('',(115.88486326412,21.15429473582,
    18.374318014325));
#4945 = CARTESIAN_POINT('',(104.34123796576,23.972738569913,
    18.46265723694));
#4946 = CARTESIAN_POINT('',(92.950361063785,20.951315161418,
    18.550996459555));
#4947 = CARTESIAN_POINT('',(81.290964357816,10.089317501673,
    18.668782089709));
#4948 = CARTESIAN_POINT('',(80.195452634771,-7.058378804681,
    18.786567719862));
#4949 = CARTESIAN_POINT('',(90.377824711858,-19.31577753325,
    18.904353350014));
#4950 = CARTESIAN_POINT('',(101.29160634171,-23.7621745629,
    18.992692572628));
#4951 = CARTESIAN_POINT('',(113.10004241766,-22.4356195829,
    19.081031795242));
#4952 = CARTESIAN_POINT('',(122.80341049338,-15.57678887629,
    19.169371017857));
#4953 = CARTESIAN_POINT('',(128.00076749937,-4.999995592801,
    19.257710240472));
#4954 = CARTESIAN_POINT('',(127.45924151581,10.925809702901,
    19.375495870625));
#4955 = CARTESIAN_POINT('',(115.24164592274,23.007779429499,
    19.493281500779));
#4956 = CARTESIAN_POINT('',(99.310788072232,23.371500276,19.611067130933
    ));
#4957 = CARTESIAN_POINT('',(88.792669114033,18.056403890178,
    19.699406353549));
#4958 = CARTESIAN_POINT('',(82.042579329436,8.277078832958,
    19.787745576163));
#4959 = CARTESIAN_POINT('',(80.847918365903,-3.545429185947,
    19.876084798778));
#4960 = CARTESIAN_POINT('',(85.415863185856,-14.40889806707,
    19.964424021392));
#4961 = CARTESIAN_POINT('',(97.786158720254,-24.45381285512,
    20.082209651545));
#4962 = CARTESIAN_POINT('',(114.92055806274,-23.16695865884,
    20.199995281697));
#4963 = CARTESIAN_POINT('',(125.65173127361,-11.38704158673,
    20.31778091185));
#4964 = CARTESIAN_POINT('',(128.54581606505,3.685219906686E-02,
    20.406120134465));
#4965 = CARTESIAN_POINT('',(125.59869240131,11.548297494317,
    20.49445935708));
#4966 = CARTESIAN_POINT('',(117.46363887581,20.209695465328,
    20.582798579695));
#4967 = CARTESIAN_POINT('',(106.26962294779,23.894133470304,
    20.671137802311));
#4968 = CARTESIAN_POINT('',(90.571801476768,21.154986564549,
    20.788923432465));
#4969 = CARTESIAN_POINT('',(80.295879144216,7.383673817917,
    20.906709062618));
#4970 = CARTESIAN_POINT('',(82.1391794354,-8.444363607618,
    21.024494692771));
#4971 = CARTESIAN_POINT('',(88.8580319686,-18.12620726708,
    21.112833915385));
#4972 = CARTESIAN_POINT('',(99.477015995377,-23.45875721191,
    21.201173137999));
#4973 = CARTESIAN_POINT('',(111.3511276151,-23.00666881655,
    21.289512360613));
#4974 = CARTESIAN_POINT('',(121.47834618569,-16.98001800268,
    21.377851583228));
#4975 = CARTESIAN_POINT('',(129.71567287336,-3.339234529938,
    21.495637213381));
#4976 = CARTESIAN_POINT('',(126.07119159389,13.452471480732,
    21.613422843535));
#4977 = CARTESIAN_POINT('',(112.92018986656,22.451120172518,
    21.731208473689));
#4978 = CARTESIAN_POINT('',(101.20579997567,23.737256049713,
    21.819547696304));
#4979 = CARTESIAN_POINT('',(90.212644626366,19.226220012408,
    21.907886918919));
#4980 = CARTESIAN_POINT('',(82.759725837434,9.971334155018,
    21.996226141534));
#4981 = CARTESIAN_POINT('',(80.659037475535,-1.624707598508,
    22.084565364149));
#4982 = CARTESIAN_POINT('',(85.543147194736,-16.79276604775,
    22.202350994302));
#4983 = CARTESIAN_POINT('',(100.60343362407,-25.06509384004,
    22.320136624454));
#4984 = CARTESIAN_POINT('',(116.02436811085,-21.05020853601,
    22.437922254606));
#4985 = CARTESIAN_POINT('',(124.68381007419,-13.05676488043,
    22.526261477221));
#4986 = CARTESIAN_POINT('',(128.496305771,-1.802264188441,
    22.614600699836));
#4987 = CARTESIAN_POINT('',(126.4061591125,9.895179981304,
    22.702939922451));
#4988 = CARTESIAN_POINT('',(119.0366602385,19.091459626871,
    22.791279145066));
#4989 = CARTESIAN_POINT('',(104.38762306642,25.362842021278,
    22.90906477522));
#4990 = CARTESIAN_POINT('',(88.261418530062,19.430795300404,
    23.026850405374));
#4991 = CARTESIAN_POINT('',(81.168287121118,5.161528624905,
    23.144636035527));
#4992 = CARTESIAN_POINT('',(81.514824696816,-6.618158897017,
    23.232975258142));
#4993 = CARTESIAN_POINT('',(87.503052692669,-16.88168459453,
    23.321314480756));
#4994 = CARTESIAN_POINT('',(97.699850582705,-22.98285540767,
    23.40965370337));
#4995 = CARTESIAN_POINT('',(109.47499606076,-23.4593950633,
    23.497992925985));
#4996 = CARTESIAN_POINT('',(123.82168952968,-16.52424713803,
    23.615778556137));
#4997 = CARTESIAN_POINT('',(129.93140767702,-0.464446668248,
    23.73356418629));
#4998 = CARTESIAN_POINT('',(123.82209952531,14.252835657059,
    23.851349816444));
#4999 = CARTESIAN_POINT('',(114.70776887103,21.723563103605,
    23.93968903906));
#5000 = CARTESIAN_POINT('',(103.03403944987,23.942396144918,
    24.028028261675));
#5001 = CARTESIAN_POINT('',(91.738273785875,20.254973304951,
    24.11636748429));
#5002 = CARTESIAN_POINT('',(83.649476588723,11.683204957689,
    24.204706706906));
#5003 = CARTESIAN_POINT('',(79.465121775047,-3.690173706599,
    24.322492337058));
#5004 = CARTESIAN_POINT('',(87.569634991658,-18.84553455086,
    24.440277967211));
#5005 = CARTESIAN_POINT('',(102.68440395441,-23.88993804568,
    24.558063597363));
#5006 = CARTESIAN_POINT('',(114.30028158762,-21.92908085608,
    24.646402819977));
#5007 = CARTESIAN_POINT('',(123.64215228483,-14.55548114384,
    24.734742042592));
#5008 = CARTESIAN_POINT('',(128.26421741849,-3.657209659352,
    24.823081265207));
#5009 = CARTESIAN_POINT('',(127.12600247764,8.152680396439,
    24.911420487822));
#5010 = CARTESIAN_POINT('',(122.6789778894,14.68560603916,
    24.970313302899));
#5011 = CARTESIAN_POINT('',(119.80983647635,17.224007934868,
    24.999759710437));
#5012 = DEFINITIONAL_REPRESENTATION('',(#5013),#5017);
#5013 = LINE('',#5014,#5015);
#5014 = CARTESIAN_POINT('',(-6.28318530718,4.732211671525E-15));
#5015 = VECTOR('',#5016,1.);
#5016 = DIRECTION('',(1.,0.));
#5017 = ( GEOMETRIC_REPRESENTATION_CONTEXT(2) 
PARAMETRIC_REPRESENTATION_CONTEXT() REPRESENTATION_CONTEXT('2D SPACE',''
  ) );
#5018 = PCURVE('',#5019,#5024);
#5019 = PLANE('',#5020);
#5020 = AXIS2_PLACEMENT_3D('',#5021,#5022,#5023);
#5021 = CARTESIAN_POINT('',(119.47852645224,16.849530074475,
    -25.00024028956));
#5022 = DIRECTION('',(-0.748955720789,0.662620048216,5.489774860324E-14)
  );
#5023 = DIRECTION('',(-1.633982990412E-14,6.438069544484E-14,-1.));
#5024 = DEFINITIONAL_REPRESENTATION('',(#5025),#5029);
#5025 = CIRCLE('',#5026,0.5);
#5026 = AXIS2_PLACEMENT_2D('',#5027,#5028);
#5027 = CARTESIAN_POINT('',(0.,0.));
#5028 = DIRECTION('',(-3.155443620884E-30,1.));
#5029 = ( GEOMETRIC_REPRESENTATION_CONTEXT(2) 
PARAMETRIC_REPRESENTATION_CONTEXT() REPRESENTATION_CONTEXT('2D SPACE',''
  ) );
#5030 = ORIENTED_EDGE('',*,*,#5031,.T.);
#5031 = EDGE_CURVE('',#22,#5032,#5034,.T.);
#5032 = VERTEX_POINT('',#5033);
#5033 = CARTESIAN_POINT('',(119.80983647635,17.224007934868,
    24.999759710437));
#5034 = SEAM_CURVE('',#5035,(#6366,#8155),.PCURVE_S1.);
#5035 = B_SPLINE_CURVE_WITH_KNOTS('',3,(#5036,#5037,#5038,#5039,#5040,
    #5041,#5042,#5043,#5044,#5045,#5046,#5047,#5048,#5049,#5050,#5051,
    #5052,#5053,#5054,#5055,#5056,#5057,#5058,#5059,#5060,#5061,#5062,
    #5063,#5064,#5065,#5066,#5067,#5068,#5069,#5070,#5071,#5072,#5073,
    #5074,#5075,#5076,#5077,#5078,#5079,#5080,#5081,#5082,#5083,#5084,
    #5085,#5086,#5087,#5088,#5089,#5090,#5091,#5092,#5093,#5094,#5095,
    #5096,#5097,#5098,#5099,#5100,#5101,#5102,#5103,#5104,#5105,#5106,
    #5107,#5108,#5109,#5110,#5111,#5112,#5113,#5114,#5115,#5116,#5117,
    #5118,#5119,#5120,#5121,#5122,#5123,#5124,#5125,#5126,#5127,#5128,
    #5129,#5130,#5131,#5132,#5133,#5134,#5135,#5136,#5137,#5138,#5139,
    #5140,#5141,#5142,#5143,#5144,#5145,#5146,#5147,#5148,#5149,#5150,
    #5151,#5152,#5153,#5154,#5155,#5156,#5157,#5158,#5159,#5160,#5161,
    #5162,#5163,#5164,#5165,#5166,#5167,#5168,#5169,#5170,#5171,#5172,
    #5173,#5174,#5175,#5176,#5177,#5178,#5179,#5180,#5181,#5182,#5183,
    #5184,#5185,#5186,#5187,#5188,#5189,#5190,#5191,#5192,#5193,#5194,
    #5195,#5196,#5197,#5198,#5199,#5200,#5201,#5202,#5203,#5204,#5205,
    #5206,#5207,#5208,#5209,#5210,#5211,#5212,#5213,#5214,#5215,#5216,
    #5217,#5218,#5219,#5220,#5221,#5222,#5223,#5224,#5225,#5226,#5227,
    #5228,#5229,#5230,#5231,#5232,#5233,#5234,#5235,#5236,#5237,#5238,
    #5239,#5240,#5241,#5242,#5243,#5244,#5245,#5246,#5247,#5248,#5249,
    #5250,#5251,#5252,#5253,#5254,#5255,#5256,#5257,#5258,#5259,#5260,
    #5261,#5262,#5263,#5264,#5265,#5266,#5267,#5268,#5269,#5270,#5271,
    #5272,#5273,#5274,#5275,#5276,#5277,#5278,#5279,#5280,#5281,#5282,
    #5283,#5284,#5285,#5286,#5287,#5288,#5289,#5290,#5291,#5292,#5293,
    #5294,#5295,#5296,#5297,#5298,#5299,#5300,#5301,#5302,#5303,#5304,
    #5305,#5306,#5307,#5308,#5309,#5310,#5311,#5312,#5313,#5314,#5315,
    #5316,#5317,#5318,#5319,#5320,#5321,#5322,#5323,#5324,#5325,#5326,
    #5327,#5328,#5329,#5330,#5331,#5332,#5333,#5334,#5335,#5336,#5337,
    #5338,#5339,#5340,#5341,#5342,#5343,#5344,#5345,#5346,#5347,#5348,
    #5349,#5350,#5351,#5352,#5353,#5354,#5355,#5356,#5357,#5358,#5359,
    #5360,#5361,#5362,#5363,#5364,#5365,#5366,#5367,#5368,#5369,#5370,
    #5371,#5372,#5373,#5374,#5375,#5376,#5377,#5378,#5379,#5380,#5381,
    #5382,#5383,#5384,#5385,#5386,#5387,#5388,#5389,#5390,#5391,#5392,
    #5393,#5394,#5395,#5396,#5397,#5398,#5399,#5400,#5401,#5402,#5403,
    #5404,#5405,#5406,#5407,#5408,#5409,#5410,#5411,#5412,#5413,#5414,
    #5415,#5416,#5417,#5418,#5419,#5420,#5421,#5422,#5423,#5424,#5425,
    #5426,#5427,#5428,#5429,#5430,#5431,#5432,#5433,#5434,#5435,#5436,
    #5437,#5438,#5439,#5440,#5441,#5442,#5443,#5444,#5445,#5446,#5447,
    #5448,#5449,#5450,#5451,#5452,#5453,#5454,#5455,#5456,#5457,#5458,
    #5459,#5460,#5461,#5462,#5463,#5464,#5465,#5466,#5467,#5468,#5469,
    #5470,#5471,#5472,#5473,#5474,#5475,#5476,#5477,#5478,#5479,#5480,
    #5481,#5482,#5483,#5484,#5485,#5486,#5487,#5488,#5489,#5490,#5491,
    #5492,#5493,#5494,#5495,#5496,#5497,#5498,#5499,#5500,#5501,#5502,
    #5503,#5504,#5505,#5506,#5507,#5508,#5509,#5510,#5511,#5512,#5513,
    #5514,#5515,#5516,#5517,#5518,#5519,#5520,#5521,#5522,#5523,#5524,
    #5525,#5526,#5527,#5528,#5529,#5530,#5531,#5532,#5533,#5534,#5535,
    #5536,#5537,#5538,#5539,#5540,#5541,#5542,#5543,#5544,#5545,#5546,
    #5547,#5548,#5549,#5550,#5551,#5552,#5553,#5554,#5555,#5556,#5557,
    #5558,#5559,#5560,#5561,#5562,#5563,#5564,#5565,#5566,#5567,#5568,
    #5569,#5570,#5571,#5572,#5573,#5574,#5575,#5576,#5577,#5578,#5579,
    #5580,#5581,#5582,#5583,#5584,#5585,#5586,#5587,#5588,#5589,#5590,
    #5591,#5592,#5593,#5594,#5595,#5596,#5597,#5598,#5599,#5600,#5601,
    #5602,#5603,#5604,#5605,#5606,#5607,#5608,#5609,#5610,#5611,#5612,
    #5613,#5614,#5615,#5616,#5617,#5618,#5619,#5620,#5621,#5622,#5623,
    #5624,#5625,#5626,#5627,#5628,#5629,#5630,#5631,#5632,#5633,#5634,
    #5635,#5636,#5637,#5638,#5639,#5640,#5641,#5642,#5643,#5644,#5645,
    #5646,#5647,#5648,#5649,#5650,#5651,#5652,#5653,#5654,#5655,#5656,
    #5657,#5658,#5659,#5660,#5661,#5662,#5663,#5664,#5665,#5666,#5667,
    #5668,#5669,#5670,#5671,#5672,#5673,#5674,#5675,#5676,#5677,#5678,
    #5679,#5680,#5681,#5682,#5683,#5684,#5685,#5686,#5687,#5688,#5689,
    #5690,#5691,#5692,#5693,#5694,#5695,#5696,#5697,#5698,#5699,#5700,
    #5701,#5702,#5703,#5704,#5705,#5706,#5707,#5708,#5709,#5710,#5711,
    #5712,#5713,#5714,#5715,#5716,#5717,#5718,#5719,#5720,#5721,#5722,
    #5723,#5724,#5725,#5726,#5727,#5728,#5729,#5730,#5731,#5732,#5733,
    #5734,#5735,#5736,#5737,#5738,#5739,#5740,#5741,#5742,#5743,#5744,
    #5745,#5746,#5747,#5748,#5749,#5750,#5751,#5752,#5753,#5754,#5755,
    #5756,#5757,#5758,#5759,#5760,#5761,#5762,#5763,#5764,#5765,#5766,
    #5767,#5768,#5769,#5770,#5771,#5772,#5773,#5774,#5775,#5776,#5777,
    #5778,#5779,#5780,#5781,#5782,#5783,#5784,#5785,#5786,#5787,#5788,
    #5789,#5790,#5791,#5792,#5793,#5794,#5795,#5796,#5797,#5798,#5799,
    #5800,#5801,#5802,#5803,#5804,#5805,#5806,#5807,#5808,#5809,#5810,
    #5811,#5812,#5813,#5814,#5815,#5816,#5817,#5818,#5819,#5820,#5821,
    #5822,#5823,#5824,#5825,#5826,#5827,#5828,#5829,#5830,#5831,#5832,
    #5833,#5834,#5835,#5836,#5837,#5838,#5839,#5840,#5841,#5842,#5843,
    #5844,#5845,#5846,#5847,#5848,#5849,#5850,#5851,#5852,#5853,#5854,
    #5855,#5856,#5857,#5858,#5859,#5860,#5861,#5862,#5863,#5864,#5865,
    #5866,#5867,#5868,#5869,#5870,#5871,#5872,#5873,#5874,#5875,#5876,
    #5877,#5878,#5879,#5880,#5881,#5882,#5883,#5884,#5885,#5886,#5887,
    #5888,#5889,#5890,#5891,#5892,#5893,#5894,#5895,#5896,#5897,#5898,
    #5899,#5900,#5901,#5902,#5903,#5904,#5905,#5906,#5907,#5908,#5909,
    #5910,#5911,#5912,#5913,#5914,#5915,#5916,#5917,#5918,#5919,#5920,
    #5921,#5922,#5923,#5924,#5925,#5926,#5927,#5928,#5929,#5930,#5931,
    #5932,#5933,#5934,#5935,#5936,#5937,#5938,#5939,#5940,#5941,#5942,
    #5943,#5944,#5945,#5946,#5947,#5948,#5949,#5950,#5951,#5952,#5953,
    #5954,#5955,#5956,#5957,#5958,#5959,#5960,#5961,#5962,#5963,#5964,
    #5965,#5966,#5967,#5968,#5969,#5970,#5971,#5972,#5973,#5974,#5975,
    #5976,#5977,#5978,#5979,#5980,#5981,#5982,#5983,#5984,#5985,#5986,
    #5987,#5988,#5989,#5990,#5991,#5992,#5993,#5994,#5995,#5996,#5997,
    #5998,#5999,#6000,#6001,#6002,#6003,#6004,#6005,#6006,#6007,#6008,
    #6009,#6010,#6011,#6012,#6013,#6014,#6015,#6016,#6017,#6018,#6019,
    #6020,#6021,#6022,#6023,#6024,#6025,#6026,#6027,#6028,#6029,#6030,
    #6031,#6032,#6033,#6034,#6035,#6036,#6037,#6038,#6039,#6040,#6041,
    #6042,#6043,#6044,#6045,#6046,#6047,#6048,#6049,#6050,#6051,#6052,
    #6053,#6054,#6055,#6056,#6057,#6058,#6059,#6060,#6061,#6062,#6063,
    #6064,#6065,#6066,#6067,#6068,#6069,#6070,#6071,#6072,#6073,#6074,
    #6075,#6076,#6077,#6078,#6079,#6080,#6081,#6082,#6083,#6084,#6085,
    #6086,#6087,#6088,#6089,#6090,#6091,#6092,#6093,#6094,#6095,#6096,
    #6097,#6098,#6099,#6100,#6101,#6102,#6103,#6104,#6105,#6106,#6107,
    #6108,#6109,#6110,#6111,#6112,#6113,#6114,#6115,#6116,#6117,#6118,
    #6119,#6120,#6121,#6122,#6123,#6124,#6125,#6126,#6127,#6128,#6129,
    #6130,#6131,#6132,#6133,#6134,#6135,#6136,#6137,#6138,#6139,#6140,
    #6141,#6142,#6143,#6144,#6145,#6146,#6147,#6148,#6149,#6150,#6151,
    #6152,#6153,#6154,#6155,#6156,#6157,#6158,#6159,#6160,#6161,#6162,
    #6163,#6164,#6165,#6166,#6167,#6168,#6169,#6170,#6171,#6172,#6173,
    #6174,#6175,#6176,#6177,#6178,#6179,#6180,#6181,#6182,#6183,#6184,
    #6185,#6186,#6187,#6188,#6189,#6190,#6191,#6192,#6193,#6194,#6195,
    #6196,#6197,#6198,#6199,#6200,#6201,#6202,#6203,#6204,#6205,#6206,
    #6207,#6208,#6209,#6210,#6211,#6212,#6213,#6214,#6215,#6216,#6217,
    #6218,#6219,#6220,#6221,#6222,#6223,#6224,#6225,#6226,#6227,#6228,
    #6229,#6230,#6231,#6232,#6233,#6234,#6235,#6236,#6237,#6238,#6239,
    #6240,#6241,#6242,#6243,#6244,#6245,#6246,#6247,#6248,#6249,#6250,
    #6251,#6252,#6253,#6254,#6255,#6256,#6257,#6258,#6259,#6260,#6261,
    #6262,#6263,#6264,#6265,#6266,#6267,#6268,#6269,#6270,#6271,#6272,
    #6273,#6274,#6275,#6276,#6277,#6278,#6279,#6280,#6281,#6282,#6283,
    #6284,#6285,#6286,#6287,#6288,#6289,#6290,#6291,#6292,#6293,#6294,
    #6295,#6296,#6297,#6298,#6299,#6300,#6301,#6302,#6303,#6304,#6305,
    #6306,#6307,#6308,#6309,#6310,#6311,#6312,#6313,#6314,#6315,#6316,
    #6317,#6318,#6319,#6320,#6321,#6322,#6323,#6324,#6325,#6326,#6327,
    #6328,#6329,#6330,#6331,#6332,#6333,#6334,#6335,#6336,#6337,#6338,
    #6339,#6340,#6341,#6342,#6343,#6344,#6345,#6346,#6347,#6348,#6349,
    #6350,#6351,#6352,#6353,#6354,#6355,#6356,#6357,#6358,#6359,#6360,
    #6361,#6362,#6363,#6364,#6365),.UNSPECIFIED.,.F.,.F.,(4,3,3,3,3,3,3,
    3,3,3,3,3,3,3,3,3,3,3,3,3,3,3,3,3,3,3,3,3,3,3,3,3,3,3,3,3,3,3,3,3,3,
    3,3,3,3,3,3,3,3,3,3,3,3,3,3,3,3,3,3,3,3,3,3,3,3,3,3,3,3,3,3,3,3,3,3,
    3,3,3,3,3,3,3,3,3,3,3,3,3,3,3,3,3,3,3,3,3,3,3,3,3,3,3,3,3,3,3,3,3,3,
    3,3,3,3,3,3,3,3,3,3,3,3,3,3,3,3,3,3,3,3,3,3,3,3,3,3,3,3,3,3,3,3,3,3,
    3,3,3,3,3,3,3,3,3,3,3,3,3,3,3,3,3,3,3,3,3,3,3,3,3,3,3,3,3,3,3,3,3,3,
    3,3,3,3,3,3,3,3,3,3,3,3,3,3,3,3,3,3,3,3,3,3,3,3,3,3,3,3,3,3,3,3,3,3,
    3,3,3,3,3,3,3,3,3,3,3,3,3,3,3,3,3,3,3,3,3,3,3,3,3,3,3,3,3,3,3,3,3,3,
    3,3,3,3,3,3,3,3,3,3,3,3,3,3,3,3,3,3,3,3,3,3,3,3,3,3,3,3,3,3,3,3,3,3,
    3,3,3,3,3,3,3,3,3,3,3,3,3,3,3,3,3,3,3,3,3,3,3,3,3,3,3,3,3,3,3,3,3,3,
    3,3,3,3,3,3,3,3,3,3,3,3,3,3,3,3,3,3,3,3,3,3,3,3,3,3,3,3,3,3,3,3,3,3,
    3,3,3,3,3,3,3,3,3,3,3,3,3,3,3,3,3,3,3,3,3,3,3,3,3,3,3,3,3,3,3,3,3,3,
    3,3,3,3,3,3,3,3,3,3,3,3,3,3,3,3,3,3,3,3,3,3,3,3,3,3,3,3,3,3,3,3,3,3,
    3,3,3,3,3,3,3,3,3,3,3,3,3,3,3,3,3,3,3,3,3,3,3,3,3,3,3,3,4),(
    7.136414352391E-15,0.639353173787,1.278706347574,1.91805952136,
    2.557412695147,3.196765868934,3.836119042721,4.475472216508,
    5.114825390294,5.754178564081,6.393531737868,7.032884911655,
    7.672238085442,8.311591259228,8.950944433015,9.590297606802,
    10.229650780589,10.869003954376,11.508357128162,12.147710301949,
    12.787063475736,13.426416649523,14.065769823309,14.705122997096,
    15.344476170883,15.98382934467,16.623182518457,17.262535692243,
    17.90188886603,18.541242039817,19.180595213604,19.819948387391,
    20.459301561177,21.098654734964,21.738007908751,22.377361082538,
    23.016714256325,23.656067430111,24.295420603898,24.934773777685,
    25.574126951472,26.213480125258,26.852833299045,27.492186472832,
    28.131539646619,28.770892820406,29.410245994192,30.049599167979,
    30.688952341766,31.328305515553,31.96765868934,32.607011863126,
    33.246365036913,33.8857182107,34.525071384487,35.164424558274,
    35.80377773206,36.443130905847,37.082484079634,37.721837253421,
    38.361190427207,39.000543600994,39.639896774781,40.279249948568,
    40.918603122355,41.557956296141,42.197309469928,42.836662643715,
    43.476015817502,44.115368991289,44.754722165075,45.394075338862,
    46.033428512649,46.672781686436,47.312134860223,47.951488034009,
    48.590841207796,49.230194381583,49.86954755537,50.508900729157,
    51.148253902943,51.78760707673,52.426960250517,53.066313424304,
    53.705666598091,54.345019771877,54.984372945664,55.623726119451,
    56.263079293238,56.902432467025,57.541785640811,58.181138814598,
    58.820491988385,59.459845162172,60.099198335958,60.738551509745,
    61.377904683532,62.017257857319,62.656611031106,63.295964204892,
    63.935317378679,64.574670552466,65.214023726253,65.85337690004,
    66.492730073826,67.132083247613,67.7714364214,68.410789595187,
    69.050142768974,69.68949594276,70.328849116547,70.968202290334,
    71.607555464121,72.246908637907,72.886261811694,73.525614985481,
    74.164968159268,74.804321333055,75.443674506842,76.083027680628,
    76.722380854415,77.361734028202,78.001087201989,78.640440375775,
    79.279793549562,79.919146723349,80.558499897136,81.197853070923,
    81.837206244709,82.476559418496,83.115912592283,83.75526576607,
    84.394618939856,85.033972113643,85.67332528743,86.312678461217,
    86.952031635004,87.59138480879,88.230737982577,88.870091156364,
    89.509444330151,90.148797503938,90.788150677724,91.427503851511,
    92.066857025298,92.706210199085,93.345563372871,93.984916546658,
    94.624269720445,95.263622894232,95.902976068019,96.542329241806,
    97.181682415592,97.821035589379,98.460388763166,99.099741936953,
    99.739095110739,100.37844828452,101.01780145831,101.6571546321,
    102.29650780588,102.93586097967,103.57521415346,104.21456732724,
    104.85392050103,105.49327367482,106.1326268486,106.77198002239,
    107.41133319618,108.05068636996,108.69003954375,109.32939271754,
    109.96874589132,110.60809906511,111.2474522389,111.88680541268,
    112.52615858647,113.16551176026,113.80486493404,114.44421810783,
    115.08357128162,115.7229244554,116.36227762919,117.00163080298,
    117.64098397676,118.28033715055,118.91969032434,119.55904349813,
    120.19839667191,120.8377498457,121.47710301949,122.11645619327,
    122.75580936706,123.39516254085,124.03451571463,124.67386888842,
    125.31322206221,125.95257523599,126.59192840978,127.23128158357,
    127.87063475735,128.50998793114,129.14934110493,129.78869427871,
    130.4280474525,131.06740062629,131.70675380007,132.34610697386,
    132.98546014765,133.62481332143,134.26416649522,134.90351966901,
    135.5428728428,136.18222601658,136.82157919037,137.46093236416,
    138.10028553794,138.73963871173,139.37899188552,140.0183450593,
    140.65769823309,141.29705140688,141.93640458066,142.57575775445,
    143.21511092824,143.85446410202,144.49381727581,145.1331704496,
    145.77252362338,146.41187679717,147.05122997096,147.69058314474,
    148.32993631853,148.96928949232,149.6086426661,150.24799583989,
    150.88734901368,151.52670218746,152.16605536125,152.80540853504,
    153.44476170883,154.08411488261,154.7234680564,155.36282123019,
    156.00217440397,156.64152757776,157.28088075155,157.92023392533,
    158.55958709912,159.19894027291,159.83829344669,160.47764662048,
    161.11699979427,161.75635296805,162.39570614184,163.03505931563,
    163.67441248941,164.3137656632,164.95311883699,165.59247201077,
    166.23182518456,166.87117835835,167.51053153213,168.14988470592,
    168.78923787971,169.42859105349,170.06794422728,170.70729740107,
    171.34665057486,171.98600374864,172.62535692243,173.26471009622,
    173.90406327,174.54341644379,175.18276961758,175.82212279136,
    176.46147596515,177.10082913894,177.74018231272,178.37953548651,
    179.0188886603,179.65824183408,180.29759500787,180.93694818166,
    181.57630135544,182.21565452923,182.85500770302,183.4943608768,
    184.13371405059,184.77306722438,185.41242039816,186.05177357195,
    186.69112674574,187.33047991952,187.96983309331,188.6091862671,
    189.24853944089,189.88789261467,190.52724578846,191.16659896225,
    191.80595213603,192.44530530982,193.08465848361,193.72401165739,
    194.36336483118,195.00271800497,195.64207117875,196.28142435254,
    196.92077752633,197.56013070011,198.1994838739,198.83883704769,
    199.47819022147,200.11754339526,200.75689656905,201.39624974283,
    202.03560291662,202.67495609041,203.31430926419,203.95366243798,
    204.59301561177,205.23236878555,205.87172195934,206.51107513313,
    207.15042830692,207.7897814807,208.42913465449,209.06848782828,
    209.70784100206,210.34719417585,210.98654734964,211.62590052342,
    212.26525369721,212.904606871,213.54396004478,214.18331321857,
    214.82266639236,215.46201956614,216.10137273993,216.74072591372,
    217.3800790875,218.01943226129,218.65878543508,219.29813860886,
    219.93749178265,220.57684495644,221.21619813022,221.85555130401,
    222.4949044778,223.13425765158,223.77361082537,224.41296399916,
    225.05231717295,225.69167034673,226.33102352052,226.97037669431,
    227.60972986809,228.24908304188,228.88843621567,229.52778938945,
    230.16714256324,230.80649573703,231.44584891081,232.0852020846,
    232.72455525839,233.36390843217,234.00326160596,234.64261477975,
    235.28196795353,235.92132112732,236.56067430111,237.20002747489,
    237.83938064868,238.47873382247,239.11808699625,239.75744017004,
    240.39679334383,241.03614651761,241.6754996914,242.31485286519,
    242.95420603898,243.59355921276,244.23291238655,244.87226556034,
    245.51161873412,246.15097190791,246.7903250817,247.42967825548,
    248.06903142927,248.70838460306,249.34773777684,249.98709095063,
    250.62644412442,251.2657972982,251.90515047199,252.54450364578,
    253.18385681956,253.82320999335,254.46256316714,255.10191634092,
    255.74126951471,256.3806226885,257.01997586228,257.65932903607,
    258.29868220986,258.93803538364,259.57738855743,260.21674173122,
    260.85609490501,261.49544807879,262.13480125258,262.77415442637,
    263.41350760015,264.05286077394,264.69221394773,265.33156712151,
    265.9709202953,266.61027346909,267.24962664287,267.88897981666,
    268.52833299045,269.16768616423,269.80703933802,270.44639251181,
    271.08574568559,271.72509885938,272.36445203317,273.00380520695,
    273.64315838074,274.28251155453,274.92186472831,275.5612179021,
    276.20057107589,276.83992424968,277.47927742346,278.11863059725,
    278.75798377104,279.39733694482,280.03669011861,280.6760432924,
    281.31539646618,281.95474963997,282.59410281376,282.74333882308),
  .UNSPECIFIED.);
#5036 = CARTESIAN_POINT('',(119.80983647635,17.224007934869,
    -25.00024028956));
#5037 = CARTESIAN_POINT('',(116.13771678405,20.472825001116,
    -24.96255280141));
#5038 = CARTESIAN_POINT('',(111.40310592957,22.500505302027,
    -24.92486531327));
#5039 = CARTESIAN_POINT('',(106.51780364974,22.916554577019,
    -24.88717782512));
#5040 = CARTESIAN_POINT('',(101.63250136992,23.332603852009,
    -24.84949033698));
#5041 = CARTESIAN_POINT('',(96.623192804618,22.134749502076,
    -24.81180284884));
#5042 = CARTESIAN_POINT('',(92.454579461941,19.553676437684,
    -24.77411536069));
#5043 = CARTESIAN_POINT('',(88.285966119265,16.972603373291,
    -24.73642787255));
#5044 = CARTESIAN_POINT('',(84.980818346617,13.022410270787,
    -24.6987403844));
#5045 = CARTESIAN_POINT('',(83.175647350932,8.46383230822,
    -24.66105289626));
#5046 = CARTESIAN_POINT('',(81.370476355247,3.905254345652,
    -24.62336540811));
#5047 = CARTESIAN_POINT('',(81.075142578667,-1.236808013608,
    -24.58567791997));
#5048 = CARTESIAN_POINT('',(82.346521922519,-5.972087300884,
    -24.54799043182));
#5049 = CARTESIAN_POINT('',(83.617901266371,-10.70736658815,
    -24.51030294368));
#5050 = CARTESIAN_POINT('',(86.449049035391,-15.00999713889,
    -24.47261545554));
#5051 = CARTESIAN_POINT('',(90.294737782145,-18.05137074756,
    -24.43492796739));
#5052 = CARTESIAN_POINT('',(94.140426528899,-21.09274435624,
    -24.39724047925));
#5053 = CARTESIAN_POINT('',(98.979649827138,-22.85624803242,
    -24.3595529911));
#5054 = CARTESIAN_POINT('',(103.88046149046,-23.00226311739,
    -24.32186550296));
#5055 = CARTESIAN_POINT('',(108.78127315379,-23.14827820237,
    -24.28417801482));
#5056 = CARTESIAN_POINT('',(113.71690332497,-21.67600711336,
    -24.24649052667));
#5057 = CARTESIAN_POINT('',(117.73683961139,-18.86898242207,
    -24.20880303853));
#5058 = CARTESIAN_POINT('',(121.75677589782,-16.06195773077,
    -24.17111555038));
#5059 = CARTESIAN_POINT('',(124.83906007545,-11.9355123362,
    -24.13342806224));
#5060 = CARTESIAN_POINT('',(126.39010040287,-7.284324394696,
    -24.0957405741));
#5061 = CARTESIAN_POINT('',(127.94114073028,-2.633136453191,
    -24.05805308595));
#5062 = CARTESIAN_POINT('',(127.95246491126,2.517387705478,
    -24.02036559781));
#5063 = CARTESIAN_POINT('',(126.42189211498,7.175351024329,
    -23.98267810966));
#5064 = CARTESIAN_POINT('',(124.8913193187,11.833314343181,
    -23.94499062152));
#5065 = CARTESIAN_POINT('',(121.82721004096,15.973273483094,
    -23.90730313337));
#5066 = CARTESIAN_POINT('',(117.81965586879,18.797947786723,
    -23.86961564523));
#5067 = CARTESIAN_POINT('',(113.81210169661,21.622622090351,
    -23.83192815708));
#5068 = CARTESIAN_POINT('',(108.88299321885,23.116582250658,
    -23.79424066894));
#5069 = CARTESIAN_POINT('',(103.98158686883,22.992118776221,
    -23.75655318079));
#5070 = CARTESIAN_POINT('',(99.08018051882,22.867655301783,
    -23.71886569265));
#5071 = CARTESIAN_POINT('',(94.233249402167,21.12544805334,
    -23.68117820451));
#5072 = CARTESIAN_POINT('',(90.374224090583,18.101014385853,
    -23.64349071636));
#5073 = CARTESIAN_POINT('',(86.515198778999,15.076580718367,
    -23.60580322822));
#5074 = CARTESIAN_POINT('',(83.665158547471,10.786441090712,
    -23.56811574007));
#5075 = CARTESIAN_POINT('',(82.372969187294,6.056798184326,
    -23.53042825193));
#5076 = CARTESIAN_POINT('',(81.080779827117,1.327155277942,
    -23.49274076378));
#5077 = CARTESIAN_POINT('',(81.353499704759,-3.816156030393,
    -23.45505327564));
#5078 = CARTESIAN_POINT('',(83.13860794357,-8.382627747178,
    -23.4173657875));
#5079 = CARTESIAN_POINT('',(84.923716182382,-12.94909946396,
    -23.37967829935));
#5080 = CARTESIAN_POINT('',(88.211461929646,-16.91378800752,
    -23.34199081121));
#5081 = CARTESIAN_POINT('',(92.368685291272,-19.51316664212,
    -23.30430332306));
#5082 = CARTESIAN_POINT('',(96.525908652898,-22.11254527672,
    -23.26661583492));
#5083 = CARTESIAN_POINT('',(101.52990149733,-23.33241533493,
    -23.22892834678));
#5084 = CARTESIAN_POINT('',(106.41698602741,-22.93785208221,
    -23.19124085863));
#5085 = CARTESIAN_POINT('',(111.30407055748,-22.54328882949,
    -23.15355337049));
#5086 = CARTESIAN_POINT('',(116.04755189809,-20.53644750108,
    -23.11586588234));
#5087 = CARTESIAN_POINT('',(119.73392201846,-17.30380915136,
    -23.0781783942));
#5088 = CARTESIAN_POINT('',(123.42029213884,-14.07117080164,
    -23.04049090605));
#5089 = CARTESIAN_POINT('',(126.02941486386,-9.63039317246,
    -23.00280341791));
#5090 = CARTESIAN_POINT('',(127.05882072198,-4.836689078155,
    -22.96511592977));
#5091 = CARTESIAN_POINT('',(128.08822658009,-4.298498385049E-02,
    -22.92742844162));
#5092 = CARTESIAN_POINT('',(127.53229261539,5.077460775359,
    -22.88974095348));
#5093 = CARTESIAN_POINT('',(125.4980815746,9.538543693886,
    -22.85205346533));
#5094 = CARTESIAN_POINT('',(123.4638705338,13.999626612414,
    -22.81436597719));
#5095 = CARTESIAN_POINT('',(119.96249395168,17.776978777125,
    -22.77667848904));
#5096 = CARTESIAN_POINT('',(115.66825312653,20.143151023636,
    -22.7389910009));
#5097 = CARTESIAN_POINT('',(111.37401230139,22.509323270147,
    -22.70130351275));
#5098 = CARTESIAN_POINT('',(106.31036379957,23.451390781588,
    -22.66361602461));
#5099 = CARTESIAN_POINT('',(101.45247401032,22.787928529498,
    -22.62592853647));
#5100 = CARTESIAN_POINT('',(96.59458422107,22.124466277408,
    -22.58824104832));
#5101 = CARTESIAN_POINT('',(91.968988548136,19.859098312454,
    -22.55055356018));
#5102 = CARTESIAN_POINT('',(88.466492391792,16.428093206181,
    -22.51286607203));
#5103 = CARTESIAN_POINT('',(84.963996235447,12.99708809991,
    -22.47517858389));
#5104 = CARTESIAN_POINT('',(82.603731390293,8.419187139116,
    -22.43749109574));
#5105 = CARTESIAN_POINT('',(81.840241836996,3.576010592006,
    -22.3998036076));
#5106 = CARTESIAN_POINT('',(81.076752283699,-1.267165955104,
    -22.36211611945));
#5107 = CARTESIAN_POINT('',(81.914208455192,-6.349163053386,
    -22.32442863131));
#5108 = CARTESIAN_POINT('',(84.191331559983,-10.69128070841,
    -22.28674114317));
#5109 = CARTESIAN_POINT('',(86.468454664774,-15.03339836344,
    -22.24905365502));
#5110 = CARTESIAN_POINT('',(90.172806301912,-18.61191848976,
    -22.21136616688));
#5111 = CARTESIAN_POINT('',(94.590995877799,-20.73768334882,
    -22.17367867873));
#5112 = CARTESIAN_POINT('',(99.009185453685,-22.86344820788,
    -22.13599119059));
#5113 = CARTESIAN_POINT('',(104.11707935283,-23.5248461676,
    -22.09830370245));
#5114 = CARTESIAN_POINT('',(108.93099032908,-22.59450403849,
    -22.0606162143));
#5115 = CARTESIAN_POINT('',(113.74490130533,-21.66416190937,
    -22.02292872616));
#5116 = CARTESIAN_POINT('',(118.23853418178,-19.1471615284,
    -21.98524123801));
#5117 = CARTESIAN_POINT('',(121.54649718703,-15.5282312831,
    -21.94755374987));
#5118 = CARTESIAN_POINT('',(124.85446019228,-11.9093010378,
    -21.90986626173));
#5119 = CARTESIAN_POINT('',(126.95868413627,-7.208208724342,
    -21.87217877358));
#5120 = CARTESIAN_POINT('',(127.45393384816,-2.330299019627,
    -21.83449128544));
#5121 = CARTESIAN_POINT('',(127.94918356005,2.547610685087,
    -21.79680379729));
#5122 = CARTESIAN_POINT('',(126.83275382182,7.575693021892,
    -21.75911630915));
#5123 = CARTESIAN_POINT('',(124.31964864811,11.785630996539,
    -21.721428821));
#5124 = CARTESIAN_POINT('',(121.80654347441,15.995568971185,
    -21.68374133286));
#5125 = CARTESIAN_POINT('',(117.91049027844,19.364366507442,
    -21.64605384471));
#5126 = CARTESIAN_POINT('',(113.38179787924,21.243254614261,
    -21.60836635657));
#5127 = CARTESIAN_POINT('',(108.85310548005,23.122142721079,
    -21.57067886842));
#5128 = CARTESIAN_POINT('',(103.71651109615,23.50085828903,
    -21.53299138028));
#5129 = CARTESIAN_POINT('',(98.961229163858,22.306467603851,
    -21.49530389214));
#5130 = CARTESIAN_POINT('',(94.20594723156,21.112076918671,
    -21.45761640399));
#5131 = CARTESIAN_POINT('',(89.8579526765,18.35110413806,-21.41992891585
    ));
#5132 = CARTESIAN_POINT('',(86.754589984418,14.555262285999,
    -21.3822414277));
#5133 = CARTESIAN_POINT('',(83.651227292334,10.759420433938,
    -21.34455393956));
#5134 = CARTESIAN_POINT('',(81.80944805859,5.94944365642,-21.30686645141
    ));
#5135 = CARTESIAN_POINT('',(81.58394538728,1.051645793124,
    -21.26917896327));
#5136 = CARTESIAN_POINT('',(81.358442715969,-3.846152070171,
    -21.23149147512));
#5137 = CARTESIAN_POINT('',(82.750448377408,-8.805017624371,
    -21.19380398698));
#5138 = CARTESIAN_POINT('',(85.491887457984,-12.8699637657,
    -21.15611649884));
#5139 = CARTESIAN_POINT('',(88.233326538562,-16.93490990704,
    -21.11842901069));
#5140 = CARTESIAN_POINT('',(92.309224389608,-20.08373255272,
    -21.08074152255));
#5141 = CARTESIAN_POINT('',(96.934637390155,-21.71002586539,
    -21.0430540344));
#5142 = CARTESIAN_POINT('',(101.5600503907,-23.33631917807,
    -21.00536654626));
#5143 = CARTESIAN_POINT('',(106.70971300224,-23.43119980477,
    -20.96767905812));
#5144 = CARTESIAN_POINT('',(111.39189408608,-21.97639546652,
    -20.92999156997));
#5145 = CARTESIAN_POINT('',(116.07407516992,-20.52159112826,
    -20.89230408183));
#5146 = CARTESIAN_POINT('',(120.26319910148,-17.5250484484,
    -20.85461659368));
#5147 = CARTESIAN_POINT('',(123.15251698082,-13.56384691899,
    -20.81692910554));
#5148 = CARTESIAN_POINT('',(126.04183486016,-9.602645389589,
    -20.7792416174));
#5149 = CARTESIAN_POINT('',(127.61556427562,-4.698422405974,
    -20.74155412925));
#5150 = CARTESIAN_POINT('',(127.57063363146,0.204358091018,
    -20.70386664111));
#5151 = CARTESIAN_POINT('',(127.5257029873,5.10713858801,-20.66617915296
    ));
#5152 = CARTESIAN_POINT('',(125.86235770959,9.981695986709,
    -20.62849166482));
#5153 = CARTESIAN_POINT('',(122.9009277754,13.889279397127,
    -20.59080417667));
#5154 = CARTESIAN_POINT('',(119.93949784121,17.796862807545,
    -20.55311668853));
#5155 = CARTESIAN_POINT('',(115.69615956216,20.716127714269,
    -20.51542920038));
#5156 = CARTESIAN_POINT('',(110.98810253314,22.084876915552,
    -20.47774171224));
#5157 = CARTESIAN_POINT('',(106.28004550413,23.453626116835,
    -20.44005422409));
#5158 = CARTESIAN_POINT('',(101.13298669272,23.264383050989,
    -20.40236673595));
#5159 = CARTESIAN_POINT('',(96.538155793186,21.553592482524,
    -20.36467924781));
#5160 = CARTESIAN_POINT('',(91.943324893651,19.842801914059,
    -20.32699175966));
#5161 = CARTESIAN_POINT('',(87.925820394919,16.619808747951,
    -20.28930427152));
#5162 = CARTESIAN_POINT('',(85.25934042284,12.505302711624,
    -20.25161678337));
#5163 = CARTESIAN_POINT('',(82.592860450761,8.390796675297,
    -20.21392929523));
#5164 = CARTESIAN_POINT('',(81.291970202512,3.407252564112,
    -20.17624180708));
#5165 = CARTESIAN_POINT('',(81.607197424192,-1.485589877984,
    -20.13855431894));
#5166 = CARTESIAN_POINT('',(81.92242464587,-6.378432320081,
    -20.1008668308));
#5167 = CARTESIAN_POINT('',(83.85204746194,-11.15384676637,
    -20.06317934265));
#5168 = CARTESIAN_POINT('',(87.024455695767,-14.89217545208,
    -20.02549185451));
#5169 = CARTESIAN_POINT('',(90.196863929594,-18.63050413779,
    -19.98780436636));
#5170 = CARTESIAN_POINT('',(94.594728836191,-21.3113270729,
    -19.95011687822));
#5171 = CARTESIAN_POINT('',(99.371101809265,-22.41836663252,
    -19.91242939008));
#5172 = CARTESIAN_POINT('',(104.14747478234,-23.52540619214,
    -19.87474190193));
#5173 = CARTESIAN_POINT('',(109.27626569,-23.05261535935,-19.83705441379
    ));
#5174 = CARTESIAN_POINT('',(113.76976290321,-21.0910450294,
    -19.79936692564));
#5175 = CARTESIAN_POINT('',(118.26326011642,-19.12947469945,
    -19.7616794375));
#5176 = CARTESIAN_POINT('',(122.09691866443,-15.68983961947,
    -19.72399194935));
#5177 = CARTESIAN_POINT('',(124.5324457999,-11.43455080003,
    -19.68630446121));
#5178 = CARTESIAN_POINT('',(126.96797293538,-7.179261980601,
    -19.64861697307));
#5179 = CARTESIAN_POINT('',(127.99206500208,-2.13156321928,
    -19.61092948492));
#5180 = CARTESIAN_POINT('',(127.40750053753,2.736450723927,
    -19.57324199678));
#5181 = CARTESIAN_POINT('',(126.82293607298,7.604464667134,
    -19.53555450863));
#5182 = CARTESIAN_POINT('',(124.63290816199,12.266203086994,
    -19.49786702049));
#5183 = CARTESIAN_POINT('',(121.25917625519,15.823900149073,
    -19.46017953234));
#5184 = CARTESIAN_POINT('',(117.88544434839,19.381597211153,
    -19.4224920442));
#5185 = CARTESIAN_POINT('',(113.34643688739,21.815819595214,
    -19.38480455605));
#5186 = CARTESIAN_POINT('',(108.51628396137,22.657780446866,
    -19.34711706791));
#5187 = CARTESIAN_POINT('',(103.68613103535,23.49974129852,
    -19.30942957977));
#5188 = CARTESIAN_POINT('',(98.591216540125,22.744841548601,
    -19.27174209162));
#5189 = CARTESIAN_POINT('',(94.212728125278,20.538461126839,
    -19.23405460348));
#5190 = CARTESIAN_POINT('',(89.834239710432,18.332080705078,
    -19.19636711533));
#5191 = CARTESIAN_POINT('',(86.196094130555,14.686271592449,
    -19.15867962719));
#5192 = CARTESIAN_POINT('',(83.998931899579,10.303150159583,
    -19.12099213904));
#5193 = CARTESIAN_POINT('',(81.801769668603,5.920028726719,
    -19.0833046509));
#5194 = CARTESIAN_POINT('',(81.05759241469,0.823537035283,
    -19.04561716275));
#5195 = CARTESIAN_POINT('',(81.909715110315,-4.004833525897,
    -19.00792967461));
#5196 = CARTESIAN_POINT('',(82.761837805939,-8.833204087078,
    -18.97024218647));
#5197 = CARTESIAN_POINT('',(85.205605874577,-13.36707935805,
    -18.93255469832));
#5198 = CARTESIAN_POINT('',(88.770394137012,-16.73331761588,
    -18.89486721018));
#5199 = CARTESIAN_POINT('',(92.335182399447,-20.09955587371,
    -18.85717972203));
#5200 = CARTESIAN_POINT('',(97.001518800954,-22.27976960959,
    -18.81949223389));
#5201 = CARTESIAN_POINT('',(101.87075201965,-22.85408940408,
    -18.78180474575));
#5202 = CARTESIAN_POINT('',(106.73998523836,-23.42840919857,
    -18.7441172576));
#5203 = CARTESIAN_POINT('',(111.78551790894,-22.39369792666,
    -18.70642976946));
#5204 = CARTESIAN_POINT('',(116.03567242098,-19.94922211614,
    -18.66874228131));
#5205 = CARTESIAN_POINT('',(120.28582693303,-17.50474630563,
    -18.63105479317));
#5206 = CARTESIAN_POINT('',(123.71738753426,-13.66385849339,
    -18.59336730503));
#5207 = CARTESIAN_POINT('',(125.6694982115,-9.166243651248,
    -18.55567981688));
#5208 = CARTESIAN_POINT('',(127.62160888875,-4.668628809106,
    -18.51799232874));
#5209 = CARTESIAN_POINT('',(128.08360656663,0.461145600334,
    -18.48030484059));
#5210 = CARTESIAN_POINT('',(126.96651891479,5.235178543514,
    -18.44261735245));
#5211 = CARTESIAN_POINT('',(125.84943126294,10.009211486694,
    -18.4049298643));
#5212 = CARTESIAN_POINT('',(123.15936018429,14.401425613746,
    -18.36724237616));
#5213 = CARTESIAN_POINT('',(119.41436432756,17.565960555502,
    -18.32955488801));
#5214 = CARTESIAN_POINT('',(115.66936847084,20.730495497259,
    -18.29186739987));
#5215 = CARTESIAN_POINT('',(110.88990424437,22.65006551526,
    -18.25417991172));
#5216 = CARTESIAN_POINT('',(105.99640932676,22.954996418519,
    -18.21649242358));
#5217 = CARTESIAN_POINT('',(101.10291440914,23.259927321777,
    -18.17880493544));
#5218 = CARTESIAN_POINT('',(96.122118691147,21.948553476656,
    -18.14111744729));
#5219 = CARTESIAN_POINT('',(92.013232626284,19.273421578891,
    -18.10342995915));
#5220 = CARTESIAN_POINT('',(87.90434656142,16.598289681125,-18.065742471
    ));
#5221 = CARTESIAN_POINT('',(84.689814246907,12.574012187579,
    -18.02805498286));
#5222 = CARTESIAN_POINT('',(82.988696004397,7.975591579427,
    -17.99036749471));
#5223 = CARTESIAN_POINT('',(81.287577761887,3.377170971276,
    -17.95268000657));
#5224 = CARTESIAN_POINT('',(81.109165662906,-1.770274654376,
    -17.91499251842));
#5225 = CARTESIAN_POINT('',(82.487818625199,-6.475441109884,
    -17.87730503028));
#5226 = CARTESIAN_POINT('',(83.866471587491,-11.18060756539,
    -17.83961754214));
#5227 = CARTESIAN_POINT('',(86.794658951743,-15.41779367246,
    -17.80193005399));
#5228 = CARTESIAN_POINT('',(90.708465213551,-18.37099463235,
    -17.76424256585));
#5229 = CARTESIAN_POINT('',(94.622271475357,-21.32419559224,
    -17.7265550777));
#5230 = CARTESIAN_POINT('',(99.500318128027,-22.97728004274,
    -17.68886758956));
#5231 = CARTESIAN_POINT('',(104.40318231487,-23.01189405502,
    -17.65118010142));
#5232 = CARTESIAN_POINT('',(109.30604650171,-23.0465080673,
    -17.61349261327));
#5233 = CARTESIAN_POINT('',(114.20694715391,-21.46246256816,
    -17.57580512513));
#5234 = CARTESIAN_POINT('',(118.16206015111,-18.56481584299,
    -17.53811763698));
#5235 = CARTESIAN_POINT('',(122.1171731483,-15.66716911782,
    -17.50043014884));
#5236 = CARTESIAN_POINT('',(125.10489435273,-11.47174907321,
    -17.4627426607));
#5237 = CARTESIAN_POINT('',(126.54984312768,-6.786517125673,
    -17.42505517255));
#5238 = CARTESIAN_POINT('',(127.99479190264,-2.101285178135,
    -17.38736768441));
#5239 = CARTESIAN_POINT('',(127.88907545911,3.048166382923,
    -17.34968019626));
#5240 = CARTESIAN_POINT('',(126.25305285687,7.670147063263,
    -17.31199270812));
#5241 = CARTESIAN_POINT('',(124.61703025464,12.292127743605,
    -17.27430521997));
#5242 = CARTESIAN_POINT('',(121.45963799126,16.361390753205,
    -17.23661773183));
#5243 = CARTESIAN_POINT('',(117.38893225624,19.094270220598,
    -17.19893024368));
#5244 = CARTESIAN_POINT('',(113.31822652121,21.82714968799,
    -17.16124275554));
#5245 = CARTESIAN_POINT('',(108.35644285814,23.208717719953,
    -17.12355526739));
#5246 = CARTESIAN_POINT('',(103.45913034535,22.972909500031,
    -17.08586777925));
#5247 = CARTESIAN_POINT('',(98.561817832569,22.737101280107,
    -17.04818029111));
#5248 = CARTESIAN_POINT('',(93.755727213802,20.885204870934,
    -17.01049280296));
#5249 = CARTESIAN_POINT('',(89.966423925403,17.773861760155,
    -16.97280531482));
#5250 = CARTESIAN_POINT('',(86.177120637003,14.662518649374,
    -16.93511782667));
#5251 = CARTESIAN_POINT('',(83.425303109163,10.308724024041,
    -16.89743033853));
#5252 = CARTESIAN_POINT('',(82.240921231085,5.550939357692,
    -16.85974285038));
#5253 = CARTESIAN_POINT('',(81.056539353007,0.793154691342,
    -16.82205536224));
#5254 = CARTESIAN_POINT('',(81.446062610967,-4.342631419627,
    -16.7843678741));
#5255 = CARTESIAN_POINT('',(83.334475926638,-8.867360197539,
    -16.74668038595));
#5256 = CARTESIAN_POINT('',(85.222889242308,-13.39208897545,
    -16.70899289781));
#5257 = CARTESIAN_POINT('',(88.59987747641,-17.2810448524,
    -16.67130540966));
#5258 = CARTESIAN_POINT('',(92.815094258811,-19.7852858236,
    -16.63361792152));
#5259 = CARTESIAN_POINT('',(97.030311041211,-22.2895267948,
    -16.59593043337));
#5260 = CARTESIAN_POINT('',(102.06073146108,-23.39537386626,
    -16.55824294523));
#5261 = CARTESIAN_POINT('',(106.93758825199,-22.88986105201,
    -16.52055545709));
#5262 = CARTESIAN_POINT('',(111.81444504291,-22.38434823777,
    -16.48286796894));
#5263 = CARTESIAN_POINT('',(116.51109919708,-20.27023681633,
    -16.4451804808));
#5264 = CARTESIAN_POINT('',(120.12306074615,-16.95466610641,
    -16.40749299265));
#5265 = CARTESIAN_POINT('',(123.73502229523,-13.6390953965,
    -16.36980550451));
#5266 = CARTESIAN_POINT('',(126.24256150838,-9.140176143984,
    -16.33211801637));
#5267 = CARTESIAN_POINT('',(127.16277204651,-4.324318179926,
    -16.29443052822));
#5268 = CARTESIAN_POINT('',(128.08298258465,0.491539784131,
    -16.25674304008));
#5269 = CARTESIAN_POINT('',(127.41083795289,5.598030647739,
    -16.21905555193));
#5270 = CARTESIAN_POINT('',(125.27578095387,10.0117373638,
    -16.18136806379));
#5271 = CARTESIAN_POINT('',(123.14072395485,14.425444079862,
    -16.14368057564));
#5272 = CARTESIAN_POINT('',(119.55441697737,18.122257519758,
    -16.1059930875));
#5273 = CARTESIAN_POINT('',(115.20751736558,20.390238809256,
    -16.06830559935));
#5274 = CARTESIAN_POINT('',(110.86061775379,22.658220098753,
    -16.03061811121));
#5275 = CARTESIAN_POINT('',(105.77686971377,23.484980772523,
    -15.99293062307));
#5276 = CARTESIAN_POINT('',(100.9353104394,22.711301796955,
    -15.95524313492));
#5277 = CARTESIAN_POINT('',(96.093751165036,21.937622821387,
    -15.91755564678));
#5278 = CARTESIAN_POINT('',(91.520826857383,19.567730287413,
    -15.87986815863));
#5279 = CARTESIAN_POINT('',(88.097199371984,16.058022293051,
    -15.84218067049));
#5280 = CARTESIAN_POINT('',(84.673571886585,12.548314298688,
    -15.80449318234));
#5281 = CARTESIAN_POINT('',(82.417942211225,7.917962031987,
    -15.7668056942));
#5282 = CARTESIAN_POINT('',(81.764703500408,3.058686926464,
    -15.72911820605));
#5283 = CARTESIAN_POINT('',(81.111464789591,-1.80058817906,
    -15.69143071791));
#5284 = CARTESIAN_POINT('',(82.064185249614,-6.8622431526,
    -15.65374322977));
#5285 = CARTESIAN_POINT('',(84.439388288325,-11.15149552211,
    -15.61605574162));
#5286 = CARTESIAN_POINT('',(86.814591327038,-15.44074789162,
    -15.57836825348));
#5287 = CARTESIAN_POINT('',(90.599302798388,-18.93416833937,
    -15.54068076533));
#5288 = CARTESIAN_POINT('',(95.0646562697,-20.95898777347,
    -15.50299327719));
#5289 = CARTESIAN_POINT('',(99.530009741011,-22.98380720757,
    -15.46530578905));
#5290 = CARTESIAN_POINT('',(104.65161397197,-23.52896539334,
    -15.4276183009));
#5291 = CARTESIAN_POINT('',(109.44314135645,-22.48947480262,
    -15.38993081276));
#5292 = CARTESIAN_POINT('',(114.23466874094,-21.4499842119,
    -15.35224332461));
#5293 = CARTESIAN_POINT('',(118.66994636865,-18.83152288675,
    -15.31455583647));
#5294 = CARTESIAN_POINT('',(121.89482062524,-15.13835874288,
    -15.27686834832));
#5295 = CARTESIAN_POINT('',(125.11969488184,-11.445194599,
    -15.23918086018));
#5296 = CARTESIAN_POINT('',(127.11655043553,-6.697500922726,
    -15.20149337204));
#5297 = CARTESIAN_POINT('',(127.50082931011,-1.809596963867,
    -15.16380588389));
#5298 = CARTESIAN_POINT('',(127.88510818468,3.078306994992,
    -15.12611839575));
#5299 = CARTESIAN_POINT('',(126.65471132159,8.07972188534,-15.0884309076
    ));
#5300 = CARTESIAN_POINT('',(124.04659072607,12.231466376959,
    -15.05074341946));
#5301 = CARTESIAN_POINT('',(121.43847013054,16.383210868576,
    -15.01305593131));
#5302 = CARTESIAN_POINT('',(117.46687222152,19.662606757318,
    -14.97536844317));
#5303 = CARTESIAN_POINT('',(112.89665435255,21.438102179625,
    -14.93768095502));
#5304 = CARTESIAN_POINT('',(108.32643648358,23.213597601932,
    -14.89999346688));
#5305 = CARTESIAN_POINT('',(103.18256269907,23.475494213476,
    -14.86230597874));
#5306 = CARTESIAN_POINT('',(98.455649315178,22.173355501343,
    -14.82461849059));
#5307 = CARTESIAN_POINT('',(93.728735931284,20.871216789212,
    -14.78693100245));
#5308 = CARTESIAN_POINT('',(89.444602915227,18.012155466532,
    -14.7492435143));
#5309 = CARTESIAN_POINT('',(86.428296184559,14.146774622294,
    -14.71155602616));
#5310 = CARTESIAN_POINT('',(83.411989453889,10.281393778058,
    -14.67386853801));
#5311 = CARTESIAN_POINT('',(81.67998507546,5.430807403277,
    -14.63618104987));
#5312 = CARTESIAN_POINT('',(81.565835517469,0.529150005734,
    -14.59849356172));
#5313 = CARTESIAN_POINT('',(81.451685959479,-4.372507391808,
    -14.56080607358));
#5314 = CARTESIAN_POINT('',(82.956014744638,-9.298461335183,
    -14.52311858544));
#5315 = CARTESIAN_POINT('',(85.789115573399,-13.30006289687,
    -14.48543109729));
#5316 = CARTESIAN_POINT('',(88.622216402161,-17.30166445856,
    -14.44774360915));
#5317 = CARTESIAN_POINT('',(92.768613939017,-20.35705556487,
    -14.410056121));
#5318 = CARTESIAN_POINT('',(97.429787608744,-21.87782358962,
    -14.37236863286));
#5319 = CARTESIAN_POINT('',(102.09096127847,-23.39859161438,
    -14.33468114472));
#5320 = CARTESIAN_POINT('',(107.24145020594,-23.37642961871,
    -14.29699365657));
#5321 = CARTESIAN_POINT('',(111.88936411907,-21.81560559897,
    -14.25930616843));
#5322 = CARTESIAN_POINT('',(116.5372780322,-20.25478157923,
    -14.22161868028));
#5323 = CARTESIAN_POINT('',(120.65722848505,-17.16382127341,
    -14.18393119214));
#5324 = CARTESIAN_POINT('',(123.45578812863,-13.13798728704,
    -14.146243704));
#5325 = CARTESIAN_POINT('',(126.25434777221,-9.112153300677,
    -14.10855621585));
#5326 = CARTESIAN_POINT('',(127.71622994642,-4.17343607301,
    -14.07086872771));
#5327 = CARTESIAN_POINT('',(127.55990279516,0.727057492564,
    -14.03318123956));
#5328 = CARTESIAN_POINT('',(127.40357564389,5.627551058141,
    -13.99549375142));
#5329 = CARTESIAN_POINT('',(125.62989307786,10.463052841933,
    -13.95780626327));
#5330 = CARTESIAN_POINT('',(122.58043402438,14.302333353386,
    -13.92011877513));
#5331 = CARTESIAN_POINT('',(119.5309749709,18.141613864838,
    -13.88243128698));
#5332 = CARTESIAN_POINT('',(115.2223965858,20.963701681606,
    -13.84474379884));
#5333 = CARTESIAN_POINT('',(110.48445251905,22.225114137893,
    -13.80705631069));
#5334 = CARTESIAN_POINT('',(105.74650845231,23.486526594181,
    -13.76936882255));
#5335 = CARTESIAN_POINT('',(100.60507892439,23.180373437167,
    -13.73168133441));
#5336 = CARTESIAN_POINT('',(96.050309532196,21.365614183607,
    -13.69399384626));
#5337 = CARTESIAN_POINT('',(91.495540139999,19.550854930047,
    -13.65630635812));
#5338 = CARTESIAN_POINT('',(87.552310543224,16.237402396327,
    -13.61861886997));
#5339 = CARTESIAN_POINT('',(84.980014875661,12.063367134963,
    -13.58093138183));
#5340 = CARTESIAN_POINT('',(82.407719208097,7.889331873599,
    -13.54324389368));
#5341 = CARTESIAN_POINT('',(81.220408201044,2.877513848308,
    -13.50555640554));
#5342 = CARTESIAN_POINT('',(81.646736309335,-2.006902156554,
    -13.4678689174));
#5343 = CARTESIAN_POINT('',(82.073064417627,-6.891318161416,
    -13.43018142925));
#5344 = CARTESIAN_POINT('',(84.110702895868,-11.62165184712,
    -13.39249394111));
#5345 = CARTESIAN_POINT('',(87.367239720059,-15.28692718154,
    -13.35480645296));
#5346 = CARTESIAN_POINT('',(90.623776544251,-18.95220251597,
    -13.31711896482));
#5347 = CARTESIAN_POINT('',(95.081423431165,-21.53239855071,
    -13.27943147667));
#5348 = CARTESIAN_POINT('',(99.881718854949,-22.53061656741,
    -13.24174398853));
#5349 = CARTESIAN_POINT('',(104.68201427873,-23.52883458411,
    -13.20405650039));
#5350 = CARTESIAN_POINT('',(109.79873743514,-22.93962198519,
    -13.16636901224));
#5351 = CARTESIAN_POINT('',(114.24650072403,-20.87645037564,
    -13.1286815241));
#5352 = CARTESIAN_POINT('',(118.69426401293,-18.81327876609,
    -13.09099403595));
#5353 = CARTESIAN_POINT('',(122.44877227739,-15.28741787289,
    -13.05330654781));
#5354 = CARTESIAN_POINT('',(124.78697567178,-10.97788422632,
    -13.01561905967));
#5355 = CARTESIAN_POINT('',(127.12517906617,-6.66835057975,
    -12.97793157152));
#5356 = CARTESIAN_POINT('',(128.03430554875,-1.598684280596,
    -12.94024408338));
#5357 = CARTESIAN_POINT('',(127.33927393269,3.254789363831,
    -12.90255659523));
#5358 = CARTESIAN_POINT('',(126.64424231664,8.108263008259,
    -12.86486910709));
#5359 = CARTESIAN_POINT('',(124.34884909494,12.719032716657,
    -12.82718161894));
#5360 = CARTESIAN_POINT('',(120.89514515622,16.199148299241,
    -12.7894941308));
#5361 = CARTESIAN_POINT('',(117.4414412175,19.679263881824,
    -12.75180664265));
#5362 = CARTESIAN_POINT('',(112.8482918371,22.009715794105,
    -12.71411915451));
#5363 = CARTESIAN_POINT('',(108.00025385086,22.741701482782,
    -12.67643166637));
#5364 = CARTESIAN_POINT('',(103.15221586461,23.47368717146,
    -12.63874417822));
#5365 = CARTESIAN_POINT('',(98.075770862472,22.603208288153,
    -12.60105669008));
#5366 = CARTESIAN_POINT('',(93.748549606346,20.297903196631,
    -12.56336920193));
#5367 = CARTESIAN_POINT('',(89.421328350219,17.992598105108,
    -12.52568171379));
#5368 = CARTESIAN_POINT('',(85.866967556492,14.265059145671,
    -12.48799422564));
#5369 = CARTESIAN_POINT('',(83.769972316711,9.833142367481,
    -12.4503067375));
#5370 = CARTESIAN_POINT('',(81.67297707693,5.401225589289,
    -12.41261924935));
#5371 = CARTESIAN_POINT('',(81.044801873961,0.289139590357,
    -12.37493176121));
#5372 = CARTESIAN_POINT('',(82.006421800026,-4.518621061159,
    -12.33724427307));
#5373 = CARTESIAN_POINT('',(82.968041726091,-9.326381712675,
    -12.29955678492));
#5374 = CARTESIAN_POINT('',(85.51420409451,-13.80355543498,
    -12.26186929678));
#5375 = CARTESIAN_POINT('',(89.154564450617,-17.08792018972,
    -12.22418180863));
#5376 = CARTESIAN_POINT('',(92.794924806722,-20.37228494446,
    -12.18649432049));
#5377 = CARTESIAN_POINT('',(97.509598295973,-22.44590044302,
    -12.14880683235));
#5378 = CARTESIAN_POINT('',(102.39062475459,-22.90942614316,
    -12.1111193442));
#5379 = CARTESIAN_POINT('',(107.27165121321,-23.3729518433,
    -12.07343185606));
#5380 = CARTESIAN_POINT('',(112.29236885731,-22.22385581406,
    -12.03574436791));
#5381 = CARTESIAN_POINT('',(116.48587899817,-19.68343300222,
    -11.99805687977));
#5382 = CARTESIAN_POINT('',(120.67938913903,-17.14301019037,
    -11.96036939162));
#5383 = CARTESIAN_POINT('',(124.02278543471,-13.22513722712,
    -11.92268190348));
#5384 = CARTESIAN_POINT('',(125.87219071002,-8.684325020907,
    -11.88499441534));
#5385 = CARTESIAN_POINT('',(127.72159598532,-4.143512814689,
    -11.84730692719));
#5386 = CARTESIAN_POINT('',(128.06690817582,0.995435213575,
    -11.80961943905));
#5387 = CARTESIAN_POINT('',(126.84162644879,5.742851358583,
    -11.7719319509));
#5388 = CARTESIAN_POINT('',(125.61634472176,10.490267503591,
    -11.73424446276));
#5389 = CARTESIAN_POINT('',(122.82716197201,14.820219805243,
    -11.69655697461));
#5390 = CARTESIAN_POINT('',(119.01122394929,17.898838386888,
    -11.65886948647));
#5391 = CARTESIAN_POINT('',(115.19528592657,20.977456968535,
    -11.62118199832));
#5392 = CARTESIAN_POINT('',(110.37343654883,22.787925395344,
    -11.58349451018));
#5393 = CARTESIAN_POINT('',(105.4742761021,22.981580453828,
    -11.54580702204));
#5394 = CARTESIAN_POINT('',(100.57511565537,23.175235512312,
    -11.50811953389));
#5395 = CARTESIAN_POINT('',(95.625404977416,21.751019394371,
    -11.47043204575));
#5396 = CARTESIAN_POINT('',(91.578368109727,18.983210160329,
    -11.4327445576));
#5397 = CARTESIAN_POINT('',(87.531331242039,16.215400926288,
    -11.39505706946));
#5398 = CARTESIAN_POINT('',(84.409074441028,12.11911726733,
    -11.35736958131));
#5399 = CARTESIAN_POINT('',(82.812887446662,7.48322873939,
    -11.31968209317));
#5400 = CARTESIAN_POINT('',(81.216700452297,2.847340211449,
    -11.28199460502));
#5401 = CARTESIAN_POINT('',(81.155302166855,-2.302830426176,
    -11.24430711688));
#5402 = CARTESIAN_POINT('',(82.6405167808,-6.975454198212,
    -11.20661962874));
#5403 = CARTESIAN_POINT('',(84.125731394745,-11.64807797024,
    -11.16893214059));
#5404 = CARTESIAN_POINT('',(87.149446173711,-15.81763145732,
    -11.13124465245));
#5405 = CARTESIAN_POINT('',(91.129348774718,-18.68113467033,
    -11.0935571643));
#5406 = CARTESIAN_POINT('',(95.109251375726,-21.54463788335,
    -11.05586967616));
#5407 = CARTESIAN_POINT('',(100.02360225198,-23.08644941891,
    -11.01818218802));
#5408 = CARTESIAN_POINT('',(104.92598701516,-23.00964448305,
    -10.98049469987));
#5409 = CARTESIAN_POINT('',(109.82837177834,-22.9328395472,
    -10.94280721173));
#5410 = CARTESIAN_POINT('',(114.69201197842,-21.23783767394,
    -10.90511972358));
#5411 = CARTESIAN_POINT('',(118.58025917882,-18.25106532356,
    -10.86743223544));
#5412 = CARTESIAN_POINT('',(122.46850637923,-15.26429297318,
    -10.8297447473));
#5413 = CARTESIAN_POINT('',(125.36012168534,-11.00206488595,
    -10.79205725915));
#5414 = CARTESIAN_POINT('',(126.69823270442,-6.285208489464,
    -10.75436977101));
#5415 = CARTESIAN_POINT('',(128.03634372351,-1.568352092978,
    -10.71668228286));
#5416 = CARTESIAN_POINT('',(127.81364124978,3.577367580139,
    -10.67899479472));
#5417 = CARTESIAN_POINT('',(126.07301371973,8.160978729235,
    -10.64130730657));
#5418 = CARTESIAN_POINT('',(124.33238618969,12.744589878331,
    -10.60361981843));
#5419 = CARTESIAN_POINT('',(121.08334148767,16.741055300474,
    -10.56593233028));
#5420 = CARTESIAN_POINT('',(116.95158639199,19.380728612416,
    -10.52824484214));
#5421 = CARTESIAN_POINT('',(112.8198312963,22.020401924359,-10.490557354
    ));
#5422 = CARTESIAN_POINT('',(107.8279348224,23.288864355782,
    -10.45286986585));
#5423 = CARTESIAN_POINT('',(102.93724522701,22.941833166938,
    -10.41518237771));
#5424 = CARTESIAN_POINT('',(98.046555631628,22.594801978095,
    -10.37749488956));
#5425 = CARTESIAN_POINT('',(93.283787481914,20.63417276833,
    -10.33980740142));
#5426 = CARTESIAN_POINT('',(89.566163096469,17.437526980443,
    -10.30211991327));
#5427 = CARTESIAN_POINT('',(85.848538711024,14.240881192557,
    -10.26443242513));
#5428 = CARTESIAN_POINT('',(83.19636498612,9.825679965089,
    -10.22674493698));
#5429 = CARTESIAN_POINT('',(82.120402231057,5.042210563682,
    -10.18905744884));
#5430 = CARTESIAN_POINT('',(81.044439475995,0.258741162276,
    -10.1513699607));
#5431 = CARTESIAN_POINT('',(81.550564955874,-4.866867518137,
    -10.11368247255));
#5432 = CARTESIAN_POINT('',(83.541308130129,-9.347516687469,
    -10.07599498441));
#5433 = CARTESIAN_POINT('',(85.532051304382,-13.8281658568,
    -10.03830749626));
#5434 = CARTESIAN_POINT('',(88.996538074136,-17.63938072457,
    -10.00062000812));
#5435 = CARTESIAN_POINT('',(93.26757144642,-20.04719078711,
    -9.962932519979));
#5436 = CARTESIAN_POINT('',(97.538604818706,-22.45500084966,
    -9.925245031835));
#5437 = CARTESIAN_POINT('',(102.59285499398,-23.44625385056,
    -9.887557543691));
#5438 = CARTESIAN_POINT('',(107.45696552936,-22.83005253276,
    -9.849870055547));
#5439 = CARTESIAN_POINT('',(112.32107606474,-22.21385121496,
    -9.812182567403));
#5440 = CARTESIAN_POINT('',(116.9684775767,-19.99356147423,
    -9.774495079259));
#5441 = CARTESIAN_POINT('',(120.5041652579,-16.59677063794,
    -9.736807591115));
#5442 = CARTESIAN_POINT('',(124.03985293909,-13.19997980165,
    -9.69912010297));
#5443 = CARTESIAN_POINT('',(126.44451369182,-8.645242266911,
    -9.661432614826));
#5444 = CARTESIAN_POINT('',(127.25505369296,-3.80971744834,
    -9.623745126682));
#5445 = CARTESIAN_POINT('',(128.06559369411,1.025807370231,
    -9.586057638537));
#5446 = CARTESIAN_POINT('',(127.2775855056,6.11570623376,-9.548370150393
    ));
#5447 = CARTESIAN_POINT('',(125.04278513886,10.479757411887,
    -9.510682662248));
#5448 = CARTESIAN_POINT('',(122.80798477213,14.843808590015,
    -9.472995174104));
#5449 = CARTESIAN_POINT('',(119.1385994473,18.458174189125,
    -9.435307685959));
#5450 = CARTESIAN_POINT('',(114.74128588367,20.626793286062,
    -9.397620197815));
#5451 = CARTESIAN_POINT('',(110.34397232004,22.795412383,-9.35993270967)
  );
#5452 = CARTESIAN_POINT('',(105.2427501014,23.50643926166,
    -9.322245221525));
#5453 = CARTESIAN_POINT('',(100.42002162988,22.622943107497,
    -9.284557733381));
#5454 = CARTESIAN_POINT('',(95.597293158361,21.739446953335,
    -9.246870245236));
#5455 = CARTESIAN_POINT('',(91.079401774932,19.266253715101,
    -9.209182757092));
#5456 = CARTESIAN_POINT('',(87.7364109972,15.679655323245,
    -9.171495268947));
#5457 = CARTESIAN_POINT('',(84.393420219469,12.093056931388,
    -9.133807780803));
#5458 = CARTESIAN_POINT('',(82.243590570802,7.412644574787,
    -9.096120292659));
#5459 = CARTESIAN_POINT('',(81.700940049337,2.539780347658,
    -9.058432804514));
#5460 = CARTESIAN_POINT('',(81.158289527873,-2.33308387947,
    -9.02074531637));
#5461 = CARTESIAN_POINT('',(82.225782270573,-7.371782778034,
    -8.983057828226));
#5462 = CARTESIAN_POINT('',(84.697838635983,-11.60595479753,
    -8.945370340082));
#5463 = CARTESIAN_POINT('',(87.169895001394,-15.84012681703,
    -8.907682851938));
#5464 = CARTESIAN_POINT('',(91.033011798502,-19.24664350684,
    -8.869995363794));
#5465 = CARTESIAN_POINT('',(95.543223158246,-21.16947185459,
    -8.83230787565));
#5466 = CARTESIAN_POINT('',(100.05343451798,-23.09230020234,
    -8.794620387506));
#5467 = CARTESIAN_POINT('',(105.1861041714,-23.52093708244,
    -8.756932899362));
#5468 = CARTESIAN_POINT('',(109.95277351373,-22.37283484598,
    -8.719245411218));
#5469 = CARTESIAN_POINT('',(114.71944285607,-21.22473260952,
    -8.681557923074));
#5470 = CARTESIAN_POINT('',(119.09407475986,-18.50616257136,
    -8.643870434929));
#5471 = CARTESIAN_POINT('',(122.23419487163,-14.74067176031,
    -8.606182946785));
#5472 = CARTESIAN_POINT('',(125.3743149834,-10.97518094925,
    -8.568495458641));
#5473 = CARTESIAN_POINT('',(127.26277092658,-6.183337723859,
    -8.530807970497));
#5474 = CARTESIAN_POINT('',(127.53588051375,-1.287963732236,
    -8.493120482352));
#5475 = CARTESIAN_POINT('',(127.80899010093,3.607410259388,
    -8.455432994208));
#5476 = CARTESIAN_POINT('',(126.46526151705,8.579574862351,
    -8.417745506063));
#5477 = CARTESIAN_POINT('',(123.76347239069,12.670981818542,
    -8.380058017919));
#5478 = CARTESIAN_POINT('',(121.06168326433,16.762388774733,
    -8.342370529774));
#5479 = CARTESIAN_POINT('',(117.01659166297,19.950689463616,
    -8.304683041629));
#5480 = CARTESIAN_POINT('',(112.40720848551,21.621875296428,
    -8.266995553485));
#5481 = CARTESIAN_POINT('',(107.79782530805,23.293061129239,
    -8.22930806534));
#5482 = CARTESIAN_POINT('',(102.64932853277,23.438003535191,
    -8.191620577196));
#5483 = CARTESIAN_POINT('',(97.953224779576,22.028789249252,
    -8.153933089051));
#5484 = CARTESIAN_POINT('',(93.257121026381,20.619574963311,
    -8.116245600907));
#5485 = CARTESIAN_POINT('',(89.039061970081,17.66390158087,
    -8.078558112762));
#5486 = CARTESIAN_POINT('',(86.111368888128,13.730977912356,
    -8.040870624618));
#5487 = CARTESIAN_POINT('',(83.183675806177,9.798054243841,
    -8.003183136473));
#5488 = CARTESIAN_POINT('',(81.562340728312,4.909363221554,
    -7.965495648329));
#5489 = CARTESIAN_POINT('',(81.559603232988,6.377613723547E-03,
    -7.927808160185));
#5490 = CARTESIAN_POINT('',(81.556865737664,-4.896607994107,
    -7.890120672041));
#5491 = CARTESIAN_POINT('',(83.172740777987,-9.787106455427,
    -7.852433183897));
#5492 = CARTESIAN_POINT('',(86.096040279196,-13.72329692219,
    -7.814745695753));
#5493 = CARTESIAN_POINT('',(89.019339780406,-17.65948738896,
    -7.777058207608));
#5494 = CARTESIAN_POINT('',(93.234095711956,-20.61986908455,
    -7.739370719464));
#5495 = CARTESIAN_POINT('',(97.928622918003,-22.03432646325,
    -7.70168323132));
#5496 = CARTESIAN_POINT('',(102.62315012404,-23.44878384195,
    -7.663995743176));
#5497 = CARTESIAN_POINT('',(107.7718055414,-23.30959066886,
    -7.626308255032));
#5498 = CARTESIAN_POINT('',(112.38305199859,-21.64355301158,
    -7.588620766888));
#5499 = CARTESIAN_POINT('',(116.99429845579,-19.97751535429,
    -7.550933278744));
#5500 = CARTESIAN_POINT('',(121.04294779668,-16.79373366255,
    -7.5132457906));
#5501 = CARTESIAN_POINT('',(123.74930396659,-12.70534624867,
    -7.475558302456));
#5502 = CARTESIAN_POINT('',(126.45566013651,-8.616958834787,
    -7.437870814311));
#5503 = CARTESIAN_POINT('',(127.80494012127,-3.646297825541,
    -7.400183326167));
#5504 = CARTESIAN_POINT('',(127.53729719369,1.249378085687,
    -7.362495838022));
#5505 = CARTESIAN_POINT('',(127.26965426611,6.145053996916,
    -7.324808349878));
#5506 = CARTESIAN_POINT('',(125.38655038055,10.939003006061,
    -7.287120861733));
#5507 = CARTESIAN_POINT('',(122.25063701567,14.707997929439,
    -7.249433373589));
#5508 = CARTESIAN_POINT('',(119.11472365079,18.476992852818,
    -7.211745885444));
#5509 = CARTESIAN_POINT('',(114.74313020452,21.200446191257,
    -7.1740583973));
#5510 = CARTESIAN_POINT('',(109.97774587884,22.353870481344,
    -7.136370909155));
#5511 = CARTESIAN_POINT('',(105.21236155315,23.507294771431,
    -7.098683421011));
#5512 = CARTESIAN_POINT('',(100.0792164563,23.084389627493,
    -7.060995932866));
#5513 = CARTESIAN_POINT('',(95.566860754787,21.166598870532,
    -7.023308444721));
#5514 = CARTESIAN_POINT('',(91.054505053273,19.248808113573,
    -6.985620956577));
#5515 = CARTESIAN_POINT('',(87.187586729161,15.84660735219,
    -6.947933468433));
#5516 = CARTESIAN_POINT('',(84.710803756312,11.615198429635,
    -6.910245980288));
#5517 = CARTESIAN_POINT('',(82.234020783463,7.383789507079,
    -6.872558492144));
#5518 = CARTESIAN_POINT('',(81.160902171187,2.346285781017,-6.834871004)
  );
#5519 = CARTESIAN_POINT('',(81.698111000854,-2.527181366486,
    -6.797183515855));
#5520 = CARTESIAN_POINT('',(82.235319830522,-7.40064851399,
    -6.759496027711));
#5521 = CARTESIAN_POINT('',(84.379921689494,-12.08345859049,
    -6.721808539567));
#5522 = CARTESIAN_POINT('',(87.718905356627,-15.67378774463,
    -6.684121051423));
#5523 = CARTESIAN_POINT('',(91.057889023759,-19.26411689878,
    -6.646433563279));
#5524 = CARTESIAN_POINT('',(95.573015863849,-21.74235356302,
    -6.608746075135));
#5525 = CARTESIAN_POINT('',(100.39475475994,-22.63123453501,
    -6.571058586991));
#5526 = CARTESIAN_POINT('',(105.21649365603,-23.52011550701,
    -6.533371098847));
#5527 = CARTESIAN_POINT('',(110.31850667254,-22.81478542434,
    -6.495683610703));
#5528 = CARTESIAN_POINT('',(114.71823911408,-20.65107800249,
    -6.457996122559));
#5529 = CARTESIAN_POINT('',(119.11797155562,-18.48737058065,
    -6.420308634415));
#5530 = CARTESIAN_POINT('',(122.79139062569,-14.87710470655,
    -6.38262114627));
#5531 = CARTESIAN_POINT('',(125.0310627792,-10.51555177104,
    -6.344933658126));
#5532 = CARTESIAN_POINT('',(127.27073493272,-6.153998835533,
    -6.307246169982));
#5533 = CARTESIAN_POINT('',(128.06442633822,-1.064983086005,
    -6.269558681837));
#5534 = CARTESIAN_POINT('',(127.25928650031,3.771443818837,
    -6.231871193693));
#5535 = CARTESIAN_POINT('',(126.4541466624,8.607870723679,
    -6.194183705548));
#5536 = CARTESIAN_POINT('',(124.05457352166,13.165290617475,
    -6.156496217404));
#5537 = CARTESIAN_POINT('',(120.52268111989,16.566027512142,
    -6.118808729259));
#5538 = CARTESIAN_POINT('',(116.99078871811,19.966764406811,
    -6.081121241115));
#5539 = CARTESIAN_POINT('',(112.34586942194,22.192242350558,
    -6.04343375297));
#5540 = CARTESIAN_POINT('',(107.48245000919,22.813874862713,
    -6.005746264825));
#5541 = CARTESIAN_POINT('',(102.61903059644,23.435507374868,
    -5.968058776681));
#5542 = CARTESIAN_POINT('',(97.563676675508,22.449898892664,
    -5.930371288536));
#5543 = CARTESIAN_POINT('',(93.289957250571,20.046859641762,
    -5.892683800392));
#5544 = CARTESIAN_POINT('',(89.016237825632,17.64382039086,
    -5.854996312247));
#5545 = CARTESIAN_POINT('',(85.547497368339,13.836476567924,
    -5.817308824103));
#5546 = CARTESIAN_POINT('',(83.551752054331,9.358053183954,
    -5.779621335959));
#5547 = CARTESIAN_POINT('',(81.556006740323,4.879629799985,
    -5.741933847814));
#5548 = CARTESIAN_POINT('',(81.044157991821,-0.245410512517,
    -5.70424635967));
#5549 = CARTESIAN_POINT('',(82.114778546592,-5.030078420761,
    -5.666558871526));
#5550 = CARTESIAN_POINT('',(83.185399101363,-9.814746329004,
    -5.628871383382));
#5551 = CARTESIAN_POINT('',(85.832640875174,-14.23290639141,
    -5.591183895238));
#5552 = CARTESIAN_POINT('',(89.546693362595,-17.43370152468,
    -5.553496407094));
#5553 = CARTESIAN_POINT('',(93.260745850015,-20.63449665795,
    -5.51580891895));
#5554 = CARTESIAN_POINT('',(98.021321665663,-22.60044305843,
    -5.478121430806));
#5555 = CARTESIAN_POINT('',(102.91162069451,-22.95293528934,
    -5.440433942662));
#5556 = CARTESIAN_POINT('',(107.80191972337,-23.30542752024,
    -5.402746454518));
#5557 = CARTESIAN_POINT('',(112.79522953168,-22.0425401522,
    -5.365058966373));
#5558 = CARTESIAN_POINT('',(116.92992968026,-19.40748226938,
    -5.327371478229));
#5559 = CARTESIAN_POINT('',(121.06462982884,-16.77242438656,
    -5.289683990085));
#5560 = CARTESIAN_POINT('',(124.3181352154,-12.77958954829,
    -5.251996501941));
#5561 = CARTESIAN_POINT('',(126.06388001511,-8.197924953544,
    -5.214309013797));
#5562 = CARTESIAN_POINT('',(127.80962481481,-3.616260358796,
    -5.176621525652));
#5563 = CARTESIAN_POINT('',(128.03807319109,1.529207422221,
    -5.138934037508));
#5564 = CARTESIAN_POINT('',(126.70523015138,6.247555098681,
    -5.101246549363));
#5565 = CARTESIAN_POINT('',(125.37238711166,10.965902775141,
    -5.063559061219));
#5566 = CARTESIAN_POINT('',(122.48553308629,15.231357168553,
    -5.025871573074));
#5567 = CARTESIAN_POINT('',(118.60062353211,18.222469523573,
    -4.98818408493));
#5568 = CARTESIAN_POINT('',(114.71571397794,21.213581878592,
    -4.950496596785));
#5569 = CARTESIAN_POINT('',(109.85396955826,22.914013748394,
    -4.91280910864));
#5570 = CARTESIAN_POINT('',(104.95167361689,22.996292954362,
    -4.875121620496));
#5571 = CARTESIAN_POINT('',(100.04937767553,23.078572160331,
    -4.837434132351));
#5572 = CARTESIAN_POINT('',(95.133308177343,21.542249266179,
    -4.799746644207));
#5573 = CARTESIAN_POINT('',(91.150210485903,18.68319205358,
    -4.762059156062));
#5574 = CARTESIAN_POINT('',(87.167112794462,15.824134840981,
    -4.724371667918));
#5575 = CARTESIAN_POINT('',(84.138743909208,11.657960427813,
    -4.686684179773));
#5576 = CARTESIAN_POINT('',(82.648312469145,6.986998055139,
    -4.648996691629));
#5577 = CARTESIAN_POINT('',(81.15788102908,2.316035682464,
    -4.611309203485));
#5578 = CARTESIAN_POINT('',(81.213528264605,-2.834200305458,
    -4.573621715341));
#5579 = CARTESIAN_POINT('',(82.804537532627,-7.471868348078,
    -4.535934227197));
#5580 = CARTESIAN_POINT('',(84.395546800648,-12.10953639069,
    -4.498246739052));
#5581 = CARTESIAN_POINT('',(87.513227481343,-16.20930400842,
    -4.460559250908));
#5582 = CARTESIAN_POINT('',(91.557171112094,-18.98163069836,
    -4.422871762764));
#5583 = CARTESIAN_POINT('',(95.601114742845,-21.75395738831,
    -4.38518427462));
#5584 = CARTESIAN_POINT('',(100.54923196353,-23.18369978345,
    -4.347496786476));
#5585 = CARTESIAN_POINT('',(105.44860560346,-22.99551556322,
    -4.309809298332));
#5586 = CARTESIAN_POINT('',(110.3479792434,-22.807331343,-4.272121810188
    ));
#5587 = CARTESIAN_POINT('',(115.17184730031,-21.00224843197,
    -4.234434322044));
#5588 = CARTESIAN_POINT('',(118.99122072733,-17.92789289147,
    -4.1967468339));
#5589 = CARTESIAN_POINT('',(122.81059415436,-14.85353735098,
    -4.159059345756));
#5590 = CARTESIAN_POINT('',(125.60461026826,-10.52670232969,
    -4.121371857611));
#5591 = CARTESIAN_POINT('',(126.83519250144,-5.780657372908,
    -4.083684369467));
#5592 = CARTESIAN_POINT('',(128.06577473462,-1.034612416121,
    -4.045996881323));
#5593 = CARTESIAN_POINT('',(127.72620123916,4.104718005957,
    -4.008309393178));
#5594 = CARTESIAN_POINT('',(125.88186767974,8.647592545944,
    -3.970621905034));
#5595 = CARTESIAN_POINT('',(124.03753412032,13.190467085932,
    -3.932934416889));
#5596 = CARTESIAN_POINT('',(120.69851485798,17.112071057756,
    -3.895246928744));
#5597 = CARTESIAN_POINT('',(116.50784413108,19.657175028747,
    -3.8575594406));
#5598 = CARTESIAN_POINT('',(112.31717340418,22.202278999737,
    -3.819871952455));
#5599 = CARTESIAN_POINT('',(107.29774204485,23.356980768654,
    -3.782184464311));
#5600 = CARTESIAN_POINT('',(102.41620102681,22.898905825449,
    -3.744496976166));
#5601 = CARTESIAN_POINT('',(97.534660008763,22.440830882244,
    -3.706809488022));
#5602 = CARTESIAN_POINT('',(92.81767392659,20.372481384044,
    -3.669121999877));
#5603 = CARTESIAN_POINT('',(89.173648307302,17.092183737419,
    -3.631434511733));
#5604 = CARTESIAN_POINT('',(85.529622688015,13.811886090796,
    -3.593747023588));
#5605 = CARTESIAN_POINT('',(82.978462407036,9.337558368459,
    -3.556059535444));
#5606 = CARTESIAN_POINT('',(82.011474425879,4.530874521068,-3.5183720473
    ));
#5607 = CARTESIAN_POINT('',(81.044486444722,-0.275809326323,
    -3.480684559155));
#5608 = CARTESIAN_POINT('',(81.666952772163,-5.388593598841,
    -3.442997071011));
#5609 = CARTESIAN_POINT('',(83.758997741329,-9.822849253565,
    -3.405309582867));
#5610 = CARTESIAN_POINT('',(85.851042710495,-14.25710490829,
    -3.367622094723));
#5611 = CARTESIAN_POINT('',(89.401238878542,-17.98861057149,
    -3.329934606579));
#5612 = CARTESIAN_POINT('',(93.725883184904,-20.29874627917,
    -3.292247118435));
#5613 = CARTESIAN_POINT('',(98.050527491267,-22.60888198685,
    -3.254559630291));
#5614 = CARTESIAN_POINT('',(103.12599729572,-23.4850290123,
    -3.216872142147));
#5615 = CARTESIAN_POINT('',(107.97484964163,-22.75845741088,
    -3.179184654003));
#5616 = CARTESIAN_POINT('',(112.82370198755,-22.03188580947,
    -3.141497165859));
#5617 = CARTESIAN_POINT('',(117.41945083669,-19.70656435605,
    -3.103809677715));
#5618 = CARTESIAN_POINT('',(120.87703874292,-16.23030757107,
    -3.06612218957));
#5619 = CARTESIAN_POINT('',(124.33462664916,-12.75405078609,
    -3.028434701426));
#5620 = CARTESIAN_POINT('',(126.63516712163,-8.14584713601,
    -2.990747213282));
#5621 = CARTESIAN_POINT('',(127.33561800505,-3.293152634562,
    -2.953059725137));
#5622 = CARTESIAN_POINT('',(128.03606888848,1.559541866885,
    -2.915372236993));
#5623 = CARTESIAN_POINT('',(127.13260408803,6.630220194334,
    -2.877684748848));
#5624 = CARTESIAN_POINT('',(124.79921445377,10.942362142275,
    -2.839997260704));
#5625 = CARTESIAN_POINT('',(122.4658248195,15.254504090216,
    -2.802309772559));
#5626 = CARTESIAN_POINT('',(118.71525609881,18.78455531045,
    -2.764622284415));
#5627 = CARTESIAN_POINT('',(114.26979945303,20.85269229211,
    -2.72693479627));
#5628 = CARTESIAN_POINT('',(109.82434280724,22.920829273771,
    -2.689247308126));
#5629 = CARTESIAN_POINT('',(104.70828079362,23.515755167363,
    -2.651559819981));
#5630 = CARTESIAN_POINT('',(99.906873688264,22.5228980915,
    -2.613872331836));
#5631 = CARTESIAN_POINT('',(95.105466582906,21.530041015639,
    -2.576184843692));
#5632 = CARTESIAN_POINT('',(90.644941262427,18.954824284667,
    -2.538497355547));
#5633 = CARTESIAN_POINT('',(87.38431358651,15.293187693808,
    -2.500809867403));
#5634 = CARTESIAN_POINT('',(84.123685910594,11.631551102949,
    -2.463122379259));
#5635 = CARTESIAN_POINT('',(82.080766508054,6.903495724589,
    -2.425434891114));
#5636 = CARTESIAN_POINT('',(81.648984412635,2.019558830387,
    -2.38774740297));
#5637 = CARTESIAN_POINT('',(81.217202317218,-2.864378063815,
    -2.350059914826));
#5638 = CARTESIAN_POINT('',(82.398916065804,-7.877518792193,
    -2.312372426682));
#5639 = CARTESIAN_POINT('',(84.966549133498,-12.05442384188,
    -2.274684938538));
#5640 = CARTESIAN_POINT('',(87.534182201193,-16.23132889157,
    -2.236997450394));
#5641 = CARTESIAN_POINT('',(91.473709325365,-19.54918262313,
    -2.19930996225));
#5642 = CARTESIAN_POINT('',(96.026449400947,-21.36902689357,
    -2.161622474106));
#5643 = CARTESIAN_POINT('',(100.57918947653,-23.18887116401,
    -2.123934985962));
#5644 = CARTESIAN_POINT('',(105.72027392862,-23.5007653809,
    -2.086247497817));
#5645 = CARTESIAN_POINT('',(110.45962361564,-22.24464440401,
    -2.048560009673));
#5646 = CARTESIAN_POINT('',(115.19897330267,-20.98852342713,
    -2.010872521529));
#5647 = CARTESIAN_POINT('',(119.51070032619,-18.17124860547,
    -1.973185033385));
#5648 = CARTESIAN_POINT('',(122.56444466587,-14.33537570972,
    -1.935497545241));
#5649 = CARTESIAN_POINT('',(125.61818900555,-10.49950281397,
    -1.897810057097));
#5650 = CARTESIAN_POINT('',(127.39727009791,-5.665984652952,
    -1.860122568952));
#5651 = CARTESIAN_POINT('',(127.55906935788,-0.765668707633,
    -1.822435080808));
#5652 = CARTESIAN_POINT('',(127.72086861784,4.134647237686,
    -1.784747592663));
#5653 = CARTESIAN_POINT('',(126.26450224424,9.074993817832,
    -1.747060104519));
#5654 = CARTESIAN_POINT('',(123.47043985052,13.103950345828,
    -1.709372616374));
#5655 = CARTESIAN_POINT('',(120.67637745681,17.132906873827,
    -1.67168512823));
#5656 = CARTESIAN_POINT('',(116.55988113762,20.228465854078,
    -1.633997640085));
#5657 = CARTESIAN_POINT('',(111.91371303877,21.794479060181,
    -1.59631015194));
#5658 = CARTESIAN_POINT('',(107.26754493992,23.360492266284,
    -1.558622663796));
#5659 = CARTESIAN_POINT('',(102.11708397112,23.388405615191,
    -1.520935175651));
#5660 = CARTESIAN_POINT('',(97.454215020157,21.872843504773,
    -1.483247687507));
#5661 = CARTESIAN_POINT('',(92.791346069186,20.357281394354,
    -1.445560199362));
#5662 = CARTESIAN_POINT('',(88.641539271344,17.306522327057,
    -1.407872711218));
#5663 = CARTESIAN_POINT('',(85.803971763369,13.308086882767,
    -1.370185223073));
#5664 = CARTESIAN_POINT('',(82.966404255395,9.309651438477,
    -1.332497734929));
#5665 = CARTESIAN_POINT('',(81.456575771277,4.38538039652,
    -1.294810246785));
#5666 = CARTESIAN_POINT('',(81.565251752323,-0.516401411722,
    -1.257122758641));
#5667 = CARTESIAN_POINT('',(81.673927733368,-5.418183219965,
    -1.219435270496));
#5668 = CARTESIAN_POINT('',(83.400514555356,-10.27070063799,
    -1.181747782352));
#5669 = CARTESIAN_POINT('',(86.412503072694,-14.13944727429,
    -1.144060294208));
#5670 = CARTESIAN_POINT('',(89.424491590031,-18.00819391059,
    -1.106372806064));
#5671 = CARTESIAN_POINT('',(93.705429323379,-20.87203738908,
    -1.06868531792));
#5672 = CARTESIAN_POINT('',(98.430885708386,-22.17945366475,
    -1.030997829776));
#5673 = CARTESIAN_POINT('',(103.15634209339,-23.48686994041,
    -0.993310341632));
#5674 = CARTESIAN_POINT('',(108.30050512144,-23.23071747232,
    -0.955622853488));
#5675 = CARTESIAN_POINT('',(112.87270277335,-21.46032655607,
    -0.917935365344));
#5676 = CARTESIAN_POINT('',(117.44490042526,-19.68993563982,
    -0.8802478772));
#5677 = CARTESIAN_POINT('',(121.4201578424,-16.41497673724,
    -0.842560389056));
#5678 = CARTESIAN_POINT('',(124.03291291666,-12.26614722925,
    -0.804872900911));
#5679 = CARTESIAN_POINT('',(126.64566799091,-8.117317721252,
    -0.767185412767));
#5680 = CARTESIAN_POINT('',(127.88164898829,-3.117279889374,
    -0.729497924623));
#5681 = CARTESIAN_POINT('',(127.50282850111,1.771050132521,
    -0.691810436478));
#5682 = CARTESIAN_POINT('',(127.12400801392,6.659380154416,
    -0.654122948334));
#5683 = CARTESIAN_POINT('',(125.13245528519,11.409300687941,
    -0.616435460189));
#5684 = CARTESIAN_POINT('',(121.91170706372,15.106063631163,
    -0.578747972045));
#5685 = CARTESIAN_POINT('',(118.69095884225,18.802826574385,
    -0.5410604839));
#5686 = CARTESIAN_POINT('',(114.25860792206,21.426238983141,
    -0.503372995755));
#5687 = CARTESIAN_POINT('',(109.46824428697,22.471079453292,
    -0.465685507611));
#5688 = CARTESIAN_POINT('',(104.67788065188,23.515919923444,
    -0.427998019466));
#5689 = CARTESIAN_POINT('',(99.555670855412,22.976481190122,
    -0.390310531322));
#5690 = CARTESIAN_POINT('',(95.088059124559,20.956649319194,
    -0.352623043177));
#5691 = CARTESIAN_POINT('',(90.620447393705,18.936817448268,
    -0.314935555033));
#5692 = CARTESIAN_POINT('',(86.831837304144,15.447625430711,
    -0.277248066888));
#5693 = CARTESIAN_POINT('',(84.451846091349,11.161028039832,
    -0.239560578744));
#5694 = CARTESIAN_POINT('',(82.071854878553,6.874430648954,-0.2018730906
    ));
#5695 = CARTESIAN_POINT('',(81.113482843166,1.813842700118,
    -0.164185602455));
#5696 = CARTESIAN_POINT('',(81.761294967724,-3.046158824136,
    -0.126498114311));
#5697 = CARTESIAN_POINT('',(82.409107092281,-7.906160348389,
    -8.881062616703E-02));
#5698 = CARTESIAN_POINT('',(84.659564812299,-12.53902850931,
    -5.112313802294E-02));
#5699 = CARTESIAN_POINT('',(88.079270997585,-16.05255735803,
    -1.343564987889E-02));
#5700 = CARTESIAN_POINT('',(91.498977182871,-19.56608620675,
    2.425183826517E-02));
#5701 = CARTESIAN_POINT('',(96.069252265081,-21.94108368444,
    6.19393264092E-02));
#5702 = CARTESIAN_POINT('',(100.9099445812,-22.72016857399,
    9.962681455325E-02));
#5703 = CARTESIAN_POINT('',(105.75063689732,-23.49925346355,
    0.137314302697));
#5704 = CARTESIAN_POINT('',(110.83530498189,-22.67817014513,
    0.175001790841));
#5705 = CARTESIAN_POINT('',(115.18473445724,-20.41504429722,
    0.212689278986));
#5706 = CARTESIAN_POINT('',(119.53416393258,-18.15191844931,
    0.25037676713));
#5707 = CARTESIAN_POINT('',(123.12459677366,-14.4591120152,
    0.288064255274));
#5708 = CARTESIAN_POINT('',(125.26458107021,-10.04779219286,
    0.325751743418));
#5709 = CARTESIAN_POINT('',(127.40456536677,-5.636472370519,
    0.363439231563));
#5710 = CARTESIAN_POINT('',(128.08241181545,-0.530735250562,
    0.401126719707));
#5711 = CARTESIAN_POINT('',(127.16757954766,4.286147277201,
    0.438814207851));
#5712 = CARTESIAN_POINT('',(126.25274727986,9.103029804964,
    0.476501695996));
#5713 = CARTESIAN_POINT('',(123.75023341256,13.604746332034,
    0.514189184141));
#5714 = CARTESIAN_POINT('',(120.14197649485,16.924348323269,
    0.551876672285));
#5715 = CARTESIAN_POINT('',(116.53371957713,20.243950314505,
    0.58956416043));
#5716 = CARTESIAN_POINT('',(111.83942910392,22.363305003841,
    0.627251648574));
#5717 = CARTESIAN_POINT('',(106.96313984168,22.874263314736,
    0.664939136719));
#5718 = CARTESIAN_POINT('',(102.08685057944,23.385221625632,
    0.702626624863));
#5719 = CARTESIAN_POINT('',(97.055198435956,22.284992534482,
    0.740314113008));
#5720 = CARTESIAN_POINT('',(92.83718788515,19.785460106655,
    0.778001601152));
#5721 = CARTESIAN_POINT('',(88.619177334344,17.285927678828,
    0.815689089297));
#5722 = CARTESIAN_POINT('',(85.237848547541,13.400745188695,
    0.853376577441));
#5723 = CARTESIAN_POINT('',(83.344383806191,8.878127955528,
    0.891064065586));
#5724 = CARTESIAN_POINT('',(81.450919064842,4.355510722361,0.92875155373
    ));
#5725 = CARTESIAN_POINT('',(81.055661100786,-0.779837219889,
    0.966439041874));
#5726 = CARTESIAN_POINT('',(82.234729392203,-5.538941476852,
    1.004126530018));
#5727 = CARTESIAN_POINT('',(83.413797683618,-10.29804573381,
    1.041814018162));
#5728 = CARTESIAN_POINT('',(86.160751768799,-14.65491050105,
    1.079501506306));
#5729 = CARTESIAN_POINT('',(89.946578368937,-17.77048305167,
    1.117188994451));
#5730 = CARTESIAN_POINT('',(93.732404969075,-20.88605560228,
    1.154876482595));
#5731 = CARTESIAN_POINT('',(98.536424644801,-22.74331764662,
    1.192563970739));
#5732 = CARTESIAN_POINT('',(103.43347078564,-22.98459437353,
    1.230251458883));
#5733 = CARTESIAN_POINT('',(108.33051692648,-23.22587110043,
    1.267938947027));
#5734 = CARTESIAN_POINT('',(113.29384024372,-21.84984457647,
    1.305626435171));
#5735 = CARTESIAN_POINT('',(117.36759514969,-19.12151242467,
    1.343313923315));
#5736 = CARTESIAN_POINT('',(121.44135005567,-16.39318027287,
    1.381001411459));
#5737 = CARTESIAN_POINT('',(124.60328435119,-12.32744554753,
    1.418688899603));
#5738 = CARTESIAN_POINT('',(126.24446713419,-7.707294636871,
    1.456376387748));
#5739 = CARTESIAN_POINT('',(127.88564991719,-3.087143726213,
    1.494063875892));
#5740 = CARTESIAN_POINT('',(127.99711650348,2.062186574539,
    1.531751364037));
#5741 = CARTESIAN_POINT('',(126.55740046061,6.749029123675,
    1.569438852181));
#5742 = CARTESIAN_POINT('',(125.11768441774,11.435871672811,
    1.607126340326));
#5743 = CARTESIAN_POINT('',(122.13464995182,15.634625383283,
    1.64481382847));
#5744 = CARTESIAN_POINT('',(118.18277511914,18.536686835303,
    1.682501316615));
#5745 = CARTESIAN_POINT('',(114.23090028646,21.438748287324,
    1.720188804759));
#5746 = CARTESIAN_POINT('',(109.33177153686,23.028265459608,
    1.757876292904));
#5747 = CARTESIAN_POINT('',(104.42887175458,22.999126322265,
    1.795563781049));
#5748 = CARTESIAN_POINT('',(99.525971972292,22.969987184922,
    1.833251269193));
#5749 = CARTESIAN_POINT('',(94.646082420562,21.322350905575,
    1.870938757338));
#5750 = CARTESIAN_POINT('',(90.728980864842,18.373522194604,
    1.908626245482));
#5751 = CARTESIAN_POINT('',(86.811879309123,15.424693483632,
    1.946313733627));
#5752 = CARTESIAN_POINT('',(83.878962256091,11.190779820584,
    1.984001221771));
#5753 = CARTESIAN_POINT('',(82.495056061988,6.487155791137,
    2.021688709915));
#5754 = CARTESIAN_POINT('',(81.111149867885,1.783531761689,
    2.059376198059));
#5755 = CARTESIAN_POINT('',(81.283813886917,-3.364109881106,
    2.097063686204));
#5756 = CARTESIAN_POINT('',(82.979796176747,-7.964427200275,
    2.134751174348));
#5757 = CARTESIAN_POINT('',(84.675778466579,-12.56474451944,
    2.172438662492));
#5758 = CARTESIAN_POINT('',(87.885815009957,-16.59260905742,
    2.210126150636));
#5759 = CARTESIAN_POINT('',(91.991711288793,-19.27232753366,
    2.24781363878));
#5760 = CARTESIAN_POINT('',(96.09760756763,-21.9520460099,2.285501126924
    ));
#5761 = CARTESIAN_POINT('',(101.07693581591,-23.26898091413,
    2.323188615068));
#5762 = CARTESIAN_POINT('',(105.97076818802,-22.96951459202,
    2.360876103212));
#5763 = CARTESIAN_POINT('',(110.86460056014,-22.6700482699,
    2.398563591356));
#5764 = CARTESIAN_POINT('',(115.64620532205,-20.75581650572,2.4362510795
    ));
#5765 = CARTESIAN_POINT('',(119.39473256705,-17.59546544009,
    2.473938567644));
#5766 = CARTESIAN_POINT('',(123.14325981204,-14.43511437447,
    2.511626055789));
#5767 = CARTESIAN_POINT('',(125.83823384219,-10.04590689214,
    2.549313543933));
#5768 = CARTESIAN_POINT('',(126.96065178967,-5.273124337321,
    2.587001032077));
#5769 = CARTESIAN_POINT('',(128.08306973715,-0.500341782496,
    2.624688520222));
#5770 = CARTESIAN_POINT('',(127.62680058321,4.629945324994,
    2.662376008366));
#5771 = CARTESIAN_POINT('',(125.67971344893,9.129737215292,
    2.700063496511));
#5772 = CARTESIAN_POINT('',(123.73262631465,13.629529105591,
    2.737750984655));
#5773 = CARTESIAN_POINT('',(120.30535683516,17.474246424335,2.7754384728
    ));
#5774 = CARTESIAN_POINT('',(116.0579346318,19.923466706567,
    2.813125960944));
#5775 = CARTESIAN_POINT('',(111.81051242844,22.372686988797,
    2.850813449089));
#5776 = CARTESIAN_POINT('',(106.76613832873,23.413031781753,
    2.888500937234));
#5777 = CARTESIAN_POINT('',(101.89626682344,22.844149644187,
    2.926188425378));
#5778 = CARTESIAN_POINT('',(97.026395318154,22.275267506621,
    2.963875913523));
#5779 = CARTESIAN_POINT('',(92.357627259143,20.100265861273,
    3.001563401667));
#5780 = CARTESIAN_POINT('',(88.789082261192,16.738010373945,
    3.039250889812));
#5781 = CARTESIAN_POINT('',(85.220537263241,13.375754886617,
    3.076938377956));
#5782 = CARTESIAN_POINT('',(82.771707901608,8.844611310905,3.1146258661)
  );
#5783 = CARTESIAN_POINT('',(81.914194068271,4.017195295052,
    3.152313354245));
#5784 = CARTESIAN_POINT('',(81.056680234934,-0.8102207208,3.190000842389
    ));
#5785 = CARTESIAN_POINT('',(81.795165954599,-5.907540230891,
    3.227688330533));
#5786 = CARTESIAN_POINT('',(83.987432340528,-10.29311242361,
    3.265375818677));
#5787 = CARTESIAN_POINT('',(86.179698726457,-14.67868461634,
    3.303063306821));
#5788 = CARTESIAN_POINT('',(89.813770893215,-18.32855404316,
    3.340750794965));
#5789 = CARTESIAN_POINT('',(94.189792791979,-20.53982239097,
    3.378438283109));
#5790 = CARTESIAN_POINT('',(98.565814690742,-22.75109073878,
    3.416125771253));
#5791 = CARTESIAN_POINT('',(103.65988303985,-23.51167932712,
    3.453813259397));
#5792 = CARTESIAN_POINT('',(108.49097314203,-22.67511265969,
    3.491500747541));
#5793 = CARTESIAN_POINT('',(113.32206324422,-21.83854599226,
    3.529188235686));
#5794 = CARTESIAN_POINT('',(117.8637860845,-19.40939367341,3.56687572383
    ));
#5795 = CARTESIAN_POINT('',(121.24148864114,-15.85546615539,
    3.604563211974));
#5796 = CARTESIAN_POINT('',(124.61919119778,-12.30153863737,
    3.642250700118));
#5797 = CARTESIAN_POINT('',(126.81442334017,-7.642248649932,
    3.679938188263));
#5798 = CARTESIAN_POINT('',(127.4044233776,-2.774890504048,
    3.717625676407));
#5799 = CARTESIAN_POINT('',(127.99442341503,2.092467641837,
    3.755313164551));
#5800 = CARTESIAN_POINT('',(126.97596857177,7.141306823111,
    3.793000652696));
#5801 = CARTESIAN_POINT('',(124.54519468384,11.399312655683,
    3.83068814084));
#5802 = CARTESIAN_POINT('',(122.11442079591,15.657318488255,
    3.868375628985));
#5803 = CARTESIAN_POINT('',(118.28460555574,19.101232333327,
    3.90606311713));
#5804 = CARTESIAN_POINT('',(113.79330155963,21.067819168172,
    3.943750605274));
#5805 = CARTESIAN_POINT('',(109.30199756352,23.034406003017,
    3.981438093419));
#5806 = CARTESIAN_POINT('',(104.17373780214,23.512923678692,
    4.019125581563));
#5807 = CARTESIAN_POINT('',(99.396131615449,22.411218414416,
    4.056813069708));
#5808 = CARTESIAN_POINT('',(94.618525428755,21.309513150141,
    4.094500557852));
#5809 = CARTESIAN_POINT('',(90.217669684855,18.633602825132,
    4.132188045997));
#5810 = CARTESIAN_POINT('',(87.04108897078,14.898818985144,
    4.169875534141));
#5811 = CARTESIAN_POINT('',(83.864508256706,11.164035145155,
    4.207563022286));
#5812 = CARTESIAN_POINT('',(81.929554108916,6.390778417085,4.24525051043
    ));
#5813 = CARTESIAN_POINT('',(81.60886342134,1.49829102851,4.282937998574)
  );
#5814 = CARTESIAN_POINT('',(81.288172733762,-3.394196360066,
    4.320625486718));
#5815 = CARTESIAN_POINT('',(82.583497225199,-8.379190021847,
    4.358312974862));
#5816 = CARTESIAN_POINT('',(85.245381012846,-12.49667105586,
    4.396000463007));
#5817 = CARTESIAN_POINT('',(87.907264800494,-16.61415208989,
    4.433687951151));
#5818 = CARTESIAN_POINT('',(91.921167793057,-19.84162945036,
    4.471375439295));
#5819 = CARTESIAN_POINT('',(96.514085449118,-21.55754983579,
    4.509062927439));
#5820 = CARTESIAN_POINT('',(101.10700310518,-23.27347022121,
    4.546750415583));
#5821 = CARTESIAN_POINT('',(106.25384738658,-23.46846070584,
    4.584437903727));
#5822 = CARTESIAN_POINT('',(110.96342991362,-22.10496967709,
    4.622125391871));
#5823 = CARTESIAN_POINT('',(115.67301244066,-20.74147864834,
    4.659812880015));
#5824 = CARTESIAN_POINT('',(119.91960791299,-17.82695394602,
    4.697500368159));
#5825 = CARTESIAN_POINT('',(122.88539945967,-13.92267989492,
    4.735187856303));
#5826 = CARTESIAN_POINT('',(125.85119100635,-10.01840584382,
    4.772875344448));
#5827 = CARTESIAN_POINT('',(127.5199784912,-5.145708882535,
    4.810562832592));
#5828 = CARTESIAN_POINT('',(127.57038386725,-0.242981614723,
    4.848250320737));
#5829 = CARTESIAN_POINT('',(127.6207892433,4.659745653088,4.885937808881
    ));
#5830 = CARTESIAN_POINT('',(126.05253717968,9.565722906509,
    4.923625297026));
#5831 = CARTESIAN_POINT('',(123.16764443404,13.530148364326,
    4.96131278517));
#5832 = CARTESIAN_POINT('',(120.28275168839,17.494573822144,
    4.999000273315));
#5833 = CARTESIAN_POINT('',(116.09697650084,20.49579247885,
    5.036687761459));
#5834 = CARTESIAN_POINT('',(111.41642286425,21.955824334495,
    5.074375249604));
#5835 = CARTESIAN_POINT('',(106.73586922766,23.415856190142,
    5.112062737748));
#5836 = CARTESIAN_POINT('',(101.58610387697,23.326726066935,
    5.149750225893));
#5837 = CARTESIAN_POINT('',(96.958877736561,21.705598801729,
    5.187437714038));
#5838 = CARTESIAN_POINT('',(92.331651596153,20.084471536523,
    5.225125202182));
#5839 = CARTESIAN_POINT('',(88.252240108501,16.940202263621,
    5.262812690326));
#5840 = CARTESIAN_POINT('',(85.506263556932,12.878319923781,
    5.300500178471));
#5841 = CARTESIAN_POINT('',(82.760287005362,8.816437583941,
    5.338187666615));
#5842 = CARTESIAN_POINT('',(81.362744823713,3.859129524458,
    5.375875154759));
#5843 = CARTESIAN_POINT('',(81.582778158455,-1.038917095989,
    5.413562642904));
#5844 = CARTESIAN_POINT('',(81.802811493197,-5.936963716437,
    5.451250131048));
#5845 = CARTESIAN_POINT('',(83.639218449345,-10.74899414417,
    5.488937619192));
#5846 = CARTESIAN_POINT('',(86.738340525527,-14.54829904394,
    5.526625107336));
#5847 = CARTESIAN_POINT('',(89.83746260171,-18.34760394371,5.56431259548
    ));
#5848 = CARTESIAN_POINT('',(94.182371366217,-21.11343025319,
    5.602000083624));
#5849 = CARTESIAN_POINT('',(98.936316600313,-22.31313024722,
    5.639687571768));
#5850 = CARTESIAN_POINT('',(103.6902618344,-23.51283024126,
    5.677375059912));
#5851 = CARTESIAN_POINT('',(108.82727591394,-23.13985076095,
    5.715062548056));
#5852 = CARTESIAN_POINT('',(113.35806357689,-21.26602085464,5.7527500362
    ));
#5853 = CARTESIAN_POINT('',(117.88885123983,-19.39219094834,
    5.790437524344));
#5854 = CARTESIAN_POINT('',(121.78866382264,-16.0277460959,
    5.828125012489));
#5855 = CARTESIAN_POINT('',(124.3064685169,-11.82061704083,
    5.865812500633));
#5856 = CARTESIAN_POINT('',(126.82427321116,-7.613487985761,
    5.903499988777));
#5857 = CARTESIAN_POINT('',(127.94631693333,-2.586655461033,
    5.941187476922));
#5858 = CARTESIAN_POINT('',(127.45651451779,2.291804230119,
    5.978874965066));
#5859 = CARTESIAN_POINT('',(126.96671210225,7.170263921272,
    6.016562453211));
#5860 = CARTESIAN_POINT('',(124.86773901209,11.87370301548,
    6.054249941355));
#5861 = CARTESIAN_POINT('',(121.56381919943,15.496324888651,6.0919374295
    ));
#5862 = CARTESIAN_POINT('',(118.25989938677,19.118946761821,
    6.129624917644));
#5863 = CARTESIAN_POINT('',(113.76907995641,21.640963452881,
    6.167312405789));
#5864 = CARTESIAN_POINT('',(108.95621086132,22.57668052444,
    6.204999893934));
#5865 = CARTESIAN_POINT('',(104.14334176623,23.512397595999,
    6.242687382078));
#5866 = CARTESIAN_POINT('',(99.034712492217,22.856703851349,
    6.280374870223));
#5867 = CARTESIAN_POINT('',(94.614151905231,20.735873952169,
    6.318062358367));
#5868 = CARTESIAN_POINT('',(90.193591318244,18.61504405299,
    6.355749846512));
#5869 = CARTESIAN_POINT('',(86.48524598502,15.040662674952,
    6.393437334656));
#5870 = CARTESIAN_POINT('',(84.203275612218,10.701090509159,6.4311248228
    ));
#5871 = CARTESIAN_POINT('',(81.921305239415,6.361518343366,
    6.468812310945));
#5872 = CARTESIAN_POINT('',(81.078174705369,1.280459570958,
    6.506499799089));
#5873 = CARTESIAN_POINT('',(81.836255580352,-3.563566518098,
    6.544187287233));
#5874 = CARTESIAN_POINT('',(82.594336455335,-8.407592607154,
    6.581874775377));
#5875 = CARTESIAN_POINT('',(84.949487850409,-12.98812633723,
    6.619562263521));
#5876 = CARTESIAN_POINT('',(88.448150542172,-16.42304041676,
    6.657249751665));
#5877 = CARTESIAN_POINT('',(91.946813233935,-19.85795449628,
    6.694937239809));
#5878 = CARTESIAN_POINT('',(96.569876367439,-22.12848628636,
    6.732624727953));
#5879 = CARTESIAN_POINT('',(101.42702226333,-22.79737275685,
    6.770312216098));
#5880 = CARTESIAN_POINT('',(106.28416815924,-23.46625922735,
    6.807999704242));
#5881 = CARTESIAN_POINT('',(111.34886547717,-22.52984669872,
    6.845687192386));
#5882 = CARTESIAN_POINT('',(115.64574584504,-20.16847115283,
    6.88337468053));
#5883 = CARTESIAN_POINT('',(119.9426262129,-17.80709560693,
    6.921062168674));
#5884 = CARTESIAN_POINT('',(123.4482186463,-14.03365565948,
    6.958749656818));
#5885 = CARTESIAN_POINT('',(125.48740995082,-9.574847053139,
    6.996437144963));
#5886 = CARTESIAN_POINT('',(127.52660125533,-5.116038446789,
    7.034124633107));
#5887 = CARTESIAN_POINT('',(128.08825269235,3.783328370679E-03,
    7.071812121251));
#5888 = CARTESIAN_POINT('',(127.06420043422,4.798633934707,
    7.109499609396));
#5889 = CARTESIAN_POINT('',(126.04014817609,9.593484541044,7.14718709754
    ));
#5890 = CARTESIAN_POINT('',(123.43598593558,14.037172915714,
    7.184874585685));
#5891 = CARTESIAN_POINT('',(119.75322788535,17.273925687854,
    7.222562073829));
#5892 = CARTESIAN_POINT('',(116.07046983512,20.510678459994,
    7.260249561974));
#5893 = CARTESIAN_POINT('',(111.32923241998,22.522815413425,
    7.297937050119));
#5894 = CARTESIAN_POINT('',(106.44259153155,22.922835652923,
    7.335624538263));
#5895 = CARTESIAN_POINT('',(101.55595064312,23.322855892422,
    7.373312026408));
#5896 = CARTESIAN_POINT('',(96.55059873319,22.108574374888,
    7.410999514552));
#5897 = CARTESIAN_POINT('',(92.390475330169,19.513839583796,
    7.448687002697));
#5898 = CARTESIAN_POINT('',(88.230351927148,16.919104792702,
    7.486374490841));
#5899 = CARTESIAN_POINT('',(84.938181003576,12.958090029274,
    7.524061978986));
#5900 = CARTESIAN_POINT('',(83.147974661827,8.393614526171,7.56174946713
    ));
#5901 = CARTESIAN_POINT('',(81.357768320078,3.829139023068,
    7.599436955274));
#5902 = CARTESIAN_POINT('',(81.079305260397,-1.31386454202,
    7.637124443418));
#5903 = CARTESIAN_POINT('',(82.366212391595,-6.04494744133,
    7.674811931563));
#5904 = CARTESIAN_POINT('',(83.653119522792,-10.77603034064,
    7.712499419707));
#5905 = CARTESIAN_POINT('',(86.498367331684,-15.06934983167,
    7.750186907851));
#5906 = CARTESIAN_POINT('',(90.354012960208,-18.09809084927,
    7.787874395995));
#5907 = CARTESIAN_POINT('',(94.209658588732,-21.12683186688,
    7.825561884139));
#5908 = CARTESIAN_POINT('',(99.05464122285,-22.874450424,7.863249372283)
  );
#5909 = CARTESIAN_POINT('',(103.95590553307,-23.00438704628,
    7.900936860427));
#5910 = CARTESIAN_POINT('',(108.85716984329,-23.13432366857,
    7.938624348571));
#5911 = CARTESIAN_POINT('',(113.78794349986,-21.64586859912,
    7.976311836715));
#5912 = CARTESIAN_POINT('',(117.79864938637,-18.82567114922,
    8.013999324859));
#5913 = CARTESIAN_POINT('',(121.80935527288,-16.00547369933,
    8.051686813003));
#5914 = CARTESIAN_POINT('',(124.87808558478,-11.86893872197,
    8.089374301148));
#5915 = CARTESIAN_POINT('',(126.4138588081,-7.212687443203,
    8.127061789292));
#5916 = CARTESIAN_POINT('',(127.94963203141,-2.556436164437,
    8.164749277436));
#5917 = CARTESIAN_POINT('',(127.9440592639,2.594097428345,8.202436765581
    ));
#5918 = CARTESIAN_POINT('',(126.39821371899,7.247014461321,
    8.240124253725));
#5919 = CARTESIAN_POINT('',(124.85236817409,11.899931494298,
    8.27781174187));
#5920 = CARTESIAN_POINT('',(121.77469377238,16.029816192834,
    8.315499230015));
#5921 = CARTESIAN_POINT('',(117.7578944965,18.841328053333,
    8.353186718159));
#5922 = CARTESIAN_POINT('',(113.74109522061,21.652839913832,
    8.390874206304));
#5923 = CARTESIAN_POINT('',(108.80711215921,23.130621526882,
    8.428561694448));
#5924 = CARTESIAN_POINT('',(103.90614050156,22.990079094321,
    8.466249182593));
#5925 = CARTESIAN_POINT('',(99.005168843907,22.849536661759,
    8.503936670737));
#5926 = CARTESIAN_POINT('',(94.163979321197,21.091437872923,
    8.541624158882));
#5927 = CARTESIAN_POINT('',(90.314896778812,18.054360503745,
    8.579311647026));
#5928 = CARTESIAN_POINT('',(86.465814236425,15.017283134567,
    8.616999135171));
#5929 = CARTESIAN_POINT('',(83.629863638651,10.71781670801,
    8.654686623315));
#5930 = CARTESIAN_POINT('',(82.353197370181,5.98396007695,8.692374111459
    ));
#5931 = CARTESIAN_POINT('',(81.076531101712,1.250103445891,
    8.730061599604));
#5932 = CARTESIAN_POINT('',(81.366122736745,-3.89228549613,
    8.767749087748));
#5933 = CARTESIAN_POINT('',(83.166202205735,-8.452876386551,
    8.805436575892));
#5934 = CARTESIAN_POINT('',(84.966281674727,-13.01346727697,
    8.843124064036));
#5935 = CARTESIAN_POINT('',(88.267016347137,-16.96734865714,
    8.88081155218));
#5936 = CARTESIAN_POINT('',(92.432744898689,-19.55307505397,
    8.918499040324));
#5937 = CARTESIAN_POINT('',(96.598473450238,-22.1388014508,
    8.956186528468));
#5938 = CARTESIAN_POINT('',(101.60644129121,-23.3422487699,
    8.993874016612));
#5939 = CARTESIAN_POINT('',(106.49220511256,-22.93165499691,
    9.031561504756));
#5940 = CARTESIAN_POINT('',(111.37796893392,-22.52106122391,9.0692489929
    ));
#5941 = CARTESIAN_POINT('',(116.1148410747,-20.49866915807,
    9.106936481045));
#5942 = CARTESIAN_POINT('',(119.79058631554,-17.25395464229,
    9.144623969189));
#5943 = CARTESIAN_POINT('',(123.46633155639,-14.00924012651,
    9.182311457333));
#5944 = CARTESIAN_POINT('',(126.06087175878,-9.559926866667,
    9.219998945477));
#5945 = CARTESIAN_POINT('',(127.07454577918,-4.762871483953,
    9.257686433622));
#5946 = CARTESIAN_POINT('',(128.08821979958,3.418389876223E-02,
    9.295373921766));
#5947 = CARTESIAN_POINT('',(127.5154906146,5.15277829828,9.333061409911)
  );
#5948 = CARTESIAN_POINT('',(125.4666554242,9.607163747141,9.370748898055
    ));
#5949 = CARTESIAN_POINT('',(123.41782023379,14.061549196002,9.4084363862
    ));
#5950 = CARTESIAN_POINT('',(119.90407045467,17.827394364868,
    9.446123874344));
#5951 = CARTESIAN_POINT('',(115.60209023734,20.179466126981,
    9.483811362489));
#5952 = CARTESIAN_POINT('',(111.30011002,22.531537889094,9.521498850633)
  );
#5953 = CARTESIAN_POINT('',(106.23339820591,23.456988449101,
    9.559186338778));
#5954 = CARTESIAN_POINT('',(101.3777111224,22.777592900453,
    9.596873826923));
#5955 = CARTESIAN_POINT('',(96.522024038896,22.098197351805,
    9.634561315067));
#5956 = CARTESIAN_POINT('',(91.903885057816,19.817666778116,
    9.672248803212));
#5957 = CARTESIAN_POINT('',(88.412663556522,16.375189792953,
    9.709936291356));
#5958 = CARTESIAN_POINT('',(84.921442055228,12.93271280779,9.7476237795)
  );
#5959 = CARTESIAN_POINT('',(82.576208242419,8.347093361154,
    9.785311267645));
#5960 = CARTESIAN_POINT('',(81.828611395954,3.501438160913,
    9.822998755789));
#5961 = CARTESIAN_POINT('',(81.081014549489,-1.344217039328,
    9.860686243933));
#5962 = CARTESIAN_POINT('',(81.935138291069,-6.423439418805,
    9.898373732077));
#5963 = CARTESIAN_POINT('',(84.22649395906,-10.75806334335,
    9.936061220221));
#5964 = CARTESIAN_POINT('',(86.517849627051,-15.09268726789,
    9.973748708366));
#5965 = CARTESIAN_POINT('',(90.233921077526,-18.6590355853,
    10.01143619651));
#5966 = CARTESIAN_POINT('',(94.659060694494,-20.77029462549,
    10.049123684654));
#5967 = CARTESIAN_POINT('',(99.084200311462,-22.88155366569,
    10.086811172798));
#5968 = CARTESIAN_POINT('',(104.19423651601,-23.52619103221,
    10.124498660942));
#5969 = CARTESIAN_POINT('',(109.00506949301,-22.58006132024,
    10.162186149086));
#5970 = CARTESIAN_POINT('',(113.81590247001,-21.63393160827,
    10.19987363723));
#5971 = CARTESIAN_POINT('',(118.30125385561,-19.10220289181,
    10.237561125374));
#5972 = CARTESIAN_POINT('',(121.59732674258,-15.47243996728,
    10.275248613518));
#5973 = CARTESIAN_POINT('',(124.89339962956,-11.84267704276,
    10.312936101663));
#5974 = CARTESIAN_POINT('',(126.98218977559,-7.134706878041,
    10.350623589807));
#5975 = CARTESIAN_POINT('',(127.46143427799,-2.255198698789,
    10.388311077951));
#5976 = CARTESIAN_POINT('',(127.94067878039,2.624309480464,
    10.425998566096));
#5977 = CARTESIAN_POINT('',(126.80775984687,7.648702183686,
    10.46368605424));
#5978 = CARTESIAN_POINT('',(124.2808570105,11.850372972791,
    10.501373542385));
#5979 = CARTESIAN_POINT('',(121.75395417413,16.052043761896,
    10.539061030529));
#5980 = CARTESIAN_POINT('',(117.84687021552,19.40804171876,
    10.576748518674));
#5981 = CARTESIAN_POINT('',(113.3120382775,21.272062817986,
    10.614436006818));
#5982 = CARTESIAN_POINT('',(108.77720633948,23.136083917213,
    10.652123494963));
#5983 = CARTESIAN_POINT('',(103.63939717676,23.497946257891,
    10.689810983108));
#5984 = CARTESIAN_POINT('',(98.88805916991,22.287961750092,
    10.727498471252));
#5985 = CARTESIAN_POINT('',(94.136721163058,21.077977242294,
    10.765185959397));
#5986 = CARTESIAN_POINT('',(89.797807694678,18.302755222343,
    10.802873447541));
#5987 = CARTESIAN_POINT('',(86.706914398768,14.49675285795,
    10.840560935686));
#5988 = CARTESIAN_POINT('',(83.616021102858,10.690750493556,
    10.87824842383));
#5989 = CARTESIAN_POINT('',(81.790031462806,5.874757430797,
    10.915935911974));
#5990 = CARTESIAN_POINT('',(81.580597794813,0.976246136212,
    10.953623400118));
#5991 = CARTESIAN_POINT('',(81.371164126818,-3.922265158373,
    10.991310888263));
#5992 = CARTESIAN_POINT('',(82.779430426977,-8.876537392915,
    11.028998376407));
#5993 = CARTESIAN_POINT('',(85.534190279096,-12.93246805327,
    11.066685864551));
#5994 = CARTESIAN_POINT('',(88.288950131216,-16.98839871362,
    11.104373352695));
#5995 = CARTESIAN_POINT('',(92.375156124161,-20.12383296255,
    11.142060840839));
#5996 = CARTESIAN_POINT('',(97.005879476753,-21.73494332383,
    11.179748328983));
#5997 = CARTESIAN_POINT('',(101.63660282934,-23.34605368512,
    11.217435817127));
#5998 = CARTESIAN_POINT('',(106.78654899618,-23.42403974011,
    11.255123305271));
#5999 = CARTESIAN_POINT('',(111.46393223097,-21.95388279633,
    11.292810793415));
#6000 = CARTESIAN_POINT('',(116.14131546577,-20.48372585255,
    11.330498281559));
#6001 = CARTESIAN_POINT('',(120.32058635138,-17.47345639438,
    11.368185769703));
#6002 = CARTESIAN_POINT('',(123.19689350491,-13.50279744113,
    11.405873257848));
#6003 = CARTESIAN_POINT('',(126.07320065844,-9.532138487888,
    11.443560745992));
#6004 = CARTESIAN_POINT('',(127.63083273712,-4.622779094486,
    11.481248234136));
#6005 = CARTESIAN_POINT('',(127.56981819881,0.279827619353,
    11.518935722281));
#6006 = CARTESIAN_POINT('',(127.50880366049,5.182434333193,
    11.556623210425));
#6007 = CARTESIAN_POINT('',(125.82947578681,10.051508705061,
    11.59431069857));
#6008 = CARTESIAN_POINT('',(122.85524251146,13.94935577598,
    11.631998186714));
#6009 = CARTESIAN_POINT('',(119.88100923611,17.847202846899,
    11.669685674859));
#6010 = CARTESIAN_POINT('',(115.62811680679,20.752531284568,
    11.707373163004));
#6011 = CARTESIAN_POINT('',(110.91559477357,22.105827797114,
    11.745060651148));
#6012 = CARTESIAN_POINT('',(106.20307274034,23.45912430966,
    11.782748139293));
#6013 = CARTESIAN_POINT('',(101.05666246012,23.2529967431,
    11.820435627437));
#6014 = CARTESIAN_POINT('',(96.467468731883,21.527141508972,
    11.858123115582));
#6015 = CARTESIAN_POINT('',(91.878275003646,19.801286274843,
    11.895810603726));
#6016 = CARTESIAN_POINT('',(87.871365524222,16.565130566318,
    11.933498091871));
#6017 = CARTESIAN_POINT('',(85.218398011898,12.441898976531,
    11.971185580015));
#6018 = CARTESIAN_POINT('',(82.565430499572,8.318667386744,
    12.008873068159));
#6019 = CARTESIAN_POINT('',(81.280896341989,3.330882372921,
    12.046560556304));
#6020 = CARTESIAN_POINT('',(81.612173400362,-1.560899600457,
    12.084248044448));
#6021 = CARTESIAN_POINT('',(81.943450458734,-6.452681573835,
    12.121935532592));
#6022 = CARTESIAN_POINT('',(83.888729187996,-11.22173997267,
    12.159623020736));
#6023 = CARTESIAN_POINT('',(87.073384368051,-14.94964109108,
    12.19731050888));
#6024 = CARTESIAN_POINT('',(90.258039548105,-18.67754220949,
    12.234997997024));
#6025 = CARTESIAN_POINT('',(94.664675537084,-21.34392301627,
    12.272685485168));
#6026 = CARTESIAN_POINT('',(99.444654578128,-22.43528717715,
    12.310372973312));
#6027 = CARTESIAN_POINT('',(104.22463361917,-23.52665133802,
    12.348060461456));
#6028 = CARTESIAN_POINT('',(109.35184588285,-23.03703746032,
    12.385747949601));
#6029 = CARTESIAN_POINT('',(113.83888375818,-21.06073625104,
    12.423435437745));
#6030 = CARTESIAN_POINT('',(118.32592163351,-19.08443504176,
    12.461122925889));
#6031 = CARTESIAN_POINT('',(122.14827543278,-15.63224171297,
    12.498810414033));
#6032 = CARTESIAN_POINT('',(124.56982949719,-11.36898576503,
    12.536497902177));
#6033 = CARTESIAN_POINT('',(126.99138356159,-7.105729817096,
    12.574185390322));
#6034 = CARTESIAN_POINT('',(127.99891056042,-2.054698566675,
    12.611872878466));
#6035 = CARTESIAN_POINT('',(127.3983791613,2.811371449584,12.64956036661
    ));
#6036 = CARTESIAN_POINT('',(126.79784776217,7.677441465843,
    12.687247854755));
#6037 = CARTESIAN_POINT('',(124.59253826658,12.331970161079,
    12.724935342899));
#6038 = CARTESIAN_POINT('',(121.20715307976,15.878580162385,
    12.762622831044));
#6039 = CARTESIAN_POINT('',(117.82176789295,19.425190163692,
    12.800310319189));
#6040 = CARTESIAN_POINT('',(113.27479911059,21.844508712028,
    12.837997807333));
#6041 = CARTESIAN_POINT('',(108.44191002722,22.670619160066,
    12.875685295478));
#6042 = CARTESIAN_POINT('',(103.60902094386,23.496729608104,
    12.913372783622));
#6043 = CARTESIAN_POINT('',(98.516610401101,22.725119466835,
    12.951060271767));
#6044 = CARTESIAN_POINT('',(94.14538383294,20.504386782725,
    12.988747759912));
#6045 = CARTESIAN_POINT('',(89.774157264778,18.283654098616,
    13.026435248056));
#6046 = CARTESIAN_POINT('',(86.147991759188,14.625929249454,
    13.0641227362));
#6047 = CARTESIAN_POINT('',(83.965220686196,10.235623359499,
    13.101810224345));
#6048 = CARTESIAN_POINT('',(81.782449613202,5.845317469543,
    13.139497712489));
#6049 = CARTESIAN_POINT('',(81.054995991695,0.746411844346,
    13.177185200633));
#6050 = CARTESIAN_POINT('',(81.922954127425,-4.079137247632,
    13.214872688777));
#6051 = CARTESIAN_POINT('',(82.790912263154,-8.90468633961,
    13.252560176922));
#6052 = CARTESIAN_POINT('',(85.249541081175,-13.43052015022,
    13.290247665066));
#6053 = CARTESIAN_POINT('',(88.825353492856,-16.78504559519,
    13.32793515321));
#6054 = CARTESIAN_POINT('',(92.401165904539,-20.13957104016,
    13.365622641354));
#6055 = CARTESIAN_POINT('',(97.0746296376,-22.30446458993,
    13.403310129498));
#6056 = CARTESIAN_POINT('',(101.94572077604,-22.86280721365,
    13.440997617642));
#6057 = CARTESIAN_POINT('',(106.81681191448,-23.42114983736,
    13.478685105786));
#6058 = CARTESIAN_POINT('',(111.85892294441,-22.3698916826,
    13.51637259393));
#6059 = CARTESIAN_POINT('',(116.10103520103,-19.91148590512,
    13.554060082074));
#6060 = CARTESIAN_POINT('',(120.34314745765,-17.45308012765,
    13.591747570218));
#6061 = CARTESIAN_POINT('',(123.76208911814,-13.60095535445,
    13.629435058362));
#6062 = CARTESIAN_POINT('',(125.69943434726,-9.096960591176,
    13.667122546507));
#6063 = CARTESIAN_POINT('',(127.63677957639,-4.592965827897,
    13.704810034651));
#6064 = CARTESIAN_POINT('',(128.08194595256,0.538296613612,
    13.742497522796));
#6065 = CARTESIAN_POINT('',(126.94920254726,5.308639131946,
    13.78018501094));
#6066 = CARTESIAN_POINT('',(125.81645914196,10.07898165028,
    13.817872499085));
#6067 = CARTESIAN_POINT('',(123.11199337503,14.462347053892,
    13.855559987229));
#6068 = CARTESIAN_POINT('',(119.35663604975,17.614579076437,
    13.893247475374));
#6069 = CARTESIAN_POINT('',(115.60127872447,20.76681109898,
    13.930934963518));
#6070 = CARTESIAN_POINT('',(110.81554284694,22.670691204617,
    13.968622451663));
#6071 = CARTESIAN_POINT('',(105.92107390142,22.959566793447,
    14.006309939808));
#6072 = CARTESIAN_POINT('',(101.0266049559,23.248442382277,
    14.043997427952));
#6073 = CARTESIAN_POINT('',(96.050138153621,21.920735520111,
    14.081684916097));
#6074 = CARTESIAN_POINT('',(91.950050277839,19.23213834401,
    14.119372404241));
#6075 = CARTESIAN_POINT('',(87.849962402057,16.54354116791,
    14.157059892386));
#6076 = CARTESIAN_POINT('',(84.648649491372,12.508739686549,
    14.19474738053));
#6077 = CARTESIAN_POINT('',(82.962626051251,7.904763109302,
    14.232434868674));
#6078 = CARTESIAN_POINT('',(81.27660261113,3.300786532056,
    14.270122356819));
#6079 = CARTESIAN_POINT('',(81.115078260288,-1.847216695429,
    14.307809844963));
#6080 = CARTESIAN_POINT('',(82.50915964405,-6.547835001559,
    14.345497333107));
#6081 = CARTESIAN_POINT('',(83.903241027809,-11.24845330768,
    14.383184821251));
#6082 = CARTESIAN_POINT('',(86.845313211708,-15.47601035766,
    14.420872309395));
#6083 = CARTESIAN_POINT('',(90.768786728201,-18.41635573361,
    14.458559797539));
#6084 = CARTESIAN_POINT('',(94.692260244693,-21.35670110956,
    14.496247285683));
#6085 = CARTESIAN_POINT('',(99.575703781342,-22.99377367071,
    14.533934773827));
#6086 = CARTESIAN_POINT('',(104.47865513998,-23.01230308623,
    14.571622261971));
#6087 = CARTESIAN_POINT('',(109.38160649863,-23.03083250176,
    14.609309750115));
#6088 = CARTESIAN_POINT('',(114.27728413429,-21.43071755784,
    14.646997238259));
#6089 = CARTESIAN_POINT('',(118.22286978438,-18.520111222,
    14.684684726404));
#6090 = CARTESIAN_POINT('',(122.16845543447,-15.60950488615,
    14.722372214548));
#6091 = CARTESIAN_POINT('',(125.14239700275,-11.40430585464,
    14.760059702692));
#6092 = CARTESIAN_POINT('',(126.57196755923,-6.714358798601,
    14.797747190836));
#6093 = CARTESIAN_POINT('',(128.00153811571,-2.024411742555,
    14.835434678981));
#6094 = CARTESIAN_POINT('',(127.8789288723,3.124665293143,
    14.873122167125));
#6095 = CARTESIAN_POINT('',(126.22775213408,7.74125394101,14.91080965527
    ));
#6096 = CARTESIAN_POINT('',(124.57657539585,12.357842588878,
    14.948497143414));
#6097 = CARTESIAN_POINT('',(121.40585043729,16.416725511959,
    14.986184631559));
#6098 = CARTESIAN_POINT('',(117.32620108192,19.136235854219,
    15.023872119703));
#6099 = CARTESIAN_POINT('',(113.24655172654,21.85574619648,
    15.061559607848));
#6100 = CARTESIAN_POINT('',(108.28026237097,23.221029091287,
    15.099247095993));
#6101 = CARTESIAN_POINT('',(103.38374980778,22.969155942718,
    15.136934584137));
#6102 = CARTESIAN_POINT('',(98.487237244592,22.717282794149,
    15.174622072282));
#6103 = CARTESIAN_POINT('',(93.687247847917,20.849629416803,
    15.212309560426));
#6104 = CARTESIAN_POINT('',(89.908172069961,17.725871803137,
    15.249997048571));
#6105 = CARTESIAN_POINT('',(86.129096292004,14.602114189472,
    15.287684536715));
#6106 = CARTESIAN_POINT('',(83.391576696907,10.239315338669,
    15.325372024859));
#6107 = CARTESIAN_POINT('',(82.222809652682,5.477670773941,
    15.363059513004));
#6108 = CARTESIAN_POINT('',(81.054042608457,0.716026209213,
    15.400747001148));
#6109 = CARTESIAN_POINT('',(81.460412307984,-4.418454388999,
    15.438434489292));
#6110 = CARTESIAN_POINT('',(83.363659355406,-8.936963660977,
    15.476121977436));
#6111 = CARTESIAN_POINT('',(85.266906402828,-13.45547293295,
    15.51380946558));
#6112 = CARTESIAN_POINT('',(88.656634632108,-17.33332928379,
    15.551496953724));
#6113 = CARTESIAN_POINT('',(92.880044182297,-19.82372827508,
    15.589184441868));
#6114 = CARTESIAN_POINT('',(97.103453732486,-22.31412726638,
    15.626871930013));
#6115 = CARTESIAN_POINT('',(102.13747494114,-23.40346551362,
    15.664559418157));
#6116 = CARTESIAN_POINT('',(107.01264709556,-22.88195632942,
    15.702246906301));
#6117 = CARTESIAN_POINT('',(111.88781924999,-22.36044714523,
    15.739934394445));
#6118 = CARTESIAN_POINT('',(116.57751254442,-20.23093918557,
    15.777621882589));
#6119 = CARTESIAN_POINT('',(120.17857754522,-16.90353686176,
    15.815309370733));
#6120 = CARTESIAN_POINT('',(123.77964254602,-13.57613453795,
    15.852996858877));
#6121 = CARTESIAN_POINT('',(126.27240904289,-9.069013224061,
    15.890684347022));
#6122 = CARTESIAN_POINT('',(127.1768156526,-4.250162318629,
    15.928371835166));
#6123 = CARTESIAN_POINT('',(128.08122226231,0.568688586804,
    15.96605932331));
#6124 = CARTESIAN_POINT('',(127.39232881627,5.672946923341,
    16.003746811455));
#6125 = CARTESIAN_POINT('',(125.2428036334,10.079625587901,
    16.041434299599));
#6126 = CARTESIAN_POINT('',(123.09327845053,14.486304252461,
    16.079121787744));
#6127 = CARTESIAN_POINT('',(119.49486294966,18.171332505972,
    16.116809275889));
#6128 = CARTESIAN_POINT('',(115.14054635579,20.425041086247,
    16.154496764033));
#6129 = CARTESIAN_POINT('',(110.78622976192,22.678749666522,
    16.192184252178));
#6130 = CARTESIAN_POINT('',(105.69979679514,23.488828070503,
    16.229871740322));
#6131 = CARTESIAN_POINT('',(100.86080171729,22.699269965615,
    16.267559228467));
#6132 = CARTESIAN_POINT('',(96.021806639439,21.909711860728,
    16.305246716611));
#6133 = CARTESIAN_POINT('',(91.456681645086,19.52483007497,
    16.342934204756));
#6134 = CARTESIAN_POINT('',(88.044586584212,16.003909362992,
    16.3806216929));
#6135 = CARTESIAN_POINT('',(84.632491523338,12.482988651015,
    16.418309181045));
#6136 = CARTESIAN_POINT('',(82.392064389804,7.845261448447,
    16.455996669189));
#6137 = CARTESIAN_POINT('',(81.754770605707,2.983869467006,
    16.493684157333));
#6138 = CARTESIAN_POINT('',(81.117476821609,-1.877522514435,
    16.531371645477));
#6139 = CARTESIAN_POINT('',(82.086797496772,-6.936024740867,
    16.569059133622));
#6140 = CARTESIAN_POINT('',(84.476059140235,-11.21746190186,
    16.606746621766));
#6141 = CARTESIAN_POINT('',(86.865320783698,-15.49889906285,
    16.64443410991));
#6142 = CARTESIAN_POINT('',(90.661472456656,-18.97988452993,
    16.682121598054));
#6143 = CARTESIAN_POINT('',(95.133444552158,-20.9900439618,
    16.719809086198));
#6144 = CARTESIAN_POINT('',(99.605416647659,-23.00020339366,
    16.757496574342));
#6145 = CARTESIAN_POINT('',(104.72878177227,-23.52855663341,
    16.795184062486));
#6146 = CARTESIAN_POINT('',(109.51687320387,-22.47335247915,
    16.83287155063));
#6147 = CARTESIAN_POINT('',(114.30496463546,-21.41814832488,
    16.870559038774));
#6148 = CARTESIAN_POINT('',(118.73162823203,-18.78515065134,
    16.908246526918));
#6149 = CARTESIAN_POINT('',(121.94436928462,-15.08142680992,
    16.945934015063));
#6150 = CARTESIAN_POINT('',(125.1571103372,-11.3777029685,
    16.983621503207));
#6151 = CARTESIAN_POINT('',(127.13837978959,-6.623483926099,
    17.021308991351));
#6152 = CARTESIAN_POINT('',(127.50662126453,-1.734345599092,
    17.058996479496));
#6153 = CARTESIAN_POINT('',(127.87486273948,3.154792727915,
    17.09668396764));
#6154 = CARTESIAN_POINT('',(126.62806478001,8.152144245907,
    17.134371455785));
#6155 = CARTESIAN_POINT('',(124.00633794355,12.295310156106,
    17.172058943929));
#6156 = CARTESIAN_POINT('',(121.38461110708,16.438476066304,
    17.209746432074));
#6157 = CARTESIAN_POINT('',(117.40227613434,19.704825023617,
    17.247433920218));
#6158 = CARTESIAN_POINT('',(112.82625814161,21.465317765628,
    17.285121408363));
#6159 = CARTESIAN_POINT('',(108.25024014887,23.225810507639,
    17.322808896507));
#6160 = CARTESIAN_POINT('',(103.10553486275,23.47083063963,
    17.360496384652));
#6161 = CARTESIAN_POINT('',(98.38291873146,22.153191750988,
    17.398183872796));
#6162 = CARTESIAN_POINT('',(93.66030260016,20.835552862345,
    17.435871360941));
#6163 = CARTESIAN_POINT('',(89.385572117887,17.962452333295,
    17.473558849086));
#6164 = CARTESIAN_POINT('',(86.381962445592,14.087196948038,
    17.51124633723));
#6165 = CARTESIAN_POINT('',(83.378352773298,10.21194156278,
    17.548933825374));
#6166 = CARTESIAN_POINT('',(81.662270622294,5.355699250342,
    17.586621313518));
#6167 = CARTESIAN_POINT('',(81.564202130048,0.453693748988,
    17.624308801663));
#6168 = CARTESIAN_POINT('',(81.466133637801,-4.448311752366,
    17.661996289807));
#6169 = CARTESIAN_POINT('',(82.986614486912,-9.369304064247,
    17.699683777951));
#6170 = CARTESIAN_POINT('',(85.832827784775,-13.36158977891,
    17.737371266095));
#6171 = CARTESIAN_POINT('',(88.679041082638,-17.35387549358,
    17.775058754239));
#6172 = CARTESIAN_POINT('',(92.835439869093,-20.39564742357,
    17.812746242383));
#6173 = CARTESIAN_POINT('',(97.501577510571,-21.9011157478,
    17.850433730527));
#6174 = CARTESIAN_POINT('',(102.16771515204,-23.40658407203,
    17.888121218671));
#6175 = CARTESIAN_POINT('',(107.31810365856,-23.36752542366,
    17.925808706815));
#6176 = CARTESIAN_POINT('',(111.96087209728,-21.79146178631,
    17.963496194959));
#6177 = CARTESIAN_POINT('',(116.60364053599,-20.21539814897,
    18.001183683104));
#6178 = CARTESIAN_POINT('',(120.71342856724,-17.11093850448,
    18.038871171248));
#6179 = CARTESIAN_POINT('',(123.49876593919,-13.07594518491,
    18.076558659392));
#6180 = CARTESIAN_POINT('',(126.28410331114,-9.040951865359,
    18.114246147536));
#6181 = CARTESIAN_POINT('',(127.7297755881,-4.097465341281,
    18.151933635681));
#6182 = CARTESIAN_POINT('',(127.55737264467,0.80248900438,
    18.189621123825));
#6183 = CARTESIAN_POINT('',(127.38496970125,5.702443350042,
    18.22730861197));
#6184 = CARTESIAN_POINT('',(125.59543325944,10.532100342993,
    18.264996100114));
#6185 = CARTESIAN_POINT('',(122.53339541403,14.36135609284,
    18.302683588259));
#6186 = CARTESIAN_POINT('',(119.47135756862,18.190611842686,
    18.340371076403));
#6187 = CARTESIAN_POINT('',(115.15354418495,20.998549685654,
    18.378058564548));
#6188 = CARTESIAN_POINT('',(110.41148740538,22.244411982941,
    18.415746052693));
#6189 = CARTESIAN_POINT('',(105.66943062581,23.490274280228,
    18.453433540837));
#6190 = CARTESIAN_POINT('',(100.5290331358,23.167255719136,
    18.491121028982));
#6191 = CARTESIAN_POINT('',(95.98024178057,21.337563785782,
    18.528808517126));
#6192 = CARTESIAN_POINT('',(91.431450425332,19.507871852428,
    18.566496005271));
#6193 = CARTESIAN_POINT('',(87.499112210544,16.181500930442,
    18.604183493415));
#6194 = CARTESIAN_POINT('',(84.940523788383,11.999049418415,
    18.641870981559));
#6195 = CARTESIAN_POINT('',(82.381935366221,7.81659790639,
    18.679558469704));
#6196 = CARTESIAN_POINT('',(81.211072594465,2.800911740387,
    18.717245957848));
#6197 = CARTESIAN_POINT('',(81.653422297692,-2.08207936185,
    18.754933445992));
#6198 = CARTESIAN_POINT('',(82.095772000917,-6.965070464088,
    18.792620934136));
#6199 = CARTESIAN_POINT('',(84.148917918468,-11.68869398712,
    18.83030842228));
#6200 = CARTESIAN_POINT('',(87.417461576239,-15.34326615383,
    18.867995910425));
#6201 = CARTESIAN_POINT('',(90.68600523401,-18.99783832054,
    18.905683398569));
#6202 = CARTESIAN_POINT('',(95.15209276347,-21.56339664678,
    18.943370886713));
#6203 = CARTESIAN_POINT('',(99.95563712489,-22.54586136998,
    18.981058374857));
#6204 = CARTESIAN_POINT('',(104.75918148631,-23.52832609319,
    19.018745863001));
#6205 = CARTESIAN_POINT('',(109.87394412867,-22.92233066549,
    19.056433351145));
#6206 = CARTESIAN_POINT('',(114.31491501109,-20.84457875875,
    19.094120839289));
#6207 = CARTESIAN_POINT('',(118.75588589351,-18.76682685201,
    19.131808327433));
#6208 = CARTESIAN_POINT('',(122.49880696146,-15.22866783563,
    19.169495815577));
#6209 = CARTESIAN_POINT('',(124.8228598521,-10.9114866342,
    19.207183303722));
#6210 = CARTESIAN_POINT('',(127.14691274274,-6.594305432774,
    19.244870791866));
#6211 = CARTESIAN_POINT('',(128.03940270907,-1.521683920568,
    19.28255828001));
#6212 = CARTESIAN_POINT('',(127.32845245401,3.329483474947,
    19.320245768155));
#6213 = CARTESIAN_POINT('',(126.61750219896,8.180650870461,
    19.357933256299));
#6214 = CARTESIAN_POINT('',(124.30699516838,12.783865465477,
    19.395620744444));
#6215 = CARTESIAN_POINT('',(120.84189289497,16.252632047314,
    19.433308232588));
#6216 = CARTESIAN_POINT('',(117.37679062156,19.72139862915,
    19.470995720733));
#6217 = CARTESIAN_POINT('',(112.77602064213,22.036769645321,
    19.508683208878));
#6218 = CARTESIAN_POINT('',(107.92560738097,22.752846848188,
    19.546370697022));
#6219 = CARTESIAN_POINT('',(103.07519411982,23.468924051055,
    19.584058185167));
#6220 = CARTESIAN_POINT('',(98.001632141409,22.581795989655,
    19.621745673311));
#6221 = CARTESIAN_POINT('',(93.681996989855,20.262307355941,
    19.659433161456));
#6222 = CARTESIAN_POINT('',(89.362361838301,17.942818722225,
    19.6971206496));
#6223 = CARTESIAN_POINT('',(85.820248792167,14.203639331702,
    19.734808137745));
#6224 = CARTESIAN_POINT('',(83.737804250095,9.76486696835,
    19.772495625889));
#6225 = CARTESIAN_POINT('',(81.655359708023,5.326094604996,
    19.810183114033));
#6226 = CARTESIAN_POINT('',(81.043958672144,0.211975314304,
    19.847870602178));
#6227 = CARTESIAN_POINT('',(82.0213458359,-4.592604760645,
    19.885558090322));
#6228 = CARTESIAN_POINT('',(82.998732999658,-9.397184835595,
    19.923245578466));
#6229 = CARTESIAN_POINT('',(85.559569550491,-13.86598148637,
    19.96093306661));
#6230 = CARTESIAN_POINT('',(89.210685053719,-17.13838594587,
    19.998620554754));
#6231 = CARTESIAN_POINT('',(92.861800556946,-20.41079040537,
    20.036308042898));
#6232 = CARTESIAN_POINT('',(97.583251409846,-22.46892771609,
    20.073995531042));
#6233 = CARTESIAN_POINT('',(102.46577225196,-22.91643815258,
    20.111683019186));
#6234 = CARTESIAN_POINT('',(107.34829309407,-23.36394858908,
    20.14937050733));
#6235 = CARTESIAN_POINT('',(112.36521397868,-22.19838770106,
    20.187057995474));
#6236 = CARTESIAN_POINT('',(116.55036740375,-19.64422126696,
    20.224745483618));
#6237 = CARTESIAN_POINT('',(120.73552082882,-17.09005483285,
    20.262432971763));
#6238 = CARTESIAN_POINT('',(124.06604609954,-13.16123455608,
    20.300120459907));
#6239 = CARTESIAN_POINT('',(125.90054476549,-8.614379598078,
    20.337807948051));
#6240 = CARTESIAN_POINT('',(127.73504343143,-4.067524640075,
    20.375495436196));
#6241 = CARTESIAN_POINT('',(128.06349485301,1.072528570716,
    20.41318292434));
#6242 = CARTESIAN_POINT('',(126.82264527421,5.815899490988,
    20.450870412484));
#6243 = CARTESIAN_POINT('',(125.58179569542,10.559270411259,
    20.488557900629));
#6244 = CARTESIAN_POINT('',(122.77842304782,14.88004917727,
    20.526245388773));
#6245 = CARTESIAN_POINT('',(118.95240579682,17.946132568097,
    20.563932876918));
#6246 = CARTESIAN_POINT('',(115.12638854582,21.012215958923,
    20.601620365063));
#6247 = CARTESIAN_POINT('',(110.29862566543,22.806856011101,
    20.639307853207));
#6248 = CARTESIAN_POINT('',(105.3988562745,22.984437767538,
    20.676995341352));
#6249 = CARTESIAN_POINT('',(100.49908688358,23.162019523974,
    20.714682829496));
#6250 = CARTESIAN_POINT('',(95.554075146129,21.721572974274,
    20.752370317641));
#6251 = CARTESIAN_POINT('',(91.516140173369,18.94050186403,
    20.790057805785));
#6252 = CARTESIAN_POINT('',(87.47820520061,16.159430753785,
    20.82774529393));
#6253 = CARTESIAN_POINT('',(84.369403531385,12.052926214943,
    20.865432782074));
#6254 = CARTESIAN_POINT('',(82.788433692573,7.411826158573,
    20.903120270218));
#6255 = CARTESIAN_POINT('',(81.207463853761,2.770726102203,
    20.940807758363));
#6256 = CARTESIAN_POINT('',(81.162961626495,-2.379618245302,
    20.978495246507));
#6257 = CARTESIAN_POINT('',(82.663497328453,-7.047344455313,
    21.016182734651));
#6258 = CARTESIAN_POINT('',(84.164033030412,-11.71507066532,
    21.053870222795));
#6259 = CARTESIAN_POINT('',(87.20141023837,-15.87468207057,
    21.091557710939));
#6260 = CARTESIAN_POINT('',(91.190685474597,-18.72511334567,
    21.129245199083));
#6261 = CARTESIAN_POINT('',(95.179960710823,-21.57554462078,
    21.166932687227));
#6262 = CARTESIAN_POINT('',(100.09934323208,-23.10122576559,
    21.204620175371));
#6263 = CARTESIAN_POINT('',(105.00144964696,-23.00833840536,
    21.242307663516));
#6264 = CARTESIAN_POINT('',(109.90355606183,-22.91545104512,
    21.27999515166));
#6265 = CARTESIAN_POINT('',(114.76160944072,-21.20450256138,
    21.317682639804));
#6266 = CARTESIAN_POINT('',(118.64003726696,-18.20499044087,
    21.355370127948));
#6267 = CARTESIAN_POINT('',(122.51846509321,-15.20547832037,
    21.393057616092));
#6268 = CARTESIAN_POINT('',(125.39608210886,-10.93378689222,
    21.430745104236));
#6269 = CARTESIAN_POINT('',(126.71871173675,-6.212566050964,
    21.468432592381));
#6270 = CARTESIAN_POINT('',(128.04134136463,-1.491345209706,
    21.506120080525));
#6271 = CARTESIAN_POINT('',(127.80175896344,3.653616171989,
    21.54380756867));
#6272 = CARTESIAN_POINT('',(126.04610373598,8.231492326577,
    21.581495056814));
#6273 = CARTESIAN_POINT('',(124.29044850851,12.809368481165,
    21.619182544959));
#6274 = CARTESIAN_POINT('',(121.02831042538,16.795153532154,
    21.656870033103));
#6275 = CARTESIAN_POINT('',(116.88791781139,19.421257941072,
    21.694557521248));
#6276 = CARTESIAN_POINT('',(112.74752519741,22.047362349989,
    21.732245009392));
#6277 = CARTESIAN_POINT('',(107.751494249,23.299441464363,
    21.769932497537));
#6278 = CARTESIAN_POINT('',(102.86196944732,22.936367672634,
    21.807619985682));
#6279 = CARTESIAN_POINT('',(97.972444645646,22.573293880905,
    21.845307473826));
#6280 = CARTESIAN_POINT('',(93.216134195369,20.597050412433,
    21.882994961971));
#6281 = CARTESIAN_POINT('',(89.509016779898,17.38822573159,
    21.920682450115));
#6282 = CARTESIAN_POINT('',(85.801899364428,14.179401050746,
    21.958369938259));
#6283 = CARTESIAN_POINT('',(83.164224487489,9.755522821221,
    21.996057426404));
#6284 = CARTESIAN_POINT('',(82.10396024458,4.968549341068,
    22.033744914548));
#6285 = CARTESIAN_POINT('',(81.043696001672,0.181575860915,
    22.071432402692));
#6286 = CARTESIAN_POINT('',(81.566633907421,-4.942344834494,
    22.109119890836));
#6287 = CARTESIAN_POINT('',(83.572065654534,-9.41643903021,
    22.146807378981));
#6288 = CARTESIAN_POINT('',(85.577497401646,-13.89053322592,
    22.184494867125));
#6289 = CARTESIAN_POINT('',(89.054468657395,-17.6903619369,
    22.222182355269));
#6290 = CARTESIAN_POINT('',(93.333378144408,-20.08414742571,
    22.259869843413));
#6291 = CARTESIAN_POINT('',(97.612287631419,-22.47793291452,
    22.297557331557));
#6292 = CARTESIAN_POINT('',(102.6697625282,-23.45259953161,
    22.335244819701));
#6293 = CARTESIAN_POINT('',(107.5318253693,-22.82044425505,
    22.372932307845));
#6294 = CARTESIAN_POINT('',(112.3938882104,-22.1882889785,
    22.410619795989));
#6295 = CARTESIAN_POINT('',(117.03398079747,-19.9527648499,
    22.448307284133));
#6296 = CARTESIAN_POINT('',(120.55850588886,-16.54439306199,
    22.485994772277));
#6297 = CARTESIAN_POINT('',(124.08303098025,-13.13602127407,
    22.523682260422));
#6298 = CARTESIAN_POINT('',(126.47273645201,-8.573419482956,
    22.561369748566));
#6299 = CARTESIAN_POINT('',(127.26740859551,-3.735261615666,
    22.59905723671));
#6300 = CARTESIAN_POINT('',(128.06208073901,1.102896251623,
    22.636744724855));
#6301 = CARTESIAN_POINT('',(127.25737879168,6.190182573628,
    22.674432212999));
#6302 = CARTESIAN_POINT('',(125.00827367855,10.546878747861,
    22.712119701144));
#6303 = CARTESIAN_POINT('',(122.75916856542,14.903574922094,
    22.749807189288));
#6304 = CARTESIAN_POINT('',(119.07794564389,18.505883230404,
    22.787494677433));
#6305 = CARTESIAN_POINT('',(114.67354133858,20.660064764038,
    22.825182165577));
#6306 = CARTESIAN_POINT('',(110.26913703328,22.814246297673,
    22.862869653722));
#6307 = CARTESIAN_POINT('',(105.16560965995,23.50853420328,
    22.900557141867));
#6308 = CARTESIAN_POINT('',(100.34580555151,22.609221287367,
    22.938244630011));
#6309 = CARTESIAN_POINT('',(95.526001443076,21.709908371454,
    22.975932118156));
#6310 = CARTESIAN_POINT('',(91.016247966656,19.221906979165,
    23.0136196063));
#6311 = CARTESIAN_POINT('',(87.685041427326,15.624360821464,
    23.051307094445));
#6312 = CARTESIAN_POINT('',(84.353834887997,12.026814663761,
    23.088994582589));
#6313 = CARTESIAN_POINT('',(82.21937143971,7.339374729849,
    23.126682070733));
#6314 = CARTESIAN_POINT('',(81.692709830542,2.464756497217,
    23.164369558878));
#6315 = CARTESIAN_POINT('',(81.166048221374,-2.409861735414,
    23.202057047022));
#6316 = CARTESIAN_POINT('',(82.250065251549,-7.445031486713,
    23.239744535166));
#6317 = CARTESIAN_POINT('',(84.73599900309,-11.6710708556,23.27743202331
    ));
#6318 = CARTESIAN_POINT('',(87.221932754631,-15.89711022449,
    23.315119511454));
#6319 = CARTESIAN_POINT('',(91.096204233644,-19.29093518359,
    23.352806999598));
#6320 = CARTESIAN_POINT('',(95.612699382686,-21.19895691648,
    23.390494487742));
#6321 = CARTESIAN_POINT('',(100.12919453172,-23.10697864936,
    23.428181975886));
#6322 = CARTESIAN_POINT('',(105.26324275769,-23.51877490908,
    23.46586946403));
#6323 = CARTESIAN_POINT('',(110.02611996789,-22.3550412432,
    23.503556952174));
#6324 = CARTESIAN_POINT('',(114.78899717808,-21.19130757733,
    23.541244440318));
#6325 = CARTESIAN_POINT('',(119.15468695894,-18.45840068476,
    23.578931928463));
#6326 = CARTESIAN_POINT('',(122.28243704682,-14.6826286111,
    23.616619416607));
#6327 = CARTESIAN_POINT('',(125.4101871347,-10.90685653744,
    23.654306904751));
#6328 = CARTESIAN_POINT('',(127.28291272221,-6.108843800909,
    23.691994392895));
#6329 = CARTESIAN_POINT('',(127.53996100168,-1.212600184984,
    23.72968188104));
#6330 = CARTESIAN_POINT('',(127.79700928115,3.683643430942,
    23.767369369184));
#6331 = CARTESIAN_POINT('',(126.4369761697,8.651373021195,
    23.805056857329));
#6332 = CARTESIAN_POINT('',(123.72177925068,12.733894430255,
    23.842744345473));
#6333 = CARTESIAN_POINT('',(121.00658233167,16.816415839317,
    23.880431833618));
#6334 = CARTESIAN_POINT('',(116.95105291037,19.991428982456,
    23.918119321763));
#6335 = CARTESIAN_POINT('',(112.33621201952,21.647484209982,
    23.955806809907));
#6336 = CARTESIAN_POINT('',(107.72137112867,23.303539437508,
    23.993494298052));
#6337 = CARTESIAN_POINT('',(102.5724265584,23.431590827012,
    24.031181786196));
#6338 = CARTESIAN_POINT('',(97.880971165759,22.006978015301,
    24.068869274341));
#6339 = CARTESIAN_POINT('',(93.189515773114,20.582365203591,
    24.106556762485));
#6340 = CARTESIAN_POINT('',(88.981175842022,17.612869897905,
    24.14424425063));
#6341 = CARTESIAN_POINT('',(86.066400923606,13.670362759111,
    24.181931738774));
#6342 = CARTESIAN_POINT('',(83.151626005188,9.727855620318,
    24.219619226919));
#6343 = CARTESIAN_POINT('',(81.546337565895,4.833871928806,
    24.257306715063));
#6344 = CARTESIAN_POINT('',(81.559684894128,-6.909627558866E-02,
    24.294994203207));
#6345 = CARTESIAN_POINT('',(81.573032222361,-4.972064479982,
    24.332681691351));
#6346 = CARTESIAN_POINT('',(83.204942410588,-9.857235560269,
    24.370369179495));
#6347 = CARTESIAN_POINT('',(86.14113930689,-13.78381462487,
    24.408056667639));
#6348 = CARTESIAN_POINT('',(89.077336203193,-17.71039368948,
    24.445744155783));
#6349 = CARTESIAN_POINT('',(93.301781327177,-20.65693246244,
    24.483431643927));
#6350 = CARTESIAN_POINT('',(98.000923561177,-22.05598129258,
    24.521119132072));
#6351 = CARTESIAN_POINT('',(102.70006579517,-23.45503012272,
    24.558806620216));
#6352 = CARTESIAN_POINT('',(107.84823686719,-23.29894694174,
    24.59649410836));
#6353 = CARTESIAN_POINT('',(112.45399288183,-21.61779052484,
    24.634181596504));
#6354 = CARTESIAN_POINT('',(117.05974889646,-19.93663410794,
    24.671869084648));
#6355 = CARTESIAN_POINT('',(121.0979316882,-16.73958748854,
    24.709556572792));
#6356 = CARTESIAN_POINT('',(123.79086086893,-12.64234356218,
    24.747244060936));
#6357 = CARTESIAN_POINT('',(126.48379004966,-8.545099635835,
    24.784931549081));
#6358 = CARTESIAN_POINT('',(127.81675594787,-3.570038906524,
    24.822619037225));
#6359 = CARTESIAN_POINT('',(127.53305363201,1.324732626495,
    24.860306525369));
#6360 = CARTESIAN_POINT('',(127.24935131616,6.219504159515,
    24.897994013514));
#6361 = CARTESIAN_POINT('',(125.3505304623,11.007249632185,
    24.935681501658));
#6362 = CARTESIAN_POINT('',(122.20226935069,14.765936548858,
    24.973368989803));
#6363 = CARTESIAN_POINT('',(121.46741114733,15.643278616948,
    24.982165896681));
#6364 = CARTESIAN_POINT('',(120.66697226779,16.465678245022,
    24.990962803559));
#6365 = CARTESIAN_POINT('',(119.80983647635,17.224007934868,
    24.999759710437));
#6366 = PCURVE('',#31,#6367);
#6367 = DEFINITIONAL_REPRESENTATION('',(#6368),#8154);
#6368 = B_SPLINE_CURVE_WITH_KNOTS('',3,(#6369,#6370,#6371,#6372,#6373,
    #6374,#6375,#6376,#6377,#6378,#6379,#6380,#6381,#6382,#6383,#6384,
    #6385,#6386,#6387,#6388,#6389,#6390,#6391,#6392,#6393,#6394,#6395,
    #6396,#6397,#6398,#6399,#6400,#6401,#6402,#6403,#6404,#6405,#6406,
    #6407,#6408,#6409,#6410,#6411,#6412,#6413,#6414,#6415,#6416,#6417,
    #6418,#6419,#6420,#6421,#6422,#6423,#6424,#6425,#6426,#6427,#6428,
    #6429,#6430,#6431,#6432,#6433,#6434,#6435,#6436,#6437,#6438,#6439,
    #6440,#6441,#6442,#6443,#6444,#6445,#6446,#6447,#6448,#6449,#6450,
    #6451,#6452,#6453,#6454,#6455,#6456,#6457,#6458,#6459,#6460,#6461,
    #6462,#6463,#6464,#6465,#6466,#6467,#6468,#6469,#6470,#6471,#6472,
    #6473,#6474,#6475,#6476,#6477,#6478,#6479,#6480,#6481,#6482,#6483,
    #6484,#6485,#6486,#6487,#6488,#6489,#6490,#6491,#6492,#6493,#6494,
    #6495,#6496,#6497,#6498,#6499,#6500,#6501,#6502,#6503,#6504,#6505,
    #6506,#6507,#6508,#6509,#6510,#6511,#6512,#6513,#6514,#6515,#6516,
    #6517,#6518,#6519,#6520,#6521,#6522,#6523,#6524,#6525,#6526,#6527,
    #6528,#6529,#6530,#6531,#6532,#6533,#6534,#6535,#6536,#6537,#6538,
    #6539,#6540,#6541,#6542,#6543,#6544,#6545,#6546,#6547,#6548,#6549,
    #6550,#6551,#6552,#6553,#6554,#6555,#6556,#6557,#6558,#6559,#6560,
    #6561,#6562,#6563,#6564,#6565,#6566,#6567,#6568,#6569,#6570,#6571,
    #6572,#6573,#6574,#6575,#6576,#6577,#6578,#6579,#6580,#6581,#6582,
    #6583,#6584,#6585,#6586,#6587,#6588,#6589,#6590,#6591,#6592,#6593,
    #6594,#6595,#6596,#6597,#6598,#6599,#6600,#6601,#6602,#6603,#6604,
    #6605,#6606,#6607,#6608,#6609,#6610,#6611,#6612,#6613,#6614,#6615,
    #6616,#6617,#6618,#6619,#6620,#6621,#6622,#6623,#6624,#6625,#6626,
    #6627,#6628,#6629,#6630,#6631,#6632,#6633,#6634,#6635,#6636,#6637,
    #6638,#6639,#6640,#6641,#6642,#6643,#6644,#6645,#6646,#6647,#6648,
    #6649,#6650,#6651,#6652,#6653,#6654,#6655,#6656,#6657,#6658,#6659,
    #6660,#6661,#6662,#6663,#6664,#6665,#6666,#6667,#6668,#6669,#6670,
    #6671,#6672,#6673,#6674,#6675,#6676,#6677,#6678,#6679,#6680,#6681,
    #6682,#6683,#6684,#6685,#6686,#6687,#6688,#6689,#6690,#6691,#6692,
    #6693,#6694,#6695,#6696,#6697,#6698,#6699,#6700,#6701,#6702,#6703,
    #6704,#6705,#6706,#6707,#6708,#6709,#6710,#6711,#6712,#6713,#6714,
    #6715,#6716,#6717,#6718,#6719,#6720,#6721,#6722,#6723,#6724,#6725,
    #6726,#6727,#6728,#6729,#6730,#6731,#6732,#6733,#6734,#6735,#6736,
    #6737,#6738,#6739,#6740,#6741,#6742,#6743,#6744,#6745,#6746,#6747,
    #6748,#6749,#6750,#6751,#6752,#6753,#6754,#6755,#6756,#6757,#6758,
    #6759,#6760,#6761,#6762,#6763,#6764,#6765,#6766,#6767,#6768,#6769,
    #6770,#6771,#6772,#6773,#6774,#6775,#6776,#6777,#6778,#6779,#6780,
    #6781,#6782,#6783,#6784,#6785,#6786,#6787,#6788,#6789,#6790,#6791,
    #6792,#6793,#6794,#6795,#6796,#6797,#6798,#6799,#6800,#6801,#6802,
    #6803,#6804,#6805,#6806,#6807,#6808,#6809,#6810,#6811,#6812,#6813,
    #6814,#6815,#6816,#6817,#6818,#6819,#6820,#6821,#6822,#6823,#6824,
    #6825,#6826,#6827,#6828,#6829,#6830,#6831,#6832,#6833,#6834,#6835,
    #6836,#6837,#6838,#6839,#6840,#6841,#6842,#6843,#6844,#6845,#6846,
    #6847,#6848,#6849,#6850,#6851,#6852,#6853,#6854,#6855,#6856,#6857,
    #6858,#6859,#6860,#6861,#6862,#6863,#6864,#6865,#6866,#6867,#6868,
    #6869,#6870,#6871,#6872,#6873,#6874,#6875,#6876,#6877,#6878,#6879,
    #6880,#6881,#6882,#6883,#6884,#6885,#6886,#6887,#6888,#6889,#6890,
    #6891,#6892,#6893,#6894,#6895,#6896,#6897,#6898,#6899,#6900,#6901,
    #6902,#6903,#6904,#6905,#6906,#6907,#6908,#6909,#6910,#6911,#6912,
    #6913,#6914,#6915,#6916,#6917,#6918,#6919,#6920,#6921,#6922,#6923,
    #6924,#6925,#6926,#6927,#6928,#6929,#6930,#6931,#6932,#6933,#6934,
    #6935,#6936,#6937,#6938,#6939,#6940,#6941,#6942,#6943,#6944,#6945,
    #6946,#6947,#6948,#6949,#6950,#6951,#6952,#6953,#6954,#6955,#6956,
    #6957,#6958,#6959,#6960,#6961,#6962,#6963,#6964,#6965,#6966,#6967,
    #6968,#6969,#6970,#6971,#6972,#6973,#6974,#6975,#6976,#6977,#6978,
    #6979,#6980,#6981,#6982,#6983,#6984,#6985,#6986,#6987,#6988,#6989,
    #6990,#6991,#6992,#6993,#6994,#6995,#6996,#6997,#6998,#6999,#7000,
    #7001,#7002,#7003,#7004,#7005,#7006,#7007,#7008,#7009,#7010,#7011,
    #7012,#7013,#7014,#7015,#7016,#7017,#7018,#7019,#7020,#7021,#7022,
    #7023,#7024,#7025,#7026,#7027,#7028,#7029,#7030,#7031,#7032,#7033,
    #7034,#7035,#7036,#7037,#7038,#7039,#7040,#7041,#7042,#7043,#7044,
    #7045,#7046,#7047,#7048,#7049,#7050,#7051,#7052,#7053,#7054,#7055,
    #7056,#7057,#7058,#7059,#7060,#7061,#7062,#7063,#7064,#7065,#7066,
    #7067,#7068,#7069,#7070,#7071,#7072,#7073,#7074,#7075,#7076,#7077,
    #7078,#7079,#7080,#7081,#7082,#7083,#7084,#7085,#7086,#7087,#7088,
    #7089,#7090,#7091,#7092,#7093,#7094,#7095,#7096,#7097,#7098,#7099,
    #7100,#7101,#7102,#7103,#7104,#7105,#7106,#7107,#7108,#7109,#7110,
    #7111,#7112,#7113,#7114,#7115,#7116,#7117,#7118,#7119,#7120,#7121,
    #7122,#7123,#7124,#7125,#7126,#7127,#7128,#7129,#7130,#7131,#7132,
    #7133,#7134,#7135,#7136,#7137,#7138,#7139,#7140,#7141,#7142,#7143,
    #7144,#7145,#7146,#7147,#7148,#7149,#7150,#7151,#7152,#7153,#7154,
    #7155,#7156,#7157,#7158,#7159,#7160,#7161,#7162,#7163,#7164,#7165,
    #7166,#7167,#7168,#7169,#7170,#7171,#7172,#7173,#7174,#7175,#7176,
    #7177,#7178,#7179,#7180,#7181,#7182,#7183,#7184,#7185,#7186,#7187,
    #7188,#7189,#7190,#7191,#7192,#7193,#7194,#7195,#7196,#7197,#7198,
    #7199,#7200,#7201,#7202,#7203,#7204,#7205,#7206,#7207,#7208,#7209,
    #7210,#7211,#7212,#7213,#7214,#7215,#7216,#7217,#7218,#7219,#7220,
    #7221,#7222,#7223,#7224,#7225,#7226,#7227,#7228,#7229,#7230,#7231,
    #7232,#7233,#7234,#7235,#7236,#7237,#7238,#7239,#7240,#7241,#7242,
    #7243,#7244,#7245,#7246,#7247,#7248,#7249,#7250,#7251,#7252,#7253,
    #7254,#7255,#7256,#7257,#7258,#7259,#7260,#7261,#7262,#7263,#7264,
    #7265,#7266,#7267,#7268,#7269,#7270,#7271,#7272,#7273,#7274,#7275,
    #7276,#7277,#7278,#7279,#7280,#7281,#7282,#7283,#7284,#7285,#7286,
    #7287,#7288,#7289,#7290,#7291,#7292,#7293,#7294,#7295,#7296,#7297,
    #7298,#7299,#7300,#7301,#7302,#7303,#7304,#7305,#7306,#7307,#7308,
    #7309,#7310,#7311,#7312,#7313,#7314,#7315,#7316,#7317,#7318,#7319,
    #7320,#7321,#7322,#7323,#7324,#7325,#7326,#7327,#7328,#7329,#7330,
    #7331,#7332,#7333,#7334,#7335,#7336,#7337,#7338,#7339,#7340,#7341,
    #7342,#7343,#7344,#7345,#7346,#7347,#7348,#7349,#7350,#7351,#7352,
    #7353,#7354,#7355,#7356,#7357,#7358,#7359,#7360,#7361,#7362,#7363,
    #7364,#7365,#7366,#7367,#7368,#7369,#7370,#7371,#7372,#7373,#7374,
    #7375,#7376,#7377,#7378,#7379,#7380,#7381,#7382,#7383,#7384,#7385,
    #7386,#7387,#7388,#7389,#7390,#7391,#7392,#7393,#7394,#7395,#7396,
    #7397,#7398,#7399,#7400,#7401,#7402,#7403,#7404,#7405,#7406,#7407,
    #7408,#7409,#7410,#7411,#7412,#7413,#7414,#7415,#7416,#7417,#7418,
    #7419,#7420,#7421,#7422,#7423,#7424,#7425,#7426,#7427,#7428,#7429,
    #7430,#7431,#7432,#7433,#7434,#7435,#7436,#7437,#7438,#7439,#7440,
    #7441,#7442,#7443,#7444,#7445,#7446,#7447,#7448,#7449,#7450,#7451,
    #7452,#7453,#7454,#7455,#7456,#7457,#7458,#7459,#7460,#7461,#7462,
    #7463,#7464,#7465,#7466,#7467,#7468,#7469,#7470,#7471,#7472,#7473,
    #7474,#7475,#7476,#7477,#7478,#7479,#7480,#7481,#7482,#7483,#7484,
    #7485,#7486,#7487,#7488,#7489,#7490,#7491,#7492,#7493,#7494,#7495,
    #7496,#7497,#7498,#7499,#7500,#7501,#7502,#7503,#7504,#7505,#7506,
    #7507,#7508,#7509,#7510,#7511,#7512,#7513,#7514,#7515,#7516,#7517,
    #7518,#7519,#7520,#7521,#7522,#7523,#7524,#7525,#7526,#7527,#7528,
    #7529,#7530,#7531,#7532,#7533,#7534,#7535,#7536,#7537,#7538,#7539,
    #7540,#7541,#7542,#7543,#7544,#7545,#7546,#7547,#7548,#7549,#7550,
    #7551,#7552,#7553,#7554,#7555,#7556,#7557,#7558,#7559,#7560,#7561,
    #7562,#7563,#7564,#7565,#7566,#7567,#7568,#7569,#7570,#7571,#7572,
    #7573,#7574,#7575,#7576,#7577,#7578,#7579,#7580,#7581,#7582,#7583,
    #7584,#7585,#7586,#7587,#7588,#7589,#7590,#7591,#7592,#7593,#7594,
    #7595,#7596,#7597,#7598,#7599,#7600,#7601,#7602,#7603,#7604,#7605,
    #7606,#7607,#7608,#7609,#7610,#7611,#7612,#7613,#7614,#7615,#7616,
    #7617,#7618,#7619,#7620,#7621,#7622,#7623,#7624,#7625,#7626,#7627,
    #7628,#7629,#7630,#7631,#7632,#7633,#7634,#7635,#7636,#7637,#7638,
    #7639,#7640,#7641,#7642,#7643,#7644,#7645,#7646,#7647,#7648,#7649,
    #7650,#7651,#7652,#7653,#7654,#7655,#7656,#7657,#7658,#7659,#7660,
    #7661,#7662,#7663,#7664,#7665,#7666,#7667,#7668,#7669,#7670,#7671,
    #7672,#7673,#7674,#7675,#7676,#7677,#7678,#7679,#7680,#7681,#7682,
    #7683,#7684,#7685,#7686,#7687,#7688,#7689,#7690,#7691,#7692,#7693,
    #7694,#7695,#7696,#7697,#7698,#7699,#7700,#7701,#7702,#7703,#7704,
    #7705,#7706,#7707,#7708,#7709,#7710,#7711,#7712,#7713,#7714,#7715,
    #7716,#7717,#7718,#7719,#7720,#7721,#7722,#7723,#7724,#7725,#7726,
    #7727,#7728,#7729,#7730,#7731,#7732,#7733,#7734,#7735,#7736,#7737,
    #7738,#7739,#7740,#7741,#7742,#7743,#7744,#7745,#7746,#7747,#7748,
    #7749,#7750,#7751,#7752,#7753,#7754,#7755,#7756,#7757,#7758,#7759,
    #7760,#7761,#7762,#7763,#7764,#7765,#7766,#7767,#7768,#7769,#7770,
    #7771,#7772,#7773,#7774,#7775,#7776,#7777,#7778,#7779,#7780,#7781,
    #7782,#7783,#7784,#7785,#7786,#7787,#7788,#7789,#7790,#7791,#7792,
    #7793,#7794,#7795,#7796,#7797,#7798,#7799,#7800,#7801,#7802,#7803,
    #7804,#7805,#7806,#7807,#7808,#7809,#7810,#7811,#7812,#7813,#7814,
    #7815,#7816,#7817,#7818,#7819,#7820,#7821,#7822,#7823,#7824,#7825,
    #7826,#7827,#7828,#7829,#7830,#7831,#7832,#7833,#7834,#7835,#7836,
    #7837,#7838,#7839,#7840,#7841,#7842,#7843,#7844,#7845,#7846,#7847,
    #7848,#7849,#7850,#7851,#7852,#7853,#7854,#7855,#7856,#7857,#7858,
    #7859,#7860,#7861,#7862,#7863,#7864,#7865,#7866,#7867,#7868,#7869,
    #7870,#7871,#7872,#7873,#7874,#7875,#7876,#7877,#7878,#7879,#7880,
    #7881,#7882,#7883,#7884,#7885,#7886,#7887,#7888,#7889,#7890,#7891,
    #7892,#7893,#7894,#7895,#7896,#7897,#7898,#7899,#7900,#7901,#7902,
    #7903,#7904,#7905,#7906,#7907,#7908,#7909,#7910,#7911,#7912,#7913,
    #7914,#7915,#7916,#7917,#7918,#7919,#7920,#7921,#7922,#7923,#7924,
    #7925,#7926,#7927,#7928,#7929,#7930,#7931,#7932,#7933,#7934,#7935,
    #7936,#7937,#7938,#7939,#7940,#7941,#7942,#7943,#7944,#7945,#7946,
    #7947,#7948,#7949,#7950,#7951,#7952,#7953,#7954,#7955,#7956,#7957,
    #7958,#7959,#7960,#7961,#7962,#7963,#7964,#7965,#7966,#7967,#7968,
    #7969,#7970,#7971,#7972,#7973,#7974,#7975,#7976,#7977,#7978,#7979,
    #7980,#7981,#7982,#7983,#7984,#7985,#7986,#7987,#7988,#7989,#7990,
    #7991,#7992,#7993,#7994,#7995,#7996,#7997,#7998,#7999,#8000,#8001,
    #8002,#8003,#8004,#8005,#8006,#8007,#8008,#8009,#8010,#8011,#8012,
    #8013,#8014,#8015,#8016,#8017,#8018,#8019,#8020,#8021,#8022,#8023,
    #8024,#8025,#8026,#8027,#8028,#8029,#8030,#8031,#8032,#8033,#8034,
    #8035,#8036,#8037,#8038,#8039,#8040,#8041,#8042,#8043,#8044,#8045,
    #8046,#8047,#8048,#8049,#8050,#8051,#8052,#8053,#8054,#8055,#8056,
    #8057,#8058,#8059,#8060,#8061,#8062,#8063,#8064,#8065,#8066,#8067,
    #8068,#8069,#8070,#8071,#8072,#8073,#8074,#8075,#8076,#8077,#8078,
    #8079,#8080,#8081,#8082,#8083,#8084,#8085,#8086,#8087,#8088,#8089,
    #8090,#8091,#8092,#8093,#8094,#8095,#8096,#8097,#8098,#8099,#8100,
    #8101,#8102,#8103,#8104,#8105,#8106,#8107,#8108,#8109,#8110,#8111,
    #8112,#8113,#8114,#8115,#8116,#8117,#8118,#8119,#8120,#8121,#8122,
    #8123,#8124,#8125,#8126,#8127,#8128,#8129,#8130,#8131,#8132,#8133,
    #8134,#8135,#8136,#8137,#8138,#8139,#8140,#8141,#8142,#8143,#8144,
    #8145,#8146,#8147,#8148,#8149,#8150,#8151,#8152,#8153),
  .UNSPECIFIED.,.F.,.F.,(4,1,1,1,1,1,1,1,1,1,1,1,1,1,1,1,1,1,1,1,1,1,1,1
    ,1,1,1,1,1,1,1,1,1,1,1,1,1,1,1,1,1,1,1,1,1,1,1,1,1,1,1,1,1,1,1,1,1,1
    ,1,1,1,1,1,1,1,1,1,1,1,1,1,1,1,1,1,1,1,1,1,1,1,1,1,1,1,1,1,1,1,1,1,1
    ,1,1,1,1,1,1,1,1,1,1,1,1,1,1,1,1,1,1,1,1,1,1,1,1,1,1,1,1,1,1,1,1,1,1
    ,1,1,1,1,1,1,1,1,1,1,1,1,1,1,1,1,1,1,1,1,1,1,1,1,1,1,1,1,1,1,1,1,1,1
    ,1,1,1,1,1,1,1,1,1,1,1,1,1,1,1,1,1,1,1,1,1,1,1,1,1,1,1,1,1,1,1,1,1,1
    ,1,1,1,1,1,1,1,1,1,1,1,1,1,1,1,1,1,1,1,1,1,1,1,1,1,1,1,1,1,1,1,1,1,1
    ,1,1,1,1,1,1,1,1,1,1,1,1,1,1,1,1,1,1,1,1,1,1,1,1,1,1,1,1,1,1,1,1,1,1
    ,1,1,1,1,1,1,1,1,1,1,1,1,1,1,1,1,1,1,1,1,1,1,1,1,1,1,1,1,1,1,1,1,1,1
    ,1,1,1,1,1,1,1,1,1,1,1,1,1,1,1,1,1,1,1,1,1,1,1,1,1,1,1,1,1,1,1,1,1,1
    ,1,1,1,1,1,1,1,1,1,1,1,1,1,1,1,1,1,1,1,1,1,1,1,1,1,1,1,1,1,1,1,1,1,1
    ,1,1,1,1,1,1,1,1,1,1,1,1,1,1,1,1,1,1,1,1,1,1,1,1,1,1,1,1,1,1,1,1,1,1
    ,1,1,1,1,1,1,1,1,1,1,1,1,1,1,1,1,1,1,1,1,1,1,1,1,1,1,1,1,1,1,1,1,1,1
    ,1,1,1,1,1,1,1,1,1,1,1,1,1,1,1,1,1,1,1,1,1,1,1,1,1,1,1,1,1,1,1,1,1,1
    ,1,1,1,1,1,1,1,1,1,1,1,1,1,1,1,1,1,1,1,1,1,1,1,1,1,1,1,1,1,1,1,1,1,1
    ,1,1,1,1,1,1,1,1,1,1,1,1,1,1,1,1,1,1,1,1,1,1,1,1,1,1,1,1,1,1,1,1,1,1
    ,1,1,1,1,1,1,1,1,1,1,1,1,1,1,1,1,1,1,1,1,1,1,1,1,1,1,1,1,1,1,1,1,1,1
    ,1,1,1,1,1,1,1,1,1,1,1,1,1,1,1,1,1,1,1,1,1,1,1,1,1,1,1,1,1,1,1,1,1,1
    ,1,1,1,1,1,1,1,1,1,1,1,1,1,1,1,1,1,1,1,1,1,1,1,1,1,1,1,1,1,1,1,1,1,1
    ,1,1,1,1,1,1,1,1,1,1,1,1,1,1,1,1,1,1,1,1,1,1,1,1,1,1,1,1,1,1,1,1,1,1
    ,1,1,1,1,1,1,1,1,1,1,1,1,1,1,1,1,1,1,1,1,1,1,1,1,1,1,1,1,1,1,1,1,1,1
    ,1,1,1,1,1,1,1,1,1,1,1,1,1,1,1,1,1,1,1,1,1,1,1,1,1,1,1,1,1,1,1,1,1,1
    ,1,1,1,1,1,1,1,1,1,1,1,1,1,1,1,1,1,1,1,1,1,1,1,1,1,1,1,1,1,1,1,1,1,1
    ,1,1,1,1,1,1,1,1,1,1,1,1,1,1,1,1,1,1,1,1,1,1,1,1,1,1,1,1,1,1,1,1,1,1
    ,1,1,1,1,1,1,1,1,1,1,1,1,1,1,1,1,1,1,1,1,1,1,1,1,1,1,1,1,1,1,1,1,1,1
    ,1,1,1,1,1,1,1,1,1,1,1,1,1,1,1,1,1,1,1,1,1,1,1,1,1,1,1,1,1,1,1,1,1,1
    ,1,1,1,1,1,1,1,1,1,1,1,1,1,1,1,1,1,1,1,1,1,1,1,1,1,1,1,1,1,1,1,1,1,1
    ,1,1,1,1,1,1,1,1,1,1,1,1,1,1,1,1,1,1,1,1,1,1,1,1,1,1,1,1,1,1,1,1,1,1
    ,1,1,1,1,1,1,1,1,1,1,1,1,1,1,1,1,1,1,1,1,1,1,1,1,1,1,1,1,1,1,1,1,1,1
    ,1,1,1,1,1,1,1,1,1,1,1,1,1,1,1,1,1,1,1,1,1,1,1,1,1,1,1,1,1,1,1,1,1,1
    ,1,1,1,1,1,1,1,1,1,1,1,1,1,1,1,1,1,1,1,1,1,1,1,1,1,1,1,1,1,1,1,1,1,1
    ,1,1,1,1,1,1,1,1,1,1,1,1,1,1,1,1,1,1,1,1,1,1,1,1,1,1,1,1,1,1,1,1,1,1
    ,1,1,1,1,1,1,1,1,1,1,1,1,1,1,1,1,1,1,1,1,1,1,1,1,1,1,1,1,1,1,1,1,1,1
    ,1,1,1,1,1,1,1,1,1,1,1,1,1,1,1,1,1,1,1,1,1,1,1,1,1,1,1,1,1,1,1,1,1,1
    ,1,1,1,1,1,1,1,1,1,1,1,1,1,1,1,1,1,1,1,1,1,1,1,1,1,1,1,1,1,1,1,1,1,1
    ,1,1,1,1,1,1,1,1,1,1,1,1,1,1,1,1,1,1,1,1,1,1,1,1,1,1,1,1,1,1,1,1,1,1
    ,1,1,1,1,1,1,1,1,1,1,1,1,1,1,1,1,1,1,1,1,1,1,1,1,1,1,1,1,1,1,1,1,1,1
    ,1,1,1,1,1,1,1,1,1,1,1,1,1,1,1,1,1,1,1,1,1,1,1,1,1,1,1,1,1,1,1,1,1,1
    ,1,1,1,1,1,1,1,1,1,1,1,1,1,1,1,1,1,1,1,1,1,1,1,1,1,1,1,1,1,1,1,1,1,1
    ,1,1,1,1,1,1,1,1,1,1,1,1,1,1,1,1,1,1,1,1,1,1,1,1,1,1,1,1,1,1,1,1,1,1
    ,1,1,1,1,1,1,1,1,1,1,1,1,1,1,1,1,1,1,1,1,1,1,1,1,1,1,1,1,1,1,1,1,1,1
    ,1,1,1,1,1,1,1,1,1,1,1,1,1,1,1,1,1,1,1,1,1,1,1,1,1,1,1,1,1,1,1,1,1,1
    ,1,1,1,1,1,1,1,1,1,1,1,1,1,1,1,1,1,1,1,1,1,1,1,1,1,1,1,1,1,1,1,1,1,1
    ,1,1,1,1,1,1,1,1,1,1,1,1,1,1,1,1,1,1,1,1,1,1,1,1,1,1,1,1,1,1,1,1,1,1
    ,1,1,1,1,1,1,1,1,1,1,1,1,1,1,1,1,1,1,1,1,1,1,1,1,1,1,1,1,1,1,1,1,1,1
    ,1,1,1,1,1,1,1,1,1,1,1,1,1,1,1,1,1,1,1,1,1,1,1,1,1,1,1,1,1,1,1,1,1,1
    ,1,1,1,1,1,1,1,1,1,1,1,1,1,1,1,1,1,1,1,1,1,1,1,1,1,1,1,1,1,1,1,1,1,1
    ,1,1,1,1,1,1,1,1,1,1,1,1,1,1,1,1,1,1,1,1,1,1,1,1,1,1,1,1,1,1,1,1,1,1
    ,1,1,1,1,1,1,1,1,1,1,1,1,1,1,1,1,1,1,1,1,1,1,1,1,1,1,1,1,1,1,1,1,1,1
    ,1,1,1,1,1,1,1,1,1,1,1,1,1,1,1,1,1,1,1,1,1,1,1,1,1,1,1,1,1,1,1,1,1,1
    ,1,1,1,1,1,1,1,1,1,1,1,1,1,1,1,1,1,1,1,1,1,1,1,1,1,1,1,1,1,1,1,1,1,1
    ,1,1,1,1,1,1,1,1,1,1,1,1,1,1,1,1,1,1,1,1,1,1,1,1,1,1,1,1,1,1,1,1,1,1
    ,1,1,1,1,1,1,1,1,1,1,1,1,1,1,1,1,1,1,1,1,1,1,1,1,4),(
    7.136414352391E-15,0.158666295636,0.317332591272,0.475998886908,
    0.634665182543,0.793331478179,0.951997773815,1.110664069451,
    1.269330365087,1.427996660723,1.586662956358,1.745329251994,
    1.90399554763,2.062661843266,2.221328138902,2.379994434538,
    2.538660730174,2.697327025809,2.855993321445,3.014659617081,
    3.173325912717,3.331992208353,3.490658503989,3.649324799625,
    3.80799109526,3.966657390896,4.125323686532,4.283989982168,
    4.442656277804,4.60132257344,4.759988869075,4.918655164711,
    5.077321460347,5.235987755983,5.394654051619,5.553320347255,
    5.711986642891,5.870652938526,6.029319234162,6.187985529798,
    6.346651825434,6.50531812107,6.663984416706,6.822650712341,
    6.981317007977,7.139983303613,7.298649599249,7.457315894885,
    7.615982190521,7.774648486157,7.933314781792,8.091981077428,
    8.250647373064,8.4093136687,8.567979964336,8.726646259972,
    8.885312555607,9.043978851243,9.202645146879,9.361311442515,
    9.519977738151,9.678644033787,9.837310329423,9.995976625058,
    10.154642920694,10.31330921633,10.471975511966,10.630641807602,
    10.789308103238,10.947974398874,11.106640694509,11.265306990145,
    11.423973285781,11.582639581417,11.741305877053,11.899972172689,
    12.058638468324,12.21730476396,12.375971059596,12.534637355232,
    12.693303650868,12.851969946504,13.01063624214,13.169302537775,
    13.327968833411,13.486635129047,13.645301424683,13.803967720319,
    13.962634015955,14.12130031159,14.279966607226,14.438632902862,
    14.597299198498,14.755965494134,14.91463178977,15.073298085406,
    15.231964381041,15.390630676677,15.549296972313,15.707963267949,
    15.866629563585,16.025295859221,16.183962154856,16.342628450492,
    16.501294746128,16.659961041764,16.8186273374,16.977293633036,
    17.135959928672,17.294626224307,17.453292519943,17.611958815579,
    17.770625111215,17.929291406851,18.087957702487,18.246623998123,
    18.405290293758,18.563956589394,18.72262288503,18.881289180666,
    19.039955476302,19.198621771938,19.357288067573,19.515954363209,
    19.674620658845,19.833286954481,19.991953250117,20.150619545753,
    20.309285841389,20.467952137024,20.62661843266,20.785284728296,
    20.943951023932,21.102617319568,21.261283615204,21.419949910839,
    21.578616206475,21.737282502111,21.895948797747,22.054615093383,
    22.213281389019,22.371947684655,22.53061398029,22.689280275926,
    22.847946571562,23.006612867198,23.165279162834,23.32394545847,
    23.482611754105,23.641278049741,23.799944345377,23.958610641013,
    24.117276936649,24.275943232285,24.434609527921,24.593275823556,
    24.751942119192,24.910608414828,25.069274710464,25.2279410061,
    25.386607301736,25.545273597372,25.703939893007,25.862606188643,
    26.021272484279,26.179938779915,26.338605075551,26.497271371187,
    26.655937666822,26.814603962458,26.973270258094,27.13193655373,
    27.290602849366,27.449269145002,27.607935440638,27.766601736273,
    27.925268031909,28.083934327545,28.242600623181,28.401266918817,
    28.559933214453,28.718599510088,28.877265805724,29.03593210136,
    29.194598396996,29.353264692632,29.511930988268,29.670597283904,
    29.829263579539,29.987929875175,30.146596170811,30.305262466447,
    30.463928762083,30.622595057719,30.781261353355,30.93992764899,
    31.098593944626,31.257260240262,31.415926535898,31.574592831534,
    31.73325912717,31.891925422805,32.050591718441,32.209258014077,
    32.367924309713,32.526590605349,32.685256900985,32.843923196621,
    33.002589492256,33.161255787892,33.319922083528,33.478588379164,
    33.6372546748,33.795920970436,33.954587266071,34.113253561707,
    34.271919857343,34.430586152979,34.589252448615,34.747918744251,
    34.906585039887,35.065251335522,35.223917631158,35.382583926794,
    35.54125022243,35.699916518066,35.858582813702,36.017249109337,
    36.175915404973,36.334581700609,36.493247996245,36.651914291881,
    36.810580587517,36.969246883153,37.127913178788,37.286579474424,
    37.44524577006,37.603912065696,37.762578361332,37.921244656968,
    38.079910952604,38.238577248239,38.397243543875,38.555909839511,
    38.714576135147,38.873242430783,39.031908726419,39.190575022054,
    39.34924131769,39.507907613326,39.666573908962,39.825240204598,
    39.983906500234,40.14257279587,40.301239091505,40.459905387141,
    40.618571682777,40.777237978413,40.935904274049,41.094570569685,
    41.25323686532,41.411903160956,41.570569456592,41.729235752228,
    41.887902047864,42.0465683435,42.205234639136,42.363900934771,
    42.522567230407,42.681233526043,42.839899821679,42.998566117315,
    43.157232412951,43.315898708586,43.474565004222,43.633231299858,
    43.791897595494,43.95056389113,44.109230186766,44.267896482402,
    44.426562778037,44.585229073673,44.743895369309,44.902561664945,
    45.061227960581,45.219894256217,45.378560551853,45.537226847488,
    45.695893143124,45.85455943876,46.013225734396,46.171892030032,
    46.330558325668,46.489224621303,46.647890916939,46.806557212575,
    46.965223508211,47.123889803847,47.282556099483,47.441222395119,
    47.599888690754,47.75855498639,47.917221282026,48.075887577662,
    48.234553873298,48.393220168934,48.551886464569,48.710552760205,
    48.869219055841,49.027885351477,49.186551647113,49.345217942749,
    49.503884238385,49.66255053402,49.821216829656,49.979883125292,
    50.138549420928,50.297215716564,50.4558820122,50.614548307835,
    50.773214603471,50.931880899107,51.090547194743,51.249213490379,
    51.407879786015,51.566546081651,51.725212377286,51.883878672922,
    52.042544968558,52.201211264194,52.35987755983,52.518543855466,
    52.677210151102,52.835876446737,52.994542742373,53.153209038009,
    53.311875333645,53.470541629281,53.629207924917,53.787874220552,
    53.946540516188,54.105206811824,54.26387310746,54.422539403096,
    54.581205698732,54.739871994368,54.898538290003,55.057204585639,
    55.215870881275,55.374537176911,55.533203472547,55.691869768183,
    55.850536063818,56.009202359454,56.16786865509,56.326534950726,
    56.485201246362,56.643867541998,56.802533837634,56.961200133269,
    57.119866428905,57.278532724541,57.437199020177,57.595865315813,
    57.754531611449,57.913197907084,58.07186420272,58.230530498356,
    58.389196793992,58.547863089628,58.706529385264,58.8651956809,
    59.023861976535,59.182528272171,59.341194567807,59.499860863443,
    59.658527159079,59.817193454715,59.975859750351,60.134526045986,
    60.293192341622,60.451858637258,60.610524932894,60.76919122853,
    60.927857524166,61.086523819801,61.245190115437,61.403856411073,
    61.562522706709,61.721189002345,61.879855297981,62.038521593617,
    62.197187889252,62.355854184888,62.514520480524,62.67318677616,
    62.831853071796,62.990519367432,63.149185663067,63.307851958703,
    63.466518254339,63.625184549975,63.783850845611,63.942517141247,
    64.101183436883,64.259849732518,64.418516028154,64.57718232379,
    64.735848619426,64.894514915062,65.053181210698,65.211847506334,
    65.370513801969,65.529180097605,65.687846393241,65.846512688877,
    66.005178984513,66.163845280149,66.322511575784,66.48117787142,
    66.639844167056,66.798510462692,66.957176758328,67.115843053964,
    67.2745093496,67.433175645235,67.591841940871,67.750508236507,
    67.909174532143,68.067840827779,68.226507123415,68.38517341905,
    68.543839714686,68.702506010322,68.861172305958,69.019838601594,
    69.17850489723,69.337171192866,69.495837488501,69.654503784137,
    69.813170079773,69.971836375409,70.130502671045,70.289168966681,
    70.447835262316,70.606501557952,70.765167853588,70.923834149224,
    71.08250044486,71.241166740496,71.399833036132,71.558499331767,
    71.717165627403,71.875831923039,72.034498218675,72.193164514311,
    72.351830809947,72.510497105583,72.669163401218,72.827829696854,
    72.98649599249,73.145162288126,73.303828583762,73.462494879398,
    73.621161175033,73.779827470669,73.938493766305,74.097160061941,
    74.255826357577,74.414492653213,74.573158948849,74.731825244484,
    74.89049154012,75.049157835756,75.207824131392,75.366490427028,
    75.525156722664,75.683823018299,75.842489313935,76.001155609571,
    76.159821905207,76.318488200843,76.477154496479,76.635820792115,
    76.79448708775,76.953153383386,77.111819679022,77.270485974658,
    77.429152270294,77.58781856593,77.746484861565,77.905151157201,
    78.063817452837,78.222483748473,78.381150044109,78.539816339745,
    78.698482635381,78.857148931016,79.015815226652,79.174481522288,
    79.333147817924,79.49181411356,79.650480409196,79.809146704832,
    79.967813000467,80.126479296103,80.285145591739,80.443811887375,
    80.602478183011,80.761144478647,80.919810774282,81.078477069918,
    81.237143365554,81.39580966119,81.554475956826,81.713142252462,
    81.871808548098,82.030474843733,82.189141139369,82.347807435005,
    82.506473730641,82.665140026277,82.823806321913,82.982472617548,
    83.141138913184,83.29980520882,83.458471504456,83.617137800092,
    83.775804095728,83.934470391364,84.093136686999,84.251802982635,
    84.410469278271,84.569135573907,84.727801869543,84.886468165179,
    85.045134460814,85.20380075645,85.362467052086,85.521133347722,
    85.679799643358,85.838465938994,85.99713223463,86.155798530265,
    86.314464825901,86.473131121537,86.631797417173,86.790463712809,
    86.949130008445,87.107796304081,87.266462599716,87.425128895352,
    87.583795190988,87.742461486624,87.90112778226,88.059794077896,
    88.218460373531,88.377126669167,88.535792964803,88.694459260439,
    88.853125556075,89.011791851711,89.170458147347,89.329124442982,
    89.487790738618,89.646457034254,89.80512332989,89.963789625526,
    90.122455921162,90.281122216797,90.439788512433,90.598454808069,
    90.757121103705,90.915787399341,91.074453694977,91.233119990613,
    91.391786286248,91.550452581884,91.70911887752,91.867785173156,
    92.026451468792,92.185117764428,92.343784060063,92.502450355699,
    92.661116651335,92.819782946971,92.978449242607,93.137115538243,
    93.295781833879,93.454448129514,93.61311442515,93.771780720786,
    93.930447016422,94.089113312058,94.247779607694,94.40644590333,
    94.565112198965,94.723778494601,94.882444790237,95.041111085873,
    95.199777381509,95.358443677145,95.51710997278,95.675776268416,
    95.834442564052,95.993108859688,96.151775155324,96.31044145096,
    96.469107746596,96.627774042231,96.786440337867,96.945106633503,
    97.103772929139,97.262439224775,97.421105520411,97.579771816046,
    97.738438111682,97.897104407318,98.055770702954,98.21443699859,
    98.373103294226,98.531769589862,98.690435885497,98.849102181133,
    99.007768476769,99.166434772405,99.325101068041,99.483767363677,
    99.642433659313,99.801099954948,99.959766250584,100.11843254622,
    100.27709884185,100.43576513749,100.59443143312,100.75309772876,
    100.91176402439,101.07043032003,101.22909661567,101.3877629113,
    101.54642920694,101.70509550257,101.86376179821,102.02242809385,
    102.18109438948,102.33976068512,102.49842698075,102.65709327639,
    102.81575957202,102.97442586766,103.1330921633,103.29175845893,
    103.45042475457,103.6090910502,103.76775734584,103.92642364148,
    104.08508993711,104.24375623275,104.40242252838,104.56108882402,
    104.71975511966,104.87842141529,105.03708771093,105.19575400656,
    105.3544203022,105.51308659783,105.67175289347,105.83041918911,
    105.98908548474,106.14775178038,106.30641807601,106.46508437165,
    106.62375066729,106.78241696292,106.94108325856,107.09974955419,
    107.25841584983,107.41708214546,107.5757484411,107.73441473674,
    107.89308103237,108.05174732801,108.21041362364,108.36907991928,
    108.52774621492,108.68641251055,108.84507880619,109.00374510182,
    109.16241139746,109.32107769309,109.47974398873,109.63841028437,
    109.79707658,109.95574287564,110.11440917127,110.27307546691,
    110.43174176255,110.59040805818,110.74907435382,110.90774064945,
    111.06640694509,111.22507324072,111.38373953636,111.542405832,
    111.70107212763,111.85973842327,112.0184047189,112.17707101454,
    112.33573731018,112.49440360581,112.65306990145,112.81173619708,
    112.97040249272,113.12906878836,113.28773508399,113.44640137963,
    113.60506767526,113.7637339709,113.92240026653,114.08106656217,
    114.23973285781,114.39839915344,114.55706544908,114.71573174471,
    114.87439804035,115.03306433599,115.19173063162,115.35039692726,
    115.50906322289,115.66772951853,115.82639581416,115.9850621098,
    116.14372840544,116.30239470107,116.46106099671,116.61972729234,
    116.77839358798,116.93705988362,117.09572617925,117.25439247489,
    117.41305877052,117.57172506616,117.73039136179,117.88905765743,
    118.04772395307,118.2063902487,118.36505654434,118.52372283997,
    118.68238913561,118.84105543125,118.99972172688,119.15838802252,
    119.31705431815,119.47572061379,119.63438690942,119.79305320506,
    119.9517195007,120.11038579633,120.26905209197,120.4277183876,
    120.58638468324,120.74505097888,120.90371727451,121.06238357015,
    121.22104986578,121.37971616142,121.53838245706,121.69704875269,
    121.85571504833,122.01438134396,122.1730476396,122.33171393523,
    122.49038023087,122.64904652651,122.80771282214,122.96637911778,
    123.12504541341,123.28371170905,123.44237800469,123.60104430032,
    123.75971059596,123.91837689159,124.07704318723,124.23570948286,
    124.3943757785,124.55304207414,124.71170836977,124.87037466541,
    125.02904096104,125.18770725668,125.34637355232,125.50503984795,
    125.66370614359,125.82237243922,125.98103873486,126.13970503049,
    126.29837132613,126.45703762177,126.6157039174,126.77437021304,
    126.93303650867,127.09170280431,127.25036909995,127.40903539558,
    127.56770169122,127.72636798685,127.88503428249,128.04370057812,
    128.20236687376,128.3610331694,128.51969946503,128.67836576067,
    128.8370320563,128.99569835194,129.15436464758,129.31303094321,
    129.47169723885,129.63036353448,129.78902983012,129.94769612575,
    130.10636242139,130.26502871703,130.42369501266,130.5823613083,
    130.74102760393,130.89969389957,131.05836019521,131.21702649084,
    131.37569278648,131.53435908211,131.69302537775,131.85169167339,
    132.01035796902,132.16902426466,132.32769056029,132.48635685593,
    132.64502315156,132.8036894472,132.96235574284,133.12102203847,
    133.27968833411,133.43835462974,133.59702092538,133.75568722102,
    133.91435351665,134.07301981229,134.23168610792,134.39035240356,
    134.54901869919,134.70768499483,134.86635129047,135.0250175861,
    135.18368388174,135.34235017737,135.50101647301,135.65968276865,
    135.81834906428,135.97701535992,136.13568165555,136.29434795119,
    136.45301424682,136.61168054246,136.7703468381,136.92901313373,
    137.08767942937,137.246345725,137.40501202064,137.56367831628,
    137.72234461191,137.88101090755,138.03967720318,138.19834349882,
    138.35700979445,138.51567609009,138.67434238573,138.83300868136,
    138.991674977,139.15034127263,139.30900756827,139.46767386391,
    139.62634015954,139.78500645518,139.94367275081,140.10233904645,
    140.26100534209,140.41967163772,140.57833793336,140.73700422899,
    140.89567052463,141.05433682026,141.2130031159,141.37166941154,
    141.53033570717,141.68900200281,141.84766829844,142.00633459408,
    142.16500088972,142.32366718535,142.48233348099,142.64099977662,
    142.79966607226,142.95833236789,143.11699866353,143.27566495917,
    143.4343312548,143.59299755044,143.75166384607,143.91033014171,
    144.06899643735,144.22766273298,144.38632902862,144.54499532425,
    144.70366161989,144.86232791552,145.02099421116,145.1796605068,
    145.33832680243,145.49699309807,145.6556593937,145.81432568934,
    145.97299198498,146.13165828061,146.29032457625,146.44899087188,
    146.60765716752,146.76632346315,146.92498975879,147.08365605443,
    147.24232235006,147.4009886457,147.55965494133,147.71832123697,
    147.87698753261,148.03565382824,148.19432012388,148.35298641951,
    148.51165271515,148.67031901078,148.82898530642,148.98765160206,
    149.14631789769,149.30498419333,149.46365048896,149.6223167846,
    149.78098308024,149.93964937587,150.09831567151,150.25698196714,
    150.41564826278,150.57431455842,150.73298085405,150.89164714969,
    151.05031344532,151.20897974096,151.36764603659,151.52631233223,
    151.68497862787,151.8436449235,152.00231121914,152.16097751477,
    152.31964381041,152.47831010605,152.63697640168,152.79564269732,
    152.95430899295,153.11297528859,153.27164158422,153.43030787986,
    153.5889741755,153.74764047113,153.90630676677,154.0649730624,
    154.22363935804,154.38230565368,154.54097194931,154.69963824495,
    154.85830454058,155.01697083622,155.17563713185,155.33430342749,
    155.49296972313,155.65163601876,155.8103023144,155.96896861003,
    156.12763490567,156.28630120131,156.44496749694,156.60363379258,
    156.76230008821,156.92096638385,157.07963267948,157.23829897512,
    157.39696527076,157.55563156639,157.71429786203,157.87296415766,
    158.0316304533,158.19029674894,158.34896304457,158.50762934021,
    158.66629563584,158.82496193148,158.98362822712,159.14229452275,
    159.30096081839,159.45962711402,159.61829340966,159.77695970529,
    159.93562600093,160.09429229657,160.2529585922,160.41162488784,
    160.57029118347,160.72895747911,160.88762377475,161.04629007038,
    161.20495636602,161.36362266165,161.52228895729,161.68095525292,
    161.83962154856,161.9982878442,162.15695413983,162.31562043547,
    162.4742867311,162.63295302674,162.79161932238,162.95028561801,
    163.10895191365,163.26761820928,163.42628450492,163.58495080055,
    163.74361709619,163.90228339183,164.06094968746,164.2196159831,
    164.37828227873,164.53694857437,164.69561487001,164.85428116564,
    165.01294746128,165.17161375691,165.33028005255,165.48894634818,
    165.64761264382,165.80627893946,165.96494523509,166.12361153073,
    166.28227782636,166.440944122,166.59961041764,166.75827671327,
    166.91694300891,167.07560930454,167.23427560018,167.39294189582,
    167.55160819145,167.71027448709,167.86894078272,168.02760707836,
    168.18627337399,168.34493966963,168.50360596527,168.6622722609,
    168.82093855654,168.97960485217,169.13827114781,169.29693744345,
    169.45560373908,169.61427003472,169.77293633035,169.93160262599,
    170.09026892162,170.24893521726,170.4076015129,170.56626780853,
    170.72493410417,170.8836003998,171.04226669544,171.20093299108,
    171.35959928671,171.51826558235,171.67693187798,171.83559817362,
    171.99426446925,172.15293076489,172.31159706053,172.47026335616,
    172.6289296518,172.78759594743,172.94626224307,173.10492853871,
    173.26359483434,173.42226112998,173.58092742561,173.73959372125,
    173.89826001688,174.05692631252,174.21559260816,174.37425890379,
    174.53292519943,174.69159149506,174.8502577907,175.00892408634,
    175.16759038197,175.32625667761,175.48492297324,175.64358926888,
    175.80225556451,175.96092186015,176.11958815579,176.27825445142,
    176.43692074706,176.59558704269,176.75425333833,176.91291963397,
    177.0715859296,177.23025222524,177.38891852087,177.54758481651,
    177.70625111215,177.86491740778,178.02358370342,178.18224999905,
    178.34091629469,178.49958259032,178.65824888596,178.8169151816,
    178.97558147723,179.13424777287,179.2929140685,179.45158036414,
    179.61024665978,179.76891295541,179.92757925105,180.08624554668,
    180.24491184232,180.40357813795,180.56224443359,180.72091072923,
    180.87957702486,181.0382433205,181.19690961613,181.35557591177,
    181.51424220741,181.67290850304,181.83157479868,181.99024109431,
    182.14890738995,182.30757368558,182.46623998122,182.62490627686,
    182.78357257249,182.94223886813,183.10090516376,183.2595714594,
    183.41823775504,183.57690405067,183.73557034631,183.89423664194,
    184.05290293758,184.21156923321,184.37023552885,184.52890182449,
    184.68756812012,184.84623441576,185.00490071139,185.16356700703,
    185.32223330267,185.4808995983,185.63956589394,185.79823218957,
    185.95689848521,186.11556478085,186.27423107648,186.43289737212,
    186.59156366775,186.75022996339,186.90889625902,187.06756255466,
    187.2262288503,187.38489514593,187.54356144157,187.7022277372,
    187.86089403284,188.01956032848,188.17822662411,188.33689291975,
    188.49555921538,188.65422551102,188.81289180665,188.97155810229,
    189.13022439793,189.28889069356,189.4475569892,189.60622328483,
    189.76488958047,189.92355587611,190.08222217174,190.24088846738,
    190.39955476301,190.55822105865,190.71688735428,190.87555364992,
    191.03421994556,191.19288624119,191.35155253683,191.51021883246,
    191.6688851281,191.82755142374,191.98621771937,192.14488401501,
    192.30355031064,192.46221660628,192.62088290191,192.77954919755,
    192.93821549319,193.09688178882,193.25554808446,193.41421438009,
    193.57288067573,193.73154697137,193.890213267,194.04887956264,
    194.20754585827,194.36621215391,194.52487844955,194.68354474518,
    194.84221104082,195.00087733645,195.15954363209,195.31820992772,
    195.47687622336,195.635542519,195.79420881463,195.95287511027,
    196.1115414059,196.27020770154,196.42887399718,196.58754029281,
    196.74620658845,196.90487288408,197.06353917972,197.22220547535,
    197.38087177099,197.53953806663,197.69820436226,197.8568706579,
    198.01553695353,198.17420324917,198.33286954481,198.49153584044,
    198.65020213608,198.80886843171,198.96753472735,199.12620102298,
    199.28486731862,199.44353361426,199.60219990989,199.76086620553,
    199.91953250116,200.0781987968,200.23686509244,200.39553138807,
    200.55419768371,200.71286397934,200.87153027498,201.03019657061,
    201.18886286625,201.34752916189,201.50619545752,201.66486175316,
    201.82352804879,201.98219434443,202.14086064007,202.2995269357,
    202.45819323134,202.61685952697,202.77552582261,202.93419211824,
    203.09285841388,203.25152470952,203.41019100515,203.56885730079,
    203.72752359642,203.88618989206,204.0448561877,204.20352248333,
    204.36218877897,204.5208550746,204.67952137024,204.83818766588,
    204.99685396151,205.15552025715,205.31418655278,205.47285284842,
    205.63151914405,205.79018543969,205.94885173533,206.10751803096,
    206.2661843266,206.42485062223,206.58351691787,206.74218321351,
    206.90084950914,207.05951580478,207.21818210041,207.37684839605,
    207.53551469168,207.69418098732,207.85284728296,208.01151357859,
    208.17017987423,208.32884616986,208.4875124655,208.64617876114,
    208.80484505677,208.96351135241,209.12217764804,209.28084394368,
    209.43951023931,209.59817653495,209.75684283059,209.91550912622,
    210.07417542186,210.23284171749,210.39150801313,210.55017430877,
    210.7088406044,210.86750690004,211.02617319567,211.18483949131,
    211.34350578694,211.50217208258,211.66083837822,211.81950467385,
    211.97817096949,212.13683726512,212.29550356076,212.4541698564,
    212.61283615203,212.77150244767,212.9301687433,213.08883503894,
    213.24750133458,213.40616763021,213.56483392585,213.72350022148,
    213.88216651712,214.04083281275,214.19949910839,214.35816540403,
    214.51683169966,214.6754979953,214.83416429093,214.99283058657,
    215.15149688221,215.31016317784,215.46882947348,215.62749576911,
    215.78616206475,215.94482836038,216.10349465602,216.26216095166,
    216.42082724729,216.57949354293,216.73815983856,216.8968261342,
    217.05549242984,217.21415872547,217.37282502111,217.53149131674,
    217.69015761238,217.84882390801,218.00749020365,218.16615649929,
    218.32482279492,218.48348909056,218.64215538619,218.80082168183,
    218.95948797747,219.1181542731,219.27682056874,219.43548686437,
    219.59415316001,219.75281945564,219.91148575128,220.07015204692,
    220.22881834255,220.38748463819,220.54615093382,220.70481722946,
    220.8634835251,221.02214982073,221.18081611637,221.339482412,
    221.49814870764,221.65681500328,221.81548129891,221.97414759455,
    222.13281389018,222.29148018582,222.45014648145,222.60881277709,
    222.76747907273,222.92614536836,223.084811664,223.24347795963,
    223.40214425527,223.56081055091,223.71947684654,223.87814314218,
    224.03680943781,224.19547573345,224.35414202908,224.51280832472,
    224.67147462036,224.83014091599,224.98880721163,225.14747350726,
    225.3061398029,225.46480609854,225.62347239417,225.78213868981,
    225.94080498544,226.09947128108,226.25813757671,226.41680387235,
    226.57547016799,226.73413646362,226.89280275926,227.05146905489,
    227.21013535053,227.36880164617,227.5274679418,227.68613423744,
    227.84480053307,228.00346682871,228.16213312434,228.32079941998,
    228.47946571562,228.63813201125,228.79679830689,228.95546460252,
    229.11413089816,229.2727971938,229.43146348943,229.59012978507,
    229.7487960807,229.90746237634,230.06612867197,230.22479496761,
    230.38346126325,230.54212755888,230.70079385452,230.85946015015,
    231.01812644579,231.17679274143,231.33545903706,231.4941253327,
    231.65279162833,231.81145792397,231.97012421961,232.12879051524,
    232.28745681088,232.44612310651,232.60478940215,232.76345569778,
    232.92212199342,233.08078828906,233.23945458469,233.39812088033,
    233.55678717596,233.7154534716,233.87411976724,234.03278606287,
    234.19145235851,234.35011865414,234.50878494978,234.66745124541,
    234.82611754105,234.98478383669,235.14345013232,235.30211642796,
    235.46078272359,235.61944901923,235.77811531487,235.9367816105,
    236.09544790614,236.25411420177,236.41278049741,236.57144679304,
    236.73011308868,236.88877938432,237.04744567995,237.20611197559,
    237.36477827122,237.52344456686,237.6821108625,237.84077715813,
    237.99944345377,238.1581097494,238.31677604504,238.47544234067,
    238.63410863631,238.79277493195,238.95144122758,239.11010752322,
    239.26877381885,239.42744011449,239.58610641013,239.74477270576,
    239.9034390014,240.06210529703,240.22077159267,240.37943788831,
    240.53810418394,240.69677047958,240.85543677521,241.01410307085,
    241.17276936648,241.33143566212,241.49010195776,241.64876825339,
    241.80743454903,241.96610084466,242.1247671403,242.28343343594,
    242.44209973157,242.60076602721,242.75943232284,242.91809861848,
    243.07676491411,243.23543120975,243.39409750539,243.55276380102,
    243.71143009666,243.87009639229,244.02876268793,244.18742898357,
    244.3460952792,244.50476157484,244.66342787047,244.82209416611,
    244.98076046174,245.13942675738,245.29809305302,245.45675934865,
    245.61542564429,245.77409193992,245.93275823556,246.0914245312,
    246.25009082683,246.40875712247,246.5674234181,246.72608971374,
    246.88475600937,247.04342230501,247.20208860065,247.36075489628,
    247.51942119192,247.67808748755,247.83675378319,247.99542007883,
    248.15408637446,248.3127526701,248.47141896573,248.63008526137,
    248.78875155701,248.94741785264,249.10608414828,249.26475044391,
    249.42341673955,249.58208303518,249.74074933082,249.89941562646,
    250.05808192209,250.21674821773,250.37541451336,250.534080809,
    250.69274710464,250.85141340027,251.01007969591,251.16874599154,
    251.32741228718,251.48607858281,251.64474487845,251.80341117409,
    251.96207746972,252.12074376536,252.27941006099,252.43807635663,
    252.59674265227,252.7554089479,252.91407524354,253.07274153917,
    253.23140783481,253.39007413044,253.54874042608,253.70740672172,
    253.86607301735,254.02473931299,254.18340560862,254.34207190426,
    254.5007381999,254.65940449553,254.81807079117,254.9767370868,
    255.13540338244,255.29406967807,255.45273597371,255.61140226935,
    255.77006856498,255.92873486062,256.08740115625,256.24606745189,
    256.40473374753,256.56340004316,256.7220663388,256.88073263443,
    257.03939893007,257.1980652257,257.35673152134,257.51539781698,
    257.67406411261,257.83273040825,257.99139670388,258.15006299952,
    258.30872929516,258.46739559079,258.62606188643,258.78472818206,
    258.9433944777,259.10206077334,259.26072706897,259.41939336461,
    259.57805966024,259.73672595588,259.89539225151,260.05405854715,
    260.21272484279,260.37139113842,260.53005743406,260.68872372969,
    260.84739002533,261.00605632097,261.1647226166,261.32338891224,
    261.48205520787,261.64072150351,261.79938779914,261.95805409478,
    262.11672039042,262.27538668605,262.43405298169,262.59271927732,
    262.75138557296,262.9100518686,263.06871816423,263.22738445987,
    263.3860507555,263.54471705114,263.70338334677,263.86204964241,
    264.02071593805,264.17938223368,264.33804852932,264.49671482495,
    264.65538112059,264.81404741623,264.97271371186,265.1313800075,
    265.29004630313,265.44871259877,265.6073788944,265.76604519004,
    265.92471148568,266.08337778131,266.24204407695,266.40071037258,
    266.55937666822,266.71804296386,266.87670925949,267.03537555513,
    267.19404185076,267.3527081464,267.51137444204,267.67004073767,
    267.82870703331,267.98737332894,268.14603962458,268.30470592021,
    268.46337221585,268.62203851149,268.78070480712,268.93937110276,
    269.09803739839,269.25670369403,269.41536998967,269.5740362853,
    269.73270258094,269.89136887657,270.05003517221,270.20870146784,
    270.36736776348,270.52603405912,270.68470035475,270.84336665039,
    271.00203294602,271.16069924166,271.3193655373,271.47803183293,
    271.63669812857,271.7953644242,271.95403071984,272.11269701547,
    272.27136331111,272.43002960675,272.58869590238,272.74736219802,
    272.90602849365,273.06469478929,273.22336108493,273.38202738056,
    273.5406936762,273.69935997183,273.85802626747,274.0166925631,
    274.17535885874,274.33402515438,274.49269145001,274.65135774565,
    274.81002404128,274.96869033692,275.12735663256,275.28602292819,
    275.44468922383,275.60335551946,275.7620218151,275.92068811074,
    276.07935440637,276.23802070201,276.39668699764,276.55535329328,
    276.71401958891,276.87268588455,277.03135218019,277.19001847582,
    277.34868477146,277.50735106709,277.66601736273,277.82468365837,
    277.983349954,278.14201624964,278.30068254527,278.45934884091,
    278.61801513654,278.77668143218,278.93534772782,279.09401402345,
    279.25268031909,279.41134661472,279.57001291036,279.728679206,
    279.88734550163,280.04601179727,280.2046780929,280.36334438854,
    280.52201068417,280.68067697981,280.83934327545,280.99800957108,
    281.15667586672,281.31534216235,281.47400845799,281.63267475363,
    281.79134104926,281.9500073449,282.10867364053,282.26733993617,
    282.4260062318,282.58467252744,282.74333882308),
  .QUASI_UNIFORM_KNOTS.);
#6369 = CARTESIAN_POINT('',(3.14159265359,7.136414352391E-15));
#6370 = CARTESIAN_POINT('',(3.141585979477,5.28711117782E-02));
#6371 = CARTESIAN_POINT('',(3.141576160739,0.158618308118));
#6372 = CARTESIAN_POINT('',(3.141572940519,0.317266233405));
#6373 = CARTESIAN_POINT('',(3.141612058343,0.476051985034));
#6374 = CARTESIAN_POINT('',(3.141619656813,0.634741567585));
#6375 = CARTESIAN_POINT('',(3.14155869038,0.793239085163));
#6376 = CARTESIAN_POINT('',(3.141552200789,0.95187792467));
#6377 = CARTESIAN_POINT('',(3.141611817218,1.1107261087));
#6378 = CARTESIAN_POINT('',(3.141628307548,1.26942995328));
#6379 = CARTESIAN_POINT('',(3.141645312556,1.428142870959));
#6380 = CARTESIAN_POINT('',(3.141645506292,1.586800379742));
#6381 = CARTESIAN_POINT('',(3.141523170862,1.745139846966));
#6382 = CARTESIAN_POINT('',(3.141405967384,1.903465148156));
#6383 = CARTESIAN_POINT('',(3.141494342515,2.062388194179));
#6384 = CARTESIAN_POINT('',(3.141721428465,2.221686090477));
#6385 = CARTESIAN_POINT('',(3.141872153131,2.38078529307));
#6386 = CARTESIAN_POINT('',(3.141802451567,2.539266801539));
#6387 = CARTESIAN_POINT('',(3.141513839786,2.697090576174));
#6388 = CARTESIAN_POINT('',(3.141274018749,2.855153674644));
#6389 = CARTESIAN_POINT('',(3.141378609773,3.014096407636));
#6390 = CARTESIAN_POINT('',(3.141622228996,3.173394665117));
#6391 = CARTESIAN_POINT('',(3.141665437388,3.332215453592));
#6392 = CARTESIAN_POINT('',(3.141597661782,3.490674914977));
#6393 = CARTESIAN_POINT('',(3.141536574189,3.649151948732));
#6394 = CARTESIAN_POINT('',(3.141556786285,3.8079003057));
#6395 = CARTESIAN_POINT('',(3.141783065347,3.967167682346));
#6396 = CARTESIAN_POINT('',(3.141899511532,4.126128320799));
#6397 = CARTESIAN_POINT('',(3.141697655429,4.28429482371));
#6398 = CARTESIAN_POINT('',(3.141403349527,4.442115404962));
#6399 = CARTESIAN_POINT('',(3.141321972685,4.600548729122));
#6400 = CARTESIAN_POINT('',(3.141428787909,4.759533422445));
#6401 = CARTESIAN_POINT('',(3.141649729888,4.918812121753));
#6402 = CARTESIAN_POINT('',(3.141766491372,5.077813724781));
#6403 = CARTESIAN_POINT('',(3.141712191671,5.236324205777));
#6404 = CARTESIAN_POINT('',(3.14162198466,5.394732019656));
#6405 = CARTESIAN_POINT('',(3.141591600878,5.553320426402));
#6406 = CARTESIAN_POINT('',(3.141488925222,5.711692051205));
#6407 = CARTESIAN_POINT('',(3.141404104894,5.870121985694));
#6408 = CARTESIAN_POINT('',(3.141488684547,6.029033987449));
#6409 = CARTESIAN_POINT('',(3.141724485869,6.188349479776));
#6410 = CARTESIAN_POINT('',(3.141834552282,6.347351496624));
#6411 = CARTESIAN_POINT('',(3.141825247165,6.505977611609));
#6412 = CARTESIAN_POINT('',(3.141572902326,6.663920250233));
#6413 = CARTESIAN_POINT('',(3.141332881789,6.821954425212));
#6414 = CARTESIAN_POINT('',(3.141317635949,6.980587684136));
#6415 = CARTESIAN_POINT('',(3.141568825137,7.139905511561));
#6416 = CARTESIAN_POINT('',(3.141664669407,7.298861037042));
#6417 = CARTESIAN_POINT('',(3.141629991273,7.457434056304));
#6418 = CARTESIAN_POINT('',(3.141531595185,7.615788635106));
#6419 = CARTESIAN_POINT('',(3.141526620759,7.774470391388));
#6420 = CARTESIAN_POINT('',(3.141739700619,7.933709128214));
#6421 = CARTESIAN_POINT('',(3.14194390189,8.092897833344));
#6422 = CARTESIAN_POINT('',(3.141734752367,8.251059841676));
#6423 = CARTESIAN_POINT('',(3.141436480407,8.408867014874));
#6424 = CARTESIAN_POINT('',(3.141305158331,8.567172929636));
#6425 = CARTESIAN_POINT('',(3.141426709614,8.726177514208));
#6426 = CARTESIAN_POINT('',(3.141595501532,8.885320901605));
#6427 = CARTESIAN_POINT('',(3.141750233591,9.044422781912));
#6428 = CARTESIAN_POINT('',(3.141729418605,9.203024625363));
#6429 = CARTESIAN_POINT('',(3.141662262097,9.361503049319));
#6430 = CARTESIAN_POINT('',(3.141588268932,9.519967285834));
#6431 = CARTESIAN_POINT('',(3.141499302086,9.67837918601));
#6432 = CARTESIAN_POINT('',(3.141404198763,9.836787484222));
#6433 = CARTESIAN_POINT('',(3.141482624365,9.995671484511));
#6434 = CARTESIAN_POINT('',(3.141674556925,10.15487123922));
#6435 = CARTESIAN_POINT('',(3.14180847764,10.313932226164));
#6436 = CARTESIAN_POINT('',(3.141844666458,10.472680511398));
#6437 = CARTESIAN_POINT('',(3.141654471462,10.630812296724));
#6438 = CARTESIAN_POINT('',(3.141365994283,10.788678936294));
#6439 = CARTESIAN_POINT('',(3.141275495414,10.947140055769));
#6440 = CARTESIAN_POINT('',(3.141519125279,11.106431595838));
#6441 = CARTESIAN_POINT('',(3.14168781784,11.265578728432));
#6442 = CARTESIAN_POINT('',(3.141635588994,11.424113177828));
#6443 = CARTESIAN_POINT('',(3.141537347646,11.582460890025));
#6444 = CARTESIAN_POINT('',(3.141502977098,11.741057447914));
#6445 = CARTESIAN_POINT('',(3.141713292953,11.900301004845));
#6446 = CARTESIAN_POINT('',(3.141926070171,12.059518064684));
#6447 = CARTESIAN_POINT('',(3.141778835842,12.217829023313));
#6448 = CARTESIAN_POINT('',(3.141478033083,12.375650749721));
#6449 = CARTESIAN_POINT('',(3.141330947513,12.533904309184));
#6450 = CARTESIAN_POINT('',(3.141397573638,12.69274131629));
#6451 = CARTESIAN_POINT('',(3.141546649277,12.851843932428));
#6452 = CARTESIAN_POINT('',(3.141725918868,13.011005259681));
#6453 = CARTESIAN_POINT('',(3.141769661536,13.169794183004));
#6454 = CARTESIAN_POINT('',(3.141670608451,13.328188962088));
#6455 = CARTESIAN_POINT('',(3.141589902499,13.486626330306));
#6456 = CARTESIAN_POINT('',(3.141506126245,13.645061917241));
#6457 = CARTESIAN_POINT('',(3.141441191971,13.8035477157));
#6458 = CARTESIAN_POINT('',(3.141452574739,13.962239600123));
#6459 = CARTESIAN_POINT('',(3.141627461522,14.121398608779));
#6460 = CARTESIAN_POINT('',(3.141780169981,14.280497640476));
#6461 = CARTESIAN_POINT('',(3.141878998135,14.439435612043));
#6462 = CARTESIAN_POINT('',(3.141703097073,14.597613835645));
#6463 = CARTESIAN_POINT('',(3.141405710376,14.755431861923));
#6464 = CARTESIAN_POINT('',(3.141240886403,14.913719646071));
#6465 = CARTESIAN_POINT('',(3.141495871245,15.073029116402));
#6466 = CARTESIAN_POINT('',(3.141673135957,15.232191336339));
#6467 = CARTESIAN_POINT('',(3.141643631467,15.39079372714));
#6468 = CARTESIAN_POINT('',(3.141539114099,15.549128130807));
#6469 = CARTESIAN_POINT('',(3.141520426825,15.707757099519));
#6470 = CARTESIAN_POINT('',(3.141658976912,15.866820840771));
#6471 = CARTESIAN_POINT('',(3.14189763711,16.026103668058));
#6472 = CARTESIAN_POINT('',(3.14181563343,16.184567710224));
#6473 = CARTESIAN_POINT('',(3.141556915257,16.342536636479));
#6474 = CARTESIAN_POINT('',(3.141342423758,16.500584469816));
#6475 = CARTESIAN_POINT('',(3.14136876997,16.659313015328));
#6476 = CARTESIAN_POINT('',(3.141492966821,16.818354506142));
#6477 = CARTESIAN_POINT('',(3.14172595169,16.977658870423));
#6478 = CARTESIAN_POINT('',(3.1417768617,17.136479463333));
#6479 = CARTESIAN_POINT('',(3.141680054008,17.294873690277));
#6480 = CARTESIAN_POINT('',(3.141584136011,17.453266738729));
#6481 = CARTESIAN_POINT('',(3.141546965824,17.611835523552));
#6482 = CARTESIAN_POINT('',(3.141458570006,17.770247684663));
#6483 = CARTESIAN_POINT('',(3.141426606409,17.928821792794));
#6484 = CARTESIAN_POINT('',(3.141572118652,18.08790186508));
#6485 = CARTESIAN_POINT('',(3.141781275203,18.247150361784));
#6486 = CARTESIAN_POINT('',(3.141876194086,18.406098981787));
#6487 = CARTESIAN_POINT('',(3.141745130641,18.564390574565));
#6488 = CARTESIAN_POINT('',(3.141436831076,18.722178729363));
#6489 = CARTESIAN_POINT('',(3.14126324932,18.880434695147));
#6490 = CARTESIAN_POINT('',(3.141446022133,19.039555228925));
#6491 = CARTESIAN_POINT('',(3.141646229421,19.198767810609));
#6492 = CARTESIAN_POINT('',(3.141643156707,19.357445138388));
#6493 = CARTESIAN_POINT('',(3.141574789943,19.515898519801));
#6494 = CARTESIAN_POINT('',(3.141526660332,19.674422027218));
#6495 = CARTESIAN_POINT('',(3.141602908663,19.833331372925));
#6496 = CARTESIAN_POINT('',(3.141852415582,19.992631627644));
#6497 = CARTESIAN_POINT('',(3.141877945117,20.151380078022));
#6498 = CARTESIAN_POINT('',(3.141619236672,20.309374074236));
#6499 = CARTESIAN_POINT('',(3.141355429596,20.467269262481));
#6500 = CARTESIAN_POINT('',(3.141329588342,20.625872175425));
#6501 = CARTESIAN_POINT('',(3.141478447499,20.784968730287));
#6502 = CARTESIAN_POINT('',(3.141699857589,20.944247342385));
#6503 = CARTESIAN_POINT('',(3.141768280606,21.103117619126));
#6504 = CARTESIAN_POINT('',(3.141684467788,21.261538799134));
#6505 = CARTESIAN_POINT('',(3.141613277733,21.420004845313));
#6506 = CARTESIAN_POINT('',(3.14157229246,21.578563140507));
#6507 = CARTESIAN_POINT('',(3.141464218627,21.736914786023));
#6508 = CARTESIAN_POINT('',(3.141398123712,21.895407254197));
#6509 = CARTESIAN_POINT('',(3.1415501419,22.054496591477));
#6510 = CARTESIAN_POINT('',(3.141763640694,22.213760387506));
#6511 = CARTESIAN_POINT('',(3.141850716407,22.372695360224));
#6512 = CARTESIAN_POINT('',(3.141777283099,22.531130818979));
#6513 = CARTESIAN_POINT('',(3.141504196267,22.689028557798));
#6514 = CARTESIAN_POINT('',(3.141296177017,22.847159949242));
#6515 = CARTESIAN_POINT('',(3.141376316312,23.006031357769));
#6516 = CARTESIAN_POINT('',(3.141609102356,23.165314960101));
#6517 = CARTESIAN_POINT('',(3.141667184176,23.324169623379));
#6518 = CARTESIAN_POINT('',(3.14160506922,23.482652164288));
#6519 = CARTESIAN_POINT('',(3.141518537806,23.641046151823));
#6520 = CARTESIAN_POINT('',(3.141551075846,23.799845844576));
#6521 = CARTESIAN_POINT('',(3.141824381233,23.959212108267));
#6522 = CARTESIAN_POINT('',(3.141919942765,24.118150048065));
#6523 = CARTESIAN_POINT('',(3.14165993863,24.276145607827));
#6524 = CARTESIAN_POINT('',(3.14137176174,24.433980186379));
#6525 = CARTESIAN_POINT('',(3.141323836988,24.592522233582));
#6526 = CARTESIAN_POINT('',(3.141466232244,24.751583510519));
#6527 = CARTESIAN_POINT('',(3.141644005622,24.910754914563));
#6528 = CARTESIAN_POINT('',(3.141756988972,25.06973567608));
#6529 = CARTESIAN_POINT('',(3.14171459913,25.228278332041));
#6530 = CARTESIAN_POINT('',(3.141643364061,25.386747321116));
#6531 = CARTESIAN_POINT('',(3.141569808928,25.545211036623));
#6532 = CARTESIAN_POINT('',(3.141468153401,25.703587650184));
#6533 = CARTESIAN_POINT('',(3.141403459262,25.862084558422));
#6534 = CARTESIAN_POINT('',(3.141531783926,26.021099714455));
#6535 = CARTESIAN_POINT('',(3.141713798899,26.180284028252));
#6536 = CARTESIAN_POINT('',(3.141828427844,26.339280764513));
#6537 = CARTESIAN_POINT('',(3.141822275884,26.497911068452));
#6538 = CARTESIAN_POINT('',(3.141579888197,26.655899464569));
#6539 = CARTESIAN_POINT('',(3.141312720608,26.813836012364));
#6540 = CARTESIAN_POINT('',(3.141311385706,26.972534415889));
#6541 = CARTESIAN_POINT('',(3.141585619614,27.131902066641));
#6542 = CARTESIAN_POINT('',(3.141690368132,27.290894074062));
#6543 = CARTESIAN_POINT('',(3.141608604216,27.449322454058));
#6544 = CARTESIAN_POINT('',(3.141515473398,27.607692829797));
#6545 = CARTESIAN_POINT('',(3.14152922747,27.766438420471));
#6546 = CARTESIAN_POINT('',(3.141793563524,27.925797594917));
#6547 = CARTESIAN_POINT('',(3.141915144916,28.084800210658));
#6548 = CARTESIAN_POINT('',(3.141707481663,28.242926489612));
#6549 = CARTESIAN_POINT('',(3.141414138952,28.40076869422));
#6550 = CARTESIAN_POINT('',(3.141338469597,28.559216476422));
#6551 = CARTESIAN_POINT('',(3.141425345876,28.718116600773));
#6552 = CARTESIAN_POINT('',(3.141593172267,28.877272710208));
#6553 = CARTESIAN_POINT('',(3.141754806623,29.036378714156));
#6554 = CARTESIAN_POINT('',(3.14175406872,29.195049417843));
#6555 = CARTESIAN_POINT('',(3.141642191227,29.353404255659));
#6556 = CARTESIAN_POINT('',(3.141571794194,29.511872184395));
#6557 = CARTESIAN_POINT('',(3.141485580469,29.670301008745));
#6558 = CARTESIAN_POINT('',(3.141433471082,29.828821254835));
#6559 = CARTESIAN_POINT('',(3.141483084834,29.987619092224));
#6560 = CARTESIAN_POINT('',(3.141671155038,30.146819997308));
#6561 = CARTESIAN_POINT('',(3.141814302463,30.305886846782));
#6562 = CARTESIAN_POINT('',(3.14186901743,30.464706287157));
#6563 = CARTESIAN_POINT('',(3.14162384393,30.62268085039));
#6564 = CARTESIAN_POINT('',(3.141339286714,30.780557368002));
#6565 = CARTESIAN_POINT('',(3.141268467259,30.939094355935));
#6566 = CARTESIAN_POINT('',(3.14157119404,31.098517719329));
#6567 = CARTESIAN_POINT('',(3.141674664701,31.25750502873));
#6568 = CARTESIAN_POINT('',(3.141619667786,31.416012137663));
#6569 = CARTESIAN_POINT('',(3.141521351521,31.574372306693));
#6570 = CARTESIAN_POINT('',(3.141539137706,31.733113532856));
#6571 = CARTESIAN_POINT('',(3.14172175628,31.892281043307));
#6572 = CARTESIAN_POINT('',(3.141911883779,32.051437713623));
#6573 = CARTESIAN_POINT('',(3.141757657395,32.209712379437));
#6574 = CARTESIAN_POINT('',(3.141488484601,32.367640131597));
#6575 = CARTESIAN_POINT('',(3.14132875055,32.525833988603));
#6576 = CARTESIAN_POINT('',(3.141391046003,32.684678486505));
#6577 = CARTESIAN_POINT('',(3.141546841063,32.843801334136));
#6578 = CARTESIAN_POINT('',(3.141766643673,33.003066989291));
#6579 = CARTESIAN_POINT('',(3.141755064389,33.161718415558));
#6580 = CARTESIAN_POINT('',(3.141651689177,33.320086212131));
#6581 = CARTESIAN_POINT('',(3.141573884255,33.478536062776));
#6582 = CARTESIAN_POINT('',(3.141530440907,33.637085130444));
#6583 = CARTESIAN_POINT('',(3.141436150645,33.79547736089));
#6584 = CARTESIAN_POINT('',(3.141445833158,33.954175050086));
#6585 = CARTESIAN_POINT('',(3.141627579773,34.11335125423));
#6586 = CARTESIAN_POINT('',(3.141820809977,34.272559333107));
#6587 = CARTESIAN_POINT('',(3.141867725528,34.431375175992));
#6588 = CARTESIAN_POINT('',(3.141674006052,34.589476319576));
#6589 = CARTESIAN_POINT('',(3.141368310106,34.747299012914));
#6590 = CARTESIAN_POINT('',(3.141276474317,34.905770160806));
#6591 = CARTESIAN_POINT('',(3.141513755707,35.065021547984));
#6592 = CARTESIAN_POINT('',(3.141661145499,35.224116269161));
#6593 = CARTESIAN_POINT('',(3.141627111731,35.382691659352));
#6594 = CARTESIAN_POINT('',(3.141559182781,35.541145889962));
#6595 = CARTESIAN_POINT('',(3.141526142259,35.699722209698));
#6596 = CARTESIAN_POINT('',(3.141658299857,35.858778328786));
#6597 = CARTESIAN_POINT('',(3.141895019451,36.018031373058));
#6598 = CARTESIAN_POINT('',(3.141831137228,36.176565983093));
#6599 = CARTESIAN_POINT('',(3.141538296862,36.334438185374));
#6600 = CARTESIAN_POINT('',(3.141328089631,36.492485779539));
#6601 = CARTESIAN_POINT('',(3.14135248632,36.651238091065));
#6602 = CARTESIAN_POINT('',(3.141535515124,36.810422747617));
#6603 = CARTESIAN_POINT('',(3.141736770195,36.969648269613));
#6604 = CARTESIAN_POINT('',(3.141757996296,37.128384378005));
#6605 = CARTESIAN_POINT('',(3.141658221772,37.286758990759));
#6606 = CARTESIAN_POINT('',(3.141608387023,37.445288793412));
#6607 = CARTESIAN_POINT('',(3.141546237469,37.603785156127));
#6608 = CARTESIAN_POINT('',(3.141441917239,37.762146760241));
#6609 = CARTESIAN_POINT('',(3.141408875976,37.920737899451));
#6610 = CARTESIAN_POINT('',(3.141614885324,38.079968705968));
#6611 = CARTESIAN_POINT('',(3.141792691581,38.239145565887));
#6612 = CARTESIAN_POINT('',(3.141860002914,38.398014849714));
#6613 = CARTESIAN_POINT('',(3.141714415514,38.556244401499));
#6614 = CARTESIAN_POINT('',(3.141440196814,38.714154156502));
#6615 = CARTESIAN_POINT('',(3.141277481176,38.872410648196));
#6616 = CARTESIAN_POINT('',(3.141448160138,39.031511361368));
#6617 = CARTESIAN_POINT('',(3.141636704907,39.190693376481));
#6618 = CARTESIAN_POINT('',(3.141662527822,39.349455529989));
#6619 = CARTESIAN_POINT('',(3.14157721242,39.507859522583));
#6620 = CARTESIAN_POINT('',(3.141515211102,39.666338598547));
#6621 = CARTESIAN_POINT('',(3.141594753904,39.825265277899));
#6622 = CARTESIAN_POINT('',(3.141895435433,39.984683785764));
#6623 = CARTESIAN_POINT('',(3.141869963632,40.143332874858));
#6624 = CARTESIAN_POINT('',(3.141586894551,40.30122904822));
#6625 = CARTESIAN_POINT('',(3.141324939971,40.459147544891));
#6626 = CARTESIAN_POINT('',(3.141354332313,40.617902785168));
#6627 = CARTESIAN_POINT('',(3.141505974125,40.776991359208));
#6628 = CARTESIAN_POINT('',(3.141693066447,40.936189535098));
#6629 = CARTESIAN_POINT('',(3.141752610759,41.095017334827));
#6630 = CARTESIAN_POINT('',(3.141698879249,41.253530020065));
#6631 = CARTESIAN_POINT('',(3.14162356082,41.411989328724));
#6632 = CARTESIAN_POINT('',(3.141552275103,41.570456311787));
#6633 = CARTESIAN_POINT('',(3.141438819492,41.728803040086));
#6634 = CARTESIAN_POINT('',(3.141416964992,41.887419238529));
#6635 = CARTESIAN_POINT('',(3.141582096105,42.046533127995));
#6636 = CARTESIAN_POINT('',(3.141751954538,42.205694024419));
#6637 = CARTESIAN_POINT('',(3.141842656333,42.364610783433));
#6638 = CARTESIAN_POINT('',(3.141780847235,42.523090582367));
#6639 = CARTESIAN_POINT('',(3.141503314211,42.680981058764));
#6640 = CARTESIAN_POINT('',(3.141279073515,42.839052105366));
#6641 = CARTESIAN_POINT('',(3.141371540644,42.997984193296));
#6642 = CARTESIAN_POINT('',(3.141637247935,43.157341713785));
#6643 = CARTESIAN_POINT('',(3.141679633122,43.316167341587));
#6644 = CARTESIAN_POINT('',(3.141584245591,43.474537585814));
#6645 = CARTESIAN_POINT('',(3.141499594627,43.63294884259));
#6646 = CARTESIAN_POINT('',(3.14157478047,43.791865315102));
#6647 = CARTESIAN_POINT('',(3.14186331727,43.951268847189));
#6648 = CARTESIAN_POINT('',(3.141884443221,44.110028729935));
#6649 = CARTESIAN_POINT('',(3.141630142044,44.268004250613));
#6650 = CARTESIAN_POINT('',(3.141366426737,44.425932094795));
#6651 = CARTESIAN_POINT('',(3.141354153978,44.584550755413));
#6652 = CARTESIAN_POINT('',(3.141460277224,44.743515314155));
#6653 = CARTESIAN_POINT('',(3.14164105419,44.902701507688));
#6654 = CARTESIAN_POINT('',(3.141771816879,45.061721365303));
#6655 = CARTESIAN_POINT('',(3.14173007093,45.220280370126));
#6656 = CARTESIAN_POINT('',(3.141620056296,45.378636932882));
#6657 = CARTESIAN_POINT('',(3.141551064623,45.53711113943));
#6658 = CARTESIAN_POINT('',(3.141467959558,45.695548002382));
#6659 = CARTESIAN_POINT('',(3.141430717715,45.854107942014));
#6660 = CARTESIAN_POINT('',(3.141526446296,46.01303621155));
#6661 = CARTESIAN_POINT('',(3.141710178124,46.172227272745));
#6662 = CARTESIAN_POINT('',(3.141845836906,46.33126868009));
#6663 = CARTESIAN_POINT('',(3.141833325686,46.489905667001));
#6664 = CARTESIAN_POINT('',(3.141545918844,46.647750089651));
#6665 = CARTESIAN_POINT('',(3.141283595391,46.805722010945));
#6666 = CARTESIAN_POINT('',(3.141329316013,46.964543866997));
#6667 = CARTESIAN_POINT('',(3.141626225392,47.123963755656));
#6668 = CARTESIAN_POINT('',(3.141668502297,47.28279195118));
#6669 = CARTESIAN_POINT('',(3.141591857129,47.441218298161));
#6670 = CARTESIAN_POINT('',(3.14151215722,47.599645059551));
#6671 = CARTESIAN_POINT('',(3.141567925307,47.758495660502));
#6672 = CARTESIAN_POINT('',(3.141789381986,47.917751063294));
#6673 = CARTESIAN_POINT('',(3.141899276856,48.076703877366));
#6674 = CARTESIAN_POINT('',(3.141693836498,48.23483815993));
#6675 = CARTESIAN_POINT('',(3.141426189014,48.392757910813));
#6676 = CARTESIAN_POINT('',(3.141330913538,48.551130104601));
#6677 = CARTESIAN_POINT('',(3.141417338714,48.710056670188));
#6678 = CARTESIAN_POINT('',(3.141608475605,48.869265928707));
#6679 = CARTESIAN_POINT('',(3.141787631078,49.028424208489));
#6680 = CARTESIAN_POINT('',(3.141729113257,49.18694245203));
#6681 = CARTESIAN_POINT('',(3.14162421166,49.34530294268));
#6682 = CARTESIAN_POINT('',(3.141566942325,49.50381449836));
#6683 = CARTESIAN_POINT('',(3.141509046679,49.662319947295));
#6684 = CARTESIAN_POINT('',(3.141420374515,49.820726926587));
#6685 = CARTESIAN_POINT('',(3.141478039778,49.979563859523));
#6686 = CARTESIAN_POINT('',(3.141683328969,50.138801438978));
#6687 = CARTESIAN_POINT('',(3.141850964486,50.297943800963));
#6688 = CARTESIAN_POINT('',(3.141842325698,50.45660055154));
#6689 = CARTESIAN_POINT('',(3.141594335817,50.614540477262));
#6690 = CARTESIAN_POINT('',(3.141313769739,50.772464290082));
#6691 = CARTESIAN_POINT('',(3.141315929761,50.931164536098));
#6692 = CARTESIAN_POINT('',(3.141570753361,51.090469149566));
#6693 = CARTESIAN_POINT('',(3.141663014991,51.24942483336));
#6694 = CARTESIAN_POINT('',(3.141609900628,51.407933768083));
#6695 = CARTESIAN_POINT('',(3.141545376692,51.56639945961));
#6696 = CARTESIAN_POINT('',(3.141535912905,51.725054467782));
#6697 = CARTESIAN_POINT('',(3.141723074978,51.884240740883));
#6698 = CARTESIAN_POINT('',(3.141913880351,52.043377364937));
#6699 = CARTESIAN_POINT('',(3.141769671687,52.201707798581));
#6700 = CARTESIAN_POINT('',(3.14146243245,52.359511800372));
#6701 = CARTESIAN_POINT('',(3.14131570951,52.51774865671));
#6702 = CARTESIAN_POINT('',(3.141386039368,52.676632471443));
#6703 = CARTESIAN_POINT('',(3.141594846732,52.835882017077));
#6704 = CARTESIAN_POINT('',(3.141758685686,52.995009416968));
#6705 = CARTESIAN_POINT('',(3.141737541641,53.153620002912));
#6706 = CARTESIAN_POINT('',(3.141637363948,53.311995851151));
#6707 = CARTESIAN_POINT('',(3.141602584678,53.470570482356));
#6708 = CARTESIAN_POINT('',(3.141516956886,53.62899596612));
#6709 = CARTESIAN_POINT('',(3.141419549147,53.787382017967));
#6710 = CARTESIAN_POINT('',(3.141440330002,53.946122846529));
#6711 = CARTESIAN_POINT('',(3.141674797919,54.105430053586));
#6712 = CARTESIAN_POINT('',(3.141815297578,54.264513097669));
#6713 = CARTESIAN_POINT('',(3.141851965382,54.423281423757));
#6714 = CARTESIAN_POINT('',(3.141644666813,54.581342003164));
#6715 = CARTESIAN_POINT('',(3.141382193454,54.739299787626));
#6716 = CARTESIAN_POINT('',(3.141283972759,54.897723806718));
#6717 = CARTESIAN_POINT('',(3.14151381528,55.056978799398));
#6718 = CARTESIAN_POINT('',(3.141655394378,55.216048889986));
#6719 = CARTESIAN_POINT('',(3.141649684596,55.374714993687));
#6720 = CARTESIAN_POINT('',(3.141551525977,55.533072897937));
#6721 = CARTESIAN_POINT('',(3.141515797031,55.691647637562));
#6722 = CARTESIAN_POINT('',(3.141660721849,55.850733300774));
#6723 = CARTESIAN_POINT('',(3.141936816682,56.010088897652));
#6724 = CARTESIAN_POINT('',(3.141805314265,56.168468781024));
#6725 = CARTESIAN_POINT('',(3.141509481607,56.326298889446));
#6726 = CARTESIAN_POINT('',(3.141304068262,56.48438881209));
#6727 = CARTESIAN_POINT('',(3.141389993389,56.643296909885));
#6728 = CARTESIAN_POINT('',(3.141548920483,56.802409406176));
#6729 = CARTESIAN_POINT('',(3.141729256757,56.961586418837));
#6730 = CARTESIAN_POINT('',(3.141742862876,57.120284384285));
#6731 = CARTESIAN_POINT('',(3.141681393973,57.278777251052));
#6732 = CARTESIAN_POINT('',(3.141605037462,57.437234742265));
#6733 = CARTESIAN_POINT('',(3.141527875766,57.595682003377));
#6734 = CARTESIAN_POINT('',(3.141416851644,57.754040641214));
#6735 = CARTESIAN_POINT('',(3.141444241563,57.91278943293));
#6736 = CARTESIAN_POINT('',(3.141630220368,58.07196428189));
#6737 = CARTESIAN_POINT('',(3.14178356083,58.231082820858));
#6738 = CARTESIAN_POINT('',(3.141849815221,58.389920600629));
#6739 = CARTESIAN_POINT('',(3.141723287709,58.548225996913));
#6740 = CARTESIAN_POINT('',(3.141429893743,58.706073051151));
#6741 = CARTESIAN_POINT('',(3.141265598997,58.864325309453));
#6742 = CARTESIAN_POINT('',(3.141445373436,59.023465586996));
#6743 = CARTESIAN_POINT('',(3.141671597145,59.182742097892));
#6744 = CARTESIAN_POINT('',(3.141659421868,59.341407105733));
#6745 = CARTESIAN_POINT('',(3.141560981403,59.499756711455));
#6746 = CARTESIAN_POINT('',(3.141494156031,59.658240485115));
#6747 = CARTESIAN_POINT('',(3.141638807926,59.817332158032));
#6748 = CARTESIAN_POINT('',(3.141908633829,59.976684495576));
#6749 = CARTESIAN_POINT('',(3.141838903947,60.135210800809));
#6750 = CARTESIAN_POINT('',(3.141551328153,60.293077878089));
#6751 = CARTESIAN_POINT('',(3.141339164351,60.451151208484));
#6752 = CARTESIAN_POINT('',(3.14137373964,60.609896994223));
#6753 = CARTESIAN_POINT('',(3.1415027399,60.768936956435));
#6754 = CARTESIAN_POINT('',(3.14168701355,60.928121931486));
#6755 = CARTESIAN_POINT('',(3.141776942771,61.087033156519));
#6756 = CARTESIAN_POINT('',(3.141699975305,61.245492947233));
#6757 = CARTESIAN_POINT('',(3.141605319034,61.403890702242));
#6758 = CARTESIAN_POINT('',(3.141528113241,61.562343964476));
#6759 = CARTESIAN_POINT('',(3.141453761529,61.720804266154));
#6760 = CARTESIAN_POINT('',(3.141435274384,61.879414390115));
#6761 = CARTESIAN_POINT('',(3.141578714905,62.038480454471));
#6762 = CARTESIAN_POINT('',(3.141745813629,62.197623349664));
#6763 = CARTESIAN_POINT('',(3.141870180325,62.356631622175));
#6764 = CARTESIAN_POINT('',(3.141774137821,62.515037117564));
#6765 = CARTESIAN_POINT('',(3.141474741062,62.672842027725));
#6766 = CARTESIAN_POINT('',(3.141247131039,62.830941900345));
#6767 = CARTESIAN_POINT('',(3.141412377882,62.990043772179));
#6768 = CARTESIAN_POINT('',(3.141658097516,63.149356931638));
#6769 = CARTESIAN_POINT('',(3.141659784855,63.308065192436));
#6770 = CARTESIAN_POINT('',(3.141563182771,63.466423529154));
#6771 = CARTESIAN_POINT('',(3.141512597277,63.624948346914));
#6772 = CARTESIAN_POINT('',(3.141606971301,63.783901925234));
#6773 = CARTESIAN_POINT('',(3.141854401036,63.943213585317));
#6774 = CARTESIAN_POINT('',(3.141864266358,64.1019123959));
#6775 = CARTESIAN_POINT('',(3.141626635112,64.259951255767));
#6776 = CARTESIAN_POINT('',(3.141374881285,64.417903817714));
#6777 = CARTESIAN_POINT('',(3.14134705544,64.576469990852));
#6778 = CARTESIAN_POINT('',(3.14145035441,64.73545248648));
#6779 = CARTESIAN_POINT('',(3.14167179343,64.894733261946));
#6780 = CARTESIAN_POINT('',(3.141789104486,65.053729689374));
#6781 = CARTESIAN_POINT('',(3.141704300082,65.212166600389));
#6782 = CARTESIAN_POINT('',(3.141600760718,65.370533091063));
#6783 = CARTESIAN_POINT('',(3.141559395977,65.529090749599));
#6784 = CARTESIAN_POINT('',(3.14148379422,65.687542621628));
#6785 = CARTESIAN_POINT('',(3.141416652883,65.846012669442));
#6786 = CARTESIAN_POINT('',(3.141521615231,66.004982649729));
#6787 = CARTESIAN_POINT('',(3.141736049051,66.164244118424));
#6788 = CARTESIAN_POINT('',(3.141869861115,66.323297943661));
#6789 = CARTESIAN_POINT('',(3.141799912638,66.481773509473));
#6790 = CARTESIAN_POINT('',(3.141513100799,66.639606931704));
#6791 = CARTESIAN_POINT('',(3.14127755417,66.79768082064));
#6792 = CARTESIAN_POINT('',(3.141376658923,66.956607297007));
#6793 = CARTESIAN_POINT('',(3.141614575211,67.115890783284));
#6794 = CARTESIAN_POINT('',(3.141656028126,67.274703810619));
#6795 = CARTESIAN_POINT('',(3.141592441951,67.433175005194));
#6796 = CARTESIAN_POINT('',(3.141534052052,67.591662019719));
#6797 = CARTESIAN_POINT('',(3.141560207875,67.750428013842));
#6798 = CARTESIAN_POINT('',(3.14179179676,67.909705995089));
#6799 = CARTESIAN_POINT('',(3.141907615981,68.068665819186));
#6800 = CARTESIAN_POINT('',(3.14169722983,68.226811737997));
#6801 = CARTESIAN_POINT('',(3.14139888698,68.384619206947));
#6802 = CARTESIAN_POINT('',(3.141316781088,68.543052357743));
#6803 = CARTESIAN_POINT('',(3.14142924553,68.702051754324));
#6804 = CARTESIAN_POINT('',(3.141651511357,68.861334195605));
#6805 = CARTESIAN_POINT('',(3.141767445942,69.02033404062));
#6806 = CARTESIAN_POINT('',(3.141711729833,69.178839604584));
#6807 = CARTESIAN_POINT('',(3.141622927856,69.337251854454));
#6808 = CARTESIAN_POINT('',(3.141591191671,69.495836391618));
#6809 = CARTESIAN_POINT('',(3.141488017179,69.654206337511));
#6810 = CARTESIAN_POINT('',(3.141402894275,69.812636373617));
#6811 = CARTESIAN_POINT('',(3.141490692959,69.97155652664));
#6812 = CARTESIAN_POINT('',(3.141724978009,70.130868279152));
#6813 = CARTESIAN_POINT('',(3.141833911206,70.289867333846));
#6814 = CARTESIAN_POINT('',(3.141824259206,70.448491107101));
#6815 = CARTESIAN_POINT('',(3.141573238582,70.606438695403));
#6816 = CARTESIAN_POINT('',(3.141332914047,70.764471228666));
#6817 = CARTESIAN_POINT('',(3.141317528817,70.923104136235));
#6818 = CARTESIAN_POINT('',(3.141568376457,71.082421581867));
#6819 = CARTESIAN_POINT('',(3.14166578551,71.241381318548));
#6820 = CARTESIAN_POINT('',(3.141629787983,71.3999507347));
#6821 = CARTESIAN_POINT('',(3.141530726818,71.558302867834));
#6822 = CARTESIAN_POINT('',(3.141525783206,71.716985658363));
#6823 = CARTESIAN_POINT('',(3.141742360731,71.876232674772));
#6824 = CARTESIAN_POINT('',(3.141944013276,72.035416239573));
#6825 = CARTESIAN_POINT('',(3.141732865782,72.193571809701));
#6826 = CARTESIAN_POINT('',(3.141434470379,72.351378677208));
#6827 = CARTESIAN_POINT('',(3.141306221634,72.509693494102));
#6828 = CARTESIAN_POINT('',(3.141427942281,72.668697627712));
#6829 = CARTESIAN_POINT('',(3.141595262253,72.827837583818));
#6830 = CARTESIAN_POINT('',(3.1417496012,72.986937780887));
#6831 = CARTESIAN_POINT('',(3.141730292639,73.145544035643));
#6832 = CARTESIAN_POINT('',(3.14166253305,73.304021149232));
#6833 = CARTESIAN_POINT('',(3.141587165652,73.462481242434));
#6834 = CARTESIAN_POINT('',(3.14149787403,73.620892507372));
#6835 = CARTESIAN_POINT('',(3.14140496399,73.779307094739));
#6836 = CARTESIAN_POINT('',(3.14148406011,73.938192217088));
#6837 = CARTESIAN_POINT('',(3.14167408509,74.097387495463));
#6838 = CARTESIAN_POINT('',(3.141808049469,74.256447581036));
#6839 = CARTESIAN_POINT('',(3.141845490573,74.415199620736));
#6840 = CARTESIAN_POINT('',(3.141654072868,74.573328658252));
#6841 = CARTESIAN_POINT('',(3.141364535158,74.731191342988));
#6842 = CARTESIAN_POINT('',(3.141274451673,74.889655413213));
#6843 = CARTESIAN_POINT('',(3.141521134752,75.048953864072));
#6844 = CARTESIAN_POINT('',(3.141688597662,75.208098541282));
#6845 = CARTESIAN_POINT('',(3.14163435291,75.366626514892));
#6846 = CARTESIAN_POINT('',(3.141536124284,75.524974368582));
#6847 = CARTESIAN_POINT('',(3.141503856015,75.683577476062));
#6848 = CARTESIAN_POINT('',(3.141715436366,75.842823603264));
#6849 = CARTESIAN_POINT('',(3.141924725986,76.002032716552));
#6850 = CARTESIAN_POINT('',(3.141777268462,76.160341120692));
#6851 = CARTESIAN_POINT('',(3.141477593432,76.318167090982));
#6852 = CARTESIAN_POINT('',(3.141332016357,76.476424057024));
#6853 = CARTESIAN_POINT('',(3.141397169911,76.63525683188));
#6854 = CARTESIAN_POINT('',(3.141546278588,76.79436036969));
#6855 = CARTESIAN_POINT('',(3.14172717513,76.953525480347));
#6856 = CARTESIAN_POINT('',(3.141770398293,77.112313701229));
#6857 = CARTESIAN_POINT('',(3.141669198072,77.270702301281));
#6858 = CARTESIAN_POINT('',(3.141588818752,77.429140367285));
#6859 = CARTESIAN_POINT('',(3.141506299646,77.58757978344));
#6860 = CARTESIAN_POINT('',(3.141442180968,77.746067418998));
#6861 = CARTESIAN_POINT('',(3.141452068319,77.904755010461));
#6862 = CARTESIAN_POINT('',(3.141627249128,78.063915301736));
#6863 = CARTESIAN_POINT('',(3.141781315167,78.223017459343));
#6864 = CARTESIAN_POINT('',(3.141879964069,78.381955917078));
#6865 = CARTESIAN_POINT('',(3.141701077028,78.540125319105));
#6866 = CARTESIAN_POINT('',(3.141403856357,78.697944124413));
#6867 = CARTESIAN_POINT('',(3.141241174973,78.856238410694));
#6868 = CARTESIAN_POINT('',(3.141498382722,79.015552445155));
#6869 = CARTESIAN_POINT('',(3.141672143619,79.174706171864));
#6870 = CARTESIAN_POINT('',(3.141642794522,79.333307980793));
#6871 = CARTESIAN_POINT('',(3.141538971217,79.4916451207));
#6872 = CARTESIAN_POINT('',(3.141521895643,79.650278365596));
#6873 = CARTESIAN_POINT('',(3.14165881369,79.809337779844));
#6874 = CARTESIAN_POINT('',(3.141897432665,79.968619871124));
#6875 = CARTESIAN_POINT('',(3.141815309221,80.12708360318));
#6876 = CARTESIAN_POINT('',(3.141557077955,80.285054509111));
#6877 = CARTESIAN_POINT('',(3.14134149393,80.44309810344));
#6878 = CARTESIAN_POINT('',(3.141368302297,80.601829345344));
#6879 = CARTESIAN_POINT('',(3.141493727659,80.760873932725));
#6880 = CARTESIAN_POINT('',(3.141728005988,80.920181598873));
#6881 = CARTESIAN_POINT('',(3.141775531557,81.078993499258));
#6882 = CARTESIAN_POINT('',(3.14167922333,81.237388158519));
#6883 = CARTESIAN_POINT('',(3.14158396283,81.395783481557));
#6884 = CARTESIAN_POINT('',(3.141548115242,81.554355887836));
#6885 = CARTESIAN_POINT('',(3.141457523947,81.712761417764));
#6886 = CARTESIAN_POINT('',(3.141426238164,81.871338213409));
#6887 = CARTESIAN_POINT('',(3.141572843957,82.030420992091));
#6888 = CARTESIAN_POINT('',(3.141783300677,82.189673125535));
#6889 = CARTESIAN_POINT('',(3.141875057617,82.348613824441));
#6890 = CARTESIAN_POINT('',(3.14174404211,82.50690401246));
#6891 = CARTESIAN_POINT('',(3.141435387822,82.664692592457));
#6892 = CARTESIAN_POINT('',(3.141264865572,82.82295603521));
#6893 = CARTESIAN_POINT('',(3.141446235731,82.982072378319));
#6894 = CARTESIAN_POINT('',(3.141646295187,83.141285348449));
#6895 = CARTESIAN_POINT('',(3.141642800371,83.29996104186));
#6896 = CARTESIAN_POINT('',(3.141575850222,83.458418958121));
#6897 = CARTESIAN_POINT('',(3.141525994973,83.616937010959));
#6898 = CARTESIAN_POINT('',(3.141603344588,83.775849988838));
#6899 = CARTESIAN_POINT('',(3.141853066191,83.935149585859));
#6900 = CARTESIAN_POINT('',(3.141878867049,84.093900174481));
#6901 = CARTESIAN_POINT('',(3.141617258328,84.251885736838));
#6902 = CARTESIAN_POINT('',(3.14135496659,84.409784914805));
#6903 = CARTESIAN_POINT('',(3.141329113999,84.568388806873));
#6904 = CARTESIAN_POINT('',(3.141480850384,84.727492296991));
#6905 = CARTESIAN_POINT('',(3.141699590267,84.886764069172));
#6906 = CARTESIAN_POINT('',(3.141768379246,85.045634976106));
#6907 = CARTESIAN_POINT('',(3.141683585822,85.204053188887));
#6908 = CARTESIAN_POINT('',(3.141614748523,85.362526130151));
#6909 = CARTESIAN_POINT('',(3.141571221341,85.52107722728));
#6910 = CARTESIAN_POINT('',(3.14146423688,85.679431829363));
#6911 = CARTESIAN_POINT('',(3.141397269475,85.837922630435));
#6912 = CARTESIAN_POINT('',(3.141552734018,85.997020619831));
#6913 = CARTESIAN_POINT('',(3.14176323025,86.156276956431));
#6914 = CARTESIAN_POINT('',(3.141851235695,86.31521397665));
#6915 = CARTESIAN_POINT('',(3.141775915904,86.473643527707));
#6916 = CARTESIAN_POINT('',(3.141504706932,86.631547490766));
#6917 = CARTESIAN_POINT('',(3.141295505224,86.789674536731));
#6918 = CARTESIAN_POINT('',(3.141377354819,86.948551342426));
#6919 = CARTESIAN_POINT('',(3.141608919894,87.107831568809));
#6920 = CARTESIAN_POINT('',(3.141668609216,87.266691035606));
#6921 = CARTESIAN_POINT('',(3.141604206599,87.425166727054));
#6922 = CARTESIAN_POINT('',(3.141518526246,87.583563170154));
#6923 = CARTESIAN_POINT('',(3.141550625156,87.742362003991));
#6924 = CARTESIAN_POINT('',(3.1418272683,87.901736334117));
#6925 = CARTESIAN_POINT('',(3.141918613717,88.060664854525));
#6926 = CARTESIAN_POINT('',(3.14165891846,88.218659460559));
#6927 = CARTESIAN_POINT('',(3.141369972374,88.376492907208));
#6928 = CARTESIAN_POINT('',(3.141325640674,88.535044495779));
#6929 = CARTESIAN_POINT('',(3.141466656207,88.694101449211));
#6930 = CARTESIAN_POINT('',(3.141644387568,88.853273382975));
#6931 = CARTESIAN_POINT('',(3.141756355966,89.012250567911));
#6932 = CARTESIAN_POINT('',(3.141715820606,89.170798862076));
#6933 = CARTESIAN_POINT('',(3.141642858917,89.329263246617));
#6934 = CARTESIAN_POINT('',(3.141569264883,89.487726474239));
#6935 = CARTESIAN_POINT('',(3.141466769109,89.646101296275));
#6936 = CARTESIAN_POINT('',(3.141404933298,89.804605891185));
#6937 = CARTESIAN_POINT('',(3.141532490924,89.96361854581));
#6938 = CARTESIAN_POINT('',(3.141713776981,90.122801540117));
#6939 = CARTESIAN_POINT('',(3.141828087691,90.281796164589));
#6940 = CARTESIAN_POINT('',(3.14182316163,90.440430688661));
#6941 = CARTESIAN_POINT('',(3.141578816713,90.598413684823));
#6942 = CARTESIAN_POINT('',(3.141311771872,90.756350135361));
#6943 = CARTESIAN_POINT('',(3.141310847551,90.915050967216));
#6944 = CARTESIAN_POINT('',(3.141587952044,91.074425274468));
#6945 = CARTESIAN_POINT('',(3.141690212047,91.233411289179));
#6946 = CARTESIAN_POINT('',(3.141607767253,91.391836762035));
#6947 = CARTESIAN_POINT('',(3.141514244435,91.550206628084));
#6948 = CARTESIAN_POINT('',(3.141531002835,91.708960605161));
#6949 = CARTESIAN_POINT('',(3.141794803108,91.868318125348));
#6950 = CARTESIAN_POINT('',(3.141913904758,92.0273147595));
#6951 = CARTESIAN_POINT('',(3.141705754413,92.185438269174));
#6952 = CARTESIAN_POINT('',(3.141414412941,92.343287036895));
#6953 = CARTESIAN_POINT('',(3.141339125061,92.501734811371));
#6954 = CARTESIAN_POINT('',(3.141425132748,92.66063299096));
#6955 = CARTESIAN_POINT('',(3.141592869755,92.819789134116));
#6956 = CARTESIAN_POINT('',(3.141756434223,92.978900057947));
#6957 = CARTESIAN_POINT('',(3.141754001142,93.137566812185));
#6958 = CARTESIAN_POINT('',(3.141641062572,93.295918205383));
#6959 = CARTESIAN_POINT('',(3.141570584613,93.454385995967));
#6960 = CARTESIAN_POINT('',(3.14148637558,93.612820561412));
#6961 = CARTESIAN_POINT('',(3.141433966285,93.771339423078));
#6962 = CARTESIAN_POINT('',(3.141482810856,93.930135375736));
#6963 = CARTESIAN_POINT('',(3.141670844365,94.089336207955));
#6964 = CARTESIAN_POINT('',(3.141815991269,94.248408275109));
#6965 = CARTESIAN_POINT('',(3.141868984991,94.407224049081));
#6966 = CARTESIAN_POINT('',(3.141622006223,94.565192411367));
#6967 = CARTESIAN_POINT('',(3.141337170713,94.723069599893));
#6968 = CARTESIAN_POINT('',(3.141270104867,94.88161607244));
#6969 = CARTESIAN_POINT('',(3.141572767586,95.041038899233));
#6970 = CARTESIAN_POINT('',(3.141673643339,95.200019582816));
#6971 = CARTESIAN_POINT('',(3.141618539956,95.358525541131));
#6972 = CARTESIAN_POINT('',(3.141521921586,95.516891474992));
#6973 = CARTESIAN_POINT('',(3.141540295054,95.675633751217));
#6974 = CARTESIAN_POINT('',(3.141721579329,95.834798120795));
#6975 = CARTESIAN_POINT('',(3.141911189487,95.993952261984));
#6976 = CARTESIAN_POINT('',(3.141757764843,96.152229796906));
#6977 = CARTESIAN_POINT('',(3.141488260226,96.310156674826));
#6978 = CARTESIAN_POINT('',(3.141328022885,96.468348239539));
#6979 = CARTESIAN_POINT('',(3.141390216513,96.627194037737));
#6980 = CARTESIAN_POINT('',(3.141548544464,96.786323071615));
#6981 = CARTESIAN_POINT('',(3.14176783353,96.945587637634));
#6982 = CARTESIAN_POINT('',(3.141753656584,97.104232004761));
#6983 = CARTESIAN_POINT('',(3.141650440359,97.262599552626));
#6984 = CARTESIAN_POINT('',(3.141574520789,97.421055073031));
#6985 = CARTESIAN_POINT('',(3.141531057094,97.57960394663));
#6986 = CARTESIAN_POINT('',(3.141435104247,97.737991063219));
#6987 = CARTESIAN_POINT('',(3.141445115864,97.896690666729));
#6988 = CARTESIAN_POINT('',(3.141629165005,98.055872559295));
#6989 = CARTESIAN_POINT('',(3.141822152636,98.215080530409));
#6990 = CARTESIAN_POINT('',(3.14186633975,98.37388907575));
#6991 = CARTESIAN_POINT('',(3.141672202074,98.531987785424));
#6992 = CARTESIAN_POINT('',(3.141367785924,98.689815616886));
#6993 = CARTESIAN_POINT('',(3.141278170119,98.848291208479));
#6994 = CARTESIAN_POINT('',(3.141513600134,99.007538128799));
#6995 = CARTESIAN_POINT('',(3.141660533447,99.166631604759));
#6996 = CARTESIAN_POINT('',(3.141627394882,99.325209596467));
#6997 = CARTESIAN_POINT('',(3.141559942336,99.483665332432));
#6998 = CARTESIAN_POINT('',(3.14152545261,99.64223722205));
#6999 = CARTESIAN_POINT('',(3.141658193064,99.801295207375));
#7000 = CARTESIAN_POINT('',(3.141896250787,99.960550988388));
#7001 = CARTESIAN_POINT('',(3.141831295868,100.1190843116));
#7002 = CARTESIAN_POINT('',(3.141536354571,100.2769494513));
#7003 = CARTESIAN_POINT('',(3.141326921766,100.43499996874));
#7004 = CARTESIAN_POINT('',(3.141353087135,100.59375747406));
#7005 = CARTESIAN_POINT('',(3.141537638213,100.75294548572));
#7006 = CARTESIAN_POINT('',(3.141736090572,100.91216403654));
#7007 = CARTESIAN_POINT('',(3.141757169413,101.07089880004));
#7008 = CARTESIAN_POINT('',(3.141658202872,101.22927596943));
#7009 = CARTESIAN_POINT('',(3.141609542346,101.38780921531));
#7010 = CARTESIAN_POINT('',(3.141544993701,101.54629859483));
#7011 = CARTESIAN_POINT('',(3.141440859159,101.70466109725));
#7012 = CARTESIAN_POINT('',(3.141409248334,101.86325648952));
#7013 = CARTESIAN_POINT('',(3.141617139342,102.02249184355));
#7014 = CARTESIAN_POINT('',(3.141791915951,102.18166132379));
#7015 = CARTESIAN_POINT('',(3.141859592289,102.3405302427));
#7016 = CARTESIAN_POINT('',(3.141713615144,102.49875911973));
#7017 = CARTESIAN_POINT('',(3.141440639664,102.65667271092));
#7018 = CARTESIAN_POINT('',(3.141276836129,102.81492520815));
#7019 = CARTESIAN_POINT('',(3.141448411253,102.97402952785));
#7020 = CARTESIAN_POINT('',(3.141637216968,103.13321178611));
#7021 = CARTESIAN_POINT('',(3.141663577746,103.29197602733));
#7022 = CARTESIAN_POINT('',(3.14157611126,103.45037313492));
#7023 = CARTESIAN_POINT('',(3.141514704641,103.6088544719));
#7024 = CARTESIAN_POINT('',(3.141595425186,103.76778417604));
#7025 = CARTESIAN_POINT('',(3.14189776538,103.92720695368));
#7026 = CARTESIAN_POINT('',(3.141867927958,104.0858455962));
#7027 = CARTESIAN_POINT('',(3.141585644849,104.24374213076));
#7028 = CARTESIAN_POINT('',(3.141324032858,104.40166293509));
#7029 = CARTESIAN_POINT('',(3.141356322748,104.5604252442));
#7030 = CARTESIAN_POINT('',(3.141505822792,104.71950789465));
#7031 = CARTESIAN_POINT('',(3.141693402324,104.8787076978));
#7032 = CARTESIAN_POINT('',(3.141752392187,105.03753342306));
#7033 = CARTESIAN_POINT('',(3.141700074919,105.19605059662));
#7034 = CARTESIAN_POINT('',(3.141622463033,105.35450352902));
#7035 = CARTESIAN_POINT('',(3.141551900605,105.5129722671));
#7036 = CARTESIAN_POINT('',(3.141437920382,105.67131815408));
#7037 = CARTESIAN_POINT('',(3.141418830678,105.82994139304));
#7038 = CARTESIAN_POINT('',(3.141582000492,105.9890499819));
#7039 = CARTESIAN_POINT('',(3.141752438079,106.14821269028));
#7040 = CARTESIAN_POINT('',(3.141842587574,106.30712694441));
#7041 = CARTESIAN_POINT('',(3.141781557263,106.46560999191));
#7042 = CARTESIAN_POINT('',(3.141501625894,106.62349318366));
#7043 = CARTESIAN_POINT('',(3.1412788733,106.78156892779));
#7044 = CARTESIAN_POINT('',(3.141371744893,106.94050225798));
#7045 = CARTESIAN_POINT('',(3.141639485857,107.09986498553));
#7046 = CARTESIAN_POINT('',(3.141678535642,107.25868164848));
#7047 = CARTESIAN_POINT('',(3.141584302882,107.41705459726));
#7048 = CARTESIAN_POINT('',(3.141498600027,107.57546354896));
#7049 = CARTESIAN_POINT('',(3.141577253871,107.7343890428));
#7050 = CARTESIAN_POINT('',(3.141863191297,107.89378625089));
#7051 = CARTESIAN_POINT('',(3.141884245794,108.0525454095));
#7052 = CARTESIAN_POINT('',(3.141628358275,108.21051625796));
#7053 = CARTESIAN_POINT('',(3.141367358782,108.36845207344));
#7054 = CARTESIAN_POINT('',(3.141354075695,108.52706690522));
#7055 = CARTESIAN_POINT('',(3.141460928076,108.68603452538));
#7056 = CARTESIAN_POINT('',(3.141640994922,108.84521832409));
#7057 = CARTESIAN_POINT('',(3.141773552535,109.00424322859));
#7058 = CARTESIAN_POINT('',(3.141729063935,109.16279512785));
#7059 = CARTESIAN_POINT('',(3.14161985103,109.32115335901));
#7060 = CARTESIAN_POINT('',(3.141549936452,109.47962528953));
#7061 = CARTESIAN_POINT('',(3.141469199152,109.63806869605));
#7062 = CARTESIAN_POINT('',(3.141430517286,109.796624063));
#7063 = CARTESIAN_POINT('',(3.141526948189,109.95555491356));
#7064 = CARTESIAN_POINT('',(3.141710030544,110.11474370155));
#7065 = CARTESIAN_POINT('',(3.141847768592,110.27379102962));
#7066 = CARTESIAN_POINT('',(3.141832132805,110.43242018454));
#7067 = CARTESIAN_POINT('',(3.14154480693,110.59026353762));
#7068 = CARTESIAN_POINT('',(3.141281692334,110.74823525564));
#7069 = CARTESIAN_POINT('',(3.141331978381,110.90706773026));
#7070 = CARTESIAN_POINT('',(3.141626565869,111.06648197667));
#7071 = CARTESIAN_POINT('',(3.141668041922,111.22530783543));
#7072 = CARTESIAN_POINT('',(3.141590714831,111.38373186121));
#7073 = CARTESIAN_POINT('',(3.141513331895,111.54216590135));
#7074 = CARTESIAN_POINT('',(3.141568482461,111.70101419851));
#7075 = CARTESIAN_POINT('',(3.141789670262,111.8602693524));
#7076 = CARTESIAN_POINT('',(3.141898415632,112.01921787066));
#7077 = CARTESIAN_POINT('',(3.141694211516,112.17735658648));
#7078 = CARTESIAN_POINT('',(3.141425488237,112.33527275085));
#7079 = CARTESIAN_POINT('',(3.141330670207,112.49364607461));
#7080 = CARTESIAN_POINT('',(3.141416658729,112.65257262442));
#7081 = CARTESIAN_POINT('',(3.141610796931,112.81178919744));
#7082 = CARTESIAN_POINT('',(3.141787737658,112.97094214081));
#7083 = CARTESIAN_POINT('',(3.141728108354,113.12945685561));
#7084 = CARTESIAN_POINT('',(3.141622995076,113.28781653152));
#7085 = CARTESIAN_POINT('',(3.141568114409,113.4463349738));
#7086 = CARTESIAN_POINT('',(3.141508960028,113.60483667825));
#7087 = CARTESIAN_POINT('',(3.141419670086,113.76324174972));
#7088 = CARTESIAN_POINT('',(3.141477534191,113.92208002849));
#7089 = CARTESIAN_POINT('',(3.141685450897,114.08132415939));
#7090 = CARTESIAN_POINT('',(3.141851397915,114.24046279677));
#7091 = CARTESIAN_POINT('',(3.141841040408,114.39911427376));
#7092 = CARTESIAN_POINT('',(3.1415923079,114.55705171818));
#7093 = CARTESIAN_POINT('',(3.141314135435,114.71498317649));
#7094 = CARTESIAN_POINT('',(3.14131733788,114.87368455603));
#7095 = CARTESIAN_POINT('',(3.141570528796,115.03298585558));
#7096 = CARTESIAN_POINT('',(3.141662255027,115.19193954402));
#7097 = CARTESIAN_POINT('',(3.141610645675,115.3504532221));
#7098 = CARTESIAN_POINT('',(3.141545678731,115.5089173956));
#7099 = CARTESIAN_POINT('',(3.141535412869,115.66757024103));
#7100 = CARTESIAN_POINT('',(3.141723053137,115.82675747544));
#7101 = CARTESIAN_POINT('',(3.14191531781,115.98589788663));
#7102 = CARTESIAN_POINT('',(3.141769006816,116.14422388771));
#7103 = CARTESIAN_POINT('',(3.141460779265,116.30202358612));
#7104 = CARTESIAN_POINT('',(3.141314455894,116.46026301883));
#7105 = CARTESIAN_POINT('',(3.141387530102,116.61915399133));
#7106 = CARTESIAN_POINT('',(3.141596361536,116.77840319753));
#7107 = CARTESIAN_POINT('',(3.141757836342,116.93752467867));
#7108 = CARTESIAN_POINT('',(3.141736431255,117.09613352178));
#7109 = CARTESIAN_POINT('',(3.141638059793,117.25451492257));
#7110 = CARTESIAN_POINT('',(3.141603143573,117.41308926411));
#7111 = CARTESIAN_POINT('',(3.141515730086,117.57150930642));
#7112 = CARTESIAN_POINT('',(3.141418166549,117.72989576233));
#7113 = CARTESIAN_POINT('',(3.141441778989,117.88864410591));
#7114 = CARTESIAN_POINT('',(3.141676352031,118.04795148898));
#7115 = CARTESIAN_POINT('',(3.141814427158,118.20702853428));
#7116 = CARTESIAN_POINT('',(3.141851061646,118.36579514397));
#7117 = CARTESIAN_POINT('',(3.141644390578,118.52385854189));
#7118 = CARTESIAN_POINT('',(3.141382399641,118.68181736806));
#7119 = CARTESIAN_POINT('',(3.141283506962,118.84023901498));
#7120 = CARTESIAN_POINT('',(3.141513610256,118.99949570989));
#7121 = CARTESIAN_POINT('',(3.141656467528,119.15856892831));
#7122 = CARTESIAN_POINT('',(3.141650154621,119.3172338295));
#7123 = CARTESIAN_POINT('',(3.14155046064,119.47558647027));
#7124 = CARTESIAN_POINT('',(3.141514823994,119.63416242655));
#7125 = CARTESIAN_POINT('',(3.141662573902,119.79325498355));
#7126 = CARTESIAN_POINT('',(3.141938027218,119.95260972921));
#7127 = CARTESIAN_POINT('',(3.141803168896,120.11098065406));
#7128 = CARTESIAN_POINT('',(3.141507587704,120.2688104455));
#7129 = CARTESIAN_POINT('',(3.141304324324,120.42690736173));
#7130 = CARTESIAN_POINT('',(3.141391685051,120.58581833794));
#7131 = CARTESIAN_POINT('',(3.141548611352,120.74492573286));
#7132 = CARTESIAN_POINT('',(3.141728848529,120.90410223205));
#7133 = CARTESIAN_POINT('',(3.141743337965,121.06280254122));
#7134 = CARTESIAN_POINT('',(3.141682153439,121.22129668788));
#7135 = CARTESIAN_POINT('',(3.141603846814,121.37974857034));
#7136 = CARTESIAN_POINT('',(3.141526659986,121.538195741));
#7137 = CARTESIAN_POINT('',(3.141416906653,121.69655839902));
#7138 = CARTESIAN_POINT('',(3.141445979668,121.85531104039));
#7139 = CARTESIAN_POINT('',(3.141629844286,122.01448064055));
#7140 = CARTESIAN_POINT('',(3.141783284344,122.17359891248));
#7141 = CARTESIAN_POINT('',(3.141850395475,122.33243877078));
#7142 = CARTESIAN_POINT('',(3.141723407314,122.49074388428));
#7143 = CARTESIAN_POINT('',(3.141428273023,122.64858504671));
#7144 = CARTESIAN_POINT('',(3.141264515386,122.80684035839));
#7145 = CARTESIAN_POINT('',(3.14144677049,122.96598640409));
#7146 = CARTESIAN_POINT('',(3.141673121007,123.12526375083));
#7147 = CARTESIAN_POINT('',(3.141658166818,123.28392068609));
#7148 = CARTESIAN_POINT('',(3.141560074427,123.44227088437));
#7149 = CARTESIAN_POINT('',(3.14149418458,123.60075824445));
#7150 = CARTESIAN_POINT('',(3.141641281223,123.75985562086));
#7151 = CARTESIAN_POINT('',(3.14190775316,123.9192003244));
#7152 = CARTESIAN_POINT('',(3.141837768792,124.07772429735));
#7153 = CARTESIAN_POINT('',(3.141550273783,124.23559229319));
#7154 = CARTESIAN_POINT('',(3.141340269926,124.39367134789));
#7155 = CARTESIAN_POINT('',(3.141373417515,124.55241252814));
#7156 = CARTESIAN_POINT('',(3.141502694824,124.71145437411));
#7157 = CARTESIAN_POINT('',(3.141687757981,124.87064078437));
#7158 = CARTESIAN_POINT('',(3.14177825014,125.02955408283));
#7159 = CARTESIAN_POINT('',(3.141698592877,125.18800653041));
#7160 = CARTESIAN_POINT('',(3.141604705448,125.34640597372));
#7161 = CARTESIAN_POINT('',(3.141527650514,125.50486004041));
#7162 = CARTESIAN_POINT('',(3.141454993789,125.66332479431));
#7163 = CARTESIAN_POINT('',(3.141434742931,125.82192960003));
#7164 = CARTESIAN_POINT('',(3.141579017772,125.98099869207));
#7165 = CARTESIAN_POINT('',(3.14174630816,126.1401414021));
#7166 = CARTESIAN_POINT('',(3.141871811404,126.29915348071));
#7167 = CARTESIAN_POINT('',(3.141772232974,126.45754934923));
#7168 = CARTESIAN_POINT('',(3.14147360256,126.61535570929));
#7169 = CARTESIAN_POINT('',(3.141246148244,126.77345761832));
#7170 = CARTESIAN_POINT('',(3.141415318053,126.93256812876));
#7171 = CARTESIAN_POINT('',(3.141657439746,127.09187264782));
#7172 = CARTESIAN_POINT('',(3.141659608455,127.2505816129));
#7173 = CARTESIAN_POINT('',(3.141562379962,127.40893836372));
#7174 = CARTESIAN_POINT('',(3.141514118516,127.56746997378));
#7175 = CARTESIAN_POINT('',(3.141606883818,127.72641886216));
#7176 = CARTESIAN_POINT('',(3.141855161933,127.88573276334));
#7177 = CARTESIAN_POINT('',(3.141863475933,128.04442674677));
#7178 = CARTESIAN_POINT('',(3.14162707887,128.20246998592));
#7179 = CARTESIAN_POINT('',(3.141373726983,128.36041700248));
#7180 = CARTESIAN_POINT('',(3.14134748745,128.51898847626));
#7181 = CARTESIAN_POINT('',(3.141450141485,128.67796948831));
#7182 = CARTESIAN_POINT('',(3.141674322137,128.83725713204));
#7183 = CARTESIAN_POINT('',(3.1417880494,128.99624452767));
#7184 = CARTESIAN_POINT('',(3.141704342356,129.1546836633));
#7185 = CARTESIAN_POINT('',(3.141599765859,129.31304744982));
#7186 = CARTESIAN_POINT('',(3.141560836043,129.47161195162));
#7187 = CARTESIAN_POINT('',(3.141482852888,129.6300567786));
#7188 = CARTESIAN_POINT('',(3.141416984287,129.78853076423));
#7189 = CARTESIAN_POINT('',(3.141521473654,129.94749960685));
#7190 = CARTESIAN_POINT('',(3.141738406486,130.10676759832));
#7191 = CARTESIAN_POINT('',(3.141869191467,130.26581406942));
#7192 = CARTESIAN_POINT('',(3.141799434191,130.42428899446));
#7193 = CARTESIAN_POINT('',(3.14151107574,130.5821187233));
#7194 = CARTESIAN_POINT('',(3.141278745344,130.74020152237));
#7195 = CARTESIAN_POINT('',(3.141377336945,130.89912538895));
#7196 = CARTESIAN_POINT('',(3.141614984743,131.05840939054));
#7197 = CARTESIAN_POINT('',(3.141655291336,131.21721854459));
#7198 = CARTESIAN_POINT('',(3.141593514109,131.37569549833));
#7199 = CARTESIAN_POINT('',(3.141533704661,131.53417793584));
#7200 = CARTESIAN_POINT('',(3.14156049763,131.69294623726));
#7201 = CARTESIAN_POINT('',(3.141792063238,131.85222310195));
#7202 = CARTESIAN_POINT('',(3.141908953557,132.0111865992));
#7203 = CARTESIAN_POINT('',(3.141695703169,132.16932513505));
#7204 = CARTESIAN_POINT('',(3.141398034708,132.32713335007));
#7205 = CARTESIAN_POINT('',(3.14131577621,132.48556758668));
#7206 = CARTESIAN_POINT('',(3.141431384174,132.64457475969));
#7207 = CARTESIAN_POINT('',(3.141652066448,132.80385295996));
#7208 = CARTESIAN_POINT('',(3.141767042074,132.96285031158));
#7209 = CARTESIAN_POINT('',(3.14171067017,133.12135334254));
#7210 = CARTESIAN_POINT('',(3.141624219191,133.27977261997));
#7211 = CARTESIAN_POINT('',(3.141590934637,133.43835286744));
#7212 = CARTESIAN_POINT('',(3.141487229438,133.59672091326));
#7213 = CARTESIAN_POINT('',(3.141401538003,133.75515037393));
#7214 = CARTESIAN_POINT('',(3.141492829705,133.91407940932));
#7215 = CARTESIAN_POINT('',(3.141725608112,134.0733874701));
#7216 = CARTESIAN_POINT('',(3.141833672549,134.23238426198));
#7217 = CARTESIAN_POINT('',(3.14182328679,134.39100468925));
#7218 = CARTESIAN_POINT('',(3.141573419632,134.54895668839));
#7219 = CARTESIAN_POINT('',(3.1413325098,134.70698681476));
#7220 = CARTESIAN_POINT('',(3.141317358094,134.86562054552));
#7221 = CARTESIAN_POINT('',(3.141568079803,135.02493804329));
#7222 = CARTESIAN_POINT('',(3.141667175813,135.18390243938));
#7223 = CARTESIAN_POINT('',(3.141629587502,135.34246748519));
#7224 = CARTESIAN_POINT('',(3.141529927287,135.50081726519));
#7225 = CARTESIAN_POINT('',(3.141524725362,135.65950025208));
#7226 = CARTESIAN_POINT('',(3.141744673078,135.81875539837));
#7227 = CARTESIAN_POINT('',(3.141943902793,135.97793407539));
#7228 = CARTESIAN_POINT('',(3.141731725334,136.13608571894));
#7229 = CARTESIAN_POINT('',(3.141433501596,136.29389340873));
#7230 = CARTESIAN_POINT('',(3.14130782255,136.45221551572));
#7231 = CARTESIAN_POINT('',(3.141427752717,136.61121369402));
#7232 = CARTESIAN_POINT('',(3.141592517067,136.77034715907));
#7233 = CARTESIAN_POINT('',(3.141747473154,136.92944859207));
#7234 = CARTESIAN_POINT('',(3.141733296473,137.08806942401));
#7235 = CARTESIAN_POINT('',(3.141667325979,137.24655177087));
#7236 = CARTESIAN_POINT('',(3.141589380169,137.40500449675));
#7237 = CARTESIAN_POINT('',(3.141494157803,137.56339934539));
#7238 = CARTESIAN_POINT('',(3.141399456852,137.72180971774));
#7239 = CARTESIAN_POINT('',(3.141480454424,137.88069920397));
#7240 = CARTESIAN_POINT('',(3.141675350909,138.0399083358));
#7241 = CARTESIAN_POINT('',(3.141811999974,138.1989765363));
#7242 = CARTESIAN_POINT('',(3.141848406096,138.35772636657));
#7243 = CARTESIAN_POINT('',(3.141652751949,138.51584181787));
#7244 = CARTESIAN_POINT('',(3.141363985509,138.6737073902));
#7245 = CARTESIAN_POINT('',(3.141281727466,138.83219633994));
#7246 = CARTESIAN_POINT('',(3.141536330219,138.99151149681));
#7247 = CARTESIAN_POINT('',(3.141691178497,139.15062488624));
#7248 = CARTESIAN_POINT('',(3.141617194096,139.30909124708));
#7249 = CARTESIAN_POINT('',(3.141499614204,139.46737629856));
#7250 = CARTESIAN_POINT('',(3.141452653056,139.62594541862));
#7251 = CARTESIAN_POINT('',(3.141663836253,139.78520634726));
#7252 = CARTESIAN_POINT('',(3.141917667927,139.94453003792));
#7253 = CARTESIAN_POINT('',(3.141836505063,140.10302031103));
#7254 = CARTESIAN_POINT('',(3.141572617146,140.26094995779));
#7255 = CARTESIAN_POINT('',(3.141381502793,140.41907936627));
#7256 = CARTESIAN_POINT('',(3.141324828537,140.57756927247));
#7257 = CARTESIAN_POINT('',(3.141395813742,140.73645979538));
#7258 = CARTESIAN_POINT('',(3.141628930804,140.89576851849));
#7259 = CARTESIAN_POINT('',(3.141830505291,141.05499878));
#7260 = CARTESIAN_POINT('',(3.141799684988,141.21361371181));
#7261 = CARTESIAN_POINT('',(3.141679080078,141.3719156869));
#7262 = CARTESIAN_POINT('',(3.141493548716,141.53005245575));
#7263 = CARTESIAN_POINT('',(3.141436619968,141.68859739604));
#7264 = CARTESIAN_POINT('',(3.141610542498,141.8477074751));
#7265 = CARTESIAN_POINT('',(3.141827092423,142.00697445092));
#7266 = CARTESIAN_POINT('',(3.141729813028,142.1654194438));
#7267 = CARTESIAN_POINT('',(3.141476234608,142.32331567974));
#7268 = CARTESIAN_POINT('',(3.141185314329,142.48106892977));
#7269 = CARTESIAN_POINT('',(3.141047925254,142.63945487385));
#7270 = CARTESIAN_POINT('',(3.141286130349,142.7989245074));
#7271 = CARTESIAN_POINT('',(3.141957996773,142.9592248658));
#7272 = CARTESIAN_POINT('',(3.142154204585,143.11860138502));
#7273 = CARTESIAN_POINT('',(3.141989063412,143.27690204459));
#7274 = CARTESIAN_POINT('',(3.141689814428,143.43461803402));
#7275 = CARTESIAN_POINT('',(3.141447902697,143.59256439871));
#7276 = CARTESIAN_POINT('',(3.141388362049,143.75111761928));
#7277 = CARTESIAN_POINT('',(3.141608843929,143.91037461001));
#7278 = CARTESIAN_POINT('',(3.141700534535,144.06928184553));
#7279 = CARTESIAN_POINT('',(3.141602965044,144.22769886063));
#7280 = CARTESIAN_POINT('',(3.141452840501,144.38592505841));
#7281 = CARTESIAN_POINT('',(3.14143016406,144.54451693831));
#7282 = CARTESIAN_POINT('',(3.14149457285,144.70339391457));
#7283 = CARTESIAN_POINT('',(3.141712756383,144.86265435952));
#7284 = CARTESIAN_POINT('',(3.141778169829,145.02151203305));
#7285 = CARTESIAN_POINT('',(3.141685540171,145.17992301025));
#7286 = CARTESIAN_POINT('',(3.141574675854,145.33827513136));
#7287 = CARTESIAN_POINT('',(3.141526770735,145.49681327502));
#7288 = CARTESIAN_POINT('',(3.141443690692,145.65523751711));
#7289 = CARTESIAN_POINT('',(3.141434839758,145.8138812051));
#7290 = CARTESIAN_POINT('',(3.141595451315,145.97300085396));
#7291 = CARTESIAN_POINT('',(3.141798560082,146.13223259569));
#7292 = CARTESIAN_POINT('',(3.141870069927,146.29111813262));
#7293 = CARTESIAN_POINT('',(3.141730125126,146.44938058391));
#7294 = CARTESIAN_POINT('',(3.141424304236,146.60718036103));
#7295 = CARTESIAN_POINT('',(3.141265422871,146.76547482376));
#7296 = CARTESIAN_POINT('',(3.141452989765,146.92460644758));
#7297 = CARTESIAN_POINT('',(3.141653202638,147.08382292334));
#7298 = CARTESIAN_POINT('',(3.141647792068,147.24249334409));
#7299 = CARTESIAN_POINT('',(3.141579415427,147.40094701915));
#7300 = CARTESIAN_POINT('',(3.141525418465,147.55945213143));
#7301 = CARTESIAN_POINT('',(3.141602146693,147.71836403708));
#7302 = CARTESIAN_POINT('',(3.141852703329,147.87766455293));
#7303 = CARTESIAN_POINT('',(3.141879624983,148.03641959013));
#7304 = CARTESIAN_POINT('',(3.141615359051,148.19439770673));
#7305 = CARTESIAN_POINT('',(3.141353993526,148.35229898713));
#7306 = CARTESIAN_POINT('',(3.141328135931,148.5109037741));
#7307 = CARTESIAN_POINT('',(3.141482813261,148.67001465011));
#7308 = CARTESIAN_POINT('',(3.141699847956,148.82928225399));
#7309 = CARTESIAN_POINT('',(3.141769194506,148.98815426161));
#7310 = CARTESIAN_POINT('',(3.141683340196,149.1465693593));
#7311 = CARTESIAN_POINT('',(3.141615831598,149.30504636007));
#7312 = CARTESIAN_POINT('',(3.14156945919,149.46358938087));
#7313 = CARTESIAN_POINT('',(3.141463645357,149.62194718006));
#7314 = CARTESIAN_POINT('',(3.141396720223,149.78043885471));
#7315 = CARTESIAN_POINT('',(3.141555664558,149.93954556527));
#7316 = CARTESIAN_POINT('',(3.141762947391,150.09879393665));
#7317 = CARTESIAN_POINT('',(3.141851663708,150.25773223182));
#7318 = CARTESIAN_POINT('',(3.141774526708,150.41615620603));
#7319 = CARTESIAN_POINT('',(3.141505134736,150.57406618156));
#7320 = CARTESIAN_POINT('',(3.141294675016,150.73218868052));
#7321 = CARTESIAN_POINT('',(3.141378581523,150.89107189889));
#7322 = CARTESIAN_POINT('',(3.141608822921,151.05034839657));
#7323 = CARTESIAN_POINT('',(3.141670061353,151.20921255911));
#7324 = CARTESIAN_POINT('',(3.141603186943,151.36768079251));
#7325 = CARTESIAN_POINT('',(3.141518717583,151.52608083578));
#7326 = CARTESIAN_POINT('',(3.141550227833,151.68487828533));
#7327 = CARTESIAN_POINT('',(3.141830221196,151.8442607706));
#7328 = CARTESIAN_POINT('',(3.141917125831,152.0031792359));
#7329 = CARTESIAN_POINT('',(3.141658138732,152.16117395459));
#7330 = CARTESIAN_POINT('',(3.1413681844,152.31900565698));
#7331 = CARTESIAN_POINT('',(3.141327487669,152.47756682548));
#7332 = CARTESIAN_POINT('',(3.141466895193,152.63661887745));
#7333 = CARTESIAN_POINT('',(3.141644983219,152.79579244146));
#7334 = CARTESIAN_POINT('',(3.14175577059,152.9547655921));
#7335 = CARTESIAN_POINT('',(3.141717098874,153.11331957162));
#7336 = CARTESIAN_POINT('',(3.141642184542,153.27177869844));
#7337 = CARTESIAN_POINT('',(3.141568895059,153.43024240295));
#7338 = CARTESIAN_POINT('',(3.141465407448,153.58861501986));
#7339 = CARTESIAN_POINT('',(3.141406484483,153.74712740128));
#7340 = CARTESIAN_POINT('',(3.141533031357,153.90613692777));
#7341 = CARTESIAN_POINT('',(3.141713931578,154.06531952085));
#7342 = CARTESIAN_POINT('',(3.141827778484,154.22431164958));
#7343 = CARTESIAN_POINT('',(3.141824091803,154.38295047475));
#7344 = CARTESIAN_POINT('',(3.141577600025,154.54092746892));
#7345 = CARTESIAN_POINT('',(3.141310946584,154.69886467077));
#7346 = CARTESIAN_POINT('',(3.141310357737,154.85756762614));
#7347 = CARTESIAN_POINT('',(3.14159034306,155.01694865023));
#7348 = CARTESIAN_POINT('',(3.14168990262,155.17592805865));
#7349 = CARTESIAN_POINT('',(3.141607055931,155.33435144151));
#7350 = CARTESIAN_POINT('',(3.141513034376,155.49272050629));
#7351 = CARTESIAN_POINT('',(3.141532870763,155.65148301608));
#7352 = CARTESIAN_POINT('',(3.141795863745,155.81083822875));
#7353 = CARTESIAN_POINT('',(3.141912817083,155.96982963088));
#7354 = CARTESIAN_POINT('',(3.141704041219,156.12795012102));
#7355 = CARTESIAN_POINT('',(3.141414774622,156.28580559927));
#7356 = CARTESIAN_POINT('',(3.141339646855,156.44425274131));
#7357 = CARTESIAN_POINT('',(3.14142500438,156.60314966788));
#7358 = CARTESIAN_POINT('',(3.141592598069,156.76230562785));
#7359 = CARTESIAN_POINT('',(3.141758133027,156.9214216206));
#7360 = CARTESIAN_POINT('',(3.141753784316,157.08008380703));
#7361 = CARTESIAN_POINT('',(3.141640029665,157.2384324003));
#7362 = CARTESIAN_POINT('',(3.141569390558,157.39689986671));
#7363 = CARTESIAN_POINT('',(3.141487262656,157.55534035152));
#7364 = CARTESIAN_POINT('',(3.14143433097,157.71385721055));
#7365 = CARTESIAN_POINT('',(3.141482605214,157.8726518756));
#7366 = CARTESIAN_POINT('',(3.141670555829,158.0318524636));
#7367 = CARTESIAN_POINT('',(3.141817758145,158.19092995207));
#7368 = CARTESIAN_POINT('',(3.141868805603,158.34974142618));
#7369 = CARTESIAN_POINT('',(3.141620240448,158.5077041444));
#7370 = CARTESIAN_POINT('',(3.141335048722,158.66558186827));
#7371 = CARTESIAN_POINT('',(3.141271874919,158.82413807347));
#7372 = CARTESIAN_POINT('',(3.141574191811,158.9835596958));
#7373 = CARTESIAN_POINT('',(3.141672684504,159.14253428944));
#7374 = CARTESIAN_POINT('',(3.141617409145,159.30103895447));
#7375 = CARTESIAN_POINT('',(3.141522592616,159.45941092834));
#7376 = CARTESIAN_POINT('',(3.141541335687,159.61815363828));
#7377 = CARTESIAN_POINT('',(3.141721442836,159.77731530001));
#7378 = CARTESIAN_POINT('',(3.141910505205,159.93646680306));
#7379 = CARTESIAN_POINT('',(3.141757959163,160.09474749157));
#7380 = CARTESIAN_POINT('',(3.141487927952,160.25267288699));
#7381 = CARTESIAN_POINT('',(3.14132731828,160.41086258555));
#7382 = CARTESIAN_POINT('',(3.141389370808,160.56970956773));
#7383 = CARTESIAN_POINT('',(3.141550368072,160.72884511794));
#7384 = CARTESIAN_POINT('',(3.141768888595,160.88810795105));
#7385 = CARTESIAN_POINT('',(3.141752282874,161.04674565177));
#7386 = CARTESIAN_POINT('',(3.141649172052,161.20511284771));
#7387 = CARTESIAN_POINT('',(3.141575273577,161.36357440018));
#7388 = CARTESIAN_POINT('',(3.141531563686,161.5221224488));
#7389 = CARTESIAN_POINT('',(3.141434068639,161.68050480532));
#7390 = CARTESIAN_POINT('',(3.141444369631,161.83920622247));
#7391 = CARTESIAN_POINT('',(3.141630872821,161.99839419078));
#7392 = CARTESIAN_POINT('',(3.14182336938,162.15760142497));
#7393 = CARTESIAN_POINT('',(3.141864973502,162.3164029804));
#7394 = CARTESIAN_POINT('',(3.141670354311,162.47449914801));
#7395 = CARTESIAN_POINT('',(3.14136739946,162.63233257435));
#7396 = CARTESIAN_POINT('',(3.14127977829,162.79081198347));
#7397 = CARTESIAN_POINT('',(3.141513432867,162.9500547016));
#7398 = CARTESIAN_POINT('',(3.141659886438,163.10914682121));
#7399 = CARTESIAN_POINT('',(3.141627787741,163.26772787501));
#7400 = CARTESIAN_POINT('',(3.141560618301,163.42618451315));
#7401 = CARTESIAN_POINT('',(3.141524752684,163.58475221302));
#7402 = CARTESIAN_POINT('',(3.141658035116,163.74381192573));
#7403 = CARTESIAN_POINT('',(3.141897607229,163.90307096168));
#7404 = CARTESIAN_POINT('',(3.141831339179,164.06160236556));
#7405 = CARTESIAN_POINT('',(3.141534413411,164.21946068531));
#7406 = CARTESIAN_POINT('',(3.141325667664,164.37751398011));
#7407 = CARTESIAN_POINT('',(3.14135384047,164.53627723993));
#7408 = CARTESIAN_POINT('',(3.141539671964,164.69546798044));
#7409 = CARTESIAN_POINT('',(3.141735390376,164.85467974236));
#7410 = CARTESIAN_POINT('',(3.141756271894,165.01341299471));
#7411 = CARTESIAN_POINT('',(3.141658320151,165.17179334099));
#7412 = CARTESIAN_POINT('',(3.141610611216,165.33032940329));
#7413 = CARTESIAN_POINT('',(3.141543732552,165.48881196978));
#7414 = CARTESIAN_POINT('',(3.141439692737,165.64717517469));
#7415 = CARTESIAN_POINT('',(3.141409781701,165.80577549375));
#7416 = CARTESIAN_POINT('',(3.141619306058,165.96501475436));
#7417 = CARTESIAN_POINT('',(3.14179111441,166.12417700734));
#7418 = CARTESIAN_POINT('',(3.141859093485,166.28304532538));
#7419 = CARTESIAN_POINT('',(3.141712946902,166.44127424592));
#7420 = CARTESIAN_POINT('',(3.141441024528,166.5991910686));
#7421 = CARTESIAN_POINT('',(3.1412761589,166.75743969413));
#7422 = CARTESIAN_POINT('',(3.141448530368,166.91654736481));
#7423 = CARTESIAN_POINT('',(3.141637878762,167.07573060766));
#7424 = CARTESIAN_POINT('',(3.141664549481,167.23449631636));
#7425 = CARTESIAN_POINT('',(3.14157499346,167.39288667135));
#7426 = CARTESIAN_POINT('',(3.141514050742,167.55136994318));
#7427 = CARTESIAN_POINT('',(3.141596270882,167.71030353331));
#7428 = CARTESIAN_POINT('',(3.141899997133,167.86972991967));
#7429 = CARTESIAN_POINT('',(3.141865866342,168.02835822012));
#7430 = CARTESIAN_POINT('',(3.141584239645,168.1862547865));
#7431 = CARTESIAN_POINT('',(3.141323292185,168.34417878481));
#7432 = CARTESIAN_POINT('',(3.141358267086,168.50294753345));
#7433 = CARTESIAN_POINT('',(3.141505633601,168.66202434198));
#7434 = CARTESIAN_POINT('',(3.141693574976,168.82122537025));
#7435 = CARTESIAN_POINT('',(3.141752331402,168.98004996634));
#7436 = CARTESIAN_POINT('',(3.141701206285,169.13857101265));
#7437 = CARTESIAN_POINT('',(3.141621336584,169.29701763893));
#7438 = CARTESIAN_POINT('',(3.141551330195,169.45548769126));
#7439 = CARTESIAN_POINT('',(3.14143719142,169.61383373914));
#7440 = CARTESIAN_POINT('',(3.141420656834,169.77246340627));
#7441 = CARTESIAN_POINT('',(3.141581863508,169.93156674609));
#7442 = CARTESIAN_POINT('',(3.141752735867,170.09073076754));
#7443 = CARTESIAN_POINT('',(3.141842679372,170.2496435806));
#7444 = CARTESIAN_POINT('',(3.141782202598,170.40812925393));
#7445 = CARTESIAN_POINT('',(3.141499927051,170.56600523233));
#7446 = CARTESIAN_POINT('',(3.141278394807,170.72408510833));
#7447 = CARTESIAN_POINT('',(3.141372154478,170.88302082491));
#7448 = CARTESIAN_POINT('',(3.141641660916,171.04238810783));
#7449 = CARTESIAN_POINT('',(3.141677411157,171.20119586641));
#7450 = CARTESIAN_POINT('',(3.141584143249,171.35957094075));
#7451 = CARTESIAN_POINT('',(3.141497765302,171.51797874154));
#7452 = CARTESIAN_POINT('',(3.141579717205,171.67691271757));
#7453 = CARTESIAN_POINT('',(3.141862956589,171.83630341305));
#7454 = CARTESIAN_POINT('',(3.141884018677,171.9950618973));
#7455 = CARTESIAN_POINT('',(3.141626676089,172.15302859152));
#7456 = CARTESIAN_POINT('',(3.141368319537,172.31097209241));
#7457 = CARTESIAN_POINT('',(3.141353849923,172.46958262416));
#7458 = CARTESIAN_POINT('',(3.141461748189,172.6285542711));
#7459 = CARTESIAN_POINT('',(3.141640990235,172.78773526798));
#7460 = CARTESIAN_POINT('',(3.141775311816,172.94676519285));
#7461 = CARTESIAN_POINT('',(3.141727882124,173.1053093948));
#7462 = CARTESIAN_POINT('',(3.141619887699,173.26367045039));
#7463 = CARTESIAN_POINT('',(3.141548834499,173.42213952094));
#7464 = CARTESIAN_POINT('',(3.141470494727,173.58058952442));
#7465 = CARTESIAN_POINT('',(3.141430148417,173.73913970367));
#7466 = CARTESIAN_POINT('',(3.141527661436,173.89807423501));
#7467 = CARTESIAN_POINT('',(3.141709918463,174.0572602138));
#7468 = CARTESIAN_POINT('',(3.141849733548,174.21631351963));
#7469 = CARTESIAN_POINT('',(3.141830770464,174.37493421947));
#7470 = CARTESIAN_POINT('',(3.14154388563,174.53277753427));
#7471 = CARTESIAN_POINT('',(3.141279824802,174.69074860351));
#7472 = CARTESIAN_POINT('',(3.141334719659,174.84959175886));
#7473 = CARTESIAN_POINT('',(3.141626726419,175.00899971305));
#7474 = CARTESIAN_POINT('',(3.141667767045,175.16782424023));
#7475 = CARTESIAN_POINT('',(3.141589590338,175.3262455056));
#7476 = CARTESIAN_POINT('',(3.14151457861,175.48468692577));
#7477 = CARTESIAN_POINT('',(3.14156887377,175.64353229436));
#7478 = CARTESIAN_POINT('',(3.141790140826,175.80278808266));
#7479 = CARTESIAN_POINT('',(3.141897584224,175.96173194716));
#7480 = CARTESIAN_POINT('',(3.141694637919,176.11987518242));
#7481 = CARTESIAN_POINT('',(3.141424647765,176.27778715733));
#7482 = CARTESIAN_POINT('',(3.141330547038,176.43616245993));
#7483 = CARTESIAN_POINT('',(3.141416014617,176.59508866838));
#7484 = CARTESIAN_POINT('',(3.141613189921,176.75431266063));
#7485 = CARTESIAN_POINT('',(3.141787675517,176.91345963131));
#7486 = CARTESIAN_POINT('',(3.141727247184,177.07197161985));
#7487 = CARTESIAN_POINT('',(3.141621803367,177.23033020522));
#7488 = CARTESIAN_POINT('',(3.14156936121,177.38885565046));
#7489 = CARTESIAN_POINT('',(3.141508728954,177.54735298887));
#7490 = CARTESIAN_POINT('',(3.14141906679,177.70575689662));
#7491 = CARTESIAN_POINT('',(3.141477060973,177.86459628117));
#7492 = CARTESIAN_POINT('',(3.141687646966,178.02384709158));
#7493 = CARTESIAN_POINT('',(3.141851670105,178.18298138039));
#7494 = CARTESIAN_POINT('',(3.141839873386,178.34162826185));
#7495 = CARTESIAN_POINT('',(3.141590287587,178.49956302283));
#7496 = CARTESIAN_POINT('',(3.14131461136,178.65750230932));
#7497 = CARTESIAN_POINT('',(3.141318603287,178.816204183));
#7498 = CARTESIAN_POINT('',(3.141570390576,178.9755028103));
#7499 = CARTESIAN_POINT('',(3.141661513264,179.1344543068));
#7500 = CARTESIAN_POINT('',(3.141611466249,179.29297291001));
#7501 = CARTESIAN_POINT('',(3.141545860953,179.45143496161));
#7502 = CARTESIAN_POINT('',(3.141534973868,179.61008620984));
#7503 = CARTESIAN_POINT('',(3.141723060384,179.76927425842));
#7504 = CARTESIAN_POINT('',(3.141916825665,179.92841864639));
#7505 = CARTESIAN_POINT('',(3.141768201238,180.08673959609));
#7506 = CARTESIAN_POINT('',(3.141459190013,180.24453555117));
#7507 = CARTESIAN_POINT('',(3.141313201557,180.40277741812));
#7508 = CARTESIAN_POINT('',(3.141389135127,180.56167578326));
#7509 = CARTESIAN_POINT('',(3.141597739187,180.72092401839));
#7510 = CARTESIAN_POINT('',(3.141757044796,180.88004007173));
#7511 = CARTESIAN_POINT('',(3.141735324403,181.03864705007));
#7512 = CARTESIAN_POINT('',(3.141638855977,181.19703427838));
#7513 = CARTESIAN_POINT('',(3.141603574976,181.35560769508));
#7514 = CARTESIAN_POINT('',(3.141514543628,181.51402275741));
#7515 = CARTESIAN_POINT('',(3.141416771244,181.67240950391));
#7516 = CARTESIAN_POINT('',(3.141443350959,181.83116566835));
#7517 = CARTESIAN_POINT('',(3.141677772039,181.99047258316));
#7518 = CARTESIAN_POINT('',(3.141813598288,182.14954405084));
#7519 = CARTESIAN_POINT('',(3.141850149875,182.30830882638));
#7520 = CARTESIAN_POINT('',(3.141644215914,182.46637538405));
#7521 = CARTESIAN_POINT('',(3.141382508685,182.62433464065));
#7522 = CARTESIAN_POINT('',(3.141283047416,182.78275428477));
#7523 = CARTESIAN_POINT('',(3.141513392291,182.9420125804));
#7524 = CARTESIAN_POINT('',(3.14165764204,183.10108926593));
#7525 = CARTESIAN_POINT('',(3.141650517754,183.25975235284));
#7526 = CARTESIAN_POINT('',(3.141549410798,183.41810007898));
#7527 = CARTESIAN_POINT('',(3.141513815231,183.57667713575));
#7528 = CARTESIAN_POINT('',(3.141664562057,183.73577701605));
#7529 = CARTESIAN_POINT('',(3.141939092287,183.89513024228));
#7530 = CARTESIAN_POINT('',(3.141801049283,184.05349253736));
#7531 = CARTESIAN_POINT('',(3.141505644362,184.21132190539));
#7532 = CARTESIAN_POINT('',(3.141304719762,184.36942626398));
#7533 = CARTESIAN_POINT('',(3.141393284499,184.52833948618));
#7534 = CARTESIAN_POINT('',(3.141548294305,184.68744205152));
#7535 = CARTESIAN_POINT('',(3.141728400477,184.84661790913));
#7536 = CARTESIAN_POINT('',(3.141743932269,185.00532104935));
#7537 = CARTESIAN_POINT('',(3.141682811284,185.16381585731));
#7538 = CARTESIAN_POINT('',(3.141602652346,185.32226237168));
#7539 = CARTESIAN_POINT('',(3.141525377629,185.48070931903));
#7540 = CARTESIAN_POINT('',(3.14141710342,185.63907652828));
#7541 = CARTESIAN_POINT('',(3.141447632567,185.79783239771));
#7542 = CARTESIAN_POINT('',(3.141629449566,185.95699695756));
#7543 = CARTESIAN_POINT('',(3.141782954196,186.11611480761));
#7544 = CARTESIAN_POINT('',(3.141851095912,186.27495731319));
#7545 = CARTESIAN_POINT('',(3.141723433679,186.43326152432));
#7546 = CARTESIAN_POINT('',(3.141426641645,186.59109699306));
#7547 = CARTESIAN_POINT('',(3.141263322262,186.74935518788));
#7548 = CARTESIAN_POINT('',(3.141448330547,186.90850761391));
#7549 = CARTESIAN_POINT('',(3.141674542702,187.06778514949));
#7550 = CARTESIAN_POINT('',(3.141656901576,187.22643420666));
#7551 = CARTESIAN_POINT('',(3.141559070259,187.38478478366));
#7552 = CARTESIAN_POINT('',(3.1414943621,187.54327642193));
#7553 = CARTESIAN_POINT('',(3.1416436763,187.70237887923));
#7554 = CARTESIAN_POINT('',(3.141906836372,187.86171605942));
#7555 = CARTESIAN_POINT('',(3.141836542306,188.02023749001));
#7556 = CARTESIAN_POINT('',(3.141549358619,188.17810711948));
#7557 = CARTESIAN_POINT('',(3.14134132153,188.33619129196));
#7558 = CARTESIAN_POINT('',(3.141373064328,188.49492798509));
#7559 = CARTESIAN_POINT('',(3.141502518908,188.6539714402));
#7560 = CARTESIAN_POINT('',(3.141688658627,188.81316006335));
#7561 = CARTESIAN_POINT('',(3.141779471336,188.97207480615));
#7562 = CARTESIAN_POINT('',(3.141697186757,189.13052002868));
#7563 = CARTESIAN_POINT('',(3.141603949516,189.28892085132));
#7564 = CARTESIAN_POINT('',(3.141527345337,189.44737655353));
#7565 = CARTESIAN_POINT('',(3.141456169302,189.6058451412));
#7566 = CARTESIAN_POINT('',(3.141434179205,189.76444472702));
#7567 = CARTESIAN_POINT('',(3.141579165168,189.92351649088));
#7568 = CARTESIAN_POINT('',(3.141746963127,190.08265990268));
#7569 = CARTESIAN_POINT('',(3.141873359147,190.24167516001));
#7570 = CARTESIAN_POINT('',(3.141770307856,190.40006148598));
#7571 = CARTESIAN_POINT('',(3.141472266384,190.55786889521));
#7572 = CARTESIAN_POINT('',(3.141245355467,190.71597381879));
#7573 = CARTESIAN_POINT('',(3.141418204573,190.87509231907));
#7574 = CARTESIAN_POINT('',(3.14165674037,191.03438826373));
#7575 = CARTESIAN_POINT('',(3.141659266145,191.19309750196));
#7576 = CARTESIAN_POINT('',(3.141561725245,191.35145366405));
#7577 = CARTESIAN_POINT('',(3.14151560394,191.50999146904));
#7578 = CARTESIAN_POINT('',(3.141606757218,191.6689357155));
#7579 = CARTESIAN_POINT('',(3.141855725243,191.82825132986));
#7580 = CARTESIAN_POINT('',(3.141862848809,191.98694157198));
#7581 = CARTESIAN_POINT('',(3.141627467769,192.14498857258));
#7582 = CARTESIAN_POINT('',(3.141372559004,192.30293011761));
#7583 = CARTESIAN_POINT('',(3.141347662145,192.46150631309));
#7584 = CARTESIAN_POINT('',(3.141450115865,192.62048698564));
#7585 = CARTESIAN_POINT('',(3.14167679998,192.77978087667));
#7586 = CARTESIAN_POINT('',(3.141786953354,192.93875926225));
#7587 = CARTESIAN_POINT('',(3.141704173562,193.09720008716));
#7588 = CARTESIAN_POINT('',(3.141598935315,193.25556228176));
#7589 = CARTESIAN_POINT('',(3.141562253759,193.41413308629));
#7590 = CARTESIAN_POINT('',(3.141481828079,193.57257068101));
#7591 = CARTESIAN_POINT('',(3.141417273695,193.73104880362));
#7592 = CARTESIAN_POINT('',(3.141521451345,193.89001687061));
#7593 = CARTESIAN_POINT('',(3.141740766221,194.04929111259));
#7594 = CARTESIAN_POINT('',(3.141868346926,194.20832971975));
#7595 = CARTESIAN_POINT('',(3.141799179104,194.36680504463));
#7596 = CARTESIAN_POINT('',(3.141509078275,194.52463062847));
#7597 = CARTESIAN_POINT('',(3.141280019349,194.6827223848));
#7598 = CARTESIAN_POINT('',(3.141377839274,194.84164301353));
#7599 = CARTESIAN_POINT('',(3.141615642543,195.00092869422));
#7600 = CARTESIAN_POINT('',(3.141654570164,195.1597333402));
#7601 = CARTESIAN_POINT('',(3.141594623479,195.31821609875));
#7602 = CARTESIAN_POINT('',(3.14153318748,195.47669334469));
#7603 = CARTESIAN_POINT('',(3.141560976522,195.63546501436));
#7604 = CARTESIAN_POINT('',(3.141792371901,195.79474028958));
#7605 = CARTESIAN_POINT('',(3.141910316087,195.95370751523));
#7606 = CARTESIAN_POINT('',(3.141694018181,196.11183806305));
#7607 = CARTESIAN_POINT('',(3.141397357837,196.26964804152));
#7608 = CARTESIAN_POINT('',(3.141314802707,196.42808290252));
#7609 = CARTESIAN_POINT('',(3.141433609065,196.5870979758));
#7610 = CARTESIAN_POINT('',(3.141652485163,196.74637136835));
#7611 = CARTESIAN_POINT('',(3.141766851682,196.9053671315));
#7612 = CARTESIAN_POINT('',(3.141709583291,197.06386701944));
#7613 = CARTESIAN_POINT('',(3.141625451219,197.22229323128));
#7614 = CARTESIAN_POINT('',(3.14159044145,197.38086867617));
#7615 = CARTESIAN_POINT('',(3.141486691213,197.53923622106));
#7616 = CARTESIAN_POINT('',(3.141400458906,197.69766516104));
#7617 = CARTESIAN_POINT('',(3.141495240908,197.856603021));
#7618 = CARTESIAN_POINT('',(3.141725936175,198.01590586099));
#7619 = CARTESIAN_POINT('',(3.141833222536,198.17490048549));
#7620 = CARTESIAN_POINT('',(3.141821966752,198.33351728355));
#7621 = CARTESIAN_POINT('',(3.141573665958,198.49147488833));
#7622 = CARTESIAN_POINT('',(3.141332340025,198.64950295801));
#7623 = CARTESIAN_POINT('',(3.14131776877,198.80813848621));
#7624 = CARTESIAN_POINT('',(3.141567976095,198.96745504102));
#7625 = CARTESIAN_POINT('',(3.141668576486,199.1264236175));
#7626 = CARTESIAN_POINT('',(3.141629214329,199.28498367689));
#7627 = CARTESIAN_POINT('',(3.14152935529,199.44333241338));
#7628 = CARTESIAN_POINT('',(3.141524106057,199.6020161838));
#7629 = CARTESIAN_POINT('',(3.141747749419,199.76128000749));
#7630 = CARTESIAN_POINT('',(3.141943567514,199.92045143725));
#7631 = CARTESIAN_POINT('',(3.141729391431,200.07859637997));
#7632 = CARTESIAN_POINT('',(3.141430504531,200.23640229799));
#7633 = CARTESIAN_POINT('',(3.141308721511,200.39473549901));
#7634 = CARTESIAN_POINT('',(3.14143001722,200.55373674378));
#7635 = CARTESIAN_POINT('',(3.141594982965,200.71287152476));
#7636 = CARTESIAN_POINT('',(3.141748397599,200.87196790575));
#7637 = CARTESIAN_POINT('',(3.141732306525,201.03058365699));
#7638 = CARTESIAN_POINT('',(3.141662672983,201.18905625622));
#7639 = CARTESIAN_POINT('',(3.141585129291,201.34750959518));
#7640 = CARTESIAN_POINT('',(3.141494998799,201.50591917466));
#7641 = CARTESIAN_POINT('',(3.141406824843,201.66434712887));
#7642 = CARTESIAN_POINT('',(3.141486561003,201.82323266191));
#7643 = CARTESIAN_POINT('',(3.14167330717,201.98242045139));
#7644 = CARTESIAN_POINT('',(3.141807231053,202.14147832473));
#7645 = CARTESIAN_POINT('',(3.141847377436,202.3002386319));
#7646 = CARTESIAN_POINT('',(3.141652911336,202.45836033456));
#7647 = CARTESIAN_POINT('',(3.14136170237,202.61621645621));
#7648 = CARTESIAN_POINT('',(3.141272342308,202.77468615739));
#7649 = CARTESIAN_POINT('',(3.141525498018,202.93399926239));
#7650 = CARTESIAN_POINT('',(3.141689770523,203.09313713171));
#7651 = CARTESIAN_POINT('',(3.141631994465,203.25165344636));
#7652 = CARTESIAN_POINT('',(3.141533609929,203.41000121783));
#7653 = CARTESIAN_POINT('',(3.141505990687,203.56861851226));
#7654 = CARTESIAN_POINT('',(3.141719331105,203.72786785638));
#7655 = CARTESIAN_POINT('',(3.14192213211,203.88706213269));
#7656 = CARTESIAN_POINT('',(3.141774079123,204.04536515407));
#7657 = CARTESIAN_POINT('',(3.141477059485,204.20320073353));
#7658 = CARTESIAN_POINT('',(3.14133387725,204.36146265842));
#7659 = CARTESIAN_POINT('',(3.141396364518,204.52028795649));
#7660 = CARTESIAN_POINT('',(3.141545454468,204.67939300844));
#7661 = CARTESIAN_POINT('',(3.141730035821,204.83856690295));
#7662 = CARTESIAN_POINT('',(3.141771517815,204.99735184527));
#7663 = CARTESIAN_POINT('',(3.141666413968,205.15572900407));
#7664 = CARTESIAN_POINT('',(3.141586522676,205.31416812708));
#7665 = CARTESIAN_POINT('',(3.141507027572,205.47261654168));
#7666 = CARTESIAN_POINT('',(3.141443883699,205.63110599547));
#7667 = CARTESIAN_POINT('',(3.141451032264,205.78978581794));
#7668 = CARTESIAN_POINT('',(3.141626694212,205.94894828411));
#7669 = CARTESIAN_POINT('',(3.141783972033,206.10805816182));
#7670 = CARTESIAN_POINT('',(3.141881546975,206.26699569452));
#7671 = CARTESIAN_POINT('',(3.141697054903,206.42514819549));
#7672 = CARTESIAN_POINT('',(3.141399889229,206.58296814168));
#7673 = CARTESIAN_POINT('',(3.14124226249,206.74127712046));
#7674 = CARTESIAN_POINT('',(3.141503091681,206.90059828527));
#7675 = CARTESIAN_POINT('',(3.141670127542,207.05973571641));
#7676 = CARTESIAN_POINT('',(3.141640926328,207.21833588809));
#7677 = CARTESIAN_POINT('',(3.141539065223,207.37668024986));
#7678 = CARTESIAN_POINT('',(3.141524619368,207.53532022775));
#7679 = CARTESIAN_POINT('',(3.141658403546,207.69437147947));
#7680 = CARTESIAN_POINT('',(3.141896822337,207.85365154403));
#7681 = CARTESIAN_POINT('',(3.14181503734,208.01211653691));
#7682 = CARTESIAN_POINT('',(3.141557166648,208.17008956131));
#7683 = CARTESIAN_POINT('',(3.141339584654,208.32812521205));
#7684 = CARTESIAN_POINT('',(3.141367017955,208.48686118287));
#7685 = CARTESIAN_POINT('',(3.141495729938,208.64591402706));
#7686 = CARTESIAN_POINT('',(3.14173183243,208.80522637464));
#7687 = CARTESIAN_POINT('',(3.141772807032,208.9640213379));
#7688 = CARTESIAN_POINT('',(3.141677236223,209.12241614077));
#7689 = CARTESIAN_POINT('',(3.141584070497,209.28081823696));
#7690 = CARTESIAN_POINT('',(3.141550191818,209.43939598306));
#7691 = CARTESIAN_POINT('',(3.141455360062,209.59778865267));
#7692 = CARTESIAN_POINT('',(3.141425079746,209.75636999714));
#7693 = CARTESIAN_POINT('',(3.141574786033,209.91546054208));
#7694 = CARTESIAN_POINT('',(3.141787092043,210.07471805604));
#7695 = CARTESIAN_POINT('',(3.14187270307,210.23364323175));
#7696 = CARTESIAN_POINT('',(3.141741455981,210.39192965153));
#7697 = CARTESIAN_POINT('',(3.141432971465,210.54972166141));
#7698 = CARTESIAN_POINT('',(3.141267986546,210.70799822732));
#7699 = CARTESIAN_POINT('',(3.141446517535,210.86710638524));
#7700 = CARTESIAN_POINT('',(3.141645996641,211.02631911738));
#7701 = CARTESIAN_POINT('',(3.141642518521,211.1849941637));
#7702 = CARTESIAN_POINT('',(3.141577809592,211.34345934026));
#7703 = CARTESIAN_POINT('',(3.141524590223,211.50196674013));
#7704 = CARTESIAN_POINT('',(3.14160366836,211.66088567256));
#7705 = CARTESIAN_POINT('',(3.141854884336,211.82018689378));
#7706 = CARTESIAN_POINT('',(3.141880450567,211.97893983607));
#7707 = CARTESIAN_POINT('',(3.141613252168,212.13690879968));
#7708 = CARTESIAN_POINT('',(3.14135339326,212.29481460697));
#7709 = CARTESIAN_POINT('',(3.141328703959,212.45342350256));
#7710 = CARTESIAN_POINT('',(3.141485522865,212.61253900588));
#7711 = CARTESIAN_POINT('',(3.141698930656,212.77179724122));
#7712 = CARTESIAN_POINT('',(3.14176799074,212.93066786128));
#7713 = CARTESIAN_POINT('',(3.141682316318,213.08908341772));
#7714 = CARTESIAN_POINT('',(3.141617545395,213.24756830598));
#7715 = CARTESIAN_POINT('',(3.141568999092,213.40610513779));
#7716 = CARTESIAN_POINT('',(3.141463530878,213.56446395883));
#7717 = CARTESIAN_POINT('',(3.141396110975,213.72295487043));
#7718 = CARTESIAN_POINT('',(3.141557814823,213.88206836349));
#7719 = CARTESIAN_POINT('',(3.141762206856,214.04130961956));
#7720 = CARTESIAN_POINT('',(3.141851921541,214.20024990732));
#7721 = CARTESIAN_POINT('',(3.141773559706,214.35867014007));
#7722 = CARTESIAN_POINT('',(3.141505731062,214.51658529492));
#7723 = CARTESIAN_POINT('',(3.141293848218,214.67470280007));
#7724 = CARTESIAN_POINT('',(3.141379488763,214.83359168752));
#7725 = CARTESIAN_POINT('',(3.14160884147,214.9928655112));
#7726 = CARTESIAN_POINT('',(3.141671467431,215.15173397196));
#7727 = CARTESIAN_POINT('',(3.141602089019,215.31019459708));
#7728 = CARTESIAN_POINT('',(3.141518924953,215.46859858823));
#7729 = CARTESIAN_POINT('',(3.141549920002,215.62739478864));
#7730 = CARTESIAN_POINT('',(3.141833114688,215.78678510461));
#7731 = CARTESIAN_POINT('',(3.141915395153,215.94569297285));
#7732 = CARTESIAN_POINT('',(3.141657591439,216.10368906331));
#7733 = CARTESIAN_POINT('',(3.141366469085,216.26151863797));
#7734 = CARTESIAN_POINT('',(3.141329456577,216.42008944774));
#7735 = CARTESIAN_POINT('',(3.141466981798,216.57913588872));
#7736 = CARTESIAN_POINT('',(3.141645793754,216.73831209132));
#7737 = CARTESIAN_POINT('',(3.141755177409,216.89728059471));
#7738 = CARTESIAN_POINT('',(3.141718400423,217.05584036847));
#7739 = CARTESIAN_POINT('',(3.141641345638,217.21429368716));
#7740 = CARTESIAN_POINT('',(3.141568751892,217.37275897254));
#7741 = CARTESIAN_POINT('',(3.141464081901,217.53112885474));
#7742 = CARTESIAN_POINT('',(3.141408104363,217.68964906632));
#7743 = CARTESIAN_POINT('',(3.141533391276,217.84865482206));
#7744 = CARTESIAN_POINT('',(3.141714287729,218.00783803823));
#7745 = CARTESIAN_POINT('',(3.141827499346,218.16682721988));
#7746 = CARTESIAN_POINT('',(3.141825060389,218.32547041092));
#7747 = CARTESIAN_POINT('',(3.141576232286,218.48344079816));
#7748 = CARTESIAN_POINT('',(3.141310267997,218.64137968988));
#7749 = CARTESIAN_POINT('',(3.141309920841,218.80008439779));
#7750 = CARTESIAN_POINT('',(3.141592786838,218.95947218171));
#7751 = CARTESIAN_POINT('',(3.141689438571,219.1184443744));
#7752 = CARTESIAN_POINT('',(3.141606494269,219.27686656959));
#7753 = CARTESIAN_POINT('',(3.141511847255,219.43523447351));
#7754 = CARTESIAN_POINT('',(3.141534823541,219.59400563233));
#7755 = CARTESIAN_POINT('',(3.141796736484,219.75335788053));
#7756 = CARTESIAN_POINT('',(3.141911907211,219.91234488787));
#7757 = CARTESIAN_POINT('',(3.141702343242,220.07046205178));
#7758 = CARTESIAN_POINT('',(3.141415218859,220.22832436543));
#7759 = CARTESIAN_POINT('',(3.141340029494,220.38677025171));
#7760 = CARTESIAN_POINT('',(3.14142498236,220.54566669702));
#7761 = CARTESIAN_POINT('',(3.14159236212,220.70482220293));
#7762 = CARTESIAN_POINT('',(3.141759894835,220.86394338161));
#7763 = CARTESIAN_POINT('',(3.141753412534,221.02260038369));
#7764 = CARTESIAN_POINT('',(3.141639113753,221.18094690077));
#7765 = CARTESIAN_POINT('',(3.14156821779,221.33941381164));
#7766 = CARTESIAN_POINT('',(3.141488234826,221.4978603599));
#7767 = CARTESIAN_POINT('',(3.141434558304,221.65637459854));
#7768 = CARTESIAN_POINT('',(3.141482487665,221.81516864942));
#7769 = CARTESIAN_POINT('',(3.14167029584,221.97436878217));
#7770 = CARTESIAN_POINT('',(3.141819595392,222.13345185833));
#7771 = CARTESIAN_POINT('',(3.141868473966,222.29225839966));
#7772 = CARTESIAN_POINT('',(3.141618564168,222.45021610221));
#7773 = CARTESIAN_POINT('',(3.141332930627,222.60809419484));
#7774 = CARTESIAN_POINT('',(3.14127376963,222.76666033915));
#7775 = CARTESIAN_POINT('',(3.141575460179,222.9260800903));
#7776 = CARTESIAN_POINT('',(3.141671806123,223.08504920052));
#7777 = CARTESIAN_POINT('',(3.141616282431,223.24355240102));
#7778 = CARTESIAN_POINT('',(3.141523358954,223.40193064785));
#7779 = CARTESIAN_POINT('',(3.14154225175,223.56067317422));
#7780 = CARTESIAN_POINT('',(3.141721365379,223.71983262746));
#7781 = CARTESIAN_POINT('',(3.141909839114,223.87898136391));
#7782 = CARTESIAN_POINT('',(3.141758233078,224.03726544367));
#7783 = CARTESIAN_POINT('',(3.141487481575,224.19518874899));
#7784 = CARTESIAN_POINT('',(3.141326649853,224.35337707039));
#7785 = CARTESIAN_POINT('',(3.141388521448,224.51222510704));
#7786 = CARTESIAN_POINT('',(3.141552304303,224.67136745337));
#7787 = CARTESIAN_POINT('',(3.141769802179,224.83062791006));
#7788 = CARTESIAN_POINT('',(3.141750958457,224.98925939703));
#7789 = CARTESIAN_POINT('',(3.14164789562,225.14762613117));
#7790 = CARTESIAN_POINT('',(3.141576135609,225.3060940244));
#7791 = CARTESIAN_POINT('',(3.141531953941,225.46464061756));
#7792 = CARTESIAN_POINT('',(3.141433055632,225.62301862427));
#7793 = CARTESIAN_POINT('',(3.141443608849,225.78172175433));
#7794 = CARTESIAN_POINT('',(3.141632695578,225.94091612886));
#7795 = CARTESIAN_POINT('',(3.141824453506,226.10012199727));
#7796 = CARTESIAN_POINT('',(3.141863640245,226.25891692378));
#7797 = CARTESIAN_POINT('',(3.141668475632,226.41701044744));
#7798 = CARTESIAN_POINT('',(3.141367145242,226.5748498663));
#7799 = CARTESIAN_POINT('',(3.141281289954,226.73333246537));
#7800 = CARTESIAN_POINT('',(3.141513266077,226.89257129891));
#7801 = CARTESIAN_POINT('',(3.141659218068,227.05166196021));
#7802 = CARTESIAN_POINT('',(3.141628283998,227.21024647581));
#7803 = CARTESIAN_POINT('',(3.14156120432,227.36870341279));
#7804 = CARTESIAN_POINT('',(3.141524050793,227.52726720866));
#7805 = CARTESIAN_POINT('',(3.14165784366,227.6863285323));
#7806 = CARTESIAN_POINT('',(3.141899080263,227.84559127292));
#7807 = CARTESIAN_POINT('',(3.141831261148,228.00412012577));
#7808 = CARTESIAN_POINT('',(3.141532481378,228.16197191205));
#7809 = CARTESIAN_POINT('',(3.141324345984,228.32002786329));
#7810 = CARTESIAN_POINT('',(3.141354740276,228.47879736973));
#7811 = CARTESIAN_POINT('',(3.141541608499,228.63799021203));
#7812 = CARTESIAN_POINT('',(3.141734678727,228.79719540865));
#7813 = CARTESIAN_POINT('',(3.141755320883,228.95592701513));
#7814 = CARTESIAN_POINT('',(3.141658567362,229.11431108678));
#7815 = CARTESIAN_POINT('',(3.141611586425,229.27284933776));
#7816 = CARTESIAN_POINT('',(3.141542460387,229.43132529955));
#7817 = CARTESIAN_POINT('',(3.141438438532,229.58968904909));
#7818 = CARTESIAN_POINT('',(3.141410470152,229.74829489363));
#7819 = CARTESIAN_POINT('',(3.141621377676,229.90753741899));
#7820 = CARTESIAN_POINT('',(3.141790294419,230.06669263198));
#7821 = CARTESIAN_POINT('',(3.141858525003,230.22556015778));
#7822 = CARTESIAN_POINT('',(3.141712405011,230.38378976194));
#7823 = CARTESIAN_POINT('',(3.141441344423,230.54170921049));
#7824 = CARTESIAN_POINT('',(3.14127545228,230.69995411818));
#7825 = CARTESIAN_POINT('',(3.141448542327,230.85906493541));
#7826 = CARTESIAN_POINT('',(3.141638682844,231.01824982241));
#7827 = CARTESIAN_POINT('',(3.141665437352,231.17701637884));
#7828 = CARTESIAN_POINT('',(3.141573861566,231.33540014044));
#7829 = CARTESIAN_POINT('',(3.141513272377,231.49388508062));
#7830 = CARTESIAN_POINT('',(3.141597285518,231.65282333241));
#7831 = CARTESIAN_POINT('',(3.141902122563,231.81225266456));
#7832 = CARTESIAN_POINT('',(3.14186378381,231.97087075383));
#7833 = CARTESIAN_POINT('',(3.14158270208,232.12876708485));
#7834 = CARTESIAN_POINT('',(3.141322713566,232.28669507703));
#7835 = CARTESIAN_POINT('',(3.141360157954,232.44546963455));
#7836 = CARTESIAN_POINT('',(3.141505407812,232.60454070436));
#7837 = CARTESIAN_POINT('',(3.141693610072,232.7637426268));
#7838 = CARTESIAN_POINT('',(3.141752422242,232.92256694762));
#7839 = CARTESIAN_POINT('',(3.141702266734,233.08109125025));
#7840 = CARTESIAN_POINT('',(3.141620182189,233.23953165884));
#7841 = CARTESIAN_POINT('',(3.14155059099,233.39800266141));
#7842 = CARTESIAN_POINT('',(3.14143662792,233.556349779));
#7843 = CARTESIAN_POINT('',(3.141422436228,233.71498526043));
#7844 = CARTESIAN_POINT('',(3.141581685223,233.87408341837));
#7845 = CARTESIAN_POINT('',(3.141752874979,234.03324833721));
#7846 = CARTESIAN_POINT('',(3.141842925685,234.19216067606));
#7847 = CARTESIAN_POINT('',(3.141782777544,234.35064835146));
#7848 = CARTESIAN_POINT('',(3.1414982146,234.50851719888));
#7849 = CARTESIAN_POINT('',(3.141277671466,234.66660073238));
#7850 = CARTESIAN_POINT('',(3.141372764342,234.82553987863));
#7851 = CARTESIAN_POINT('',(3.141643765584,234.98491106138));
#7852 = CARTESIAN_POINT('',(3.14167626147,235.14370999729));
#7853 = CARTESIAN_POINT('',(3.141583783048,235.3020866699));
#7854 = CARTESIAN_POINT('',(3.141497093931,235.46049442555));
#7855 = CARTESIAN_POINT('',(3.141582147494,235.61943627999));
#7856 = CARTESIAN_POINT('',(3.141862667174,235.77882047417));
#7857 = CARTESIAN_POINT('',(3.141883585864,235.9375777216));
#7858 = CARTESIAN_POINT('',(3.141625153548,236.09554140843));
#7859 = CARTESIAN_POINT('',(3.141369259547,236.25349201277));
#7860 = CARTESIAN_POINT('',(3.141353583598,236.41209821984));
#7861 = CARTESIAN_POINT('',(3.141462365151,236.57107348518));
#7862 = CARTESIAN_POINT('',(3.14164114794,236.73025264695));
#7863 = CARTESIAN_POINT('',(3.141777045287,236.88928711964));
#7864 = CARTESIAN_POINT('',(3.141726581596,237.04782332573));
#7865 = CARTESIAN_POINT('',(3.141620001234,237.20618774512));
#7866 = CARTESIAN_POINT('',(3.14154780859,237.36465397157));
#7867 = CARTESIAN_POINT('',(3.141471825292,237.52311042946));
#7868 = CARTESIAN_POINT('',(3.141429612076,237.68165486734));
#7869 = CARTESIAN_POINT('',(3.141528605909,237.84059423284));
#7870 = CARTESIAN_POINT('',(3.1417098419,237.99977680978));
#7871 = CARTESIAN_POINT('',(3.141851724264,238.15883613095));
#7872 = CARTESIAN_POINT('',(3.141829235223,238.31744775729));
#7873 = CARTESIAN_POINT('',(3.141543182684,238.47529216281));
#7874 = CARTESIAN_POINT('',(3.141277994044,238.63326205035));
#7875 = CARTESIAN_POINT('',(3.141337531618,238.79211593476));
#7876 = CARTESIAN_POINT('',(3.141626702851,238.95151694954));
#7877 = CARTESIAN_POINT('',(3.141667704719,239.11034124754));
#7878 = CARTESIAN_POINT('',(3.141588482805,239.26875922857));
#7879 = CARTESIAN_POINT('',(3.141515891838,239.42720811567));
#7880 = CARTESIAN_POINT('',(3.141569092233,239.58604993074));
#7881 = CARTESIAN_POINT('',(3.14179082445,239.74530733154));
#7882 = CARTESIAN_POINT('',(3.141896780929,239.90424610693));
#7883 = CARTESIAN_POINT('',(3.141695109401,240.06239392992));
#7884 = CARTESIAN_POINT('',(3.14142366211,240.22030111353));
#7885 = CARTESIAN_POINT('',(3.14133056732,240.37867933446));
#7886 = CARTESIAN_POINT('',(3.141415409653,240.53760480567));
#7887 = CARTESIAN_POINT('',(3.141615646852,240.69683629975));
#7888 = CARTESIAN_POINT('',(3.1417874396,240.85597666288));
#7889 = CARTESIAN_POINT('',(3.141726554841,241.0144868149));
#7890 = CARTESIAN_POINT('',(3.141620638981,241.17284397039));
#7891 = CARTESIAN_POINT('',(3.141570675646,241.33137650956));
#7892 = CARTESIAN_POINT('',(3.141508347696,241.48986886169));
#7893 = CARTESIAN_POINT('',(3.141418586473,241.64827243409));
#7894 = CARTESIAN_POINT('',(3.141476624862,241.80711262689));
#7895 = CARTESIAN_POINT('',(3.141689909395,241.96637021653));
#7896 = CARTESIAN_POINT('',(3.141851775789,242.12549953391));
#7897 = CARTESIAN_POINT('',(3.141838847587,242.28414257895));
#7898 = CARTESIAN_POINT('',(3.141588279311,242.44207440379));
#7899 = CARTESIAN_POINT('',(3.14131519112,242.60002166979));
#7900 = CARTESIAN_POINT('',(3.141319718131,242.758723398));
#7901 = CARTESIAN_POINT('',(3.141570360989,242.91802007576));
#7902 = CARTESIAN_POINT('',(3.141660793759,243.07696913547));
#7903 = CARTESIAN_POINT('',(3.141612356279,243.23549281302));
#7904 = CARTESIAN_POINT('',(3.141545917059,243.39395213906));
#7905 = CARTESIAN_POINT('',(3.141534614472,243.55260242927));
#7906 = CARTESIAN_POINT('',(3.141723104223,243.71179110955));
#7907 = CARTESIAN_POINT('',(3.14191839518,243.87093962413));
#7908 = CARTESIAN_POINT('',(3.141767250036,244.0292549054));
#7909 = CARTESIAN_POINT('',(3.141457681487,244.18704774871));
#7910 = CARTESIAN_POINT('',(3.141311955958,244.34529187593));
#7911 = CARTESIAN_POINT('',(3.14139084733,244.50419782777));
#7912 = CARTESIAN_POINT('',(3.141598972554,244.66344446032));
#7913 = CARTESIAN_POINT('',(3.141756329948,244.8225556463));
#7914 = CARTESIAN_POINT('',(3.141734228735,244.98116061221));
#7915 = CARTESIAN_POINT('',(3.141639745544,245.13955389911));
#7916 = CARTESIAN_POINT('',(3.141603872325,245.2981257559));
#7917 = CARTESIAN_POINT('',(3.141513412985,245.45653636578));
#7918 = CARTESIAN_POINT('',(3.141415374331,245.61492327048));
#7919 = CARTESIAN_POINT('',(3.141445038668,245.77368751409));
#7920 = CARTESIAN_POINT('',(3.141679050887,245.93299331673));
#7921 = CARTESIAN_POINT('',(3.141812827882,246.09205969073));
#7922 = CARTESIAN_POINT('',(3.141849238956,246.25082250179));
#7923 = CARTESIAN_POINT('',(3.141644136573,246.40889251032));
#7924 = CARTESIAN_POINT('',(3.141382513068,246.56685158556));
#7925 = CARTESIAN_POINT('',(3.141282607275,246.72526965632));
#7926 = CARTESIAN_POINT('',(3.141513174645,246.88452944414));
#7927 = CARTESIAN_POINT('',(3.141658910136,247.04360988285));
#7928 = CARTESIAN_POINT('',(3.141650768474,247.20227054473));
#7929 = CARTESIAN_POINT('',(3.141548387233,247.36061375968));
#7930 = CARTESIAN_POINT('',(3.141512784817,247.51919180398));
#7931 = CARTESIAN_POINT('',(3.141666678693,247.67829937852));
#7932 = CARTESIAN_POINT('',(3.141940004929,247.83765041703));
#7933 = CARTESIAN_POINT('',(3.141798969038,247.99600446516));
#7934 = CARTESIAN_POINT('',(3.141503665272,248.15383330898));
#7935 = CARTESIAN_POINT('',(3.141305248714,248.31194549947));
#7936 = CARTESIAN_POINT('',(3.141394783948,248.47086033487));
#7937 = CARTESIAN_POINT('',(3.141547980183,248.62995839236));
#7938 = CARTESIAN_POINT('',(3.141727927484,248.78913349404));
#7939 = CARTESIAN_POINT('',(3.141744638692,248.94783988925));
#7940 = CARTESIAN_POINT('',(3.141683360619,249.10633473966));
#7941 = CARTESIAN_POINT('',(3.141601463887,249.26477617348));
#7942 = CARTESIAN_POINT('',(3.14152404539,249.42322278427));
#7943 = CARTESIAN_POINT('',(3.141417435903,249.58159500994));
#7944 = CARTESIAN_POINT('',(3.141449192355,249.74035348506));
#7945 = CARTESIAN_POINT('',(3.141629045766,249.89951325734));
#7946 = CARTESIAN_POINT('',(3.141782586577,250.0586305566));
#7947 = CARTESIAN_POINT('',(3.141851909442,250.21747620877));
#7948 = CARTESIAN_POINT('',(3.141723360669,250.37577889785));
#7949 = CARTESIAN_POINT('',(3.141425005097,250.53360891021));
#7950 = CARTESIAN_POINT('',(3.141262042343,250.69186985266));
#7951 = CARTESIAN_POINT('',(3.141450045945,250.85102919673));
#7952 = CARTESIAN_POINT('',(3.14167585572,251.01030627486));
#7953 = CARTESIAN_POINT('',(3.141655632742,251.16894768575));
#7954 = CARTESIAN_POINT('',(3.141557986871,251.32729846643));
#7955 = CARTESIAN_POINT('',(3.141494683776,251.4857949998));
#7956 = CARTESIAN_POINT('',(3.141645984448,251.64490191319));
#7957 = CARTESIAN_POINT('',(3.141905892154,251.80423171599));
#7958 = CARTESIAN_POINT('',(3.141835243385,251.96275043842));
#7959 = CARTESIAN_POINT('',(3.141548577179,252.12062233879));
#7960 = CARTESIAN_POINT('',(3.141342312066,252.27871102161));
#7961 = CARTESIAN_POINT('',(3.141372683114,252.43744337676));
#7962 = CARTESIAN_POINT('',(3.141502235618,252.59648821928));
#7963 = CARTESIAN_POINT('',(3.141689708763,252.7556797503));
#7964 = CARTESIAN_POINT('',(3.141780599545,252.91459530778));
#7965 = CARTESIAN_POINT('',(3.141695760903,253.07303345057));
#7966 = CARTESIAN_POINT('',(3.141603074618,253.23143540269));
#7967 = CARTESIAN_POINT('',(3.141527192064,253.38989348607));
#7968 = CARTESIAN_POINT('',(3.141457281133,253.54836528844));
#7969 = CARTESIAN_POINT('',(3.14143358486,253.70695977686));
#7970 = CARTESIAN_POINT('',(3.141579182375,253.8660339219));
#7971 = CARTESIAN_POINT('',(3.141747771972,254.0251788341));
#7972 = CARTESIAN_POINT('',(3.141874817066,254.18419664199));
#7973 = CARTESIAN_POINT('',(3.141768364456,254.34257353063));
#7974 = CARTESIAN_POINT('',(3.141470758831,254.5003816602));
#7975 = CARTESIAN_POINT('',(3.141244748702,254.65849048498));
#7976 = CARTESIAN_POINT('',(3.141421028734,254.81761632392));
#7977 = CARTESIAN_POINT('',(3.141656001478,254.97690378073));
#7978 = CARTESIAN_POINT('',(3.141658781965,255.13561293634));
#7979 = CARTESIAN_POINT('',(3.141561214465,255.29396941518));
#7980 = CARTESIAN_POINT('',(3.141517047499,255.45251281647));
#7981 = CARTESIAN_POINT('',(3.14160659103,255.61145248237));
#7982 = CARTESIAN_POINT('',(3.141856120314,255.77076936829));
#7983 = CARTESIAN_POINT('',(3.141862378067,255.92945685428));
#7984 = CARTESIAN_POINT('',(3.141627795641,256.0875069975));
#7985 = CARTESIAN_POINT('',(3.14137137392,256.24544315639));
#7986 = CARTESIAN_POINT('',(3.141347610829,256.40402358644));
#7987 = CARTESIAN_POINT('',(3.141450273902,256.56300496612));
#7988 = CARTESIAN_POINT('',(3.141679218341,256.72230447448));
#7989 = CARTESIAN_POINT('',(3.141785822041,256.88127390432));
#7990 = CARTESIAN_POINT('',(3.141703797415,257.03971588709));
#7991 = CARTESIAN_POINT('',(3.141598276734,257.19807760633));
#7992 = CARTESIAN_POINT('',(3.141563623743,257.35665408318));
#7993 = CARTESIAN_POINT('',(3.141480781428,257.51508450404));
#7994 = CARTESIAN_POINT('',(3.141417302391,257.67356616652));
#7995 = CARTESIAN_POINT('',(3.141521615035,257.83253462872));
#7996 = CARTESIAN_POINT('',(3.141743078568,257.99181452236));
#7997 = CARTESIAN_POINT('',(3.141867444468,258.15084522286));
#7998 = CARTESIAN_POINT('',(3.141798789126,258.30932063937));
#7999 = CARTESIAN_POINT('',(3.14150721322,258.46714294273));
#8000 = CARTESIAN_POINT('',(3.14128131715,258.62524324481));
#8001 = CARTESIAN_POINT('',(3.141378190126,258.78416024514));
#8002 = CARTESIAN_POINT('',(3.141616421146,258.94344833121));
#8003 = CARTESIAN_POINT('',(3.141653904801,259.10224831291));
#8004 = CARTESIAN_POINT('',(3.141595767698,259.26073680127));
#8005 = CARTESIAN_POINT('',(3.141532517324,259.41920829782));
#8006 = CARTESIAN_POINT('',(3.141561689357,259.57798447122));
#8007 = CARTESIAN_POINT('',(3.14179272773,259.73725757274));
#8008 = CARTESIAN_POINT('',(3.141911691546,259.89622853632));
#8009 = CARTESIAN_POINT('',(3.141692168592,260.05435049639));
#8010 = CARTESIAN_POINT('',(3.141396887459,260.21216338199));
#8011 = CARTESIAN_POINT('',(3.141313865461,260.37059831258));
#8012 = CARTESIAN_POINT('',(3.14143589056,260.52962131587));
#8013 = CARTESIAN_POINT('',(3.14165270093,260.68888923731));
#8014 = CARTESIAN_POINT('',(3.141766874464,260.84788449749));
#8015 = CARTESIAN_POINT('',(3.141708547289,261.00638085559));
#8016 = CARTESIAN_POINT('',(3.141626799157,261.16481416596));
#8017 = CARTESIAN_POINT('',(3.141589819126,261.32338411569));
#8018 = CARTESIAN_POINT('',(3.141486279579,261.48175191608));
#8019 = CARTESIAN_POINT('',(3.141399291221,261.64017969832));
#8020 = CARTESIAN_POINT('',(3.141497622184,261.79912653035));
#8021 = CARTESIAN_POINT('',(3.141726151503,261.95842396385));
#8022 = CARTESIAN_POINT('',(3.141833152422,262.11741773289));
#8023 = CARTESIAN_POINT('',(3.141820848969,262.27603048483));
#8024 = CARTESIAN_POINT('',(3.141573981795,262.43399326473));
#8025 = CARTESIAN_POINT('',(3.141331834912,262.5920181763));
#8026 = CARTESIAN_POINT('',(3.141318080169,262.75065628289));
#8027 = CARTESIAN_POINT('',(3.141567833949,262.90997189817));
#8028 = CARTESIAN_POINT('',(3.141670049949,263.06894502938));
#8029 = CARTESIAN_POINT('',(3.141628721553,263.22749950851));
#8030 = CARTESIAN_POINT('',(3.141528834603,263.38584771354));
#8031 = CARTESIAN_POINT('',(3.141523315781,263.54453157699));
#8032 = CARTESIAN_POINT('',(3.14175055948,263.70380399775));
#8033 = CARTESIAN_POINT('',(3.141943073423,263.86296837527));
#8034 = CARTESIAN_POINT('',(3.141727859864,264.02110914429));
#8035 = CARTESIAN_POINT('',(3.141428539534,264.17891422605));
#8036 = CARTESIAN_POINT('',(3.141310121063,264.33725684021));
#8037 = CARTESIAN_POINT('',(3.141430840197,264.4962556961));
#8038 = CARTESIAN_POINT('',(3.141594986156,264.65538890401));
#8039 = CARTESIAN_POINT('',(3.141747833859,264.81448305737));
#8040 = CARTESIAN_POINT('',(3.141733424298,264.97310380895));
#8041 = CARTESIAN_POINT('',(3.141662528351,265.13157322205));
#8042 = CARTESIAN_POINT('',(3.141584242759,265.29002412451));
#8043 = CARTESIAN_POINT('',(3.141493577407,265.44843258987));
#8044 = CARTESIAN_POINT('',(3.141407909256,265.60686752029));
#8045 = CARTESIAN_POINT('',(3.141487604532,265.76575231602));
#8046 = CARTESIAN_POINT('',(3.141673030862,265.92493723088));
#8047 = CARTESIAN_POINT('',(3.141806852767,266.08399375463));
#8048 = CARTESIAN_POINT('',(3.141848428836,266.24275850368));
#8049 = CARTESIAN_POINT('',(3.141652141149,266.4008756234));
#8050 = CARTESIAN_POINT('',(3.141360359043,266.55872926052));
#8051 = CARTESIAN_POINT('',(3.141271302566,266.71720159812));
#8052 = CARTESIAN_POINT('',(3.141527832293,266.87652234553));
#8053 = CARTESIAN_POINT('',(3.141690150756,267.03565586633));
#8054 = CARTESIAN_POINT('',(3.141630899141,267.19416712444));
#8055 = CARTESIAN_POINT('',(3.141532339109,267.35251464938));
#8056 = CARTESIAN_POINT('',(3.141507234384,267.51113948249));
#8057 = CARTESIAN_POINT('',(3.141721066113,267.67038947098));
#8058 = CARTESIAN_POINT('',(3.141920918236,267.82957697912));
#8059 = CARTESIAN_POINT('',(3.141772476581,267.98787715544));
#8060 = CARTESIAN_POINT('',(3.141476953281,268.14571799645));
#8061 = CARTESIAN_POINT('',(3.141334655012,268.30398147391));
#8062 = CARTESIAN_POINT('',(3.141395986461,268.4628036402));
#8063 = CARTESIAN_POINT('',(3.141545028998,268.62190928461));
#8064 = CARTESIAN_POINT('',(3.141731624321,268.781088064));
#8065 = CARTESIAN_POINT('',(3.141771887345,268.93987043146));
#8066 = CARTESIAN_POINT('',(3.141665064892,269.09824243507));
#8067 = CARTESIAN_POINT('',(3.141585339208,269.25668193169));
#8068 = CARTESIAN_POINT('',(3.141507568987,269.41513539501));
#8069 = CARTESIAN_POINT('',(3.141444582584,269.57362482866));
#8070 = CARTESIAN_POINT('',(3.141450522864,269.73230127519));
#8071 = CARTESIAN_POINT('',(3.141626382432,269.89146466025));
#8072 = CARTESIAN_POINT('',(3.141785468901,270.05057900741));
#8073 = CARTESIAN_POINT('',(3.141882151782,270.20951512904));
#8074 = CARTESIAN_POINT('',(3.141695071999,270.36765964252));
#8075 = CARTESIAN_POINT('',(3.141397811694,270.52547999106));
#8076 = CARTESIAN_POINT('',(3.14124304914,270.68379702702));
#8077 = CARTESIAN_POINT('',(3.141505273146,270.84312075751));
#8078 = CARTESIAN_POINT('',(3.141669124057,271.00225047757));
#8079 = CARTESIAN_POINT('',(3.141639924389,271.16084963851));
#8080 = CARTESIAN_POINT('',(3.141539290844,271.31919834889));
#8081 = CARTESIAN_POINT('',(3.141525857137,271.47784077882));
#8082 = CARTESIAN_POINT('',(3.141658171373,271.63688827453));
#8083 = CARTESIAN_POINT('',(3.141896451932,271.79616711961));
#8084 = CARTESIAN_POINT('',(3.141815077078,271.95463354516));
#8085 = CARTESIAN_POINT('',(3.141557084642,272.11260671494));
#8086 = CARTESIAN_POINT('',(3.141338617758,272.27063873225));
#8087 = CARTESIAN_POINT('',(3.141366241885,272.42937679709));
#8088 = CARTESIAN_POINT('',(3.141496950712,272.58843463638));
#8089 = CARTESIAN_POINT('',(3.141733582803,272.74774836358));
#8090 = CARTESIAN_POINT('',(3.141771428691,272.90653517733));
#8091 = CARTESIAN_POINT('',(3.141676129275,273.06492980301));
#8092 = CARTESIAN_POINT('',(3.141584348864,273.22333623867));
#8093 = CARTESIAN_POINT('',(3.141551103848,273.38191567276));
#8094 = CARTESIAN_POINT('',(3.141454241704,273.540302158));
#8095 = CARTESIAN_POINT('',(3.141424332413,273.69888547779));
#8096 = CARTESIAN_POINT('',(3.141575992709,273.85798093566));
#8097 = CARTESIAN_POINT('',(3.141788838531,274.01724017231));
#8098 = CARTESIAN_POINT('',(3.141871471331,274.17615775342));
#8099 = CARTESIAN_POINT('',(3.141739980146,274.33444192726));
#8100 = CARTESIAN_POINT('',(3.141432002807,274.49223687334));
#8101 = CARTESIAN_POINT('',(3.141269550364,274.65051922394));
#8102 = CARTESIAN_POINT('',(3.141446686979,274.80962350041));
#8103 = CARTESIAN_POINT('',(3.141645717039,274.9688355942));
#8104 = CARTESIAN_POINT('',(3.141642526195,275.12751121044));
#8105 = CARTESIAN_POINT('',(3.141578582704,275.28597885092));
#8106 = CARTESIAN_POINT('',(3.141523672284,275.4444809213));
#8107 = CARTESIAN_POINT('',(3.141603410815,275.6034023454));
#8108 = CARTESIAN_POINT('',(3.141855954158,275.76270597125));
#8109 = CARTESIAN_POINT('',(3.141881216426,275.92145969527));
#8110 = CARTESIAN_POINT('',(3.141611459992,276.07942086509));
#8111 = CARTESIAN_POINT('',(3.141352523145,276.23732931112));
#8112 = CARTESIAN_POINT('',(3.141328682366,276.39594132308));
#8113 = CARTESIAN_POINT('',(3.141487536958,276.55506146721));
#8114 = CARTESIAN_POINT('',(3.141698402954,276.71431327228));
#8115 = CARTESIAN_POINT('',(3.141767602043,276.87318367833));
#8116 = CARTESIAN_POINT('',(3.141681890869,277.03159918204));
#8117 = CARTESIAN_POINT('',(3.141618574682,277.19008831026));
#8118 = CARTESIAN_POINT('',(3.141567647661,277.34861839165));
#8119 = CARTESIAN_POINT('',(3.141463468239,277.50698102485));
#8120 = CARTESIAN_POINT('',(3.141397393729,277.66547614911));
#8121 = CARTESIAN_POINT('',(3.141561315815,277.82459482202));
#8122 = CARTESIAN_POINT('',(3.141760007807,277.98382128956));
#8123 = CARTESIAN_POINT('',(3.141847855414,278.14275546538));
#8124 = CARTESIAN_POINT('',(3.141769134495,278.30117428627));
#8125 = CARTESIAN_POINT('',(3.141507200002,278.45910707403));
#8126 = CARTESIAN_POINT('',(3.141299642933,278.61723365452));
#8127 = CARTESIAN_POINT('',(3.141388607122,278.7761322638));
#8128 = CARTESIAN_POINT('',(3.141612410771,278.93539319007));
#8129 = CARTESIAN_POINT('',(3.141670680305,279.09424895666));
#8130 = CARTESIAN_POINT('',(3.141593990932,279.25268810791));
#8131 = CARTESIAN_POINT('',(3.141510657263,279.41108934474));
#8132 = CARTESIAN_POINT('',(3.141541639898,279.56988990547));
#8133 = CARTESIAN_POINT('',(3.141833293619,279.72930178724));
#8134 = CARTESIAN_POINT('',(3.141915914428,279.88821309559));
#8135 = CARTESIAN_POINT('',(3.141658203841,280.04620847378));
#8136 = CARTESIAN_POINT('',(3.141362815182,280.20402376469));
#8137 = CARTESIAN_POINT('',(3.141329806229,280.36260788505));
#8138 = CARTESIAN_POINT('',(3.141478656404,280.52168734532));
#8139 = CARTESIAN_POINT('',(3.141674524964,280.68090956741));
#8140 = CARTESIAN_POINT('',(3.141765355102,280.83982625414));
#8141 = CARTESIAN_POINT('',(3.141680609739,280.99824940754));
#8142 = CARTESIAN_POINT('',(3.14155480355,281.15657743716));
#8143 = CARTESIAN_POINT('',(3.141525388895,281.31515245662));
#8144 = CARTESIAN_POINT('',(3.14154067207,281.47386243164));
#8145 = CARTESIAN_POINT('',(3.141591616858,281.63265951945));
#8146 = CARTESIAN_POINT('',(3.141648782038,281.79150329388));
#8147 = CARTESIAN_POINT('',(3.141609276983,281.95005490947));
#8148 = CARTESIAN_POINT('',(3.141546390629,282.10855153114));
#8149 = CARTESIAN_POINT('',(3.141588217618,282.26732983668));
#8150 = CARTESIAN_POINT('',(3.141630831937,282.42611926476));
#8151 = CARTESIAN_POINT('',(3.141593735498,282.58467317773));
#8152 = CARTESIAN_POINT('',(3.14158474593,282.69042527353));
#8153 = CARTESIAN_POINT('',(3.14159265359,282.74333882308));
#8154 = ( GEOMETRIC_REPRESENTATION_CONTEXT(2) 
PARAMETRIC_REPRESENTATION_CONTEXT() REPRESENTATION_CONTEXT('2D SPACE',''
  ) );
#8155 = PCURVE('',#31,#8156);
#8156 = DEFINITIONAL_REPRESENTATION('',(#8157),#9943);
#8157 = B_SPLINE_CURVE_WITH_KNOTS('',3,(#8158,#8159,#8160,#8161,#8162,
    #8163,#8164,#8165,#8166,#8167,#8168,#8169,#8170,#8171,#8172,#8173,
    #8174,#8175,#8176,#8177,#8178,#8179,#8180,#8181,#8182,#8183,#8184,
    #8185,#8186,#8187,#8188,#8189,#8190,#8191,#8192,#8193,#8194,#8195,
    #8196,#8197,#8198,#8199,#8200,#8201,#8202,#8203,#8204,#8205,#8206,
    #8207,#8208,#8209,#8210,#8211,#8212,#8213,#8214,#8215,#8216,#8217,
    #8218,#8219,#8220,#8221,#8222,#8223,#8224,#8225,#8226,#8227,#8228,
    #8229,#8230,#8231,#8232,#8233,#8234,#8235,#8236,#8237,#8238,#8239,
    #8240,#8241,#8242,#8243,#8244,#8245,#8246,#8247,#8248,#8249,#8250,
    #8251,#8252,#8253,#8254,#8255,#8256,#8257,#8258,#8259,#8260,#8261,
    #8262,#8263,#8264,#8265,#8266,#8267,#8268,#8269,#8270,#8271,#8272,
    #8273,#8274,#8275,#8276,#8277,#8278,#8279,#8280,#8281,#8282,#8283,
    #8284,#8285,#8286,#8287,#8288,#8289,#8290,#8291,#8292,#8293,#8294,
    #8295,#8296,#8297,#8298,#8299,#8300,#8301,#8302,#8303,#8304,#8305,
    #8306,#8307,#8308,#8309,#8310,#8311,#8312,#8313,#8314,#8315,#8316,
    #8317,#8318,#8319,#8320,#8321,#8322,#8323,#8324,#8325,#8326,#8327,
    #8328,#8329,#8330,#8331,#8332,#8333,#8334,#8335,#8336,#8337,#8338,
    #8339,#8340,#8341,#8342,#8343,#8344,#8345,#8346,#8347,#8348,#8349,
    #8350,#8351,#8352,#8353,#8354,#8355,#8356,#8357,#8358,#8359,#8360,
    #8361,#8362,#8363,#8364,#8365,#8366,#8367,#8368,#8369,#8370,#8371,
    #8372,#8373,#8374,#8375,#8376,#8377,#8378,#8379,#8380,#8381,#8382,
    #8383,#8384,#8385,#8386,#8387,#8388,#8389,#8390,#8391,#8392,#8393,
    #8394,#8395,#8396,#8397,#8398,#8399,#8400,#8401,#8402,#8403,#8404,
    #8405,#8406,#8407,#8408,#8409,#8410,#8411,#8412,#8413,#8414,#8415,
    #8416,#8417,#8418,#8419,#8420,#8421,#8422,#8423,#8424,#8425,#8426,
    #8427,#8428,#8429,#8430,#8431,#8432,#8433,#8434,#8435,#8436,#8437,
    #8438,#8439,#8440,#8441,#8442,#8443,#8444,#8445,#8446,#8447,#8448,
    #8449,#8450,#8451,#8452,#8453,#8454,#8455,#8456,#8457,#8458,#8459,
    #8460,#8461,#8462,#8463,#8464,#8465,#8466,#8467,#8468,#8469,#8470,
    #8471,#8472,#8473,#8474,#8475,#8476,#8477,#8478,#8479,#8480,#8481,
    #8482,#8483,#8484,#8485,#8486,#8487,#8488,#8489,#8490,#8491,#8492,
    #8493,#8494,#8495,#8496,#8497,#8498,#8499,#8500,#8501,#8502,#8503,
    #8504,#8505,#8506,#8507,#8508,#8509,#8510,#8511,#8512,#8513,#8514,
    #8515,#8516,#8517,#8518,#8519,#8520,#8521,#8522,#8523,#8524,#8525,
    #8526,#8527,#8528,#8529,#8530,#8531,#8532,#8533,#8534,#8535,#8536,
    #8537,#8538,#8539,#8540,#8541,#8542,#8543,#8544,#8545,#8546,#8547,
    #8548,#8549,#8550,#8551,#8552,#8553,#8554,#8555,#8556,#8557,#8558,
    #8559,#8560,#8561,#8562,#8563,#8564,#8565,#8566,#8567,#8568,#8569,
    #8570,#8571,#8572,#8573,#8574,#8575,#8576,#8577,#8578,#8579,#8580,
    #8581,#8582,#8583,#8584,#8585,#8586,#8587,#8588,#8589,#8590,#8591,
    #8592,#8593,#8594,#8595,#8596,#8597,#8598,#8599,#8600,#8601,#8602,
    #8603,#8604,#8605,#8606,#8607,#8608,#8609,#8610,#8611,#8612,#8613,
    #8614,#8615,#8616,#8617,#8618,#8619,#8620,#8621,#8622,#8623,#8624,
    #8625,#8626,#8627,#8628,#8629,#8630,#8631,#8632,#8633,#8634,#8635,
    #8636,#8637,#8638,#8639,#8640,#8641,#8642,#8643,#8644,#8645,#8646,
    #8647,#8648,#8649,#8650,#8651,#8652,#8653,#8654,#8655,#8656,#8657,
    #8658,#8659,#8660,#8661,#8662,#8663,#8664,#8665,#8666,#8667,#8668,
    #8669,#8670,#8671,#8672,#8673,#8674,#8675,#8676,#8677,#8678,#8679,
    #8680,#8681,#8682,#8683,#8684,#8685,#8686,#8687,#8688,#8689,#8690,
    #8691,#8692,#8693,#8694,#8695,#8696,#8697,#8698,#8699,#8700,#8701,
    #8702,#8703,#8704,#8705,#8706,#8707,#8708,#8709,#8710,#8711,#8712,
    #8713,#8714,#8715,#8716,#8717,#8718,#8719,#8720,#8721,#8722,#8723,
    #8724,#8725,#8726,#8727,#8728,#8729,#8730,#8731,#8732,#8733,#8734,
    #8735,#8736,#8737,#8738,#8739,#8740,#8741,#8742,#8743,#8744,#8745,
    #8746,#8747,#8748,#8749,#8750,#8751,#8752,#8753,#8754,#8755,#8756,
    #8757,#8758,#8759,#8760,#8761,#8762,#8763,#8764,#8765,#8766,#8767,
    #8768,#8769,#8770,#8771,#8772,#8773,#8774,#8775,#8776,#8777,#8778,
    #8779,#8780,#8781,#8782,#8783,#8784,#8785,#8786,#8787,#8788,#8789,
    #8790,#8791,#8792,#8793,#8794,#8795,#8796,#8797,#8798,#8799,#8800,
    #8801,#8802,#8803,#8804,#8805,#8806,#8807,#8808,#8809,#8810,#8811,
    #8812,#8813,#8814,#8815,#8816,#8817,#8818,#8819,#8820,#8821,#8822,
    #8823,#8824,#8825,#8826,#8827,#8828,#8829,#8830,#8831,#8832,#8833,
    #8834,#8835,#8836,#8837,#8838,#8839,#8840,#8841,#8842,#8843,#8844,
    #8845,#8846,#8847,#8848,#8849,#8850,#8851,#8852,#8853,#8854,#8855,
    #8856,#8857,#8858,#8859,#8860,#8861,#8862,#8863,#8864,#8865,#8866,
    #8867,#8868,#8869,#8870,#8871,#8872,#8873,#8874,#8875,#8876,#8877,
    #8878,#8879,#8880,#8881,#8882,#8883,#8884,#8885,#8886,#8887,#8888,
    #8889,#8890,#8891,#8892,#8893,#8894,#8895,#8896,#8897,#8898,#8899,
    #8900,#8901,#8902,#8903,#8904,#8905,#8906,#8907,#8908,#8909,#8910,
    #8911,#8912,#8913,#8914,#8915,#8916,#8917,#8918,#8919,#8920,#8921,
    #8922,#8923,#8924,#8925,#8926,#8927,#8928,#8929,#8930,#8931,#8932,
    #8933,#8934,#8935,#8936,#8937,#8938,#8939,#8940,#8941,#8942,#8943,
    #8944,#8945,#8946,#8947,#8948,#8949,#8950,#8951,#8952,#8953,#8954,
    #8955,#8956,#8957,#8958,#8959,#8960,#8961,#8962,#8963,#8964,#8965,
    #8966,#8967,#8968,#8969,#8970,#8971,#8972,#8973,#8974,#8975,#8976,
    #8977,#8978,#8979,#8980,#8981,#8982,#8983,#8984,#8985,#8986,#8987,
    #8988,#8989,#8990,#8991,#8992,#8993,#8994,#8995,#8996,#8997,#8998,
    #8999,#9000,#9001,#9002,#9003,#9004,#9005,#9006,#9007,#9008,#9009,
    #9010,#9011,#9012,#9013,#9014,#9015,#9016,#9017,#9018,#9019,#9020,
    #9021,#9022,#9023,#9024,#9025,#9026,#9027,#9028,#9029,#9030,#9031,
    #9032,#9033,#9034,#9035,#9036,#9037,#9038,#9039,#9040,#9041,#9042,
    #9043,#9044,#9045,#9046,#9047,#9048,#9049,#9050,#9051,#9052,#9053,
    #9054,#9055,#9056,#9057,#9058,#9059,#9060,#9061,#9062,#9063,#9064,
    #9065,#9066,#9067,#9068,#9069,#9070,#9071,#9072,#9073,#9074,#9075,
    #9076,#9077,#9078,#9079,#9080,#9081,#9082,#9083,#9084,#9085,#9086,
    #9087,#9088,#9089,#9090,#9091,#9092,#9093,#9094,#9095,#9096,#9097,
    #9098,#9099,#9100,#9101,#9102,#9103,#9104,#9105,#9106,#9107,#9108,
    #9109,#9110,#9111,#9112,#9113,#9114,#9115,#9116,#9117,#9118,#9119,
    #9120,#9121,#9122,#9123,#9124,#9125,#9126,#9127,#9128,#9129,#9130,
    #9131,#9132,#9133,#9134,#9135,#9136,#9137,#9138,#9139,#9140,#9141,
    #9142,#9143,#9144,#9145,#9146,#9147,#9148,#9149,#9150,#9151,#9152,
    #9153,#9154,#9155,#9156,#9157,#9158,#9159,#9160,#9161,#9162,#9163,
    #9164,#9165,#9166,#9167,#9168,#9169,#9170,#9171,#9172,#9173,#9174,
    #9175,#9176,#9177,#9178,#9179,#9180,#9181,#9182,#9183,#9184,#9185,
    #9186,#9187,#9188,#9189,#9190,#9191,#9192,#9193,#9194,#9195,#9196,
    #9197,#9198,#9199,#9200,#9201,#9202,#9203,#9204,#9205,#9206,#9207,
    #9208,#9209,#9210,#9211,#9212,#9213,#9214,#9215,#9216,#9217,#9218,
    #9219,#9220,#9221,#9222,#9223,#9224,#9225,#9226,#9227,#9228,#9229,
    #9230,#9231,#9232,#9233,#9234,#9235,#9236,#9237,#9238,#9239,#9240,
    #9241,#9242,#9243,#9244,#9245,#9246,#9247,#9248,#9249,#9250,#9251,
    #9252,#9253,#9254,#9255,#9256,#9257,#9258,#9259,#9260,#9261,#9262,
    #9263,#9264,#9265,#9266,#9267,#9268,#9269,#9270,#9271,#9272,#9273,
    #9274,#9275,#9276,#9277,#9278,#9279,#9280,#9281,#9282,#9283,#9284,
    #9285,#9286,#9287,#9288,#9289,#9290,#9291,#9292,#9293,#9294,#9295,
    #9296,#9297,#9298,#9299,#9300,#9301,#9302,#9303,#9304,#9305,#9306,
    #9307,#9308,#9309,#9310,#9311,#9312,#9313,#9314,#9315,#9316,#9317,
    #9318,#9319,#9320,#9321,#9322,#9323,#9324,#9325,#9326,#9327,#9328,
    #9329,#9330,#9331,#9332,#9333,#9334,#9335,#9336,#9337,#9338,#9339,
    #9340,#9341,#9342,#9343,#9344,#9345,#9346,#9347,#9348,#9349,#9350,
    #9351,#9352,#9353,#9354,#9355,#9356,#9357,#9358,#9359,#9360,#9361,
    #9362,#9363,#9364,#9365,#9366,#9367,#9368,#9369,#9370,#9371,#9372,
    #9373,#9374,#9375,#9376,#9377,#9378,#9379,#9380,#9381,#9382,#9383,
    #9384,#9385,#9386,#9387,#9388,#9389,#9390,#9391,#9392,#9393,#9394,
    #9395,#9396,#9397,#9398,#9399,#9400,#9401,#9402,#9403,#9404,#9405,
    #9406,#9407,#9408,#9409,#9410,#9411,#9412,#9413,#9414,#9415,#9416,
    #9417,#9418,#9419,#9420,#9421,#9422,#9423,#9424,#9425,#9426,#9427,
    #9428,#9429,#9430,#9431,#9432,#9433,#9434,#9435,#9436,#9437,#9438,
    #9439,#9440,#9441,#9442,#9443,#9444,#9445,#9446,#9447,#9448,#9449,
    #9450,#9451,#9452,#9453,#9454,#9455,#9456,#9457,#9458,#9459,#9460,
    #9461,#9462,#9463,#9464,#9465,#9466,#9467,#9468,#9469,#9470,#9471,
    #9472,#9473,#9474,#9475,#9476,#9477,#9478,#9479,#9480,#9481,#9482,
    #9483,#9484,#9485,#9486,#9487,#9488,#9489,#9490,#9491,#9492,#9493,
    #9494,#9495,#9496,#9497,#9498,#9499,#9500,#9501,#9502,#9503,#9504,
    #9505,#9506,#9507,#9508,#9509,#9510,#9511,#9512,#9513,#9514,#9515,
    #9516,#9517,#9518,#9519,#9520,#9521,#9522,#9523,#9524,#9525,#9526,
    #9527,#9528,#9529,#9530,#9531,#9532,#9533,#9534,#9535,#9536,#9537,
    #9538,#9539,#9540,#9541,#9542,#9543,#9544,#9545,#9546,#9547,#9548,
    #9549,#9550,#9551,#9552,#9553,#9554,#9555,#9556,#9557,#9558,#9559,
    #9560,#9561,#9562,#9563,#9564,#9565,#9566,#9567,#9568,#9569,#9570,
    #9571,#9572,#9573,#9574,#9575,#9576,#9577,#9578,#9579,#9580,#9581,
    #9582,#9583,#9584,#9585,#9586,#9587,#9588,#9589,#9590,#9591,#9592,
    #9593,#9594,#9595,#9596,#9597,#9598,#9599,#9600,#9601,#9602,#9603,
    #9604,#9605,#9606,#9607,#9608,#9609,#9610,#9611,#9612,#9613,#9614,
    #9615,#9616,#9617,#9618,#9619,#9620,#9621,#9622,#9623,#9624,#9625,
    #9626,#9627,#9628,#9629,#9630,#9631,#9632,#9633,#9634,#9635,#9636,
    #9637,#9638,#9639,#9640,#9641,#9642,#9643,#9644,#9645,#9646,#9647,
    #9648,#9649,#9650,#9651,#9652,#9653,#9654,#9655,#9656,#9657,#9658,
    #9659,#9660,#9661,#9662,#9663,#9664,#9665,#9666,#9667,#9668,#9669,
    #9670,#9671,#9672,#9673,#9674,#9675,#9676,#9677,#9678,#9679,#9680,
    #9681,#9682,#9683,#9684,#9685,#9686,#9687,#9688,#9689,#9690,#9691,
    #9692,#9693,#9694,#9695,#9696,#9697,#9698,#9699,#9700,#9701,#9702,
    #9703,#9704,#9705,#9706,#9707,#9708,#9709,#9710,#9711,#9712,#9713,
    #9714,#9715,#9716,#9717,#9718,#9719,#9720,#9721,#9722,#9723,#9724,
    #9725,#9726,#9727,#9728,#9729,#9730,#9731,#9732,#9733,#9734,#9735,
    #9736,#9737,#9738,#9739,#9740,#9741,#9742,#9743,#9744,#9745,#9746,
    #9747,#9748,#9749,#9750,#9751,#9752,#9753,#9754,#9755,#9756,#9757,
    #9758,#9759,#9760,#9761,#9762,#9763,#9764,#9765,#9766,#9767,#9768,
    #9769,#9770,#9771,#9772,#9773,#9774,#9775,#9776,#9777,#9778,#9779,
    #9780,#9781,#9782,#9783,#9784,#9785,#9786,#9787,#9788,#9789,#9790,
    #9791,#9792,#9793,#9794,#9795,#9796,#9797,#9798,#9799,#9800,#9801,
    #9802,#9803,#9804,#9805,#9806,#9807,#9808,#9809,#9810,#9811,#9812,
    #9813,#9814,#9815,#9816,#9817,#9818,#9819,#9820,#9821,#9822,#9823,
    #9824,#9825,#9826,#9827,#9828,#9829,#9830,#9831,#9832,#9833,#9834,
    #9835,#9836,#9837,#9838,#9839,#9840,#9841,#9842,#9843,#9844,#9845,
    #9846,#9847,#9848,#9849,#9850,#9851,#9852,#9853,#9854,#9855,#9856,
    #9857,#9858,#9859,#9860,#9861,#9862,#9863,#9864,#9865,#9866,#9867,
    #9868,#9869,#9870,#9871,#9872,#9873,#9874,#9875,#9876,#9877,#9878,
    #9879,#9880,#9881,#9882,#9883,#9884,#9885,#9886,#9887,#9888,#9889,
    #9890,#9891,#9892,#9893,#9894,#9895,#9896,#9897,#9898,#9899,#9900,
    #9901,#9902,#9903,#9904,#9905,#9906,#9907,#9908,#9909,#9910,#9911,
    #9912,#9913,#9914,#9915,#9916,#9917,#9918,#9919,#9920,#9921,#9922,
    #9923,#9924,#9925,#9926,#9927,#9928,#9929,#9930,#9931,#9932,#9933,
    #9934,#9935,#9936,#9937,#9938,#9939,#9940,#9941,#9942),
  .UNSPECIFIED.,.F.,.F.,(4,1,1,1,1,1,1,1,1,1,1,1,1,1,1,1,1,1,1,1,1,1,1,1
    ,1,1,1,1,1,1,1,1,1,1,1,1,1,1,1,1,1,1,1,1,1,1,1,1,1,1,1,1,1,1,1,1,1,1
    ,1,1,1,1,1,1,1,1,1,1,1,1,1,1,1,1,1,1,1,1,1,1,1,1,1,1,1,1,1,1,1,1,1,1
    ,1,1,1,1,1,1,1,1,1,1,1,1,1,1,1,1,1,1,1,1,1,1,1,1,1,1,1,1,1,1,1,1,1,1
    ,1,1,1,1,1,1,1,1,1,1,1,1,1,1,1,1,1,1,1,1,1,1,1,1,1,1,1,1,1,1,1,1,1,1
    ,1,1,1,1,1,1,1,1,1,1,1,1,1,1,1,1,1,1,1,1,1,1,1,1,1,1,1,1,1,1,1,1,1,1
    ,1,1,1,1,1,1,1,1,1,1,1,1,1,1,1,1,1,1,1,1,1,1,1,1,1,1,1,1,1,1,1,1,1,1
    ,1,1,1,1,1,1,1,1,1,1,1,1,1,1,1,1,1,1,1,1,1,1,1,1,1,1,1,1,1,1,1,1,1,1
    ,1,1,1,1,1,1,1,1,1,1,1,1,1,1,1,1,1,1,1,1,1,1,1,1,1,1,1,1,1,1,1,1,1,1
    ,1,1,1,1,1,1,1,1,1,1,1,1,1,1,1,1,1,1,1,1,1,1,1,1,1,1,1,1,1,1,1,1,1,1
    ,1,1,1,1,1,1,1,1,1,1,1,1,1,1,1,1,1,1,1,1,1,1,1,1,1,1,1,1,1,1,1,1,1,1
    ,1,1,1,1,1,1,1,1,1,1,1,1,1,1,1,1,1,1,1,1,1,1,1,1,1,1,1,1,1,1,1,1,1,1
    ,1,1,1,1,1,1,1,1,1,1,1,1,1,1,1,1,1,1,1,1,1,1,1,1,1,1,1,1,1,1,1,1,1,1
    ,1,1,1,1,1,1,1,1,1,1,1,1,1,1,1,1,1,1,1,1,1,1,1,1,1,1,1,1,1,1,1,1,1,1
    ,1,1,1,1,1,1,1,1,1,1,1,1,1,1,1,1,1,1,1,1,1,1,1,1,1,1,1,1,1,1,1,1,1,1
    ,1,1,1,1,1,1,1,1,1,1,1,1,1,1,1,1,1,1,1,1,1,1,1,1,1,1,1,1,1,1,1,1,1,1
    ,1,1,1,1,1,1,1,1,1,1,1,1,1,1,1,1,1,1,1,1,1,1,1,1,1,1,1,1,1,1,1,1,1,1
    ,1,1,1,1,1,1,1,1,1,1,1,1,1,1,1,1,1,1,1,1,1,1,1,1,1,1,1,1,1,1,1,1,1,1
    ,1,1,1,1,1,1,1,1,1,1,1,1,1,1,1,1,1,1,1,1,1,1,1,1,1,1,1,1,1,1,1,1,1,1
    ,1,1,1,1,1,1,1,1,1,1,1,1,1,1,1,1,1,1,1,1,1,1,1,1,1,1,1,1,1,1,1,1,1,1
    ,1,1,1,1,1,1,1,1,1,1,1,1,1,1,1,1,1,1,1,1,1,1,1,1,1,1,1,1,1,1,1,1,1,1
    ,1,1,1,1,1,1,1,1,1,1,1,1,1,1,1,1,1,1,1,1,1,1,1,1,1,1,1,1,1,1,1,1,1,1
    ,1,1,1,1,1,1,1,1,1,1,1,1,1,1,1,1,1,1,1,1,1,1,1,1,1,1,1,1,1,1,1,1,1,1
    ,1,1,1,1,1,1,1,1,1,1,1,1,1,1,1,1,1,1,1,1,1,1,1,1,1,1,1,1,1,1,1,1,1,1
    ,1,1,1,1,1,1,1,1,1,1,1,1,1,1,1,1,1,1,1,1,1,1,1,1,1,1,1,1,1,1,1,1,1,1
    ,1,1,1,1,1,1,1,1,1,1,1,1,1,1,1,1,1,1,1,1,1,1,1,1,1,1,1,1,1,1,1,1,1,1
    ,1,1,1,1,1,1,1,1,1,1,1,1,1,1,1,1,1,1,1,1,1,1,1,1,1,1,1,1,1,1,1,1,1,1
    ,1,1,1,1,1,1,1,1,1,1,1,1,1,1,1,1,1,1,1,1,1,1,1,1,1,1,1,1,1,1,1,1,1,1
    ,1,1,1,1,1,1,1,1,1,1,1,1,1,1,1,1,1,1,1,1,1,1,1,1,1,1,1,1,1,1,1,1,1,1
    ,1,1,1,1,1,1,1,1,1,1,1,1,1,1,1,1,1,1,1,1,1,1,1,1,1,1,1,1,1,1,1,1,1,1
    ,1,1,1,1,1,1,1,1,1,1,1,1,1,1,1,1,1,1,1,1,1,1,1,1,1,1,1,1,1,1,1,1,1,1
    ,1,1,1,1,1,1,1,1,1,1,1,1,1,1,1,1,1,1,1,1,1,1,1,1,1,1,1,1,1,1,1,1,1,1
    ,1,1,1,1,1,1,1,1,1,1,1,1,1,1,1,1,1,1,1,1,1,1,1,1,1,1,1,1,1,1,1,1,1,1
    ,1,1,1,1,1,1,1,1,1,1,1,1,1,1,1,1,1,1,1,1,1,1,1,1,1,1,1,1,1,1,1,1,1,1
    ,1,1,1,1,1,1,1,1,1,1,1,1,1,1,1,1,1,1,1,1,1,1,1,1,1,1,1,1,1,1,1,1,1,1
    ,1,1,1,1,1,1,1,1,1,1,1,1,1,1,1,1,1,1,1,1,1,1,1,1,1,1,1,1,1,1,1,1,1,1
    ,1,1,1,1,1,1,1,1,1,1,1,1,1,1,1,1,1,1,1,1,1,1,1,1,1,1,1,1,1,1,1,1,1,1
    ,1,1,1,1,1,1,1,1,1,1,1,1,1,1,1,1,1,1,1,1,1,1,1,1,1,1,1,1,1,1,1,1,1,1
    ,1,1,1,1,1,1,1,1,1,1,1,1,1,1,1,1,1,1,1,1,1,1,1,1,1,1,1,1,1,1,1,1,1,1
    ,1,1,1,1,1,1,1,1,1,1,1,1,1,1,1,1,1,1,1,1,1,1,1,1,1,1,1,1,1,1,1,1,1,1
    ,1,1,1,1,1,1,1,1,1,1,1,1,1,1,1,1,1,1,1,1,1,1,1,1,1,1,1,1,1,1,1,1,1,1
    ,1,1,1,1,1,1,1,1,1,1,1,1,1,1,1,1,1,1,1,1,1,1,1,1,1,1,1,1,1,1,1,1,1,1
    ,1,1,1,1,1,1,1,1,1,1,1,1,1,1,1,1,1,1,1,1,1,1,1,1,1,1,1,1,1,1,1,1,1,1
    ,1,1,1,1,1,1,1,1,1,1,1,1,1,1,1,1,1,1,1,1,1,1,1,1,1,1,1,1,1,1,1,1,1,1
    ,1,1,1,1,1,1,1,1,1,1,1,1,1,1,1,1,1,1,1,1,1,1,1,1,1,1,1,1,1,1,1,1,1,1
    ,1,1,1,1,1,1,1,1,1,1,1,1,1,1,1,1,1,1,1,1,1,1,1,1,1,1,1,1,1,1,1,1,1,1
    ,1,1,1,1,1,1,1,1,1,1,1,1,1,1,1,1,1,1,1,1,1,1,1,1,1,1,1,1,1,1,1,1,1,1
    ,1,1,1,1,1,1,1,1,1,1,1,1,1,1,1,1,1,1,1,1,1,1,1,1,1,1,1,1,1,1,1,1,1,1
    ,1,1,1,1,1,1,1,1,1,1,1,1,1,1,1,1,1,1,1,1,1,1,1,1,1,1,1,1,1,1,1,1,1,1
    ,1,1,1,1,1,1,1,1,1,1,1,1,1,1,1,1,1,1,1,1,1,1,1,1,1,1,1,1,1,1,1,1,1,1
    ,1,1,1,1,1,1,1,1,1,1,1,1,1,1,1,1,1,1,1,1,1,1,1,1,1,1,1,1,1,1,1,1,1,1
    ,1,1,1,1,1,1,1,1,1,1,1,1,1,1,1,1,1,1,1,1,1,1,1,1,1,1,1,1,1,1,1,1,1,1
    ,1,1,1,1,1,1,1,1,1,1,1,1,1,1,1,1,1,1,1,1,1,1,1,1,4),(
    7.136414352391E-15,0.158666295636,0.317332591272,0.475998886908,
    0.634665182543,0.793331478179,0.951997773815,1.110664069451,
    1.269330365087,1.427996660723,1.586662956358,1.745329251994,
    1.90399554763,2.062661843266,2.221328138902,2.379994434538,
    2.538660730174,2.697327025809,2.855993321445,3.014659617081,
    3.173325912717,3.331992208353,3.490658503989,3.649324799625,
    3.80799109526,3.966657390896,4.125323686532,4.283989982168,
    4.442656277804,4.60132257344,4.759988869075,4.918655164711,
    5.077321460347,5.235987755983,5.394654051619,5.553320347255,
    5.711986642891,5.870652938526,6.029319234162,6.187985529798,
    6.346651825434,6.50531812107,6.663984416706,6.822650712341,
    6.981317007977,7.139983303613,7.298649599249,7.457315894885,
    7.615982190521,7.774648486157,7.933314781792,8.091981077428,
    8.250647373064,8.4093136687,8.567979964336,8.726646259972,
    8.885312555607,9.043978851243,9.202645146879,9.361311442515,
    9.519977738151,9.678644033787,9.837310329423,9.995976625058,
    10.154642920694,10.31330921633,10.471975511966,10.630641807602,
    10.789308103238,10.947974398874,11.106640694509,11.265306990145,
    11.423973285781,11.582639581417,11.741305877053,11.899972172689,
    12.058638468324,12.21730476396,12.375971059596,12.534637355232,
    12.693303650868,12.851969946504,13.01063624214,13.169302537775,
    13.327968833411,13.486635129047,13.645301424683,13.803967720319,
    13.962634015955,14.12130031159,14.279966607226,14.438632902862,
    14.597299198498,14.755965494134,14.91463178977,15.073298085406,
    15.231964381041,15.390630676677,15.549296972313,15.707963267949,
    15.866629563585,16.025295859221,16.183962154856,16.342628450492,
    16.501294746128,16.659961041764,16.8186273374,16.977293633036,
    17.135959928672,17.294626224307,17.453292519943,17.611958815579,
    17.770625111215,17.929291406851,18.087957702487,18.246623998123,
    18.405290293758,18.563956589394,18.72262288503,18.881289180666,
    19.039955476302,19.198621771938,19.357288067573,19.515954363209,
    19.674620658845,19.833286954481,19.991953250117,20.150619545753,
    20.309285841389,20.467952137024,20.62661843266,20.785284728296,
    20.943951023932,21.102617319568,21.261283615204,21.419949910839,
    21.578616206475,21.737282502111,21.895948797747,22.054615093383,
    22.213281389019,22.371947684655,22.53061398029,22.689280275926,
    22.847946571562,23.006612867198,23.165279162834,23.32394545847,
    23.482611754105,23.641278049741,23.799944345377,23.958610641013,
    24.117276936649,24.275943232285,24.434609527921,24.593275823556,
    24.751942119192,24.910608414828,25.069274710464,25.2279410061,
    25.386607301736,25.545273597372,25.703939893007,25.862606188643,
    26.021272484279,26.179938779915,26.338605075551,26.497271371187,
    26.655937666822,26.814603962458,26.973270258094,27.13193655373,
    27.290602849366,27.449269145002,27.607935440638,27.766601736273,
    27.925268031909,28.083934327545,28.242600623181,28.401266918817,
    28.559933214453,28.718599510088,28.877265805724,29.03593210136,
    29.194598396996,29.353264692632,29.511930988268,29.670597283904,
    29.829263579539,29.987929875175,30.146596170811,30.305262466447,
    30.463928762083,30.622595057719,30.781261353355,30.93992764899,
    31.098593944626,31.257260240262,31.415926535898,31.574592831534,
    31.73325912717,31.891925422805,32.050591718441,32.209258014077,
    32.367924309713,32.526590605349,32.685256900985,32.843923196621,
    33.002589492256,33.161255787892,33.319922083528,33.478588379164,
    33.6372546748,33.795920970436,33.954587266071,34.113253561707,
    34.271919857343,34.430586152979,34.589252448615,34.747918744251,
    34.906585039887,35.065251335522,35.223917631158,35.382583926794,
    35.54125022243,35.699916518066,35.858582813702,36.017249109337,
    36.175915404973,36.334581700609,36.493247996245,36.651914291881,
    36.810580587517,36.969246883153,37.127913178788,37.286579474424,
    37.44524577006,37.603912065696,37.762578361332,37.921244656968,
    38.079910952604,38.238577248239,38.397243543875,38.555909839511,
    38.714576135147,38.873242430783,39.031908726419,39.190575022054,
    39.34924131769,39.507907613326,39.666573908962,39.825240204598,
    39.983906500234,40.14257279587,40.301239091505,40.459905387141,
    40.618571682777,40.777237978413,40.935904274049,41.094570569685,
    41.25323686532,41.411903160956,41.570569456592,41.729235752228,
    41.887902047864,42.0465683435,42.205234639136,42.363900934771,
    42.522567230407,42.681233526043,42.839899821679,42.998566117315,
    43.157232412951,43.315898708586,43.474565004222,43.633231299858,
    43.791897595494,43.95056389113,44.109230186766,44.267896482402,
    44.426562778037,44.585229073673,44.743895369309,44.902561664945,
    45.061227960581,45.219894256217,45.378560551853,45.537226847488,
    45.695893143124,45.85455943876,46.013225734396,46.171892030032,
    46.330558325668,46.489224621303,46.647890916939,46.806557212575,
    46.965223508211,47.123889803847,47.282556099483,47.441222395119,
    47.599888690754,47.75855498639,47.917221282026,48.075887577662,
    48.234553873298,48.393220168934,48.551886464569,48.710552760205,
    48.869219055841,49.027885351477,49.186551647113,49.345217942749,
    49.503884238385,49.66255053402,49.821216829656,49.979883125292,
    50.138549420928,50.297215716564,50.4558820122,50.614548307835,
    50.773214603471,50.931880899107,51.090547194743,51.249213490379,
    51.407879786015,51.566546081651,51.725212377286,51.883878672922,
    52.042544968558,52.201211264194,52.35987755983,52.518543855466,
    52.677210151102,52.835876446737,52.994542742373,53.153209038009,
    53.311875333645,53.470541629281,53.629207924917,53.787874220552,
    53.946540516188,54.105206811824,54.26387310746,54.422539403096,
    54.581205698732,54.739871994368,54.898538290003,55.057204585639,
    55.215870881275,55.374537176911,55.533203472547,55.691869768183,
    55.850536063818,56.009202359454,56.16786865509,56.326534950726,
    56.485201246362,56.643867541998,56.802533837634,56.961200133269,
    57.119866428905,57.278532724541,57.437199020177,57.595865315813,
    57.754531611449,57.913197907084,58.07186420272,58.230530498356,
    58.389196793992,58.547863089628,58.706529385264,58.8651956809,
    59.023861976535,59.182528272171,59.341194567807,59.499860863443,
    59.658527159079,59.817193454715,59.975859750351,60.134526045986,
    60.293192341622,60.451858637258,60.610524932894,60.76919122853,
    60.927857524166,61.086523819801,61.245190115437,61.403856411073,
    61.562522706709,61.721189002345,61.879855297981,62.038521593617,
    62.197187889252,62.355854184888,62.514520480524,62.67318677616,
    62.831853071796,62.990519367432,63.149185663067,63.307851958703,
    63.466518254339,63.625184549975,63.783850845611,63.942517141247,
    64.101183436883,64.259849732518,64.418516028154,64.57718232379,
    64.735848619426,64.894514915062,65.053181210698,65.211847506334,
    65.370513801969,65.529180097605,65.687846393241,65.846512688877,
    66.005178984513,66.163845280149,66.322511575784,66.48117787142,
    66.639844167056,66.798510462692,66.957176758328,67.115843053964,
    67.2745093496,67.433175645235,67.591841940871,67.750508236507,
    67.909174532143,68.067840827779,68.226507123415,68.38517341905,
    68.543839714686,68.702506010322,68.861172305958,69.019838601594,
    69.17850489723,69.337171192866,69.495837488501,69.654503784137,
    69.813170079773,69.971836375409,70.130502671045,70.289168966681,
    70.447835262316,70.606501557952,70.765167853588,70.923834149224,
    71.08250044486,71.241166740496,71.399833036132,71.558499331767,
    71.717165627403,71.875831923039,72.034498218675,72.193164514311,
    72.351830809947,72.510497105583,72.669163401218,72.827829696854,
    72.98649599249,73.145162288126,73.303828583762,73.462494879398,
    73.621161175033,73.779827470669,73.938493766305,74.097160061941,
    74.255826357577,74.414492653213,74.573158948849,74.731825244484,
    74.89049154012,75.049157835756,75.207824131392,75.366490427028,
    75.525156722664,75.683823018299,75.842489313935,76.001155609571,
    76.159821905207,76.318488200843,76.477154496479,76.635820792115,
    76.79448708775,76.953153383386,77.111819679022,77.270485974658,
    77.429152270294,77.58781856593,77.746484861565,77.905151157201,
    78.063817452837,78.222483748473,78.381150044109,78.539816339745,
    78.698482635381,78.857148931016,79.015815226652,79.174481522288,
    79.333147817924,79.49181411356,79.650480409196,79.809146704832,
    79.967813000467,80.126479296103,80.285145591739,80.443811887375,
    80.602478183011,80.761144478647,80.919810774282,81.078477069918,
    81.237143365554,81.39580966119,81.554475956826,81.713142252462,
    81.871808548098,82.030474843733,82.189141139369,82.347807435005,
    82.506473730641,82.665140026277,82.823806321913,82.982472617548,
    83.141138913184,83.29980520882,83.458471504456,83.617137800092,
    83.775804095728,83.934470391364,84.093136686999,84.251802982635,
    84.410469278271,84.569135573907,84.727801869543,84.886468165179,
    85.045134460814,85.20380075645,85.362467052086,85.521133347722,
    85.679799643358,85.838465938994,85.99713223463,86.155798530265,
    86.314464825901,86.473131121537,86.631797417173,86.790463712809,
    86.949130008445,87.107796304081,87.266462599716,87.425128895352,
    87.583795190988,87.742461486624,87.90112778226,88.059794077896,
    88.218460373531,88.377126669167,88.535792964803,88.694459260439,
    88.853125556075,89.011791851711,89.170458147347,89.329124442982,
    89.487790738618,89.646457034254,89.80512332989,89.963789625526,
    90.122455921162,90.281122216797,90.439788512433,90.598454808069,
    90.757121103705,90.915787399341,91.074453694977,91.233119990613,
    91.391786286248,91.550452581884,91.70911887752,91.867785173156,
    92.026451468792,92.185117764428,92.343784060063,92.502450355699,
    92.661116651335,92.819782946971,92.978449242607,93.137115538243,
    93.295781833879,93.454448129514,93.61311442515,93.771780720786,
    93.930447016422,94.089113312058,94.247779607694,94.40644590333,
    94.565112198965,94.723778494601,94.882444790237,95.041111085873,
    95.199777381509,95.358443677145,95.51710997278,95.675776268416,
    95.834442564052,95.993108859688,96.151775155324,96.31044145096,
    96.469107746596,96.627774042231,96.786440337867,96.945106633503,
    97.103772929139,97.262439224775,97.421105520411,97.579771816046,
    97.738438111682,97.897104407318,98.055770702954,98.21443699859,
    98.373103294226,98.531769589862,98.690435885497,98.849102181133,
    99.007768476769,99.166434772405,99.325101068041,99.483767363677,
    99.642433659313,99.801099954948,99.959766250584,100.11843254622,
    100.27709884185,100.43576513749,100.59443143312,100.75309772876,
    100.91176402439,101.07043032003,101.22909661567,101.3877629113,
    101.54642920694,101.70509550257,101.86376179821,102.02242809385,
    102.18109438948,102.33976068512,102.49842698075,102.65709327639,
    102.81575957202,102.97442586766,103.1330921633,103.29175845893,
    103.45042475457,103.6090910502,103.76775734584,103.92642364148,
    104.08508993711,104.24375623275,104.40242252838,104.56108882402,
    104.71975511966,104.87842141529,105.03708771093,105.19575400656,
    105.3544203022,105.51308659783,105.67175289347,105.83041918911,
    105.98908548474,106.14775178038,106.30641807601,106.46508437165,
    106.62375066729,106.78241696292,106.94108325856,107.09974955419,
    107.25841584983,107.41708214546,107.5757484411,107.73441473674,
    107.89308103237,108.05174732801,108.21041362364,108.36907991928,
    108.52774621492,108.68641251055,108.84507880619,109.00374510182,
    109.16241139746,109.32107769309,109.47974398873,109.63841028437,
    109.79707658,109.95574287564,110.11440917127,110.27307546691,
    110.43174176255,110.59040805818,110.74907435382,110.90774064945,
    111.06640694509,111.22507324072,111.38373953636,111.542405832,
    111.70107212763,111.85973842327,112.0184047189,112.17707101454,
    112.33573731018,112.49440360581,112.65306990145,112.81173619708,
    112.97040249272,113.12906878836,113.28773508399,113.44640137963,
    113.60506767526,113.7637339709,113.92240026653,114.08106656217,
    114.23973285781,114.39839915344,114.55706544908,114.71573174471,
    114.87439804035,115.03306433599,115.19173063162,115.35039692726,
    115.50906322289,115.66772951853,115.82639581416,115.9850621098,
    116.14372840544,116.30239470107,116.46106099671,116.61972729234,
    116.77839358798,116.93705988362,117.09572617925,117.25439247489,
    117.41305877052,117.57172506616,117.73039136179,117.88905765743,
    118.04772395307,118.2063902487,118.36505654434,118.52372283997,
    118.68238913561,118.84105543125,118.99972172688,119.15838802252,
    119.31705431815,119.47572061379,119.63438690942,119.79305320506,
    119.9517195007,120.11038579633,120.26905209197,120.4277183876,
    120.58638468324,120.74505097888,120.90371727451,121.06238357015,
    121.22104986578,121.37971616142,121.53838245706,121.69704875269,
    121.85571504833,122.01438134396,122.1730476396,122.33171393523,
    122.49038023087,122.64904652651,122.80771282214,122.96637911778,
    123.12504541341,123.28371170905,123.44237800469,123.60104430032,
    123.75971059596,123.91837689159,124.07704318723,124.23570948286,
    124.3943757785,124.55304207414,124.71170836977,124.87037466541,
    125.02904096104,125.18770725668,125.34637355232,125.50503984795,
    125.66370614359,125.82237243922,125.98103873486,126.13970503049,
    126.29837132613,126.45703762177,126.6157039174,126.77437021304,
    126.93303650867,127.09170280431,127.25036909995,127.40903539558,
    127.56770169122,127.72636798685,127.88503428249,128.04370057812,
    128.20236687376,128.3610331694,128.51969946503,128.67836576067,
    128.8370320563,128.99569835194,129.15436464758,129.31303094321,
    129.47169723885,129.63036353448,129.78902983012,129.94769612575,
    130.10636242139,130.26502871703,130.42369501266,130.5823613083,
    130.74102760393,130.89969389957,131.05836019521,131.21702649084,
    131.37569278648,131.53435908211,131.69302537775,131.85169167339,
    132.01035796902,132.16902426466,132.32769056029,132.48635685593,
    132.64502315156,132.8036894472,132.96235574284,133.12102203847,
    133.27968833411,133.43835462974,133.59702092538,133.75568722102,
    133.91435351665,134.07301981229,134.23168610792,134.39035240356,
    134.54901869919,134.70768499483,134.86635129047,135.0250175861,
    135.18368388174,135.34235017737,135.50101647301,135.65968276865,
    135.81834906428,135.97701535992,136.13568165555,136.29434795119,
    136.45301424682,136.61168054246,136.7703468381,136.92901313373,
    137.08767942937,137.246345725,137.40501202064,137.56367831628,
    137.72234461191,137.88101090755,138.03967720318,138.19834349882,
    138.35700979445,138.51567609009,138.67434238573,138.83300868136,
    138.991674977,139.15034127263,139.30900756827,139.46767386391,
    139.62634015954,139.78500645518,139.94367275081,140.10233904645,
    140.26100534209,140.41967163772,140.57833793336,140.73700422899,
    140.89567052463,141.05433682026,141.2130031159,141.37166941154,
    141.53033570717,141.68900200281,141.84766829844,142.00633459408,
    142.16500088972,142.32366718535,142.48233348099,142.64099977662,
    142.79966607226,142.95833236789,143.11699866353,143.27566495917,
    143.4343312548,143.59299755044,143.75166384607,143.91033014171,
    144.06899643735,144.22766273298,144.38632902862,144.54499532425,
    144.70366161989,144.86232791552,145.02099421116,145.1796605068,
    145.33832680243,145.49699309807,145.6556593937,145.81432568934,
    145.97299198498,146.13165828061,146.29032457625,146.44899087188,
    146.60765716752,146.76632346315,146.92498975879,147.08365605443,
    147.24232235006,147.4009886457,147.55965494133,147.71832123697,
    147.87698753261,148.03565382824,148.19432012388,148.35298641951,
    148.51165271515,148.67031901078,148.82898530642,148.98765160206,
    149.14631789769,149.30498419333,149.46365048896,149.6223167846,
    149.78098308024,149.93964937587,150.09831567151,150.25698196714,
    150.41564826278,150.57431455842,150.73298085405,150.89164714969,
    151.05031344532,151.20897974096,151.36764603659,151.52631233223,
    151.68497862787,151.8436449235,152.00231121914,152.16097751477,
    152.31964381041,152.47831010605,152.63697640168,152.79564269732,
    152.95430899295,153.11297528859,153.27164158422,153.43030787986,
    153.5889741755,153.74764047113,153.90630676677,154.0649730624,
    154.22363935804,154.38230565368,154.54097194931,154.69963824495,
    154.85830454058,155.01697083622,155.17563713185,155.33430342749,
    155.49296972313,155.65163601876,155.8103023144,155.96896861003,
    156.12763490567,156.28630120131,156.44496749694,156.60363379258,
    156.76230008821,156.92096638385,157.07963267948,157.23829897512,
    157.39696527076,157.55563156639,157.71429786203,157.87296415766,
    158.0316304533,158.19029674894,158.34896304457,158.50762934021,
    158.66629563584,158.82496193148,158.98362822712,159.14229452275,
    159.30096081839,159.45962711402,159.61829340966,159.77695970529,
    159.93562600093,160.09429229657,160.2529585922,160.41162488784,
    160.57029118347,160.72895747911,160.88762377475,161.04629007038,
    161.20495636602,161.36362266165,161.52228895729,161.68095525292,
    161.83962154856,161.9982878442,162.15695413983,162.31562043547,
    162.4742867311,162.63295302674,162.79161932238,162.95028561801,
    163.10895191365,163.26761820928,163.42628450492,163.58495080055,
    163.74361709619,163.90228339183,164.06094968746,164.2196159831,
    164.37828227873,164.53694857437,164.69561487001,164.85428116564,
    165.01294746128,165.17161375691,165.33028005255,165.48894634818,
    165.64761264382,165.80627893946,165.96494523509,166.12361153073,
    166.28227782636,166.440944122,166.59961041764,166.75827671327,
    166.91694300891,167.07560930454,167.23427560018,167.39294189582,
    167.55160819145,167.71027448709,167.86894078272,168.02760707836,
    168.18627337399,168.34493966963,168.50360596527,168.6622722609,
    168.82093855654,168.97960485217,169.13827114781,169.29693744345,
    169.45560373908,169.61427003472,169.77293633035,169.93160262599,
    170.09026892162,170.24893521726,170.4076015129,170.56626780853,
    170.72493410417,170.8836003998,171.04226669544,171.20093299108,
    171.35959928671,171.51826558235,171.67693187798,171.83559817362,
    171.99426446925,172.15293076489,172.31159706053,172.47026335616,
    172.6289296518,172.78759594743,172.94626224307,173.10492853871,
    173.26359483434,173.42226112998,173.58092742561,173.73959372125,
    173.89826001688,174.05692631252,174.21559260816,174.37425890379,
    174.53292519943,174.69159149506,174.8502577907,175.00892408634,
    175.16759038197,175.32625667761,175.48492297324,175.64358926888,
    175.80225556451,175.96092186015,176.11958815579,176.27825445142,
    176.43692074706,176.59558704269,176.75425333833,176.91291963397,
    177.0715859296,177.23025222524,177.38891852087,177.54758481651,
    177.70625111215,177.86491740778,178.02358370342,178.18224999905,
    178.34091629469,178.49958259032,178.65824888596,178.8169151816,
    178.97558147723,179.13424777287,179.2929140685,179.45158036414,
    179.61024665978,179.76891295541,179.92757925105,180.08624554668,
    180.24491184232,180.40357813795,180.56224443359,180.72091072923,
    180.87957702486,181.0382433205,181.19690961613,181.35557591177,
    181.51424220741,181.67290850304,181.83157479868,181.99024109431,
    182.14890738995,182.30757368558,182.46623998122,182.62490627686,
    182.78357257249,182.94223886813,183.10090516376,183.2595714594,
    183.41823775504,183.57690405067,183.73557034631,183.89423664194,
    184.05290293758,184.21156923321,184.37023552885,184.52890182449,
    184.68756812012,184.84623441576,185.00490071139,185.16356700703,
    185.32223330267,185.4808995983,185.63956589394,185.79823218957,
    185.95689848521,186.11556478085,186.27423107648,186.43289737212,
    186.59156366775,186.75022996339,186.90889625902,187.06756255466,
    187.2262288503,187.38489514593,187.54356144157,187.7022277372,
    187.86089403284,188.01956032848,188.17822662411,188.33689291975,
    188.49555921538,188.65422551102,188.81289180665,188.97155810229,
    189.13022439793,189.28889069356,189.4475569892,189.60622328483,
    189.76488958047,189.92355587611,190.08222217174,190.24088846738,
    190.39955476301,190.55822105865,190.71688735428,190.87555364992,
    191.03421994556,191.19288624119,191.35155253683,191.51021883246,
    191.6688851281,191.82755142374,191.98621771937,192.14488401501,
    192.30355031064,192.46221660628,192.62088290191,192.77954919755,
    192.93821549319,193.09688178882,193.25554808446,193.41421438009,
    193.57288067573,193.73154697137,193.890213267,194.04887956264,
    194.20754585827,194.36621215391,194.52487844955,194.68354474518,
    194.84221104082,195.00087733645,195.15954363209,195.31820992772,
    195.47687622336,195.635542519,195.79420881463,195.95287511027,
    196.1115414059,196.27020770154,196.42887399718,196.58754029281,
    196.74620658845,196.90487288408,197.06353917972,197.22220547535,
    197.38087177099,197.53953806663,197.69820436226,197.8568706579,
    198.01553695353,198.17420324917,198.33286954481,198.49153584044,
    198.65020213608,198.80886843171,198.96753472735,199.12620102298,
    199.28486731862,199.44353361426,199.60219990989,199.76086620553,
    199.91953250116,200.0781987968,200.23686509244,200.39553138807,
    200.55419768371,200.71286397934,200.87153027498,201.03019657061,
    201.18886286625,201.34752916189,201.50619545752,201.66486175316,
    201.82352804879,201.98219434443,202.14086064007,202.2995269357,
    202.45819323134,202.61685952697,202.77552582261,202.93419211824,
    203.09285841388,203.25152470952,203.41019100515,203.56885730079,
    203.72752359642,203.88618989206,204.0448561877,204.20352248333,
    204.36218877897,204.5208550746,204.67952137024,204.83818766588,
    204.99685396151,205.15552025715,205.31418655278,205.47285284842,
    205.63151914405,205.79018543969,205.94885173533,206.10751803096,
    206.2661843266,206.42485062223,206.58351691787,206.74218321351,
    206.90084950914,207.05951580478,207.21818210041,207.37684839605,
    207.53551469168,207.69418098732,207.85284728296,208.01151357859,
    208.17017987423,208.32884616986,208.4875124655,208.64617876114,
    208.80484505677,208.96351135241,209.12217764804,209.28084394368,
    209.43951023931,209.59817653495,209.75684283059,209.91550912622,
    210.07417542186,210.23284171749,210.39150801313,210.55017430877,
    210.7088406044,210.86750690004,211.02617319567,211.18483949131,
    211.34350578694,211.50217208258,211.66083837822,211.81950467385,
    211.97817096949,212.13683726512,212.29550356076,212.4541698564,
    212.61283615203,212.77150244767,212.9301687433,213.08883503894,
    213.24750133458,213.40616763021,213.56483392585,213.72350022148,
    213.88216651712,214.04083281275,214.19949910839,214.35816540403,
    214.51683169966,214.6754979953,214.83416429093,214.99283058657,
    215.15149688221,215.31016317784,215.46882947348,215.62749576911,
    215.78616206475,215.94482836038,216.10349465602,216.26216095166,
    216.42082724729,216.57949354293,216.73815983856,216.8968261342,
    217.05549242984,217.21415872547,217.37282502111,217.53149131674,
    217.69015761238,217.84882390801,218.00749020365,218.16615649929,
    218.32482279492,218.48348909056,218.64215538619,218.80082168183,
    218.95948797747,219.1181542731,219.27682056874,219.43548686437,
    219.59415316001,219.75281945564,219.91148575128,220.07015204692,
    220.22881834255,220.38748463819,220.54615093382,220.70481722946,
    220.8634835251,221.02214982073,221.18081611637,221.339482412,
    221.49814870764,221.65681500328,221.81548129891,221.97414759455,
    222.13281389018,222.29148018582,222.45014648145,222.60881277709,
    222.76747907273,222.92614536836,223.084811664,223.24347795963,
    223.40214425527,223.56081055091,223.71947684654,223.87814314218,
    224.03680943781,224.19547573345,224.35414202908,224.51280832472,
    224.67147462036,224.83014091599,224.98880721163,225.14747350726,
    225.3061398029,225.46480609854,225.62347239417,225.78213868981,
    225.94080498544,226.09947128108,226.25813757671,226.41680387235,
    226.57547016799,226.73413646362,226.89280275926,227.05146905489,
    227.21013535053,227.36880164617,227.5274679418,227.68613423744,
    227.84480053307,228.00346682871,228.16213312434,228.32079941998,
    228.47946571562,228.63813201125,228.79679830689,228.95546460252,
    229.11413089816,229.2727971938,229.43146348943,229.59012978507,
    229.7487960807,229.90746237634,230.06612867197,230.22479496761,
    230.38346126325,230.54212755888,230.70079385452,230.85946015015,
    231.01812644579,231.17679274143,231.33545903706,231.4941253327,
    231.65279162833,231.81145792397,231.97012421961,232.12879051524,
    232.28745681088,232.44612310651,232.60478940215,232.76345569778,
    232.92212199342,233.08078828906,233.23945458469,233.39812088033,
    233.55678717596,233.7154534716,233.87411976724,234.03278606287,
    234.19145235851,234.35011865414,234.50878494978,234.66745124541,
    234.82611754105,234.98478383669,235.14345013232,235.30211642796,
    235.46078272359,235.61944901923,235.77811531487,235.9367816105,
    236.09544790614,236.25411420177,236.41278049741,236.57144679304,
    236.73011308868,236.88877938432,237.04744567995,237.20611197559,
    237.36477827122,237.52344456686,237.6821108625,237.84077715813,
    237.99944345377,238.1581097494,238.31677604504,238.47544234067,
    238.63410863631,238.79277493195,238.95144122758,239.11010752322,
    239.26877381885,239.42744011449,239.58610641013,239.74477270576,
    239.9034390014,240.06210529703,240.22077159267,240.37943788831,
    240.53810418394,240.69677047958,240.85543677521,241.01410307085,
    241.17276936648,241.33143566212,241.49010195776,241.64876825339,
    241.80743454903,241.96610084466,242.1247671403,242.28343343594,
    242.44209973157,242.60076602721,242.75943232284,242.91809861848,
    243.07676491411,243.23543120975,243.39409750539,243.55276380102,
    243.71143009666,243.87009639229,244.02876268793,244.18742898357,
    244.3460952792,244.50476157484,244.66342787047,244.82209416611,
    244.98076046174,245.13942675738,245.29809305302,245.45675934865,
    245.61542564429,245.77409193992,245.93275823556,246.0914245312,
    246.25009082683,246.40875712247,246.5674234181,246.72608971374,
    246.88475600937,247.04342230501,247.20208860065,247.36075489628,
    247.51942119192,247.67808748755,247.83675378319,247.99542007883,
    248.15408637446,248.3127526701,248.47141896573,248.63008526137,
    248.78875155701,248.94741785264,249.10608414828,249.26475044391,
    249.42341673955,249.58208303518,249.74074933082,249.89941562646,
    250.05808192209,250.21674821773,250.37541451336,250.534080809,
    250.69274710464,250.85141340027,251.01007969591,251.16874599154,
    251.32741228718,251.48607858281,251.64474487845,251.80341117409,
    251.96207746972,252.12074376536,252.27941006099,252.43807635663,
    252.59674265227,252.7554089479,252.91407524354,253.07274153917,
    253.23140783481,253.39007413044,253.54874042608,253.70740672172,
    253.86607301735,254.02473931299,254.18340560862,254.34207190426,
    254.5007381999,254.65940449553,254.81807079117,254.9767370868,
    255.13540338244,255.29406967807,255.45273597371,255.61140226935,
    255.77006856498,255.92873486062,256.08740115625,256.24606745189,
    256.40473374753,256.56340004316,256.7220663388,256.88073263443,
    257.03939893007,257.1980652257,257.35673152134,257.51539781698,
    257.67406411261,257.83273040825,257.99139670388,258.15006299952,
    258.30872929516,258.46739559079,258.62606188643,258.78472818206,
    258.9433944777,259.10206077334,259.26072706897,259.41939336461,
    259.57805966024,259.73672595588,259.89539225151,260.05405854715,
    260.21272484279,260.37139113842,260.53005743406,260.68872372969,
    260.84739002533,261.00605632097,261.1647226166,261.32338891224,
    261.48205520787,261.64072150351,261.79938779914,261.95805409478,
    262.11672039042,262.27538668605,262.43405298169,262.59271927732,
    262.75138557296,262.9100518686,263.06871816423,263.22738445987,
    263.3860507555,263.54471705114,263.70338334677,263.86204964241,
    264.02071593805,264.17938223368,264.33804852932,264.49671482495,
    264.65538112059,264.81404741623,264.97271371186,265.1313800075,
    265.29004630313,265.44871259877,265.6073788944,265.76604519004,
    265.92471148568,266.08337778131,266.24204407695,266.40071037258,
    266.55937666822,266.71804296386,266.87670925949,267.03537555513,
    267.19404185076,267.3527081464,267.51137444204,267.67004073767,
    267.82870703331,267.98737332894,268.14603962458,268.30470592021,
    268.46337221585,268.62203851149,268.78070480712,268.93937110276,
    269.09803739839,269.25670369403,269.41536998967,269.5740362853,
    269.73270258094,269.89136887657,270.05003517221,270.20870146784,
    270.36736776348,270.52603405912,270.68470035475,270.84336665039,
    271.00203294602,271.16069924166,271.3193655373,271.47803183293,
    271.63669812857,271.7953644242,271.95403071984,272.11269701547,
    272.27136331111,272.43002960675,272.58869590238,272.74736219802,
    272.90602849365,273.06469478929,273.22336108493,273.38202738056,
    273.5406936762,273.69935997183,273.85802626747,274.0166925631,
    274.17535885874,274.33402515438,274.49269145001,274.65135774565,
    274.81002404128,274.96869033692,275.12735663256,275.28602292819,
    275.44468922383,275.60335551946,275.7620218151,275.92068811074,
    276.07935440637,276.23802070201,276.39668699764,276.55535329328,
    276.71401958891,276.87268588455,277.03135218019,277.19001847582,
    277.34868477146,277.50735106709,277.66601736273,277.82468365837,
    277.983349954,278.14201624964,278.30068254527,278.45934884091,
    278.61801513654,278.77668143218,278.93534772782,279.09401402345,
    279.25268031909,279.41134661472,279.57001291036,279.728679206,
    279.88734550163,280.04601179727,280.2046780929,280.36334438854,
    280.52201068417,280.68067697981,280.83934327545,280.99800957108,
    281.15667586672,281.31534216235,281.47400845799,281.63267475363,
    281.79134104926,281.9500073449,282.10867364053,282.26733993617,
    282.4260062318,282.58467252744,282.74333882308),
  .QUASI_UNIFORM_KNOTS.);
#8158 = CARTESIAN_POINT('',(-3.14159265359,7.136414352391E-15));
#8159 = CARTESIAN_POINT('',(-3.141599327703,5.28711117782E-02));
#8160 = CARTESIAN_POINT('',(-3.141609146441,0.158618308118));
#8161 = CARTESIAN_POINT('',(-3.14161236666,0.317266233405));
#8162 = CARTESIAN_POINT('',(-3.141573248836,0.476051985034));
#8163 = CARTESIAN_POINT('',(-3.141565650366,0.634741567585));
#8164 = CARTESIAN_POINT('',(-3.1416266168,0.793239085163));
#8165 = CARTESIAN_POINT('',(-3.141633106391,0.95187792467));
#8166 = CARTESIAN_POINT('',(-3.141573489962,1.1107261087));
#8167 = CARTESIAN_POINT('',(-3.141556999632,1.26942995328));
#8168 = CARTESIAN_POINT('',(-3.141539994623,1.428142870959));
#8169 = CARTESIAN_POINT('',(-3.141539800888,1.586800379742));
#8170 = CARTESIAN_POINT('',(-3.141662136317,1.745139846966));
#8171 = CARTESIAN_POINT('',(-3.141779339795,1.903465148156));
#8172 = CARTESIAN_POINT('',(-3.141690964665,2.062388194179));
#8173 = CARTESIAN_POINT('',(-3.141463878714,2.221686090477));
#8174 = CARTESIAN_POINT('',(-3.141313154049,2.38078529307));
#8175 = CARTESIAN_POINT('',(-3.141382855613,2.539266801539));
#8176 = CARTESIAN_POINT('',(-3.141671467394,2.697090576174));
#8177 = CARTESIAN_POINT('',(-3.141911288431,2.855153674644));
#8178 = CARTESIAN_POINT('',(-3.141806697406,3.014096407636));
#8179 = CARTESIAN_POINT('',(-3.141563078184,3.173394665117));
#8180 = CARTESIAN_POINT('',(-3.141519869792,3.332215453592));
#8181 = CARTESIAN_POINT('',(-3.141587645398,3.490674914977));
#8182 = CARTESIAN_POINT('',(-3.141648732991,3.649151948732));
#8183 = CARTESIAN_POINT('',(-3.141628520895,3.8079003057));
#8184 = CARTESIAN_POINT('',(-3.141402241833,3.967167682346));
#8185 = CARTESIAN_POINT('',(-3.141285795648,4.126128320799));
#8186 = CARTESIAN_POINT('',(-3.141487651751,4.28429482371));
#8187 = CARTESIAN_POINT('',(-3.141781957652,4.442115404962));
#8188 = CARTESIAN_POINT('',(-3.141863334495,4.600548729122));
#8189 = CARTESIAN_POINT('',(-3.14175651927,4.759533422445));
#8190 = CARTESIAN_POINT('',(-3.141535577292,4.918812121753));
#8191 = CARTESIAN_POINT('',(-3.141418815807,5.077813724781));
#8192 = CARTESIAN_POINT('',(-3.141473115509,5.236324205777));
#8193 = CARTESIAN_POINT('',(-3.14156332252,5.394732019656));
#8194 = CARTESIAN_POINT('',(-3.141593706301,5.553320426402));
#8195 = CARTESIAN_POINT('',(-3.141696381958,5.711692051205));
#8196 = CARTESIAN_POINT('',(-3.141781202286,5.870121985694));
#8197 = CARTESIAN_POINT('',(-3.141696622633,6.029033987449));
#8198 = CARTESIAN_POINT('',(-3.141460821311,6.188349479776));
#8199 = CARTESIAN_POINT('',(-3.141350754897,6.347351496624));
#8200 = CARTESIAN_POINT('',(-3.141360060015,6.505977611609));
#8201 = CARTESIAN_POINT('',(-3.141612404853,6.663920250233));
#8202 = CARTESIAN_POINT('',(-3.14185242539,6.821954425212));
#8203 = CARTESIAN_POINT('',(-3.141867671231,6.980587684136));
#8204 = CARTESIAN_POINT('',(-3.141616482043,7.139905511561));
#8205 = CARTESIAN_POINT('',(-3.141520637773,7.298861037042));
#8206 = CARTESIAN_POINT('',(-3.141555315907,7.457434056304));
#8207 = CARTESIAN_POINT('',(-3.141653711994,7.615788635106));
#8208 = CARTESIAN_POINT('',(-3.14165868642,7.774470391388));
#8209 = CARTESIAN_POINT('',(-3.141445606561,7.933709128214));
#8210 = CARTESIAN_POINT('',(-3.14124140529,8.092897833344));
#8211 = CARTESIAN_POINT('',(-3.141450554812,8.251059841676));
#8212 = CARTESIAN_POINT('',(-3.141748826773,8.408867014874));
#8213 = CARTESIAN_POINT('',(-3.141880148849,8.567172929636));
#8214 = CARTESIAN_POINT('',(-3.141758597565,8.726177514208));
#8215 = CARTESIAN_POINT('',(-3.141589805648,8.885320901605));
#8216 = CARTESIAN_POINT('',(-3.141435073588,9.044422781912));
#8217 = CARTESIAN_POINT('',(-3.141455888574,9.203024625363));
#8218 = CARTESIAN_POINT('',(-3.141523045083,9.361503049319));
#8219 = CARTESIAN_POINT('',(-3.141597038248,9.519967285834));
#8220 = CARTESIAN_POINT('',(-3.141686005093,9.67837918601));
#8221 = CARTESIAN_POINT('',(-3.141781108417,9.836787484222));
#8222 = CARTESIAN_POINT('',(-3.141702682814,9.995671484511));
#8223 = CARTESIAN_POINT('',(-3.141510750254,10.15487123922));
#8224 = CARTESIAN_POINT('',(-3.14137682954,10.313932226164));
#8225 = CARTESIAN_POINT('',(-3.141340640722,10.472680511398));
#8226 = CARTESIAN_POINT('',(-3.141530835718,10.630812296724));
#8227 = CARTESIAN_POINT('',(-3.141819312897,10.788678936294));
#8228 = CARTESIAN_POINT('',(-3.141909811765,10.947140055769));
#8229 = CARTESIAN_POINT('',(-3.141666181901,11.106431595838));
#8230 = CARTESIAN_POINT('',(-3.141497489339,11.265578728432));
#8231 = CARTESIAN_POINT('',(-3.141549718185,11.424113177828));
#8232 = CARTESIAN_POINT('',(-3.141647959534,11.582460890025));
#8233 = CARTESIAN_POINT('',(-3.141682330082,11.741057447914));
#8234 = CARTESIAN_POINT('',(-3.141472014226,11.900301004845));
#8235 = CARTESIAN_POINT('',(-3.141259237009,12.059518064684));
#8236 = CARTESIAN_POINT('',(-3.141406471338,12.217829023313));
#8237 = CARTESIAN_POINT('',(-3.141707274096,12.375650749721));
#8238 = CARTESIAN_POINT('',(-3.141854359666,12.533904309184));
#8239 = CARTESIAN_POINT('',(-3.141787733542,12.69274131629));
#8240 = CARTESIAN_POINT('',(-3.141638657902,12.851843932428));
#8241 = CARTESIAN_POINT('',(-3.141459388311,13.011005259681));
#8242 = CARTESIAN_POINT('',(-3.141415645643,13.169794183004));
#8243 = CARTESIAN_POINT('',(-3.141514698729,13.328188962088));
#8244 = CARTESIAN_POINT('',(-3.141595404681,13.486626330306));
#8245 = CARTESIAN_POINT('',(-3.141679180934,13.645061917241));
#8246 = CARTESIAN_POINT('',(-3.141744115209,13.8035477157));
#8247 = CARTESIAN_POINT('',(-3.141732732441,13.962239600123));
#8248 = CARTESIAN_POINT('',(-3.141557845658,14.121398608779));
#8249 = CARTESIAN_POINT('',(-3.141405137198,14.280497640476));
#8250 = CARTESIAN_POINT('',(-3.141306309044,14.439435612043));
#8251 = CARTESIAN_POINT('',(-3.141482210107,14.597613835645));
#8252 = CARTESIAN_POINT('',(-3.141779596803,14.755431861923));
#8253 = CARTESIAN_POINT('',(-3.141944420777,14.913719646071));
#8254 = CARTESIAN_POINT('',(-3.141689435934,15.073029116402));
#8255 = CARTESIAN_POINT('',(-3.141512171222,15.232191336339));
#8256 = CARTESIAN_POINT('',(-3.141541675712,15.39079372714));
#8257 = CARTESIAN_POINT('',(-3.14164619308,15.549128130807));
#8258 = CARTESIAN_POINT('',(-3.141664880354,15.707757099519));
#8259 = CARTESIAN_POINT('',(-3.141526330268,15.866820840771));
#8260 = CARTESIAN_POINT('',(-3.141287670069,16.026103668058));
#8261 = CARTESIAN_POINT('',(-3.141369673749,16.184567710224));
#8262 = CARTESIAN_POINT('',(-3.141628391922,16.342536636479));
#8263 = CARTESIAN_POINT('',(-3.141842883421,16.500584469816));
#8264 = CARTESIAN_POINT('',(-3.14181653721,16.659313015328));
#8265 = CARTESIAN_POINT('',(-3.141692340358,16.818354506142));
#8266 = CARTESIAN_POINT('',(-3.141459355489,16.977658870423));
#8267 = CARTESIAN_POINT('',(-3.141408445479,17.136479463333));
#8268 = CARTESIAN_POINT('',(-3.141505253171,17.294873690277));
#8269 = CARTESIAN_POINT('',(-3.141601171169,17.453266738729));
#8270 = CARTESIAN_POINT('',(-3.141638341356,17.611835523552));
#8271 = CARTESIAN_POINT('',(-3.141726737173,17.770247684663));
#8272 = CARTESIAN_POINT('',(-3.14175870077,17.928821792794));
#8273 = CARTESIAN_POINT('',(-3.141613188528,18.08790186508));
#8274 = CARTESIAN_POINT('',(-3.141404031976,18.247150361784));
#8275 = CARTESIAN_POINT('',(-3.141309113094,18.406098981787));
#8276 = CARTESIAN_POINT('',(-3.141440176539,18.564390574565));
#8277 = CARTESIAN_POINT('',(-3.141748476103,18.722178729363));
#8278 = CARTESIAN_POINT('',(-3.14192205786,18.880434695147));
#8279 = CARTESIAN_POINT('',(-3.141739285046,19.039555228925));
#8280 = CARTESIAN_POINT('',(-3.141539077759,19.198767810609));
#8281 = CARTESIAN_POINT('',(-3.141542150473,19.357445138388));
#8282 = CARTESIAN_POINT('',(-3.141610517236,19.515898519801));
#8283 = CARTESIAN_POINT('',(-3.141658646847,19.674422027218));
#8284 = CARTESIAN_POINT('',(-3.141582398516,19.833331372925));
#8285 = CARTESIAN_POINT('',(-3.141332891597,19.992631627644));
#8286 = CARTESIAN_POINT('',(-3.141307362062,20.151380078022));
#8287 = CARTESIAN_POINT('',(-3.141566070507,20.309374074236));
#8288 = CARTESIAN_POINT('',(-3.141829877584,20.467269262481));
#8289 = CARTESIAN_POINT('',(-3.141855718838,20.625872175425));
#8290 = CARTESIAN_POINT('',(-3.141706859681,20.784968730287));
#8291 = CARTESIAN_POINT('',(-3.141485449591,20.944247342385));
#8292 = CARTESIAN_POINT('',(-3.141417026574,21.103117619126));
#8293 = CARTESIAN_POINT('',(-3.141500839391,21.261538799134));
#8294 = CARTESIAN_POINT('',(-3.141572029446,21.420004845313));
#8295 = CARTESIAN_POINT('',(-3.141613014719,21.578563140507));
#8296 = CARTESIAN_POINT('',(-3.141721088553,21.736914786023));
#8297 = CARTESIAN_POINT('',(-3.141787183468,21.895407254197));
#8298 = CARTESIAN_POINT('',(-3.14163516528,22.054496591477));
#8299 = CARTESIAN_POINT('',(-3.141421666486,22.213760387506));
#8300 = CARTESIAN_POINT('',(-3.141334590773,22.372695360224));
#8301 = CARTESIAN_POINT('',(-3.141408024081,22.531130818979));
#8302 = CARTESIAN_POINT('',(-3.141681110913,22.689028557798));
#8303 = CARTESIAN_POINT('',(-3.141889130163,22.847159949242));
#8304 = CARTESIAN_POINT('',(-3.141808990868,23.006031357769));
#8305 = CARTESIAN_POINT('',(-3.141576204824,23.165314960101));
#8306 = CARTESIAN_POINT('',(-3.141518123004,23.324169623379));
#8307 = CARTESIAN_POINT('',(-3.141580237959,23.482652164288));
#8308 = CARTESIAN_POINT('',(-3.141666769374,23.641046151823));
#8309 = CARTESIAN_POINT('',(-3.141634231333,23.799845844576));
#8310 = CARTESIAN_POINT('',(-3.141360925947,23.959212108267));
#8311 = CARTESIAN_POINT('',(-3.141265364415,24.118150048065));
#8312 = CARTESIAN_POINT('',(-3.14152536855,24.276145607827));
#8313 = CARTESIAN_POINT('',(-3.14181354544,24.433980186379));
#8314 = CARTESIAN_POINT('',(-3.141861470192,24.592522233582));
#8315 = CARTESIAN_POINT('',(-3.141719074935,24.751583510519));
#8316 = CARTESIAN_POINT('',(-3.141541301557,24.910754914563));
#8317 = CARTESIAN_POINT('',(-3.141428318207,25.06973567608));
#8318 = CARTESIAN_POINT('',(-3.14147070805,25.228278332041));
#8319 = CARTESIAN_POINT('',(-3.141541943119,25.386747321116));
#8320 = CARTESIAN_POINT('',(-3.141615498252,25.545211036623));
#8321 = CARTESIAN_POINT('',(-3.141717153779,25.703587650184));
#8322 = CARTESIAN_POINT('',(-3.141781847918,25.862084558422));
#8323 = CARTESIAN_POINT('',(-3.141653523254,26.021099714455));
#8324 = CARTESIAN_POINT('',(-3.141471508281,26.180284028252));
#8325 = CARTESIAN_POINT('',(-3.141356879336,26.339280764513));
#8326 = CARTESIAN_POINT('',(-3.141363031295,26.497911068452));
#8327 = CARTESIAN_POINT('',(-3.141605418982,26.655899464569));
#8328 = CARTESIAN_POINT('',(-3.141872586572,26.813836012364));
#8329 = CARTESIAN_POINT('',(-3.141873921473,26.972534415889));
#8330 = CARTESIAN_POINT('',(-3.141599687566,27.131902066641));
#8331 = CARTESIAN_POINT('',(-3.141494939048,27.290894074062));
#8332 = CARTESIAN_POINT('',(-3.141576702964,27.449322454058));
#8333 = CARTESIAN_POINT('',(-3.141669833782,27.607692829797));
#8334 = CARTESIAN_POINT('',(-3.14165607971,27.766438420471));
#8335 = CARTESIAN_POINT('',(-3.141391743656,27.925797594917));
#8336 = CARTESIAN_POINT('',(-3.141270162263,28.084800210658));
#8337 = CARTESIAN_POINT('',(-3.141477825517,28.242926489612));
#8338 = CARTESIAN_POINT('',(-3.141771168227,28.40076869422));
#8339 = CARTESIAN_POINT('',(-3.141846837583,28.559216476422));
#8340 = CARTESIAN_POINT('',(-3.141759961304,28.718116600773));
#8341 = CARTESIAN_POINT('',(-3.141592134912,28.877272710208));
#8342 = CARTESIAN_POINT('',(-3.141430500557,29.036378714156));
#8343 = CARTESIAN_POINT('',(-3.14143123846,29.195049417843));
#8344 = CARTESIAN_POINT('',(-3.141543115952,29.353404255659));
#8345 = CARTESIAN_POINT('',(-3.141613512985,29.511872184395));
#8346 = CARTESIAN_POINT('',(-3.14169972671,29.670301008745));
#8347 = CARTESIAN_POINT('',(-3.141751836098,29.828821254835));
#8348 = CARTESIAN_POINT('',(-3.141702222346,29.987619092224));
#8349 = CARTESIAN_POINT('',(-3.141514152141,30.146819997308));
#8350 = CARTESIAN_POINT('',(-3.141371004717,30.305886846782));
#8351 = CARTESIAN_POINT('',(-3.14131628975,30.464706287157));
#8352 = CARTESIAN_POINT('',(-3.14156146325,30.62268085039));
#8353 = CARTESIAN_POINT('',(-3.141846020466,30.780557368002));
#8354 = CARTESIAN_POINT('',(-3.141916839921,30.939094355935));
#8355 = CARTESIAN_POINT('',(-3.141614113139,31.098517719329));
#8356 = CARTESIAN_POINT('',(-3.141510642479,31.25750502873));
#8357 = CARTESIAN_POINT('',(-3.141565639393,31.416012137663));
#8358 = CARTESIAN_POINT('',(-3.141663955658,31.574372306693));
#8359 = CARTESIAN_POINT('',(-3.141646169473,31.733113532856));
#8360 = CARTESIAN_POINT('',(-3.141463550899,31.892281043307));
#8361 = CARTESIAN_POINT('',(-3.141273423401,32.051437713623));
#8362 = CARTESIAN_POINT('',(-3.141427649785,32.209712379437));
#8363 = CARTESIAN_POINT('',(-3.141696822579,32.367640131597));
#8364 = CARTESIAN_POINT('',(-3.14185655663,32.525833988603));
#8365 = CARTESIAN_POINT('',(-3.141794261177,32.684678486505));
#8366 = CARTESIAN_POINT('',(-3.141638466116,32.843801334136));
#8367 = CARTESIAN_POINT('',(-3.141418663506,33.003066989291));
#8368 = CARTESIAN_POINT('',(-3.141430242791,33.161718415558));
#8369 = CARTESIAN_POINT('',(-3.141533618002,33.320086212131));
#8370 = CARTESIAN_POINT('',(-3.141611422925,33.478536062776));
#8371 = CARTESIAN_POINT('',(-3.141654866273,33.637085130444));
#8372 = CARTESIAN_POINT('',(-3.141749156534,33.79547736089));
#8373 = CARTESIAN_POINT('',(-3.141739474022,33.954175050086));
#8374 = CARTESIAN_POINT('',(-3.141557727406,34.11335125423));
#8375 = CARTESIAN_POINT('',(-3.141364497203,34.272559333107));
#8376 = CARTESIAN_POINT('',(-3.141317581652,34.431375175992));
#8377 = CARTESIAN_POINT('',(-3.141511301128,34.589476319576));
#8378 = CARTESIAN_POINT('',(-3.141816997074,34.747299012914));
#8379 = CARTESIAN_POINT('',(-3.141908832862,34.905770160806));
#8380 = CARTESIAN_POINT('',(-3.141671551473,35.065021547984));
#8381 = CARTESIAN_POINT('',(-3.141524161681,35.224116269161));
#8382 = CARTESIAN_POINT('',(-3.141558195448,35.382691659352));
#8383 = CARTESIAN_POINT('',(-3.141626124399,35.541145889962));
#8384 = CARTESIAN_POINT('',(-3.14165916492,35.699722209698));
#8385 = CARTESIAN_POINT('',(-3.141527007323,35.858778328786));
#8386 = CARTESIAN_POINT('',(-3.141290287728,36.018031373058));
#8387 = CARTESIAN_POINT('',(-3.141354169952,36.176565983093));
#8388 = CARTESIAN_POINT('',(-3.141647010317,36.334438185374));
#8389 = CARTESIAN_POINT('',(-3.141857217549,36.492485779539));
#8390 = CARTESIAN_POINT('',(-3.141832820859,36.651238091065));
#8391 = CARTESIAN_POINT('',(-3.141649792056,36.810422747617));
#8392 = CARTESIAN_POINT('',(-3.141448536984,36.969648269613));
#8393 = CARTESIAN_POINT('',(-3.141427310883,37.128384378005));
#8394 = CARTESIAN_POINT('',(-3.141527085408,37.286758990759));
#8395 = CARTESIAN_POINT('',(-3.141576920156,37.445288793412));
#8396 = CARTESIAN_POINT('',(-3.141639069711,37.603785156127));
#8397 = CARTESIAN_POINT('',(-3.141743389941,37.762146760241));
#8398 = CARTESIAN_POINT('',(-3.141776431203,37.920737899451));
#8399 = CARTESIAN_POINT('',(-3.141570421856,38.079968705968));
#8400 = CARTESIAN_POINT('',(-3.141392615598,38.239145565887));
#8401 = CARTESIAN_POINT('',(-3.141325304266,38.398014849714));
#8402 = CARTESIAN_POINT('',(-3.141470891666,38.556244401499));
#8403 = CARTESIAN_POINT('',(-3.141745110366,38.714154156502));
#8404 = CARTESIAN_POINT('',(-3.141907826004,38.872410648196));
#8405 = CARTESIAN_POINT('',(-3.141737147042,39.031511361368));
#8406 = CARTESIAN_POINT('',(-3.141548602272,39.190693376481));
#8407 = CARTESIAN_POINT('',(-3.141522779358,39.349455529989));
#8408 = CARTESIAN_POINT('',(-3.141608094759,39.507859522583));
#8409 = CARTESIAN_POINT('',(-3.141670096077,39.666338598547));
#8410 = CARTESIAN_POINT('',(-3.141590553276,39.825265277899));
#8411 = CARTESIAN_POINT('',(-3.141289871746,39.984683785764));
#8412 = CARTESIAN_POINT('',(-3.141315343548,40.143332874858));
#8413 = CARTESIAN_POINT('',(-3.141598412629,40.30122904822));
#8414 = CARTESIAN_POINT('',(-3.141860367209,40.459147544891));
#8415 = CARTESIAN_POINT('',(-3.141830974867,40.617902785168));
#8416 = CARTESIAN_POINT('',(-3.141679333054,40.776991359208));
#8417 = CARTESIAN_POINT('',(-3.141492240732,40.936189535098));
#8418 = CARTESIAN_POINT('',(-3.14143269642,41.095017334827));
#8419 = CARTESIAN_POINT('',(-3.141486427931,41.253530020065));
#8420 = CARTESIAN_POINT('',(-3.14156174636,41.411989328724));
#8421 = CARTESIAN_POINT('',(-3.141633032077,41.570456311787));
#8422 = CARTESIAN_POINT('',(-3.141746487687,41.728803040086));
#8423 = CARTESIAN_POINT('',(-3.141768342187,41.887419238529));
#8424 = CARTESIAN_POINT('',(-3.141603211075,42.046533127995));
#8425 = CARTESIAN_POINT('',(-3.141433352642,42.205694024419));
#8426 = CARTESIAN_POINT('',(-3.141342650847,42.364610783433));
#8427 = CARTESIAN_POINT('',(-3.141404459944,42.523090582367));
#8428 = CARTESIAN_POINT('',(-3.141681992968,42.680981058764));
#8429 = CARTESIAN_POINT('',(-3.141906233665,42.839052105366));
#8430 = CARTESIAN_POINT('',(-3.141813766535,42.997984193296));
#8431 = CARTESIAN_POINT('',(-3.141548059245,43.157341713785));
#8432 = CARTESIAN_POINT('',(-3.141505674057,43.316167341587));
#8433 = CARTESIAN_POINT('',(-3.141601061588,43.474537585814));
#8434 = CARTESIAN_POINT('',(-3.141685712552,43.63294884259));
#8435 = CARTESIAN_POINT('',(-3.14161052671,43.791865315102));
#8436 = CARTESIAN_POINT('',(-3.14132198991,43.951268847189));
#8437 = CARTESIAN_POINT('',(-3.141300863959,44.110028729935));
#8438 = CARTESIAN_POINT('',(-3.141555165136,44.268004250613));
#8439 = CARTESIAN_POINT('',(-3.141818880443,44.425932094795));
#8440 = CARTESIAN_POINT('',(-3.141831153202,44.584550755413));
#8441 = CARTESIAN_POINT('',(-3.141725029955,44.743515314155));
#8442 = CARTESIAN_POINT('',(-3.141544252989,44.902701507688));
#8443 = CARTESIAN_POINT('',(-3.1414134903,45.061721365303));
#8444 = CARTESIAN_POINT('',(-3.141455236249,45.220280370126));
#8445 = CARTESIAN_POINT('',(-3.141565250884,45.378636932882));
#8446 = CARTESIAN_POINT('',(-3.141634242557,45.53711113943));
#8447 = CARTESIAN_POINT('',(-3.141717347622,45.695548002382));
#8448 = CARTESIAN_POINT('',(-3.141754589464,45.854107942014));
#8449 = CARTESIAN_POINT('',(-3.141658860884,46.01303621155));
#8450 = CARTESIAN_POINT('',(-3.141475129056,46.172227272745));
#8451 = CARTESIAN_POINT('',(-3.141339470273,46.33126868009));
#8452 = CARTESIAN_POINT('',(-3.141351981493,46.489905667001));
#8453 = CARTESIAN_POINT('',(-3.141639388335,46.647750089651));
#8454 = CARTESIAN_POINT('',(-3.141901711788,46.805722010945));
#8455 = CARTESIAN_POINT('',(-3.141855991167,46.964543866997));
#8456 = CARTESIAN_POINT('',(-3.141559081788,47.123963755656));
#8457 = CARTESIAN_POINT('',(-3.141516804883,47.28279195118));
#8458 = CARTESIAN_POINT('',(-3.141593450051,47.441218298161));
#8459 = CARTESIAN_POINT('',(-3.14167314996,47.599645059551));
#8460 = CARTESIAN_POINT('',(-3.141617381873,47.758495660502));
#8461 = CARTESIAN_POINT('',(-3.141395925194,47.917751063294));
#8462 = CARTESIAN_POINT('',(-3.141286030324,48.076703877366));
#8463 = CARTESIAN_POINT('',(-3.141491470682,48.23483815993));
#8464 = CARTESIAN_POINT('',(-3.141759118165,48.392757910813));
#8465 = CARTESIAN_POINT('',(-3.141854393642,48.551130104601));
#8466 = CARTESIAN_POINT('',(-3.141767968465,48.710056670188));
#8467 = CARTESIAN_POINT('',(-3.141576831575,48.869265928707));
#8468 = CARTESIAN_POINT('',(-3.141397676101,49.028424208489));
#8469 = CARTESIAN_POINT('',(-3.141456193923,49.18694245203));
#8470 = CARTESIAN_POINT('',(-3.14156109552,49.34530294268));
#8471 = CARTESIAN_POINT('',(-3.141618364855,49.50381449836));
#8472 = CARTESIAN_POINT('',(-3.141676260501,49.662319947295));
#8473 = CARTESIAN_POINT('',(-3.141764932665,49.820726926587));
#8474 = CARTESIAN_POINT('',(-3.141707267402,49.979563859523));
#8475 = CARTESIAN_POINT('',(-3.141501978211,50.138801438978));
#8476 = CARTESIAN_POINT('',(-3.141334342693,50.297943800963));
#8477 = CARTESIAN_POINT('',(-3.141342981482,50.45660055154));
#8478 = CARTESIAN_POINT('',(-3.141590971362,50.614540477262));
#8479 = CARTESIAN_POINT('',(-3.141871537441,50.772464290082));
#8480 = CARTESIAN_POINT('',(-3.141869377418,50.931164536098));
#8481 = CARTESIAN_POINT('',(-3.141614553819,51.090469149566));
#8482 = CARTESIAN_POINT('',(-3.141522292189,51.24942483336));
#8483 = CARTESIAN_POINT('',(-3.141575406551,51.407933768083));
#8484 = CARTESIAN_POINT('',(-3.141639930487,51.56639945961));
#8485 = CARTESIAN_POINT('',(-3.141649394275,51.725054467782));
#8486 = CARTESIAN_POINT('',(-3.141462232201,51.884240740883));
#8487 = CARTESIAN_POINT('',(-3.141271426828,52.043377364937));
#8488 = CARTESIAN_POINT('',(-3.141415635493,52.201707798581));
#8489 = CARTESIAN_POINT('',(-3.141722874729,52.359511800372));
#8490 = CARTESIAN_POINT('',(-3.14186959767,52.51774865671));
#8491 = CARTESIAN_POINT('',(-3.141799267811,52.676632471443));
#8492 = CARTESIAN_POINT('',(-3.141590460448,52.835882017077));
#8493 = CARTESIAN_POINT('',(-3.141426621494,52.995009416968));
#8494 = CARTESIAN_POINT('',(-3.141447765538,53.153620002912));
#8495 = CARTESIAN_POINT('',(-3.141547943232,53.311995851151));
#8496 = CARTESIAN_POINT('',(-3.141582722501,53.470570482356));
#8497 = CARTESIAN_POINT('',(-3.141668350293,53.62899596612));
#8498 = CARTESIAN_POINT('',(-3.141765758032,53.787382017967));
#8499 = CARTESIAN_POINT('',(-3.141744977178,53.946122846529));
#8500 = CARTESIAN_POINT('',(-3.141510509261,54.105430053586));
#8501 = CARTESIAN_POINT('',(-3.141370009601,54.264513097669));
#8502 = CARTESIAN_POINT('',(-3.141333341798,54.423281423757));
#8503 = CARTESIAN_POINT('',(-3.141540640367,54.581342003164));
#8504 = CARTESIAN_POINT('',(-3.141803113725,54.739299787626));
#8505 = CARTESIAN_POINT('',(-3.141901334421,54.897723806718));
#8506 = CARTESIAN_POINT('',(-3.141671491899,55.056978799398));
#8507 = CARTESIAN_POINT('',(-3.141529912801,55.216048889986));
#8508 = CARTESIAN_POINT('',(-3.141535622584,55.374714993687));
#8509 = CARTESIAN_POINT('',(-3.141633781202,55.533072897937));
#8510 = CARTESIAN_POINT('',(-3.141669510149,55.691647637562));
#8511 = CARTESIAN_POINT('',(-3.141524585331,55.850733300774));
#8512 = CARTESIAN_POINT('',(-3.141248490498,56.010088897652));
#8513 = CARTESIAN_POINT('',(-3.141379992915,56.168468781024));
#8514 = CARTESIAN_POINT('',(-3.141675825573,56.326298889446));
#8515 = CARTESIAN_POINT('',(-3.141881238917,56.48438881209));
#8516 = CARTESIAN_POINT('',(-3.14179531379,56.643296909885));
#8517 = CARTESIAN_POINT('',(-3.141636386697,56.802409406176));
#8518 = CARTESIAN_POINT('',(-3.141456050422,56.961586418837));
#8519 = CARTESIAN_POINT('',(-3.141442444303,57.120284384285));
#8520 = CARTESIAN_POINT('',(-3.141503913207,57.278777251052));
#8521 = CARTESIAN_POINT('',(-3.141580269717,57.437234742265));
#8522 = CARTESIAN_POINT('',(-3.141657431414,57.595682003377));
#8523 = CARTESIAN_POINT('',(-3.141768455535,57.754040641214));
#8524 = CARTESIAN_POINT('',(-3.141741065616,57.91278943293));
#8525 = CARTESIAN_POINT('',(-3.141555086811,58.07196428189));
#8526 = CARTESIAN_POINT('',(-3.14140174635,58.231082820858));
#8527 = CARTESIAN_POINT('',(-3.141335491958,58.389920600629));
#8528 = CARTESIAN_POINT('',(-3.141462019471,58.548225996913));
#8529 = CARTESIAN_POINT('',(-3.141755413436,58.706073051151));
#8530 = CARTESIAN_POINT('',(-3.141919708183,58.864325309453));
#8531 = CARTESIAN_POINT('',(-3.141739933743,59.023465586996));
#8532 = CARTESIAN_POINT('',(-3.141513710035,59.182742097892));
#8533 = CARTESIAN_POINT('',(-3.141525885311,59.341407105733));
#8534 = CARTESIAN_POINT('',(-3.141624325777,59.499756711455));
#8535 = CARTESIAN_POINT('',(-3.141691151148,59.658240485115));
#8536 = CARTESIAN_POINT('',(-3.141546499253,59.817332158032));
#8537 = CARTESIAN_POINT('',(-3.14127667335,59.976684495576));
#8538 = CARTESIAN_POINT('',(-3.141346403233,60.135210800809));
#8539 = CARTESIAN_POINT('',(-3.141633979027,60.293077878089));
#8540 = CARTESIAN_POINT('',(-3.141846142828,60.451151208484));
#8541 = CARTESIAN_POINT('',(-3.14181156754,60.609896994223));
#8542 = CARTESIAN_POINT('',(-3.141682567279,60.768936956435));
#8543 = CARTESIAN_POINT('',(-3.141498293629,60.928121931486));
#8544 = CARTESIAN_POINT('',(-3.141408364408,61.087033156519));
#8545 = CARTESIAN_POINT('',(-3.141485331875,61.245492947233));
#8546 = CARTESIAN_POINT('',(-3.141579988146,61.403890702242));
#8547 = CARTESIAN_POINT('',(-3.141657193938,61.562343964476));
#8548 = CARTESIAN_POINT('',(-3.14173154565,61.720804266154));
#8549 = CARTESIAN_POINT('',(-3.141750032796,61.879414390115));
#8550 = CARTESIAN_POINT('',(-3.141606592274,62.038480454471));
#8551 = CARTESIAN_POINT('',(-3.141439493551,62.197623349664));
#8552 = CARTESIAN_POINT('',(-3.141315126854,62.356631622175));
#8553 = CARTESIAN_POINT('',(-3.141411169359,62.515037117564));
#8554 = CARTESIAN_POINT('',(-3.141710566118,62.672842027725));
#8555 = CARTESIAN_POINT('',(-3.14193817614,62.830941900345));
#8556 = CARTESIAN_POINT('',(-3.141772929298,62.990043772179));
#8557 = CARTESIAN_POINT('',(-3.141527209663,63.149356931638));
#8558 = CARTESIAN_POINT('',(-3.141525522324,63.308065192436));
#8559 = CARTESIAN_POINT('',(-3.141622124408,63.466423529154));
#8560 = CARTESIAN_POINT('',(-3.141672709903,63.624948346914));
#8561 = CARTESIAN_POINT('',(-3.141578335878,63.783901925234));
#8562 = CARTESIAN_POINT('',(-3.141330906144,63.943213585317));
#8563 = CARTESIAN_POINT('',(-3.141321040822,64.1019123959));
#8564 = CARTESIAN_POINT('',(-3.141558672068,64.259951255767));
#8565 = CARTESIAN_POINT('',(-3.141810425895,64.417903817714));
#8566 = CARTESIAN_POINT('',(-3.14183825174,64.576469990852));
#8567 = CARTESIAN_POINT('',(-3.14173495277,64.73545248648));
#8568 = CARTESIAN_POINT('',(-3.14151351375,64.894733261946));
#8569 = CARTESIAN_POINT('',(-3.141396202694,65.053729689374));
#8570 = CARTESIAN_POINT('',(-3.141481007097,65.212166600389));
#8571 = CARTESIAN_POINT('',(-3.141584546461,65.370533091063));
#8572 = CARTESIAN_POINT('',(-3.141625911203,65.529090749599));
#8573 = CARTESIAN_POINT('',(-3.141701512959,65.687542621628));
#8574 = CARTESIAN_POINT('',(-3.141768654296,65.846012669442));
#8575 = CARTESIAN_POINT('',(-3.141663691949,66.004982649729));
#8576 = CARTESIAN_POINT('',(-3.141449258129,66.164244118424));
#8577 = CARTESIAN_POINT('',(-3.141315446065,66.323297943661));
#8578 = CARTESIAN_POINT('',(-3.141385394541,66.481773509473));
#8579 = CARTESIAN_POINT('',(-3.14167220638,66.639606931704));
#8580 = CARTESIAN_POINT('',(-3.141907753009,66.79768082064));
#8581 = CARTESIAN_POINT('',(-3.141808648257,66.956607297007));
#8582 = CARTESIAN_POINT('',(-3.141570731968,67.115890783284));
#8583 = CARTESIAN_POINT('',(-3.141529279054,67.274703810619));
#8584 = CARTESIAN_POINT('',(-3.141592865228,67.433175005194));
#8585 = CARTESIAN_POINT('',(-3.141651255127,67.591662019719));
#8586 = CARTESIAN_POINT('',(-3.141625099305,67.750428013842));
#8587 = CARTESIAN_POINT('',(-3.14139351042,67.909705995089));
#8588 = CARTESIAN_POINT('',(-3.141277691199,68.068665819186));
#8589 = CARTESIAN_POINT('',(-3.141488077349,68.226811737997));
#8590 = CARTESIAN_POINT('',(-3.141786420199,68.384619206947));
#8591 = CARTESIAN_POINT('',(-3.141868526091,68.543052357743));
#8592 = CARTESIAN_POINT('',(-3.141756061649,68.702051754324));
#8593 = CARTESIAN_POINT('',(-3.141533795823,68.861334195605));
#8594 = CARTESIAN_POINT('',(-3.141417861237,69.02033404062));
#8595 = CARTESIAN_POINT('',(-3.141473577347,69.178839604584));
#8596 = CARTESIAN_POINT('',(-3.141562379323,69.337251854454));
#8597 = CARTESIAN_POINT('',(-3.141594115509,69.495836391618));
#8598 = CARTESIAN_POINT('',(-3.141697290001,69.654206337511));
#8599 = CARTESIAN_POINT('',(-3.141782412905,69.812636373617));
#8600 = CARTESIAN_POINT('',(-3.141694614221,69.97155652664));
#8601 = CARTESIAN_POINT('',(-3.141460329171,70.130868279152));
#8602 = CARTESIAN_POINT('',(-3.141351395973,70.289867333846));
#8603 = CARTESIAN_POINT('',(-3.141361047974,70.448491107101));
#8604 = CARTESIAN_POINT('',(-3.141612068597,70.606438695403));
#8605 = CARTESIAN_POINT('',(-3.141852393132,70.764471228666));
#8606 = CARTESIAN_POINT('',(-3.141867778363,70.923104136235));
#8607 = CARTESIAN_POINT('',(-3.141616930723,71.082421581867));
#8608 = CARTESIAN_POINT('',(-3.141519521669,71.241381318548));
#8609 = CARTESIAN_POINT('',(-3.141555519196,71.3999507347));
#8610 = CARTESIAN_POINT('',(-3.141654580362,71.558302867834));
#8611 = CARTESIAN_POINT('',(-3.141659523973,71.716985658363));
#8612 = CARTESIAN_POINT('',(-3.141442946448,71.876232674772));
#8613 = CARTESIAN_POINT('',(-3.141241293904,72.035416239573));
#8614 = CARTESIAN_POINT('',(-3.141452441397,72.193571809701));
#8615 = CARTESIAN_POINT('',(-3.141750836801,72.351378677208));
#8616 = CARTESIAN_POINT('',(-3.141879085546,72.509693494102));
#8617 = CARTESIAN_POINT('',(-3.141757364898,72.668697627712));
#8618 = CARTESIAN_POINT('',(-3.141590044927,72.827837583818));
#8619 = CARTESIAN_POINT('',(-3.14143570598,72.986937780887));
#8620 = CARTESIAN_POINT('',(-3.141455014541,73.145544035643));
#8621 = CARTESIAN_POINT('',(-3.141522774129,73.304021149232));
#8622 = CARTESIAN_POINT('',(-3.141598141527,73.462481242434));
#8623 = CARTESIAN_POINT('',(-3.14168743315,73.620892507372));
#8624 = CARTESIAN_POINT('',(-3.14178034319,73.779307094739));
#8625 = CARTESIAN_POINT('',(-3.14170124707,73.938192217088));
#8626 = CARTESIAN_POINT('',(-3.14151122209,74.097387495463));
#8627 = CARTESIAN_POINT('',(-3.141377257711,74.256447581036));
#8628 = CARTESIAN_POINT('',(-3.141339816606,74.415199620736));
#8629 = CARTESIAN_POINT('',(-3.141531234312,74.573328658252));
#8630 = CARTESIAN_POINT('',(-3.141820772022,74.731191342988));
#8631 = CARTESIAN_POINT('',(-3.141910855506,74.889655413213));
#8632 = CARTESIAN_POINT('',(-3.141664172428,75.048953864072));
#8633 = CARTESIAN_POINT('',(-3.141496709518,75.208098541282));
#8634 = CARTESIAN_POINT('',(-3.14155095427,75.366626514892));
#8635 = CARTESIAN_POINT('',(-3.141649182895,75.524974368582));
#8636 = CARTESIAN_POINT('',(-3.141681451164,75.683577476062));
#8637 = CARTESIAN_POINT('',(-3.141469870814,75.842823603264));
#8638 = CARTESIAN_POINT('',(-3.141260581194,76.002032716552));
#8639 = CARTESIAN_POINT('',(-3.141408038718,76.160341120692));
#8640 = CARTESIAN_POINT('',(-3.141707713748,76.318167090982));
#8641 = CARTESIAN_POINT('',(-3.141853290823,76.476424057024));
#8642 = CARTESIAN_POINT('',(-3.141788137269,76.63525683188));
#8643 = CARTESIAN_POINT('',(-3.141639028591,76.79436036969));
#8644 = CARTESIAN_POINT('',(-3.14145813205,76.953525480347));
#8645 = CARTESIAN_POINT('',(-3.141414908886,77.112313701229));
#8646 = CARTESIAN_POINT('',(-3.141516109107,77.270702301281));
#8647 = CARTESIAN_POINT('',(-3.141596488428,77.429140367285));
#8648 = CARTESIAN_POINT('',(-3.141679007534,77.58757978344));
#8649 = CARTESIAN_POINT('',(-3.141743126212,77.746067418998));
#8650 = CARTESIAN_POINT('',(-3.141733238861,77.904755010461));
#8651 = CARTESIAN_POINT('',(-3.141558058052,78.063915301736));
#8652 = CARTESIAN_POINT('',(-3.141403992013,78.223017459343));
#8653 = CARTESIAN_POINT('',(-3.14130534311,78.381955917078));
#8654 = CARTESIAN_POINT('',(-3.141484230152,78.540125319105));
#8655 = CARTESIAN_POINT('',(-3.141781450822,78.697944124413));
#8656 = CARTESIAN_POINT('',(-3.141944132207,78.856238410694));
#8657 = CARTESIAN_POINT('',(-3.141686924458,79.015552445155));
#8658 = CARTESIAN_POINT('',(-3.141513163561,79.174706171864));
#8659 = CARTESIAN_POINT('',(-3.141542512658,79.333307980793));
#8660 = CARTESIAN_POINT('',(-3.141646335963,79.4916451207));
#8661 = CARTESIAN_POINT('',(-3.141663411537,79.650278365596));
#8662 = CARTESIAN_POINT('',(-3.14152649349,79.809337779844));
#8663 = CARTESIAN_POINT('',(-3.141287874515,79.968619871124));
#8664 = CARTESIAN_POINT('',(-3.141369997958,80.12708360318));
#8665 = CARTESIAN_POINT('',(-3.141628229224,80.285054509111));
#8666 = CARTESIAN_POINT('',(-3.141843813249,80.44309810344));
#8667 = CARTESIAN_POINT('',(-3.141817004882,80.601829345344));
#8668 = CARTESIAN_POINT('',(-3.141691579521,80.760873932725));
#8669 = CARTESIAN_POINT('',(-3.141457301191,80.920181598873));
#8670 = CARTESIAN_POINT('',(-3.141409775622,81.078993499258));
#8671 = CARTESIAN_POINT('',(-3.14150608385,81.237388158519));
#8672 = CARTESIAN_POINT('',(-3.141601344349,81.395783481557));
#8673 = CARTESIAN_POINT('',(-3.141637191938,81.554355887836));
#8674 = CARTESIAN_POINT('',(-3.141727783233,81.712761417764));
#8675 = CARTESIAN_POINT('',(-3.141759069015,81.871338213409));
#8676 = CARTESIAN_POINT('',(-3.141612463223,82.030420992091));
#8677 = CARTESIAN_POINT('',(-3.141402006503,82.189673125535));
#8678 = CARTESIAN_POINT('',(-3.141310249563,82.348613824441));
#8679 = CARTESIAN_POINT('',(-3.141441265069,82.50690401246));
#8680 = CARTESIAN_POINT('',(-3.141749919357,82.664692592457));
#8681 = CARTESIAN_POINT('',(-3.141920441608,82.82295603521));
#8682 = CARTESIAN_POINT('',(-3.141739071449,82.982072378319));
#8683 = CARTESIAN_POINT('',(-3.141539011993,83.141285348449));
#8684 = CARTESIAN_POINT('',(-3.141542506808,83.29996104186));
#8685 = CARTESIAN_POINT('',(-3.141609456958,83.458418958121));
#8686 = CARTESIAN_POINT('',(-3.141659312207,83.616937010959));
#8687 = CARTESIAN_POINT('',(-3.141581962591,83.775849988838));
#8688 = CARTESIAN_POINT('',(-3.141332240989,83.935149585859));
#8689 = CARTESIAN_POINT('',(-3.141306440131,84.093900174481));
#8690 = CARTESIAN_POINT('',(-3.141568048851,84.251885736838));
#8691 = CARTESIAN_POINT('',(-3.14183034059,84.409784914805));
#8692 = CARTESIAN_POINT('',(-3.141856193181,84.568388806873));
#8693 = CARTESIAN_POINT('',(-3.141704456795,84.727492296991));
#8694 = CARTESIAN_POINT('',(-3.141485716913,84.886764069172));
#8695 = CARTESIAN_POINT('',(-3.141416927934,85.045634976106));
#8696 = CARTESIAN_POINT('',(-3.141501721357,85.204053188887));
#8697 = CARTESIAN_POINT('',(-3.141570558656,85.362526130151));
#8698 = CARTESIAN_POINT('',(-3.141614085839,85.52107722728));
#8699 = CARTESIAN_POINT('',(-3.1417210703,85.679431829363));
#8700 = CARTESIAN_POINT('',(-3.141788037705,85.837922630435));
#8701 = CARTESIAN_POINT('',(-3.141632573162,85.997020619831));
#8702 = CARTESIAN_POINT('',(-3.141422076929,86.156276956431));
#8703 = CARTESIAN_POINT('',(-3.141334071485,86.31521397665));
#8704 = CARTESIAN_POINT('',(-3.141409391275,86.473643527707));
#8705 = CARTESIAN_POINT('',(-3.141680600247,86.631547490766));
#8706 = CARTESIAN_POINT('',(-3.141889801956,86.789674536731));
#8707 = CARTESIAN_POINT('',(-3.14180795236,86.948551342426));
#8708 = CARTESIAN_POINT('',(-3.141576387285,87.107831568809));
#8709 = CARTESIAN_POINT('',(-3.141516697964,87.266691035606));
#8710 = CARTESIAN_POINT('',(-3.141581100581,87.425166727054));
#8711 = CARTESIAN_POINT('',(-3.141666780933,87.583563170154));
#8712 = CARTESIAN_POINT('',(-3.141634682023,87.742362003991));
#8713 = CARTESIAN_POINT('',(-3.14135803888,87.901736334117));
#8714 = CARTESIAN_POINT('',(-3.141266693462,88.060664854525));
#8715 = CARTESIAN_POINT('',(-3.141526388719,88.218659460559));
#8716 = CARTESIAN_POINT('',(-3.141815334805,88.376492907208));
#8717 = CARTESIAN_POINT('',(-3.141859666506,88.535044495779));
#8718 = CARTESIAN_POINT('',(-3.141718650973,88.694101449211));
#8719 = CARTESIAN_POINT('',(-3.141540919612,88.853273382975));
#8720 = CARTESIAN_POINT('',(-3.141428951213,89.012250567911));
#8721 = CARTESIAN_POINT('',(-3.141469486574,89.170798862076));
#8722 = CARTESIAN_POINT('',(-3.141542448263,89.329263246617));
#8723 = CARTESIAN_POINT('',(-3.141616042296,89.487726474239));
#8724 = CARTESIAN_POINT('',(-3.141718538071,89.646101296275));
#8725 = CARTESIAN_POINT('',(-3.141780373882,89.804605891185));
#8726 = CARTESIAN_POINT('',(-3.141652816256,89.96361854581));
#8727 = CARTESIAN_POINT('',(-3.141471530199,90.122801540117));
#8728 = CARTESIAN_POINT('',(-3.141357219489,90.281796164589));
#8729 = CARTESIAN_POINT('',(-3.14136214555,90.440430688661));
#8730 = CARTESIAN_POINT('',(-3.141606490466,90.598413684823));
#8731 = CARTESIAN_POINT('',(-3.141873535307,90.756350135361));
#8732 = CARTESIAN_POINT('',(-3.141874459629,90.915050967216));
#8733 = CARTESIAN_POINT('',(-3.141597355135,91.074425274468));
#8734 = CARTESIAN_POINT('',(-3.141495095132,91.233411289179));
#8735 = CARTESIAN_POINT('',(-3.141577539927,91.391836762035));
#8736 = CARTESIAN_POINT('',(-3.141671062744,91.550206628084));
#8737 = CARTESIAN_POINT('',(-3.141654304345,91.708960605161));
#8738 = CARTESIAN_POINT('',(-3.141390504071,91.868318125348));
#8739 = CARTESIAN_POINT('',(-3.141271402422,92.0273147595));
#8740 = CARTESIAN_POINT('',(-3.141479552767,92.185438269174));
#8741 = CARTESIAN_POINT('',(-3.141770894238,92.343287036895));
#8742 = CARTESIAN_POINT('',(-3.141846182119,92.501734811371));
#8743 = CARTESIAN_POINT('',(-3.141760174432,92.66063299096));
#8744 = CARTESIAN_POINT('',(-3.141592437425,92.819789134116));
#8745 = CARTESIAN_POINT('',(-3.141428872956,92.978900057947));
#8746 = CARTESIAN_POINT('',(-3.141431306037,93.137566812185));
#8747 = CARTESIAN_POINT('',(-3.141544244608,93.295918205383));
#8748 = CARTESIAN_POINT('',(-3.141614722567,93.454385995967));
#8749 = CARTESIAN_POINT('',(-3.1416989316,93.612820561412));
#8750 = CARTESIAN_POINT('',(-3.141751340895,93.771339423078));
#8751 = CARTESIAN_POINT('',(-3.141702496323,93.930135375736));
#8752 = CARTESIAN_POINT('',(-3.141514462815,94.089336207955));
#8753 = CARTESIAN_POINT('',(-3.141369315911,94.248408275109));
#8754 = CARTESIAN_POINT('',(-3.141316322189,94.407224049081));
#8755 = CARTESIAN_POINT('',(-3.141563300957,94.565192411367));
#8756 = CARTESIAN_POINT('',(-3.141848136467,94.723069599893));
#8757 = CARTESIAN_POINT('',(-3.141915202313,94.88161607244));
#8758 = CARTESIAN_POINT('',(-3.141612539594,95.041038899233));
#8759 = CARTESIAN_POINT('',(-3.14151166384,95.200019582816));
#8760 = CARTESIAN_POINT('',(-3.141566767223,95.358525541131));
#8761 = CARTESIAN_POINT('',(-3.141663385594,95.516891474992));
#8762 = CARTESIAN_POINT('',(-3.141645012126,95.675633751217));
#8763 = CARTESIAN_POINT('',(-3.14146372785,95.834798120795));
#8764 = CARTESIAN_POINT('',(-3.141274117693,95.993952261984));
#8765 = CARTESIAN_POINT('',(-3.141427542336,96.152229796906));
#8766 = CARTESIAN_POINT('',(-3.141697046953,96.310156674826));
#8767 = CARTESIAN_POINT('',(-3.141857284294,96.468348239539));
#8768 = CARTESIAN_POINT('',(-3.141795090666,96.627194037737));
#8769 = CARTESIAN_POINT('',(-3.141636762716,96.786323071615));
#8770 = CARTESIAN_POINT('',(-3.14141747365,96.945587637634));
#8771 = CARTESIAN_POINT('',(-3.141431650595,97.104232004761));
#8772 = CARTESIAN_POINT('',(-3.14153486682,97.262599552626));
#8773 = CARTESIAN_POINT('',(-3.14161078639,97.421055073031));
#8774 = CARTESIAN_POINT('',(-3.141654250085,97.57960394663));
#8775 = CARTESIAN_POINT('',(-3.141750202933,97.737991063219));
#8776 = CARTESIAN_POINT('',(-3.141740191316,97.896690666729));
#8777 = CARTESIAN_POINT('',(-3.141556142175,98.055872559295));
#8778 = CARTESIAN_POINT('',(-3.141363154543,98.215080530409));
#8779 = CARTESIAN_POINT('',(-3.141318967429,98.37388907575));
#8780 = CARTESIAN_POINT('',(-3.141513105106,98.531987785424));
#8781 = CARTESIAN_POINT('',(-3.141817521256,98.689815616886));
#8782 = CARTESIAN_POINT('',(-3.14190713706,98.848291208479));
#8783 = CARTESIAN_POINT('',(-3.141671707046,99.007538128799));
#8784 = CARTESIAN_POINT('',(-3.141524773733,99.166631604759));
#8785 = CARTESIAN_POINT('',(-3.141557912298,99.325209596467));
#8786 = CARTESIAN_POINT('',(-3.141625364844,99.483665332432));
#8787 = CARTESIAN_POINT('',(-3.14165985457,99.64223722205));
#8788 = CARTESIAN_POINT('',(-3.141527114116,99.801295207375));
#8789 = CARTESIAN_POINT('',(-3.141289056393,99.960550988388));
#8790 = CARTESIAN_POINT('',(-3.141354011311,100.1190843116));
#8791 = CARTESIAN_POINT('',(-3.141648952608,100.2769494513));
#8792 = CARTESIAN_POINT('',(-3.141858385414,100.43499996874));
#8793 = CARTESIAN_POINT('',(-3.141832220045,100.59375747406));
#8794 = CARTESIAN_POINT('',(-3.141647668967,100.75294548572));
#8795 = CARTESIAN_POINT('',(-3.141449216607,100.91216403654));
#8796 = CARTESIAN_POINT('',(-3.141428137767,101.07089880004));
#8797 = CARTESIAN_POINT('',(-3.141527104308,101.22927596943));
#8798 = CARTESIAN_POINT('',(-3.141575764833,101.38780921531));
#8799 = CARTESIAN_POINT('',(-3.141640313479,101.54629859483));
#8800 = CARTESIAN_POINT('',(-3.141744448021,101.70466109725));
#8801 = CARTESIAN_POINT('',(-3.141776058845,101.86325648952));
#8802 = CARTESIAN_POINT('',(-3.141568167838,102.02249184355));
#8803 = CARTESIAN_POINT('',(-3.141393391229,102.18166132379));
#8804 = CARTESIAN_POINT('',(-3.14132571489,102.3405302427));
#8805 = CARTESIAN_POINT('',(-3.141471692035,102.49875911973));
#8806 = CARTESIAN_POINT('',(-3.141744667516,102.65667271092));
#8807 = CARTESIAN_POINT('',(-3.14190847105,102.81492520815));
#8808 = CARTESIAN_POINT('',(-3.141736895927,102.97402952785));
#8809 = CARTESIAN_POINT('',(-3.141548090212,103.13321178611));
#8810 = CARTESIAN_POINT('',(-3.141521729433,103.29197602733));
#8811 = CARTESIAN_POINT('',(-3.141609195919,103.45037313492));
#8812 = CARTESIAN_POINT('',(-3.141670602539,103.6088544719));
#8813 = CARTESIAN_POINT('',(-3.141589881994,103.76778417604));
#8814 = CARTESIAN_POINT('',(-3.141287541799,103.92720695368));
#8815 = CARTESIAN_POINT('',(-3.141317379221,104.0858455962));
#8816 = CARTESIAN_POINT('',(-3.141599662331,104.24374213076));
#8817 = CARTESIAN_POINT('',(-3.141861274322,104.40166293509));
#8818 = CARTESIAN_POINT('',(-3.141828984432,104.5604252442));
#8819 = CARTESIAN_POINT('',(-3.141679484387,104.71950789465));
#8820 = CARTESIAN_POINT('',(-3.141491904856,104.8787076978));
#8821 = CARTESIAN_POINT('',(-3.141432914993,105.03753342306));
#8822 = CARTESIAN_POINT('',(-3.141485232261,105.19605059662));
#8823 = CARTESIAN_POINT('',(-3.141562844147,105.35450352902));
#8824 = CARTESIAN_POINT('',(-3.141633406574,105.5129722671));
#8825 = CARTESIAN_POINT('',(-3.141747386797,105.67131815408));
#8826 = CARTESIAN_POINT('',(-3.141766476502,105.82994139304));
#8827 = CARTESIAN_POINT('',(-3.141603306688,105.9890499819));
#8828 = CARTESIAN_POINT('',(-3.1414328691,106.14821269028));
#8829 = CARTESIAN_POINT('',(-3.141342719606,106.30712694441));
#8830 = CARTESIAN_POINT('',(-3.141403749917,106.46560999191));
#8831 = CARTESIAN_POINT('',(-3.141683681286,106.62349318366));
#8832 = CARTESIAN_POINT('',(-3.14190643388,106.78156892779));
#8833 = CARTESIAN_POINT('',(-3.141813562287,106.94050225798));
#8834 = CARTESIAN_POINT('',(-3.141545821322,107.09986498553));
#8835 = CARTESIAN_POINT('',(-3.141506771538,107.25868164848));
#8836 = CARTESIAN_POINT('',(-3.141601004298,107.41705459726));
#8837 = CARTESIAN_POINT('',(-3.141686707153,107.57546354896));
#8838 = CARTESIAN_POINT('',(-3.141608053309,107.7343890428));
#8839 = CARTESIAN_POINT('',(-3.141322115883,107.89378625089));
#8840 = CARTESIAN_POINT('',(-3.141301061386,108.0525454095));
#8841 = CARTESIAN_POINT('',(-3.141556948904,108.21051625796));
#8842 = CARTESIAN_POINT('',(-3.141817948398,108.36845207344));
#8843 = CARTESIAN_POINT('',(-3.141831231485,108.52706690522));
#8844 = CARTESIAN_POINT('',(-3.141724379104,108.68603452538));
#8845 = CARTESIAN_POINT('',(-3.141544312258,108.84521832409));
#8846 = CARTESIAN_POINT('',(-3.141411754644,109.00424322859));
#8847 = CARTESIAN_POINT('',(-3.141456243244,109.16279512785));
#8848 = CARTESIAN_POINT('',(-3.141565456149,109.32115335901));
#8849 = CARTESIAN_POINT('',(-3.141635370728,109.47962528953));
#8850 = CARTESIAN_POINT('',(-3.141716108028,109.63806869605));
#8851 = CARTESIAN_POINT('',(-3.141754789893,109.796624063));
#8852 = CARTESIAN_POINT('',(-3.14165835899,109.95555491356));
#8853 = CARTESIAN_POINT('',(-3.141475276636,110.11474370155));
#8854 = CARTESIAN_POINT('',(-3.141337538587,110.27379102962));
#8855 = CARTESIAN_POINT('',(-3.141353174375,110.43242018454));
#8856 = CARTESIAN_POINT('',(-3.14164050025,110.59026353762));
#8857 = CARTESIAN_POINT('',(-3.141903614845,110.74823525564));
#8858 = CARTESIAN_POINT('',(-3.141853328798,110.90706773026));
#8859 = CARTESIAN_POINT('',(-3.141558741311,111.06648197667));
#8860 = CARTESIAN_POINT('',(-3.141517265257,111.22530783543));
#8861 = CARTESIAN_POINT('',(-3.141594592349,111.38373186121));
#8862 = CARTESIAN_POINT('',(-3.141671975285,111.54216590135));
#8863 = CARTESIAN_POINT('',(-3.141616824719,111.70101419851));
#8864 = CARTESIAN_POINT('',(-3.141395636917,111.8602693524));
#8865 = CARTESIAN_POINT('',(-3.141286891547,112.01921787066));
#8866 = CARTESIAN_POINT('',(-3.141491095664,112.17735658648));
#8867 = CARTESIAN_POINT('',(-3.141759818942,112.33527275085));
#8868 = CARTESIAN_POINT('',(-3.141854636972,112.49364607461));
#8869 = CARTESIAN_POINT('',(-3.141768648451,112.65257262442));
#8870 = CARTESIAN_POINT('',(-3.141574510249,112.81178919744));
#8871 = CARTESIAN_POINT('',(-3.141397569522,112.97094214081));
#8872 = CARTESIAN_POINT('',(-3.141457198826,113.12945685561));
#8873 = CARTESIAN_POINT('',(-3.141562312103,113.28781653152));
#8874 = CARTESIAN_POINT('',(-3.141617192771,113.4463349738));
#8875 = CARTESIAN_POINT('',(-3.141676347151,113.60483667825));
#8876 = CARTESIAN_POINT('',(-3.141765637094,113.76324174972));
#8877 = CARTESIAN_POINT('',(-3.141707772988,113.92208002849));
#8878 = CARTESIAN_POINT('',(-3.141499856283,114.08132415939));
#8879 = CARTESIAN_POINT('',(-3.141333909264,114.24046279677));
#8880 = CARTESIAN_POINT('',(-3.141344266772,114.39911427376));
#8881 = CARTESIAN_POINT('',(-3.14159299928,114.55705171818));
#8882 = CARTESIAN_POINT('',(-3.141871171744,114.71498317649));
#8883 = CARTESIAN_POINT('',(-3.1418679693,114.87368455603));
#8884 = CARTESIAN_POINT('',(-3.141614778384,115.03298585558));
#8885 = CARTESIAN_POINT('',(-3.141523052152,115.19193954402));
#8886 = CARTESIAN_POINT('',(-3.141574661504,115.3504532221));
#8887 = CARTESIAN_POINT('',(-3.141639628448,115.5089173956));
#8888 = CARTESIAN_POINT('',(-3.141649894311,115.66757024103));
#8889 = CARTESIAN_POINT('',(-3.141462254042,115.82675747544));
#8890 = CARTESIAN_POINT('',(-3.141269989369,115.98589788663));
#8891 = CARTESIAN_POINT('',(-3.141416300364,116.14422388771));
#8892 = CARTESIAN_POINT('',(-3.141724527915,116.30202358612));
#8893 = CARTESIAN_POINT('',(-3.141870851285,116.46026301883));
#8894 = CARTESIAN_POINT('',(-3.141797777078,116.61915399133));
#8895 = CARTESIAN_POINT('',(-3.141588945644,116.77840319753));
#8896 = CARTESIAN_POINT('',(-3.141427470837,116.93752467867));
#8897 = CARTESIAN_POINT('',(-3.141448875924,117.09613352178));
#8898 = CARTESIAN_POINT('',(-3.141547247387,117.25451492257));
#8899 = CARTESIAN_POINT('',(-3.141582163607,117.41308926411));
#8900 = CARTESIAN_POINT('',(-3.141669577094,117.57150930642));
#8901 = CARTESIAN_POINT('',(-3.141767140631,117.72989576233));
#8902 = CARTESIAN_POINT('',(-3.141743528191,117.88864410591));
#8903 = CARTESIAN_POINT('',(-3.141508955149,118.04795148898));
#8904 = CARTESIAN_POINT('',(-3.141370880021,118.20702853428));
#8905 = CARTESIAN_POINT('',(-3.141334245533,118.36579514397));
#8906 = CARTESIAN_POINT('',(-3.141540916602,118.52385854189));
#8907 = CARTESIAN_POINT('',(-3.141802907538,118.68181736806));
#8908 = CARTESIAN_POINT('',(-3.141901800218,118.84023901498));
#8909 = CARTESIAN_POINT('',(-3.141671696924,118.99949570989));
#8910 = CARTESIAN_POINT('',(-3.141528839651,119.15856892831));
#8911 = CARTESIAN_POINT('',(-3.141535152558,119.3172338295));
#8912 = CARTESIAN_POINT('',(-3.14163484654,119.47558647027));
#8913 = CARTESIAN_POINT('',(-3.141670483186,119.63416242655));
#8914 = CARTESIAN_POINT('',(-3.141522733278,119.79325498355));
#8915 = CARTESIAN_POINT('',(-3.141247279962,119.95260972921));
#8916 = CARTESIAN_POINT('',(-3.141382138283,120.11098065406));
#8917 = CARTESIAN_POINT('',(-3.141677719476,120.2688104455));
#8918 = CARTESIAN_POINT('',(-3.141880982855,120.42690736173));
#8919 = CARTESIAN_POINT('',(-3.141793622128,120.58581833794));
#8920 = CARTESIAN_POINT('',(-3.141636695827,120.74492573286));
#8921 = CARTESIAN_POINT('',(-3.141456458651,120.90410223205));
#8922 = CARTESIAN_POINT('',(-3.141441969214,121.06280254122));
#8923 = CARTESIAN_POINT('',(-3.14150315374,121.22129668788));
#8924 = CARTESIAN_POINT('',(-3.141581460365,121.37974857034));
#8925 = CARTESIAN_POINT('',(-3.141658647194,121.538195741));
#8926 = CARTESIAN_POINT('',(-3.141768400527,121.69655839902));
#8927 = CARTESIAN_POINT('',(-3.141739327512,121.85531104039));
#8928 = CARTESIAN_POINT('',(-3.141555462894,122.01448064055));
#8929 = CARTESIAN_POINT('',(-3.141402022836,122.17359891248));
#8930 = CARTESIAN_POINT('',(-3.141334911705,122.33243877078));
#8931 = CARTESIAN_POINT('',(-3.141461899865,122.49074388428));
#8932 = CARTESIAN_POINT('',(-3.141757034157,122.64858504671));
#8933 = CARTESIAN_POINT('',(-3.141920791794,122.80684035839));
#8934 = CARTESIAN_POINT('',(-3.14173853669,122.96598640409));
#8935 = CARTESIAN_POINT('',(-3.141512186173,123.12526375083));
#8936 = CARTESIAN_POINT('',(-3.141527140362,123.28392068609));
#8937 = CARTESIAN_POINT('',(-3.141625232752,123.44227088437));
#8938 = CARTESIAN_POINT('',(-3.141691122599,123.60075824445));
#8939 = CARTESIAN_POINT('',(-3.141544025956,123.75985562086));
#8940 = CARTESIAN_POINT('',(-3.14127755402,123.9192003244));
#8941 = CARTESIAN_POINT('',(-3.141347538387,124.07772429735));
#8942 = CARTESIAN_POINT('',(-3.141635033397,124.23559229319));
#8943 = CARTESIAN_POINT('',(-3.141845037254,124.39367134789));
#8944 = CARTESIAN_POINT('',(-3.141811889665,124.55241252814));
#8945 = CARTESIAN_POINT('',(-3.141682612355,124.71145437411));
#8946 = CARTESIAN_POINT('',(-3.141497549198,124.87064078437));
#8947 = CARTESIAN_POINT('',(-3.14140705704,125.02955408283));
#8948 = CARTESIAN_POINT('',(-3.141486714302,125.18800653041));
#8949 = CARTESIAN_POINT('',(-3.141580601732,125.34640597372));
#8950 = CARTESIAN_POINT('',(-3.141657656665,125.50486004041));
#8951 = CARTESIAN_POINT('',(-3.141730313391,125.66332479431));
#8952 = CARTESIAN_POINT('',(-3.141750564249,125.82192960003));
#8953 = CARTESIAN_POINT('',(-3.141606289407,125.98099869207));
#8954 = CARTESIAN_POINT('',(-3.141438999019,126.1401414021));
#8955 = CARTESIAN_POINT('',(-3.141313495776,126.29915348071));
#8956 = CARTESIAN_POINT('',(-3.141413074206,126.45754934923));
#8957 = CARTESIAN_POINT('',(-3.14171170462,126.61535570929));
#8958 = CARTESIAN_POINT('',(-3.141939158936,126.77345761832));
#8959 = CARTESIAN_POINT('',(-3.141769989127,126.93256812876));
#8960 = CARTESIAN_POINT('',(-3.141527867434,127.09187264782));
#8961 = CARTESIAN_POINT('',(-3.141525698725,127.2505816129));
#8962 = CARTESIAN_POINT('',(-3.141622927217,127.40893836372));
#8963 = CARTESIAN_POINT('',(-3.141671188663,127.56746997378));
#8964 = CARTESIAN_POINT('',(-3.141578423362,127.72641886216));
#8965 = CARTESIAN_POINT('',(-3.141330145247,127.88573276334));
#8966 = CARTESIAN_POINT('',(-3.141321831246,128.04442674677));
#8967 = CARTESIAN_POINT('',(-3.14155822831,128.20246998592));
#8968 = CARTESIAN_POINT('',(-3.141811580196,128.36041700248));
#8969 = CARTESIAN_POINT('',(-3.14183781973,128.51898847626));
#8970 = CARTESIAN_POINT('',(-3.141735165695,128.67796948831));
#8971 = CARTESIAN_POINT('',(-3.141510985042,128.83725713204));
#8972 = CARTESIAN_POINT('',(-3.141397257779,128.99624452767));
#8973 = CARTESIAN_POINT('',(-3.141480964823,129.1546836633));
#8974 = CARTESIAN_POINT('',(-3.141585541321,129.31304744982));
#8975 = CARTESIAN_POINT('',(-3.141624471137,129.47161195162));
#8976 = CARTESIAN_POINT('',(-3.141702454292,129.6300567786));
#8977 = CARTESIAN_POINT('',(-3.141768322892,129.78853076423));
#8978 = CARTESIAN_POINT('',(-3.141663833526,129.94749960685));
#8979 = CARTESIAN_POINT('',(-3.141446900693,130.10676759832));
#8980 = CARTESIAN_POINT('',(-3.141316115712,130.26581406942));
#8981 = CARTESIAN_POINT('',(-3.141385872988,130.42428899446));
#8982 = CARTESIAN_POINT('',(-3.141674231439,130.5821187233));
#8983 = CARTESIAN_POINT('',(-3.141906561836,130.74020152237));
#8984 = CARTESIAN_POINT('',(-3.141807970235,130.89912538895));
#8985 = CARTESIAN_POINT('',(-3.141570322437,131.05840939054));
#8986 = CARTESIAN_POINT('',(-3.141530015843,131.21721854459));
#8987 = CARTESIAN_POINT('',(-3.14159179307,131.37569549833));
#8988 = CARTESIAN_POINT('',(-3.141651602519,131.53417793584));
#8989 = CARTESIAN_POINT('',(-3.141624809549,131.69294623726));
#8990 = CARTESIAN_POINT('',(-3.141393243942,131.85222310195));
#8991 = CARTESIAN_POINT('',(-3.141276353623,132.0111865992));
#8992 = CARTESIAN_POINT('',(-3.141489604011,132.16932513505));
#8993 = CARTESIAN_POINT('',(-3.141787272472,132.32713335007));
#8994 = CARTESIAN_POINT('',(-3.141869530969,132.48556758668));
#8995 = CARTESIAN_POINT('',(-3.141753923005,132.64457475969));
#8996 = CARTESIAN_POINT('',(-3.141533240731,132.80385295996));
#8997 = CARTESIAN_POINT('',(-3.141418265105,132.96285031158));
#8998 = CARTESIAN_POINT('',(-3.141474637009,133.12135334254));
#8999 = CARTESIAN_POINT('',(-3.141561087989,133.27977261997));
#9000 = CARTESIAN_POINT('',(-3.141594372543,133.43835286744));
#9001 = CARTESIAN_POINT('',(-3.141698077742,133.59672091326));
#9002 = CARTESIAN_POINT('',(-3.141783769177,133.75515037393));
#9003 = CARTESIAN_POINT('',(-3.141692477475,133.91407940932));
#9004 = CARTESIAN_POINT('',(-3.141459699068,134.0733874701));
#9005 = CARTESIAN_POINT('',(-3.141351634631,134.23238426198));
#9006 = CARTESIAN_POINT('',(-3.141362020389,134.39100468925));
#9007 = CARTESIAN_POINT('',(-3.141611887548,134.54895668839));
#9008 = CARTESIAN_POINT('',(-3.141852797379,134.70698681476));
#9009 = CARTESIAN_POINT('',(-3.141867949086,134.86562054552));
#9010 = CARTESIAN_POINT('',(-3.141617227376,135.02493804329));
#9011 = CARTESIAN_POINT('',(-3.141518131366,135.18390243938));
#9012 = CARTESIAN_POINT('',(-3.141555719678,135.34246748519));
#9013 = CARTESIAN_POINT('',(-3.141655379893,135.50081726519));
#9014 = CARTESIAN_POINT('',(-3.141660581818,135.65950025208));
#9015 = CARTESIAN_POINT('',(-3.141440634102,135.81875539837));
#9016 = CARTESIAN_POINT('',(-3.141241404387,135.97793407539));
#9017 = CARTESIAN_POINT('',(-3.141453581845,136.13608571894));
#9018 = CARTESIAN_POINT('',(-3.141751805583,136.29389340873));
#9019 = CARTESIAN_POINT('',(-3.141877484629,136.45221551572));
#9020 = CARTESIAN_POINT('',(-3.141757554462,136.61121369402));
#9021 = CARTESIAN_POINT('',(-3.141592790112,136.77034715907));
#9022 = CARTESIAN_POINT('',(-3.141437834025,136.92944859207));
#9023 = CARTESIAN_POINT('',(-3.141452010706,137.08806942401));
#9024 = CARTESIAN_POINT('',(-3.141517981201,137.24655177087));
#9025 = CARTESIAN_POINT('',(-3.141595927011,137.40500449675));
#9026 = CARTESIAN_POINT('',(-3.141691149377,137.56339934539));
#9027 = CARTESIAN_POINT('',(-3.141785850327,137.72180971774));
#9028 = CARTESIAN_POINT('',(-3.141704852756,137.88069920397));
#9029 = CARTESIAN_POINT('',(-3.14150995627,138.0399083358));
#9030 = CARTESIAN_POINT('',(-3.141373307205,138.1989765363));
#9031 = CARTESIAN_POINT('',(-3.141336901083,138.35772636657));
#9032 = CARTESIAN_POINT('',(-3.141532555231,138.51584181787));
#9033 = CARTESIAN_POINT('',(-3.141821321671,138.6737073902));
#9034 = CARTESIAN_POINT('',(-3.141903579713,138.83219633994));
#9035 = CARTESIAN_POINT('',(-3.14164897696,138.99151149681));
#9036 = CARTESIAN_POINT('',(-3.141494128683,139.15062488624));
#9037 = CARTESIAN_POINT('',(-3.141568113083,139.30909124708));
#9038 = CARTESIAN_POINT('',(-3.141685692976,139.46737629856));
#9039 = CARTESIAN_POINT('',(-3.141732654123,139.62594541862));
#9040 = CARTESIAN_POINT('',(-3.141521470926,139.78520634726));
#9041 = CARTESIAN_POINT('',(-3.141267639253,139.94453003792));
#9042 = CARTESIAN_POINT('',(-3.141348802116,140.10302031103));
#9043 = CARTESIAN_POINT('',(-3.141612690034,140.26094995779));
#9044 = CARTESIAN_POINT('',(-3.141803804387,140.41907936627));
#9045 = CARTESIAN_POINT('',(-3.141860478642,140.57756927247));
#9046 = CARTESIAN_POINT('',(-3.141789493438,140.73645979538));
#9047 = CARTESIAN_POINT('',(-3.141556376376,140.89576851849));
#9048 = CARTESIAN_POINT('',(-3.141354801889,141.05499878));
#9049 = CARTESIAN_POINT('',(-3.141385622191,141.21361371181));
#9050 = CARTESIAN_POINT('',(-3.141506227101,141.3719156869));
#9051 = CARTESIAN_POINT('',(-3.141691758464,141.53005245575));
#9052 = CARTESIAN_POINT('',(-3.141748687211,141.68859739604));
#9053 = CARTESIAN_POINT('',(-3.141574764682,141.8477074751));
#9054 = CARTESIAN_POINT('',(-3.141358214756,142.00697445092));
#9055 = CARTESIAN_POINT('',(-3.141455494151,142.1654194438));
#9056 = CARTESIAN_POINT('',(-3.141709072572,142.32331567974));
#9057 = CARTESIAN_POINT('',(-3.141999992851,142.48106892977));
#9058 = CARTESIAN_POINT('',(-3.142137381925,142.63945487385));
#9059 = CARTESIAN_POINT('',(-3.14189917683,142.7989245074));
#9060 = CARTESIAN_POINT('',(-3.141227310406,142.9592248658));
#9061 = CARTESIAN_POINT('',(-3.141031102595,143.11860138502));
#9062 = CARTESIAN_POINT('',(-3.141196243767,143.27690204459));
#9063 = CARTESIAN_POINT('',(-3.141495492752,143.43461803402));
#9064 = CARTESIAN_POINT('',(-3.141737404483,143.59256439871));
#9065 = CARTESIAN_POINT('',(-3.141796945131,143.75111761928));
#9066 = CARTESIAN_POINT('',(-3.141576463251,143.91037461001));
#9067 = CARTESIAN_POINT('',(-3.141484772645,144.06928184553));
#9068 = CARTESIAN_POINT('',(-3.141582342136,144.22769886063));
#9069 = CARTESIAN_POINT('',(-3.141732466679,144.38592505841));
#9070 = CARTESIAN_POINT('',(-3.14175514312,144.54451693831));
#9071 = CARTESIAN_POINT('',(-3.14169073433,144.70339391457));
#9072 = CARTESIAN_POINT('',(-3.141472550797,144.86265435952));
#9073 = CARTESIAN_POINT('',(-3.14140713735,145.02151203305));
#9074 = CARTESIAN_POINT('',(-3.141499767009,145.17992301025));
#9075 = CARTESIAN_POINT('',(-3.141610631326,145.33827513136));
#9076 = CARTESIAN_POINT('',(-3.141658536445,145.49681327502));
#9077 = CARTESIAN_POINT('',(-3.141741616488,145.65523751711));
#9078 = CARTESIAN_POINT('',(-3.141750467422,145.8138812051));
#9079 = CARTESIAN_POINT('',(-3.141589855864,145.97300085396));
#9080 = CARTESIAN_POINT('',(-3.141386747098,146.13223259569));
#9081 = CARTESIAN_POINT('',(-3.141315237252,146.29111813262));
#9082 = CARTESIAN_POINT('',(-3.141455182053,146.44938058391));
#9083 = CARTESIAN_POINT('',(-3.141761002943,146.60718036103));
#9084 = CARTESIAN_POINT('',(-3.141919884309,146.76547482376));
#9085 = CARTESIAN_POINT('',(-3.141732317414,146.92460644758));
#9086 = CARTESIAN_POINT('',(-3.141532104542,147.08382292334));
#9087 = CARTESIAN_POINT('',(-3.141537515111,147.24249334409));
#9088 = CARTESIAN_POINT('',(-3.141605891753,147.40094701915));
#9089 = CARTESIAN_POINT('',(-3.141659888715,147.55945213143));
#9090 = CARTESIAN_POINT('',(-3.141583160487,147.71836403708));
#9091 = CARTESIAN_POINT('',(-3.14133260385,147.87766455293));
#9092 = CARTESIAN_POINT('',(-3.141305682196,148.03641959013));
#9093 = CARTESIAN_POINT('',(-3.141569948128,148.19439770673));
#9094 = CARTESIAN_POINT('',(-3.141831313653,148.35229898713));
#9095 = CARTESIAN_POINT('',(-3.141857171249,148.5109037741));
#9096 = CARTESIAN_POINT('',(-3.141702493919,148.67001465011));
#9097 = CARTESIAN_POINT('',(-3.141485459224,148.82928225399));
#9098 = CARTESIAN_POINT('',(-3.141416112673,148.98815426161));
#9099 = CARTESIAN_POINT('',(-3.141501966984,149.1465693593));
#9100 = CARTESIAN_POINT('',(-3.141569475581,149.30504636007));
#9101 = CARTESIAN_POINT('',(-3.141615847989,149.46358938087));
#9102 = CARTESIAN_POINT('',(-3.141721661822,149.62194718006));
#9103 = CARTESIAN_POINT('',(-3.141788586957,149.78043885471));
#9104 = CARTESIAN_POINT('',(-3.141629642622,149.93954556527));
#9105 = CARTESIAN_POINT('',(-3.141422359789,150.09879393665));
#9106 = CARTESIAN_POINT('',(-3.141333643472,150.25773223182));
#9107 = CARTESIAN_POINT('',(-3.141410780472,150.41615620603));
#9108 = CARTESIAN_POINT('',(-3.141680172444,150.57406618156));
#9109 = CARTESIAN_POINT('',(-3.141890632163,150.73218868052));
#9110 = CARTESIAN_POINT('',(-3.141806725657,150.89107189889));
#9111 = CARTESIAN_POINT('',(-3.141576484259,151.05034839657));
#9112 = CARTESIAN_POINT('',(-3.141515245827,151.20921255911));
#9113 = CARTESIAN_POINT('',(-3.141582120237,151.36768079251));
#9114 = CARTESIAN_POINT('',(-3.141666589597,151.52608083578));
#9115 = CARTESIAN_POINT('',(-3.141635079346,151.68487828533));
#9116 = CARTESIAN_POINT('',(-3.141355085984,151.8442607706));
#9117 = CARTESIAN_POINT('',(-3.141268181348,152.0031792359));
#9118 = CARTESIAN_POINT('',(-3.141527168447,152.16117395459));
#9119 = CARTESIAN_POINT('',(-3.141817122779,152.31900565698));
#9120 = CARTESIAN_POINT('',(-3.141857819511,152.47756682548));
#9121 = CARTESIAN_POINT('',(-3.141718411987,152.63661887745));
#9122 = CARTESIAN_POINT('',(-3.141540323961,152.79579244146));
#9123 = CARTESIAN_POINT('',(-3.141429536589,152.9547655921));
#9124 = CARTESIAN_POINT('',(-3.141468208306,153.11331957162));
#9125 = CARTESIAN_POINT('',(-3.141543122637,153.27177869844));
#9126 = CARTESIAN_POINT('',(-3.141616412121,153.43024240295));
#9127 = CARTESIAN_POINT('',(-3.141719899732,153.58861501986));
#9128 = CARTESIAN_POINT('',(-3.141778822697,153.74712740128));
#9129 = CARTESIAN_POINT('',(-3.141652275822,153.90613692777));
#9130 = CARTESIAN_POINT('',(-3.141471375601,154.06531952085));
#9131 = CARTESIAN_POINT('',(-3.141357528696,154.22431164958));
#9132 = CARTESIAN_POINT('',(-3.141361215377,154.38295047475));
#9133 = CARTESIAN_POINT('',(-3.141607707155,154.54092746892));
#9134 = CARTESIAN_POINT('',(-3.141874360596,154.69886467077));
#9135 = CARTESIAN_POINT('',(-3.141874949443,154.85756762614));
#9136 = CARTESIAN_POINT('',(-3.14159496412,155.01694865023));
#9137 = CARTESIAN_POINT('',(-3.141495404559,155.17592805865));
#9138 = CARTESIAN_POINT('',(-3.141578251248,155.33435144151));
#9139 = CARTESIAN_POINT('',(-3.141672272804,155.49272050629));
#9140 = CARTESIAN_POINT('',(-3.141652436417,155.65148301608));
#9141 = CARTESIAN_POINT('',(-3.141389443434,155.81083822875));
#9142 = CARTESIAN_POINT('',(-3.141272490096,155.96982963088));
#9143 = CARTESIAN_POINT('',(-3.141481265961,156.12795012102));
#9144 = CARTESIAN_POINT('',(-3.141770532558,156.28580559927));
#9145 = CARTESIAN_POINT('',(-3.141845660325,156.44425274131));
#9146 = CARTESIAN_POINT('',(-3.1417603028,156.60314966788));
#9147 = CARTESIAN_POINT('',(-3.141592709111,156.76230562785));
#9148 = CARTESIAN_POINT('',(-3.141427174153,156.9214216206));
#9149 = CARTESIAN_POINT('',(-3.141431522863,157.08008380703));
#9150 = CARTESIAN_POINT('',(-3.141545277514,157.2384324003));
#9151 = CARTESIAN_POINT('',(-3.141615916621,157.39689986671));
#9152 = CARTESIAN_POINT('',(-3.141698044524,157.55534035152));
#9153 = CARTESIAN_POINT('',(-3.14175097621,157.71385721055));
#9154 = CARTESIAN_POINT('',(-3.141702701966,157.8726518756));
#9155 = CARTESIAN_POINT('',(-3.14151475135,158.0318524636));
#9156 = CARTESIAN_POINT('',(-3.141367549035,158.19092995207));
#9157 = CARTESIAN_POINT('',(-3.141316501577,158.34974142618));
#9158 = CARTESIAN_POINT('',(-3.141565066732,158.5077041444));
#9159 = CARTESIAN_POINT('',(-3.141850258458,158.66558186827));
#9160 = CARTESIAN_POINT('',(-3.14191343226,158.82413807347));
#9161 = CARTESIAN_POINT('',(-3.141611115369,158.9835596958));
#9162 = CARTESIAN_POINT('',(-3.141512622676,159.14253428944));
#9163 = CARTESIAN_POINT('',(-3.141567898034,159.30103895447));
#9164 = CARTESIAN_POINT('',(-3.141662714564,159.45941092834));
#9165 = CARTESIAN_POINT('',(-3.141643971493,159.61815363828));
#9166 = CARTESIAN_POINT('',(-3.141463864344,159.77731530001));
#9167 = CARTESIAN_POINT('',(-3.141274801975,159.93646680306));
#9168 = CARTESIAN_POINT('',(-3.141427348016,160.09474749157));
#9169 = CARTESIAN_POINT('',(-3.141697379228,160.25267288699));
#9170 = CARTESIAN_POINT('',(-3.141857988899,160.41086258555));
#9171 = CARTESIAN_POINT('',(-3.141795936372,160.56970956773));
#9172 = CARTESIAN_POINT('',(-3.141634939108,160.72884511794));
#9173 = CARTESIAN_POINT('',(-3.141416418584,160.88810795105));
#9174 = CARTESIAN_POINT('',(-3.141433024306,161.04674565177));
#9175 = CARTESIAN_POINT('',(-3.141536135128,161.20511284771));
#9176 = CARTESIAN_POINT('',(-3.141610033603,161.36357440018));
#9177 = CARTESIAN_POINT('',(-3.141653743493,161.5221224488));
#9178 = CARTESIAN_POINT('',(-3.14175123854,161.68050480532));
#9179 = CARTESIAN_POINT('',(-3.141740937549,161.83920622247));
#9180 = CARTESIAN_POINT('',(-3.141554434359,161.99839419078));
#9181 = CARTESIAN_POINT('',(-3.1413619378,162.15760142497));
#9182 = CARTESIAN_POINT('',(-3.141320333677,162.3164029804));
#9183 = CARTESIAN_POINT('',(-3.141514952868,162.47449914801));
#9184 = CARTESIAN_POINT('',(-3.14181790772,162.63233257435));
#9185 = CARTESIAN_POINT('',(-3.14190552889,162.79081198347));
#9186 = CARTESIAN_POINT('',(-3.141671874313,162.9500547016));
#9187 = CARTESIAN_POINT('',(-3.141525420742,163.10914682121));
#9188 = CARTESIAN_POINT('',(-3.141557519439,163.26772787501));
#9189 = CARTESIAN_POINT('',(-3.141624688878,163.42618451315));
#9190 = CARTESIAN_POINT('',(-3.141660554496,163.58475221302));
#9191 = CARTESIAN_POINT('',(-3.141527272064,163.74381192573));
#9192 = CARTESIAN_POINT('',(-3.141287699951,163.90307096168));
#9193 = CARTESIAN_POINT('',(-3.141353968,164.06160236556));
#9194 = CARTESIAN_POINT('',(-3.141650893769,164.21946068531));
#9195 = CARTESIAN_POINT('',(-3.141859639516,164.37751398011));
#9196 = CARTESIAN_POINT('',(-3.141831466709,164.53627723993));
#9197 = CARTESIAN_POINT('',(-3.141645635215,164.69546798044));
#9198 = CARTESIAN_POINT('',(-3.141449916804,164.85467974236));
#9199 = CARTESIAN_POINT('',(-3.141429035286,165.01341299471));
#9200 = CARTESIAN_POINT('',(-3.141526987029,165.17179334099));
#9201 = CARTESIAN_POINT('',(-3.141574695963,165.33032940329));
#9202 = CARTESIAN_POINT('',(-3.141641574627,165.48881196978));
#9203 = CARTESIAN_POINT('',(-3.141745614443,165.64717517469));
#9204 = CARTESIAN_POINT('',(-3.141775525479,165.80577549375));
#9205 = CARTESIAN_POINT('',(-3.141566001121,165.96501475436));
#9206 = CARTESIAN_POINT('',(-3.14139419277,166.12417700734));
#9207 = CARTESIAN_POINT('',(-3.141326213694,166.28304532538));
#9208 = CARTESIAN_POINT('',(-3.141472360277,166.44127424592));
#9209 = CARTESIAN_POINT('',(-3.141744282652,166.5991910686));
#9210 = CARTESIAN_POINT('',(-3.14190914828,166.75743969413));
#9211 = CARTESIAN_POINT('',(-3.141736776812,166.91654736481));
#9212 = CARTESIAN_POINT('',(-3.141547428417,167.07573060766));
#9213 = CARTESIAN_POINT('',(-3.141520757699,167.23449631636));
#9214 = CARTESIAN_POINT('',(-3.14161031372,167.39288667135));
#9215 = CARTESIAN_POINT('',(-3.141671256438,167.55136994318));
#9216 = CARTESIAN_POINT('',(-3.141589036298,167.71030353331));
#9217 = CARTESIAN_POINT('',(-3.141285310047,167.86972991967));
#9218 = CARTESIAN_POINT('',(-3.141319440838,168.02835822012));
#9219 = CARTESIAN_POINT('',(-3.141601067535,168.1862547865));
#9220 = CARTESIAN_POINT('',(-3.141862014995,168.34417878481));
#9221 = CARTESIAN_POINT('',(-3.141827040093,168.50294753345));
#9222 = CARTESIAN_POINT('',(-3.141679673578,168.66202434198));
#9223 = CARTESIAN_POINT('',(-3.141491732204,168.82122537025));
#9224 = CARTESIAN_POINT('',(-3.141432975778,168.98004996634));
#9225 = CARTESIAN_POINT('',(-3.141484100895,169.13857101265));
#9226 = CARTESIAN_POINT('',(-3.141563970596,169.29701763893));
#9227 = CARTESIAN_POINT('',(-3.141633976985,169.45548769126));
#9228 = CARTESIAN_POINT('',(-3.14174811576,169.61383373914));
#9229 = CARTESIAN_POINT('',(-3.141764650345,169.77246340627));
#9230 = CARTESIAN_POINT('',(-3.141603443671,169.93156674609));
#9231 = CARTESIAN_POINT('',(-3.141432571312,170.09073076754));
#9232 = CARTESIAN_POINT('',(-3.141342627808,170.2496435806));
#9233 = CARTESIAN_POINT('',(-3.141403104582,170.40812925393));
#9234 = CARTESIAN_POINT('',(-3.141685380128,170.56600523233));
#9235 = CARTESIAN_POINT('',(-3.141906912373,170.72408510833));
#9236 = CARTESIAN_POINT('',(-3.141813152702,170.88302082491));
#9237 = CARTESIAN_POINT('',(-3.141543646263,171.04238810783));
#9238 = CARTESIAN_POINT('',(-3.141507896022,171.20119586641));
#9239 = CARTESIAN_POINT('',(-3.14160116393,171.35957094075));
#9240 = CARTESIAN_POINT('',(-3.141687541878,171.51797874154));
#9241 = CARTESIAN_POINT('',(-3.141605589975,171.67691271757));
#9242 = CARTESIAN_POINT('',(-3.141322350591,171.83630341305));
#9243 = CARTESIAN_POINT('',(-3.141301288503,171.9950618973));
#9244 = CARTESIAN_POINT('',(-3.14155863109,172.15302859152));
#9245 = CARTESIAN_POINT('',(-3.141816987643,172.31097209241));
#9246 = CARTESIAN_POINT('',(-3.141831457257,172.46958262416));
#9247 = CARTESIAN_POINT('',(-3.14172355899,172.6285542711));
#9248 = CARTESIAN_POINT('',(-3.141544316944,172.78773526798));
#9249 = CARTESIAN_POINT('',(-3.141409995364,172.94676519285));
#9250 = CARTESIAN_POINT('',(-3.141457425056,173.1053093948));
#9251 = CARTESIAN_POINT('',(-3.141565419481,173.26367045039));
#9252 = CARTESIAN_POINT('',(-3.14163647268,173.42213952094));
#9253 = CARTESIAN_POINT('',(-3.141714812453,173.58058952442));
#9254 = CARTESIAN_POINT('',(-3.141755158763,173.73913970367));
#9255 = CARTESIAN_POINT('',(-3.141657645744,173.89807423501));
#9256 = CARTESIAN_POINT('',(-3.141475388717,174.0572602138));
#9257 = CARTESIAN_POINT('',(-3.141335573631,174.21631351963));
#9258 = CARTESIAN_POINT('',(-3.141354536715,174.37493421947));
#9259 = CARTESIAN_POINT('',(-3.14164142155,174.53277753427));
#9260 = CARTESIAN_POINT('',(-3.141905482378,174.69074860351));
#9261 = CARTESIAN_POINT('',(-3.14185058752,174.84959175886));
#9262 = CARTESIAN_POINT('',(-3.141558580761,175.00899971305));
#9263 = CARTESIAN_POINT('',(-3.141517540135,175.16782424023));
#9264 = CARTESIAN_POINT('',(-3.141595716841,175.3262455056));
#9265 = CARTESIAN_POINT('',(-3.141670728569,175.48468692577));
#9266 = CARTESIAN_POINT('',(-3.141616433409,175.64353229436));
#9267 = CARTESIAN_POINT('',(-3.141395166354,175.80278808266));
#9268 = CARTESIAN_POINT('',(-3.141287722956,175.96173194716));
#9269 = CARTESIAN_POINT('',(-3.141490669261,176.11987518242));
#9270 = CARTESIAN_POINT('',(-3.141760659415,176.27778715733));
#9271 = CARTESIAN_POINT('',(-3.141854760141,176.43616245993));
#9272 = CARTESIAN_POINT('',(-3.141769292563,176.59508866838));
#9273 = CARTESIAN_POINT('',(-3.141572117258,176.75431266063));
#9274 = CARTESIAN_POINT('',(-3.141397631663,176.91345963131));
#9275 = CARTESIAN_POINT('',(-3.141458059995,177.07197161985));
#9276 = CARTESIAN_POINT('',(-3.141563503813,177.23033020522));
#9277 = CARTESIAN_POINT('',(-3.141615945969,177.38885565046));
#9278 = CARTESIAN_POINT('',(-3.141676578226,177.54735298887));
#9279 = CARTESIAN_POINT('',(-3.14176624039,177.70575689662));
#9280 = CARTESIAN_POINT('',(-3.141708246207,177.86459628117));
#9281 = CARTESIAN_POINT('',(-3.141497660214,178.02384709158));
#9282 = CARTESIAN_POINT('',(-3.141333637074,178.18298138039));
#9283 = CARTESIAN_POINT('',(-3.141345433794,178.34162826185));
#9284 = CARTESIAN_POINT('',(-3.141595019593,178.49956302283));
#9285 = CARTESIAN_POINT('',(-3.14187069582,178.65750230932));
#9286 = CARTESIAN_POINT('',(-3.141866703893,178.816204183));
#9287 = CARTESIAN_POINT('',(-3.141614916603,178.9755028103));
#9288 = CARTESIAN_POINT('',(-3.141523793915,179.1344543068));
#9289 = CARTESIAN_POINT('',(-3.141573840931,179.29297291001));
#9290 = CARTESIAN_POINT('',(-3.141639446226,179.45143496161));
#9291 = CARTESIAN_POINT('',(-3.141650333311,179.61008620984));
#9292 = CARTESIAN_POINT('',(-3.141462246796,179.76927425842));
#9293 = CARTESIAN_POINT('',(-3.141268481514,179.92841864639));
#9294 = CARTESIAN_POINT('',(-3.141417105941,180.08673959609));
#9295 = CARTESIAN_POINT('',(-3.141726117167,180.24453555117));
#9296 = CARTESIAN_POINT('',(-3.141872105623,180.40277741812));
#9297 = CARTESIAN_POINT('',(-3.141796172052,180.56167578326));
#9298 = CARTESIAN_POINT('',(-3.141587567993,180.72092401839));
#9299 = CARTESIAN_POINT('',(-3.141428262383,180.88004007173));
#9300 = CARTESIAN_POINT('',(-3.141449982777,181.03864705007));
#9301 = CARTESIAN_POINT('',(-3.141546451203,181.19703427838));
#9302 = CARTESIAN_POINT('',(-3.141581732204,181.35560769508));
#9303 = CARTESIAN_POINT('',(-3.141670763551,181.51402275741));
#9304 = CARTESIAN_POINT('',(-3.141768535935,181.67240950391));
#9305 = CARTESIAN_POINT('',(-3.14174195622,181.83116566835));
#9306 = CARTESIAN_POINT('',(-3.14150753514,181.99047258316));
#9307 = CARTESIAN_POINT('',(-3.141371708892,182.14954405084));
#9308 = CARTESIAN_POINT('',(-3.141335157304,182.30830882638));
#9309 = CARTESIAN_POINT('',(-3.141541091266,182.46637538405));
#9310 = CARTESIAN_POINT('',(-3.141802798494,182.62433464065));
#9311 = CARTESIAN_POINT('',(-3.141902259764,182.78275428477));
#9312 = CARTESIAN_POINT('',(-3.141671914888,182.9420125804));
#9313 = CARTESIAN_POINT('',(-3.141527665139,183.10108926593));
#9314 = CARTESIAN_POINT('',(-3.141534789425,183.25975235284));
#9315 = CARTESIAN_POINT('',(-3.141635896381,183.41810007898));
#9316 = CARTESIAN_POINT('',(-3.141671491948,183.57667713575));
#9317 = CARTESIAN_POINT('',(-3.141520745122,183.73577701605));
#9318 = CARTESIAN_POINT('',(-3.141246214893,183.89513024228));
#9319 = CARTESIAN_POINT('',(-3.141384257897,184.05349253736));
#9320 = CARTESIAN_POINT('',(-3.141679662817,184.21132190539));
#9321 = CARTESIAN_POINT('',(-3.141880587418,184.36942626398));
#9322 = CARTESIAN_POINT('',(-3.141792022681,184.52833948618));
#9323 = CARTESIAN_POINT('',(-3.141637012875,184.68744205152));
#9324 = CARTESIAN_POINT('',(-3.141456906703,184.84661790913));
#9325 = CARTESIAN_POINT('',(-3.141441374911,185.00532104935));
#9326 = CARTESIAN_POINT('',(-3.141502495895,185.16381585731));
#9327 = CARTESIAN_POINT('',(-3.141582654834,185.32226237168));
#9328 = CARTESIAN_POINT('',(-3.14165992955,185.48070931903));
#9329 = CARTESIAN_POINT('',(-3.141768203759,185.63907652828));
#9330 = CARTESIAN_POINT('',(-3.141737674613,185.79783239771));
#9331 = CARTESIAN_POINT('',(-3.141555857613,185.95699695756));
#9332 = CARTESIAN_POINT('',(-3.141402352984,186.11611480761));
#9333 = CARTESIAN_POINT('',(-3.141334211268,186.27495731319));
#9334 = CARTESIAN_POINT('',(-3.1414618735,186.43326152432));
#9335 = CARTESIAN_POINT('',(-3.141758665534,186.59109699306));
#9336 = CARTESIAN_POINT('',(-3.141921984918,186.74935518788));
#9337 = CARTESIAN_POINT('',(-3.141736976632,186.90850761391));
#9338 = CARTESIAN_POINT('',(-3.141510764478,187.06778514949));
#9339 = CARTESIAN_POINT('',(-3.141528405603,187.22643420666));
#9340 = CARTESIAN_POINT('',(-3.141626236921,187.38478478366));
#9341 = CARTESIAN_POINT('',(-3.141690945079,187.54327642193));
#9342 = CARTESIAN_POINT('',(-3.141541630879,187.70237887923));
#9343 = CARTESIAN_POINT('',(-3.141278470808,187.86171605942));
#9344 = CARTESIAN_POINT('',(-3.141348764873,188.02023749001));
#9345 = CARTESIAN_POINT('',(-3.14163594856,188.17810711948));
#9346 = CARTESIAN_POINT('',(-3.14184398565,188.33619129196));
#9347 = CARTESIAN_POINT('',(-3.141812242851,188.49492798509));
#9348 = CARTESIAN_POINT('',(-3.141682788272,188.6539714402));
#9349 = CARTESIAN_POINT('',(-3.141496648552,188.81316006335));
#9350 = CARTESIAN_POINT('',(-3.141405835844,188.97207480615));
#9351 = CARTESIAN_POINT('',(-3.141488120423,189.13052002868));
#9352 = CARTESIAN_POINT('',(-3.141581357664,189.28892085132));
#9353 = CARTESIAN_POINT('',(-3.141657961843,189.44737655353));
#9354 = CARTESIAN_POINT('',(-3.141729137877,189.6058451412));
#9355 = CARTESIAN_POINT('',(-3.141751127974,189.76444472702));
#9356 = CARTESIAN_POINT('',(-3.141606142012,189.92351649088));
#9357 = CARTESIAN_POINT('',(-3.141438344052,190.08265990268));
#9358 = CARTESIAN_POINT('',(-3.141311948032,190.24167516001));
#9359 = CARTESIAN_POINT('',(-3.141414999323,190.40006148598));
#9360 = CARTESIAN_POINT('',(-3.141713040795,190.55786889521));
#9361 = CARTESIAN_POINT('',(-3.141939951712,190.71597381879));
#9362 = CARTESIAN_POINT('',(-3.141767102607,190.87509231907));
#9363 = CARTESIAN_POINT('',(-3.14152856681,191.03438826373));
#9364 = CARTESIAN_POINT('',(-3.141526041034,191.19309750196));
#9365 = CARTESIAN_POINT('',(-3.141623581934,191.35145366405));
#9366 = CARTESIAN_POINT('',(-3.141669703239,191.50999146904));
#9367 = CARTESIAN_POINT('',(-3.141578549961,191.6689357155));
#9368 = CARTESIAN_POINT('',(-3.141329581936,191.82825132986));
#9369 = CARTESIAN_POINT('',(-3.14132245837,191.98694157198));
#9370 = CARTESIAN_POINT('',(-3.141557839411,192.14498857258));
#9371 = CARTESIAN_POINT('',(-3.141812748175,192.30293011761));
#9372 = CARTESIAN_POINT('',(-3.141837645035,192.46150631309));
#9373 = CARTESIAN_POINT('',(-3.141735191315,192.62048698564));
#9374 = CARTESIAN_POINT('',(-3.141508507199,192.77978087667));
#9375 = CARTESIAN_POINT('',(-3.141398353826,192.93875926225));
#9376 = CARTESIAN_POINT('',(-3.141481133618,193.09720008716));
#9377 = CARTESIAN_POINT('',(-3.141586371865,193.25556228176));
#9378 = CARTESIAN_POINT('',(-3.141623053421,193.41413308629));
#9379 = CARTESIAN_POINT('',(-3.141703479101,193.57257068101));
#9380 = CARTESIAN_POINT('',(-3.141768033484,193.73104880362));
#9381 = CARTESIAN_POINT('',(-3.141663855835,193.89001687061));
#9382 = CARTESIAN_POINT('',(-3.141444540959,194.04929111259));
#9383 = CARTESIAN_POINT('',(-3.141316960254,194.20832971975));
#9384 = CARTESIAN_POINT('',(-3.141386128076,194.36680504463));
#9385 = CARTESIAN_POINT('',(-3.141676228904,194.52463062847));
#9386 = CARTESIAN_POINT('',(-3.14190528783,194.6827223848));
#9387 = CARTESIAN_POINT('',(-3.141807467906,194.84164301353));
#9388 = CARTESIAN_POINT('',(-3.141569664636,195.00092869422));
#9389 = CARTESIAN_POINT('',(-3.141530737015,195.1597333402));
#9390 = CARTESIAN_POINT('',(-3.1415906837,195.31821609875));
#9391 = CARTESIAN_POINT('',(-3.1416521197,195.47669334469));
#9392 = CARTESIAN_POINT('',(-3.141624330658,195.63546501436));
#9393 = CARTESIAN_POINT('',(-3.141392935278,195.79474028958));
#9394 = CARTESIAN_POINT('',(-3.141274991092,195.95370751523));
#9395 = CARTESIAN_POINT('',(-3.141491288999,196.11183806305));
#9396 = CARTESIAN_POINT('',(-3.141787949343,196.26964804152));
#9397 = CARTESIAN_POINT('',(-3.141870504473,196.42808290252));
#9398 = CARTESIAN_POINT('',(-3.141751698114,196.5870979758));
#9399 = CARTESIAN_POINT('',(-3.141532822017,196.74637136835));
#9400 = CARTESIAN_POINT('',(-3.141418455498,196.9053671315));
#9401 = CARTESIAN_POINT('',(-3.141475723889,197.06386701944));
#9402 = CARTESIAN_POINT('',(-3.14155985596,197.22229323128));
#9403 = CARTESIAN_POINT('',(-3.141594865729,197.38086867617));
#9404 = CARTESIAN_POINT('',(-3.141698615967,197.53923622106));
#9405 = CARTESIAN_POINT('',(-3.141784848274,197.69766516104));
#9406 = CARTESIAN_POINT('',(-3.141690066272,197.856603021));
#9407 = CARTESIAN_POINT('',(-3.141459371005,198.01590586099));
#9408 = CARTESIAN_POINT('',(-3.141352084644,198.17490048549));
#9409 = CARTESIAN_POINT('',(-3.141363340428,198.33351728355));
#9410 = CARTESIAN_POINT('',(-3.141611641221,198.49147488833));
#9411 = CARTESIAN_POINT('',(-3.141852967155,198.64950295801));
#9412 = CARTESIAN_POINT('',(-3.141867538409,198.80813848621));
#9413 = CARTESIAN_POINT('',(-3.141617331084,198.96745504102));
#9414 = CARTESIAN_POINT('',(-3.141516730694,199.1264236175));
#9415 = CARTESIAN_POINT('',(-3.14155609285,199.28498367689));
#9416 = CARTESIAN_POINT('',(-3.14165595189,199.44333241338));
#9417 = CARTESIAN_POINT('',(-3.141661201123,199.6020161838));
#9418 = CARTESIAN_POINT('',(-3.141437557761,199.76128000749));
#9419 = CARTESIAN_POINT('',(-3.141241739666,199.92045143725));
#9420 = CARTESIAN_POINT('',(-3.141455915749,200.07859637997));
#9421 = CARTESIAN_POINT('',(-3.141754802648,200.23640229799));
#9422 = CARTESIAN_POINT('',(-3.141876585668,200.39473549901));
#9423 = CARTESIAN_POINT('',(-3.14175528996,200.55373674378));
#9424 = CARTESIAN_POINT('',(-3.141590324215,200.71287152476));
#9425 = CARTESIAN_POINT('',(-3.141436909581,200.87196790575));
#9426 = CARTESIAN_POINT('',(-3.141453000654,201.03058365699));
#9427 = CARTESIAN_POINT('',(-3.141522634196,201.18905625622));
#9428 = CARTESIAN_POINT('',(-3.141600177889,201.34750959518));
#9429 = CARTESIAN_POINT('',(-3.141690308381,201.50591917466));
#9430 = CARTESIAN_POINT('',(-3.141778482337,201.66434712887));
#9431 = CARTESIAN_POINT('',(-3.141698746177,201.82323266191));
#9432 = CARTESIAN_POINT('',(-3.141512000009,201.98242045139));
#9433 = CARTESIAN_POINT('',(-3.141378076126,202.14147832473));
#9434 = CARTESIAN_POINT('',(-3.141337929744,202.3002386319));
#9435 = CARTESIAN_POINT('',(-3.141532395843,202.45836033456));
#9436 = CARTESIAN_POINT('',(-3.141823604809,202.61621645621));
#9437 = CARTESIAN_POINT('',(-3.141912964871,202.77468615739));
#9438 = CARTESIAN_POINT('',(-3.141659809162,202.93399926239));
#9439 = CARTESIAN_POINT('',(-3.141495536657,203.09313713171));
#9440 = CARTESIAN_POINT('',(-3.141553312714,203.25165344636));
#9441 = CARTESIAN_POINT('',(-3.141651697251,203.41000121783));
#9442 = CARTESIAN_POINT('',(-3.141679316493,203.56861851226));
#9443 = CARTESIAN_POINT('',(-3.141465976075,203.72786785638));
#9444 = CARTESIAN_POINT('',(-3.14126317507,203.88706213269));
#9445 = CARTESIAN_POINT('',(-3.141411228057,204.04536515407));
#9446 = CARTESIAN_POINT('',(-3.141708247694,204.20320073353));
#9447 = CARTESIAN_POINT('',(-3.141851429929,204.36146265842));
#9448 = CARTESIAN_POINT('',(-3.141788942661,204.52028795649));
#9449 = CARTESIAN_POINT('',(-3.141639852712,204.67939300844));
#9450 = CARTESIAN_POINT('',(-3.141455271358,204.83856690295));
#9451 = CARTESIAN_POINT('',(-3.141413789364,204.99735184527));
#9452 = CARTESIAN_POINT('',(-3.141518893211,205.15572900407));
#9453 = CARTESIAN_POINT('',(-3.141598784504,205.31416812708));
#9454 = CARTESIAN_POINT('',(-3.141678279608,205.47261654168));
#9455 = CARTESIAN_POINT('',(-3.141741423481,205.63110599547));
#9456 = CARTESIAN_POINT('',(-3.141734274916,205.78978581794));
#9457 = CARTESIAN_POINT('',(-3.141558612968,205.94894828411));
#9458 = CARTESIAN_POINT('',(-3.141401335146,206.10805816182));
#9459 = CARTESIAN_POINT('',(-3.141303760205,206.26699569452));
#9460 = CARTESIAN_POINT('',(-3.141488252277,206.42514819549));
#9461 = CARTESIAN_POINT('',(-3.14178541795,206.58296814168));
#9462 = CARTESIAN_POINT('',(-3.14194304469,206.74127712046));
#9463 = CARTESIAN_POINT('',(-3.141682215499,206.90059828527));
#9464 = CARTESIAN_POINT('',(-3.141515179637,207.05973571641));
#9465 = CARTESIAN_POINT('',(-3.141544380852,207.21833588809));
#9466 = CARTESIAN_POINT('',(-3.141646241956,207.37668024986));
#9467 = CARTESIAN_POINT('',(-3.141660687812,207.53532022775));
#9468 = CARTESIAN_POINT('',(-3.141526903634,207.69437147947));
#9469 = CARTESIAN_POINT('',(-3.141288484843,207.85365154403));
#9470 = CARTESIAN_POINT('',(-3.14137026984,208.01211653691));
#9471 = CARTESIAN_POINT('',(-3.141628140532,208.17008956131));
#9472 = CARTESIAN_POINT('',(-3.141845722525,208.32812521205));
#9473 = CARTESIAN_POINT('',(-3.141818289224,208.48686118287));
#9474 = CARTESIAN_POINT('',(-3.141689577241,208.64591402706));
#9475 = CARTESIAN_POINT('',(-3.141453474749,208.80522637464));
#9476 = CARTESIAN_POINT('',(-3.141412500147,208.9640213379));
#9477 = CARTESIAN_POINT('',(-3.141508070956,209.12241614077));
#9478 = CARTESIAN_POINT('',(-3.141601236682,209.28081823696));
#9479 = CARTESIAN_POINT('',(-3.141635115361,209.43939598306));
#9480 = CARTESIAN_POINT('',(-3.141729947117,209.59778865267));
#9481 = CARTESIAN_POINT('',(-3.141760227433,209.75636999714));
#9482 = CARTESIAN_POINT('',(-3.141610521147,209.91546054208));
#9483 = CARTESIAN_POINT('',(-3.141398215136,210.07471805604));
#9484 = CARTESIAN_POINT('',(-3.141312604109,210.23364323175));
#9485 = CARTESIAN_POINT('',(-3.141443851198,210.39192965153));
#9486 = CARTESIAN_POINT('',(-3.141752335714,210.54972166141));
#9487 = CARTESIAN_POINT('',(-3.141917320633,210.70799822732));
#9488 = CARTESIAN_POINT('',(-3.141738789644,210.86710638524));
#9489 = CARTESIAN_POINT('',(-3.141539310538,211.02631911738));
#9490 = CARTESIAN_POINT('',(-3.141542788658,211.1849941637));
#9491 = CARTESIAN_POINT('',(-3.141607497588,211.34345934026));
#9492 = CARTESIAN_POINT('',(-3.141660716957,211.50196674013));
#9493 = CARTESIAN_POINT('',(-3.14158163882,211.66088567256));
#9494 = CARTESIAN_POINT('',(-3.141330422843,211.82018689378));
#9495 = CARTESIAN_POINT('',(-3.141304856612,211.97893983607));
#9496 = CARTESIAN_POINT('',(-3.141572055012,212.13690879968));
#9497 = CARTESIAN_POINT('',(-3.14183191392,212.29481460697));
#9498 = CARTESIAN_POINT('',(-3.141856603221,212.45342350256));
#9499 = CARTESIAN_POINT('',(-3.141699784315,212.61253900588));
#9500 = CARTESIAN_POINT('',(-3.141486376523,212.77179724122));
#9501 = CARTESIAN_POINT('',(-3.14141731644,212.93066786128));
#9502 = CARTESIAN_POINT('',(-3.141502990861,213.08908341772));
#9503 = CARTESIAN_POINT('',(-3.141567761784,213.24756830598));
#9504 = CARTESIAN_POINT('',(-3.141616308087,213.40610513779));
#9505 = CARTESIAN_POINT('',(-3.141721776302,213.56446395883));
#9506 = CARTESIAN_POINT('',(-3.141789196204,213.72295487043));
#9507 = CARTESIAN_POINT('',(-3.141627492357,213.88206836349));
#9508 = CARTESIAN_POINT('',(-3.141423100323,214.04130961956));
#9509 = CARTESIAN_POINT('',(-3.141333385639,214.20024990732));
#9510 = CARTESIAN_POINT('',(-3.141411747474,214.35867014007));
#9511 = CARTESIAN_POINT('',(-3.141679576118,214.51658529492));
#9512 = CARTESIAN_POINT('',(-3.141891458961,214.67470280007));
#9513 = CARTESIAN_POINT('',(-3.141805818417,214.83359168752));
#9514 = CARTESIAN_POINT('',(-3.141576465709,214.9928655112));
#9515 = CARTESIAN_POINT('',(-3.141513839749,215.15173397196));
#9516 = CARTESIAN_POINT('',(-3.14158321816,215.31019459708));
#9517 = CARTESIAN_POINT('',(-3.141666382226,215.46859858823));
#9518 = CARTESIAN_POINT('',(-3.141635387177,215.62739478864));
#9519 = CARTESIAN_POINT('',(-3.141352192492,215.78678510461));
#9520 = CARTESIAN_POINT('',(-3.141269912027,215.94569297285));
#9521 = CARTESIAN_POINT('',(-3.14152771574,216.10368906331));
#9522 = CARTESIAN_POINT('',(-3.141818838094,216.26151863797));
#9523 = CARTESIAN_POINT('',(-3.141855850603,216.42008944774));
#9524 = CARTESIAN_POINT('',(-3.141718325382,216.57913588872));
#9525 = CARTESIAN_POINT('',(-3.141539513426,216.73831209132));
#9526 = CARTESIAN_POINT('',(-3.14143012977,216.89728059471));
#9527 = CARTESIAN_POINT('',(-3.141466906757,217.05584036847));
#9528 = CARTESIAN_POINT('',(-3.141543961542,217.21429368716));
#9529 = CARTESIAN_POINT('',(-3.141616555288,217.37275897254));
#9530 = CARTESIAN_POINT('',(-3.141721225279,217.53112885474));
#9531 = CARTESIAN_POINT('',(-3.141777202817,217.68964906632));
#9532 = CARTESIAN_POINT('',(-3.141651915903,217.84865482206));
#9533 = CARTESIAN_POINT('',(-3.141471019451,218.00783803823));
#9534 = CARTESIAN_POINT('',(-3.141357807833,218.16682721988));
#9535 = CARTESIAN_POINT('',(-3.14136024679,218.32547041092));
#9536 = CARTESIAN_POINT('',(-3.141609074894,218.48344079816));
#9537 = CARTESIAN_POINT('',(-3.141875039182,218.64137968988));
#9538 = CARTESIAN_POINT('',(-3.141875386338,218.80008439779));
#9539 = CARTESIAN_POINT('',(-3.141592520341,218.95947218171));
#9540 = CARTESIAN_POINT('',(-3.141495868608,219.1184443744));
#9541 = CARTESIAN_POINT('',(-3.141578812911,219.27686656959));
#9542 = CARTESIAN_POINT('',(-3.141673459925,219.43523447351));
#9543 = CARTESIAN_POINT('',(-3.141650483639,219.59400563233));
#9544 = CARTESIAN_POINT('',(-3.141388570695,219.75335788053));
#9545 = CARTESIAN_POINT('',(-3.141273399969,219.91234488787));
#9546 = CARTESIAN_POINT('',(-3.141482963938,220.07046205178));
#9547 = CARTESIAN_POINT('',(-3.141770088321,220.22832436543));
#9548 = CARTESIAN_POINT('',(-3.141845277685,220.38677025171));
#9549 = CARTESIAN_POINT('',(-3.14176032482,220.54566669702));
#9550 = CARTESIAN_POINT('',(-3.14159294506,220.70482220293));
#9551 = CARTESIAN_POINT('',(-3.141425412345,220.86394338161));
#9552 = CARTESIAN_POINT('',(-3.141431894645,221.02260038369));
#9553 = CARTESIAN_POINT('',(-3.141546193427,221.18094690077));
#9554 = CARTESIAN_POINT('',(-3.141617089389,221.33941381164));
#9555 = CARTESIAN_POINT('',(-3.141697072354,221.4978603599));
#9556 = CARTESIAN_POINT('',(-3.141750748875,221.65637459854));
#9557 = CARTESIAN_POINT('',(-3.141702819515,221.81516864942));
#9558 = CARTESIAN_POINT('',(-3.14151501134,221.97436878217));
#9559 = CARTESIAN_POINT('',(-3.141365711788,222.13345185833));
#9560 = CARTESIAN_POINT('',(-3.141316833213,222.29225839966));
#9561 = CARTESIAN_POINT('',(-3.141566743011,222.45021610221));
#9562 = CARTESIAN_POINT('',(-3.141852376552,222.60809419484));
#9563 = CARTESIAN_POINT('',(-3.141911537549,222.76666033915));
#9564 = CARTESIAN_POINT('',(-3.141609847,222.9260800903));
#9565 = CARTESIAN_POINT('',(-3.141513501057,223.08504920052));
#9566 = CARTESIAN_POINT('',(-3.141569024748,223.24355240102));
#9567 = CARTESIAN_POINT('',(-3.141661948226,223.40193064785));
#9568 = CARTESIAN_POINT('',(-3.14164305543,223.56067317422));
#9569 = CARTESIAN_POINT('',(-3.141463941801,223.71983262746));
#9570 = CARTESIAN_POINT('',(-3.141275468065,223.87898136391));
#9571 = CARTESIAN_POINT('',(-3.141427074102,224.03726544367));
#9572 = CARTESIAN_POINT('',(-3.141697825604,224.19518874899));
#9573 = CARTESIAN_POINT('',(-3.141858657327,224.35337707039));
#9574 = CARTESIAN_POINT('',(-3.141796785732,224.51222510704));
#9575 = CARTESIAN_POINT('',(-3.141633002877,224.67136745337));
#9576 = CARTESIAN_POINT('',(-3.141415505001,224.83062791006));
#9577 = CARTESIAN_POINT('',(-3.141434348722,224.98925939703));
#9578 = CARTESIAN_POINT('',(-3.14153741156,225.14762613117));
#9579 = CARTESIAN_POINT('',(-3.141609171571,225.3060940244));
#9580 = CARTESIAN_POINT('',(-3.141653353239,225.46464061756));
#9581 = CARTESIAN_POINT('',(-3.141752251547,225.62301862427));
#9582 = CARTESIAN_POINT('',(-3.141741698331,225.78172175433));
#9583 = CARTESIAN_POINT('',(-3.141552611602,225.94091612886));
#9584 = CARTESIAN_POINT('',(-3.141360853674,226.10012199727));
#9585 = CARTESIAN_POINT('',(-3.141321666935,226.25891692378));
#9586 = CARTESIAN_POINT('',(-3.141516831548,226.41701044744));
#9587 = CARTESIAN_POINT('',(-3.141818161937,226.5748498663));
#9588 = CARTESIAN_POINT('',(-3.141904017225,226.73333246537));
#9589 = CARTESIAN_POINT('',(-3.141672041102,226.89257129891));
#9590 = CARTESIAN_POINT('',(-3.141526089111,227.05166196021));
#9591 = CARTESIAN_POINT('',(-3.141557023181,227.21024647581));
#9592 = CARTESIAN_POINT('',(-3.141624102859,227.36870341279));
#9593 = CARTESIAN_POINT('',(-3.141661256386,227.52726720866));
#9594 = CARTESIAN_POINT('',(-3.141527463519,227.6863285323));
#9595 = CARTESIAN_POINT('',(-3.141286226917,227.84559127292));
#9596 = CARTESIAN_POINT('',(-3.141354046032,228.00412012577));
#9597 = CARTESIAN_POINT('',(-3.141652825802,228.16197191205));
#9598 = CARTESIAN_POINT('',(-3.141860961196,228.32002786329));
#9599 = CARTESIAN_POINT('',(-3.141830566904,228.47879736973));
#9600 = CARTESIAN_POINT('',(-3.141643698681,228.63799021203));
#9601 = CARTESIAN_POINT('',(-3.141450628453,228.79719540865));
#9602 = CARTESIAN_POINT('',(-3.141429986297,228.95592701513));
#9603 = CARTESIAN_POINT('',(-3.141526739818,229.11431108678));
#9604 = CARTESIAN_POINT('',(-3.141573720754,229.27284933776));
#9605 = CARTESIAN_POINT('',(-3.141642846793,229.43132529955));
#9606 = CARTESIAN_POINT('',(-3.141746868648,229.58968904909));
#9607 = CARTESIAN_POINT('',(-3.141774837027,229.74829489363));
#9608 = CARTESIAN_POINT('',(-3.141563929504,229.90753741899));
#9609 = CARTESIAN_POINT('',(-3.14139501276,230.06669263198));
#9610 = CARTESIAN_POINT('',(-3.141326782177,230.22556015778));
#9611 = CARTESIAN_POINT('',(-3.141472902169,230.38378976194));
#9612 = CARTESIAN_POINT('',(-3.141743962756,230.54170921049));
#9613 = CARTESIAN_POINT('',(-3.1419098549,230.69995411818));
#9614 = CARTESIAN_POINT('',(-3.141736764853,230.85906493541));
#9615 = CARTESIAN_POINT('',(-3.141546624336,231.01824982241));
#9616 = CARTESIAN_POINT('',(-3.141519869828,231.17701637884));
#9617 = CARTESIAN_POINT('',(-3.141611445613,231.33540014044));
#9618 = CARTESIAN_POINT('',(-3.141672034802,231.49388508062));
#9619 = CARTESIAN_POINT('',(-3.141588021661,231.65282333241));
#9620 = CARTESIAN_POINT('',(-3.141283184616,231.81225266456));
#9621 = CARTESIAN_POINT('',(-3.141321523369,231.97087075383));
#9622 = CARTESIAN_POINT('',(-3.141602605099,232.12876708485));
#9623 = CARTESIAN_POINT('',(-3.141862593613,232.28669507703));
#9624 = CARTESIAN_POINT('',(-3.141825149226,232.44546963455));
#9625 = CARTESIAN_POINT('',(-3.141679899368,232.60454070436));
#9626 = CARTESIAN_POINT('',(-3.141491697108,232.7637426268));
#9627 = CARTESIAN_POINT('',(-3.141432884938,232.92256694762));
#9628 = CARTESIAN_POINT('',(-3.141483040445,233.08109125025));
#9629 = CARTESIAN_POINT('',(-3.14156512499,233.23953165884));
#9630 = CARTESIAN_POINT('',(-3.14163471619,233.39800266141));
#9631 = CARTESIAN_POINT('',(-3.14174867926,233.556349779));
#9632 = CARTESIAN_POINT('',(-3.141762870952,233.71498526043));
#9633 = CARTESIAN_POINT('',(-3.141603621957,233.87408341837));
#9634 = CARTESIAN_POINT('',(-3.141432432201,234.03324833721));
#9635 = CARTESIAN_POINT('',(-3.141342381495,234.19216067606));
#9636 = CARTESIAN_POINT('',(-3.141402529636,234.35064835146));
#9637 = CARTESIAN_POINT('',(-3.141687092579,234.50851719888));
#9638 = CARTESIAN_POINT('',(-3.141907635714,234.66660073238));
#9639 = CARTESIAN_POINT('',(-3.141812542838,234.82553987863));
#9640 = CARTESIAN_POINT('',(-3.141541541596,234.98491106138));
#9641 = CARTESIAN_POINT('',(-3.14150904571,235.14370999729));
#9642 = CARTESIAN_POINT('',(-3.141601524132,235.3020866699));
#9643 = CARTESIAN_POINT('',(-3.141688213249,235.46049442555));
#9644 = CARTESIAN_POINT('',(-3.141603159686,235.61943627999));
#9645 = CARTESIAN_POINT('',(-3.141322640005,235.77882047417));
#9646 = CARTESIAN_POINT('',(-3.141301721316,235.9375777216));
#9647 = CARTESIAN_POINT('',(-3.141560153632,236.09554140843));
#9648 = CARTESIAN_POINT('',(-3.141816047632,236.25349201277));
#9649 = CARTESIAN_POINT('',(-3.141831723582,236.41209821984));
#9650 = CARTESIAN_POINT('',(-3.141722942029,236.57107348518));
#9651 = CARTESIAN_POINT('',(-3.14154415924,236.73025264695));
#9652 = CARTESIAN_POINT('',(-3.141408261893,236.88928711964));
#9653 = CARTESIAN_POINT('',(-3.141458725584,237.04782332573));
#9654 = CARTESIAN_POINT('',(-3.141565305945,237.20618774512));
#9655 = CARTESIAN_POINT('',(-3.141637498589,237.36465397157));
#9656 = CARTESIAN_POINT('',(-3.141713481888,237.52311042946));
#9657 = CARTESIAN_POINT('',(-3.141755695104,237.68165486734));
#9658 = CARTESIAN_POINT('',(-3.14165670127,237.84059423284));
#9659 = CARTESIAN_POINT('',(-3.14147546528,237.99977680978));
#9660 = CARTESIAN_POINT('',(-3.141333582915,238.15883613095));
#9661 = CARTESIAN_POINT('',(-3.141356071957,238.31744775729));
#9662 = CARTESIAN_POINT('',(-3.141642124495,238.47529216281));
#9663 = CARTESIAN_POINT('',(-3.141907313136,238.63326205035));
#9664 = CARTESIAN_POINT('',(-3.141847775561,238.79211593476));
#9665 = CARTESIAN_POINT('',(-3.141558604329,238.95151694954));
#9666 = CARTESIAN_POINT('',(-3.14151760246,239.11034124754));
#9667 = CARTESIAN_POINT('',(-3.141596824374,239.26875922857));
#9668 = CARTESIAN_POINT('',(-3.141669415342,239.42720811567));
#9669 = CARTESIAN_POINT('',(-3.141616214947,239.58604993074));
#9670 = CARTESIAN_POINT('',(-3.14139448273,239.74530733154));
#9671 = CARTESIAN_POINT('',(-3.14128852625,239.90424610693));
#9672 = CARTESIAN_POINT('',(-3.141490197778,240.06239392992));
#9673 = CARTESIAN_POINT('',(-3.14176164507,240.22030111353));
#9674 = CARTESIAN_POINT('',(-3.141854739859,240.37867933446));
#9675 = CARTESIAN_POINT('',(-3.141769897527,240.53760480567));
#9676 = CARTESIAN_POINT('',(-3.141569660327,240.69683629975));
#9677 = CARTESIAN_POINT('',(-3.141397867579,240.85597666288));
#9678 = CARTESIAN_POINT('',(-3.141458752338,241.0144868149));
#9679 = CARTESIAN_POINT('',(-3.141564668199,241.17284397039));
#9680 = CARTESIAN_POINT('',(-3.141614631534,241.33137650956));
#9681 = CARTESIAN_POINT('',(-3.141676959484,241.48986886169));
#9682 = CARTESIAN_POINT('',(-3.141766720706,241.64827243409));
#9683 = CARTESIAN_POINT('',(-3.141708682318,241.80711262689));
#9684 = CARTESIAN_POINT('',(-3.141495397785,241.96637021653));
#9685 = CARTESIAN_POINT('',(-3.141333531391,242.12549953391));
#9686 = CARTESIAN_POINT('',(-3.141346459593,242.28414257895));
#9687 = CARTESIAN_POINT('',(-3.141597027868,242.44207440379));
#9688 = CARTESIAN_POINT('',(-3.141870116059,242.60002166979));
#9689 = CARTESIAN_POINT('',(-3.141865589049,242.758723398));
#9690 = CARTESIAN_POINT('',(-3.141614946191,242.91802007576));
#9691 = CARTESIAN_POINT('',(-3.141524513421,243.07696913547));
#9692 = CARTESIAN_POINT('',(-3.141572950901,243.23549281302));
#9693 = CARTESIAN_POINT('',(-3.141639390121,243.39395213906));
#9694 = CARTESIAN_POINT('',(-3.141650692707,243.55260242927));
#9695 = CARTESIAN_POINT('',(-3.141462202957,243.71179110955));
#9696 = CARTESIAN_POINT('',(-3.141266912,243.87093962413));
#9697 = CARTESIAN_POINT('',(-3.141418057144,244.0292549054));
#9698 = CARTESIAN_POINT('',(-3.141727625692,244.18704774871));
#9699 = CARTESIAN_POINT('',(-3.141873351221,244.34529187593));
#9700 = CARTESIAN_POINT('',(-3.141794459849,244.50419782777));
#9701 = CARTESIAN_POINT('',(-3.141586334626,244.66344446032));
#9702 = CARTESIAN_POINT('',(-3.141428977231,244.8225556463));
#9703 = CARTESIAN_POINT('',(-3.141451078445,244.98116061221));
#9704 = CARTESIAN_POINT('',(-3.141545561636,245.13955389911));
#9705 = CARTESIAN_POINT('',(-3.141581434854,245.2981257559));
#9706 = CARTESIAN_POINT('',(-3.141671894195,245.45653636578));
#9707 = CARTESIAN_POINT('',(-3.141769932849,245.61492327048));
#9708 = CARTESIAN_POINT('',(-3.141740268512,245.77368751409));
#9709 = CARTESIAN_POINT('',(-3.141506256293,245.93299331673));
#9710 = CARTESIAN_POINT('',(-3.141372479298,246.09205969073));
#9711 = CARTESIAN_POINT('',(-3.141336068223,246.25082250179));
#9712 = CARTESIAN_POINT('',(-3.141541170606,246.40889251032));
#9713 = CARTESIAN_POINT('',(-3.141802794112,246.56685158556));
#9714 = CARTESIAN_POINT('',(-3.141902699905,246.72526965632));
#9715 = CARTESIAN_POINT('',(-3.141672132534,246.88452944414));
#9716 = CARTESIAN_POINT('',(-3.141526397044,247.04360988285));
#9717 = CARTESIAN_POINT('',(-3.141534538705,247.20227054473));
#9718 = CARTESIAN_POINT('',(-3.141636919946,247.36061375968));
#9719 = CARTESIAN_POINT('',(-3.141672522363,247.51919180398));
#9720 = CARTESIAN_POINT('',(-3.141518628487,247.67829937852));
#9721 = CARTESIAN_POINT('',(-3.141245302251,247.83765041703));
#9722 = CARTESIAN_POINT('',(-3.141386338141,247.99600446516));
#9723 = CARTESIAN_POINT('',(-3.141681641908,248.15383330898));
#9724 = CARTESIAN_POINT('',(-3.141880058465,248.31194549947));
#9725 = CARTESIAN_POINT('',(-3.141790523231,248.47086033487));
#9726 = CARTESIAN_POINT('',(-3.141637326997,248.62995839236));
#9727 = CARTESIAN_POINT('',(-3.141457379695,248.78913349404));
#9728 = CARTESIAN_POINT('',(-3.141440668488,248.94783988925));
#9729 = CARTESIAN_POINT('',(-3.14150194656,249.10633473966));
#9730 = CARTESIAN_POINT('',(-3.141583843292,249.26477617348));
#9731 = CARTESIAN_POINT('',(-3.141661261789,249.42322278427));
#9732 = CARTESIAN_POINT('',(-3.141767871276,249.58159500994));
#9733 = CARTESIAN_POINT('',(-3.141736114825,249.74035348506));
#9734 = CARTESIAN_POINT('',(-3.141556261414,249.89951325734));
#9735 = CARTESIAN_POINT('',(-3.141402720602,250.0586305566));
#9736 = CARTESIAN_POINT('',(-3.141333397738,250.21747620877));
#9737 = CARTESIAN_POINT('',(-3.141461946511,250.37577889785));
#9738 = CARTESIAN_POINT('',(-3.141760302082,250.53360891021));
#9739 = CARTESIAN_POINT('',(-3.141923264836,250.69186985266));
#9740 = CARTESIAN_POINT('',(-3.141735261235,250.85102919673));
#9741 = CARTESIAN_POINT('',(-3.141509451459,251.01030627486));
#9742 = CARTESIAN_POINT('',(-3.141529674438,251.16894768575));
#9743 = CARTESIAN_POINT('',(-3.141627320309,251.32729846643));
#9744 = CARTESIAN_POINT('',(-3.141690623403,251.4857949998));
#9745 = CARTESIAN_POINT('',(-3.141539322732,251.64490191319));
#9746 = CARTESIAN_POINT('',(-3.141279415026,251.80423171599));
#9747 = CARTESIAN_POINT('',(-3.141350063795,251.96275043842));
#9748 = CARTESIAN_POINT('',(-3.141636730001,252.12062233879));
#9749 = CARTESIAN_POINT('',(-3.141842995113,252.27871102161));
#9750 = CARTESIAN_POINT('',(-3.141812624066,252.43744337676));
#9751 = CARTESIAN_POINT('',(-3.141683071561,252.59648821928));
#9752 = CARTESIAN_POINT('',(-3.141495598416,252.7556797503));
#9753 = CARTESIAN_POINT('',(-3.141404707634,252.91459530778));
#9754 = CARTESIAN_POINT('',(-3.141489546277,253.07303345057));
#9755 = CARTESIAN_POINT('',(-3.141582232561,253.23143540269));
#9756 = CARTESIAN_POINT('',(-3.141658115116,253.38989348607));
#9757 = CARTESIAN_POINT('',(-3.141728026046,253.54836528844));
#9758 = CARTESIAN_POINT('',(-3.141751722319,253.70695977686));
#9759 = CARTESIAN_POINT('',(-3.141606124805,253.8660339219));
#9760 = CARTESIAN_POINT('',(-3.141437535208,254.0251788341));
#9761 = CARTESIAN_POINT('',(-3.141310490114,254.18419664199));
#9762 = CARTESIAN_POINT('',(-3.141416942724,254.34257353063));
#9763 = CARTESIAN_POINT('',(-3.141714548348,254.5003816602));
#9764 = CARTESIAN_POINT('',(-3.141940558477,254.65849048498));
#9765 = CARTESIAN_POINT('',(-3.141764278446,254.81761632392));
#9766 = CARTESIAN_POINT('',(-3.141529305701,254.97690378073));
#9767 = CARTESIAN_POINT('',(-3.141526525214,255.13561293634));
#9768 = CARTESIAN_POINT('',(-3.141624092715,255.29396941518));
#9769 = CARTESIAN_POINT('',(-3.14166825968,255.45251281647));
#9770 = CARTESIAN_POINT('',(-3.14157871615,255.61145248237));
#9771 = CARTESIAN_POINT('',(-3.141329186866,255.77076936829));
#9772 = CARTESIAN_POINT('',(-3.141322929113,255.92945685428));
#9773 = CARTESIAN_POINT('',(-3.141557511538,256.0875069975));
#9774 = CARTESIAN_POINT('',(-3.14181393326,256.24544315639));
#9775 = CARTESIAN_POINT('',(-3.141837696351,256.40402358644));
#9776 = CARTESIAN_POINT('',(-3.141735033278,256.56300496612));
#9777 = CARTESIAN_POINT('',(-3.141506088838,256.72230447448));
#9778 = CARTESIAN_POINT('',(-3.141399485138,256.88127390432));
#9779 = CARTESIAN_POINT('',(-3.141481509765,257.03971588709));
#9780 = CARTESIAN_POINT('',(-3.141587030445,257.19807760633));
#9781 = CARTESIAN_POINT('',(-3.141621683436,257.35665408318));
#9782 = CARTESIAN_POINT('',(-3.141704525752,257.51508450404));
#9783 = CARTESIAN_POINT('',(-3.141768004789,257.67356616652));
#9784 = CARTESIAN_POINT('',(-3.141663692145,257.83253462872));
#9785 = CARTESIAN_POINT('',(-3.141442228612,257.99181452236));
#9786 = CARTESIAN_POINT('',(-3.141317862712,258.15084522286));
#9787 = CARTESIAN_POINT('',(-3.141386518054,258.30932063937));
#9788 = CARTESIAN_POINT('',(-3.141678093959,258.46714294273));
#9789 = CARTESIAN_POINT('',(-3.14190399003,258.62524324481));
#9790 = CARTESIAN_POINT('',(-3.141807117054,258.78416024514));
#9791 = CARTESIAN_POINT('',(-3.141568886033,258.94344833121));
#9792 = CARTESIAN_POINT('',(-3.141531402379,259.10224831291));
#9793 = CARTESIAN_POINT('',(-3.141589539482,259.26073680127));
#9794 = CARTESIAN_POINT('',(-3.141652789856,259.41920829782));
#9795 = CARTESIAN_POINT('',(-3.141623617822,259.57798447122));
#9796 = CARTESIAN_POINT('',(-3.14139257945,259.73725757274));
#9797 = CARTESIAN_POINT('',(-3.141273615634,259.89622853632));
#9798 = CARTESIAN_POINT('',(-3.141493138588,260.05435049639));
#9799 = CARTESIAN_POINT('',(-3.141788419721,260.21216338199));
#9800 = CARTESIAN_POINT('',(-3.141871441719,260.37059831258));
#9801 = CARTESIAN_POINT('',(-3.14174941662,260.52962131587));
#9802 = CARTESIAN_POINT('',(-3.141532606249,260.68888923731));
#9803 = CARTESIAN_POINT('',(-3.141418432715,260.84788449749));
#9804 = CARTESIAN_POINT('',(-3.14147675989,261.00638085559));
#9805 = CARTESIAN_POINT('',(-3.141558508023,261.16481416596));
#9806 = CARTESIAN_POINT('',(-3.141595488053,261.32338411569));
#9807 = CARTESIAN_POINT('',(-3.1416990276,261.48175191608));
#9808 = CARTESIAN_POINT('',(-3.141786015959,261.64017969832));
#9809 = CARTESIAN_POINT('',(-3.141687684996,261.79912653035));
#9810 = CARTESIAN_POINT('',(-3.141459155677,261.95842396385));
#9811 = CARTESIAN_POINT('',(-3.141352154757,262.11741773289));
#9812 = CARTESIAN_POINT('',(-3.14136445821,262.27603048483));
#9813 = CARTESIAN_POINT('',(-3.141611325385,262.43399326473));
#9814 = CARTESIAN_POINT('',(-3.141853472268,262.5920181763));
#9815 = CARTESIAN_POINT('',(-3.141867227011,262.75065628289));
#9816 = CARTESIAN_POINT('',(-3.14161747323,262.90997189817));
#9817 = CARTESIAN_POINT('',(-3.141515257231,263.06894502938));
#9818 = CARTESIAN_POINT('',(-3.141556585627,263.22749950851));
#9819 = CARTESIAN_POINT('',(-3.141656472577,263.38584771354));
#9820 = CARTESIAN_POINT('',(-3.141661991398,263.54453157699));
#9821 = CARTESIAN_POINT('',(-3.1414347477,263.70380399775));
#9822 = CARTESIAN_POINT('',(-3.141242233757,263.86296837527));
#9823 = CARTESIAN_POINT('',(-3.141457447316,264.02110914429));
#9824 = CARTESIAN_POINT('',(-3.141756767646,264.17891422605));
#9825 = CARTESIAN_POINT('',(-3.141875186116,264.33725684021));
#9826 = CARTESIAN_POINT('',(-3.141754466982,264.4962556961));
#9827 = CARTESIAN_POINT('',(-3.141590321024,264.65538890401));
#9828 = CARTESIAN_POINT('',(-3.141437473321,264.81448305737));
#9829 = CARTESIAN_POINT('',(-3.141451882882,264.97310380895));
#9830 = CARTESIAN_POINT('',(-3.141522778829,265.13157322205));
#9831 = CARTESIAN_POINT('',(-3.141601064421,265.29002412451));
#9832 = CARTESIAN_POINT('',(-3.141691729772,265.44843258987));
#9833 = CARTESIAN_POINT('',(-3.141777397923,265.60686752029));
#9834 = CARTESIAN_POINT('',(-3.141697702648,265.76575231602));
#9835 = CARTESIAN_POINT('',(-3.141512276317,265.92493723088));
#9836 = CARTESIAN_POINT('',(-3.141378454413,266.08399375463));
#9837 = CARTESIAN_POINT('',(-3.141336878343,266.24275850368));
#9838 = CARTESIAN_POINT('',(-3.141533166031,266.4008756234));
#9839 = CARTESIAN_POINT('',(-3.141824948137,266.55872926052));
#9840 = CARTESIAN_POINT('',(-3.141914004613,266.71720159812));
#9841 = CARTESIAN_POINT('',(-3.141657474887,266.87652234553));
#9842 = CARTESIAN_POINT('',(-3.141495156424,267.03565586633));
#9843 = CARTESIAN_POINT('',(-3.141554408039,267.19416712444));
#9844 = CARTESIAN_POINT('',(-3.141652968071,267.35251464938));
#9845 = CARTESIAN_POINT('',(-3.141678072796,267.51113948249));
#9846 = CARTESIAN_POINT('',(-3.141464241067,267.67038947098));
#9847 = CARTESIAN_POINT('',(-3.141264388944,267.82957697912));
#9848 = CARTESIAN_POINT('',(-3.141412830599,267.98787715544));
#9849 = CARTESIAN_POINT('',(-3.141708353899,268.14571799645));
#9850 = CARTESIAN_POINT('',(-3.141850652168,268.30398147391));
#9851 = CARTESIAN_POINT('',(-3.141789320719,268.4628036402));
#9852 = CARTESIAN_POINT('',(-3.141640278182,268.62190928461));
#9853 = CARTESIAN_POINT('',(-3.141453682858,268.781088064));
#9854 = CARTESIAN_POINT('',(-3.141413419834,268.93987043146));
#9855 = CARTESIAN_POINT('',(-3.141520242287,269.09824243507));
#9856 = CARTESIAN_POINT('',(-3.141599967972,269.25668193169));
#9857 = CARTESIAN_POINT('',(-3.141677738192,269.41513539501));
#9858 = CARTESIAN_POINT('',(-3.141740724595,269.57362482866));
#9859 = CARTESIAN_POINT('',(-3.141734784316,269.73230127519));
#9860 = CARTESIAN_POINT('',(-3.141558924747,269.89146466025));
#9861 = CARTESIAN_POINT('',(-3.141399838279,270.05057900741));
#9862 = CARTESIAN_POINT('',(-3.141303155397,270.20951512904));
#9863 = CARTESIAN_POINT('',(-3.14149023518,270.36765964252));
#9864 = CARTESIAN_POINT('',(-3.141787495486,270.52547999106));
#9865 = CARTESIAN_POINT('',(-3.14194225804,270.68379702702));
#9866 = CARTESIAN_POINT('',(-3.141680034033,270.84312075751));
#9867 = CARTESIAN_POINT('',(-3.141516183122,271.00225047757));
#9868 = CARTESIAN_POINT('',(-3.141545382791,271.16084963851));
#9869 = CARTESIAN_POINT('',(-3.141646016335,271.31919834889));
#9870 = CARTESIAN_POINT('',(-3.141659450042,271.47784077882));
#9871 = CARTESIAN_POINT('',(-3.141527135807,271.63688827453));
#9872 = CARTESIAN_POINT('',(-3.141288855247,271.79616711961));
#9873 = CARTESIAN_POINT('',(-3.141370230102,271.95463354516));
#9874 = CARTESIAN_POINT('',(-3.141628222537,272.11260671494));
#9875 = CARTESIAN_POINT('',(-3.141846689421,272.27063873225));
#9876 = CARTESIAN_POINT('',(-3.141819065294,272.42937679709));
#9877 = CARTESIAN_POINT('',(-3.141688356467,272.58843463638));
#9878 = CARTESIAN_POINT('',(-3.141451724376,272.74774836358));
#9879 = CARTESIAN_POINT('',(-3.141413878489,272.90653517733));
#9880 = CARTESIAN_POINT('',(-3.141509177904,273.06492980301));
#9881 = CARTESIAN_POINT('',(-3.141600958316,273.22333623867));
#9882 = CARTESIAN_POINT('',(-3.141634203332,273.38191567276));
#9883 = CARTESIAN_POINT('',(-3.141731065475,273.540302158));
#9884 = CARTESIAN_POINT('',(-3.141760974767,273.69888547779));
#9885 = CARTESIAN_POINT('',(-3.14160931447,273.85798093566));
#9886 = CARTESIAN_POINT('',(-3.141396468648,274.01724017231));
#9887 = CARTESIAN_POINT('',(-3.141313835849,274.17615775342));
#9888 = CARTESIAN_POINT('',(-3.141445327033,274.33444192726));
#9889 = CARTESIAN_POINT('',(-3.141753304373,274.49223687334));
#9890 = CARTESIAN_POINT('',(-3.141915756815,274.65051922394));
#9891 = CARTESIAN_POINT('',(-3.1417386202,274.80962350041));
#9892 = CARTESIAN_POINT('',(-3.141539590141,274.9688355942));
#9893 = CARTESIAN_POINT('',(-3.141542780984,275.12751121044));
#9894 = CARTESIAN_POINT('',(-3.141606724476,275.28597885092));
#9895 = CARTESIAN_POINT('',(-3.141661634896,275.4444809213));
#9896 = CARTESIAN_POINT('',(-3.141581896364,275.6034023454));
#9897 = CARTESIAN_POINT('',(-3.141329353022,275.76270597125));
#9898 = CARTESIAN_POINT('',(-3.141304090754,275.92145969527));
#9899 = CARTESIAN_POINT('',(-3.141573847187,276.07942086509));
#9900 = CARTESIAN_POINT('',(-3.141832784034,276.23732931112));
#9901 = CARTESIAN_POINT('',(-3.141856624814,276.39594132308));
#9902 = CARTESIAN_POINT('',(-3.141697770221,276.55506146721));
#9903 = CARTESIAN_POINT('',(-3.141486904225,276.71431327228));
#9904 = CARTESIAN_POINT('',(-3.141417705136,276.87318367833));
#9905 = CARTESIAN_POINT('',(-3.141503416311,277.03159918204));
#9906 = CARTESIAN_POINT('',(-3.141566732498,277.19008831026));
#9907 = CARTESIAN_POINT('',(-3.141617659518,277.34861839165));
#9908 = CARTESIAN_POINT('',(-3.14172183894,277.50698102485));
#9909 = CARTESIAN_POINT('',(-3.14178791345,277.66547614911));
#9910 = CARTESIAN_POINT('',(-3.141623991365,277.82459482202));
#9911 = CARTESIAN_POINT('',(-3.141425299372,277.98382128956));
#9912 = CARTESIAN_POINT('',(-3.141337451765,278.14275546538));
#9913 = CARTESIAN_POINT('',(-3.141416172685,278.30117428627));
#9914 = CARTESIAN_POINT('',(-3.141678107178,278.45910707403));
#9915 = CARTESIAN_POINT('',(-3.141885664247,278.61723365452));
#9916 = CARTESIAN_POINT('',(-3.141796700058,278.7761322638));
#9917 = CARTESIAN_POINT('',(-3.141572896408,278.93539319007));
#9918 = CARTESIAN_POINT('',(-3.141514626874,279.09424895666));
#9919 = CARTESIAN_POINT('',(-3.141591316247,279.25268810791));
#9920 = CARTESIAN_POINT('',(-3.141674649917,279.41108934474));
#9921 = CARTESIAN_POINT('',(-3.141643667281,279.56988990547));
#9922 = CARTESIAN_POINT('',(-3.141352013561,279.72930178724));
#9923 = CARTESIAN_POINT('',(-3.141269392751,279.88821309559));
#9924 = CARTESIAN_POINT('',(-3.141527103339,280.04620847378));
#9925 = CARTESIAN_POINT('',(-3.141822491998,280.20402376469));
#9926 = CARTESIAN_POINT('',(-3.141855500951,280.36260788505));
#9927 = CARTESIAN_POINT('',(-3.141706650775,280.52168734532));
#9928 = CARTESIAN_POINT('',(-3.141510782216,280.68090956741));
#9929 = CARTESIAN_POINT('',(-3.141419952078,280.83982625414));
#9930 = CARTESIAN_POINT('',(-3.141504697441,280.99824940754));
#9931 = CARTESIAN_POINT('',(-3.14163050363,281.15657743716));
#9932 = CARTESIAN_POINT('',(-3.141659918285,281.31515245662));
#9933 = CARTESIAN_POINT('',(-3.141644635109,281.47386243164));
#9934 = CARTESIAN_POINT('',(-3.141593690322,281.63265951945));
#9935 = CARTESIAN_POINT('',(-3.141536525141,281.79150329388));
#9936 = CARTESIAN_POINT('',(-3.141576030197,281.95005490947));
#9937 = CARTESIAN_POINT('',(-3.141638916551,282.10855153114));
#9938 = CARTESIAN_POINT('',(-3.141597089562,282.26732983668));
#9939 = CARTESIAN_POINT('',(-3.141554475243,282.42611926476));
#9940 = CARTESIAN_POINT('',(-3.141591571681,282.58467317773));
#9941 = CARTESIAN_POINT('',(-3.141600561249,282.69042527353));
#9942 = CARTESIAN_POINT('',(-3.14159265359,282.74333882308));
#9943 = ( GEOMETRIC_REPRESENTATION_CONTEXT(2) 
PARAMETRIC_REPRESENTATION_CONTEXT() REPRESENTATION_CONTEXT('2D SPACE',''
  ) );
#9944 = ORIENTED_EDGE('',*,*,#9945,.F.);
#9945 = EDGE_CURVE('',#5032,#5032,#9946,.T.);
#9946 = SURFACE_CURVE('',#9947,(#9952,#9959),.PCURVE_S1.);
#9947 = CIRCLE('',#9948,0.5);
#9948 = AXIS2_PLACEMENT_3D('',#9949,#9950,#9951);
#9949 = CARTESIAN_POINT('',(119.47852645224,16.849530074473,
    24.999759710437));
#9950 = DIRECTION('',(-0.748955720789,0.662620048216,5.489774860324E-14)
  );
#9951 = DIRECTION('',(-0.662620048216,-0.748955720789,
    -3.739119128288E-14));
#9952 = PCURVE('',#31,#9953);
#9953 = DEFINITIONAL_REPRESENTATION('',(#9954),#9958);
#9954 = LINE('',#9955,#9956);
#9955 = CARTESIAN_POINT('',(-6.28318530718,282.74333882308));
#9956 = VECTOR('',#9957,1.);
#9957 = DIRECTION('',(1.,0.));
#9958 = ( GEOMETRIC_REPRESENTATION_CONTEXT(2) 
PARAMETRIC_REPRESENTATION_CONTEXT() REPRESENTATION_CONTEXT('2D SPACE',''
  ) );
#9959 = PCURVE('',#9960,#9965);
#9960 = PLANE('',#9961);
#9961 = AXIS2_PLACEMENT_3D('',#9962,#9963,#9964);
#9962 = CARTESIAN_POINT('',(119.47852645224,16.849530074473,
    24.999759710437));
#9963 = DIRECTION('',(-0.748955720789,0.662620048216,5.489774860324E-14)
  );
#9964 = DIRECTION('',(-1.633982990412E-14,6.438069544484E-14,-1.));
#9965 = DEFINITIONAL_REPRESENTATION('',(#9966),#9970);
#9966 = CIRCLE('',#9967,0.5);
#9967 = AXIS2_PLACEMENT_2D('',#9968,#9969);
#9968 = CARTESIAN_POINT('',(0.,0.));
#9969 = DIRECTION('',(-3.155443620884E-30,1.));
#9970 = ( GEOMETRIC_REPRESENTATION_CONTEXT(2) 
PARAMETRIC_REPRESENTATION_CONTEXT() REPRESENTATION_CONTEXT('2D SPACE',''
  ) );
#9971 = ORIENTED_EDGE('',*,*,#5031,.F.);
#9972 = ADVANCED_FACE('',(#9973),#9960,.T.);
#9973 = FACE_BOUND('',#9974,.T.);
#9974 = EDGE_LOOP('',(#9975));
#9975 = ORIENTED_EDGE('',*,*,#9945,.T.);
#9976 = ADVANCED_FACE('',(#9977),#5019,.F.);
#9977 = FACE_BOUND('',#9978,.T.);
#9978 = EDGE_LOOP('',(#9979));
#9979 = ORIENTED_EDGE('',*,*,#21,.F.);
#9980 = ( GEOMETRIC_REPRESENTATION_CONTEXT(3) 
GLOBAL_UNCERTAINTY_ASSIGNED_CONTEXT((#9984)) 
GLOBAL_UNIT_ASSIGNED_CONTEXT((#9981,#9982,#9983)) REPRESENTATION_CONTEXT
('Context #1','3D Context with UNIT and UNCERTAINTY') );
#9981 = ( LENGTH_UNIT() NAMED_UNIT(*) SI_UNIT(.MILLI.,.METRE.) );
#9982 = ( NAMED_UNIT(*) PLANE_ANGLE_UNIT() SI_UNIT($,.RADIAN.) );
#9983 = ( NAMED_UNIT(*) SI_UNIT($,.STERADIAN.) SOLID_ANGLE_UNIT() );
#9984 = UNCERTAINTY_MEASURE_WITH_UNIT(LENGTH_MEASURE(2.E-02),#9981,
  'distance_accuracy_value','confusion accuracy');
#9985 = PRODUCT_RELATED_PRODUCT_CATEGORY('part',$,(#7));
ENDSEC;
END-ISO-10303-21;
