ISO-10303-21;
HEADER;
FILE_DESCRIPTION(('Open CASCADE Model'),'2;1');
FILE_NAME('Open CASCADE Shape Model','2026-10-05T13:13:48',('Author'),(
    'Open CASCADE'),'Open CASCADE STEP processor 8.0','Open CASCADE 8.0'
  ,'Unknown');
FILE_SCHEMA(('AUTOMOTIVE_DESIGN { 1 0 10303 214 1 1 1 1 }'));
ENDSEC;
DATA;
#1 = APPLICATION_PROTOCOL_DEFINITION('international standard',
  'automotive_design',2000,#2);
#2 = APPLICATION_CONTEXT(
  'core data for automotive mechanical design processes');
#3 = SHAPE_DEFINITION_REPRESENTATION(#4,#10);
#4 = PRODUCT_DEFINITION_SHAPE('','',#5);
#5 = PRODUCT_DEFINITION('design','',#6,#9);
#6 = PRODUCT_DEFINITION_FORMATION('','',#7);
#7 = PRODUCT('utron_coil_1 6','utron_coil_1 6','',(#8));
#8 = PRODUCT_CONTEXT('',#2,'mechanical');
#9 = PRODUCT_DEFINITION_CONTEXT('part definition',#2,'design');
#10 = ADVANCED_BREP_SHAPE_REPRESENTATION('',(#11,#15),#5581);
#11 = AXIS2_PLACEMENT_3D('',#12,#13,#14);
#12 = CARTESIAN_POINT('',(0.,0.,0.));
#13 = DIRECTION('',(0.,0.,1.));
#14 = DIRECTION('',(1.,0.,-0.));
#15 = MANIFOLD_SOLID_BREP('',#16);
#16 = CLOSED_SHELL('',(#17,#5573,#5577));
#17 = ADVANCED_FACE('',(#18),#31,.T.);
#18 = FACE_BOUND('',#19,.T.);
#19 = EDGE_LOOP('',(#20,#5024,#5541,#5572));
#20 = ORIENTED_EDGE('',*,*,#21,.T.);
#21 = EDGE_CURVE('',#22,#22,#24,.T.);
#22 = VERTEX_POINT('',#23);
#23 = CARTESIAN_POINT('',(21.420204602618,-3.838290503547E-14,
    23.041765785945));
#24 = SURFACE_CURVE('',#25,(#30,#5008),.PCURVE_S1.);
#25 = CIRCLE('',#26,0.5);
#26 = AXIS2_PLACEMENT_3D('',#27,#28,#29);
#27 = CARTESIAN_POINT('',(20.920204602618,-3.832167269551E-14,
    23.041765785945));
#28 = DIRECTION('',(1.224646799147E-16,1.,-0.));
#29 = DIRECTION('',(-1.,1.224646799147E-16,0.));
#30 = PCURVE('',#31,#5002);
#31 = B_SPLINE_SURFACE_WITH_KNOTS('',3,3,(
    (#32,#33,#34,#35,#36,#37,#38,#39,#40,#41,#42,#43,#44,#45,#46,#47,#48
      ,#49,#50,#51,#52,#53,#54,#55,#56,#57,#58,#59,#60,#61,#62,#63,#64
      ,#65,#66,#67,#68,#69,#70,#71,#72,#73,#74,#75,#76,#77,#78,#79,#80
      ,#81,#82,#83,#84,#85,#86,#87,#88,#89,#90,#91,#92,#93,#94,#95,#96
      ,#97,#98,#99,#100,#101,#102,#103,#104,#105,#106,#107,#108,#109
      ,#110,#111,#112,#113,#114,#115,#116,#117,#118,#119,#120,#121,#122
      ,#123,#124,#125,#126,#127,#128,#129,#130,#131,#132,#133,#134,#135
      ,#136,#137,#138,#139,#140,#141,#142,#143,#144,#145,#146,#147,#148
      ,#149,#150,#151,#152,#153,#154,#155,#156,#157,#158,#159,#160,#161
      ,#162,#163,#164,#165,#166,#167,#168,#169,#170,#171,#172,#173,#174
      ,#175,#176,#177,#178,#179,#180,#181,#182,#183,#184,#185,#186,#187
      ,#188,#189,#190,#191,#192,#193,#194,#195,#196,#197,#198,#199,#200
      ,#201,#202,#203,#204,#205,#206,#207,#208,#209,#210,#211,#212,#213
      ,#214,#215,#216,#217,#218,#219,#220,#221,#222,#223,#224,#225,#226
      ,#227,#228,#229,#230,#231,#232,#233,#234,#235,#236,#237,#238,#239
      ,#240,#241,#242,#243,#244,#245,#246,#247,#248,#249,#250,#251,#252
      ,#253,#254,#255,#256,#257,#258,#259,#260,#261,#262,#263,#264,#265
      ,#266,#267,#268,#269,#270,#271,#272,#273,#274,#275,#276,#277,#278
      ,#279,#280,#281,#282,#283,#284,#285,#286,#287,#288,#289,#290,#291
      ,#292,#293,#294,#295,#296,#297,#298,#299,#300,#301,#302,#303,#304
      ,#305,#306,#307,#308,#309,#310,#311,#312,#313,#314,#315,#316,#317
      ,#318,#319,#320,#321,#322,#323,#324,#325,#326,#327,#328,#329,#330
      ,#331,#332,#333,#334,#335,#336,#337,#338,#339,#340,#341,#342,#343
      ,#344,#345,#346,#347,#348,#349,#350,#351,#352,#353,#354,#355,#356
      ,#357,#358,#359,#360,#361,#362,#363,#364,#365,#366,#367,#368,#369
      ,#370,#371,#372,#373,#374,#375,#376,#377,#378,#379,#380,#381,#382
      ,#383,#384,#385,#386,#387,#388,#389,#390,#391,#392,#393,#394,#395
      ,#396,#397,#398,#399,#400,#401,#402,#403,#404,#405,#406,#407,#408
      ,#409,#410,#411,#412,#413,#414,#415,#416,#417,#418,#419,#420,#421
      ,#422,#423,#424,#425,#426,#427,#428,#429,#430,#431,#432,#433,#434
      ,#435,#436,#437,#438,#439,#440,#441,#442,#443,#444,#445,#446,#447
      ,#448,#449,#450,#451,#452,#453,#454,#455,#456,#457,#458,#459,#460
      ,#461,#462,#463,#464,#465,#466,#467,#468,#469,#470,#471,#472,#473
      ,#474,#475,#476,#477,#478,#479,#480,#481,#482,#483,#484,#485,#486
      ,#487,#488,#489,#490,#491,#492,#493,#494,#495,#496,#497,#498,#499
      ,#500,#501,#502,#503,#504,#505,#506,#507,#508,#509,#510,#511,#512
      ,#513,#514,#515,#516,#517,#518,#519,#520,#521,#522,#523,#524,#525
      ,#526,#527,#528)
    ,(#529,#530,#531,#532,#533,#534,#535,#536,#537,#538,#539,#540,#541
      ,#542,#543,#544,#545,#546,#547,#548,#549,#550,#551,#552,#553,#554
      ,#555,#556,#557,#558,#559,#560,#561,#562,#563,#564,#565,#566,#567
      ,#568,#569,#570,#571,#572,#573,#574,#575,#576,#577,#578,#579,#580
      ,#581,#582,#583,#584,#585,#586,#587,#588,#589,#590,#591,#592,#593
      ,#594,#595,#596,#597,#598,#599,#600,#601,#602,#603,#604,#605,#606
      ,#607,#608,#609,#610,#611,#612,#613,#614,#615,#616,#617,#618,#619
      ,#620,#621,#622,#623,#624,#625,#626,#627,#628,#629,#630,#631,#632
      ,#633,#634,#635,#636,#637,#638,#639,#640,#641,#642,#643,#644,#645
      ,#646,#647,#648,#649,#650,#651,#652,#653,#654,#655,#656,#657,#658
      ,#659,#660,#661,#662,#663,#664,#665,#666,#667,#668,#669,#670,#671
      ,#672,#673,#674,#675,#676,#677,#678,#679,#680,#681,#682,#683,#684
      ,#685,#686,#687,#688,#689,#690,#691,#692,#693,#694,#695,#696,#697
      ,#698,#699,#700,#701,#702,#703,#704,#705,#706,#707,#708,#709,#710
      ,#711,#712,#713,#714,#715,#716,#717,#718,#719,#720,#721,#722,#723
      ,#724,#725,#726,#727,#728,#729,#730,#731,#732,#733,#734,#735,#736
      ,#737,#738,#739,#740,#741,#742,#743,#744,#745,#746,#747,#748,#749
      ,#750,#751,#752,#753,#754,#755,#756,#757,#758,#759,#760,#761,#762
      ,#763,#764,#765,#766,#767,#768,#769,#770,#771,#772,#773,#774,#775
      ,#776,#777,#778,#779,#780,#781,#782,#783,#784,#785,#786,#787,#788
      ,#789,#790,#791,#792,#793,#794,#795,#796,#797,#798,#799,#800,#801
      ,#802,#803,#804,#805,#806,#807,#808,#809,#810,#811,#812,#813,#814
      ,#815,#816,#817,#818,#819,#820,#821,#822,#823,#824,#825,#826,#827
      ,#828,#829,#830,#831,#832,#833,#834,#835,#836,#837,#838,#839,#840
      ,#841,#842,#843,#844,#845,#846,#847,#848,#849,#850,#851,#852,#853
      ,#854,#855,#856,#857,#858,#859,#860,#861,#862,#863,#864,#865,#866
      ,#867,#868,#869,#870,#871,#872,#873,#874,#875,#876,#877,#878,#879
      ,#880,#881,#882,#883,#884,#885,#886,#887,#888,#889,#890,#891,#892
      ,#893,#894,#895,#896,#897,#898,#899,#900,#901,#902,#903,#904,#905
      ,#906,#907,#908,#909,#910,#911,#912,#913,#914,#915,#916,#917,#918
      ,#919,#920,#921,#922,#923,#924,#925,#926,#927,#928,#929,#930,#931
      ,#932,#933,#934,#935,#936,#937,#938,#939,#940,#941,#942,#943,#944
      ,#945,#946,#947,#948,#949,#950,#951,#952,#953,#954,#955,#956,#957
      ,#958,#959,#960,#961,#962,#963,#964,#965,#966,#967,#968,#969,#970
      ,#971,#972,#973,#974,#975,#976,#977,#978,#979,#980,#981,#982,#983
      ,#984,#985,#986,#987,#988,#989,#990,#991,#992,#993,#994,#995,#996
      ,#997,#998,#999,#1000,#1001,#1002,#1003,#1004,#1005,#1006,#1007
      ,#1008,#1009,#1010,#1011,#1012,#1013,#1014,#1015,#1016,#1017,#1018
      ,#1019,#1020,#1021,#1022,#1023,#1024,#1025)
    ,(#1026,#1027,#1028,#1029,#1030,#1031,#1032,#1033,#1034,#1035,#1036
      ,#1037,#1038,#1039,#1040,#1041,#1042,#1043,#1044,#1045,#1046,#1047
      ,#1048,#1049,#1050,#1051,#1052,#1053,#1054,#1055,#1056,#1057,#1058
      ,#1059,#1060,#1061,#1062,#1063,#1064,#1065,#1066,#1067,#1068,#1069
      ,#1070,#1071,#1072,#1073,#1074,#1075,#1076,#1077,#1078,#1079,#1080
      ,#1081,#1082,#1083,#1084,#1085,#1086,#1087,#1088,#1089,#1090,#1091
      ,#1092,#1093,#1094,#1095,#1096,#1097,#1098,#1099,#1100,#1101,#1102
      ,#1103,#1104,#1105,#1106,#1107,#1108,#1109,#1110,#1111,#1112,#1113
      ,#1114,#1115,#1116,#1117,#1118,#1119,#1120,#1121,#1122,#1123,#1124
      ,#1125,#1126,#1127,#1128,#1129,#1130,#1131,#1132,#1133,#1134,#1135
      ,#1136,#1137,#1138,#1139,#1140,#1141,#1142,#1143,#1144,#1145,#1146
      ,#1147,#1148,#1149,#1150,#1151,#1152,#1153,#1154,#1155,#1156,#1157
      ,#1158,#1159,#1160,#1161,#1162,#1163,#1164,#1165,#1166,#1167,#1168
      ,#1169,#1170,#1171,#1172,#1173,#1174,#1175,#1176,#1177,#1178,#1179
      ,#1180,#1181,#1182,#1183,#1184,#1185,#1186,#1187,#1188,#1189,#1190
      ,#1191,#1192,#1193,#1194,#1195,#1196,#1197,#1198,#1199,#1200,#1201
      ,#1202,#1203,#1204,#1205,#1206,#1207,#1208,#1209,#1210,#1211,#1212
      ,#1213,#1214,#1215,#1216,#1217,#1218,#1219,#1220,#1221,#1222,#1223
      ,#1224,#1225,#1226,#1227,#1228,#1229,#1230,#1231,#1232,#1233,#1234
      ,#1235,#1236,#1237,#1238,#1239,#1240,#1241,#1242,#1243,#1244,#1245
      ,#1246,#1247,#1248,#1249,#1250,#1251,#1252,#1253,#1254,#1255,#1256
      ,#1257,#1258,#1259,#1260,#1261,#1262,#1263,#1264,#1265,#1266,#1267
      ,#1268,#1269,#1270,#1271,#1272,#1273,#1274,#1275,#1276,#1277,#1278
      ,#1279,#1280,#1281,#1282,#1283,#1284,#1285,#1286,#1287,#1288,#1289
      ,#1290,#1291,#1292,#1293,#1294,#1295,#1296,#1297,#1298,#1299,#1300
      ,#1301,#1302,#1303,#1304,#1305,#1306,#1307,#1308,#1309,#1310,#1311
      ,#1312,#1313,#1314,#1315,#1316,#1317,#1318,#1319,#1320,#1321,#1322
      ,#1323,#1324,#1325,#1326,#1327,#1328,#1329,#1330,#1331,#1332,#1333
      ,#1334,#1335,#1336,#1337,#1338,#1339,#1340,#1341,#1342,#1343,#1344
      ,#1345,#1346,#1347,#1348,#1349,#1350,#1351,#1352,#1353,#1354,#1355
      ,#1356,#1357,#1358,#1359,#1360,#1361,#1362,#1363,#1364,#1365,#1366
      ,#1367,#1368,#1369,#1370,#1371,#1372,#1373,#1374,#1375,#1376,#1377
      ,#1378,#1379,#1380,#1381,#1382,#1383,#1384,#1385,#1386,#1387,#1388
      ,#1389,#1390,#1391,#1392,#1393,#1394,#1395,#1396,#1397,#1398,#1399
      ,#1400,#1401,#1402,#1403,#1404,#1405,#1406,#1407,#1408,#1409,#1410
      ,#1411,#1412,#1413,#1414,#1415,#1416,#1417,#1418,#1419,#1420,#1421
      ,#1422,#1423,#1424,#1425,#1426,#1427,#1428,#1429,#1430,#1431,#1432
      ,#1433,#1434,#1435,#1436,#1437,#1438,#1439,#1440,#1441,#1442,#1443
      ,#1444,#1445,#1446,#1447,#1448,#1449,#1450,#1451,#1452,#1453,#1454
      ,#1455,#1456,#1457,#1458,#1459,#1460,#1461,#1462,#1463,#1464,#1465
      ,#1466,#1467,#1468,#1469,#1470,#1471,#1472,#1473,#1474,#1475,#1476
      ,#1477,#1478,#1479,#1480,#1481,#1482,#1483,#1484,#1485,#1486,#1487
      ,#1488,#1489,#1490,#1491,#1492,#1493,#1494,#1495,#1496,#1497,#1498
      ,#1499,#1500,#1501,#1502,#1503,#1504,#1505,#1506,#1507,#1508,#1509
      ,#1510,#1511,#1512,#1513,#1514,#1515,#1516,#1517,#1518,#1519,#1520
      ,#1521,#1522)
    ,(#1523,#1524,#1525,#1526,#1527,#1528,#1529,#1530,#1531,#1532,#1533
      ,#1534,#1535,#1536,#1537,#1538,#1539,#1540,#1541,#1542,#1543,#1544
      ,#1545,#1546,#1547,#1548,#1549,#1550,#1551,#1552,#1553,#1554,#1555
      ,#1556,#1557,#1558,#1559,#1560,#1561,#1562,#1563,#1564,#1565,#1566
      ,#1567,#1568,#1569,#1570,#1571,#1572,#1573,#1574,#1575,#1576,#1577
      ,#1578,#1579,#1580,#1581,#1582,#1583,#1584,#1585,#1586,#1587,#1588
      ,#1589,#1590,#1591,#1592,#1593,#1594,#1595,#1596,#1597,#1598,#1599
      ,#1600,#1601,#1602,#1603,#1604,#1605,#1606,#1607,#1608,#1609,#1610
      ,#1611,#1612,#1613,#1614,#1615,#1616,#1617,#1618,#1619,#1620,#1621
      ,#1622,#1623,#1624,#1625,#1626,#1627,#1628,#1629,#1630,#1631,#1632
      ,#1633,#1634,#1635,#1636,#1637,#1638,#1639,#1640,#1641,#1642,#1643
      ,#1644,#1645,#1646,#1647,#1648,#1649,#1650,#1651,#1652,#1653,#1654
      ,#1655,#1656,#1657,#1658,#1659,#1660,#1661,#1662,#1663,#1664,#1665
      ,#1666,#1667,#1668,#1669,#1670,#1671,#1672,#1673,#1674,#1675,#1676
      ,#1677,#1678,#1679,#1680,#1681,#1682,#1683,#1684,#1685,#1686,#1687
      ,#1688,#1689,#1690,#1691,#1692,#1693,#1694,#1695,#1696,#1697,#1698
      ,#1699,#1700,#1701,#1702,#1703,#1704,#1705,#1706,#1707,#1708,#1709
      ,#1710,#1711,#1712,#1713,#1714,#1715,#1716,#1717,#1718,#1719,#1720
      ,#1721,#1722,#1723,#1724,#1725,#1726,#1727,#1728,#1729,#1730,#1731
      ,#1732,#1733,#1734,#1735,#1736,#1737,#1738,#1739,#1740,#1741,#1742
      ,#1743,#1744,#1745,#1746,#1747,#1748,#1749,#1750,#1751,#1752,#1753
      ,#1754,#1755,#1756,#1757,#1758,#1759,#1760,#1761,#1762,#1763,#1764
      ,#1765,#1766,#1767,#1768,#1769,#1770,#1771,#1772,#1773,#1774,#1775
      ,#1776,#1777,#1778,#1779,#1780,#1781,#1782,#1783,#1784,#1785,#1786
      ,#1787,#1788,#1789,#1790,#1791,#1792,#1793,#1794,#1795,#1796,#1797
      ,#1798,#1799,#1800,#1801,#1802,#1803,#1804,#1805,#1806,#1807,#1808
      ,#1809,#1810,#1811,#1812,#1813,#1814,#1815,#1816,#1817,#1818,#1819
      ,#1820,#1821,#1822,#1823,#1824,#1825,#1826,#1827,#1828,#1829,#1830
      ,#1831,#1832,#1833,#1834,#1835,#1836,#1837,#1838,#1839,#1840,#1841
      ,#1842,#1843,#1844,#1845,#1846,#1847,#1848,#1849,#1850,#1851,#1852
      ,#1853,#1854,#1855,#1856,#1857,#1858,#1859,#1860,#1861,#1862,#1863
      ,#1864,#1865,#1866,#1867,#1868,#1869,#1870,#1871,#1872,#1873,#1874
      ,#1875,#1876,#1877,#1878,#1879,#1880,#1881,#1882,#1883,#1884,#1885
      ,#1886,#1887,#1888,#1889,#1890,#1891,#1892,#1893,#1894,#1895,#1896
      ,#1897,#1898,#1899,#1900,#1901,#1902,#1903,#1904,#1905,#1906,#1907
      ,#1908,#1909,#1910,#1911,#1912,#1913,#1914,#1915,#1916,#1917,#1918
      ,#1919,#1920,#1921,#1922,#1923,#1924,#1925,#1926,#1927,#1928,#1929
      ,#1930,#1931,#1932,#1933,#1934,#1935,#1936,#1937,#1938,#1939,#1940
      ,#1941,#1942,#1943,#1944,#1945,#1946,#1947,#1948,#1949,#1950,#1951
      ,#1952,#1953,#1954,#1955,#1956,#1957,#1958,#1959,#1960,#1961,#1962
      ,#1963,#1964,#1965,#1966,#1967,#1968,#1969,#1970,#1971,#1972,#1973
      ,#1974,#1975,#1976,#1977,#1978,#1979,#1980,#1981,#1982,#1983,#1984
      ,#1985,#1986,#1987,#1988,#1989,#1990,#1991,#1992,#1993,#1994,#1995
      ,#1996,#1997,#1998,#1999,#2000,#2001,#2002,#2003,#2004,#2005,#2006
      ,#2007,#2008,#2009,#2010,#2011,#2012,#2013,#2014,#2015,#2016,#2017
      ,#2018,#2019)
    ,(#2020,#2021,#2022,#2023,#2024,#2025,#2026,#2027,#2028,#2029,#2030
      ,#2031,#2032,#2033,#2034,#2035,#2036,#2037,#2038,#2039,#2040,#2041
      ,#2042,#2043,#2044,#2045,#2046,#2047,#2048,#2049,#2050,#2051,#2052
      ,#2053,#2054,#2055,#2056,#2057,#2058,#2059,#2060,#2061,#2062,#2063
      ,#2064,#2065,#2066,#2067,#2068,#2069,#2070,#2071,#2072,#2073,#2074
      ,#2075,#2076,#2077,#2078,#2079,#2080,#2081,#2082,#2083,#2084,#2085
      ,#2086,#2087,#2088,#2089,#2090,#2091,#2092,#2093,#2094,#2095,#2096
      ,#2097,#2098,#2099,#2100,#2101,#2102,#2103,#2104,#2105,#2106,#2107
      ,#2108,#2109,#2110,#2111,#2112,#2113,#2114,#2115,#2116,#2117,#2118
      ,#2119,#2120,#2121,#2122,#2123,#2124,#2125,#2126,#2127,#2128,#2129
      ,#2130,#2131,#2132,#2133,#2134,#2135,#2136,#2137,#2138,#2139,#2140
      ,#2141,#2142,#2143,#2144,#2145,#2146,#2147,#2148,#2149,#2150,#2151
      ,#2152,#2153,#2154,#2155,#2156,#2157,#2158,#2159,#2160,#2161,#2162
      ,#2163,#2164,#2165,#2166,#2167,#2168,#2169,#2170,#2171,#2172,#2173
      ,#2174,#2175,#2176,#2177,#2178,#2179,#2180,#2181,#2182,#2183,#2184
      ,#2185,#2186,#2187,#2188,#2189,#2190,#2191,#2192,#2193,#2194,#2195
      ,#2196,#2197,#2198,#2199,#2200,#2201,#2202,#2203,#2204,#2205,#2206
      ,#2207,#2208,#2209,#2210,#2211,#2212,#2213,#2214,#2215,#2216,#2217
      ,#2218,#2219,#2220,#2221,#2222,#2223,#2224,#2225,#2226,#2227,#2228
      ,#2229,#2230,#2231,#2232,#2233,#2234,#2235,#2236,#2237,#2238,#2239
      ,#2240,#2241,#2242,#2243,#2244,#2245,#2246,#2247,#2248,#2249,#2250
      ,#2251,#2252,#2253,#2254,#2255,#2256,#2257,#2258,#2259,#2260,#2261
      ,#2262,#2263,#2264,#2265,#2266,#2267,#2268,#2269,#2270,#2271,#2272
      ,#2273,#2274,#2275,#2276,#2277,#2278,#2279,#2280,#2281,#2282,#2283
      ,#2284,#2285,#2286,#2287,#2288,#2289,#2290,#2291,#2292,#2293,#2294
      ,#2295,#2296,#2297,#2298,#2299,#2300,#2301,#2302,#2303,#2304,#2305
      ,#2306,#2307,#2308,#2309,#2310,#2311,#2312,#2313,#2314,#2315,#2316
      ,#2317,#2318,#2319,#2320,#2321,#2322,#2323,#2324,#2325,#2326,#2327
      ,#2328,#2329,#2330,#2331,#2332,#2333,#2334,#2335,#2336,#2337,#2338
      ,#2339,#2340,#2341,#2342,#2343,#2344,#2345,#2346,#2347,#2348,#2349
      ,#2350,#2351,#2352,#2353,#2354,#2355,#2356,#2357,#2358,#2359,#2360
      ,#2361,#2362,#2363,#2364,#2365,#2366,#2367,#2368,#2369,#2370,#2371
      ,#2372,#2373,#2374,#2375,#2376,#2377,#2378,#2379,#2380,#2381,#2382
      ,#2383,#2384,#2385,#2386,#2387,#2388,#2389,#2390,#2391,#2392,#2393
      ,#2394,#2395,#2396,#2397,#2398,#2399,#2400,#2401,#2402,#2403,#2404
      ,#2405,#2406,#2407,#2408,#2409,#2410,#2411,#2412,#2413,#2414,#2415
      ,#2416,#2417,#2418,#2419,#2420,#2421,#2422,#2423,#2424,#2425,#2426
      ,#2427,#2428,#2429,#2430,#2431,#2432,#2433,#2434,#2435,#2436,#2437
      ,#2438,#2439,#2440,#2441,#2442,#2443,#2444,#2445,#2446,#2447,#2448
      ,#2449,#2450,#2451,#2452,#2453,#2454,#2455,#2456,#2457,#2458,#2459
      ,#2460,#2461,#2462,#2463,#2464,#2465,#2466,#2467,#2468,#2469,#2470
      ,#2471,#2472,#2473,#2474,#2475,#2476,#2477,#2478,#2479,#2480,#2481
      ,#2482,#2483,#2484,#2485,#2486,#2487,#2488,#2489,#2490,#2491,#2492
      ,#2493,#2494,#2495,#2496,#2497,#2498,#2499,#2500,#2501,#2502,#2503
      ,#2504,#2505,#2506,#2507,#2508,#2509,#2510,#2511,#2512,#2513,#2514
      ,#2515,#2516)
    ,(#2517,#2518,#2519,#2520,#2521,#2522,#2523,#2524,#2525,#2526,#2527
      ,#2528,#2529,#2530,#2531,#2532,#2533,#2534,#2535,#2536,#2537,#2538
      ,#2539,#2540,#2541,#2542,#2543,#2544,#2545,#2546,#2547,#2548,#2549
      ,#2550,#2551,#2552,#2553,#2554,#2555,#2556,#2557,#2558,#2559,#2560
      ,#2561,#2562,#2563,#2564,#2565,#2566,#2567,#2568,#2569,#2570,#2571
      ,#2572,#2573,#2574,#2575,#2576,#2577,#2578,#2579,#2580,#2581,#2582
      ,#2583,#2584,#2585,#2586,#2587,#2588,#2589,#2590,#2591,#2592,#2593
      ,#2594,#2595,#2596,#2597,#2598,#2599,#2600,#2601,#2602,#2603,#2604
      ,#2605,#2606,#2607,#2608,#2609,#2610,#2611,#2612,#2613,#2614,#2615
      ,#2616,#2617,#2618,#2619,#2620,#2621,#2622,#2623,#2624,#2625,#2626
      ,#2627,#2628,#2629,#2630,#2631,#2632,#2633,#2634,#2635,#2636,#2637
      ,#2638,#2639,#2640,#2641,#2642,#2643,#2644,#2645,#2646,#2647,#2648
      ,#2649,#2650,#2651,#2652,#2653,#2654,#2655,#2656,#2657,#2658,#2659
      ,#2660,#2661,#2662,#2663,#2664,#2665,#2666,#2667,#2668,#2669,#2670
      ,#2671,#2672,#2673,#2674,#2675,#2676,#2677,#2678,#2679,#2680,#2681
      ,#2682,#2683,#2684,#2685,#2686,#2687,#2688,#2689,#2690,#2691,#2692
      ,#2693,#2694,#2695,#2696,#2697,#2698,#2699,#2700,#2701,#2702,#2703
      ,#2704,#2705,#2706,#2707,#2708,#2709,#2710,#2711,#2712,#2713,#2714
      ,#2715,#2716,#2717,#2718,#2719,#2720,#2721,#2722,#2723,#2724,#2725
      ,#2726,#2727,#2728,#2729,#2730,#2731,#2732,#2733,#2734,#2735,#2736
      ,#2737,#2738,#2739,#2740,#2741,#2742,#2743,#2744,#2745,#2746,#2747
      ,#2748,#2749,#2750,#2751,#2752,#2753,#2754,#2755,#2756,#2757,#2758
      ,#2759,#2760,#2761,#2762,#2763,#2764,#2765,#2766,#2767,#2768,#2769
      ,#2770,#2771,#2772,#2773,#2774,#2775,#2776,#2777,#2778,#2779,#2780
      ,#2781,#2782,#2783,#2784,#2785,#2786,#2787,#2788,#2789,#2790,#2791
      ,#2792,#2793,#2794,#2795,#2796,#2797,#2798,#2799,#2800,#2801,#2802
      ,#2803,#2804,#2805,#2806,#2807,#2808,#2809,#2810,#2811,#2812,#2813
      ,#2814,#2815,#2816,#2817,#2818,#2819,#2820,#2821,#2822,#2823,#2824
      ,#2825,#2826,#2827,#2828,#2829,#2830,#2831,#2832,#2833,#2834,#2835
      ,#2836,#2837,#2838,#2839,#2840,#2841,#2842,#2843,#2844,#2845,#2846
      ,#2847,#2848,#2849,#2850,#2851,#2852,#2853,#2854,#2855,#2856,#2857
      ,#2858,#2859,#2860,#2861,#2862,#2863,#2864,#2865,#2866,#2867,#2868
      ,#2869,#2870,#2871,#2872,#2873,#2874,#2875,#2876,#2877,#2878,#2879
      ,#2880,#2881,#2882,#2883,#2884,#2885,#2886,#2887,#2888,#2889,#2890
      ,#2891,#2892,#2893,#2894,#2895,#2896,#2897,#2898,#2899,#2900,#2901
      ,#2902,#2903,#2904,#2905,#2906,#2907,#2908,#2909,#2910,#2911,#2912
      ,#2913,#2914,#2915,#2916,#2917,#2918,#2919,#2920,#2921,#2922,#2923
      ,#2924,#2925,#2926,#2927,#2928,#2929,#2930,#2931,#2932,#2933,#2934
      ,#2935,#2936,#2937,#2938,#2939,#2940,#2941,#2942,#2943,#2944,#2945
      ,#2946,#2947,#2948,#2949,#2950,#2951,#2952,#2953,#2954,#2955,#2956
      ,#2957,#2958,#2959,#2960,#2961,#2962,#2963,#2964,#2965,#2966,#2967
      ,#2968,#2969,#2970,#2971,#2972,#2973,#2974,#2975,#2976,#2977,#2978
      ,#2979,#2980,#2981,#2982,#2983,#2984,#2985,#2986,#2987,#2988,#2989
      ,#2990,#2991,#2992,#2993,#2994,#2995,#2996,#2997,#2998,#2999,#3000
      ,#3001,#3002,#3003,#3004,#3005,#3006,#3007,#3008,#3009,#3010,#3011
      ,#3012,#3013)
    ,(#3014,#3015,#3016,#3017,#3018,#3019,#3020,#3021,#3022,#3023,#3024
      ,#3025,#3026,#3027,#3028,#3029,#3030,#3031,#3032,#3033,#3034,#3035
      ,#3036,#3037,#3038,#3039,#3040,#3041,#3042,#3043,#3044,#3045,#3046
      ,#3047,#3048,#3049,#3050,#3051,#3052,#3053,#3054,#3055,#3056,#3057
      ,#3058,#3059,#3060,#3061,#3062,#3063,#3064,#3065,#3066,#3067,#3068
      ,#3069,#3070,#3071,#3072,#3073,#3074,#3075,#3076,#3077,#3078,#3079
      ,#3080,#3081,#3082,#3083,#3084,#3085,#3086,#3087,#3088,#3089,#3090
      ,#3091,#3092,#3093,#3094,#3095,#3096,#3097,#3098,#3099,#3100,#3101
      ,#3102,#3103,#3104,#3105,#3106,#3107,#3108,#3109,#3110,#3111,#3112
      ,#3113,#3114,#3115,#3116,#3117,#3118,#3119,#3120,#3121,#3122,#3123
      ,#3124,#3125,#3126,#3127,#3128,#3129,#3130,#3131,#3132,#3133,#3134
      ,#3135,#3136,#3137,#3138,#3139,#3140,#3141,#3142,#3143,#3144,#3145
      ,#3146,#3147,#3148,#3149,#3150,#3151,#3152,#3153,#3154,#3155,#3156
      ,#3157,#3158,#3159,#3160,#3161,#3162,#3163,#3164,#3165,#3166,#3167
      ,#3168,#3169,#3170,#3171,#3172,#3173,#3174,#3175,#3176,#3177,#3178
      ,#3179,#3180,#3181,#3182,#3183,#3184,#3185,#3186,#3187,#3188,#3189
      ,#3190,#3191,#3192,#3193,#3194,#3195,#3196,#3197,#3198,#3199,#3200
      ,#3201,#3202,#3203,#3204,#3205,#3206,#3207,#3208,#3209,#3210,#3211
      ,#3212,#3213,#3214,#3215,#3216,#3217,#3218,#3219,#3220,#3221,#3222
      ,#3223,#3224,#3225,#3226,#3227,#3228,#3229,#3230,#3231,#3232,#3233
      ,#3234,#3235,#3236,#3237,#3238,#3239,#3240,#3241,#3242,#3243,#3244
      ,#3245,#3246,#3247,#3248,#3249,#3250,#3251,#3252,#3253,#3254,#3255
      ,#3256,#3257,#3258,#3259,#3260,#3261,#3262,#3263,#3264,#3265,#3266
      ,#3267,#3268,#3269,#3270,#3271,#3272,#3273,#3274,#3275,#3276,#3277
      ,#3278,#3279,#3280,#3281,#3282,#3283,#3284,#3285,#3286,#3287,#3288
      ,#3289,#3290,#3291,#3292,#3293,#3294,#3295,#3296,#3297,#3298,#3299
      ,#3300,#3301,#3302,#3303,#3304,#3305,#3306,#3307,#3308,#3309,#3310
      ,#3311,#3312,#3313,#3314,#3315,#3316,#3317,#3318,#3319,#3320,#3321
      ,#3322,#3323,#3324,#3325,#3326,#3327,#3328,#3329,#3330,#3331,#3332
      ,#3333,#3334,#3335,#3336,#3337,#3338,#3339,#3340,#3341,#3342,#3343
      ,#3344,#3345,#3346,#3347,#3348,#3349,#3350,#3351,#3352,#3353,#3354
      ,#3355,#3356,#3357,#3358,#3359,#3360,#3361,#3362,#3363,#3364,#3365
      ,#3366,#3367,#3368,#3369,#3370,#3371,#3372,#3373,#3374,#3375,#3376
      ,#3377,#3378,#3379,#3380,#3381,#3382,#3383,#3384,#3385,#3386,#3387
      ,#3388,#3389,#3390,#3391,#3392,#3393,#3394,#3395,#3396,#3397,#3398
      ,#3399,#3400,#3401,#3402,#3403,#3404,#3405,#3406,#3407,#3408,#3409
      ,#3410,#3411,#3412,#3413,#3414,#3415,#3416,#3417,#3418,#3419,#3420
      ,#3421,#3422,#3423,#3424,#3425,#3426,#3427,#3428,#3429,#3430,#3431
      ,#3432,#3433,#3434,#3435,#3436,#3437,#3438,#3439,#3440,#3441,#3442
      ,#3443,#3444,#3445,#3446,#3447,#3448,#3449,#3450,#3451,#3452,#3453
      ,#3454,#3455,#3456,#3457,#3458,#3459,#3460,#3461,#3462,#3463,#3464
      ,#3465,#3466,#3467,#3468,#3469,#3470,#3471,#3472,#3473,#3474,#3475
      ,#3476,#3477,#3478,#3479,#3480,#3481,#3482,#3483,#3484,#3485,#3486
      ,#3487,#3488,#3489,#3490,#3491,#3492,#3493,#3494,#3495,#3496,#3497
      ,#3498,#3499,#3500,#3501,#3502,#3503,#3504,#3505,#3506,#3507,#3508
      ,#3509,#3510)
    ,(#3511,#3512,#3513,#3514,#3515,#3516,#3517,#3518,#3519,#3520,#3521
      ,#3522,#3523,#3524,#3525,#3526,#3527,#3528,#3529,#3530,#3531,#3532
      ,#3533,#3534,#3535,#3536,#3537,#3538,#3539,#3540,#3541,#3542,#3543
      ,#3544,#3545,#3546,#3547,#3548,#3549,#3550,#3551,#3552,#3553,#3554
      ,#3555,#3556,#3557,#3558,#3559,#3560,#3561,#3562,#3563,#3564,#3565
      ,#3566,#3567,#3568,#3569,#3570,#3571,#3572,#3573,#3574,#3575,#3576
      ,#3577,#3578,#3579,#3580,#3581,#3582,#3583,#3584,#3585,#3586,#3587
      ,#3588,#3589,#3590,#3591,#3592,#3593,#3594,#3595,#3596,#3597,#3598
      ,#3599,#3600,#3601,#3602,#3603,#3604,#3605,#3606,#3607,#3608,#3609
      ,#3610,#3611,#3612,#3613,#3614,#3615,#3616,#3617,#3618,#3619,#3620
      ,#3621,#3622,#3623,#3624,#3625,#3626,#3627,#3628,#3629,#3630,#3631
      ,#3632,#3633,#3634,#3635,#3636,#3637,#3638,#3639,#3640,#3641,#3642
      ,#3643,#3644,#3645,#3646,#3647,#3648,#3649,#3650,#3651,#3652,#3653
      ,#3654,#3655,#3656,#3657,#3658,#3659,#3660,#3661,#3662,#3663,#3664
      ,#3665,#3666,#3667,#3668,#3669,#3670,#3671,#3672,#3673,#3674,#3675
      ,#3676,#3677,#3678,#3679,#3680,#3681,#3682,#3683,#3684,#3685,#3686
      ,#3687,#3688,#3689,#3690,#3691,#3692,#3693,#3694,#3695,#3696,#3697
      ,#3698,#3699,#3700,#3701,#3702,#3703,#3704,#3705,#3706,#3707,#3708
      ,#3709,#3710,#3711,#3712,#3713,#3714,#3715,#3716,#3717,#3718,#3719
      ,#3720,#3721,#3722,#3723,#3724,#3725,#3726,#3727,#3728,#3729,#3730
      ,#3731,#3732,#3733,#3734,#3735,#3736,#3737,#3738,#3739,#3740,#3741
      ,#3742,#3743,#3744,#3745,#3746,#3747,#3748,#3749,#3750,#3751,#3752
      ,#3753,#3754,#3755,#3756,#3757,#3758,#3759,#3760,#3761,#3762,#3763
      ,#3764,#3765,#3766,#3767,#3768,#3769,#3770,#3771,#3772,#3773,#3774
      ,#3775,#3776,#3777,#3778,#3779,#3780,#3781,#3782,#3783,#3784,#3785
      ,#3786,#3787,#3788,#3789,#3790,#3791,#3792,#3793,#3794,#3795,#3796
      ,#3797,#3798,#3799,#3800,#3801,#3802,#3803,#3804,#3805,#3806,#3807
      ,#3808,#3809,#3810,#3811,#3812,#3813,#3814,#3815,#3816,#3817,#3818
      ,#3819,#3820,#3821,#3822,#3823,#3824,#3825,#3826,#3827,#3828,#3829
      ,#3830,#3831,#3832,#3833,#3834,#3835,#3836,#3837,#3838,#3839,#3840
      ,#3841,#3842,#3843,#3844,#3845,#3846,#3847,#3848,#3849,#3850,#3851
      ,#3852,#3853,#3854,#3855,#3856,#3857,#3858,#3859,#3860,#3861,#3862
      ,#3863,#3864,#3865,#3866,#3867,#3868,#3869,#3870,#3871,#3872,#3873
      ,#3874,#3875,#3876,#3877,#3878,#3879,#3880,#3881,#3882,#3883,#3884
      ,#3885,#3886,#3887,#3888,#3889,#3890,#3891,#3892,#3893,#3894,#3895
      ,#3896,#3897,#3898,#3899,#3900,#3901,#3902,#3903,#3904,#3905,#3906
      ,#3907,#3908,#3909,#3910,#3911,#3912,#3913,#3914,#3915,#3916,#3917
      ,#3918,#3919,#3920,#3921,#3922,#3923,#3924,#3925,#3926,#3927,#3928
      ,#3929,#3930,#3931,#3932,#3933,#3934,#3935,#3936,#3937,#3938,#3939
      ,#3940,#3941,#3942,#3943,#3944,#3945,#3946,#3947,#3948,#3949,#3950
      ,#3951,#3952,#3953,#3954,#3955,#3956,#3957,#3958,#3959,#3960,#3961
      ,#3962,#3963,#3964,#3965,#3966,#3967,#3968,#3969,#3970,#3971,#3972
      ,#3973,#3974,#3975,#3976,#3977,#3978,#3979,#3980,#3981,#3982,#3983
      ,#3984,#3985,#3986,#3987,#3988,#3989,#3990,#3991,#3992,#3993,#3994
      ,#3995,#3996,#3997,#3998,#3999,#4000,#4001,#4002,#4003,#4004,#4005
      ,#4006,#4007)
    ,(#4008,#4009,#4010,#4011,#4012,#4013,#4014,#4015,#4016,#4017,#4018
      ,#4019,#4020,#4021,#4022,#4023,#4024,#4025,#4026,#4027,#4028,#4029
      ,#4030,#4031,#4032,#4033,#4034,#4035,#4036,#4037,#4038,#4039,#4040
      ,#4041,#4042,#4043,#4044,#4045,#4046,#4047,#4048,#4049,#4050,#4051
      ,#4052,#4053,#4054,#4055,#4056,#4057,#4058,#4059,#4060,#4061,#4062
      ,#4063,#4064,#4065,#4066,#4067,#4068,#4069,#4070,#4071,#4072,#4073
      ,#4074,#4075,#4076,#4077,#4078,#4079,#4080,#4081,#4082,#4083,#4084
      ,#4085,#4086,#4087,#4088,#4089,#4090,#4091,#4092,#4093,#4094,#4095
      ,#4096,#4097,#4098,#4099,#4100,#4101,#4102,#4103,#4104,#4105,#4106
      ,#4107,#4108,#4109,#4110,#4111,#4112,#4113,#4114,#4115,#4116,#4117
      ,#4118,#4119,#4120,#4121,#4122,#4123,#4124,#4125,#4126,#4127,#4128
      ,#4129,#4130,#4131,#4132,#4133,#4134,#4135,#4136,#4137,#4138,#4139
      ,#4140,#4141,#4142,#4143,#4144,#4145,#4146,#4147,#4148,#4149,#4150
      ,#4151,#4152,#4153,#4154,#4155,#4156,#4157,#4158,#4159,#4160,#4161
      ,#4162,#4163,#4164,#4165,#4166,#4167,#4168,#4169,#4170,#4171,#4172
      ,#4173,#4174,#4175,#4176,#4177,#4178,#4179,#4180,#4181,#4182,#4183
      ,#4184,#4185,#4186,#4187,#4188,#4189,#4190,#4191,#4192,#4193,#4194
      ,#4195,#4196,#4197,#4198,#4199,#4200,#4201,#4202,#4203,#4204,#4205
      ,#4206,#4207,#4208,#4209,#4210,#4211,#4212,#4213,#4214,#4215,#4216
      ,#4217,#4218,#4219,#4220,#4221,#4222,#4223,#4224,#4225,#4226,#4227
      ,#4228,#4229,#4230,#4231,#4232,#4233,#4234,#4235,#4236,#4237,#4238
      ,#4239,#4240,#4241,#4242,#4243,#4244,#4245,#4246,#4247,#4248,#4249
      ,#4250,#4251,#4252,#4253,#4254,#4255,#4256,#4257,#4258,#4259,#4260
      ,#4261,#4262,#4263,#4264,#4265,#4266,#4267,#4268,#4269,#4270,#4271
      ,#4272,#4273,#4274,#4275,#4276,#4277,#4278,#4279,#4280,#4281,#4282
      ,#4283,#4284,#4285,#4286,#4287,#4288,#4289,#4290,#4291,#4292,#4293
      ,#4294,#4295,#4296,#4297,#4298,#4299,#4300,#4301,#4302,#4303,#4304
      ,#4305,#4306,#4307,#4308,#4309,#4310,#4311,#4312,#4313,#4314,#4315
      ,#4316,#4317,#4318,#4319,#4320,#4321,#4322,#4323,#4324,#4325,#4326
      ,#4327,#4328,#4329,#4330,#4331,#4332,#4333,#4334,#4335,#4336,#4337
      ,#4338,#4339,#4340,#4341,#4342,#4343,#4344,#4345,#4346,#4347,#4348
      ,#4349,#4350,#4351,#4352,#4353,#4354,#4355,#4356,#4357,#4358,#4359
      ,#4360,#4361,#4362,#4363,#4364,#4365,#4366,#4367,#4368,#4369,#4370
      ,#4371,#4372,#4373,#4374,#4375,#4376,#4377,#4378,#4379,#4380,#4381
      ,#4382,#4383,#4384,#4385,#4386,#4387,#4388,#4389,#4390,#4391,#4392
      ,#4393,#4394,#4395,#4396,#4397,#4398,#4399,#4400,#4401,#4402,#4403
      ,#4404,#4405,#4406,#4407,#4408,#4409,#4410,#4411,#4412,#4413,#4414
      ,#4415,#4416,#4417,#4418,#4419,#4420,#4421,#4422,#4423,#4424,#4425
      ,#4426,#4427,#4428,#4429,#4430,#4431,#4432,#4433,#4434,#4435,#4436
      ,#4437,#4438,#4439,#4440,#4441,#4442,#4443,#4444,#4445,#4446,#4447
      ,#4448,#4449,#4450,#4451,#4452,#4453,#4454,#4455,#4456,#4457,#4458
      ,#4459,#4460,#4461,#4462,#4463,#4464,#4465,#4466,#4467,#4468,#4469
      ,#4470,#4471,#4472,#4473,#4474,#4475,#4476,#4477,#4478,#4479,#4480
      ,#4481,#4482,#4483,#4484,#4485,#4486,#4487,#4488,#4489,#4490,#4491
      ,#4492,#4493,#4494,#4495,#4496,#4497,#4498,#4499,#4500,#4501,#4502
      ,#4503,#4504)
    ,(#4505,#4506,#4507,#4508,#4509,#4510,#4511,#4512,#4513,#4514,#4515
      ,#4516,#4517,#4518,#4519,#4520,#4521,#4522,#4523,#4524,#4525,#4526
      ,#4527,#4528,#4529,#4530,#4531,#4532,#4533,#4534,#4535,#4536,#4537
      ,#4538,#4539,#4540,#4541,#4542,#4543,#4544,#4545,#4546,#4547,#4548
      ,#4549,#4550,#4551,#4552,#4553,#4554,#4555,#4556,#4557,#4558,#4559
      ,#4560,#4561,#4562,#4563,#4564,#4565,#4566,#4567,#4568,#4569,#4570
      ,#4571,#4572,#4573,#4574,#4575,#4576,#4577,#4578,#4579,#4580,#4581
      ,#4582,#4583,#4584,#4585,#4586,#4587,#4588,#4589,#4590,#4591,#4592
      ,#4593,#4594,#4595,#4596,#4597,#4598,#4599,#4600,#4601,#4602,#4603
      ,#4604,#4605,#4606,#4607,#4608,#4609,#4610,#4611,#4612,#4613,#4614
      ,#4615,#4616,#4617,#4618,#4619,#4620,#4621,#4622,#4623,#4624,#4625
      ,#4626,#4627,#4628,#4629,#4630,#4631,#4632,#4633,#4634,#4635,#4636
      ,#4637,#4638,#4639,#4640,#4641,#4642,#4643,#4644,#4645,#4646,#4647
      ,#4648,#4649,#4650,#4651,#4652,#4653,#4654,#4655,#4656,#4657,#4658
      ,#4659,#4660,#4661,#4662,#4663,#4664,#4665,#4666,#4667,#4668,#4669
      ,#4670,#4671,#4672,#4673,#4674,#4675,#4676,#4677,#4678,#4679,#4680
      ,#4681,#4682,#4683,#4684,#4685,#4686,#4687,#4688,#4689,#4690,#4691
      ,#4692,#4693,#4694,#4695,#4696,#4697,#4698,#4699,#4700,#4701,#4702
      ,#4703,#4704,#4705,#4706,#4707,#4708,#4709,#4710,#4711,#4712,#4713
      ,#4714,#4715,#4716,#4717,#4718,#4719,#4720,#4721,#4722,#4723,#4724
      ,#4725,#4726,#4727,#4728,#4729,#4730,#4731,#4732,#4733,#4734,#4735
      ,#4736,#4737,#4738,#4739,#4740,#4741,#4742,#4743,#4744,#4745,#4746
      ,#4747,#4748,#4749,#4750,#4751,#4752,#4753,#4754,#4755,#4756,#4757
      ,#4758,#4759,#4760,#4761,#4762,#4763,#4764,#4765,#4766,#4767,#4768
      ,#4769,#4770,#4771,#4772,#4773,#4774,#4775,#4776,#4777,#4778,#4779
      ,#4780,#4781,#4782,#4783,#4784,#4785,#4786,#4787,#4788,#4789,#4790
      ,#4791,#4792,#4793,#4794,#4795,#4796,#4797,#4798,#4799,#4800,#4801
      ,#4802,#4803,#4804,#4805,#4806,#4807,#4808,#4809,#4810,#4811,#4812
      ,#4813,#4814,#4815,#4816,#4817,#4818,#4819,#4820,#4821,#4822,#4823
      ,#4824,#4825,#4826,#4827,#4828,#4829,#4830,#4831,#4832,#4833,#4834
      ,#4835,#4836,#4837,#4838,#4839,#4840,#4841,#4842,#4843,#4844,#4845
      ,#4846,#4847,#4848,#4849,#4850,#4851,#4852,#4853,#4854,#4855,#4856
      ,#4857,#4858,#4859,#4860,#4861,#4862,#4863,#4864,#4865,#4866,#4867
      ,#4868,#4869,#4870,#4871,#4872,#4873,#4874,#4875,#4876,#4877,#4878
      ,#4879,#4880,#4881,#4882,#4883,#4884,#4885,#4886,#4887,#4888,#4889
      ,#4890,#4891,#4892,#4893,#4894,#4895,#4896,#4897,#4898,#4899,#4900
      ,#4901,#4902,#4903,#4904,#4905,#4906,#4907,#4908,#4909,#4910,#4911
      ,#4912,#4913,#4914,#4915,#4916,#4917,#4918,#4919,#4920,#4921,#4922
      ,#4923,#4924,#4925,#4926,#4927,#4928,#4929,#4930,#4931,#4932,#4933
      ,#4934,#4935,#4936,#4937,#4938,#4939,#4940,#4941,#4942,#4943,#4944
      ,#4945,#4946,#4947,#4948,#4949,#4950,#4951,#4952,#4953,#4954,#4955
      ,#4956,#4957,#4958,#4959,#4960,#4961,#4962,#4963,#4964,#4965,#4966
      ,#4967,#4968,#4969,#4970,#4971,#4972,#4973,#4974,#4975,#4976,#4977
      ,#4978,#4979,#4980,#4981,#4982,#4983,#4984,#4985,#4986,#4987,#4988
      ,#4989,#4990,#4991,#4992,#4993,#4994,#4995,#4996,#4997,#4998,#4999
      ,#5000,#5001
    )),.UNSPECIFIED.,.T.,.F.,.F.,(1,3,1,1,1,1,1,1,3,1),(4,1,1,1,1,1,1,1,
    1,1,1,1,1,1,1,1,1,1,1,1,1,1,1,1,1,1,1,1,1,1,1,1,1,1,1,1,1,1,1,1,1,1,
    1,1,1,1,1,1,1,1,1,1,1,1,1,1,1,1,1,1,1,1,1,1,1,1,1,1,1,1,1,1,1,1,1,1,
    1,1,1,1,1,1,1,1,1,1,1,1,1,1,1,1,1,1,1,1,1,1,1,1,1,1,1,1,1,1,1,1,1,1,
    1,1,1,1,1,1,1,1,1,1,1,1,1,1,1,1,1,1,1,1,1,1,1,1,1,1,1,1,1,1,1,1,1,1,
    1,1,1,1,1,1,1,1,1,1,1,1,1,1,1,1,1,1,1,1,1,1,1,1,1,1,1,1,1,1,1,1,1,1,
    1,1,1,1,1,1,1,1,1,1,1,1,1,1,1,1,1,1,1,1,1,1,1,1,1,1,1,1,1,1,1,1,1,1,
    1,1,1,1,1,1,1,1,1,1,1,1,1,1,1,1,1,1,1,1,1,1,1,1,1,1,1,1,1,1,1,1,1,1,
    1,1,1,1,1,1,1,1,1,1,1,1,1,1,1,1,1,1,1,1,1,1,1,1,1,1,1,1,1,1,1,1,1,1,
    1,1,1,1,1,1,1,1,1,1,1,1,1,1,1,1,1,1,1,1,1,1,1,1,1,1,1,1,1,1,1,1,1,1,
    1,1,1,1,1,1,1,1,1,1,1,1,1,1,1,1,1,1,1,1,1,1,1,1,1,1,1,1,1,1,1,1,1,1,
    1,1,1,1,1,1,1,1,1,1,1,1,1,1,1,1,1,1,1,1,1,1,1,1,1,1,1,1,1,1,1,1,1,1,
    1,1,1,1,1,1,1,1,1,1,1,1,1,1,1,1,1,1,1,1,1,1,1,1,1,1,1,1,1,1,1,1,1,1,
    1,1,1,1,1,1,1,1,1,1,1,1,1,1,1,1,1,1,1,1,1,1,1,1,1,1,1,1,1,1,1,1,1,1,
    1,1,1,1,1,1,1,1,1,1,1,1,1,1,1,1,1,1,1,1,1,1,1,1,1,1,1,1,1,1,1,1,1,1,
    1,1,1,1,1,1,1,1,1,1,4),(-4.039190554615,-3.14159265359,
    -2.243994752564,-1.346396851538,-0.448798950513,0.448798950513,
    1.346396851538,2.243994752564,3.14159265359,4.039190554615),(
    -4.112309471039E-14,0.99696298232,1.99392596464,2.99088894696,
    3.98785192928,4.9848149116,5.98177789392,6.97874087624,7.97570385856
    ,8.97266684088,9.9696298232,10.96659280552,11.96355578784,
    12.96051877016,13.95748175248,14.9544447348,15.95140771712,
    16.94837069944,17.94533368176,18.94229666408,19.9392596464,
    20.93622262872,21.93318561104,22.93014859336,23.92711157568,
    24.924074558,25.92103754032,26.91800052264,27.91496350496,
    28.91192648728,29.9088894696,30.90585245192,31.90281543424,
    32.89977841656,33.89674139888,34.8937043812,35.89066736352,
    36.88763034584,37.88459332816,38.38307481932,38.88155631048,
    39.8785192928,40.37700078396,40.87548227512,41.87244525744,
    42.86940823976,43.86637122208,44.36485271324,44.8633342044,
    45.86029718672,46.85726016904,47.3557416602,47.85422315136,
    48.85118613368,49.848149116,50.84511209832,51.34359358948,
    51.84207508064,52.3405565718,52.83903806296,53.33751955412,
    53.83600104528,54.8329640276,55.33144551876,55.82992700992,
    56.32840850108,56.82688999224,57.3253714834,57.82385297456,
    58.32233446572,58.82081595688,59.31929744804,59.8177789392,
    60.31626043036,60.814741921521,61.313223412681,61.81170490384,
    62.310186395,62.80866788616,63.30714937732,63.80563086848,
    64.30411235964,64.802593850801,65.30107534196,65.799556833121,
    66.29803832428,66.796519815441,67.2950013066,67.793482797761,
    68.29196428892,68.790445780081,69.28892727124,69.787408762401,
    70.28589025356,70.784371744721,71.28285323588,71.781334727041,
    72.279816218201,72.778297709361,73.276779200521,73.775260691681,
    74.273742182841,74.772223674001,75.270705165161,75.769186656321,
    76.267668147481,76.766149638641,77.264631129801,77.763112620961,
    78.261594112121,78.760075603281,79.258557094441,79.757038585601,
    80.255520076761,80.754001567921,81.252483059081,81.750964550241,
    82.249446041401,82.747927532561,83.246409023721,83.744890514881,
    84.243372006041,84.741853497201,85.240334988361,85.738816479521,
    86.237297970681,86.735779461841,87.234260953001,87.732742444161,
    88.231223935321,88.729705426481,89.228186917641,89.726668408801,
    90.225149899961,90.723631391121,91.222112882281,91.720594373441,
    92.219075864601,92.717557355761,93.216038846921,93.714520338081,
    94.213001829241,94.711483320401,95.209964811561,95.708446302721,
    96.206927793881,96.705409285041,97.203890776201,97.702372267361,
    98.200853758521,98.699335249681,99.197816740841,99.696298232001,
    100.19477972316,100.69326121432,101.19174270548,101.69022419664,
    102.1887056878,102.68718717896,103.18566867012,103.68415016128,
    104.18263165244,104.6811131436,105.17959463476,105.67807612592,
    106.17655761708,106.67503910824,107.1735205994,107.67200209056,
    108.17048358172,108.66896507288,109.16744656404,109.6659280552,
    110.16440954636,110.66289103752,111.16137252868,111.65985401984,
    112.158335511,112.65681700216,113.15529849332,113.65377998448,
    114.15226147564,114.6507429668,115.14922445796,115.64770594912,
    116.14618744028,116.64466893144,117.1431504226,117.64163191376,
    118.14011340492,118.63859489608,119.13707638724,119.6355578784,
    120.13403936956,120.63252086072,121.13100235188,121.62948384304,
    122.1279653342,122.62644682536,123.12492831652,123.62340980768,
    124.12189129884,124.62037279,125.11885428116,125.61733577232,
    126.11581726348,126.61429875464,127.1127802458,127.61126173696,
    128.10974322812,128.60822471928,129.10670621044,129.6051877016,
    130.10366919276,130.60215068392,131.10063217508,131.59911366624,
    132.0975951574,132.59607664856,133.09455813972,133.59303963088,
    134.09152112204,134.5900026132,135.08848410436,135.58696559552,
    136.08544708668,136.58392857784,137.082410069,137.58089156016,
    138.07937305132,138.57785454248,139.07633603364,139.5748175248,
    140.07329901596,140.57178050712,141.07026199828,141.56874348944,
    142.0672249806,142.56570647176,143.06418796292,143.56266945408,
    144.06115094524,144.5596324364,145.05811392756,145.55659541872,
    146.05507690988,146.55355840104,147.0520398922,147.55052138336,
    148.04900287452,148.54748436568,149.04596585684,149.544447348,
    150.04292883916,150.54141033032,151.03989182148,151.53837331264,
    152.0368548038,152.53533629496,153.03381778612,153.53229927728,
    154.03078076844,154.5292622596,155.02774375076,155.52622524192,
    156.02470673308,156.52318822424,157.0216697154,157.52015120656,
    158.01863269772,158.51711418888,159.01559568004,159.5140771712,
    160.01255866236,160.51104015352,161.00952164468,161.50800313584,
    162.006484627,162.50496611816,163.00344760932,163.50192910048,
    164.00041059164,164.4988920828,164.99737357396,165.49585506512,
    165.99433655628,166.49281804744,166.9912995386,167.48978102976,
    167.98826252092,168.48674401208,168.98522550324,169.4837069944,
    169.98218848556,170.48066997672,170.97915146788,171.47763295904,
    171.9761144502,172.47459594136,172.97307743252,173.47155892368,
    173.97004041484,174.468521906,174.96700339716,175.46548488832,
    175.96396637948,176.46244787064,176.9609293618,177.45941085296,
    177.95789234412,178.45637383528,178.95485532644,179.4533368176,
    179.95181830876,180.45029979992,180.94878129108,181.44726278224,
    181.9457442734,182.44422576456,182.94270725572,183.44118874688,
    183.93967023804,184.4381517292,184.93663322036,185.43511471152,
    185.93359620268,186.43207769384,186.930559185,187.42904067616,
    187.92752216732,188.42600365848,188.92448514964,189.4229666408,
    189.92144813196,190.41992962312,190.91841111428,191.41689260544,
    191.9153740966,192.41385558776,192.91233707892,193.41081857008,
    193.90930006124,194.4077815524,194.90626304356,195.40474453472,
    195.90322602588,196.40170751704,196.9001890082,197.39867049936,
    197.89715199052,198.39563348168,198.89411497284,199.392596464,
    199.89107795516,200.38955944632,200.88804093748,201.38652242864,
    201.8850039198,202.38348541096,202.88196690212,203.38044839328,
    203.87892988444,204.3774113756,204.87589286676,205.37437435792,
    205.87285584908,206.37133734024,206.8698188314,207.36830032256,
    207.86678181372,208.36526330488,208.86374479604,209.3622262872,
    209.86070777836,210.35918926952,210.85767076068,211.35615225184,
    211.854633743,212.35311523416,212.85159672532,213.35007821648,
    213.84855970764,214.3470411988,214.84552268996,215.34400418112,
    215.84248567228,216.34096716344,216.8394486546,217.33793014576,
    217.83641163692,218.33489312808,218.83337461924,219.3318561104,
    219.83033760156,220.32881909272,220.82730058388,221.32578207504,
    221.8242635662,222.32274505736,222.82122654852,223.31970803968,
    223.81818953084,224.316671022,224.81515251316,225.31363400432,
    225.81211549548,226.31059698664,226.8090784778,227.30755996896,
    227.80604146012,228.30452295128,228.80300444244,229.3014859336,
    229.79996742476,230.29844891592,230.79693040708,231.29541189824,
    231.7938933894,232.29237488056,232.79085637172,233.28933786288,
    233.78781935404,234.2863008452,234.78478233636,235.28326382752,
    235.78174531868,236.28022680984,236.778708301,237.27718979216,
    237.77567128332,238.27415277448,238.77263426564,239.2711157568,
    239.76959724796,240.26807873912,240.76656023028,241.26504172144,
    241.7635232126,242.26200470376,242.76048619492,243.25896768608,
    243.75744917724,244.2559306684,244.75441215956,245.25289365072,
    245.75137514188,246.24985663304,246.7483381242,247.24681961536,
    247.74530110652,248.24378259768,248.74226408884,249.24074558,
    249.73922707116,250.23770856232,250.73619005348,251.23467154464,
    251.7331530358,252.23163452696,252.73011601812,253.22859750928,
    253.72707900044,254.2255604916,254.72404198276,255.22252347392,
    255.72100496508,256.21948645624,256.7179679474,257.21644943856,
    257.71493092972,258.21341242088,258.71189391204,259.2103754032,
    259.70885689436,260.20733838552,260.70581987668,261.20430136784,
    261.702782859,262.20126435016,262.69974584132,263.19822733248,
    263.69670882364,264.1951903148,264.69367180596,265.19215329712,
    265.69063478828,266.18911627944,266.6875977706,267.18607926176,
    267.68456075292,268.18304224408,268.68152373524,269.1800052264,
    269.67848671756,270.17696820872),.UNSPECIFIED.);
#32 = CARTESIAN_POINT('',(21.420204602618,-3.838290503547E-14,
    23.041765785945));
#33 = CARTESIAN_POINT('',(21.36628010024,0.380988276928,23.041765785945)
  );
#34 = CARTESIAN_POINT('',(21.550442870215,1.224493898471,22.749754011214
    ));
#35 = CARTESIAN_POINT('',(22.511768919818,1.501526663799,21.626654454475
    ));
#36 = CARTESIAN_POINT('',(23.213836366683,0.308871169589,20.762813500476
    ));
#37 = CARTESIAN_POINT('',(22.819878604167,-1.38881791686,20.994997755857
    ));
#38 = CARTESIAN_POINT('',(21.471120614192,-1.968175727139,
    22.181982238697));
#39 = CARTESIAN_POINT('',(20.292716552353,-0.686450299983,
    23.198612793401));
#40 = CARTESIAN_POINT('',(20.394890266843,1.43943337085,22.934665571776)
  );
#41 = CARTESIAN_POINT('',(21.760914578866,2.423706584022,21.406867752618
    ));
#42 = CARTESIAN_POINT('',(23.124319854625,1.164366541455,19.881688969724
    ));
#43 = CARTESIAN_POINT('',(23.075411451514,-1.363738156079,19.7688238657)
  );
#44 = CARTESIAN_POINT('',(21.431588330291,-2.839186362307,
    21.250873479788));
#45 = CARTESIAN_POINT('',(19.544564394704,-1.725365053468,22.97612390824
    ));
#46 = CARTESIAN_POINT('',(19.135123023221,1.152963256748,23.223791772588
    ));
#47 = CARTESIAN_POINT('',(20.656339234943,3.186792823265,21.540802053731
    ));
#48 = CARTESIAN_POINT('',(22.739735597371,2.347548490112,19.295632184168
    ));
#49 = CARTESIAN_POINT('',(23.358417146352,-0.803617151402,
    18.515177128052));
#50 = CARTESIAN_POINT('',(21.724227688031,-3.440399079739,
    19.987593079238));
#51 = CARTESIAN_POINT('',(19.144170032007,-3.005318107299,
    22.405877228128));
#52 = CARTESIAN_POINT('',(17.92889222117,0.317876674572,23.45938153183)
  );
#53 = CARTESIAN_POINT('',(19.256605966016,3.576513815624,21.969894279848
    ));
#54 = CARTESIAN_POINT('',(21.966898723908,3.670249395483,19.097828014823
    ));
#55 = CARTESIAN_POINT('',(23.505156589582,0.296313730388,17.397796642012
    ));
#56 = CARTESIAN_POINT('',(22.26065719263,-3.575206217305,18.48052253183)
  );
#57 = CARTESIAN_POINT('',(19.158424209116,-4.3120479871,21.420982008209)
  );
#58 = CARTESIAN_POINT('',(16.940431482199,-1.025349736966,
    23.477201227992));
#59 = CARTESIAN_POINT('',(17.677326148417,3.4209379766,22.578533054638)
  );
#60 = CARTESIAN_POINT('',(20.768511508011,4.899582604551,19.32557418791)
  );
#61 = CARTESIAN_POINT('',(23.356849875275,1.850267139723,16.57546231351)
  );
#62 = CARTESIAN_POINT('',(22.901420053008,-3.10326677689,16.869118628643
    ));
#63 = CARTESIAN_POINT('',(19.592763631574,-5.40196949382,20.016001542941
    ));
#64 = CARTESIAN_POINT('',(16.317093886127,-2.747221832896,
    23.129897781254));
#65 = CARTESIAN_POINT('',(16.077670956133,2.617389295925,23.207547204112
    ));
#66 = CARTESIAN_POINT('',(19.172060777595,5.789688960557,19.951383875516
    ));
#67 = CARTESIAN_POINT('',(22.783638550638,3.688112490791,16.178032595337
    ));
#68 = CARTESIAN_POINT('',(23.471856579272,-1.964457316053,
    15.328041059569));
#69 = CARTESIAN_POINT('',(20.388015243934,-6.035787007638,
    18.250108887772));
#70 = CARTESIAN_POINT('',(16.163183211811,-4.641172667778,22.31316741276
    ));
#71 = CARTESIAN_POINT('',(14.900838845275,0.185946280249,23.44070052335)
  );
#72 = CARTESIAN_POINT('',(15.94977788922,3.637230496238,22.283912474649)
  );
#73 = CARTESIAN_POINT('',(18.017228407555,6.022394652069,20.108612951556
    ));
#74 = CARTESIAN_POINT('',(20.957088309799,5.660630948399,17.060904044557
    ));
#75 = CARTESIAN_POINT('',(22.752870295604,2.693072712365,15.157273053994
    ));
#76 = CARTESIAN_POINT('',(23.385798920362,-1.164533777798,14.41649542448
    ));
#77 = CARTESIAN_POINT('',(21.420556173113,-6.010840995514,
    16.246926915783));
#78 = CARTESIAN_POINT('',(16.534755239618,-6.449761764935,
    20.970954342144));
#79 = CARTESIAN_POINT('',(14.052580491569,-1.815940961281,
    23.318317834246));
#80 = CARTESIAN_POINT('',(14.377123140685,2.412083434867,22.885926180374
    ));
#81 = CARTESIAN_POINT('',(16.035835742374,5.956147729501,21.119364573928
    ));
#82 = CARTESIAN_POINT('',(20.099683030721,7.237437744577,16.920706029636
    ));
#83 = CARTESIAN_POINT('',(23.076605035318,2.931213697741,13.808972769093
    ));
#84 = CARTESIAN_POINT('',(23.096415922714,-1.56333548379,13.681312876939
    ));
#85 = CARTESIAN_POINT('',(21.648135870758,-5.640051782914,15.02174392414
    ));
#86 = CARTESIAN_POINT('',(17.425572188916,-7.896292880263,
    19.109496350036));
#87 = CARTESIAN_POINT('',(12.94938729386,-3.319100416384,23.423907737957
    ));
#88 = CARTESIAN_POINT('',(13.171543335557,3.161863809691,23.066940440314
    ));
#89 = CARTESIAN_POINT('',(15.614331066746,6.45369067833,20.516303704368)
  );
#90 = CARTESIAN_POINT('',(18.044032646142,7.396662396264,18.005715371405
    ));
#91 = CARTESIAN_POINT('',(20.525733262604,6.533767271388,15.443128001376
    ));
#92 = CARTESIAN_POINT('',(22.421971800977,4.045058264331,13.466002709434
    ));
#93 = CARTESIAN_POINT('',(23.238958771546,0.548481559076,12.568128985299
    ));
#94 = CARTESIAN_POINT('',(22.635586484321,-4.430200561666,
    13.063652267767));
#95 = CARTESIAN_POINT('',(19.514581769884,-7.813422264054,
    16.076807977447));
#96 = CARTESIAN_POINT('',(15.827680473443,-7.32032987057,19.655860269132
    ));
#97 = CARTESIAN_POINT('',(13.520489382658,-5.197825267543,
    21.882164606349));
#98 = CARTESIAN_POINT('',(12.186797177614,-1.739005956301,
    23.134970057826));
#99 = CARTESIAN_POINT('',(12.186010256707,2.183335020975,23.054870225165
    ));
#100 = CARTESIAN_POINT('',(13.513869658752,5.637277538969,
    21.646124069553));
#101 = CARTESIAN_POINT('',(15.862239590666,7.755541851681,
    19.216867384071));
#102 = CARTESIAN_POINT('',(18.655954358625,8.005157514557,
    16.342265862545));
#103 = CARTESIAN_POINT('',(21.208317658298,6.293769887728,
    13.709015809304));
#104 = CARTESIAN_POINT('',(22.878457360958,3.014459075368,
    11.957989353076));
#105 = CARTESIAN_POINT('',(23.234473976974,-1.051983220822,
    11.521085983493));
#106 = CARTESIAN_POINT('',(22.159816456999,-4.918756128234,
    12.514856749901));
#107 = CARTESIAN_POINT('',(19.887871338877,-7.634690330299,
    14.705915114456));
#108 = CARTESIAN_POINT('',(16.948910038294,-8.51704284557,
    17.563989661471));
#109 = CARTESIAN_POINT('',(14.044530341926,-7.323564327459,
    20.387482604272));
#110 = CARTESIAN_POINT('',(11.877637844735,-4.317827989663,
    22.473488347895));
#111 = CARTESIAN_POINT('',(10.980046974688,-0.21179827416,
    23.290192464376));
#112 = CARTESIAN_POINT('',(11.579516837787,4.002774347349,
    22.609835847708));
#113 = CARTESIAN_POINT('',(13.539688866026,7.293833952378,
    20.568777065901));
#114 = CARTESIAN_POINT('',(16.388540505879,8.841762898797,
    17.639038672481));
#115 = CARTESIAN_POINT('',(19.429651085328,8.243383424392,
    14.517041339465));
#116 = CARTESIAN_POINT('',(21.910043140746,5.616525883053,
    11.955762530479));
#117 = CARTESIAN_POINT('',(23.204171833431,1.578114217138,
    10.580747084227));
#118 = CARTESIAN_POINT('',(22.969095220632,-2.900527082255,
    10.734936943458));
#119 = CARTESIAN_POINT('',(21.232353552469,-6.727265356519,
    12.390791858054));
#120 = CARTESIAN_POINT('',(18.390092339804,-8.955478662678,
    15.152166317151));
#121 = CARTESIAN_POINT('',(15.114713012838,-9.018161451368,
    18.34665889055));
#122 = CARTESIAN_POINT('',(12.19353710635,-6.871934478241,
    21.186948043471));
#123 = CARTESIAN_POINT('',(10.337187308793,-3.014447276313,
    22.962411087461));
#124 = CARTESIAN_POINT('',(10.004321523403,1.63072849993,23.214390119283
    ));
#125 = CARTESIAN_POINT('',(11.285939614403,5.935163043382,
    21.851885274715));
#126 = CARTESIAN_POINT('',(13.8784095683,8.839691369658,19.178528567251)
  );
#127 = CARTESIAN_POINT('',(17.152952628199,9.615004358701,
    15.823098753784));
#128 = CARTESIAN_POINT('',(20.305750092411,8.04460098396,12.589414536005
    ));
#129 = CARTESIAN_POINT('',(22.552850777101,4.484247645534,
    10.261427097747));
#130 = CARTESIAN_POINT('',(23.322619238581,-0.218173637681,9.4107718827)
  );
#131 = CARTESIAN_POINT('',(22.398485085054,-4.924486902902,
    10.254019282659));
#132 = CARTESIAN_POINT('',(19.976368868583,-8.481698367237,
    12.595248745563));
#133 = CARTESIAN_POINT('',(16.621660215121,-10.00445476133,
    15.869070645458));
#134 = CARTESIAN_POINT('',(13.135084385906,-9.095290681834,
    19.274759721105));
#135 = CARTESIAN_POINT('',(10.359257867089,-5.947900213345,
    21.969699486354));
#136 = CARTESIAN_POINT('',(8.972663966635,-1.306707709618,
    23.275406633241));
#137 = CARTESIAN_POINT('',(9.321421461706,3.709056192722,22.845762384603
    ));
#138 = CARTESIAN_POINT('',(11.330545434007,7.87523567895,20.755751658735
    ));
#139 = CARTESIAN_POINT('',(14.517393037907,10.161516968381,
    17.488017301266));
#140 = CARTESIAN_POINT('',(18.105190991167,9.986165134811,13.81933259444
    ));
#141 = CARTESIAN_POINT('',(21.209972935326,7.363764259116,
    10.633663896712));
#142 = CARTESIAN_POINT('',(23.055944292154,2.908505291016,8.706805786317
    ));
#143 = CARTESIAN_POINT('',(23.16680432625,-2.309442662476,8.515058998653
    ));
#144 = CARTESIAN_POINT('',(21.485850762064,-7.020945799398,
    10.115125809273));
#145 = CARTESIAN_POINT('',(18.394617938711,-10.06659017804,
    13.125471879057));
#146 = CARTESIAN_POINT('',(14.624334878531,-10.68195772008,
    16.81486818567));
#147 = CARTESIAN_POINT('',(11.080702194285,-8.68930923066,
    20.277614116349));
#148 = CARTESIAN_POINT('',(8.623965931368,-4.547650204982,
    22.653463625699));
#149 = CARTESIAN_POINT('',(7.85769148964,0.752662450269,23.338851313859)
  );
#150 = CARTESIAN_POINT('',(8.978098370756,5.926660210474,22.137557679176
    ));
#151 = CARTESIAN_POINT('',(11.721542089084,9.70627641422,19.313227207281
    ));
#152 = CARTESIAN_POINT('',(15.424084128093,11.151114732093,
    15.529798414703));
#153 = CARTESIAN_POINT('',(19.179770349476,9.882315397429,
    11.693225439753));
#154 = CARTESIAN_POINT('',(22.059901879859,6.181385734839,8.732207155803
    ));
#155 = CARTESIAN_POINT('',(23.3402293088,0.928329539712,7.370992973294)
  );
#156 = CARTESIAN_POINT('',(22.680491534174,-4.60748331513,7.949843994353
    ));
#157 = CARTESIAN_POINT('',(20.211806983243,-9.074036734517,
    10.337641791716));
#158 = CARTESIAN_POINT('',(16.509533616984,-11.36686839711,
    13.959028404407));
#159 = CARTESIAN_POINT('',(12.457041727715,-10.9021068245,17.93063354011
    ));
#160 = CARTESIAN_POINT('',(9.032628823937,-7.764863519293,21.27415969032
    ));
#161 = CARTESIAN_POINT('',(7.070972508943,-2.695333744503,
    23.154929251746));
#162 = CARTESIAN_POINT('',(7.057288247942,3.085669962631,23.08772675918)
  );
#163 = CARTESIAN_POINT('',(9.004946647118,8.170672842028,21.059181606436
    ));
#164 = CARTESIAN_POINT('',(12.447380097751,11.308209367391,
    17.535861402236));
#165 = CARTESIAN_POINT('',(16.547426323619,11.710782462479,13.3549284228
    ));
#166 = CARTESIAN_POINT('',(20.298521357768,9.252337332214,9.522946635084
    ));
#167 = CARTESIAN_POINT('',(22.769397582988,4.505773999931,6.971183656296
    ));
#168 = CARTESIAN_POINT('',(23.332800251603,-1.390294356247,
    6.326894234115));
#169 = CARTESIAN_POINT('',(21.822054970259,-7.004615625946,
    7.756752761891));
#170 = CARTESIAN_POINT('',(18.576430051578,-10.96072835958,
    10.921490927005));
#171 = CARTESIAN_POINT('',(14.363085907686,-12.27441044095,
    15.053948317328));
#172 = CARTESIAN_POINT('',(10.19350723129,-10.59842339503,
    19.142640240158));
#173 = CARTESIAN_POINT('',(7.078329585136,-6.313719822594,
    22.176931132744));
#174 = CARTESIAN_POINT('',(5.779986900797,-0.443286081857,
    23.394387063516));
#175 = CARTESIAN_POINT('',(6.623717383192,5.592007137448,22.469769827552
    ));
#176 = CARTESIAN_POINT('',(9.413760715201,10.31729957586,19.598839741977
    ));
#177 = CARTESIAN_POINT('',(13.476273316439,12.564150895823,
    15.455440387171));
#178 = CARTESIAN_POINT('',(17.81966786541,11.759393590111,
    11.031159084632));
#179 = CARTESIAN_POINT('',(21.374244557933,8.071038447259,7.395695638542
    ));
#180 = CARTESIAN_POINT('',(23.25320670277,2.374162521891,5.435846740137)
  );
#181 = CARTESIAN_POINT('',(22.971371112311,-3.956567951915,
    5.636795577029));
#182 = CARTESIAN_POINT('',(20.567642172974,-9.378582327781,
    7.959637762799));
#183 = CARTESIAN_POINT('',(16.600373364857,-12.55727386079,
    11.846019817348));
#184 = CARTESIAN_POINT('',(12.015569593285,-12.6944662655,
    16.349936835353));
#185 = CARTESIAN_POINT('',(7.919010746153,-9.728647991599,
    20.365608928918));
#186 = CARTESIAN_POINT('',(5.307182121737,-4.356787204578,
    22.896550799767));
#187 = CARTESIAN_POINT('',(4.822484460102,2.129247636036,23.300361707834
    ));
#188 = CARTESIAN_POINT('',(6.592851912037,8.153321782277,21.449107502331
    ));
#189 = CARTESIAN_POINT('',(10.195793657383,12.238040894574,
    17.765279003418));
#190 = CARTESIAN_POINT('',(14.75678425405,13.367058580053,
    13.123401653183));
#191 = CARTESIAN_POINT('',(19.159135986275,11.237839667045,8.64016316739
    ));
#192 = CARTESIAN_POINT('',(22.314997239546,6.342046238572,5.403415160553
    ));
#193 = CARTESIAN_POINT('',(23.431711418644,-0.147661977441,
    4.205814227885));
#194 = CARTESIAN_POINT('',(22.208321150601,-6.658434855989,
    5.348317742362));
#195 = CARTESIAN_POINT('',(18.913519461962,-11.59842215336,
    8.562232677433));
#196 = CARTESIAN_POINT('',(14.324931263312,-13.74596456709,
    13.069934122516));
#197 = CARTESIAN_POINT('',(9.543364761851,-12.55163431186,17.77061387041
    ));
#198 = CARTESIAN_POINT('',(5.726386080921,-8.278467484958,
    21.506705797772));
#199 = CARTESIAN_POINT('',(3.805697221996,-1.944673412639,23.34650790313
    ));
#200 = CARTESIAN_POINT('',(4.257319405461,4.91887286986,22.813998966098)
  );
#201 = CARTESIAN_POINT('',(6.981259079827,10.638624485941,
    20.009172538164));
#202 = CARTESIAN_POINT('',(11.321033823218,13.806424305466,
    15.588511041206));
#203 = CARTESIAN_POINT('',(16.219476718212,13.626136774774,
    10.609181392643));
#204 = CARTESIAN_POINT('',(20.473865834018,10.113534004636,
    6.273905523271));
#205 = CARTESIAN_POINT('',(23.028812032563,4.099297706821,3.638072571158
    ));
#206 = CARTESIAN_POINT('',(23.235580849377,-2.967258497795,
    3.350417000776));
#207 = CARTESIAN_POINT('',(21.014135661084,-9.367410735258,
    5.490975435502));
#208 = CARTESIAN_POINT('',(16.877453023362,-13.53105176009,
    9.546771319657));
#209 = CARTESIAN_POINT('',(11.81101531229,-14.42185088614,
    14.532322277161));
#210 = CARTESIAN_POINT('',(7.035753260145,-11.79506997031,
    19.226697575738));
#211 = CARTESIAN_POINT('',(3.711454582022,-6.263926761097,
    22.470109500295));
#212 = CARTESIAN_POINT('',(2.652687112593,0.843300647483,23.447990216156
    ));
#213 = CARTESIAN_POINT('',(4.126815048289,7.802195663931,21.892975526892
    ));
#214 = CARTESIAN_POINT('',(7.7841759473,12.91059194971,18.154727874314)
  );
#215 = CARTESIAN_POINT('',(12.738568535356,14.904917955679,
    13.11944853269));
#216 = CARTESIAN_POINT('',(17.779584924716,13.272663196358,
    7.997545389762));
#217 = CARTESIAN_POINT('',(21.665925511968,8.383716344974,4.030318048944
    ));
#218 = CARTESIAN_POINT('',(23.428619685518,1.407002962646,2.186737121826
    ));
#219 = CARTESIAN_POINT('',(22.610083551973,-5.968909651723,
    2.924386501803));
#220 = CARTESIAN_POINT('',(19.3800467719,-11.94448204795,6.073536528308)
  );
#221 = CARTESIAN_POINT('',(14.499024394411,-15.04824294245,
    10.87367215223));
#222 = CARTESIAN_POINT('',(9.137060395056,-14.49908660426,
    16.154749398019));
#223 = CARTESIAN_POINT('',(4.590923090933,-10.40263629792,
    20.619999948574));
#224 = CARTESIAN_POINT('',(1.968104209931,-3.732359782441,
    23.161932076009));
#225 = CARTESIAN_POINT('',(1.91462568105,3.901627395681,23.134523851322)
  );
#226 = CARTESIAN_POINT('',(4.45354594668,10.641195734762,20.514716832124
    ));
#227 = CARTESIAN_POINT('',(8.974508122231,14.832474638481,
    15.912867903006));
#228 = CARTESIAN_POINT('',(14.378051709695,15.431680083641,
    10.428437561974));
#229 = CARTESIAN_POINT('',(19.340596475405,12.264921494268,
    5.385006042697));
#230 = CARTESIAN_POINT('',(22.636240194275,6.07735153744,2.008475570259)
  );
#231 = CARTESIAN_POINT('',(23.437132710283,-1.641965121909,
    1.126696300684));
#232 = CARTESIAN_POINT('',(21.518831109097,-9.018355475433,
    2.964111148302));
#233 = CARTESIAN_POINT('',(17.319714043026,-14.24680935031,
    7.082341460806));
#234 = CARTESIAN_POINT('',(11.83882929523,-16.03365436716,
    12.482339455034));
#235 = CARTESIAN_POINT('',(6.395931450794,-13.91656262579,
    17.844350545903));
#236 = CARTESIAN_POINT('',(2.311336311331,-8.383751818089,
    21.848058931799));
#237 = CARTESIAN_POINT('',(0.583252005075,-0.76174387215,23.495256484487
    ));
#238 = CARTESIAN_POINT('',(1.641441749305,7.102603282454,22.35617998669)
  );
#239 = CARTESIAN_POINT('',(5.237997699812,13.289591585874,
    18.678737282615));
#240 = CARTESIAN_POINT('',(10.502936297635,16.275279727156,
    13.332911931225));
#241 = CARTESIAN_POINT('',(16.152238060089,15.306797869853,
    7.602723415203));
#242 = CARTESIAN_POINT('',(20.798598827271,10.591960892486,
    2.875475894454));
#243 = CARTESIAN_POINT('',(23.289688574907,3.255479351448,0.30349939325)
  );
#244 = CARTESIAN_POINT('',(22.991442263742,-4.929226763882,
    0.520858950848));
#245 = CARTESIAN_POINT('',(19.946744980938,-11.96869006458,
    3.484669480085));
#246 = CARTESIAN_POINT('',(14.869827883607,-16.13492450618,
    8.480699823848));
#247 = CARTESIAN_POINT('',(8.976562518808,-16.38956556848,14.29307843508
    ));
#248 = CARTESIAN_POINT('',(3.690952806618,-12.64252261278,
    19.497801393702));
#249 = CARTESIAN_POINT('',(0.298671922695,-5.780748086539,
    22.809195524058));
#250 = CARTESIAN_POINT('',(-0.368060731016,2.541543721706,
    23.395041424201));
#251 = CARTESIAN_POINT('',(1.862971483118,10.301632854307,
    21.083122456499));
#252 = CARTESIAN_POINT('',(6.457251742239,15.599911674703,
    16.407955443811));
#253 = CARTESIAN_POINT('',(12.299162953302,17.12487814278,
    10.485157479181));
#254 = CARTESIAN_POINT('',(17.960493101585,14.477685269217,
    4.742940577329));
#255 = CARTESIAN_POINT('',(22.047197366235,8.275954328588,0.575349559113
    ));
#256 = CARTESIAN_POINT('',(23.540225536631,9.944932298051E-03,
    -0.998565364851));
#257 = CARTESIAN_POINT('',(22.047088179812,-8.315491464832,
    0.413685238401));
#258 = CARTESIAN_POINT('',(17.902071446298,-14.66716569748,
    4.477815218347));
#259 = CARTESIAN_POINT('',(12.08956859737,-17.48007862254,
    10.209431313708));
#260 = CARTESIAN_POINT('',(6.008046344216,-16.04296617933,
    16.210066813294));
#261 = CARTESIAN_POINT('',(1.131228359906,-10.67789474034,
    21.005998044037));
#262 = CARTESIAN_POINT('',(-1.351418256398,-2.668617798343,
    23.407757906774));
#263 = CARTESIAN_POINT('',(-0.827191042112,6.046510145637,22.80264393892
    ));
#264 = CARTESIAN_POINT('',(2.586269783808,13.343626896096,
    19.308296359433));
#265 = CARTESIAN_POINT('',(8.064796240519,17.430943371942,
    13.748883149154));
#266 = CARTESIAN_POINT('',(14.274276607778,17.288678755108,
    7.458516028328));
#267 = CARTESIAN_POINT('',(19.693137940953,12.923341658991,
    1.958767941585));
#268 = CARTESIAN_POINT('',(22.982780032801,5.372988922422,-1.41176090383
    ));
#269 = CARTESIAN_POINT('',(23.315776971179,-3.539483283471,
    -1.825644595776));
#270 = CARTESIAN_POINT('',(20.581381307872,-11.64641610156,
    0.827864313963));
#271 = CARTESIAN_POINT('',(15.417311223244,-16.96259779787,
    5.911047645024));
#272 = CARTESIAN_POINT('',(9.058907952891,-18.17138081147,
    12.188564161809));
#273 = CARTESIAN_POINT('',(3.041313112933,-14.95067538817,
    18.125272248201));
#274 = CARTESIAN_POINT('',(-1.173539901729,-8.058129197366,
    22.259238509295));
#275 = CARTESIAN_POINT('',(-2.554487089162,0.846890502061,23.55929894316
    ));
#276 = CARTESIAN_POINT('',(-0.755797009164,9.602738566138,
    21.679722109596));
#277 = CARTESIAN_POINT('',(3.793944114083,16.070215973003,
    17.049094232781));
#278 = CARTESIAN_POINT('',(9.991512080926,18.655203986457,10.77063951237
    ));
#279 = CARTESIAN_POINT('',(16.324155920588,16.701524006131,4.35710891914
    ));
#280 = CARTESIAN_POINT('',(21.236443275604,10.657220384346,
    -0.636065189442));
#281 = CARTESIAN_POINT('',(23.509880334691,1.972194342178,
    -2.990389002098));
#282 = CARTESIAN_POINT('',(22.562656720828,-7.249522692461,
    -2.124052141802));
#283 = CARTESIAN_POINT('',(18.595787555651,-14.75948009811,
    1.761930269807));
#284 = CARTESIAN_POINT('',(12.548979434683,-18.71302632392,
    7.727851637209));
#285 = CARTESIAN_POINT('',(5.875796088446,-18.12236800985,
    14.320148229878));
#286 = CARTESIAN_POINT('',(0.191901670035,-13.10320466463,
    19.923155894722));
#287 = CARTESIAN_POINT('',(-3.118497375837,-4.853397772833,
    23.152668187026));
#288 = CARTESIAN_POINT('',(-3.24214547261,4.632795979495,23.195429530232
    ));
#289 = CARTESIAN_POINT('',(-0.138906246957,13.046781452797,
    20.011303551011));
#290 = CARTESIAN_POINT('',(5.443629189054,18.327453288901,
    14.347881361433));
#291 = CARTESIAN_POINT('',(12.14782731371,19.166067040453,7.562796483209
    ));
#292 = CARTESIAN_POINT('',(18.333783329993,15.330489271119,
    1.295953713358));
#293 = CARTESIAN_POINT('',(22.478050311416,7.72851657649,-2.929200021632
    ));
#294 = CARTESIAN_POINT('',(23.546378793804,-1.806807501652,
    -4.078415257587));
#295 = CARTESIAN_POINT('',(21.249271673602,-10.95915080402,
    -1.862194890953));
#296 = CARTESIAN_POINT('',(16.117223054835,-17.49157667598,
    3.188966974247));
#297 = CARTESIAN_POINT('',(9.376165795777,-19.79326697402,9.849137479737
    ));
#298 = CARTESIAN_POINT('',(2.652331704934,-17.2766633751,16.492084817013
    ));
#299 = CARTESIAN_POINT('',(-2.42243005999,-10.52712939494,
    21.485959828369));
#300 = CARTESIAN_POINT('',(-4.609089105328,-1.167086946385,
    23.59173212014));
#301 = CARTESIAN_POINT('',(-3.366342328651,8.533913004807,
    22.268098589896));
#302 = CARTESIAN_POINT('',(1.013029911904,16.209485942356,
    17.807839595773));
#303 = CARTESIAN_POINT('',(7.468669270308,19.973647808384,
    11.271313483801));
#304 = CARTESIAN_POINT('',(14.426976832113,18.884183095258,
    4.232119168429));
#305 = CARTESIAN_POINT('',(20.182290285007,13.178312008833,
    -1.604081038033));
#306 = CARTESIAN_POINT('',(23.312569325888,4.221754371533,
    -4.815246832481));
#307 = CARTESIAN_POINT('',(23.028283176577,-5.818067552151,
    -4.611847436738));
#308 = CARTESIAN_POINT('',(19.368908601781,-14.49651233301,
    -1.033359615509));
#309 = CARTESIAN_POINT('',(13.198157973895,-19.68697599241,5.05650425881
    ));
#310 = CARTESIAN_POINT('',(5.997921803636,-20.10198030596,
    12.175853675502));
#311 = CARTESIAN_POINT('',(-0.48993472401,-15.6124147336,18.58282344958)
  );
#312 = CARTESIAN_POINT('',(-4.687340136952,-7.285800022677,
    22.699342108955));
#313 = CARTESIAN_POINT('',(-5.566253822939,2.86740400821,23.497369041374
    ));
#314 = CARTESIAN_POINT('',(-2.902842347294,12.379192628649,
    20.753070812162));
#315 = CARTESIAN_POINT('',(2.663233152829,18.923929068956,
    15.106108558471));
#316 = CARTESIAN_POINT('',(9.780018727773,20.886951875973,7.908436229959
    ));
#317 = CARTESIAN_POINT('',(16.709249143238,17.762857791181,
    0.898319060927));
#318 = CARTESIAN_POINT('',(21.748515816384,10.285234541029,
    -4.221834365788));
#319 = CARTESIAN_POINT('',(23.64709079483,0.254631762538,-6.201296097799
    ));
#320 = CARTESIAN_POINT('',(21.913840466926,-9.894946281548,
    -4.548932523464));
#321 = CARTESIAN_POINT('',(16.941434319503,-17.68666564138,
    0.342586870392));
#322 = CARTESIAN_POINT('',(9.91548060201,-21.20528806146,7.287653834317)
  );
#323 = CARTESIAN_POINT('',(2.529558697563,-19.56789905065,
    14.592688985198));
#324 = CARTESIAN_POINT('',(-3.425369073232,-13.14525392387,
    20.466730002425));
#325 = CARTESIAN_POINT('',(-6.497625491845,-3.478297806784,
    23.45809966747));
#326 = CARTESIAN_POINT('',(-5.931099336107,7.091466940996,
    22.810686758166));
#327 = CARTESIAN_POINT('',(-1.853704229336,15.989119613658,
    18.652404897826));
#328 = CARTESIAN_POINT('',(4.748931433522,21.033601977219,
    11.968882481401));
#329 = CARTESIAN_POINT('',(12.269313612714,20.97232820676,4.367613548641
    ));
#330 = CARTESIAN_POINT('',(18.867051428857,15.792089623629,
    -2.311011021069));
#331 = CARTESIAN_POINT('',(22.916829214495,6.729113680919,
    -6.441675560276));
#332 = CARTESIAN_POINT('',(23.406340326301,-4.025836725991,
    -7.012073425648));
#333 = CARTESIAN_POINT('',(20.186758114181,-13.85700425458,
    -3.873377967096));
#334 = CARTESIAN_POINT('',(14.013787585161,-20.35982631229,
    2.218705808357));
#335 = CARTESIAN_POINT('',(6.368131017288,-21.92904231376,9.783475622663
    ));
#336 = CARTESIAN_POINT('',(-0.902005624016,-18.15488334318,
    16.972725510399));
#337 = CARTESIAN_POINT('',(-6.030059554168,-9.929580655431,
    22.019892686984));
#338 = CARTESIAN_POINT('',(-7.76276090142,0.763378893626,23.671707280669
    ));
#339 = CARTESIAN_POINT('',(-5.668815745873,11.327518741838,
    21.496875371554));
#340 = CARTESIAN_POINT('',(-0.248603870522,19.183848653425,
    15.995776742636));
#341 = CARTESIAN_POINT('',(7.182958072914,22.400459615268,8.483328045631
    ));
#342 = CARTESIAN_POINT('',(14.813009874363,20.167539436484,
    0.772389490615));
#343 = CARTESIAN_POINT('',(20.770580140233,13.001024808837,
    -5.266067528822));
#344 = CARTESIAN_POINT('',(23.582947571743,2.623728412653,-8.1593217139)
  );
#345 = CARTESIAN_POINT('',(22.537217520113,-8.448757276967,
    -7.194478415837));
#346 = CARTESIAN_POINT('',(17.858347723899,-17.51786281324,
    -2.596495373191));
#347 = CARTESIAN_POINT('',(10.659194889102,-22.35973177521,
    4.521770708039));
#348 = CARTESIAN_POINT('',(2.6735723231,-21.77050734346,12.426506520474)
  );
#349 = CARTESIAN_POINT('',(-4.163663277024,-15.86551927434,
    19.18285536703));
#350 = CARTESIAN_POINT('',(-8.187799323457,-6.058048053494,
    23.126104659896));
#351 = CARTESIAN_POINT('',(-8.411982858281,5.278828445148,
    23.269401441153));
#352 = CARTESIAN_POINT('',(-4.771611777536,15.386420292809,
    19.54814360684));
#353 = CARTESIAN_POINT('',(1.855103046053,21.791718863015,
    12.840542029683));
#354 = CARTESIAN_POINT('',(9.856586939358,22.912447212822,4.758171382811
    ));
#355 = CARTESIAN_POINT('',(17.277430219224,18.447838917763,
    -2.743558650623));
#356 = CARTESIAN_POINT('',(22.293849298867,9.458654159442,
    -7.840864483833));
#357 = CARTESIAN_POINT('',(23.65947105672,-1.884700031405,
    -9.287372995255));
#358 = CARTESIAN_POINT('',(21.012480141742,-12.82617327923,
    -6.721268833843));
#359 = CARTESIAN_POINT('',(14.968449632767,-20.69369668602,
    -0.758125078436));
#360 = CARTESIAN_POINT('',(6.975100498809,-23.55173379902,7.154337301955
    ));
#361 = CARTESIAN_POINT('',(-1.036775610321,-20.67739887089,
    15.085326657517));
#362 = CARTESIAN_POINT('',(-7.122067475972,-12.74303630548,
    21.089731769602));
#363 = CARTESIAN_POINT('',(-9.79596820958,-1.659208193895,
    23.682745749642));
#364 = CARTESIAN_POINT('',(-8.39866038367,9.885308214106,22.204551170165
    ));
#365 = CARTESIAN_POINT('',(-3.260499045337,19.075772180694,
    16.985503078263));
#366 = CARTESIAN_POINT('',(4.373628369919,23.657756832655,9.270488909441
    ));
#367 = CARTESIAN_POINT('',(12.64351485681,22.49012768838,0.919715668982)
  );
#368 = CARTESIAN_POINT('',(19.52451401014,15.82909284938,-6.042170237916
    ));
#369 = CARTESIAN_POINT('',(23.32080429278,5.272654333523,-9.919347274123
    ));
#370 = CARTESIAN_POINT('',(23.080863635429,-6.622676778599,
    -9.76029337034));
#371 = CARTESIAN_POINT('',(18.833367942306,-16.96098942962,
    -5.593684430785));
#372 = CARTESIAN_POINT('',(11.585049829751,-23.21198029886,
    1.573746928204));
#373 = CARTESIAN_POINT('',(3.079861286153,-23.83022647535,9.998048718234
    ));
#374 = CARTESIAN_POINT('',(-4.622962393449,-18.63716546064,
    17.619985644268));
#375 = CARTESIAN_POINT('',(-9.649856749173,-8.871391214421,
    22.565993246425));
#376 = CARTESIAN_POINT('',(-10.77103231867,3.106638932809,
    23.606282062364));
#377 = CARTESIAN_POINT('',(-7.703720422562,14.385116304378,
    20.45808341268));
#378 = CARTESIAN_POINT('',(-1.185797780423,22.208728328564,
    13.859274016972));
#379 = CARTESIAN_POINT('',(7.199298098647,24.651767156011,5.393291384335
    ));
#380 = CARTESIAN_POINT('',(15.40484583453,21.092064789529,
    -2.893143105115));
#381 = CARTESIAN_POINT('',(21.418025355498,12.369129093846,
    -8.987209379651));
#382 = CARTESIAN_POINT('',(23.751236617111,0.586359779341,
    -11.40130739483));
#383 = CARTESIAN_POINT('',(21.807624589145,-11.39610956538,
    -9.538582120433));
#384 = CARTESIAN_POINT('',(16.031003801652,-20.6556715973,
    -3.842848086508));
#385 = CARTESIAN_POINT('',(7.802559175966,-24.92008609529,4.304709785611
    ));
#386 = CARTESIAN_POINT('',(-0.891683796027,-23.12503637141,
    12.918066004037));
#387 = CARTESIAN_POINT('',(-7.942570180281,-15.67959852875,
    19.888065634724));
#388 = CARTESIAN_POINT('',(-11.63187021591,-4.373447286362,
    23.496478916791));
#389 = CARTESIAN_POINT('',(-11.05338950462,8.05326428999,22.837111451932
    ));
#390 = CARTESIAN_POINT('',(-6.3379324932,18.573995096508,18.04076768694)
  );
#391 = CARTESIAN_POINT('',(1.373706623476,24.612933491417,
    10.248241816697));
#392 = CARTESIAN_POINT('',(10.204326687001,24.675616275323,
    1.336734999604));
#393 = CARTESIAN_POINT('',(17.994880501503,18.718664225013,
    -6.534705568466));
#394 = CARTESIAN_POINT('',(22.829945632642,8.167184472433,
    -11.45065745317));
#395 = CARTESIAN_POINT('',(23.506215535924,-4.426061547853,
    -12.20781411002));
#396 = CARTESIAN_POINT('',(19.829426064751,-15.99823572897,
    -8.611911392416));
#397 = CARTESIAN_POINT('',(12.666461852617,-23.72134424154,
    -1.529833933849));
#398 = CARTESIAN_POINT('',(3.738786266699,-25.69332769697,7.316954898501
    ));
#399 = CARTESIAN_POINT('',(-4.793603931231,-21.40643836123,
    15.768458342864));
#400 = CARTESIAN_POINT('',(-10.85715385126,-11.87758336892,
    21.751121509329));
#401 = CARTESIAN_POINT('',(-12.97106357863,0.592736097067,23.78414448313
    ));
#402 = CARTESIAN_POINT('',(-10.611310731,12.975786205361,21.343504881937
    ));
#403 = CARTESIAN_POINT('',(-4.34290428559,22.250202231327,
    14.994211682953));
#404 = CARTESIAN_POINT('',(4.312966355376,26.139172648076,6.257454288419
    ));
#405 = CARTESIAN_POINT('',(13.245688190506,23.669340809354,
    -2.756154300278));
#406 = CARTESIAN_POINT('',(20.267470656031,15.414237486989,
    -9.858823519371));
#407 = CARTESIAN_POINT('',(23.646759674974,3.361406666179,
    -13.31899929188));
#408 = CARTESIAN_POINT('',(22.532766296591,-9.566069986301,
    -12.28589266706));
#409 = CARTESIAN_POINT('',(17.167032930231,-20.21847707172,
    -7.001046054272));
#410 = CARTESIAN_POINT('',(8.829450669039,-25.98687705093,1.255649453352
    ));
#411 = CARTESIAN_POINT('',(-0.469303178049,-25.44205389882,
    10.473516546873));
#412 = CARTESIAN_POINT('',(-8.475011090285,-18.68851394961,
    18.398337705541));
#413 = CARTESIAN_POINT('',(-13.23877312048,-7.345888401823,
    23.081212982177));
#414 = CARTESIAN_POINT('',(-13.59384037062,5.839400322376,
    23.355393478743));
#415 = CARTESIAN_POINT('',(-9.44376148782,17.659120040617,
    19.124427842374));
#416 = CARTESIAN_POINT('',(-1.790694984498,25.223852829059,
    11.390474585484));
#417 = CARTESIAN_POINT('',(7.504180748401,26.669320911062,2.014712099018
    ));
#418 = CARTESIAN_POINT('',(16.170898601963,21.615754494743,
    -6.732892508113));
#419 = CARTESIAN_POINT('',(22.082665282755,11.26712796336,
    -12.72554594247));
#420 = CARTESIAN_POINT('',(23.775340770385,-1.875544584269,
    -14.49910818367));
#421 = CARTESIAN_POINT('',(20.807550975646,-14.61861419883,
    -11.61220514249));
#422 = CARTESIAN_POINT('',(13.872871767992,-23.85184687648,
    -4.758412688412));
#423 = CARTESIAN_POINT('',(4.635621942116,-27.3075403301,4.397950383898)
  );
#424 = CARTESIAN_POINT('',(-4.670888620142,-24.11743110752,
    13.623574192588));
#425 = CARTESIAN_POINT('',(-11.78668284083,-15.03063661795,
    20.658481659713));
#426 = CARTESIAN_POINT('',(-14.97631830024,-2.237977159272,
    23.767230365552));
#427 = CARTESIAN_POINT('',(-13.45453112319,11.156182144725,
    22.164556434938));
#428 = CARTESIAN_POINT('',(-7.581932365116,21.887253951976,
    16.211070923293));
#429 = CARTESIAN_POINT('',(1.217986100659,27.326111964855,7.33026570395)
  );
#430 = CARTESIAN_POINT('',(10.801498360261,26.123202054233,
    -2.33413330922));
#431 = CARTESIAN_POINT('',(18.824476030358,18.543286912211,
    -10.43799773288));
#432 = CARTESIAN_POINT('',(23.313352495057,6.407823167614,
    -15.00776095115));
#433 = CARTESIAN_POINT('',(23.148148944944,-7.34266343924,-14.9234441546
    ));
#434 = CARTESIAN_POINT('',(18.33934635712,-19.36107841462,
    -10.19552832034));
#435 = CARTESIAN_POINT('',(10.03017383184,-26.70849631897,
    -1.967242548636));
#436 = CARTESIAN_POINT('',(0.222578578182,-27.57281545592,7.759465951455
    ));
#437 = CARTESIAN_POINT('',(-8.707453440649,-21.715600874,16.608611216719
    ));
#438 = CARTESIAN_POINT('',(-14.58788667359,-10.5369480848,
    22.408157696094));
#439 = CARTESIAN_POINT('',(-15.98133168882,3.259082163574,
    23.720715957761));
#440 = CARTESIAN_POINT('',(-12.5387839481,16.318538110878,
    20.197281463473));
#441 = CARTESIAN_POINT('',(-5.089361828881,25.452954903785,
    12.66697259068));
#442 = CARTESIAN_POINT('',(4.556964120304,28.417810245199,2.939759887928
    ));
#443 = CARTESIAN_POINT('',(14.046739043808,24.464001664761,
    -6.630901789144));
#444 = CARTESIAN_POINT('',(21.054807063957,14.526859964892,
    -13.71985656286));
#445 = CARTESIAN_POINT('',(23.85159288873,1.005066849814,-16.5975291412)
  );
#446 = CARTESIAN_POINT('',(21.727479619271,-12.81831243955,
    -14.5543026253));
#447 = CARTESIAN_POINT('',(15.170161968732,-23.57294642951,
    -8.077871728338));
#448 = CARTESIAN_POINT('',(5.750679754293,-28.62296835079,1.260723732534
    ));
#449 = CARTESIAN_POINT('',(-4.255282031517,-26.71297257813,
    11.185798764777));
#450 = CARTESIAN_POINT('',(-12.41954929597,-18.27996380693,
    19.269179275669));
#451 = CARTESIAN_POINT('',(-16.75310110489,-5.35377705074,
    23.521844331017));
#452 = CARTESIAN_POINT('',(-16.19304037566,8.931445449655,
    22.880896848224));
#453 = CARTESIAN_POINT('',(-10.86567246184,21.09716180607,
    17.472642180837));
#454 = CARTESIAN_POINT('',(-2.060594948788,28.167477174496,
    8.586677914211));
#455 = CARTESIAN_POINT('',(8.079070846101,28.397068449294,
    -1.633874634246));
#456 = CARTESIAN_POINT('',(17.075911557691,21.701935962145,
    -10.7116020994));
#457 = CARTESIAN_POINT('',(22.721120703299,9.686691640643,
    -16.43769799858));
#458 = CARTESIAN_POINT('',(23.614344443774,-4.739923547933,
    -17.41180849262));
#459 = CARTESIAN_POINT('',(19.508534904189,-18.06918945035,
    -13.3868857066));
#460 = CARTESIAN_POINT('',(11.374898558103,-27.0457677542,
    -5.334136114086));
#461 = CARTESIAN_POINT('',(1.170958981848,-29.46272708869,4.788916708602
    ));
#462 = CARTESIAN_POINT('',(-8.632896528917,-24.70407191469,14.5118854658
    ));
#463 = CARTESIAN_POINT('',(-15.65387992445,-13.90141881721,
    21.451982107767));
#464 = CARTESIAN_POINT('',(-18.17832408363,0.33495579203,23.895539513384
    ));
#465 = CARTESIAN_POINT('',(-15.582343366,14.546811331043,21.218672042187
    ));
#466 = CARTESIAN_POINT('',(-8.488379353834,25.268001307969,
    14.043821276447));
#467 = CARTESIAN_POINT('',(1.381613296926,29.86983224478,4.092941872119)
  );
#468 = CARTESIAN_POINT('',(11.621747245215,27.205549464148,
    -6.228078829737));
#469 = CARTESIAN_POINT('',(19.72625914889,17.895947397456,
    -14.41347748698));
#470 = CARTESIAN_POINT('',(23.700257123583,4.185007394216,
    -18.46836221524));
#471 = CARTESIAN_POINT('',(22.548297487541,-10.60093926736,
    -17.39728933276));
#472 = CARTESIAN_POINT('',(16.521136246342,-22.86018496218,
    -11.45101484513));
#473 = CARTESIAN_POINT('',(7.059510493198,-29.59298475916,
    -2.070275845558));
#474 = CARTESIAN_POINT('',(-3.552538555235,-29.13555028527,
    8.460886449308));
#475 = CARTESIAN_POINT('',(-12.74139278336,-21.57110591725,
    17.56885392387));
#476 = CARTESIAN_POINT('',(-18.27039489784,-8.716474126537,
    23.016969284786));
#477 = CARTESIAN_POINT('',(-18.78666838752,6.314210015112,
    23.452356020894));
#478 = CARTESIAN_POINT('',(-14.15453539942,19.863906195614,
    18.739336279227));
#479 = CARTESIAN_POINT('',(-5.493374087973,28.622444897833,
    9.997288214209));
#480 = CARTESIAN_POINT('',(5.090475296304,30.435185211313,
    -0.667447923636));
#481 = CARTESIAN_POINT('',(15.013563242935,24.833006138661,
    -10.67142262383));
#482 = CARTESIAN_POINT('',(21.843533369408,13.153280439795,
    -17.58227950387));
#483 = CARTESIAN_POINT('',(23.892918162136,-1.779266395493,
    -19.71255105017));
#484 = CARTESIAN_POINT('',(20.633569823253,-16.33568467449,
    -16.53408946485));
#485 = CARTESIAN_POINT('',(12.829953012115,-26.96471618755,
    -8.811359407285));
#486 = CARTESIAN_POINT('',(2.357702112228,-31.05917234491,1.580004739035
    ));
#487 = CARTESIAN_POINT('',(-8.249520085135,-27.59541114401,
    12.106340182831));
#488 = CARTESIAN_POINT('',(-16.41539221703,-17.38907490119,
    20.191325561166));
#489 = CARTESIAN_POINT('',(-20.14907382238,-2.903240068542,
    23.844120412948));
#490 = CARTESIAN_POINT('',(-18.53296664798,12.345949494489,
    22.14712648498));
#491 = CARTESIAN_POINT('',(-11.9506001824,24.642749292767,
    15.483873265833));
#492 = CARTESIAN_POINT('',(-1.998068701025,30.97722217684,5.450455030884
    ));
#493 = CARTESIAN_POINT('',(8.900589200581,29.781968899898,-5.52908962429
    ));
#494 = CARTESIAN_POINT('',(18.081393501305,21.319860365754,
    -14.79078067858));
#495 = CARTESIAN_POINT('',(23.289176868223,7.626882059545,
    -20.07945079906));
#496 = CARTESIAN_POINT('',(23.22910016094,-7.977659154769,
    -20.10026084535));
#497 = CARTESIAN_POINT('',(17.886055821041,-21.69575334776,
    -14.83810325902));
#498 = CARTESIAN_POINT('',(8.533184619148,-30.17509018383,
    -5.566118810695));
#499 = CARTESIAN_POINT('',(-2.573744981398,-31.32825434169,
    5.459924036285));
#500 = CARTESIAN_POINT('',(-12.74274394915,-24.8465322881,
    15.548036250477));
#501 = CARTESIAN_POINT('',(-19.50044496012,-12.28187540413,
    22.224850507881));
#502 = CARTESIAN_POINT('',(-21.19608561001,3.32459064,23.839604404196));
#503 = CARTESIAN_POINT('',(-17.40714468629,18.178611503875,
    19.96977672691));
#504 = CARTESIAN_POINT('',(-9.046964972161,28.655264749485,
    11.528710259211));
#505 = CARTESIAN_POINT('',(1.852996393024,32.183566629071,0.547862140457
    ));
#506 = CARTESIAN_POINT('',(12.634398904136,27.877351954767,
    -10.31442712422));
#507 = CARTESIAN_POINT('',(20.657950551729,16.757629057809,
    -18.41886552538));
#508 = CARTESIAN_POINT('',(23.947090181361,1.510667463374,
    -21.78889190858));
#509 = CARTESIAN_POINT('',(21.672437367611,-14.16090706387,
    -19.5951258484));
#510 = CARTESIAN_POINT('',(14.358277336798,-26.43726649559,
    -12.36185257115));
#511 = CARTESIAN_POINT('',(3.759701432842,-32.31243327836,
    -1.844163420765));
#512 = CARTESIAN_POINT('',(-7.560852459071,-30.33029327759,9.39550371758
    ));
#513 = CARTESIAN_POINT('',(-16.85549096191,-20.94536723587,
    18.609255466853));
#514 = CARTESIAN_POINT('',(-21.86027068109,-6.418974462096,
    23.53314843247));
#515 = CARTESIAN_POINT('',(-21.34902454857,9.725575102249,
    22.941015546386));
#516 = CARTESIAN_POINT('',(-15.43617204702,23.557546159316,
    16.94727629126));
#517 = CARTESIAN_POINT('',(-5.553669604079,31.69577528424,6.983887094752
    ));
#518 = CARTESIAN_POINT('',(5.893308764992,32.135210969492,
    -4.543978027888));
#519 = CARTESIAN_POINT('',(16.109459325306,24.740748277012,
    -14.84101534176));
#520 = CARTESIAN_POINT('',(22.589321270453,11.28712517114,
    -21.40176404048));
#521 = CARTESIAN_POINT('',(23.729723303724,-4.967252590412,
    -22.62305282732));
#522 = CARTESIAN_POINT('',(19.223116764369,-20.0688856378,
    -18.19733304153));
#523 = CARTESIAN_POINT('',(10.138850432971,-30.33186866323,
    -9.193953463703));
#524 = CARTESIAN_POINT('',(-1.335667726782,-33.23545182244,
    2.199677942481));
#525 = CARTESIAN_POINT('',(-12.4185693378,-28.04703451329,13.20169279994
    ));
#526 = CARTESIAN_POINT('',(-20.42082201312,-15.99927129207,
    21.123058721688));
#527 = CARTESIAN_POINT('',(-22.39345357975,-5.341469547119,
    23.041765785946));
#528 = CARTESIAN_POINT('',(-22.42041583094,-1.105345948979E-12,
    23.041765785946));
#529 = CARTESIAN_POINT('',(21.420204602618,-3.838290503547E-14,
    22.892166135774));
#530 = CARTESIAN_POINT('',(21.36628010024,0.345570726224,22.892166135774
    ));
#531 = CARTESIAN_POINT('',(21.523721265862,1.119822550166,
    22.626875965396));
#532 = CARTESIAN_POINT('',(22.400628020292,1.387396152284,21.58819570383
    ));
#533 = CARTESIAN_POINT('',(23.051671250163,0.290182073801,
    20.775378966824));
#534 = CARTESIAN_POINT('',(22.686481445269,-1.295255381193,
    20.978795264584));
#535 = CARTESIAN_POINT('',(21.420110779606,-1.847759961815,
    22.083392423112));
#536 = CARTESIAN_POINT('',(20.302319633422,-0.649352610592,
    23.039410062161));
#537 = CARTESIAN_POINT('',(20.387950018136,1.35933543346,22.792006170312
    ));
#538 = CARTESIAN_POINT('',(21.675381139646,2.299624274838,
    21.342801541667));
#539 = CARTESIAN_POINT('',(22.970010337213,1.109758330714,
    19.886398836965));
#540 = CARTESIAN_POINT('',(22.925018868017,-1.298950578061,
    19.769616799026));
#541 = CARTESIAN_POINT('',(21.354227304748,-2.71423439906,
    21.178634855161));
#542 = CARTESIAN_POINT('',(19.542576087599,-1.654492628068,
    22.828512565174));
#543 = CARTESIAN_POINT('',(19.141936920152,1.104959140013,
    23.067378225486));
#544 = CARTESIAN_POINT('',(20.597336641579,3.063801339741,
    21.450204996924));
#545 = CARTESIAN_POINT('',(22.600473351484,2.262019682013,
    19.285294779884));
#546 = CARTESIAN_POINT('',(23.197832505703,-0.773485346381,
    18.526162118531));
#547 = CARTESIAN_POINT('',(21.620752809713,-3.322155777051,
    19.941468307385));
#548 = CARTESIAN_POINT('',(19.12402219688,-2.907071925048,
    22.276425413084));
#549 = CARTESIAN_POINT('',(17.942103709565,0.306300326882,
    23.296570393263));
#550 = CARTESIAN_POINT('',(19.222708973716,3.465699058658,
    21.854191621978));
#551 = CARTESIAN_POINT('',(21.848496237331,3.561512974868,
    19.066630851228));
#552 = CARTESIAN_POINT('',(23.342114042829,0.289072187024,
    17.411239538595));
#553 = CARTESIAN_POINT('',(22.133653977121,-3.474332021913,
    18.457926097167));
#554 = CARTESIAN_POINT('',(19.115189288255,-4.195286236664,
    21.314617278899));
#555 = CARTESIAN_POINT('',(16.95210546998,-0.99945446389,23.315927590039
    ));
#556 = CARTESIAN_POINT('',(17.664846841007,3.332291038054,
    22.441412711877));
#557 = CARTESIAN_POINT('',(20.67490016333,4.777442330127,19.26958588242)
  );
#558 = CARTESIAN_POINT('',(23.199305214972,1.806305197867,
    16.583407323643));
#559 = CARTESIAN_POINT('',(22.755595637835,-3.028856696753,
    16.865343393645));
#560 = CARTESIAN_POINT('',(19.523594881796,-5.277219272104,
    19.935570642549));
#561 = CARTESIAN_POINT('',(16.319435389898,-2.686190118541,
    22.977956627312));
#562 = CARTESIAN_POINT('',(16.080987523298,2.558903489269,
    23.054630986776));
#563 = CARTESIAN_POINT('',(19.104942197227,5.665155505333,
    19.868902805713));
#564 = CARTESIAN_POINT('',(22.639041608532,3.61139678817,16.173029887272
    ));
#565 = CARTESIAN_POINT('',(23.313634459286,-1.923225879735,
    15.336663529384));
#566 = CARTESIAN_POINT('',(20.292367215352,-5.91428518348,
    18.196157266182));
#567 = CARTESIAN_POINT('',(16.149310344204,-4.550527546352,
    22.177440630196));
#568 = CARTESIAN_POINT('',(14.908456368194,0.181878109421,23.28348335026
    ));
#569 = CARTESIAN_POINT('',(15.935261759251,3.567779065253,
    22.148828954447));
#570 = CARTESIAN_POINT('',(17.961778331625,5.908968967945,
    20.014463377315));
#571 = CARTESIAN_POINT('',(20.84588680633,5.5559248989,17.022505897855)
  );
#572 = CARTESIAN_POINT('',(22.608506233491,2.64392569339,15.152037465936
    ));
#573 = CARTESIAN_POINT('',(23.229963863712,-1.143038874422,
    14.422730830959));
#574 = CARTESIAN_POINT('',(21.300262503234,-5.903558778931,
    16.217620935491));
#575 = CARTESIAN_POINT('',(16.499144127055,-6.337640181032,
    20.856965804536));
#576 = CARTESIAN_POINT('',(14.057339063794,-1.785198235108,
    23.163959611851));
#577 = CARTESIAN_POINT('',(14.374442738073,2.371037285467,
    22.739006932815));
#578 = CARTESIAN_POINT('',(16.003403272716,5.856044306485,
    21.002197393416));
#579 = CARTESIAN_POINT('',(19.998134921348,7.118198342798,
    16.872654488837));
#580 = CARTESIAN_POINT('',(22.926379259531,2.883953067753,
    13.809598894709));
#581 = CARTESIAN_POINT('',(22.945957330624,-1.53807070855,
    13.682171818859));
#582 = CARTESIAN_POINT('',(21.520852541465,-5.550092280911,
    14.999427603261));
#583 = CARTESIAN_POINT('',(17.364469357235,-7.772680508743,
    19.020999531546));
#584 = CARTESIAN_POINT('',(12.955466528182,-3.268611556124,
    23.268228853464));
#585 = CARTESIAN_POINT('',(13.171764450395,3.113504722101,
    22.917119675305));
#586 = CARTESIAN_POINT('',(15.57628035897,6.356627892359,20.404754761974
    ));
#587 = CARTESIAN_POINT('',(17.968840814072,7.286371427912,
    17.931307553303));
#588 = CARTESIAN_POINT('',(20.413250022996,6.437202924756,
    15.406011590814));
#589 = CARTESIAN_POINT('',(22.28141343265,3.985826611388,13.45696142759)
  );
#590 = CARTESIAN_POINT('',(23.086467762655,0.540636632753,
    12.571020344019));
#591 = CARTESIAN_POINT('',(22.491939114696,-4.366046912007,
    13.057699987219));
#592 = CARTESIAN_POINT('',(19.415521931154,-7.701965262665,
    16.026268166007));
#593 = CARTESIAN_POINT('',(15.779980073712,-7.217074793216,
    19.553961018691));
#594 = CARTESIAN_POINT('',(13.504315269132,-5.125118857837,
    21.748739069705));
#595 = CARTESIAN_POINT('',(12.188112767662,-1.714970616205,
    22.984054817607));
#596 = CARTESIAN_POINT('',(12.18616505413,2.153080686188,22.905115777571
    ));
#597 = CARTESIAN_POINT('',(13.494687917291,5.55997383491,21.515706160843
    ));
#598 = CARTESIAN_POINT('',(15.810149527269,7.650068248585,
    19.119357797297));
#599 = CARTESIAN_POINT('',(18.565447607232,7.8971497168,16.283172963767)
  );
#600 = CARTESIAN_POINT('',(21.083207050732,6.209533228639,13.6845267667)
  );
#601 = CARTESIAN_POINT('',(22.730992840543,2.974485454539,
    11.955854223321));
#602 = CARTESIAN_POINT('',(23.082337954704,-1.0379598554,11.523622355592
    ));
#603 = CARTESIAN_POINT('',(22.021832559942,-4.854151514051,
    12.503240996787));
#604 = CARTESIAN_POINT('',(19.779416580363,-7.535226555242,
    14.664770222798));
#605 = CARTESIAN_POINT('',(16.878175799402,-8.406928252888,
    17.485124250193));
#606 = CARTESIAN_POINT('',(14.01052691753,-7.22959829942,20.271886378497
    ));
#607 = CARTESIAN_POINT('',(11.870436287163,-4.262880274397,
    22.331090255296));
#608 = CARTESIAN_POINT('',(10.983195096859,-0.209241981511,
    23.137444692033));
#609 = CARTESIAN_POINT('',(11.574043632536,3.952317004652,
    22.465709402789));
#610 = CARTESIAN_POINT('',(13.508721542606,7.202643358396,
    20.450144739151));
#611 = CARTESIAN_POINT('',(16.321411080746,8.7320330834,17.556568447443)
  );
#612 = CARTESIAN_POINT('',(19.324492724982,8.141820535144,14.47260004964
    ));
#613 = CARTESIAN_POINT('',(21.77424453467,5.547848380243,11.941961486384
    ));
#614 = CARTESIAN_POINT('',(23.052578917054,1.559036894097,
    10.582740350433));
#615 = CARTESIAN_POINT('',(22.820397964542,-2.865361171247,
    10.734034549377));
#616 = CARTESIAN_POINT('',(21.104537177818,-6.646414921006,
    12.369008582534));
#617 = CARTESIAN_POINT('',(18.296060061096,-8.848621152894,
    15.096598945689));
#618 = CARTESIAN_POINT('',(15.059145641387,-8.911303941512,
    18.25262661183));
#619 = CARTESIAN_POINT('',(12.17175383079,-6.791084042831,21.05913166886
    ));
#620 = CARTESIAN_POINT('',(10.336284914798,-2.97928136513,
    22.813713831284));
#621 = CARTESIAN_POINT('',(10.006314789439,1.611651176568,
    23.062797203076));
#622 = CARTESIAN_POINT('',(11.272138570631,5.866485541172,
    21.716086668316));
#623 = CARTESIAN_POINT('',(13.833968277861,8.738128479279,
    19.073370207518));
#624 = CARTESIAN_POINT('',(17.07048240432,9.505274545439,15.755969327492
    ));
#625 = CARTESIAN_POINT('',(20.187117763472,7.953410385947,
    12.558447214772));
#626 = CARTESIAN_POINT('',(22.408724336312,4.433790310447,
    10.255953888366));
#627 = CARTESIAN_POINT('',(23.169871458438,-0.215617359402,
    9.413920012672));
#628 = CARTESIAN_POINT('',(22.256087007184,-4.869539160504,
    10.246817710359));
#629 = CARTESIAN_POINT('',(19.860772614999,-8.38773239043,
    12.561245348976));
#630 = CARTESIAN_POINT('',(16.542794856351,-9.89434007192,
    15.798336354057));
#631 = CARTESIAN_POINT('',(13.093939395102,-8.995827089435,
    19.166305061738));
#632 = CARTESIAN_POINT('',(10.347642301185,-5.883295254267,
    21.831715402088));
#633 = CARTESIAN_POINT('',(8.975199985246,-1.292684995429,
    23.123270964459));
#634 = CARTESIAN_POINT('',(9.319286999408,3.669083801552,22.69829719673)
  );
#635 = CARTESIAN_POINT('',(11.30605513111,7.79099669802,20.630642311461)
  );
#636 = CARTESIAN_POINT('',(14.458302518804,10.053513554708,
    17.397508170199));
#637 = CARTESIAN_POINT('',(18.007676911197,9.880683253883,
    13.767247024239));
#638 = CARTESIAN_POINT('',(21.079563509754,7.286476183573,
    10.614473672114));
#639 = CARTESIAN_POINT('',(22.906173834289,2.878221460428,8.706976594011
    ));
#640 = CARTESIAN_POINT('',(23.015919254413,-2.285351742876,8.51634442032
    ));
#641 = CARTESIAN_POINT('',(21.352368770298,-6.948343398738,
    10.099008150867));
#642 = CARTESIAN_POINT('',(18.292821144184,-9.963146332239,
    13.077669023415));
#643 = CARTESIAN_POINT('',(14.560793827326,-10.57284868299,
    16.728809586705));
#644 = CARTESIAN_POINT('',(11.052676716147,-8.601090055368,
    20.156039944316));
#645 = CARTESIAN_POINT('',(8.620072044738,-4.501791751701,
    22.507757862158));
#646 = CARTESIAN_POINT('',(7.860672045066,0.744999110984,23.186271108263
    ));
#647 = CARTESIAN_POINT('',(8.969023111051,5.867340188855,21.99703328871)
  );
#648 = CARTESIAN_POINT('',(11.684414911916,9.609737069124,
    19.200754734277));
#649 = CARTESIAN_POINT('',(15.349736231392,11.04085189395,
    15.454546661233));
#650 = CARTESIAN_POINT('',(19.068091742515,9.785164932435,
    11.655304396543));
#651 = CARTESIAN_POINT('',(21.919868152896,6.120992208319,8.722641232595
    ));
#652 = CARTESIAN_POINT('',(23.187717146053,0.919391581089,7.37390548587)
  );
#653 = CARTESIAN_POINT('',(22.534414632502,-4.562790377654,
    7.946321245854));
#654 = CARTESIAN_POINT('',(20.089512820021,-8.986590307238,
    10.310336304767));
#655 = CARTESIAN_POINT('',(16.422581405859,-11.25795126815,
    13.896380965362));
#656 = CARTESIAN_POINT('',(12.408389127052,-10.79822734018,
    17.829686490602));
#657 = CARTESIAN_POINT('',(9.015912099338,-7.69130395955,21.141276764748
    ));
#658 = CARTESIAN_POINT('',(7.072055344501,-2.669997099471,
    23.004246766018));
#659 = CARTESIAN_POINT('',(7.057702255194,3.056617238077,22.937713101757
    ));
#660 = CARTESIAN_POINT('',(8.986386217623,8.094301625455,20.92814238576)
  );
#661 = CARTESIAN_POINT('',(12.396157638115,11.20310695243,
    17.437484211701));
#662 = CARTESIAN_POINT('',(16.457803553973,11.602528767009,
    13.294951542275));
#663 = CARTESIAN_POINT('',(20.174105899351,9.167279235527,9.49776244333)
  );
#664 = CARTESIAN_POINT('',(22.622264932131,4.464613016154,6.968716656983
    ));
#665 = CARTESIAN_POINT('',(23.180554834842,-1.377540430803,
    6.329540000704));
#666 = CARTESIAN_POINT('',(21.683545563582,-6.941050852835,
    7.745662518397));
#667 = CARTESIAN_POINT('',(18.467162348794,-10.86182318899,
    10.881158979617));
#668 = CARTESIAN_POINT('',(14.291448731084,-12.1642365,14.97598584376));
#669 = CARTESIAN_POINT('',(10.158730852708,-10.50379491404,
    19.027816968569));
#670 = CARTESIAN_POINT('',(7.070673063083,-6.257667564212,
    22.034988004626));
#671 = CARTESIAN_POINT('',(5.783108839327,-0.439452093855,
    23.241665474815));
#672 = CARTESIAN_POINT('',(6.618653115177,5.542689735708,22.325234445398
    ));
#673 = CARTESIAN_POINT('',(9.383537939633,10.226833696842,
    19.479462867373));
#674 = CARTESIAN_POINT('',(13.410042831935,12.454554204459,
    15.372071221504));
#675 = CARTESIAN_POINT('',(17.715344058348,11.65733982521,
    10.985883241523));
#676 = CARTESIAN_POINT('',(21.239013000925,8.001365543576,7.381327545379
    ));
#677 = CARTESIAN_POINT('',(23.101775323702,2.353827531795,5.437678469035
    ));
#678 = CARTESIAN_POINT('',(22.822390565961,-3.922615880711,
    5.636176473208));
#679 = CARTESIAN_POINT('',(20.439166628304,-9.298606480126,
    7.938513657297));
#680 = CARTESIAN_POINT('',(16.50546646555,-12.45073882859,
    11.791327066484));
#681 = CARTESIAN_POINT('',(11.959125016688,-12.58730063827,
    16.256781761779));
#682 = CARTESIAN_POINT('',(7.896561175801,-9.64693383363,20.238458849099
    ));
#683 = CARTESIAN_POINT('',(5.305986506745,-4.320412179262,
    22.748146764587));
#684 = CARTESIAN_POINT('',(4.824628943302,2.111430543154,23.148617574463
    ));
#685 = CARTESIAN_POINT('',(6.579609720234,8.08564891088,21.312750043962)
  );
#686 = CARTESIAN_POINT('',(10.152182839832,12.136982527419,
    17.659290170798));
#687 = CARTESIAN_POINT('',(14.675214002758,13.25721039112,
    13.055372254304));
#688 = CARTESIAN_POINT('',(19.041254093508,11.145936604842,
    8.608445409986));
#689 = CARTESIAN_POINT('',(22.171289056696,6.290455750934,5.39752369323)
  );
#690 = CARTESIAN_POINT('',(23.278947922229,-0.146383752412,4.20897807413
    ));
#691 = CARTESIAN_POINT('',(22.065477207283,-6.604599013822,
    5.341562035509));
#692 = CARTESIAN_POINT('',(18.797155708882,-11.50513130851,
    8.528996780343));
#693 = CARTESIAN_POINT('',(14.245163565694,-13.63592392715,
    13.000102169963));
#694 = CARTESIAN_POINT('',(9.50140220487,-12.45162566423,17.66297677722)
  );
#695 = CARTESIAN_POINT('',(5.714236701481,-8.21283102196,21.369255527041
    ));
#696 = CARTESIAN_POINT('',(3.808113099721,-1.929383794171,
    23.194492375234));
#697 = CARTESIAN_POINT('',(4.255507714919,4.880094443053,22.666211006469
    ));
#698 = CARTESIAN_POINT('',(6.957455904856,10.555215941367,
    19.883376062963));
#699 = CARTESIAN_POINT('',(11.262827554414,13.698685687813,
    15.497117659839));
#700 = CARTESIAN_POINT('',(16.122828801302,13.520289603243,
    10.556229659383));
#701 = CARTESIAN_POINT('',(20.34409367674,10.035339456612,6.254078030377
    ));
#702 = CARTESIAN_POINT('',(22.879294849312,4.067786839942,3.637990104238
    ));
#703 = CARTESIAN_POINT('',(23.084503416275,-2.944416541127,
    3.351894783707));
#704 = CARTESIAN_POINT('',(20.880062489231,-9.295775250478,
    5.475448957185));
#705 = CARTESIAN_POINT('',(16.774810111847,-13.42805745427,9.499814581)
  );
#706 = CARTESIAN_POINT('',(11.746579135895,-14.31256460371,
    14.447158803385));
#707 = CARTESIAN_POINT('',(7.007001504968,-11.70608990249,
    19.105849680745));
#708 = CARTESIAN_POINT('',(3.707180028445,-6.216908954778,
    22.324784403701));
#709 = CARTESIAN_POINT('',(2.65572525822,0.836912957387,23.295352420359)
  );
#710 = CARTESIAN_POINT('',(4.118221619579,7.743957119034,21.751969305431
    ));
#711 = CARTESIAN_POINT('',(7.747837573472,12.814676698117,
    18.041466597971));
#712 = CARTESIAN_POINT('',(12.665124434691,14.794669935395,
    13.043292983185));
#713 = CARTESIAN_POINT('',(17.668705139815,13.174914667197,
    7.958825524493));
#714 = CARTESIAN_POINT('',(21.526391215076,8.322257429642,4.020252695664
    ));
#715 = CARTESIAN_POINT('',(23.276186009126,1.396791585827,2.189571148047
    ));
#716 = CARTESIAN_POINT('',(22.463645090861,-5.925388236188,
    2.921225312745));
#717 = CARTESIAN_POINT('',(19.257039000097,-11.85782012032,
    6.046944649941));
#718 = CARTESIAN_POINT('',(14.411180204245,-14.93953235864,
    10.811916692226));
#719 = CARTESIAN_POINT('',(9.087554535533,-14.39478544144,16.05465560737
    ));
#720 = CARTESIAN_POINT('',(4.573599494545,-10.32812946452,20.48772389479
    ));
#721 = CARTESIAN_POINT('',(1.968974261757,-3.705780816885,
    23.011462374011));
#722 = CARTESIAN_POINT('',(1.915272780121,3.87380968146,22.98427710208)
  );
#723 = CARTESIAN_POINT('',(4.435607754463,10.565751640434,20.38305537417
    ));
#724 = CARTESIAN_POINT('',(8.924145604677,14.727765813852,
    15.813630770389));
#725 = CARTESIAN_POINT('',(14.289317293477,15.323190654231,
    10.367572328021));
#726 = CARTESIAN_POINT('',(19.216881573527,12.179055712501,
    5.359121294404));
#727 = CARTESIAN_POINT('',(22.489449801003,6.035007492546,2.005666313361
    ));
#728 = CARTESIAN_POINT('',(23.284787953202,-1.630481699167,
    1.129441407593));
#729 = CARTESIAN_POINT('',(21.37980494173,-8.955839430548,2.953537665498
    ));
#730 = CARTESIAN_POINT('',(17.209637928852,-14.14847589309,
    7.042817924809));
#731 = CARTESIAN_POINT('',(11.766288808409,-15.9234359806,
    12.405280291685));
#732 = CARTESIAN_POINT('',(6.360376711598,-13.82128435743,
    17.730305634928));
#733 = CARTESIAN_POINT('',(2.303215816357,-8.3266025764,21.706579776602)
  );
#734 = CARTESIAN_POINT('',(0.586337280514,-0.756632689664,
    23.342571558877));
#735 = CARTESIAN_POINT('',(1.636777051123,7.054432441664,22.211245034701
    ));
#736 = CARTESIAN_POINT('',(5.208513479347,13.199862583262,
    18.558621852909));
#737 = CARTESIAN_POINT('',(10.437603603314,16.165830886029,
    13.248644975375));
#738 = CARTESIAN_POINT('',(16.048752773328,15.2042669451,7.556609051793)
  );
#739 = CARTESIAN_POINT('',(20.663942440877,10.521301950444,
    2.860532630677));
#740 = CARTESIAN_POINT('',(23.138429031238,3.233889427366,0.305159286749
    ));
#741 = CARTESIAN_POINT('',(22.842188396125,-4.896493095356,
    0.520513168294));
#742 = CARTESIAN_POINT('',(19.817617479506,-11.88959955238,
    3.464197331346));
#743 = CARTESIAN_POINT('',(14.774049065849,-16.0287262685,8.426878991434
    ));
#744 = CARTESIAN_POINT('',(8.919238270349,-16.28210622549,
    14.200803033367));
#745 = CARTESIAN_POINT('',(3.667829906303,-12.55995571357,
    19.371324643846));
#746 = CARTESIAN_POINT('',(0.297173195275,-5.743168835402,
    22.661094601307));
#747 = CARTESIAN_POINT('',(-0.365775370942,2.524989253681,
    23.243156413956));
#748 = CARTESIAN_POINT('',(1.850279870756,10.234973708058,
    20.946214418691));
#749 = CARTESIAN_POINT('',(6.414467206187,15.499371411674,
    16.301140329692));
#750 = CARTESIAN_POINT('',(12.218493584453,17.014926340312,
    10.416227197859));
#751 = CARTESIAN_POINT('',(17.843367434646,14.385082093372,
    4.710466594098));
#752 = CARTESIAN_POINT('',(21.903916701695,8.223237621473,0.569030573482
    ));
#753 = CARTESIAN_POINT('',(23.387456801223,9.944932298044E-03,
    -0.995396279614));
#754 = CARTESIAN_POINT('',(21.903807515271,-8.262774757717,0.40736625277
    ));
#755 = CARTESIAN_POINT('',(17.784945779359,-14.57456252164,
    4.445341235116));
#756 = CARTESIAN_POINT('',(12.008899228521,-17.37012682007,
    10.140501032386));
#757 = CARTESIAN_POINT('',(5.965261808165,-15.9424259163,16.103251699176
    ));
#758 = CARTESIAN_POINT('',(1.118536747543,-10.61123559409,
    20.869090006229));
#759 = CARTESIAN_POINT('',(-1.349132896323,-2.652063330318,
    23.255872896529));
#760 = CARTESIAN_POINT('',(-0.828689769533,6.0089308945,22.65454301617)
  );
#761 = CARTESIAN_POINT('',(2.563146883493,13.261059996878,
    19.181819609577));
#762 = CARTESIAN_POINT('',(8.007471992061,17.323484028947,
    13.656607747441));
#763 = CARTESIAN_POINT('',(14.17849779002,17.182480517426,7.404695195915
    ));
#764 = CARTESIAN_POINT('',(19.564010439522,12.844251146795,
    1.938295792846));
#765 = CARTESIAN_POINT('',(22.833526165183,5.340255253895,
    -1.412106686384));
#766 = CARTESIAN_POINT('',(23.164517427509,-3.517893359389,
    -1.823984702277));
#767 = CARTESIAN_POINT('',(20.446724921478,-11.57575715952,
    0.812921050186));
#768 = CARTESIAN_POINT('',(15.313825936484,-16.86006687311,
    5.864933281614));
#769 = CARTESIAN_POINT('',(8.99357525857,-18.06193197034,12.104297205959
    ));
#770 = CARTESIAN_POINT('',(3.011828892467,-14.86094638556,
    18.005156818496));
#771 = CARTESIAN_POINT('',(-1.178204599911,-8.009958356576,
    22.114303557306));
#772 = CARTESIAN_POINT('',(-2.551401813722,0.841779319575,23.40661401755
    ));
#773 = CARTESIAN_POINT('',(-0.763917504139,9.545589324449,
    21.538242954399));
#774 = CARTESIAN_POINT('',(3.758389374887,15.974937704647,
    16.935049321806));
#775 = CARTESIAN_POINT('',(9.918971594104,18.544985599901,
    10.693580349021));
#776 = CARTESIAN_POINT('',(16.214079806415,16.603190548904,
    4.317585383143));
#777 = CARTESIAN_POINT('',(21.097417108236,10.594704339461,
    -0.646638672246));
#778 = CARTESIAN_POINT('',(23.357535577611,1.960710919436,
    -2.987643895189));
#779 = CARTESIAN_POINT('',(22.415866327555,-7.207178647567,-2.1268613987
    ));
#780 = CARTESIAN_POINT('',(18.472072653773,-14.67361431634,
    1.736045521514));
#781 = CARTESIAN_POINT('',(12.460245018465,-18.60453689451,
    7.666986403256));
#782 = CARTESIAN_POINT('',(5.825433570891,-18.01765918523,
    14.220911097261));
#783 = CARTESIAN_POINT('',(0.173963477817,-13.0277605703,19.791494436768
    ));
#784 = CARTESIAN_POINT('',(-3.117850276766,-4.825580058612,
    23.002421437784));
#785 = CARTESIAN_POINT('',(-3.241275420784,4.606217013938,
    23.044959828234));
#786 = CARTESIAN_POINT('',(-0.156229843345,12.972274619398,
    19.879027497228));
#787 = CARTESIAN_POINT('',(5.394123329532,18.223152126079,
    14.247787570784));
#788 = CARTESIAN_POINT('',(12.059983123544,19.057356456639,
    7.501041023204));
#789 = CARTESIAN_POINT('',(18.21077555819,15.24382734349,1.269361834991)
  );
#790 = CARTESIAN_POINT('',(22.331611850303,7.684995160955,-2.93236121069
    ));
#791 = CARTESIAN_POINT('',(23.393945117412,-1.796596124833,
    -4.075581231367));
#792 = CARTESIAN_POINT('',(21.109737376711,-10.89769188869,
    -1.872260244233));
#793 = CARTESIAN_POINT('',(16.006343269934,-17.39382814681,
    3.150247108977));
#794 = CARTESIAN_POINT('',(9.302721695111,-19.68301895374,9.772981930232
    ));
#795 = CARTESIAN_POINT('',(2.615993331106,-17.18074812351,16.37882354067
    ));
#796 = CARTESIAN_POINT('',(-2.4310234887,-10.46889085004,21.344953606908
    ));
#797 = CARTESIAN_POINT('',(-4.606050959702,-1.160699256289,
    23.439094324343));
#798 = CARTESIAN_POINT('',(-3.370616882228,8.486895198488,
    22.122773493301));
#799 = CARTESIAN_POINT('',(0.984278156727,16.120505874535,17.68699170078
    ));
#800 = CARTESIAN_POINT('',(7.404233093914,19.864361525963,
    11.186150010025));
#801 = CARTESIAN_POINT('',(14.324333920598,18.781188789444,
    4.185162429773));
#802 = CARTESIAN_POINT('',(20.048217113154,13.106676524054,
    -1.61960751635));
#803 = CARTESIAN_POINT('',(23.161491892785,4.198912414865,-4.81376904955
    ));
#804 = CARTESIAN_POINT('',(22.878765993327,-5.786556685272,
    -4.611929903658));
#805 = CARTESIAN_POINT('',(19.239136444503,-14.41831778499,
    -1.053187108403));
#806 = CARTESIAN_POINT('',(13.101510056985,-19.58112882088,
    5.003552525549));
#807 = CARTESIAN_POINT('',(5.939715534831,-19.99424168831,
    12.084460294135));
#808 = CARTESIAN_POINT('',(-0.51373789898,-15.52900618903,
    18.457026974379));
#809 = CARTESIAN_POINT('',(-4.689151827494,-7.24702159587,
    22.551554149326));
#810 = CARTESIAN_POINT('',(-5.563837945214,2.852114389742,
    23.345353513478));
#811 = CARTESIAN_POINT('',(-2.914991726735,12.313556165652,
    20.615620541431));
#812 = CARTESIAN_POINT('',(2.621270595847,18.823920421326,
    14.998471465282));
#813 = CARTESIAN_POINT('',(9.700251030156,20.776911236031,7.838604277405
    ));
#814 = CARTESIAN_POINT('',(16.592885390156,17.669566946331,
    0.865083163838));
#815 = CARTESIAN_POINT('',(21.605671873067,10.231398698862,
    -4.228590072641));
#816 = CARTESIAN_POINT('',(23.494327298413,0.25335353751,-6.198132251554
    ));
#817 = CARTESIAN_POINT('',(21.770132284079,-9.843355793909,
    -4.554823990787));
#818 = CARTESIAN_POINT('',(16.823552426735,-17.59476257918,
    0.310869112989));
#819 = CARTESIAN_POINT('',(9.833910350719,-21.09543987253,7.219624435438
    ));
#820 = CARTESIAN_POINT('',(2.485947880011,-19.4668406835,14.486700152578
    ));
#821 = CARTESIAN_POINT('',(-3.438611265034,-13.07758105247,
    20.330372544057));
#822 = CARTESIAN_POINT('',(-6.495481008645,-3.460480713902,
    23.306355534099));
#823 = CARTESIAN_POINT('',(-5.932294951099,7.055091915679,
    22.662282722987));
#824 = CARTESIAN_POINT('',(-1.876153799688,15.907405455688,
    18.525254818008));
#825 = CARTESIAN_POINT('',(4.692486856925,20.926436349988,
    11.875727407827));
#826 = CARTESIAN_POINT('',(12.174406713407,20.865793174558,
    4.312920797778));
#827 = CARTESIAN_POINT('',(18.738575884188,15.712113775974,
    -2.332135126571));
#828 = CARTESIAN_POINT('',(22.767848668145,6.695161609715,
    -6.442294664096));
#829 = CARTESIAN_POINT('',(23.254908947233,-4.005501735895,
    -7.01024169675));
#830 = CARTESIAN_POINT('',(20.051526557173,-13.7873313509,
    -3.887746060259));
#831 = CARTESIAN_POINT('',(13.9094637781,-20.25777254739,2.173429965248)
  );
#832 = CARTESIAN_POINT('',(6.301900532783,-21.8194456224,9.700106456996)
  );
#833 = CARTESIAN_POINT('',(-0.932228399583,-18.06441746416,
    16.853348635796));
#834 = CARTESIAN_POINT('',(-6.035123822185,-9.880263253691,
    21.875357304829));
#835 = CARTESIAN_POINT('',(-7.75963896289,0.759544905625,23.518985691968
    ));
#836 = CARTESIAN_POINT('',(-5.676472267926,11.271466483455,
    21.354932243436));
#837 = CARTESIAN_POINT('',(-0.283380249104,19.089220172438,
    15.880953471047));
#838 = CARTESIAN_POINT('',(7.111320896312,22.290285674324,8.405365572063
    ));
#839 = CARTESIAN_POINT('',(14.70374217158,20.068634265901,0.732057543227
    ));
#840 = CARTESIAN_POINT('',(20.632070733556,12.937460035725,
    -5.277157772316));
#841 = CARTESIAN_POINT('',(23.430702154984,2.610974487209,
    -8.156675947311));
#842 = CARTESIAN_POINT('',(22.390084869255,-8.40759629319,-7.19694541515
    ));
#843 = CARTESIAN_POINT('',(17.733932265482,-17.43280471656,
    -2.621679564945));
#844 = CARTESIAN_POINT('',(10.569572119455,-22.25147807974,
    4.461793827514));
#845 = CARTESIAN_POINT('',(2.622349863464,-21.66540492849,
    12.328129329939));
#846 = CARTESIAN_POINT('',(-4.182223706518,-15.78914805777,
    19.051816146354));
#847 = CARTESIAN_POINT('',(-8.187385316205,-6.028995328939,
    22.976091002473));
#848 = CARTESIAN_POINT('',(-8.410900022724,5.253491800116,
    23.118718955425));
#849 = CARTESIAN_POINT('',(-4.788328502135,15.312860733066,
    19.415260681268));
#850 = CARTESIAN_POINT('',(1.80645044539,21.687839378689,12.739594980175
    ));
#851 = CARTESIAN_POINT('',(9.769634728233,22.803530083862,4.695523943765
    ));
#852 = CARTESIAN_POINT('',(17.155136056002,18.360392490484,
    -2.770864137572));
#853 = CARTESIAN_POINT('',(22.147772397194,9.413961221965,
    -7.844387232331));
#854 = CARTESIAN_POINT('',(23.506958893974,-1.875762072781,
    -9.284460482679));
#855 = CARTESIAN_POINT('',(20.872446414778,-12.76577975271,
    -6.730834757051));
#856 = CARTESIAN_POINT('',(14.856771025807,-20.59654622103,
    -0.796046121646));
#857 = CARTESIAN_POINT('',(6.900752602107,-23.44147096087,7.079085548486
    ));
#858 = CARTESIAN_POINT('',(-1.073902787487,-20.58085952579,
    14.972854184513));
#859 = CARTESIAN_POINT('',(-7.131142735677,-12.68371628386,
    20.949207379136));
#860 = CARTESIAN_POINT('',(-9.792987654155,-1.65154485461,
    23.530165544045));
#861 = CARTESIAN_POINT('',(-8.4025542703,9.839449760825,22.058845406624)
  );
#862 = CARTESIAN_POINT('',(-3.288524523475,18.987553005403,
    16.86392890623));
#863 = CARTESIAN_POINT('',(4.310087318714,23.548647795563,9.184430310475
    ));
#864 = CARTESIAN_POINT('',(12.541718062281,22.386683842572,
    0.871912813339));
#865 = CARTESIAN_POINT('',(19.391032018375,15.756490448721,
    -6.058287896322));
#866 = CARTESIAN_POINT('',(23.169919220942,5.248563413923,
    -9.918061852457));
#867 = CARTESIAN_POINT('',(22.931093177564,-6.592392948011,
    -9.760122562646));
#868 = CARTESIAN_POINT('',(18.702958516734,-16.88370135408,
    -5.612874655384));
#869 = CARTESIAN_POINT('',(11.487535749781,-23.10649841794,
    1.521661358002));
#870 = CARTESIAN_POINT('',(3.020770767049,-23.72222306167,9.907539587166
    ));
#871 = CARTESIAN_POINT('',(-4.647452696345,-18.55292647971,
    17.494876296994));
#872 = CARTESIAN_POINT('',(-9.651991211471,-8.83141882325,
    22.418528058553));
#873 = CARTESIAN_POINT('',(-10.76849630006,3.09261621862,23.454146393581
    ));
#874 = CARTESIAN_POINT('',(-7.715335988468,14.3205113453,20.320099328414
    ));
#875 = CARTESIAN_POINT('',(-1.226942771226,22.109264736165,
    13.750819357605));
#876 = CARTESIAN_POINT('',(7.120432739877,24.541652466593,5.322557092934
    ));
#877 = CARTESIAN_POINT('',(15.289249580946,20.998098812721,
    -2.927146501702));
#878 = CARTESIAN_POINT('',(21.275627277627,12.314181351448,
    -8.994410951951));
#879 = CARTESIAN_POINT('',(23.598488836968,0.583803501061,
    -11.39815926485));
#880 = CARTESIAN_POINT('',(21.663498148356,-11.34565223029,
    -9.544055329815));
#881 = CARTESIAN_POINT('',(15.912371472714,-20.56448099929,
    -3.87381540774));
#882 = CARTESIAN_POINT('',(7.720088952087,-24.81035628203,4.237580359319
    ));
#883 = CARTESIAN_POINT('',(-0.936125086465,-23.02347348103,
    12.812907644304));
#884 = CARTESIAN_POINT('',(-7.956371224052,-15.61092102654,
    19.752267028324));
#885 = CARTESIAN_POINT('',(-11.62987694988,-4.354369963003,
    23.344886000586));
#886 = CARTESIAN_POINT('',(-11.05429189861,8.018098378814,
    22.688414195751));
#887 = CARTESIAN_POINT('',(-6.359715768767,18.493144661084,
    17.912951312337));
#888 = CARTESIAN_POINT('',(1.318139252039,24.506075981586,
    10.154209537963));
#889 = CARTESIAN_POINT('',(10.110294408267,24.568758765492,
    1.281167628167));
#890 = CARTESIAN_POINT('',(17.867064126899,18.637813789589,
    -6.556488844033));
#891 = CARTESIAN_POINT('',(22.681248376462,8.132018561257,
    -11.45155984716));
#892 = CARTESIAN_POINT('',(23.354622619718,-4.406984224495,
    -12.20582084398));
#893 = CARTESIAN_POINT('',(19.69362745835,-15.92955822676,
    -8.625712436186));
#894 = CARTESIAN_POINT('',(12.561303492885,-23.61978135117,
    -1.574275224288));
#895 = CARTESIAN_POINT('',(3.671656840408,-25.58359788371,7.234484674622
    ));
#896 = CARTESIAN_POINT('',(-4.824571252464,-21.31524776321,
    15.649826013926));
#897 = CARTESIAN_POINT('',(-10.86262706064,-11.82712603383,
    21.60699506854));
#898 = CARTESIAN_POINT('',(-12.96791544865,0.590179818787,
    23.631396702987));
#899 = CARTESIAN_POINT('',(-10.6185123033,12.920838462963,
    21.201106804067));
#900 = CARTESIAN_POINT('',(-4.376907682177,22.156236254519,
    14.878615429369));
#901 = CARTESIAN_POINT('',(4.242232063975,26.029057958659,6.17858892965)
  );
#902 = CARTESIAN_POINT('',(13.137233531139,23.569877216955,
    -2.797299291082));
#903 = CARTESIAN_POINT('',(20.129486571765,15.349632527911,
    -9.870439085276));
#904 = CARTESIAN_POINT('',(23.494624006191,3.34738395199,-13.31646327327
    ));
#905 = CARTESIAN_POINT('',(22.385301108719,-9.52609759513,
    -12.28802712936));
#906 = CARTESIAN_POINT('',(17.041923582956,-20.13423809079,
    -7.025536357169));
#907 = CARTESIAN_POINT('',(8.738941537971,-25.87887363726,1.196558934248
    ));
#908 = CARTESIAN_POINT('',(-0.52138874825,-25.33657201789,
    10.376002466903));
#909 = CARTESIAN_POINT('',(-8.494201314883,-18.61122587407,
    18.267928279968));
#910 = CARTESIAN_POINT('',(-13.23860231279,-7.315604571234,
    22.931442524312));
#911 = CARTESIAN_POINT('',(-13.59255494895,5.815309402776,
    23.204508406905));
#912 = CARTESIAN_POINT('',(-9.459879146226,17.586517639958,
    18.990945850609));
#913 = CARTESIAN_POINT('',(-1.838497840141,25.12040898325,
    11.288677790956));
#914 = CARTESIAN_POINT('',(7.418122149435,26.560211873969,1.951171047812
    ));
#915 = CARTESIAN_POINT('',(16.049324429931,21.527535319452,
    -6.760917986251));
#916 = CARTESIAN_POINT('',(21.936959519213,11.221269510078,
    -12.7294398291));
#917 = CARTESIAN_POINT('',(23.622760564789,-1.867881244983,
    -14.49612762824));
#918 = CARTESIAN_POINT('',(20.667026585179,-14.55929417721,
    -11.6212804022));
#919 = CARTESIAN_POINT('',(13.760399294989,-23.75530753138,
    -4.795539865579));
#920 = CARTESIAN_POINT('',(4.560370188646,-27.19727749196,4.323602487197
    ));
#921 = CARTESIAN_POINT('',(-4.708809663351,-24.02028064252,
    13.511895585627));
#922 = CARTESIAN_POINT('',(-11.79624876404,-14.97024309143,
    20.51844793275));
#923 = CARTESIAN_POINT('',(-14.97340578766,-2.229039200649,
    23.614718202805));
#924 = CARTESIAN_POINT('',(-13.45805387169,11.111489207248,
    22.018479533266));
#925 = CARTESIAN_POINT('',(-7.609237852065,21.799807524698,
    16.088776760071));
#926 = CARTESIAN_POINT('',(1.155338661613,27.217194835894,7.243313492825
    ));
#927 = CARTESIAN_POINT('',(10.700551310753,26.019322569907,
    -2.382785909883));
#928 = CARTESIAN_POINT('',(18.691593104785,18.469727352468,
    -10.45471445748));
#929 = CARTESIAN_POINT('',(23.162670009329,6.382486522581,
    -15.00667811559));
#930 = CARTESIAN_POINT('',(22.998135287521,-7.313610714686,
    -14.92303014735));
#931 = CARTESIAN_POINT('',(18.208307136444,-19.28470719805,
    -10.21408874984));
#932 = CARTESIAN_POINT('',(9.931796641305,-26.60339390401,
    -2.018465008272));
#933 = CARTESIAN_POINT('',(0.162601697656,-27.46456176045,7.669843181809
    ));
#934 = CARTESIAN_POINT('',(-8.732637632403,-21.63054277731,
    16.484195758302));
#935 = CARTESIAN_POINT('',(-14.5903536729,-10.49578710103,
    22.261025045237));
#936 = CARTESIAN_POINT('',(-15.97868592223,3.24632823813,23.568470541001
    ));
#937 = CARTESIAN_POINT('',(-12.54987419159,16.254973337766,
    20.058772056796));
#938 = CARTESIAN_POINT('',(-5.129693776269,25.354049733203,
    12.557704887898));
#939 = CARTESIAN_POINT('',(4.479001646735,28.307636304256,2.868122711326
    ));
#940 = CARTESIAN_POINT('',(13.931915772219,24.369373183775,
    -6.665678167726));
#941 = CARTESIAN_POINT('',(20.912863935839,14.47080770651,
    -13.72751308491));
#942 = CARTESIAN_POINT('',(23.698871300029,1.001232861813,
    -16.59440720267));
#943 = CARTESIAN_POINT('',(21.582944237116,-12.76899503781,
    -14.55936689332));
#944 = CARTESIAN_POINT('',(15.050785094129,-23.4824805505,
    -8.108094503906));
#945 = CARTESIAN_POINT('',(5.667310588625,-28.51337165942,1.194493248031
    ));
#946 = CARTESIAN_POINT('',(-4.300557874627,-26.61091881323,
    11.081474957715));
#947 = CARTESIAN_POINT('',(-12.43391738913,-18.21029090325,
    19.133947718661));
#948 = CARTESIAN_POINT('',(-16.75126937599,-5.333442060644,
    23.370412951949));
#949 = CARTESIAN_POINT('',(-16.19365947948,8.89749337845,22.731916301874
    ));
#950 = CARTESIAN_POINT('',(-10.88679656734,21.017185958415,
    17.344166636167));
#951 = CARTESIAN_POINT('',(-2.115287699652,28.060942142294,
    8.491771014903));
#952 = CARTESIAN_POINT('',(7.985915772527,28.289902822064,
    -1.690319210843));
#953 = CARTESIAN_POINT('',(16.948761477873,21.620221804176,
    -10.73405166975));
#954 = CARTESIAN_POINT('',(22.57271666812,9.650316615327,-16.43889361357
    ));
#955 = CARTESIAN_POINT('',(23.462600310403,-4.722106455051,
    -17.40966400942));
#956 = CARTESIAN_POINT('',(19.37217744582,-18.00151657896,-13.4001278984
    ));
#957 = CARTESIAN_POINT('',(11.268909725484,-26.94470938705,
    -5.377746931637));
#958 = CARTESIAN_POINT('',(1.102929582969,-29.35287889976,4.70734645731)
  );
#959 = CARTESIAN_POINT('',(-8.664614286321,-24.61216885248,
    14.394003573033));
#960 = CARTESIAN_POINT('',(-15.65977139177,-13.84982832957,
    21.308273924919));
#961 = CARTESIAN_POINT('',(-18.17516023739,0.333677567001,
    23.742776016968));
#962 = CARTESIAN_POINT('',(-15.58909907286,14.492975488876,
    21.075828098869));
#963 = CARTESIAN_POINT('',(-8.521615250923,25.174710463118,
    13.927457523365));
#964 = CARTESIAN_POINT('',(1.311781344372,29.759791604838,4.013174174502
    ));
#965 = CARTESIAN_POINT('',(11.514110152026,27.105540816518,
    -6.270041386719));
#966 = CARTESIAN_POINT('',(19.58880887816,17.830310934459,
    -14.42562686642));
#967 = CARTESIAN_POINT('',(23.548241595688,4.169717775748,
    -18.46594633751));
#968 = CARTESIAN_POINT('',(22.400509527912,-10.56216084055,
    -17.3991010233));
#969 = CARTESIAN_POINT('',(16.395339771142,-22.77677641761,
    -11.4748180201));
#970 = CARTESIAN_POINT('',(6.968117111831,-29.4852461415,-2.128482114362
    ));
#971 = CARTESIAN_POINT('',(-3.605490288496,-29.02970311374,
    8.364238532398));
#972 = CARTESIAN_POINT('',(-12.76122027625,-21.49291136922,
    17.439081766592));
#973 = CARTESIAN_POINT('',(-18.27047736476,-8.684963259659,
    22.867452101535));
#974 = CARTESIAN_POINT('',(-18.78519060459,6.291368058444,
    23.301278587792));
#975 = CARTESIAN_POINT('',(-14.17006187774,19.792270710835,
    18.605263107373));
#976 = CARTESIAN_POINT('',(-5.54033082663,28.519450592019,9.894645302694
    ));
#977 = CARTESIAN_POINT('',(5.005311822529,30.325898928892,
    -0.731884100031));
#978 = CARTESIAN_POINT('',(14.892715347941,24.74402607084,
    -10.70017437901));
#979 = CARTESIAN_POINT('',(21.698208272814,13.106262633475,
    -17.58655405745));
#980 = CARTESIAN_POINT('',(23.740280366339,-1.772878705397,
    -19.70951290454));
#981 = CARTESIAN_POINT('',(20.492563601792,-16.27744612959,
    -16.54268289356));
#982 = CARTESIAN_POINT('',(12.716691735772,-26.86880093596,
    -8.847697781113));
#983 = CARTESIAN_POINT('',(2.281546562723,-30.94892432463,1.506560638369
    ));
#984 = CARTESIAN_POINT('',(-8.288239950405,-27.49766261485,
    11.99546039793));
#985 = CARTESIAN_POINT('',(-16.42545757031,-17.32761598586,
    20.051791264275));
#986 = CARTESIAN_POINT('',(-20.14623979616,-2.893028691723,
    23.691686736556));
#987 = CARTESIAN_POINT('',(-18.53612783704,12.302428078954,
    22.000688023868));
#988 = CARTESIAN_POINT('',(-11.97719206077,24.556087365138,
    15.360865494029));
#989 = CARTESIAN_POINT('',(-2.05982416103,30.868511593026,5.362610840718
    ));
#990 = CARTESIAN_POINT('',(8.800495409933,29.677667737076,
    -5.578595483812));
#991 = CARTESIAN_POINT('',(17.949117447522,21.245353532355,
    -14.80810427497));
#992 = CARTESIAN_POINT('',(23.138707166226,7.600303093989,
    -20.07858074724));
#993 = CARTESIAN_POINT('',(23.078853411698,-7.949841440549,
    -20.09961374628));
#994 = CARTESIAN_POINT('',(17.754394363087,-21.62030925343,
    -14.85604145123));
#995 = CARTESIAN_POINT('',(8.433947486532,-30.0703813592,-5.616481328249
    ));
#996 = CARTESIAN_POINT('',(-2.634610215352,-31.21976491228,
    5.371189620067));
#997 = CARTESIAN_POINT('',(-12.76862869745,-24.76066650634,
    15.424321348599));
#998 = CARTESIAN_POINT('',(-19.50325421702,-12.23953135923,
    22.078060114609));
#999 = CARTESIAN_POINT('',(-21.1933405031,3.313107217239,23.687259647115
    ));
#1000 = CARTESIAN_POINT('',(-17.41771816909,18.116095459028,
    19.830750559544));
#1001 = CARTESIAN_POINT('',(-9.086488508154,28.556931292188,
    11.418634145033));
#1002 = CARTESIAN_POINT('',(1.775937229668,32.073348242648,
    0.475321653643));
#1003 = CARTESIAN_POINT('',(12.520353993175,27.782073686159,
    -10.34998186343));
#1004 = CARTESIAN_POINT('',(20.516471396507,16.700479816596,
    -18.42698602033));
#1005 = CARTESIAN_POINT('',(23.794405255799,1.50555627999,
    -21.78580663319));
#1006 = CARTESIAN_POINT('',(21.527502415531,-14.11273622138,
    -19.59979054649));
#1007 = CARTESIAN_POINT('',(14.238161907263,-26.34753749618,
    -12.39133679178));
#1008 = CARTESIAN_POINT('',(3.67543447667,-32.20298443119,
    -1.909496114764));
#1009 = CARTESIAN_POINT('',(-7.606966821873,-30.22776236425,
    9.292018430211));
#1010 = CARTESIAN_POINT('',(-16.87043422683,-20.87470827228,
    18.474599081608));
#1011 = CARTESIAN_POINT('',(-21.85861078542,-6.397384578692,
    23.381888886631));
#1012 = CARTESIAN_POINT('',(-21.34937033522,9.69284151053,
    22.791761682865));
#1013 = CARTESIAN_POINT('',(-15.45664418802,23.478455502092,
    16.818148782095));
#1014 = CARTESIAN_POINT('',(-5.607490451095,31.5895773204,6.888108291597
    ));
#1015 = CARTESIAN_POINT('',(5.801033390853,32.027751109426,
    -4.601302303919));
#1016 = CARTESIAN_POINT('',(15.982982523387,24.658182354134,
    -14.86413819002));
#1017 = CARTESIAN_POINT('',(22.441220446011,11.249544076445,
    -21.40326286621));
#1018 = CARTESIAN_POINT('',(23.577838107842,-4.950694641125,
    -22.62076728161));
#1019 = CARTESIAN_POINT('',(19.086209077168,-20.00223306691,
    -18.2100250045));
#1020 = CARTESIAN_POINT('',(10.032034656128,-30.23131596799,
    -9.236737337032));
#1021 = CARTESIAN_POINT('',(-1.404596750973,-33.12552363024,
    2.119007316502));
#1022 = CARTESIAN_POINT('',(-12.45104574193,-27.95438564703,
    13.084569553896));
#1023 = CARTESIAN_POINT('',(-20.42713604596,-15.94664991275,
    20.979773104356));
#1024 = CARTESIAN_POINT('',(-22.39345357975,-5.323760771767,
    22.892166135775));
#1025 = CARTESIAN_POINT('',(-22.42041583094,-1.101817272353E-12,
    22.892166135775));
#1026 = CARTESIAN_POINT('',(21.276783198607,-3.836534097914E-14,
    22.593839540251));
#1027 = CARTESIAN_POINT('',(21.222858696228,0.309599668723,
    22.593839540251));
#1028 = CARTESIAN_POINT('',(21.35263057763,1.010950435628,
    22.356218654093));
#1029 = CARTESIAN_POINT('',(22.14212411237,1.269451914601,
    21.404951612218));
#1030 = CARTESIAN_POINT('',(22.740333554888,0.270709339942,
    20.644968662564));
#1031 = CARTESIAN_POINT('',(22.404931961261,-1.198311036899,
    20.818596749057));
#1032 = CARTESIAN_POINT('',(21.22387048072,-1.7231073073,21.837884722462
    ));
#1033 = CARTESIAN_POINT('',(20.168841883091,-0.610921439821,
    22.731139812957));
#1034 = CARTESIAN_POINT('',(20.237342229972,1.276387394332,
    22.50086595894));
#1035 = CARTESIAN_POINT('',(21.443392858854,2.171146391197,
    21.133041822924));
#1036 = CARTESIAN_POINT('',(22.66680683933,1.053210797557,
    19.747854335313));
#1037 = CARTESIAN_POINT('',(22.625871217841,-1.231863911717,
    19.627016449667));
#1038 = CARTESIAN_POINT('',(21.130701271723,-2.584851765139,
    20.96041288865));
#1039 = CARTESIAN_POINT('',(19.397095861307,-1.581106323917,
    22.532244791931));
#1040 = CARTESIAN_POINT('',(19.005571067459,1.055252352413,
    22.761996078644));
#1041 = CARTESIAN_POINT('',(20.392820121274,2.936448081922,
    21.212973517695));
#1042 = CARTESIAN_POINT('',(22.312850775579,2.173457542213,
    19.131169356253));
#1043 = CARTESIAN_POINT('',(22.888131337767,-0.74228488804,
    18.394115286932));
#1044 = CARTESIAN_POINT('',(21.370186797914,-3.199719000112,
    19.750286319649));
#1045 = CARTESIAN_POINT('',(18.95973841615,-2.805341440003,
    21.998961194279));
#1046 = CARTESIAN_POINT('',(17.81236233848,0.294313420221,
    22.984563764814));
#1047 = CARTESIAN_POINT('',(19.044188422894,3.350954266363,
    21.590964173264));
#1048 = CARTESIAN_POINT('',(21.582473210672,3.448920223259,
    18.890905878352));
#1049 = CARTESIAN_POINT('',(23.029867799315,0.281573823503,
    17.281737782574));
#1050 = CARTESIAN_POINT('',(21.858725197268,-3.369880330455,
    18.291106877486));
#1051 = CARTESIAN_POINT('',(18.926999639877,-4.074383538558,
    21.061058927742));
#1052 = CARTESIAN_POINT('',(16.820772070927,-0.972640816831,
    23.005512989557));
#1053 = CARTESIAN_POINT('',(17.508503551804,3.240500241962,
    22.156008001546));
#1054 = CARTESIAN_POINT('',(20.434547494713,4.650970359212,
    19.068190551501));
#1055 = CARTESIAN_POINT('',(22.892751840074,1.760784148771,
    16.448212699005));
#1056 = CARTESIAN_POINT('',(22.461178165761,-2.951807668231,
    16.718012866184));
#1057 = CARTESIAN_POINT('',(19.308551663035,-5.14804479232,
    19.708865861774));
#1058 = CARTESIAN_POINT('',(16.178438530929,-2.622993918621,
    22.677205486746));
#1059 = CARTESIAN_POINT('',(15.941000308278,2.498343487489,
    22.752870202261));
#1060 = CARTESIAN_POINT('',(18.892021856995,5.536205479653,
    19.64007514641));
#1061 = CARTESIAN_POINT('',(22.345895141772,3.531960368413,
    16.024428354497));
#1062 = CARTESIAN_POINT('',(23.006379598646,-1.880532173354,
    15.202170390489));
#1063 = CARTESIAN_POINT('',(20.049905631981,-5.788474305454,
    17.996870850019));
#1064 = CARTESIAN_POINT('',(15.991524072287,-4.456667701907,
    21.893478902578));
#1065 = CARTESIAN_POINT('',(14.772922642031,0.177665661193,
    22.977269076889));
#1066 = CARTESIAN_POINT('',(15.776809411715,3.495864544027,
    21.865533302448));
#1067 = CARTESIAN_POINT('',(17.76094031854,5.791520649707,
    19.773553390865));
#1068 = CARTESIAN_POINT('',(20.587320145149,5.447505456532,16.8393245595
    ));
#1069 = CARTESIAN_POINT('',(22.315600905798,2.593035678754,
    15.003194794095));
#1070 = CARTESIAN_POINT('',(22.925180723445,-1.120781655771,
    14.285765971691));
#1071 = CARTESIAN_POINT('',(21.032281222586,-5.79247180589,
    16.043854216604));
#1072 = CARTESIAN_POINT('',(16.318848664813,-6.22154221284,
    20.595513267242));
#1073 = CARTESIAN_POINT('',(13.918844994445,-1.753365220259,
    22.860705681664));
#1074 = CARTESIAN_POINT('',(14.228245871155,2.328535437191,
    22.443455800198));
#1075 = CARTESIAN_POINT('',(15.826399183732,5.752390722431,
    20.737453482865));
#1076 = CARTESIAN_POINT('',(19.749564011225,6.994730123807,
    16.679477399426));
#1077 = CARTESIAN_POINT('',(22.627404332889,2.835016342762,
    13.666825821816));
#1078 = CARTESIAN_POINT('',(22.646741330864,-1.511909919786,
    13.539639819083));
#1079 = CARTESIAN_POINT('',(21.245633713611,-5.456942371334,
    14.832898431581));
#1080 = CARTESIAN_POINT('',(17.157778113804,-7.644684232938,
    18.785942775441));
#1081 = CARTESIAN_POINT('',(12.818339958122,-3.216332111894,
    22.96360742399));
#1082 = CARTESIAN_POINT('',(13.028572003045,3.063430582785,
    22.61856412312));
#1083 = CARTESIAN_POINT('',(15.393458781438,6.256122781337,
    20.14582833997));
#1084 = CARTESIAN_POINT('',(17.74756090482,7.172168997925,17.71083946302
    ));
#1085 = CARTESIAN_POINT('',(20.153356168991,6.337213930188,
    15.224157445283));
#1086 = CARTESIAN_POINT('',(21.992448767412,3.924494311932,
    13.304178093294));
#1087 = CARTESIAN_POINT('',(22.785147266572,0.532513486656,
    12.430592840567));
#1088 = CARTESIAN_POINT('',(22.199775896943,-4.29961805756,
    12.908115205439));
#1089 = CARTESIAN_POINT('',(19.16952753802,-7.58655544636,
    15.830514559606));
#1090 = CARTESIAN_POINT('',(15.587166578563,-7.11015778162,
    19.305026514306));
#1091 = CARTESIAN_POINT('',(13.344146137766,-5.049833920293,
    21.467160201535));
#1092 = CARTESIAN_POINT('',(12.046053611009,-1.690082864421,
    22.684365974725));
#1093 = CARTESIAN_POINT('',(12.042903937421,2.121753383491,
    22.606628894745));
#1094 = CARTESIAN_POINT('',(13.331404492672,5.479928560285,
    21.237241585928));
#1095 = CARTESIAN_POINT('',(15.612790689331,7.540854031383,18.8749686357
    ));
#1096 = CARTESIAN_POINT('',(18.328309636093,7.785311429898,
    16.078562935371));
#1097 = CARTESIAN_POINT('',(20.81023800003,6.122309122209,
    13.515747817866));
#1098 = CARTESIAN_POINT('',(22.434877097005,2.933094171987,
    11.810221967324));
#1099 = CARTESIAN_POINT('',(22.781385034818,-1.023439152286,
    11.382827275943));
#1100 = CARTESIAN_POINT('',(21.73553366942,-4.787255701653,
    12.347791887774));
#1101 = CARTESIAN_POINT('',(19.52369407726,-7.43223530422,
    14.478744726367));
#1102 = CARTESIAN_POINT('',(16.661511571562,-8.292908453723,
    17.260040478497));
#1103 = CARTESIAN_POINT('',(13.831896160007,-7.132299772635,
    20.008769136485));
#1104 = CARTESIAN_POINT('',(11.719557922833,-4.205983842176,
    22.040220620091));
#1105 = CARTESIAN_POINT('',(10.843033462957,-0.206595030118,
    22.8358583264));
#1106 = CARTESIAN_POINT('',(11.424954916424,3.900070195754,
    22.173050119365));
#1107 = CARTESIAN_POINT('',(13.333234561171,7.108218696248,
    20.18388372105));
#1108 = CARTESIAN_POINT('',(16.10847951114,8.61841170762,17.327752017515
    ));
#1109 = CARTESIAN_POINT('',(19.072183526581,8.036655724988,
    14.283161248505));
#1110 = CARTESIAN_POINT('',(21.490208436325,5.476735234502,
    11.784249585194));
#1111 = CARTESIAN_POINT('',(22.752188364274,1.539282995102,
    10.441382903677));
#1112 = CARTESIAN_POINT('',(22.523005766444,-2.828948103615,
    10.589678747941));
#1113 = CARTESIAN_POINT('',(20.828766400186,-6.562697130338,
    12.203031360631));
#1114 = CARTESIAN_POINT('',(18.055271530056,-8.737973948849,
    14.895639477194));
#1115 = CARTESIAN_POINT('',(14.858186172905,-8.800656737392,
    18.011838080778));
#1116 = CARTESIAN_POINT('',(12.005776608843,-6.707366252269,
    20.783360891272));
#1117 = CARTESIAN_POINT('',(10.191929113453,-2.942868297317,
    22.516321633095));
#1118 = CARTESIAN_POINT('',(9.864957342507,1.591897277241,
    22.762406650473));
#1119 = CARTESIAN_POINT('',(11.114426669777,5.795372396053,
    21.432050569635));
#1120 = CARTESIAN_POINT('',(13.644529476093,8.632963667952,
    18.821061009753));
#1121 = CARTESIAN_POINT('',(16.841665975591,9.39165317187,
    15.543037756687));
#1122 = CARTESIAN_POINT('',(19.920856743108,7.858985719625,
    12.382960235603));
#1123 = CARTESIAN_POINT('',(22.116065057165,4.38154350943,
    10.106865167977));
#1124 = CARTESIAN_POINT('',(22.868285084729,-0.212970422888,
    9.273758386846));
#1125 = CARTESIAN_POINT('',(21.965217387228,-4.812642700188,
    10.095939330779));
#1126 = CARTESIAN_POINT('',(19.597655344192,-8.290433916694,
    12.382614620248));
#1127 = CARTESIAN_POINT('',(16.317711139026,-9.780320172588,
    15.581672071847));
#1128 = CARTESIAN_POINT('',(12.907913796008,-8.892836027548,
    18.910582661297));
#1129 = CARTESIAN_POINT('',(10.192193386019,-5.816399084742,
    21.545416317719));
#1130 = CARTESIAN_POINT('',(8.834404539572,-1.278164966642,
    22.822318410598));
#1131 = CARTESIAN_POINT('',(9.173655434539,3.627693792267,
    22.402180762064));
#1132 = CARTESIAN_POINT('',(11.137274877287,7.703770187404,
    20.357674565748));
#1133 = CARTESIAN_POINT('',(14.253694954479,9.941679807371,
    17.160367734989));
#1134 = CARTESIAN_POINT('',(17.763283097052,9.771460465277,
    13.569892838848));
#1135 = CARTESIAN_POINT('',(20.801107718829,7.206447091727,
    10.451181463504));
#1136 = CARTESIAN_POINT('',(22.607670373388,2.846863615863,
    8.563732055377));
#1137 = CARTESIAN_POINT('',(22.716261649831,-2.260406440464,
    8.374254025367));
#1138 = CARTESIAN_POINT('',(21.070731444832,-6.873166158914,
    9.938897476798));
#1139 = CARTESIAN_POINT('',(18.043992729302,-9.856033857527,
    12.884749438761));
#1140 = CARTESIAN_POINT('',(14.351577893082,-10.45987010137,
    16.496277521413));
#1141 = CARTESIAN_POINT('',(10.880235912336,-8.50974219307,
    19.886732748592));
#1142 = CARTESIAN_POINT('',(8.472618657674,-4.454306931517,
    22.213463249687));
#1143 = CARTESIAN_POINT('',(7.720336901674,0.737063991896,22.88485825212
    ));
#1144 = CARTESIAN_POINT('',(8.816204593872,5.805916386734,
    21.708103806354));
#1145 = CARTESIAN_POINT('',(11.502549617943,9.509773962771,
    18.940872028715));
#1146 = CARTESIAN_POINT('',(15.129330187619,10.926678591809,
    15.233204705472));
#1147 = CARTESIAN_POINT('',(18.809031057399,9.684569032858,
    11.472617082124));
#1148 = CARTESIAN_POINT('',(21.631446735391,6.058456829521,
    8.569314650565));
#1149 = CARTESIAN_POINT('',(22.886374745895,0.910136638375,
    7.233499886493));
#1150 = CARTESIAN_POINT('',(22.23973571951,-4.516512408212,7.79925215931
    ));
#1151 = CARTESIAN_POINT('',(19.81946009867,-8.896042598409,
    10.138641026584));
#1152 = CARTESIAN_POINT('',(16.189124036513,-11.14517140067,
    13.688090335173));
#1153 = CARTESIAN_POINT('',(12.21458966123,-10.69066377706,
    17.581737956889));
#1154 = CARTESIAN_POINT('',(8.855181113235,-7.615135615062,
    20.860259751316));
#1155 = CARTESIAN_POINT('',(6.929755178736,-2.643761892059,
    22.704798932249));
#1156 = CARTESIAN_POINT('',(6.914709541173,3.026534160637,
    22.638957816243));
#1157 = CARTESIAN_POINT('',(8.823746139758,8.015221908919,
    20.649034464091));
#1158 = CARTESIAN_POINT('',(12.199697173447,11.094277087524,
    17.192196676834));
#1159 = CARTESIAN_POINT('',(16.221580914932,11.490435861647,
    13.089426181782));
#1160 = CARTESIAN_POINT('',(19.901856651216,9.079204559269,9.32826369193
    ));
#1161 = CARTESIAN_POINT('',(22.326492827882,4.421992260908,
    6.822740761697));
#1162 = CARTESIAN_POINT('',(22.879488640799,-1.364334188267,
    6.188858195212));
#1163 = CARTESIAN_POINT('',(21.396702526278,-6.875231759401,
    7.590757556166));
#1164 = CARTESIAN_POINT('',(18.210598070409,-10.75941035332,
    10.695975258467));
#1165 = CARTESIAN_POINT('',(14.073849542911,-12.0501552478,
    14.751837032397));
#1166 = CARTESIAN_POINT('',(9.979299728231,-10.40581044046,
    18.765500093511));
#1167 = CARTESIAN_POINT('',(6.919323598988,-6.199627416327,
    21.744589469186));
#1168 = CARTESIAN_POINT('',(5.642920093181,-0.435482133732,
    22.940106221425));
#1169 = CARTESIAN_POINT('',(6.469987839231,5.491623295695,
    22.032151721809));
#1170 = CARTESIAN_POINT('',(9.208821911389,10.133159451625,
    19.212430896082));
#1171 = CARTESIAN_POINT('',(13.198042083827,12.341070673947,
    15.142323970078));
#1172 = CARTESIAN_POINT('',(17.463899010607,11.551666730531,
    10.79558028973));
#1173 = CARTESIAN_POINT('',(20.955564062004,7.929221695139,
    7.223028484765));
#1174 = CARTESIAN_POINT('',(22.801552037141,2.332771362669,
    5.296153756061));
#1175 = CARTESIAN_POINT('',(22.524705030732,-3.887459701627,
    5.492114008902));
#1176 = CARTESIAN_POINT('',(20.162713303236,-9.215794294514,
    7.77321898283));
#1177 = CARTESIAN_POINT('',(16.263772295551,-12.34042553877,
    11.591273236948));
#1178 = CARTESIAN_POINT('',(11.757257233039,-12.47633438942,
    16.016901545893));
#1179 = CARTESIAN_POINT('',(7.729894028963,-9.562321688648,
    19.963377996402));
#1180 = CARTESIAN_POINT('',(5.161327085338,-4.282747116165,
    22.451058186459));
#1181 = CARTESIAN_POINT('',(4.683428076441,2.092981568294,
    22.848070441789));
#1182 = CARTESIAN_POINT('',(6.422476490996,8.015576025736,
    21.028135273666));
#1183 = CARTESIAN_POINT('',(9.963603963613,12.032340132199,
    17.406121047482));
#1184 = CARTESIAN_POINT('',(14.447329464083,13.143466443695,
    12.841508793444));
#1185 = CARTESIAN_POINT('',(18.77577012348,11.050774206836,
    8.432181380479));
#1186 = CARTESIAN_POINT('',(21.879062868981,6.237035610186,
    5.248001881411));
#1187 = CARTESIAN_POINT('',(22.97734527487,-0.145060195221,
    4.068832721954));
#1188 = CARTESIAN_POINT('',(21.774145909294,-6.548853887202,
    5.191145333964));
#1189 = CARTESIAN_POINT('',(18.533243719259,-11.40853191024,
    8.35116077043));
#1190 = CARTESIAN_POINT('',(14.019145508136,-13.52198070345,
    12.784372227986));
#1191 = CARTESIAN_POINT('',(9.314530044668,-12.34807021676,
    17.408100937886));
#1192 = CARTESIAN_POINT('',(5.55823504112,-8.144866766301,
    21.083509187867));
#1193 = CARTESIAN_POINT('',(3.667193252372,-1.913551930432,
    22.893664223048));
#1194 = CARTESIAN_POINT('',(4.110210368885,4.839940741997,
    22.369760352968));
#1195 = CARTESIAN_POINT('',(6.789387147905,10.468849318475,
    19.609696820379));
#1196 = CARTESIAN_POINT('',(11.059135600265,13.587126127469,
    15.259061614453));
#1197 = CARTESIAN_POINT('',(15.87933186863,13.410688569028,
    10.357978592519));
#1198 = CARTESIAN_POINT('',(20.066297754787,9.954371744302,
    6.090125952796));
#1199 = CARTESIAN_POINT('',(22.581053645392,4.03515844233,3.494483308623
    ));
#1200 = CARTESIAN_POINT('',(22.78464662835,-2.92076449603,3.210003572097
    ));
#1201 = CARTESIAN_POINT('',(20.597813017513,-9.221599218141,
    5.315950429367));
#1202 = CARTESIAN_POINT('',(16.525105572498,-13.32141046246,
    9.307771120814));
#1203 = CARTESIAN_POINT('',(11.536436330908,-14.19940249078,
    14.215553608837));
#1204 = CARTESIAN_POINT('',(6.833808666752,-11.61395416266,
    18.837294519426));
#1205 = CARTESIAN_POINT('',(3.559332474107,-6.168223665179,
    22.030883958503));
#1206 = CARTESIAN_POINT('',(2.515449747461,0.8302987283,22.993879931582)
  );
#1207 = CARTESIAN_POINT('',(3.965902021498,7.683653148133,
    21.462540903978));
#1208 = CARTESIAN_POINT('',(7.566789057695,12.715359818699,
    17.780767114213));
#1209 = CARTESIAN_POINT('',(12.445654240017,14.680511976627,
    12.821015178324));
#1210 = CARTESIAN_POINT('',(17.41047160693,13.073699493147,
    7.775311057843));
#1211 = CARTESIAN_POINT('',(21.238486939896,8.258618878089,
    3.866408971309));
#1212 = CARTESIAN_POINT('',(22.974924878836,1.386218063229,
    2.049084278802));
#1213 = CARTESIAN_POINT('',(22.168591795748,-5.880323336633,
    2.774530608322));
#1214 = CARTESIAN_POINT('',(18.986247362084,-11.76808473337,
    5.875988288419));
#1215 = CARTESIAN_POINT('',(14.176799221882,-14.82696636142,
    10.604549675053));
#1216 = CARTESIAN_POINT('',(8.892871550084,-14.28678524503,
    15.807590593284));
#1217 = CARTESIAN_POINT('',(4.412240113987,-10.25098025138,
    20.207335275813));
#1218 = CARTESIAN_POINT('',(1.826453765902,-3.678259230136,
    22.712234870332));
#1219 = CARTESIAN_POINT('',(1.772521424505,3.84500541391,22.685280458161
    ));
#1220 = CARTESIAN_POINT('',(4.273611981477,10.48763192647,
    20.103303147622));
#1221 = CARTESIAN_POINT('',(8.728575579877,14.619343497934,
    15.567452795654));
#1222 = CARTESIAN_POINT('',(14.054014513257,15.210853654641,
    10.161127108706));
#1223 = CARTESIAN_POINT('',(18.94535772712,12.090144706667,
    5.188897141276));
#1224 = CARTESIAN_POINT('',(22.194032092481,5.991161719001,
    1.859336022348));
#1225 = CARTESIAN_POINT('',(22.983618895741,-1.618591017626,
    0.988862465519));
#1226 = CARTESIAN_POINT('',(21.092426816853,-8.891106258416,
    2.799167790841));
#1227 = CARTESIAN_POINT('',(16.95223656882,-14.04665504654,
    6.858471285305));
#1228 = CARTESIAN_POINT('',(11.547754274183,-15.80930870652,
    12.182066826377));
#1229 = CARTESIAN_POINT('',(6.180139622001,-13.72262705182,
    17.468794724989));
#1230 = CARTESIAN_POINT('',(2.151385924574,-8.267426540771,
    21.41666166885));
#1231 = CARTESIAN_POINT('',(0.446110571024,-0.751340239441,
    23.041050268832));
#1232 = CARTESIAN_POINT('',(1.488525515728,7.004553225307,
    21.917748570561));
#1233 = CARTESIAN_POINT('',(5.034562199013,13.106951347722,
    18.290825133709));
#1234 = CARTESIAN_POINT('',(10.226532485454,16.052500449252,
    13.017968093699));
#1235 = CARTESIAN_POINT('',(15.798175983953,15.098099768126,
    7.365437841633));
#1236 = CARTESIAN_POINT('',(20.381089070956,10.448137093864,
    2.701638001063));
#1237 = CARTESIAN_POINT('',(22.838383674205,3.211533818107,
    0.163456644246));
#1238 = CARTESIAN_POINT('',(22.544219846309,-4.862598529519,
    0.376733718575));
#1239 = CARTESIAN_POINT('',(19.540489076072,-11.80770410059,
    3.299577735244));
#1240 = CARTESIAN_POINT('',(14.531452054873,-15.9187617176,
    8.227728002877));
#1241 = CARTESIAN_POINT('',(8.716459617336,-16.17083584426,
    13.961833686845));
#1242 = CARTESIAN_POINT('',(3.500465549901,-12.47446058492,
    19.096941000713));
#1243 = CARTESIAN_POINT('',(0.152199911577,-5.704256838698,
    22.364319885469));
#1244 = CARTESIAN_POINT('',(-0.50683036474,2.507847682582,
    22.942463408219));
#1245 = CARTESIAN_POINT('',(1.693716747219,10.165950499755,
    20.661029542693));
#1246 = CARTESIAN_POINT('',(6.226743915485,15.395265495106,
    16.04711562086));
#1247 = CARTESIAN_POINT('',(11.991541877955,16.901075104705,
    10.201430904822));
#1248 = CARTESIAN_POINT('',(17.578666509944,14.289194752242,
    4.533419519266));
#1249 = CARTESIAN_POINT('',(21.612133194194,8.168651319953,
    0.419066081447));
#1250 = CARTESIAN_POINT('',(23.085848729071,9.944932298048E-03,
    -1.135536206997));
#1251 = CARTESIAN_POINT('',(21.612024007771,-8.208188456196,
    0.257401760735));
#1252 = CARTESIAN_POINT('',(17.520244854656,-14.47867518051,
    4.268294160284));
#1253 = CARTESIAN_POINT('',(11.781947522023,-17.25627558446,
    9.925704739349));
#1254 = CARTESIAN_POINT('',(5.777538517462,-15.83831999974,
    15.849226990343));
#1255 = CARTESIAN_POINT('',(0.961973624006,-10.54221238579,
    20.583905130231));
#1256 = CARTESIAN_POINT('',(-1.490187890122,-2.634921759219,
    22.955179890792));
#1257 = CARTESIAN_POINT('',(-0.97366305323,5.970018897796,
    22.357768300332));
#1258 = CARTESIAN_POINT('',(2.395782527091,13.175564868237,
    18.907435966444));
#1259 = CARTESIAN_POINT('',(7.804693339048,17.212213647717,
    13.417638400919));
#1260 = CARTESIAN_POINT('',(13.935900779043,17.072515966522,
    7.205544207357));
#1261 = CARTESIAN_POINT('',(19.286882036089,12.762355695004,
    1.773676196744));
#1262 = CARTESIAN_POINT('',(22.535557615368,5.306360688058,
    -1.555886136103));
#1263 = CARTESIAN_POINT('',(22.864472070477,-3.49553775013,
    -1.96568734478));
#1264 = CARTESIAN_POINT('',(20.163871551557,-11.50259230294,
    0.654026420572));
#1265 = CARTESIAN_POINT('',(15.063249147108,-16.75389969614,
    5.673762071454));
#1266 = CARTESIAN_POINT('',(8.782504140711,-17.94860153357,
    11.873620324284));
#1267 = CARTESIAN_POINT('',(2.837877612133,-14.76803515002,
    17.737360099295));
#1268 = CARTESIAN_POINT('',(-1.326456135306,-7.960079140218,
    21.820807093167));
#1269 = CARTESIAN_POINT('',(-2.691628523213,0.836486869352,
    23.105092727506));
#1270 = CARTESIAN_POINT('',(-0.915747395922,9.48641328882,
    21.248324846647));
#1271 = CARTESIAN_POINT('',(3.57815228529,15.876280399033,
    16.673538411868));
#1272 = CARTESIAN_POINT('',(9.700437059878,18.430858325819,
    10.470366883713));
#1273 = CARTESIAN_POINT('',(15.956678446383,16.501369702356,
    4.133238743639));
#1274 = CARTESIAN_POINT('',(20.810038983359,10.529971167329,
    -0.801008546904));
#1275 = CARTESIAN_POINT('',(23.056366520151,1.948820237895,
    -3.128222837263));
#1276 = CARTESIAN_POINT('',(22.120448619033,-7.163332874022,
    -2.273191689713));
#1277 = CARTESIAN_POINT('',(18.200548807367,-14.58470331051,
    1.565821368386));
#1278 = CARTESIAN_POINT('',(12.224942238244,-18.49219989492,
    7.460541183941));
#1279 = CARTESIAN_POINT('',(5.629863546092,-17.90923686931,
    13.974733122526));
#1280 = CARTESIAN_POINT('',(1.196770483102E-02,-12.94964085633,
    19.51174221022));
#1281 = CARTESIAN_POINT('',(-3.260601632382,-4.796775791063,
    22.703424793865));
#1282 = CARTESIAN_POINT('',(-3.38379591664,4.57869542719,22.745732324556
    ));
#1283 = CARTESIAN_POINT('',(-0.317589223902,12.895125406258,
    19.598638878251));
#1284 = CARTESIAN_POINT('',(5.199440344083,18.115151929665,
    14.000722556698));
#1285 = CARTESIAN_POINT('',(11.825602141181,18.94479045942,
    7.293674006032));
#1286 = CARTESIAN_POINT('',(17.939983920177,15.154091956537,
    1.098405473468));
#1287 = CARTESIAN_POINT('',(22.036558555191,7.639930261401,
    -3.079055915113));
#1288 = CARTESIAN_POINT('',(23.092683987122,-1.786022602235,
    -4.216068100611));
#1289 = CARTESIAN_POINT('',(20.82183310153,-10.83405333714,
    -2.026103968588));
#1290 = CARTESIAN_POINT('',(15.748109737048,-17.29261297276,
    2.966732642328));
#1291 = CARTESIAN_POINT('',(9.083251500437,-19.56886099497,
    9.550704125371));
#1292 = CARTESIAN_POINT('',(2.434944815329,-17.08143124409,
    16.118124056912));
#1293 = CARTESIAN_POINT('',(-2.583343086781,-10.40858687914,
    21.055525205455));
#1294 = CARTESIAN_POINT('',(-4.74632647046,-1.154085027201,
    23.137621835566));
#1295 = CARTESIAN_POINT('',(-3.518464436565,8.438209908889,
    21.828873048104));
#1296 = CARTESIAN_POINT('',(0.811085318511,16.028370134707,
    17.41843653946));
#1297 = CARTESIAN_POINT('',(7.194090288928,19.751199413024,
    10.954544815476));
#1298 = CARTESIAN_POINT('',(14.074629381249,18.674541797633,
    3.993118969587));
#1299 = CARTESIAN_POINT('',(19.765967641436,13.032500491716,
    -1.779106044168));
#1300 = CARTESIAN_POINT('',(22.861635104861,4.175260369769,
    -4.95566026116));
#1301 = CARTESIAN_POINT('',(22.580524789407,-5.75392828766,
    -4.755436699273));
#1302 = CARTESIAN_POINT('',(18.96134052255,-14.33735007268,
    -1.217139185984));
#1303 = CARTESIAN_POINT('',(12.858013124313,-19.47152778666,
    4.805301458686));
#1304 = CARTESIAN_POINT('',(5.736023580682,-19.88268212797,
    11.84640424875));
#1305 = CARTESIAN_POINT('',(-0.681806655931,-15.44263956614,
    18.183347731795));
#1306 = CARTESIAN_POINT('',(-4.834449173528,-7.206867894815,
    22.255103495825));
#1307 = CARTESIAN_POINT('',(-5.704757792563,2.836282526003,
    23.044525361292));
#1308 = CARTESIAN_POINT('',(-3.070993387095,12.245591909992,
    20.329874202257));
#1309 = CARTESIAN_POINT('',(2.434398435646,18.720364973861,
    14.743595625948));
#1310 = CARTESIAN_POINT('',(9.474232972598,20.662968012335,
    7.622874335429));
#1311 = CARTESIAN_POINT('',(16.328973400534,17.57296754806,
    0.687247153924));
#1312 = CARTESIAN_POINT('',(21.314340575077,10.175653572241,
    -4.379006774186));
#1313 = CARTESIAN_POINT('',(23.192724651054,0.252029980319,
    -6.33827760373));
#1314 = CARTESIAN_POINT('',(21.477906096363,-9.789935653162,
    -4.704345802606));
#1315 = CARTESIAN_POINT('',(16.558068456707,-17.49960018117,
    0.134605083481));
#1316 = CARTESIAN_POINT('',(9.606025812044,-20.9816959251,7.005760974578
    ));
#1317 = CARTESIAN_POINT('',(2.297369003793,-19.36219828828,
    14.233531029261));
#1318 = CARTESIAN_POINT('',(-3.595744494274,-13.00750816732,
    20.045757773761));
#1319 = CARTESIAN_POINT('',(-6.636681875506,-3.442031739042,
    23.005808401426));
#1320 = CARTESIAN_POINT('',(-6.076954372506,7.017426852583,
    22.365194144858));
#1321 = CARTESIAN_POINT('',(-2.042820946526,15.822793310706,
    18.250173965311));
#1322 = CARTESIAN_POINT('',(4.490619073276,20.815470101132,
    11.635847191941));
#1323 = CARTESIAN_POINT('',(11.932712543408,20.755479884739,
    4.112866968242));
#1324 = CARTESIAN_POINT('',(18.46212255912,15.629301590362,
    -2.497429801038));
#1325 = CARTESIAN_POINT('',(22.470163132917,6.660005430632,
    -6.586357128403));
#1326 = CARTESIAN_POINT('',(22.954685660671,-3.984445566769,
    -7.151766409724));
#1327 = CARTESIAN_POINT('',(19.768077618252,-13.71518750246,
    -4.046045120873));
#1328 = CARTESIAN_POINT('',(13.658018730358,-20.15209945271,
    1.983127013454));
#1329 = CARTESIAN_POINT('',(6.089899784675,-21.70596209189,9.47035920557
    ));
#1330 = CARTESIAN_POINT('',(-1.106944427827,-17.97074321894,
    16.586316664504));
#1331 = CARTESIAN_POINT('',(-6.18378909813,-9.829196813678,
    21.58227458124));
#1332 = CARTESIAN_POINT('',(-7.899827709036,0.755574945502,
    23.217426438579));
#1333 = CARTESIAN_POINT('',(-5.827821732021,11.213426335571,
    21.064533707996));
#1334 = CARTESIAN_POINT('',(-0.462811373581,18.991235698858,
    15.618636595989));
#1335 = CARTESIAN_POINT('',(6.893721708139,22.176204422115,8.1812167607)
  );
#1336 = CARTESIAN_POINT('',(14.447177893195,19.966221430222,
    0.546873822077));
#1337 = CARTESIAN_POINT('',(20.345227696252,12.871640942291,
    -5.432062734547));
#1338 = CARTESIAN_POINT('',(23.12963596094,2.597768244673,
    -8.297357752803));
#1339 = CARTESIAN_POINT('',(22.094312765006,-8.364975537944,
    -7.342921310437));
#1340 = CARTESIAN_POINT('',(17.461683017347,-17.3447300403,
    -2.791178316345));
#1341 = CARTESIAN_POINT('',(10.333349480414,-22.13938517437,
    4.256268467021));
#1342 = CARTESIAN_POINT('',(2.425889398796,-21.55657506359,
    12.082841795071));
#1343 = CARTESIAN_POINT('',(-4.344863784384,-15.71006834123,
    18.772708224685));
#1344 = CARTESIAN_POINT('',(-8.330378030226,-5.998912251499,
    22.677335716959));
#1345 = CARTESIAN_POINT('',(-8.55320018849,5.227256592704,
    22.819271121655));
#1346 = CARTESIAN_POINT('',(-4.949059488237,15.236692388578,
    19.134243667835));
#1347 = CARTESIAN_POINT('',(1.612650979568,21.58027581557,
    12.491646446463));
#1348 = CARTESIAN_POINT('',(9.536177358887,22.690750216387,
    4.487233313576));
#1349 = CARTESIAN_POINT('',(16.885083334651,18.269844781655,
    -2.942559415756));
#1350 = CARTESIAN_POINT('',(21.853093484202,9.367683252524,
    -7.991456318875));
#1351 = CARTESIAN_POINT('',(23.205616493816,-1.866507130067,
    -9.424866082056));
#1352 = CARTESIAN_POINT('',(20.584024997273,-12.70324437391,
    -6.884161339081));
#1353 = CARTESIAN_POINT('',(14.597710340691,-20.49595032145,
    -0.978733436066));
#1354 = CARTESIAN_POINT('',(6.680346558333,-23.32729765873,
    6.857743592725));
#1355 = CARTESIAN_POINT('',(-1.25576808146,-20.48089641944,
    14.712971478951));
#1356 = CARTESIAN_POINT('',(-7.283961252858,-12.62229248174,
    20.660277896781));
#1357 = CARTESIAN_POINT('',(-9.933322797546,-1.643609735522,
    23.228752687902));
#1358 = CARTESIAN_POINT('',(-8.550007657365,9.791964940641,
    21.764550794153));
#1359 = CARTESIAN_POINT('',(-3.460965327285,18.896205143105,
    16.594621710506));
#1360 = CARTESIAN_POINT('',(4.10087138447,23.435669213947,8.951898245183
    ));
#1361 = CARTESIAN_POINT('',(12.2928896474,22.279571367861,0.678993228686
    ));
#1362 = CARTESIAN_POINT('',(19.109394692909,15.681313208897,
    -6.218398570391));
#1363 = CARTESIAN_POINT('',(22.87026161636,5.223618111511,
    -10.06015224741));
#1364 = CARTESIAN_POINT('',(22.632589716663,-6.561035103446,
    -9.90336710128));
#1365 = CARTESIAN_POINT('',(18.424502725809,-16.80367226223,
    -5.776166863994));
#1366 = CARTESIAN_POINT('',(11.243141935636,-22.99727562933,
    1.324307172612));
#1367 = CARTESIAN_POINT('',(2.816163202724,-23.61038931434,
    9.670399151957));
#1368 = CARTESIAN_POINT('',(-4.816232950168,-18.4656999691,
    17.221908551281));
#1369 = CARTESIAN_POINT('',(-9.79762277634,-8.790028813966,
    22.122411623886));
#1370 = CARTESIAN_POINT('',(-10.90929174574,3.078096189833,
    23.15319383972));
#1371 = CARTESIAN_POINT('',(-7.870784903632,14.253615175776,
    20.033800244044));
#1372 = CARTESIAN_POINT('',(-1.412968370321,22.006273674278,
    13.495096957165));
#1373 = CARTESIAN_POINT('',(6.895349022552,24.427632567261,
    5.105892810724));
#1374 = CARTESIAN_POINT('',(15.026132310139,20.900800338986,
    -3.10577723043));
#1375 = CARTESIAN_POINT('',(20.984757657672,12.257284891132,
    -9.145289331531));
#1376 = CARTESIAN_POINT('',(23.296902463259,0.581156564548,
    -11.53832089068));
#1377 = CARTESIAN_POINT('',(21.37083886921,-11.29340542927,
    -9.693144050204));
#1378 = CARTESIAN_POINT('',(15.646110452348,-20.47005633296,
    -4.04930238691));
#1379 = CARTESIAN_POINT('',(7.491272523358,-24.69673490846,
    4.024648788513));
#1380 = CARTESIAN_POINT('',(-1.125563888235,-22.91830866971,
    12.560598446539));
#1381 = CARTESIAN_POINT('',(-8.114083124905,-15.53980788142,
    19.468230929642));
#1382 = CARTESIAN_POINT('',(-11.77123439681,-4.33461606368,
    23.044495447985));
#1383 = CARTESIAN_POINT('',(-11.19864769995,7.981685311008,
    22.391021997558));
#1384 = CARTESIAN_POINT('',(-6.525692990721,18.409426870508,
    17.637180534756));
#1385 = CARTESIAN_POINT('',(1.11717978357,24.395428777492,9.913421006897
    ));
#1386 = CARTESIAN_POINT('',(9.8695058772,24.458111561398,1.080208159698)
  );
#1387 = CARTESIAN_POINT('',(17.591293349319,18.554095999013,
    -6.722466065987));
#1388 = CARTESIAN_POINT('',(22.383856178269,8.095605493451,
    -11.5959156485));
#1389 = CARTESIAN_POINT('',(23.054232067118,-4.387230325171,
    -12.34717829092));
#1390 = CARTESIAN_POINT('',(19.409591359668,-15.85844508164,
    -8.783424337039));
#1391 = CARTESIAN_POINT('',(12.30899429512,-23.51461653984,
    -1.763714026058));
#1392 = CARTESIAN_POINT('',(3.458725269601,-25.46997651014,
    7.005668245893));
#1393 = CARTESIAN_POINT('',(-5.000058231632,-21.22082309689,
    15.38356499356));
#1394 = CARTESIAN_POINT('',(-11.01171578103,-11.77487923282,
    21.314335789394));
#1395 = CARTESIAN_POINT('',(-13.10807707448,0.587532882274,
    23.329810329278));
#1396 = CARTESIAN_POINT('',(-10.76939068288,12.863942002646,
    20.910237184111));
#1397 = CARTESIAN_POINT('',(-4.555538410905,22.058937780784,
    14.615498158562));
#1398 = CARTESIAN_POINT('',(4.025567781765,25.915038059327,
    5.953505212325));
#1399 = CARTESIAN_POINT('',(12.881511130699,23.466886155069,
    -2.983324890177));
#1400 = CARTESIAN_POINT('',(19.843187487395,15.282736358386,
    -10.02588800044));
#1401 = CARTESIAN_POINT('',(23.19367145233,3.332863923203,
    -13.45725871894));
#1402 = CARTESIAN_POINT('',(22.089184674053,-9.484707585846,
    -12.43365869423));
#1403 = CARTESIAN_POINT('',(16.768955837243,-20.04701158018,
    -7.194316610991));
#1404 = CARTESIAN_POINT('',(8.501801102762,-25.76703988992,
    0.991951369923));
#1405 = CARTESIAN_POINT('',(-0.718742933641,-25.22734922928,
    10.131608652758));
#1406 = CARTESIAN_POINT('',(-8.657493523493,-18.53119678222,
    17.989472489044));
#1407 = CARTESIAN_POINT('',(-13.38184685142,-7.28424672667,
    22.632939063411));
#1408 = CARTESIAN_POINT('',(-13.7346453439,5.790364100364,
    22.904850802323));
#1409 = CARTESIAN_POINT('',(-9.619989820295,17.511340400134,
    18.709308525143));
#1410 = CARTESIAN_POINT('',(-2.031417424795,25.013296508539,
    11.039849376075));
#1411 = CARTESIAN_POINT('',(7.185590084144,26.447233292353,
    1.741955113569));
#1412 = CARTESIAN_POINT('',(15.780017234206,21.436187457154,
    -6.933358790062));
#1413 = CARTESIAN_POINT('',(21.642664906743,11.173784689894,
    -12.87689321616));
#1414 = CARTESIAN_POINT('',(23.321347708645,-1.859946125896,
    -14.63646277163));
#1415 = CARTESIAN_POINT('',(20.378097102824,-14.49787037509,
    -11.77409891938));
#1416 = CARTESIAN_POINT('',(13.500516589426,-23.65534442503,
    -4.977405159551));
#1417 = CARTESIAN_POINT('',(4.339028232885,-27.08310418981,
    4.103196443423));
#1418 = CARTESIAN_POINT('',(-4.891496977771,-23.91968474295,
    13.252834900512));
#1419 = CARTESIAN_POINT('',(-11.94957534607,-14.90770771264,
    20.230026515245));
#1420 = CARTESIAN_POINT('',(-15.11381138704,-2.219784257935,
    23.313375802647));
#1421 = CARTESIAN_POINT('',(-13.60512295823,11.065211237807,
    21.723800620275));
#1422 = CARTESIAN_POINT('',(-7.780933130249,21.709259815868,
    15.818724038719));
#1423 = CARTESIAN_POINT('',(0.947048031424,27.10441496842,7.009856123479
    ));
#1424 = CARTESIAN_POINT('',(10.45260277704,25.911759006788,
    -2.576585375705));
#1425 = CARTESIAN_POINT('',(18.410576091353,18.39355900798,
    -10.61544544358));
#1426 = CARTESIAN_POINT('',(22.863222175559,6.356251315169,
    -15.14897828135));
#1427 = CARTESIAN_POINT('',(22.699380002007,-7.283527637246,
    -15.06602286137));
#1428 = CARTESIAN_POINT('',(17.929199214774,-19.20562748152,
    -10.3767288277));
#1429 = CARTESIAN_POINT('',(9.686509106438,-26.4945640391,-2.21492547294
    ));
#1430 = CARTESIAN_POINT('',(-4.292366283699E-02,-27.35246885509,
    7.433620542768));
#1431 = CARTESIAN_POINT('',(-8.902136383804,-21.54246810105,
    16.211946510167));
#1432 = CARTESIAN_POINT('',(-14.73632956819,-10.45316634578,
    21.965252940988));
#1433 = CARTESIAN_POINT('',(-16.11936772772,3.233121995593,
    23.267404346958));
#1434 = CARTESIAN_POINT('',(-12.70477915383,16.189154244332,
    19.771929019491));
#1435 = CARTESIAN_POINT('',(-5.314877497419,25.251636897523,
    12.301140609512));
#1436 = CARTESIAN_POINT('',(4.254852835373,28.193555052047,
    2.650523523153));
#1437 = CARTESIAN_POINT('',(13.66959889716,24.271388710195,
    -6.845109292203));
#1438 = CARTESIAN_POINT('',(20.622465400399,14.412767558625,
    -13.878862549));
#1439 = CARTESIAN_POINT('',(23.397312046639,0.99726290169,
    -16.73459594881));
#1440 = CARTESIAN_POINT('',(21.289861513527,-12.7179285978,
    -14.70803216927));
#1441 = CARTESIAN_POINT('',(14.783753122837,-23.38880630528,
    -8.282810532149));
#1442 = CARTESIAN_POINT('',(5.4375633372,-28.39988812891,0.982492499922)
  );
#1443 = CARTESIAN_POINT('',(-4.49086082642,-26.50524571855,
    10.830029909974));
#1444 = CARTESIAN_POINT('',(-12.59221644975,-18.13814705481,
    18.85049877974));
#1445 = CARTESIAN_POINT('',(-16.89279408896,-5.312385891518,
    23.070189665388));
#1446 = CARTESIAN_POINT('',(-16.33772194379,8.862337199367,
    22.434230766645));
#1447 = CARTESIAN_POINT('',(-11.05209124181,20.934373772803,
    17.067713311099));
#1448 = CARTESIAN_POINT('',(-2.315341529188,27.950628852475,
    8.250076844905));
#1449 = CARTESIAN_POINT('',(7.74603555664,28.178936573207,
    -1.892186994492));
#1450 = CARTESIAN_POINT('',(16.673680625176,21.535609659194,
    -10.90071881659));
#1451 = CARTESIAN_POINT('',(22.275628089992,9.61265155223,
    -16.58355303497));
#1452 = CARTESIAN_POINT('',(23.16205317773,-4.703657480192,
    -17.55086487628));
#1453 = CARTESIAN_POINT('',(19.087562675524,-17.93144369381,
    -13.55726112764));
#1454 = CARTESIAN_POINT('',(11.015740602168,-26.84006699183,
    -5.566325807855));
#1455 = CARTESIAN_POINT('',(0.889066122109,-29.23913495233,
    4.479461918635));
#1456 = CARTESIAN_POINT('',(-8.840878315828,-24.51700645448,
    14.128519603005));
#1457 = CARTESIAN_POINT('',(-15.80929320359,-13.79640818882,
    21.016047737203));
#1458 = CARTESIAN_POINT('',(-18.31530558956,0.33235400981,
    23.441173369609));
#1459 = CARTESIAN_POINT('',(-15.7395157744,14.437230362256,
    20.784496800879));
#1460 = CARTESIAN_POINT('',(-8.699451260837,25.078111064848,
    13.663545533744));
#1461 = CARTESIAN_POINT('',(1.096051402396,29.645848381141,
    3.787156116943));
#1462 = CARTESIAN_POINT('',(11.259234312691,27.001985369053,
    -6.45691354692));
#1463 = CARTESIAN_POINT('',(19.303062538986,17.762346678799,
    -14.58162852678));
#1464 = CARTESIAN_POINT('',(23.247413443502,4.153885912009,
    -18.60686618486));
#1465 = CARTESIAN_POINT('',(22.104058874411,-10.5220071395,
    -17.54439836934));
#1466 = CARTESIAN_POINT('',(16.121660528557,-22.69040979472,
    -11.64288677705));
#1467 = CARTESIAN_POINT('',(6.730061066446,-29.37368658116,
    -2.332174068511));
#1468 = CARTESIAN_POINT('',(-3.803741355359,-28.92010207952,
    8.120741599726));
#1469 = CARTESIAN_POINT('',(-12.92517235383,-21.41194365691,
    17.161285844639));
#1470 = CARTESIAN_POINT('',(-18.41398416038,-8.652334862046,
    22.569210897615));
#1471 = CARTESIAN_POINT('',(-18.9270818162,6.267716013348,
    23.001421799867));
#1472 = CARTESIAN_POINT('',(-14.32956040555,19.718094678497,
    18.323013635656));
#1473 = CARTESIAN_POINT('',(-5.732374286816,28.412803600208,
    9.644940763345));
#1474 = CARTESIAN_POINT('',(4.77370662798,30.212736815953,
    -0.942026905017));
#1475 = CARTESIAN_POINT('',(14.624160186621,24.651890331012,
    -10.87336721722));
#1476 = CARTESIAN_POINT('',(21.404307827617,13.057577343877,
    -17.73440161179));
#1477 = CARTESIAN_POINT('',(23.438807877562,-1.766264476309,
    -19.8497884153));
#1478 = CARTESIAN_POINT('',(20.203135200338,-16.21714215869,
    -16.69500249164));
#1479 = CARTESIAN_POINT('',(12.455992252014,-26.76948405654,
    -9.028746296889));
#1480 = CARTESIAN_POINT('',(2.059268757862,-30.83476636586,
    1.287090443695));
#1481 = CARTESIAN_POINT('',(-8.471754417054,-27.3964474408,
    11.737226865045));
#1482 = CARTESIAN_POINT('',(-16.57930129467,-17.26397743431,
    19.763886989095));
#1483 = CARTESIAN_POINT('',(-20.28672666541,-2.882455169124,
    23.390425606266));
#1484 = CARTESIAN_POINT('',(-18.68282254146,12.257363179399,
    21.705634728755));
#1485 = CARTESIAN_POINT('',(-12.14814842229,24.466351978185,
    15.090073856017));
#1486 = CARTESIAN_POINT('',(-2.267191178202,30.755945595808,
    5.128229858356));
#1487 = CARTESIAN_POINT('',(8.553430395846,29.569667540662,
    -5.773278469261));
#1488 = CARTESIAN_POINT('',(17.668728828545,21.168204319215,
    -14.96946365552));
#1489 = CARTESIAN_POINT('',(22.839479662547,7.57278150724,
    -20.22110124309));
#1490 = CARTESIAN_POINT('',(22.77985676778,-7.921037172998,
    -20.24236510189));
#1491 = CARTESIAN_POINT('',(17.474642136539,-21.54218953947,
    -15.01803722422));
#1492 = CARTESIAN_POINT('',(8.187769511797,-29.96195904328,
    -5.812051353049));
#1493 = CARTESIAN_POINT('',(-2.841055434667,-31.10742791269,
    5.135886839847));
#1494 = CARTESIAN_POINT('',(-12.93885285057,-24.67175550049,
    15.152797502192));
#1495 = CARTESIAN_POINT('',(-19.64958450804,-12.1956855857,
    21.782642406088));
#1496 = CARTESIAN_POINT('',(-21.33391944517,3.301216535728,
    23.386090589653));
#1497 = CARTESIAN_POINT('',(-17.57208804375,18.051362286839,
    19.543372434669));
#1498 = CARTESIAN_POINT('',(-9.270835147654,28.455110445747,
    11.161232784998));
#1499 = CARTESIAN_POINT('',(1.552723764352,31.959220968362,
    0.256787119423));
#1500 = CARTESIAN_POINT('',(12.25884308325,27.683416380928,
    -10.53021895304));
#1501 = CARTESIAN_POINT('',(20.226553288729,16.641303780243,
    -18.57881591208));
#1502 = CARTESIAN_POINT('',(23.492883965804,1.500263831134,
    -21.92603334273));
#1503 = CARTESIAN_POINT('',(21.234005951298,-14.06285700761,
    -19.74804208179));
#1504 = CARTESIAN_POINT('',(13.970365188239,-26.25462625576,
    -12.5652880723));
#1505 = CARTESIAN_POINT('',(3.44475759466,-32.08965400362,-2.12056723229
    ));
#1506 = CARTESIAN_POINT('',(-7.798138031403,-30.1215951699,
    9.041441640206));
#1507 = CARTESIAN_POINT('',(-17.02932885764,-20.80154344852,
    18.191745712877));
#1508 = CARTESIAN_POINT('',(-22.00031342568,-6.375028907475,
    23.081843527353));
#1509 = CARTESIAN_POINT('',(-21.49314978918,9.658946827705,
    22.493793137291));
#1510 = CARTESIAN_POINT('',(-15.62126377612,23.396560271199,
    16.541020370654));
#1511 = CARTESIAN_POINT('',(-5.806641454773,31.479612352396,
    6.645511295741));
#1512 = CARTESIAN_POINT('',(5.56206407288,31.916481515767,
    -4.804080985483));
#1513 = CARTESIAN_POINT('',(15.708598826344,24.572685738391,
    -15.03150249251));
#1514 = CARTESIAN_POINT('',(22.144445831967,11.21063488774,
    -21.5482362517));
#1515 = CARTESIAN_POINT('',(23.277144909885,-4.933558372485,
    -22.76182208318));
#1516 = CARTESIAN_POINT('',(18.80102456421,-19.93319984333,
    -18.36658849108));
#1517 = CARTESIAN_POINT('',(9.778009261069,-30.12722898815,
    -9.424459941509));
#1518 = CARTESIAN_POINT('',(-1.619391742295,-33.01163642695,
    1.892054308289));
#1519 = CARTESIAN_POINT('',(-12.62809532351,-27.85856794737,
    12.819871135945));
#1520 = CARTESIAN_POINT('',(-20.57709540955,-15.89191801781,
    20.687984468413));
#1521 = CARTESIAN_POINT('',(-22.53687498377,-5.305775243016,
    22.593839540251));
#1522 = CARTESIAN_POINT('',(-22.56383723495,-1.098145887395E-12,
    22.593839540251));
#1523 = CARTESIAN_POINT('',(20.793000716734,-3.830609471234E-14,
    22.484512241965));
#1524 = CARTESIAN_POINT('',(20.739076214356,0.397231075783,
    22.484512241965));
#1525 = CARTESIAN_POINT('',(20.935733568099,1.273657563461,
    22.180005883465));
#1526 = CARTESIAN_POINT('',(21.936532695038,1.554786392593,
    21.017433249391));
#1527 = CARTESIAN_POINT('',(22.662458228602,0.317664551707,
    20.129734208692));
#1528 = CARTESIAN_POINT('',(22.255049041105,-1.432595007001,
    20.375369889054));
#1529 = CARTESIAN_POINT('',(20.86776809003,-2.024464940045,
    21.600877332994));
#1530 = CARTESIAN_POINT('',(19.661022423321,-0.703804630654,
    22.645849492568));
#1531 = CARTESIAN_POINT('',(19.770931527384,1.476890120373,
    22.374166881371));
#1532 = CARTESIAN_POINT('',(21.173704725794,2.48172317554,
    20.809620175825));
#1533 = CARTESIAN_POINT('',(22.56926856729,1.189901641946,
    19.252282827194));
#1534 = CARTESIAN_POINT('',(22.518528670147,-1.394032398573,
    19.141249217203));
#1535 = CARTESIAN_POINT('',(20.84055719067,-2.897611514438,
    20.657447189544));
#1536 = CARTESIAN_POINT('',(18.9182902086,-1.758504014589,22.41794066448
    ));
#1537 = CARTESIAN_POINT('',(18.504733070929,1.175409288294,
    22.669724295016));
#1538 = CARTESIAN_POINT('',(20.056723993647,3.244301573135,
    20.955959865163));
#1539 = CARTESIAN_POINT('',(22.177648452755,2.387540383902,
    18.673261898919));
#1540 = CARTESIAN_POINT('',(22.806300003686,-0.81770630304,
    17.882836840854));
#1541 = CARTESIAN_POINT('',(21.145406957513,-3.495687700622,
    19.381956379892));
#1542 = CARTESIAN_POINT('',(18.526386943258,-3.051256414095,
    21.839202887012));
#1543 = CARTESIAN_POINT('',(17.295510860076,0.323289586894,
    22.90830546306));
#1544 = CARTESIAN_POINT('',(18.645251757576,3.628328976717,
    21.396791058424));
#1545 = CARTESIAN_POINT('',(21.395057898089,3.721092762282,
    18.485211410776));
#1546 = CARTESIAN_POINT('',(22.954188723484,0.299699756942,
    16.764307078247));
#1547 = CARTESIAN_POINT('',(21.692837926546,-3.622373335841,
    17.863884368049));
#1548 = CARTESIAN_POINT('',(18.551436262862,-4.366643865954,
    20.843512524599));
#1549 = CARTESIAN_POINT('',(16.307769031165,-1.03745794174,
    22.925406249161));
#1550 = CARTESIAN_POINT('',(17.055957381927,3.462387830589,
    22.015444391263));
#1551 = CARTESIAN_POINT('',(20.185078750996,4.956693392901,
    18.72454951506));
#1552 = CARTESIAN_POINT('',(22.803311287678,1.870823022434,
    15.944543471243));
#1553 = CARTESIAN_POINT('',(22.342401271083,-3.138059709495,
    16.243679980703));
#1554 = CARTESIAN_POINT('',(18.997901918219,-5.460300650691,
    19.426405826432));
#1555 = CARTESIAN_POINT('',(15.688795151496,-2.775759261166,
    22.57373908602));
#1556 = CARTESIAN_POINT('',(15.448916297859,2.644736299527,
    22.651844432522));
#1557 = CARTESIAN_POINT('',(18.576240438661,5.84791876097,
    19.362746784586));
#1558 = CARTESIAN_POINT('',(22.224045822447,3.723983494644,
    15.553167893664));
#1559 = CARTESIAN_POINT('',(22.918634760706,-1.983736459182,
    14.69680544827));
#1560 = CARTESIAN_POINT('',(19.805534806895,-6.092599267105,
    17.648131894946));
#1561 = CARTESIAN_POINT('',(15.542466051204,-4.683556839322,
    21.749427143503));
#1562 = CARTESIAN_POINT('',(14.270073130657,0.187848490181,
    22.887008808104));
#1563 = CARTESIAN_POINT('',(15.329361507539,3.669704845861,
    21.719871426465));
#1564 = CARTESIAN_POINT('',(17.415952067395,6.075430640964,
    19.525431861853));
#1565 = CARTESIAN_POINT('',(20.381880422428,5.709589779208,
    16.451654502063));
#1566 = CARTESIAN_POINT('',(22.19316867655,2.716053052072,
    14.532517243184));
#1567 = CARTESIAN_POINT('',(22.831460950146,-1.174584441944,
    13.786375964832));
#1568 = CARTESIAN_POINT('',(20.849599633577,-6.061004399783,
    15.633426025454));
#1569 = CARTESIAN_POINT('',(15.924202525688,-6.502187977963,
    20.397049626209));
#1570 = CARTESIAN_POINT('',(13.423151575387,-1.830315755636,
    22.763289320564));
#1571 = CARTESIAN_POINT('',(13.751172567084,2.431275940873,
    22.32741932411));
#1572 = CARTESIAN_POINT('',(15.423796747175,6.002954447683,
    20.546946139262));
#1573 = CARTESIAN_POINT('',(19.519961374656,7.293192132461,
    16.315970255836));
#1574 = CARTESIAN_POINT('',(22.519644257403,2.953311992907,
    13.181476117143));
#1575 = CARTESIAN_POINT('',(22.539564005883,-1.575148878168,
    13.053707363907));
#1576 = CARTESIAN_POINT('',(21.080447581284,-5.682115370064,
    14.40497478375));
#1577 = CARTESIAN_POINT('',(16.826938984597,-7.954091997048,
    18.52367212449));
#1578 = CARTESIAN_POINT('',(12.31934085775,-3.34270817906,
    22.869496744203));
#1579 = CARTESIAN_POINT('',(12.544236060002,3.184475725609,
    22.509790286005));
#1580 = CARTESIAN_POINT('',(15.004919067512,6.499075644518,
    19.941258273738));
#1581 = CARTESIAN_POINT('',(17.451987227243,7.448232643496,
    17.413303360439));
#1582 = CARTESIAN_POINT('',(19.951124694022,6.578919175519,
    14.833279140093));
#1583 = CARTESIAN_POINT('',(21.860490701949,4.07275401342,
    12.843026378598));
#1584 = CARTESIAN_POINT('',(22.683057179464,0.552149717911,
    11.939573147517));
#1585 = CARTESIAN_POINT('',(22.075549751617,-4.460197755663,
    12.439231570606));
#1586 = CARTESIAN_POINT('',(18.933696639293,-7.865537729203,
    15.473235678174));
#1587 = CARTESIAN_POINT('',(15.222780511841,-7.368610250611,
    19.076302800869));
#1588 = CARTESIAN_POINT('',(12.900848246887,-5.23182159181,
    21.317348312256));
#1589 = CARTESIAN_POINT('',(11.558978143408,-1.750244486976,
    22.578331662167));
#1590 = CARTESIAN_POINT('',(11.558733990089,2.197481451531,
    22.49768906192));
#1591 = CARTESIAN_POINT('',(12.895634840456,5.673423482647,
    21.079901457984));
#1592 = CARTESIAN_POINT('',(15.259392163774,7.804859577959,18.6352573811
    ));
#1593 = CARTESIAN_POINT('',(18.071069944726,8.055660188678,
    15.742692846579));
#1594 = CARTESIAN_POINT('',(20.639613439794,6.333157567428,
    13.093262597944));
#1595 = CARTESIAN_POINT('',(22.320205465336,3.033150084611,
    11.331783818834));
#1596 = CARTESIAN_POINT('',(22.678406398973,-1.058540316408,
    10.89269613163));
#1597 = CARTESIAN_POINT('',(21.597131577445,-4.948964185843,
    11.89308419959));
#1598 = CARTESIAN_POINT('',(19.311379118631,-7.68119795959,
    14.097949904837));
#1599 = CARTESIAN_POINT('',(16.354780321963,-8.568530622432,
    16.973661947937));
#1600 = CARTESIAN_POINT('',(13.433225899387,-7.367501300448,
    19.814329616947));
#1601 = CARTESIAN_POINT('',(11.253801289015,-4.343520639781,
    21.912867473751));
#1602 = CARTESIAN_POINT('',(10.351371078528,-0.212993554661,
    22.734410930671));
#1603 = CARTESIAN_POINT('',(10.954872132878,4.026367372928,
    22.050023122753));
#1604 = CARTESIAN_POINT('',(12.926964792486,7.336473177939,
    19.997043709578));
#1605 = CARTESIAN_POINT('',(15.792725237779,8.893070760114,
    17.050396510717));
#1606 = CARTESIAN_POINT('',(18.851617523384,8.290872565038,
    13.910617471544));
#1607 = CARTESIAN_POINT('',(21.346336454984,5.64863835656,
    11.335011786377));
#1608 = CARTESIAN_POINT('',(22.647850308024,1.587034460386,
    9.952611179769));
#1609 = CARTESIAN_POINT('',(22.411419731986,-2.916970085267,
    10.108155002241));
#1610 = CARTESIAN_POINT('',(20.664914506259,-6.765069693633,
    11.773773474399));
#1611 = CARTESIAN_POINT('',(17.806856404635,-9.005443481016,
    14.550944822457));
#1612 = CARTESIAN_POINT('',(14.513491518137,-9.06812626974,
    17.763422955386));
#1613 = CARTESIAN_POINT('',(11.576518722715,-6.909738815308,
    20.619508997242));
#1614 = CARTESIAN_POINT('',(9.710405367534,-3.030890279407,
    22.404735598855));
#1615 = CARTESIAN_POINT('',(9.376185619025,1.639648743328,
    22.658068593797));
#1616 = CARTESIAN_POINT('',(10.665188870149,5.967275516607,
    21.288178589105));
#1617 = CARTESIAN_POINT('',(13.271985700665,8.887180510834,
    18.600495005021));
#1618 = CARTESIAN_POINT('',(16.564310465894,9.66631221902,
    15.227283486225));
#1619 = CARTESIAN_POINT('',(19.73401673711,8.087240211405,
    11.976690461441));
#1620 = CARTESIAN_POINT('',(21.993038050214,4.507840667555,9.63678239477
    ));
#1621 = CARTESIAN_POINT('',(22.766837708523,-0.219368911463,
    8.782095982893));
#1622 = CARTESIAN_POINT('',(21.837864204024,-4.950179565707,
    9.630182733824));
#1623 = CARTESIAN_POINT('',(19.403215894261,-8.525635316271,
    11.983944290021));
#1624 = CARTESIAN_POINT('',(16.031332477035,-10.05594258343,
    15.274940953679));
#1625 = CARTESIAN_POINT('',(12.527119222647,-9.141798225717,
    18.6982674545));
#1626 = CARTESIAN_POINT('',(9.737485229243,-5.978108432222,
    21.407014694336));
#1627 = CARTESIAN_POINT('',(8.344274280057,-1.313264500699,
    22.719338889955));
#1628 = CARTESIAN_POINT('',(8.695215615372,3.727746626997,
    22.287510801072));
#1629 = CARTESIAN_POINT('',(10.714792811939,7.914624444304,
    20.187046850938));
#1630 = CARTESIAN_POINT('',(13.917818909244,10.212017592577,
    16.903134000065));
#1631 = CARTESIAN_POINT('',(17.52358308914,10.035486731666,
    13.216483066602));
#1632 = CARTESIAN_POINT('',(20.643746357182,7.399902895157,
    10.015433044992));
#1633 = CARTESIAN_POINT('',(22.498770615049,2.922665513326,
    8.079522033558));
#1634 = CARTESIAN_POINT('',(22.610151824351,-2.320707181216,
    7.887254070688));
#1635 = CARTESIAN_POINT('',(20.921060865459,-7.054893490742,
    9.495458276014));
#1636 = CARTESIAN_POINT('',(17.815012563745,-10.11495882312,
    12.520619824159));
#1637 = CARTESIAN_POINT('',(14.026841745658,-10.73297531565,
    16.227903888679));
#1638 = CARTESIAN_POINT('',(10.466602562157,-8.730559069593,
    19.707256318612));
#1639 = CARTESIAN_POINT('',(7.998582762985,-4.569092865326,
    22.094389364218));
#1640 = CARTESIAN_POINT('',(7.229093944941,0.756245701985,
    22.782991428693));
#1641 = CARTESIAN_POINT('',(8.35513792741,5.954397279306,21.576060692657
    ));
#1642 = CARTESIAN_POINT('',(11.111698262088,9.751416628044,
    18.738613604412));
#1643 = CARTESIAN_POINT('',(14.831644098864,11.202671826101,
    14.937781014069));
#1644 = CARTESIAN_POINT('',(18.60478554787,9.92774136089,11.083752811494
    ));
#1645 = CARTESIAN_POINT('',(21.498175467137,6.209624756948,8.10947613866
    ));
#1646 = CARTESIAN_POINT('',(22.784337607914,0.932508782517,
    6.742427244316));
#1647 = CARTESIAN_POINT('',(22.121590810794,-4.628380999407,
    7.324287287868));
#1648 = CARTESIAN_POINT('',(19.641785841573,-9.114925249159,
    9.723205503522));
#1649 = CARTESIAN_POINT('',(15.922987158377,-11.41779625958,
    13.36111743315));
#1650 = CARTESIAN_POINT('',(11.852586999647,-10.950679167,
    17.350630838314));
#1651 = CARTESIAN_POINT('',(8.413241404199,-7.79925876252,
    20.709089680193));
#1652 = CARTESIAN_POINT('',(6.44326230692,-2.707180744016,
    22.598182023906));
#1653 = CARTESIAN_POINT('',(6.429890779059,3.099254539958,
    22.530666798198));
#1654 = CARTESIAN_POINT('',(8.386421313541,8.206382769858,20.49324951015
    ));
#1655 = CARTESIAN_POINT('',(11.844126993573,11.357353532188,
    16.954657076549));
#1656 = CARTESIAN_POINT('',(15.962128574361,11.761400114337,
    12.755768742195));
#1657 = CARTESIAN_POINT('',(19.729492098926,9.292109102657,
    8.907518464061));
#1658 = CARTESIAN_POINT('',(22.210990510606,4.525020200607,
    6.345133298814));
#1659 = CARTESIAN_POINT('',(22.776783824669,-1.396257882528,
    5.698453231183));
#1660 = CARTESIAN_POINT('',(21.259615810381,-7.034337470931,
    7.134734491904));
#1661 = CARTESIAN_POINT('',(18.000317950734,-11.00697479458,
    10.313145597984));
#1662 = CARTESIAN_POINT('',(13.769378390214,-12.32592596808,
    14.463198404936));
#1663 = CARTESIAN_POINT('',(9.582564209447,-10.64267012015,
    18.569125832137));
#1664 = CARTESIAN_POINT('',(6.454705763342,-6.339928938951,
    21.616097524673));
#1665 = CARTESIAN_POINT('',(5.151323247679,-0.445078791741,
    22.83859328677));
#1666 = CARTESIAN_POINT('',(5.998881465942,5.61506714534,21.910148314938
    ));
#1667 = CARTESIAN_POINT('',(8.8006885033,10.359599936594,19.027454524013
    ));
#1668 = CARTESIAN_POINT('',(12.88003771845,12.615396510526,
    14.867218555296));
#1669 = CARTESIAN_POINT('',(17.241244080043,11.807112256159,
    10.425125440135));
#1670 = CARTESIAN_POINT('',(20.81027272933,8.103616353881,6.77521003728)
  );
#1671 = CARTESIAN_POINT('',(22.696809645169,2.383670829619,
    4.807786367874));
#1672 = CARTESIAN_POINT('',(22.413828085542,-3.972443383351,
    5.009881173933));
#1673 = CARTESIAN_POINT('',(20.000511343849,-9.415977721962,
    7.342311162059));
#1674 = CARTESIAN_POINT('',(16.017546387929,-12.6070878939,
    11.244389364411));
#1675 = CARTESIAN_POINT('',(11.414758265318,-12.74457515451,
    15.766290733455));
#1676 = CARTESIAN_POINT('',(7.30230391103,-9.766856191163,
    19.797858334176));
#1677 = CARTESIAN_POINT('',(4.680537285806,-4.373795569603,
    22.338738205833));
#1678 = CARTESIAN_POINT('',(4.194277849059,2.137578616338,
    22.744110889013));
#1679 = CARTESIAN_POINT('',(5.971839857772,8.184964506618,
    20.885662126731));
#1680 = CARTESIAN_POINT('',(9.588981474253,12.285294128967,
    17.187633756683));
#1681 = CARTESIAN_POINT('',(14.167721279328,13.418421790893,
    12.528007198041));
#1682 = CARTESIAN_POINT('',(18.587051739334,11.280812031057,
    8.027789984467));
#1683 = CARTESIAN_POINT('',(21.754988942107,6.366169104135,
    4.778966028126));
#1684 = CARTESIAN_POINT('',(22.875937237258,-0.148259654491,
    3.577130979407));
#1685 = CARTESIAN_POINT('',(21.647908748939,-6.683607612489,
    4.72427271416));
#1686 = CARTESIAN_POINT('',(18.340725357812,-11.64204342177,
    7.950569351719));
#1687 = CARTESIAN_POINT('',(13.735025444067,-13.79741776486,
    12.475382511897));
#1688 = CARTESIAN_POINT('',(8.935781879122,-12.59839671462,
    17.193739323274));
#1689 = CARTESIAN_POINT('',(5.104863045526,-8.309158018143,
    20.943771403303));
#1690 = CARTESIAN_POINT('',(3.177363711326,-1.951822587374,
    22.790383983936));
#1691 = CARTESIAN_POINT('',(3.630962636349,4.937005025988,
    22.255898305345));
#1692 = CARTESIAN_POINT('',(6.365185168014,10.67762495288,
    19.440789020112));
#1693 = CARTESIAN_POINT('',(10.721046233623,13.856801115388,
    15.004041200936));
#1694 = CARTESIAN_POINT('',(15.63746381255,13.675629175523,
    10.006736868441));
#1695 = CARTESIAN_POINT('',(19.907341279675,10.150096492335,
    5.655972647749));
#1696 = CARTESIAN_POINT('',(22.471519928404,4.114031671167,
    3.010907245453));
#1697 = CARTESIAN_POINT('',(22.679018292449,-2.97793902196,2.72252212784
    ));
#1698 = CARTESIAN_POINT('',(20.44962219059,-9.4009063126,4.871031476132)
  );
#1699 = CARTESIAN_POINT('',(16.298243278816,-13.57921020763,
    8.941523634338));
#1700 = CARTESIAN_POINT('',(11.213940725269,-14.47295135871,
    13.944939434318));
#1701 = CARTESIAN_POINT('',(6.421993223246,-11.83667559011,
    18.656000182774));
#1702 = CARTESIAN_POINT('',(3.086249407256,-6.2859115159,21.910857245196
    ));
#1703 = CARTESIAN_POINT('',(2.024062639662,0.846287426568,
    22.892157259223));
#1704 = CARTESIAN_POINT('',(3.503629308675,7.829427051992,
    21.331703836642));
#1705 = CARTESIAN_POINT('',(7.173963288805,12.955440347651,
    17.580483102944));
#1706 = CARTESIAN_POINT('',(12.145705905929,14.956468121098,
    12.527853732253));
#1707 = CARTESIAN_POINT('',(17.204226607022,13.318368804812,
    7.388446277593));
#1708 = CARTESIAN_POINT('',(21.103965573938,8.412453525413,
    3.407820557109));
#1709 = CARTESIAN_POINT('',(22.8726912857,1.411777634906,1.558208091779)
  );
#1710 = CARTESIAN_POINT('',(22.051351887856,-5.989259551561,
    2.298660736057));
#1711 = CARTESIAN_POINT('',(18.810359301895,-11.98500374342,
    5.45876656845));
#1712 = CARTESIAN_POINT('',(13.912895010569,-15.0990742278,
    10.275344106208));
#1713 = CARTESIAN_POINT('',(8.53300463683,-14.54785611671,15.57434772638
    ));
#1714 = CARTESIAN_POINT('',(3.971819434488,-10.43747447076,
    20.054646175155));
#1715 = CARTESIAN_POINT('',(1.340493502088,-3.744787670648,
    22.605085353987));
#1716 = CARTESIAN_POINT('',(1.287119222257,3.914634502439,22.57757288025
    ));
#1717 = CARTESIAN_POINT('',(3.834729665161,10.676472155441,
    19.949075683779));
#1718 = CARTESIAN_POINT('',(8.370852923246,14.881434766895,
    15.332065672127));
#1719 = CARTESIAN_POINT('',(13.792338580948,15.482407960822,
    9.829693260856));
#1720 = CARTESIAN_POINT('',(18.77123964782,12.305070925003,
    4.769905440417));
#1721 = CARTESIAN_POINT('',(22.077673087861,6.097150918084,
    1.382585246808));
#1722 = CARTESIAN_POINT('',(22.881162733253,-1.647334581971,
    0.498208847849));
#1723 = CARTESIAN_POINT('',(20.95663357804,-9.047586952306,
    2.341851249495));
#1724 = CARTESIAN_POINT('',(16.743979942085,-14.29278846153,
    6.473618131882));
#1725 = CARTESIAN_POINT('',(11.245544150796,-16.08519067633,
    11.891167169605));
#1726 = CARTESIAN_POINT('',(5.785352377603,-13.96111318082,
    17.270472189229));
#1727 = CARTESIAN_POINT('',(1.687929435662,-8.410473865842,
    21.287008377604));
#1728 = CARTESIAN_POINT('',(-4.539450498402E-02,-0.76413377722,
    22.939445564681));
#1729 = CARTESIAN_POINT('',(1.016418999756,7.125127177257,
    21.796745306374));
#1730 = CARTESIAN_POINT('',(4.624580151663,13.33154739529,18.1076974009)
  );
#1731 = CARTESIAN_POINT('',(9.906280907686,16.326456209515,
    12.745109891309));
#1732 = CARTESIAN_POINT('',(15.573422196387,15.354739648019,
    6.997081849041));
#1733 = CARTESIAN_POINT('',(20.234358058326,10.624999854467,
    2.255259233534));
#1734 = CARTESIAN_POINT('',(22.733211169893,3.265574445718,-0.3244806316
    ));
#1735 = CARTESIAN_POINT('',(22.434027037513,-4.944532490216,
    -0.106183252788));
#1736 = CARTESIAN_POINT('',(19.379918996098,-12.00567149042,
    2.86703803506));
#1737 = CARTESIAN_POINT('',(14.287408601441,-16.1845810597,
    7.878661676149));
#1738 = CARTESIAN_POINT('',(8.37616251097,-16.43981179416,
    13.709021013053));
#1739 = CARTESIAN_POINT('',(3.074560809539,-12.68112954016,
    18.929735960917));
#1740 = CARTESIAN_POINT('',(-0.327831182838,-5.798319527799,
    22.251241199726));
#1741 = CARTESIAN_POINT('',(-0.996333213774,2.549284319341,
    22.838856477095));
#1742 = CARTESIAN_POINT('',(1.24170198694,10.3328015774,20.519934522813)
  );
#1743 = CARTESIAN_POINT('',(5.850053203437,15.646922652108,
    15.830696552749));
#1744 = CARTESIAN_POINT('',(11.709678740731,17.176289801609,
    9.890184261888));
#1745 = CARTESIAN_POINT('',(17.388055255854,14.52098499488,
    4.130920993196));
#1746 = CARTESIAN_POINT('',(21.486989168251,8.3006037959,
    -4.889967276747E-02));
#1747 = CARTESIAN_POINT('',(22.984453804911,9.944932298045E-03,
    -1.627251062996));
#1748 = CARTESIAN_POINT('',(21.486879981827,-8.340140932144,
    -0.210563993479));
#1749 = CARTESIAN_POINT('',(17.329633600567,-14.71046542315,
    3.865795634214));
#1750 = CARTESIAN_POINT('',(11.500084384799,-17.53149028137,
    9.614458096415));
#1751 = CARTESIAN_POINT('',(5.400847805414,-16.08997715674,
    15.632807922232));
#1752 = CARTESIAN_POINT('',(0.509958863728,-10.70906346343,
    20.44281011035));
#1753 = CARTESIAN_POINT('',(-1.979690739157,-2.676358395979,
    22.851572959668));
#1754 = CARTESIAN_POINT('',(-1.453694147644,6.064081586898,
    22.244689614588));
#1755 = CARTESIAN_POINT('',(1.969877786729,13.382233823476,
    18.740230926647));
#1756 = CARTESIAN_POINT('',(7.464396232681,17.481189597616,
    13.164825727127));
#1757 = CARTESIAN_POINT('',(13.691857325612,17.338335308629,
    6.856477880629));
#1758 = CARTESIAN_POINT('',(19.126311956114,12.960323084838,
    1.34113649656));
#1759 = CARTESIAN_POINT('',(22.425364806572,5.388294648756,
    -2.038803107466));
#1760 = CARTESIAN_POINT('',(22.759299566164,-3.549578377741,
    -2.453624620626));
#1761 = CARTESIAN_POINT('',(20.017140538927,-11.67945506354,
    0.207647653044));
#1762 = CARTESIAN_POINT('',(14.838495359542,-17.01053957603,
    5.305406078862));
#1763 = CARTESIAN_POINT('',(8.462252562943,-18.22255729383,
    11.600762121893));
#1764 = CARTESIAN_POINT('',(2.427895564784,-14.99263119758,
    17.554232366486));
#1765 = CARTESIAN_POINT('',(-1.798562651278,-8.080653092169,
    21.69980382898));
#1766 = CARTESIAN_POINT('',(-3.18313359922,0.849280407131,
    23.003488023355));
#1767 = CARTESIAN_POINT('',(-1.379203884834,9.62946061389,
    21.118671555401));
#1768 = CARTESIAN_POINT('',(3.183365040892,16.114766528034,
    16.475215876107));
#1769 = CARTESIAN_POINT('',(9.398226936491,18.706740295633,
    10.179467226941));
#1770 = CARTESIAN_POINT('',(15.748421819647,16.74750311735,
    3.748385590216));
#1771 = CARTESIAN_POINT('',(20.674245744546,10.686451861219,
    -1.258325088249));
#1772 = CARTESIAN_POINT('',(22.953910357662,1.97756380224,
    -3.618876454933));
#1773 = CARTESIAN_POINT('',(22.004089614414,-7.269322073105,
    -2.749942465252));
#1774 = CARTESIAN_POINT('',(18.026430728066,-14.79962952885,
    1.146829667528));
#1775 = CARTESIAN_POINT('',(11.963266305936,-18.7637542011,
    7.129107336091));
#1776 = CARTESIAN_POINT('',(5.272140889461,-18.17132813827,
    13.739345998999));
#1777 = CARTESIAN_POINT('',(-0.426914611485,-13.1384810853,
    19.357514746377));
#1778 = CARTESIAN_POINT('',(-3.746003834629,-4.866404879591,
    22.595717215954));
#1779 = CARTESIAN_POINT('',(-3.869756180453,4.645223867701,
    22.638582808211));
#1780 = CARTESIAN_POINT('',(-0.758009903403,13.081619625644,
    19.445949777592));
#1781 = CARTESIAN_POINT('',(4.839573430829,18.376222801343,
    13.767479689794));
#1782 = CARTESIAN_POINT('',(11.561697929868,19.216898325804,
    6.964468437186));
#1783 = CARTESIAN_POINT('',(17.764095859987,15.371010966595,0.6811837535
    ));
#1784 = CARTESIAN_POINT('',(21.919318647298,7.748866476329,
    -3.554925787379));
#1785 = CARTESIAN_POINT('',(22.990450393986,-1.811582173913,
    -4.706944287634));
#1786 = CARTESIAN_POINT('',(20.687311735573,-10.98788798446,
    -2.484692382789));
#1787 = CARTESIAN_POINT('',(15.54186473714,-17.53728228443,
    2.579867862077));
#1788 = CARTESIAN_POINT('',(8.78330316635,-19.84481713944,9.2575426793)
  );
#1789 = CARTESIAN_POINT('',(2.042119046439,-17.32151177304,
    15.917840045643));
#1790 = CARTESIAN_POINT('',(-3.045615799604,-10.554360783,
    20.924688138119));
#1791 = CARTESIAN_POINT('',(-5.23771357826,-1.170073725469,
    23.035899163207));
#1792 = CARTESIAN_POINT('',(-3.991547503416,8.55589775961,
    21.708846334796));
#1793 = CARTESIAN_POINT('',(0.399269875004,16.251091562152,
    17.237142202809));
#1794 = CARTESIAN_POINT('',(6.871594683288,20.024748280959,
    10.683930640958));
#1795 = CARTESIAN_POINT('',(13.847767087567,18.932341542805,
    3.626871483111));
#1796 = CARTESIAN_POINT('',(19.617776814513,13.211807586176,
    -2.224024997403));
#1797 = CARTESIAN_POINT('',(22.756006768959,4.232434895698,
    -5.443141705417));
#1798 = CARTESIAN_POINT('',(22.470991072418,-5.832801516497,
    -5.239012762444));
#1799 = CARTESIAN_POINT('',(18.802384047438,-14.53307482071,
    -1.65129249103));
#1800 = CARTESIAN_POINT('',(12.616145068233,-19.73646839316,
    4.454059734607));
#1801 = CARTESIAN_POINT('',(5.39793421404,-20.15235711589,
    11.591383835233));
#1802 = CARTESIAN_POINT('',(-1.106008635822,-15.65141520054,
    18.014439931528));
#1803 = CARTESIAN_POINT('',(-5.313696906063,-7.303932178805,
    22.141241448202));
#1804 = CARTESIAN_POINT('',(-6.194587333609,2.874553182945,
    22.94124512218));
#1805 = CARTESIAN_POINT('',(-3.524365382689,12.409883161834,
    20.190136417693));
#1806 = CARTESIAN_POINT('',(2.0556502701,18.970691471723,14.529234011335
    ));
#1807 = CARTESIAN_POINT('',(9.190112908528,20.938405073748,7.31388461934
    ));
#1808 = CARTESIAN_POINT('',(16.136455039087,17.806479059589,
    0.286655735213));
#1809 = CARTESIAN_POINT('',(21.188103414723,10.310407297529,
    -4.845879393989));
#1810 = CARTESIAN_POINT('',(23.091316613443,0.255229439589,
    -6.829979346278));
#1811 = CARTESIAN_POINT('',(21.353832169489,-9.919069147111,
    -5.173381655891));
#1812 = CARTESIAN_POINT('',(16.369350072561,-17.72963800539,
    -0.269786312531));
#1813 = CARTESIAN_POINT('',(9.326417627289,-21.2566512723,6.692259379175
    ));
#1814 = CARTESIAN_POINT('',(1.922746514432,-19.61515228505,
    14.015043738463));
#1815 = CARTESIAN_POINT('',(-4.046381127496,-13.17689664821,
    19.903284626825));
#1816 = CARTESIAN_POINT('',(-7.125832102888,-3.486628787086,
    22.901848848649));
#1817 = CARTESIAN_POINT('',(-6.557744172038,7.10847530602,
    22.252874164232));
#1818 = CARTESIAN_POINT('',(-2.470411064458,16.027327813221,
    18.084654303085));
#1819 = CARTESIAN_POINT('',(4.148120105555,21.08371086622,
    11.385236379503));
#1820 = CARTESIAN_POINT('',(11.686486635786,21.022142239873,
    3.765983095704));
#1821 = CARTESIAN_POINT('',(18.299920599733,15.82948501781,
    -2.928337621809));
#1822 = CARTESIAN_POINT('',(22.359286187727,6.744989112355,
    -7.068589963371));
#1823 = CARTESIAN_POINT('',(22.849943268699,-4.035345033719,
    -7.640133797911));
#1824 = CARTESIAN_POINT('',(19.622786285578,-13.8895821612,
    -4.493863568358));
#1825 = CARTESIAN_POINT('',(13.435363799794,-20.40754497834,
    1.612672163859));
#1826 = CARTESIAN_POINT('',(5.771895419298,-21.98028792847,
    9.195253790788));
#1827 = CARTESIAN_POINT('',(-1.515077835916,-18.19718370391,
    16.401340292436));
#1828 = CARTESIAN_POINT('',(-6.654895471418,-9.952640663322,
    21.46027117437));
#1829 = CARTESIAN_POINT('',(-8.391424554539,0.765171603511,
    23.115913503923));
#1830 = CARTESIAN_POINT('',(-6.292439567667,11.353727858195,
    20.936041763483));
#1831 = CARTESIAN_POINT('',(-0.859546892366,19.228095378543,
    15.422262334615));
#1832 = CARTESIAN_POINT('',(6.589250555442,22.451975142403,
    7.892578133239));
#1833 = CARTESIAN_POINT('',(14.23689777352,20.213785871488,
    0.164044161594));
#1834 = CARTESIAN_POINT('',(20.208140980354,13.030746653822,
    -5.888085798809));
#1835 = CARTESIAN_POINT('',(23.026931144811,2.629691938934,
    -8.787762716832));
#1836 = CARTESIAN_POINT('',(21.97881044773,-8.468003477643,
    -7.820528773319));
#1837 = CARTESIAN_POINT('',(17.289318465057,-17.55763458369,
    -3.211923544213));
#1838 = CARTESIAN_POINT('',(10.073897139842,-22.41034942706,
    3.922611027434));
#1839 = CARTESIAN_POINT('',(2.070319218923,-21.81965150825,
    11.845302194787));
#1840 = CARTESIAN_POINT('',(-4.782188610602,-15.90122920217,
    18.616923270744));
#1841 = CARTESIAN_POINT('',(-8.815196792339,-6.071632630821,
    22.569044698914));
#1842 = CARTESIAN_POINT('',(-9.039693060306,5.290675444661,
    22.712654213312));
#1843 = CARTESIAN_POINT('',(-5.390999197272,15.420815536036,
    18.983073596712));
#1844 = CARTESIAN_POINT('',(1.250648317984,21.840291205511,
    12.260539327887));
#1845 = CARTESIAN_POINT('',(9.270040480751,22.963375075295,
    4.160260411553));
#1846 = CARTESIAN_POINT('',(16.707409077554,18.488727432404,
    -3.357994938817));
#1847 = CARTESIAN_POINT('',(21.734948575486,9.479551843718,
    -8.466421190318));
#1848 = CARTESIAN_POINT('',(23.103579355835,-1.88887927421,
    -9.915938724233));
#1849 = CARTESIAN_POINT('',(20.450753729019,-12.85441230134,
    -7.343999850986));
#1850 = CARTESIAN_POINT('',(14.393464831162,-20.73912264948,
    -1.367597706695));
#1851 = CARTESIAN_POINT('',(6.382660469579,-23.60329089302,
    6.562319901321));
#1852 = CARTESIAN_POINT('',(-1.646619437315,-20.72253908471,
    14.510713054647));
#1853 = CARTESIAN_POINT('',(-7.745027919319,-12.77077337431,
    20.528234783084));
#1854 = CARTESIAN_POINT('',(-10.42456575427,-1.662791445611,
    23.126885864476));
#1855 = CARTESIAN_POINT('',(-9.024043552054,9.90675087445,
    21.645476908684));
#1856 = CARTESIAN_POINT('',(-3.874598677464,19.117022019628,
    16.415145280526));
#1857 = CARTESIAN_POINT('',(3.776135237045,23.708774428223,
    8.683524612449));
#1858 = CARTESIAN_POINT('',(12.063909481843,22.538496333453,
    0.314863614084));
#1859 = CARTESIAN_POINT('',(18.959724113535,15.863040540724,
    -6.661837771175));
#1860 = CARTESIAN_POINT('',(22.764151790881,5.283918852263,
    -10.54715220208));
#1861 = CARTESIAN_POINT('',(22.523689958324,-6.636837000909,
    -10.38757712309));
#1862 = CARTESIAN_POINT('',(18.267141364163,-16.99712806566,
    -6.211915282505));
#1863 = CARTESIAN_POINT('',(11.003441927724,-23.26130189572,
    0.970897400366));
#1864 = CARTESIAN_POINT('',(2.48028715749,-23.88072709954,9.413165417033
    ));
#1865 = CARTESIAN_POINT('',(-5.238715015516,-18.676554226,
    17.051280836471));
#1866 = CARTESIAN_POINT('',(-10.2760625955,-8.890081648696,
    22.007741662895));
#1867 = CARTESIAN_POINT('',(-11.39942200525,3.11319572389,
    23.050214319077));
#1868 = CARTESIAN_POINT('',(-8.325493060409,14.415324523255,
    19.895398620662));
#1869 = CARTESIAN_POINT('',(-1.793762943682,22.255235872447,
    13.282781750368));
#1870 = CARTESIAN_POINT('',(6.608970360561,24.703254978105,
    4.799161692556));
#1871 = CARTESIAN_POINT('',(14.831692860207,21.136001738563,
    -3.504447560657));
#1872 = CARTESIAN_POINT('',(20.857404474468,12.394821756651,
    -9.611045928486));
#1873 = CARTESIAN_POINT('',(23.195455087053,0.587555053123,
    -12.02998329463));
#1874 = CARTESIAN_POINT('',(21.247811862258,-11.4197025874,
    -10.16322682341));
#1875 = CARTESIAN_POINT('',(15.459270446352,-20.69831082474,
    -4.455572161071));
#1876 = CARTESIAN_POINT('',(7.21391701366,-24.97139395561,3.708894518053
    ));
#1877 = CARTESIAN_POINT('',(-1.49810766366,-23.17252551259,
    12.340032441806));
#1878 = CARTESIAN_POINT('',(-8.563320924536,-15.71171100198,
    19.324358949114));
#1879 = CARTESIAN_POINT('',(-12.26000612029,-4.382367529758,
    22.940157391304));
#1880 = CARTESIAN_POINT('',(-11.68017144588,8.069707293081,
    22.279435963328));
#1881 = CARTESIAN_POINT('',(-6.954950876832,18.61179943358,
    17.473328640708));
#1882 = CARTESIAN_POINT('',(0.772485128769,24.662898309777,
    9.665005881539));
#1883 = CARTESIAN_POINT('',(9.621090751844,24.725581093684,
    0.735513504897));
#1884 = CARTESIAN_POINT('',(17.42744145527,18.756468562085,
    -7.151723952098));
#1885 = CARTESIAN_POINT('',(22.272270144039,8.183627475524,
    -12.07743939443));
#1886 = CARTESIAN_POINT('',(22.949894010436,-4.43498179125,
    -12.83595001439));
#1887 = CARTESIAN_POINT('',(19.26571937914,-16.03034820219,
    -9.23266213667));
#1888 = CARTESIAN_POINT('',(12.088428290386,-23.76883338272,
    -2.136257801483));
#1889 = CARTESIAN_POINT('',(3.142970999142,-25.74463555729,
    6.728312736195));
#1890 = CARTESIAN_POINT('',(-5.406328005795,-21.44907758867,
    15.196724987563));
#1891 = CARTESIAN_POINT('',(-11.48179855424,-11.90117639094,
    21.191308782442));
#1892 = CARTESIAN_POINT('',(-13.59973947843,0.593931370849,
    23.228362953072));
#1893 = CARTESIAN_POINT('',(-11.23514727984,13.001478868165,
    20.782884000907));
#1894 = CARTESIAN_POINT('',(-4.954208741132,22.29413918036,
    14.42105870863));
#1895 = CARTESIAN_POINT('',(3.718836663597,26.190660470171,
    5.667126550334));
#1896 = CARTESIAN_POINT('',(12.669195923901,23.715848353237,
    -3.364119463538));
#1897 = CARTESIAN_POINT('',(19.704785864012,15.444445705865,
    -10.48059615721));
#1898 = CARTESIAN_POINT('',(23.090691931687,3.36796345726,
    -13.94738897845));
#1899 = CARTESIAN_POINT('',(21.974514713061,-9.584760420576,
    -12.9120985134));
#1900 = CARTESIAN_POINT('',(16.598328122434,-20.25786583708,
    -7.61679867634));
#1901 = CARTESIAN_POINT('',(8.244567367837,-26.03737767513,
    0.656075324689));
#1902 = CARTESIAN_POINT('',(-1.072152705887,-25.49137549567,
    9.891908644846));
#1903 = CARTESIAN_POINT('',(-9.093241942005,-18.72465258565,
    17.832111127397));
#1904 = CARTESIAN_POINT('',(-13.86605687324,-7.360048624132,
    22.524039305072));
#1905 = CARTESIAN_POINT('',(-14.22164529858,5.850664841116,
    22.798740976843));
#1906 = CARTESIAN_POINT('',(-10.06342902108,17.693067731961,
    18.559637945769));
#1907 = CARTESIAN_POINT('',(-2.395547039396,25.272221474132,
    10.810869210518));
#1908 = CARTESIAN_POINT('',(6.91721645141,26.720338506629,1.417218966144
    ));
#1909 = CARTESIAN_POINT('',(15.600540804226,21.657004333677,
    -7.34699214024));
#1910 = CARTESIAN_POINT('',(21.523591021274,11.288570623704,
    -13.35092911085));
#1911 = CARTESIAN_POINT('',(23.219480885219,-1.879127835984,
    -15.12770572836));
#1912 = CARTESIAN_POINT('',(20.246053989127,-14.64635126766,
    -12.23516558584));
#1913 = CARTESIAN_POINT('',(13.298258165123,-23.8969870903,
    -5.368256515407));
#1914 = CARTESIAN_POINT('',(4.043604541481,-27.35909742411,
    3.805510354668));
#1915 = CARTESIAN_POINT('',(-5.280361248401,-24.16285707098,
    13.048589390983));
#1916 = CARTESIAN_POINT('',(-12.40941385797,-15.05887564006,
    20.096755246991));
#1917 = CARTESIAN_POINT('',(-15.60488402921,-2.242156402078,
    23.211338664665));
#1918 = CARTESIAN_POINT('',(-14.08008782967,11.177079829001,
    21.605655711559));
#1919 = CARTESIAN_POINT('',(-8.19636865331,21.928142466618,
    15.641049781623));
#1920 = CARTESIAN_POINT('',(0.620075129401,27.377039827328,
    6.743719245344));
#1921 = CARTESIAN_POINT('',(10.221495658465,26.171774396729,
    -2.938588037289));
#1922 = CARTESIAN_POINT('',(18.25940602023,18.577682155438,
    -11.05738515262));
#1923 = CARTESIAN_POINT('',(22.756605267217,6.419670167127,
    -15.63547115317));
#1924 = CARTESIAN_POINT('',(22.591088983963,-7.356248016567,
    -15.55084162348));
#1925 = CARTESIAN_POINT('',(17.773414260833,-19.39678834245,
    -10.81405365392));
#1926 = CARTESIAN_POINT('',(9.448969506153,-26.75764048377,
    -2.570495652814));
#1927 = CARTESIAN_POINT('',(-0.376581102424,-27.62343310778,
    7.174168202196));
#1928 = CARTESIAN_POINT('',(-9.322881611672,-21.75537264444,
    16.039581957877));
#1929 = CARTESIAN_POINT('',(-15.21393703107,-10.55619428548,
    21.849750623712));
#1930 = CARTESIAN_POINT('',(-16.60977269175,3.265045689855,
    23.164699530828));
#1931 = CARTESIAN_POINT('',(-13.16080221809,16.348259955863,
    19.634842303595));
#1932 = CARTESIAN_POINT('',(-5.697707157902,25.499201338789,
    12.090860489837));
#1933 = CARTESIAN_POINT('',(3.966214207912,28.469325772335,
    2.346052370456));
#1934 = CARTESIAN_POINT('',(13.473224635787,24.508248389879,
    -7.241844810987));
#1935 = CARTESIAN_POINT('',(20.493973455886,14.55306908125,
    -14.34348038465));
#1936 = CARTESIAN_POINT('',(23.295799111984,1.006859559699,
    -17.22619279431));
#1937 = CARTESIAN_POINT('',(21.167858106656,-12.84137244744,
    -15.17913854256));
#1938 = CARTESIAN_POINT('',(14.598776750769,-23.61524679025,
    -8.690943940239));
#1939 = CARTESIAN_POINT('',(5.162457922417,-28.67421396549,
    0.664488134545));
#1940 = CARTESIAN_POINT('',(-4.861315676014,-26.76069124417,
    10.60737497941));
#1941 = CARTESIAN_POINT('',(-13.04003489723,-18.31254171355,
    18.705207447066));
#1942 = CARTESIAN_POINT('',(-17.38116147715,-5.363285358468,
    22.965447273416));
#1943 = CARTESIAN_POINT('',(-16.81995477876,8.94732088109,
    22.323353821455));
#1944 = CARTESIAN_POINT('',(-11.48299906258,21.134557200251,
    16.905511351712));
#1945 = CARTESIAN_POINT('',(-2.662225401725,28.217291207609,
    8.003850937283));
#1946 = CARTESIAN_POINT('',(7.495424744203,28.447177338296,
    -2.234685962213));
#1947 = CARTESIAN_POINT('',(16.50816096295,21.740144161708,
    -11.32830893452));
#1948 = CARTESIAN_POINT('',(22.163308109366,9.703700005668,
    -17.06434283451));
#1949 = CARTESIAN_POINT('',(23.058093624953,-4.748254528235,
    -18.04001510366));
#1950 = CARTESIAN_POINT('',(18.945089528589,-18.10083217469,
    -14.00789776086));
#1951 = CARTESIAN_POINT('',(10.797253311369,-27.09302098859,
    -5.940948297216));
#1952 = CARTESIAN_POINT('',(0.575564526706,-29.51409029953,
    4.199853733879));
#1953 = CARTESIAN_POINT('',(-9.24526971184,-24.7470442787,
    13.939801218859));
#1954 = CARTESIAN_POINT('',(-16.27832905687,-13.92554168277,
    20.891973810329));
#1955 = CARTESIAN_POINT('',(-18.80700733211,0.33555346908,
    23.339765331998));
#1956 = CARTESIAN_POINT('',(-16.2063883942,14.571984087544,
    20.658259640524));
#1957 = CARTESIAN_POINT('',(-9.100042679548,25.311622576376,
    13.471027172297));
#1958 = CARTESIAN_POINT('',(0.787061686307,29.921285442555,
    3.503036052874));
#1959 = CARTESIAN_POINT('',(11.044872698079,27.252311866915,
    -6.835661712466));
#1960 = CARTESIAN_POINT('',(19.163324754421,17.926637930641,
    -15.03500052237));
#1961 = CARTESIAN_POINT('',(23.14413320439,4.192156568951,
    -19.09669572591));
#1962 = CARTESIAN_POINT('',(21.990196826787,-10.61907142349,
    -18.02364610187));
#1963 = CARTESIAN_POINT('',(15.95275272829,-22.89918542912,
    -12.06708875694));
#1964 = CARTESIAN_POINT('',(6.475040652929,-29.64336156908,
    -2.670263435153));
#1965 = CARTESIAN_POINT('',(-4.154983079437,-29.18504268602,
    7.878873543646));
#1966 = CARTESIAN_POINT('',(-13.35932565888,-21.60766840495,
    17.002329369527));
#1967 = CARTESIAN_POINT('',(-18.89756022355,-8.731208090883,
    22.459677180627));
#1968 = CARTESIAN_POINT('',(-19.41456326045,6.324890539277,
    22.895793463966));
#1969 = CARTESIAN_POINT('',(-14.77447935879,19.897401772957,
    18.174822808732));
#1970 = CARTESIAN_POINT('',(-6.098621773291,28.67060334538,
    9.418078469663));
#1971 = CARTESIAN_POINT('',(4.503092453461,30.486285683888,
    -1.264522510657));
#1972 = CARTESIAN_POINT('',(14.44286584997,24.874611758457,
    -11.28518266073));
#1973 = CARTESIAN_POINT('',(21.284281114309,13.175265194598,
    -18.20748467864));
#1974 = CARTESIAN_POINT('',(23.337085205203,-1.782253174577,
    -20.3411755231));
#1975 = CARTESIAN_POINT('',(20.072298133002,-16.36291606255,
    -17.15727520446));
#1976 = CARTESIAN_POINT('',(12.255708240745,-27.0095645855,
    -9.421572065779));
#1977 = CARTESIAN_POINT('',(1.766107311791,-31.11072251033,
    0.987142109608));
#1978 = CARTESIAN_POINT('',(-8.858619197305,-27.64111675246,
    11.530981865137));
#1979 = CARTESIAN_POINT('',(-17.03788970887,-17.41781208163,
    19.629365623137));
#1980 = CARTESIAN_POINT('',(-20.77760285243,-2.908014740802,
    23.288192013131));
#1981 = CARTESIAN_POINT('',(-19.15869241373,12.366299394327,
    21.588394820863));
#1982 = CARTESIAN_POINT('',(-12.56537014226,24.683270988244,
    14.914185795827));
#1983 = CARTESIAN_POINT('',(-2.596396747048,31.028053462192,
    4.864325647042));
#1984 = CARTESIAN_POINT('',(8.320187528942,29.83073841234,
    -6.133145382516));
#1985 = CARTESIAN_POINT('',(17.516039727886,21.354698538601,
    -15.40988433502));
#1986 = CARTESIAN_POINT('',(22.732330146202,7.639309947752,
    -20.70706150691));
#1987 = CARTESIAN_POINT('',(22.672149189868,-7.990666261527,
    -20.72776730414));
#1988 = CARTESIAN_POINT('',(17.320414672697,-21.73102976844,
    -15.45691954054));
#1989 = CARTESIAN_POINT('',(7.952382388269,-30.22405031224,
    -6.16977400968));
#1990 = CARTESIAN_POINT('',(-3.172489282516,-31.37898221887,
    4.874210907539));
#1991 = CARTESIAN_POINT('',(-13.35784455143,-24.88668171884,
    14.978679422893));
#1992 = CARTESIAN_POINT('',(-20.12633528357,-12.30167478477,
    21.666283401467));
#1993 = CARTESIAN_POINT('',(-21.82457306284,3.329960100049,
    23.283634427167));
#1994 = CARTESIAN_POINT('',(-18.02940458509,18.207842980774,
    19.407579195851));
#1995 = CARTESIAN_POINT('',(-9.655688301087,28.701243860656,
    10.952976158272));
#1996 = CARTESIAN_POINT('',(1.261824107598,32.235102938338,
    -4.542300398112E-02));
#1997 = CARTESIAN_POINT('',(12.060520547456,27.921902509624,
    -10.9250061974));
#1998 = CARTESIAN_POINT('',(20.096899997546,16.78435110589,
    -19.04227240106));
#1999 = CARTESIAN_POINT('',(23.391279261532,1.513057367825,
    -22.41753841861));
#2000 = CARTESIAN_POINT('',(21.113002687338,-14.1834309575,
    -20.22014859799));
#2001 = CARTESIAN_POINT('',(13.787237455002,-26.47922230721,
    -12.97527011922));
#2002 = CARTESIAN_POINT('',(3.171899393077,-32.36360975655,
    -2.440818810864));
#2003 = CARTESIAN_POINT('',(-8.166494025518,-30.37823506363,
    8.816687854163));
#2004 = CARTESIAN_POINT('',(-17.47570762229,-20.97840618299,
    18.045014697371));
#2005 = CARTESIAN_POINT('',(-22.48825070696,-6.429069584434,
    22.97667102847));
#2006 = CARTESIAN_POINT('',(-21.97606675029,9.740880881581,
    22.383600318242));
#2007 = CARTESIAN_POINT('',(-16.05380349566,23.594527485092,
    16.380450310037));
#2008 = CARTESIAN_POINT('',(-6.15570774495,31.745432026715,
    6.401467805758));
#2009 = CARTESIAN_POINT('',(5.309251330073,32.185456838382,
    -5.144378022833));
#2010 = CARTESIAN_POINT('',(15.541393916865,24.779355878076,
    -15.45740736319));
#2011 = CARTESIAN_POINT('',(22.031366900153,11.304695340326,
    -22.02826710004));
#2012 = CARTESIAN_POINT('',(23.173538443418,-4.974990785937,
    -23.25132539688));
#2013 = CARTESIAN_POINT('',(18.659928666745,-20.100058898,
    -18.81860237377));
#2014 = CARTESIAN_POINT('',(9.561591851786,-30.37887106196,
    -9.801152312384));
#2015 = CARTESIAN_POINT('',(-1.930641531888,-33.28687977527,
    1.610194317724));
#2016 = CARTESIAN_POINT('',(-13.03058778997,-28.09030269013,
    12.629253822238));
#2017 = CARTESIAN_POINT('',(-21.04507356084,-16.02398671561,
    20.562852839547));
#2018 = CARTESIAN_POINT('',(-23.02065746564,-5.349590946546,
    22.484512241965));
#2019 = CARTESIAN_POINT('',(-23.04761971683,-1.10691908995E-12,
    22.484512241966));
#2020 = CARTESIAN_POINT('',(20.403636042962,-3.82584112922E-14,
    22.793237800975));
#2021 = CARTESIAN_POINT('',(20.349711540584,0.56134454389,
    22.793237800975));
#2022 = CARTESIAN_POINT('',(20.671062307592,1.762900600043,
    22.364038029209));
#2023 = CARTESIAN_POINT('',(22.065794744879,2.086978077198,
    20.807532084788));
#2024 = CARTESIAN_POINT('',(23.029819147507,0.40507441369,
    19.681734175025));
#2025 = CARTESIAN_POINT('',(22.488167465396,-1.869299154038,
    20.061612350001));
#2026 = CARTESIAN_POINT('',(20.716435171409,-2.586316311284,
    21.671571136853));
#2027 = CARTESIAN_POINT('',(19.22684603314,-0.876946275655,
    22.999386767987));
#2028 = CARTESIAN_POINT('',(19.413952757121,1.850673849692,
    22.650506536872));
#2029 = CARTESIAN_POINT('',(21.183472392423,3.060731317806,
    20.719213394434));
#2030 = CARTESIAN_POINT('',(22.899972201213,1.44472918518,
    18.840940078509));
#2031 = CARTESIAN_POINT('',(22.830954364882,-1.696358781552,
    18.748184407705));
#2032 = CARTESIAN_POINT('',(20.812189192146,-3.480684816549,
    20.605176073307));
#2033 = CARTESIAN_POINT('',(18.538203750174,-2.089223002597,
    22.717388008143));
#2034 = CARTESIAN_POINT('',(18.083572100245,1.399415536574,
    23.010246150937));
#2035 = CARTESIAN_POINT('',(19.942688400452,3.818227555373,
    20.989356343596));
#2036 = CARTESIAN_POINT('',(22.43813565723,2.786651209966,
    18.332135579683));
#2037 = CARTESIAN_POINT('',(23.166285806629,-0.958313091795,
    17.442211923149));
#2038 = CARTESIAN_POINT('',(21.238896366687,-4.04745697658,
    19.207827855955));
#2039 = CARTESIAN_POINT('',(18.231039915235,-3.509711379055,
    22.053910800273));
#2040 = CARTESIAN_POINT('',(16.844496235926,0.37730934147,
    23.278680972447));
#2041 = CARTESIAN_POINT('',(18.414063651857,4.145433788108,
    21.547340049381));
#2042 = CARTESIAN_POINT('',(21.558205341299,4.228499252941,
    18.241424852804));
#2043 = CARTESIAN_POINT('',(23.325644073601,0.333491617541,
    16.312212613367));
#2044 = CARTESIAN_POINT('',(21.896119720709,-4.093091618761,
    17.579963459125));
#2045 = CARTESIAN_POINT('',(18.36382256868,-4.911499669401,
    20.950487104018));
#2046 = CARTESIAN_POINT('',(15.863928983696,-1.158295371263,
    23.288607181868));
#2047 = CARTESIAN_POINT('',(16.724826016889,3.876048971377,
    22.265936641539));
#2048 = CARTESIAN_POINT('',(20.232541070633,5.5266474838,18.596448080661
    ));
#2049 = CARTESIAN_POINT('',(23.149111358339,2.075966565116,
    15.518104285819));
#2050 = CARTESIAN_POINT('',(22.633510113235,-3.485286124147,
    15.871932023789));
#2051 = CARTESIAN_POINT('',(18.931305570301,-6.042433772117,
    19.412363059588));
#2052 = CARTESIAN_POINT('',(15.288504109175,-3.060557010573,
    22.89339101358));
#2053 = CARTESIAN_POINT('',(15.044075229982,2.917653852048,
    22.976046385637));
#2054 = CARTESIAN_POINT('',(18.500077201787,6.429040365514,
    19.358270906697));
#2055 = CARTESIAN_POINT('',(22.509426797203,4.081968841799,
    15.187147804146));
#2056 = CARTESIAN_POINT('',(23.267596122095,-2.176138399588,
    14.267204972119));
#2057 = CARTESIAN_POINT('',(19.862501086847,-6.659574100355,
    17.510526500233));
#2058 = CARTESIAN_POINT('',(15.217837580798,-5.106542279758,
    21.993416499147));
#2059 = CARTESIAN_POINT('',(13.845162128122,0.206832159708,
    23.231280695877));
#2060 = CARTESIAN_POINT('',(15.00773474985,3.993792272322,
    21.960859069391));
#2061 = CARTESIAN_POINT('',(17.285339044244,6.604719059372,
    19.575405770241));
#2062 = CARTESIAN_POINT('',(20.51142527387,6.198188986389,
    16.241470535859));
#2063 = CARTESIAN_POINT('',(22.477462942558,2.94539218407,
    14.167583862414));
#2064 = CARTESIAN_POINT('',(23.169283344313,-1.274888032789,
    13.367914455902));
#2065 = CARTESIAN_POINT('',(21.021572074643,-6.561625005926,
    15.380814469626));
#2066 = CARTESIAN_POINT('',(15.701013172717,-7.025390956827,
    20.539599864418));
#2067 = CARTESIAN_POINT('',(13.011581550277,-1.973773289431,
    23.094220230912));
#2068 = CARTESIAN_POINT('',(13.374315695844,2.622813260358,
    22.623637080589));
#2069 = CARTESIAN_POINT('',(15.185774608415,6.470076007097,
    20.704329163261));
#2070 = CARTESIAN_POINT('',(19.604459729502,7.849609621736,
    16.150832786228));
#2071 = CARTESIAN_POINT('',(22.831291562397,3.173848499188,
    12.789189697387));
#2072 = CARTESIAN_POINT('',(22.852297722423,-1.6930441594,
    12.660334532603));
#2073 = CARTESIAN_POINT('',(21.285036495461,-6.101901443243,
    14.11974675481));
#2074 = CARTESIAN_POINT('',(16.722703921374,-8.530915466291,
    18.547268072951));
#2075 = CARTESIAN_POINT('',(11.901608108931,-3.578308865105,
    23.20659037826));
#2076 = CARTESIAN_POINT('',(12.153839578274,3.41013806288,22.81954765297
    ));
#2077 = CARTESIAN_POINT('',(14.793113815964,6.952008407227,
    20.072424410524));
#2078 = CARTESIAN_POINT('',(17.413496927123,7.962893257226,
    17.371154545797));
#2079 = CARTESIAN_POINT('',(20.086650625493,7.029526026149,
    14.61711409386));
#2080 = CARTESIAN_POINT('',(22.127026118536,4.349151975206,
    12.495851847249));
#2081 = CARTESIAN_POINT('',(23.005274944368,0.588757199523,
    11.53671626785));
#2082 = CARTESIAN_POINT('',(22.356499651337,-4.759563671111,
    12.077642556123));
#2083 = CARTESIAN_POINT('',(19.00658375421,-8.385639507222,
    15.319709448495));
#2084 = CARTESIAN_POINT('',(15.056004481249,-7.85043865665,
    19.162439716699));
#2085 = CARTESIAN_POINT('',(12.586958286218,-5.57109801671,
    21.550599158163));
#2086 = CARTESIAN_POINT('',(11.163474414087,-1.862402744987,
    22.893196276726));
#2087 = CARTESIAN_POINT('',(11.168646971253,2.338659960905,
    22.807136965992));
#2088 = CARTESIAN_POINT('',(12.595779643122,6.03415267352,
    21.299117540556));
#2089 = CARTESIAN_POINT('',(15.113100013509,8.297040489168,
    18.700910416602));
#2090 = CARTESIAN_POINT('',(18.104045022924,8.559666639172,
    15.629078653619));
#2091 = CARTESIAN_POINT('',(20.834063588182,6.726238626673,
    12.818173334794));
#2092 = CARTESIAN_POINT('',(22.618967677331,3.21968256806,
    10.952382492077));
#2093 = CARTESIAN_POINT('',(22.998967658048,-1.123978801191,
    10.491495757793));
#2094 = CARTESIAN_POINT('',(21.8516535084,-5.2504344774,11.557923153873)
  );
#2095 = CARTESIAN_POINT('',(19.428106588326,-8.145334672497,
    13.900583320379));
#2096 = CARTESIAN_POINT('',(16.29548915597,-9.082368198588,
    16.952313999168));
#2097 = CARTESIAN_POINT('',(13.202534447274,-7.805983384548,
    19.964381954297));
#2098 = CARTESIAN_POINT('',(10.898041887692,-4.599928079881,
    22.187987760312));
#2099 = CARTESIAN_POINT('',(9.947316040591,-0.22492221177,
    23.057826853845));
#2100 = CARTESIAN_POINT('',(10.591047566476,4.261820985745,
    22.333208574393));
#2101 = CARTESIAN_POINT('',(12.682105710742,7.762004005769,
    20.161263676559));
#2102 = CARTESIAN_POINT('',(15.716612606803,9.405112815598,
    17.045870026931));
#2103 = CARTESIAN_POINT('',(18.95296271537,8.764804562313,
    13.728633164796));
#2104 = CARTESIAN_POINT('',(21.590660967105,5.969114332732,
    11.010048159494));
#2105 = CARTESIAN_POINT('',(22.965877223475,1.676056679806,
    9.553945149556));
#2106 = CARTESIAN_POINT('',(22.715934368754,-3.081067922217,
    9.72300125071));
#2107 = CARTESIAN_POINT('',(20.871990817691,-7.14234931483,
    11.486058048206));
#2108 = CARTESIAN_POINT('',(17.856282966386,-9.504082239823,
    14.420879145943));
#2109 = CARTESIAN_POINT('',(14.383425841567,-9.566765028883,
    17.812849517194));
#2110 = CARTESIAN_POINT('',(11.288803296713,-7.287018436028,
    20.826585308481));
#2111 = CARTESIAN_POINT('',(9.325251615595,-3.194988117173,
    22.709250236031));
#2112 = CARTESIAN_POINT('',(8.977519589605,1.728670964245,
    22.976095508454));
#2113 = CARTESIAN_POINT('',(10.340225241755,6.287751489977,
    21.532503102737));
#2114 = CARTESIAN_POINT('',(13.090001396778,9.361112513389,
    18.701840194146));
#2115 = CARTESIAN_POINT('',(16.559783976702,10.178354264541,
    15.151170860654));
#2116 = CARTESIAN_POINT('',(19.8982367143,8.512771058044,11.73183136949)
  );
#2117 = CARTESIAN_POINT('',(22.276223482578,4.743294244859,
    9.272957847644));
#2118 = CARTESIAN_POINT('',(23.090253668094,-0.231297501518,
    8.378040908561));
#2119 = CARTESIAN_POINT('',(22.112984421861,-5.206587132419,
    9.274423401226));
#2120 = CARTESIAN_POINT('',(19.553268361377,-8.964117161303,
    11.753252708143));
#2121 = CARTESIAN_POINT('',(16.009984283242,-10.56978061099,
    15.21565003271));
#2122 = CARTESIAN_POINT('',(12.329753100845,-9.605934086271,
    18.814994461539));
#2123 = CARTESIAN_POINT('',(9.402323309939,-6.279580333194,
    21.661537498879));
#2124 = CARTESIAN_POINT('',(7.943075555732,-1.37869994658,
    23.039898499517));
#2125 = CARTESIAN_POINT('',(8.315811174001,3.914273372382,
    22.586276127681));
#2126 = CARTESIAN_POINT('',(10.439709429805,8.307716338167,
    20.38149111831));
#2127 = CARTESIAN_POINT('',(13.804193611794,10.716003585231,
    16.936120182753));
#2128 = CARTESIAN_POINT('',(17.589257091646,10.52770627046,
    13.070169949333));
#2129 = CARTESIAN_POINT('',(20.862922854133,7.760559157292,
    9.715617433279));
#2130 = CARTESIAN_POINT('',(22.808293229285,3.063981661598,7.68936030456
    ));
#2131 = CARTESIAN_POINT('',(22.924875661495,-2.433124794842,
    7.491891118782));
#2132 = CARTESIAN_POINT('',(21.154575152945,-7.393684568923,
    9.181304873765));
#2133 = CARTESIAN_POINT('',(17.900671380386,-10.59766809628,
    12.354321892756));
#2134 = CARTESIAN_POINT('',(13.933984364359,-11.24212057779,
    16.240122155215));
#2135 = CARTESIAN_POINT('',(10.208015684556,-9.142224100526,
    19.885204081452));
#2136 = CARTESIAN_POINT('',(7.627388480793,-4.783086268983,
    22.384944531647));
#2137 = CARTESIAN_POINT('',(6.825820838708,0.792005827757,
    23.105625420165));
#2138 = CARTESIAN_POINT('',(8.008121949993,6.231207603752,
    21.842437555312));
#2139 = CARTESIAN_POINT('',(10.895583457026,10.201906811767,
    18.874089294711));
#2140 = CARTESIAN_POINT('',(14.789215667627,11.717201173318,
    14.899570330543));
#2141 = CARTESIAN_POINT('',(18.736556750027,10.381083268074,
    10.871342494576));
#2142 = CARTESIAN_POINT('',(21.762262702787,6.49144447336,7.764749788248
    ));
#2143 = CARTESIAN_POINT('',(23.106654084947,0.974216778552,6.33947165252
    ));
#2144 = CARTESIAN_POINT('',(22.413877853293,-4.836935652382,
    6.951361130607));
#2145 = CARTESIAN_POINT('',(19.823093363719,-9.522984336898,
    9.461258866614));
#2146 = CARTESIAN_POINT('',(15.939375367291,-11.92604600363,
    13.264090109474));
#2147 = CARTESIAN_POINT('',(11.69025430946,-11.43542129916,
    17.432324413738));
#2148 = CARTESIAN_POINT('',(8.101883478126,-8.142516317772,
    20.939808491505));
#2149 = CARTESIAN_POINT('',(6.048844700702,-2.825411397686,
    22.91196051536));
#2150 = CARTESIAN_POINT('',(6.038594186205,3.234825867993,
    22.841324276291));
#2151 = CARTESIAN_POINT('',(8.083666832583,8.562760610949,
    20.715364876345));
#2152 = CARTESIAN_POINT('',(11.693786266247,11.847802334992,
    17.024358689114));
#2153 = CARTESIAN_POINT('',(15.990978649442,12.266554019336,
    12.646279552351));
#2154 = CARTESIAN_POINT('',(19.920698410639,9.689023309667,
    8.635673037586));
#2155 = CARTESIAN_POINT('',(22.508204089989,4.717093382018,
    5.967280604669));
#2156 = CARTESIAN_POINT('',(23.097855561039,-1.455772665966,
    5.296742380051));
#2157 = CARTESIAN_POINT('',(21.516589973893,-7.330955459058,
    6.79712121363));
#2158 = CARTESIAN_POINT('',(18.120838935009,-11.46850484145,
    10.111985498946));
#2159 = CARTESIAN_POINT('',(13.714300683244,-12.84004048634,
    14.437636997145));
#2160 = CARTESIAN_POINT('',(9.355479662612,-11.08424346771,
    18.715571264208));
#2161 = CARTESIAN_POINT('',(6.101069403484,-6.601490607427,
    21.88909476977));
#2162 = CARTESIAN_POINT('',(4.747390392814,-0.462969672992,
    23.161887026872));
#2163 = CARTESIAN_POINT('',(5.633148639132,5.845201349674,
    22.195242026986));
#2164 = CARTESIAN_POINT('',(8.552355071293,10.781748962142,
    19.195148841258));
#2165 = CARTESIAN_POINT('',(12.799730280384,13.126817357424,
    14.8668868786));
#2166 = CARTESIAN_POINT('',(17.338694921368,12.283334870411,
    10.247035484047));
#2167 = CARTESIAN_POINT('',(21.051951169651,8.428737258207,
    6.452892482198));
#2168 = CARTESIAN_POINT('',(23.014082764623,2.478561813345,
    4.409874133658));
#2169 = CARTESIAN_POINT('',(22.719664665001,-4.13087697102,
    4.623405479712));
#2170 = CARTESIAN_POINT('',(20.210663599311,-9.789176175587,
    7.051519791835));
#2171 = CARTESIAN_POINT('',(16.071054270039,-13.10422184672,
    11.11024236754));
#2172 = CARTESIAN_POINT('',(11.288785969608,-13.24465170932,
    15.811623914403));
#2173 = CARTESIAN_POINT('',(7.017697676033,-10.14816627773,
    20.001825454411));
#2174 = CARTESIAN_POINT('',(4.296751817245,-4.543535604834,
    22.641884559632));
#2175 = CARTESIAN_POINT('',(3.794906181456,2.220720111008,
    23.062843441853));
#2176 = CARTESIAN_POINT('',(5.644268408434,8.50075248134,21.132594461307
    ));
#2177 = CARTESIAN_POINT('',(9.403121860429,12.756871829655,
    17.292854255745));
#2178 = CARTESIAN_POINT('',(14.158995167525,13.931016223401,
    12.456094195081));
#2179 = CARTESIAN_POINT('',(18.747769889076,11.709667513095,
    7.786432719963));
#2180 = CARTESIAN_POINT('',(22.036222620018,6.60691041258,4.417093235453
    ));
#2181 = CARTESIAN_POINT('',(23.199426535082,-0.154224350307,
    3.173002566823));
#2182 = CARTESIAN_POINT('',(21.925109548603,-6.934826619669,
    4.366432799733));
#2183 = CARTESIAN_POINT('',(18.494359276505,-12.07737483814,
    7.716296318265));
#2184 = CARTESIAN_POINT('',(13.717887914773,-14.31091024873,
    12.411880926429));
#2185 = CARTESIAN_POINT('',(8.742230839528,-13.06507601517,
    17.306651248107));
#2186 = CARTESIAN_POINT('',(4.772192108083,-8.615443318145,
    21.195803225984));
#2187 = CARTESIAN_POINT('',(2.77672561117,-2.023169902044,
    23.110382969329));
#2188 = CARTESIAN_POINT('',(3.250052016251,5.117960268632,
    22.556169810681));
#2189 = CARTESIAN_POINT('',(6.086895379358,11.066841707271,
    19.638439694006));
#2190 = CARTESIAN_POINT('',(10.603294679883,14.359551466681,
    15.041153639913));
#2191 = CARTESIAN_POINT('',(15.699095960874,14.169553302544,
    9.864465605355));
#2192 = CARTESIAN_POINT('',(20.123544034562,10.514982708109,
    5.359130778099));
#2193 = CARTESIAN_POINT('',(22.779860664646,4.261073648664,
    2.621927394448));
#2194 = CARTESIAN_POINT('',(22.994639762171,-3.084528488109,
    2.326261543355));
#2195 = CARTESIAN_POINT('',(20.685895154623,-9.735185384696,
    4.554119397337));
#2196 = CARTESIAN_POINT('',(16.387850406855,-14.0598217521,
    8.771277391537));
#2197 = CARTESIAN_POINT('',(11.125260346731,-14.98292371659,
    13.952980698093));
#2198 = CARTESIAN_POINT('',(6.166795437175,-12.25189124193,
    18.830558854082));
#2199 = CARTESIAN_POINT('',(2.716831465299,-6.505314912372,
    22.199636072391));
#2200 = CARTESIAN_POINT('',(1.62052079512,0.876094876391,23.215059989002
    ));
#2201 = CARTESIAN_POINT('',(3.154364920175,8.101190784846,21.60032911038
    ));
#2202 = CARTESIAN_POINT('',(6.954167620144,13.403018268024,
    17.719639656844));
#2203 = CARTESIAN_POINT('',(12.099060010387,15.470928322413,
    12.493860513033));
#2204 = CARTESIAN_POINT('',(17.332270194325,13.774501512331,
    7.179763575527));
#2205 = CARTESIAN_POINT('',(21.365722274359,8.699244760967,
    3.065424741926));
#2206 = CARTESIAN_POINT('',(23.194641514834,1.459427896204,
    1.155618747883));
#2207 = CARTESIAN_POINT('',(22.34532610752,-6.192347426882,1.92404740163
    ));
#2208 = CARTESIAN_POINT('',(18.994996799613,-12.38940205025,
    5.193489955969));
#2209 = CARTESIAN_POINT('',(13.933445541089,-15.60636015176,
    10.174154460926));
#2210 = CARTESIAN_POINT('',(8.374653584804,-15.03456596496,
    15.652059663644));
#2211 = CARTESIAN_POINT('',(3.66329340854,-10.78515237384,20.28253308634
    ));
#2212 = CARTESIAN_POINT('',(0.947068827631,-3.868815475734,
    22.917870913682));
#2213 = CARTESIAN_POINT('',(0.894734932191,4.044442791254,
    22.889318055553));
#2214 = CARTESIAN_POINT('',(3.529071582724,11.028523683044,
    20.174094651454));
#2215 = CARTESIAN_POINT('',(8.216499371243,15.370046923914,
    15.405780109367));
#2216 = CARTESIAN_POINT('',(13.817043252946,15.988661892197,
    9.724349474097));
#2217 = CARTESIAN_POINT('',(18.959176889875,12.705754105169,4.5013290836
    ));
#2218 = CARTESIAN_POINT('',(22.373289560053,6.29474472344,1.006329659855
    ));
#2219 = CARTESIAN_POINT('',(23.202698030246,-1.70092070497,
    9.603443609468E-02));
#2220 = CARTESIAN_POINT('',(21.216019148198,-9.339311166074,
    2.001826564575));
#2221 = CARTESIAN_POINT('',(16.868273288769,-14.75165067122,
    6.268685670437));
#2222 = CARTESIAN_POINT('',(11.194681641122,-16.59951259513,
    11.861390564515));
#2223 = CARTESIAN_POINT('',(5.561899964546,-14.40571868932,
    17.413285487525));
#2224 = CARTESIAN_POINT('',(1.336458154155,-8.677154485671,
    21.557840544349));
#2225 = CARTESIAN_POINT('',(-0.449156275587,-0.787984545371,
    23.262568220523));
#2226 = CARTESIAN_POINT('',(0.648821624479,7.349911081644,22.08370356689
    ));
#2227 = CARTESIAN_POINT('',(4.3728003339,13.750257868534,18.2788381039)
  );
#2228 = CARTESIAN_POINT('',(9.821784030963,16.837187129625,
    12.748967653271));
#2229 = CARTESIAN_POINT('',(15.666960175406,15.833188875987,
    6.822904755259));
#2230 = CARTESIAN_POINT('',(20.473352528548,10.954721997814,
    1.93562564855));
#2231 = CARTESIAN_POINT('',(23.049682438453,3.366321440183,
    -0.721591014922));
#2232 = CARTESIAN_POINT('',(22.741139040454,-5.097280536452,
    -0.493934370491));
#2233 = CARTESIAN_POINT('',(19.593113535735,-12.37473862398,
    2.573204380661));
#2234 = CARTESIAN_POINT('',(14.344985194627,-16.68014339812,7.7404459682
    ));
#2235 = CARTESIAN_POINT('',(8.254295106772,-16.94125894113,
    13.750249302489));
#2236 = CARTESIAN_POINT('',(2.793096594394,-13.06641884953,
    19.130561061299));
#2237 = CARTESIAN_POINT('',(-0.710202210751,-5.973678949724,
    22.552973112878));
#2238 = CARTESIAN_POINT('',(-1.396362267741,2.62653391467,
    23.158246416299));
#2239 = CARTESIAN_POINT('',(0.911561319499,10.643859115761,
    20.769436075493));
#2240 = CARTESIAN_POINT('',(5.660337838322,16.116082677163,
    15.939772803101));
#2241 = CARTESIAN_POINT('',(11.69674876058,17.689367735225,
    9.822475127276));
#2242 = CARTESIAN_POINT('',(17.545244561354,14.953107479845,
    3.893092572934));
#2243 = CARTESIAN_POINT('',(21.766227879229,8.546600483055,
    -0.408777498508));
#2244 = CARTESIAN_POINT('',(23.307967549913,9.944932298031E-03,
    -2.03140392276));
#2245 = CARTESIAN_POINT('',(21.766118692806,-8.586137619298,
    -0.57044181922));
#2246 = CARTESIAN_POINT('',(17.486822906067,-15.14258790811,
    3.627967213952));
#2247 = CARTESIAN_POINT('',(11.487154404648,-18.04456821498,
    9.546748961803));
#2248 = CARTESIAN_POINT('',(5.2111324403,-16.55913718179,15.741884172584
    ));
#2249 = CARTESIAN_POINT('',(0.179818196286,-11.0201210018,
    20.692311663031));
#2250 = CARTESIAN_POINT('',(-2.379719793123,-2.753607991308,
    23.170962898872));
#2251 = CARTESIAN_POINT('',(-1.836065175558,6.239441008823,
    22.54642152774));
#2252 = CARTESIAN_POINT('',(1.688413571584,13.767523132839,
    18.94105602703));
#2253 = CARTESIAN_POINT('',(7.342528828484,17.982636744586,
    13.206054016563));
#2254 = CARTESIAN_POINT('',(13.749433918798,17.833897647042,
    6.718262172681));
#2255 = CARTESIAN_POINT('',(19.33950649575,13.329390218394,
    1.047302842161));
#2256 = CARTESIAN_POINT('',(22.732476809513,5.541042694992,
    -2.426554225169));
#2257 = CARTESIAN_POINT('',(23.075770834724,-3.650325372206,
    -2.850735003948));
#2258 = CARTESIAN_POINT('',(20.25613500915,-12.00917720689,
    -0.111985931941));
#2259 = CARTESIAN_POINT('',(14.932033338561,-17.488988804,5.131228985081
    ));
#2260 = CARTESIAN_POINT('',(8.377755686219,-18.73328821394,
    11.604619883855));
#2261 = CARTESIAN_POINT('',(2.176115747021,-15.41134167083,
    17.725373069486));
#2262 = CARTESIAN_POINT('',(-2.166160026555,-8.305436996556,
    21.986762089495));
#2263 = CARTESIAN_POINT('',(-3.586895369824,0.873131175281,
    23.326610679196));
#2264 = CARTESIAN_POINT('',(-1.730675166341,9.89614123372,
    21.389503722145));
#2265 = CARTESIAN_POINT('',(2.959912627834,16.559372036534,
    16.618029174403));
#2266 = CARTESIAN_POINT('',(9.347364426818,19.221062214434,
    10.149690621851));
#2267 = CARTESIAN_POINT('',(15.87271516633,17.206365327035,
    3.543453128772));
#2268 = CARTESIAN_POINT('',(20.933631314704,10.978176074987,
    -1.59834977317));
#2269 = CARTESIAN_POINT('',(23.275445654654,2.031149925239,
    -4.021050866687));
#2270 = CARTESIAN_POINT('',(22.299706086606,-7.466915878461,
    -3.126198052206));
#2271 = CARTESIAN_POINT('',(18.214367970121,-15.20031270901,
    0.878253310711));
#2272 = CARTESIAN_POINT('',(11.987970977933,-19.27000813247,
    7.023763549332));
#2273 = CARTESIAN_POINT('',(5.117787337459,-18.65994029529,
    13.813060436239));
#2274 = CARTESIAN_POINT('',(-0.732572693922,-13.49053261291,
    19.582533714052));
#2275 = CARTESIAN_POINT('',(-4.138388124695,-4.996213168406,
    22.907462391257));
#2276 = CARTESIAN_POINT('',(-4.263180854911,4.769251672788,
    22.951368367906));
#2277 = CARTESIAN_POINT('',(-1.06653592935,13.429297528715,
    19.673836688777));
#2278 = CARTESIAN_POINT('',(4.681222378802,18.862932649599,
    13.845191627058));
#2279 = CARTESIAN_POINT('',(11.582248460388,19.72418424976,
    6.863278791904));
#2280 = CARTESIAN_POINT('',(17.948733357706,15.775409273425,
    0.415907141019));
#2281 = CARTESIAN_POINT('',(22.213292866963,7.951954351649,
    -3.929539121806));
#2282 = CARTESIAN_POINT('',(23.31240062312,-1.85923243521,-5.10953363153
    ));
#2283 = CARTESIAN_POINT('',(20.949068435993,-11.27467922002,
    -2.827088197971));
#2284 = CARTESIAN_POINT('',(15.669908324444,-17.99341499195,
    2.371185160011));
#2285 = CARTESIAN_POINT('',(8.736657270807,-20.35927734076,9.22354946008
    ));
#2286 = CARTESIAN_POINT('',(1.822323377778,-17.76908969341,
    16.056996599543));
#2287 = CARTESIAN_POINT('',(-3.394880188104,-10.82612451585,
    21.193313411857));
#2288 = CARTESIAN_POINT('',(-5.641255422802,-1.199881175293,
    23.358801892987));
#2289 = CARTESIAN_POINT('',(-4.360965445374,8.775301156082,
    21.997625161992));
#2290 = CARTESIAN_POINT('',(0.144072088934,16.666307213971,
    17.411700874117));
#2291 = CARTESIAN_POINT('',(6.782914304751,20.534720638837,
    10.691971904732));
#2292 = CARTESIAN_POINT('',(13.937374215606,19.412953087274,
    3.456625240309));
#2293 = CARTESIAN_POINT('',(19.854049778545,13.546086658271,
    -2.540937076198));
#2294 = CARTESIAN_POINT('',(23.071628238682,4.339024361847,
    -5.839402289902));
#2295 = CARTESIAN_POINT('',(22.77933180866,-5.979843493994,
    -5.627992613448));
#2296 = CARTESIAN_POINT('',(19.018586802326,-14.89796103649,
    -1.94813436068));
#2297 = CARTESIAN_POINT('',(12.677777216556,-20.23039252018,
    4.311788471522));
#2298 = CARTESIAN_POINT('',(5.280182660301,-20.65510746718,
    11.62849627421));
#2299 = CARTESIAN_POINT('',(-1.384298424479,-16.04063195493,
    18.212090605422));
#2300 = CARTESIAN_POINT('',(-5.694607526161,-7.484887421449,
    22.441512953537));
#2301 = CARTESIAN_POINT('',(-6.595225433765,2.945900497615,
    23.261244107573));
#2302 = CARTESIAN_POINT('',(-3.857036320132,12.716168461837,
    20.442168240374));
#2303 = CARTESIAN_POINT('',(1.862099230505,19.437370772274,
    14.642145936168));
#2304 = CARTESIAN_POINT('',(9.172975379235,21.45189755762,7.250383033871
    ));
#2305 = CARTESIAN_POINT('',(16.290088957779,18.241810475965,
    5.238270175902E-02));
#2306 = CARTESIAN_POINT('',(21.465304214387,10.561626304709,
    -5.203719308416));
#2307 = CARTESIAN_POINT('',(23.414805911265,0.261194135405,
    -7.234107758862));
#2308 = CARTESIAN_POINT('',(21.6350658474,-10.15981045555,
    -5.535254448564));
#2309 = CARTESIAN_POINT('',(16.530068222303,-18.15849348743,
    -0.511143577035));
#2310 = CARTESIAN_POINT('',(9.317691515487,-21.76924570481,
    6.620346376215));
#2311 = CARTESIAN_POINT('',(1.736886900608,-20.08672998573,
    14.120264237525));
#2312 = CARTESIAN_POINT('',(-4.373952576834,-13.49268462293,
    20.150216961401));
#2313 = CARTESIAN_POINT('',(-7.525203770492,-3.569770281756,
    23.22058140149));
#2314 = CARTESIAN_POINT('',(-6.941529640599,7.278215341251,
    22.556020518031));
#2315 = CARTESIAN_POINT('',(-2.755017299456,16.408637899796,
    18.28862142332));
#2316 = CARTESIAN_POINT('',(4.022147809846,21.583787421039,
    11.430569560451));
#2317 = CARTESIAN_POINT('',(11.739994517895,21.519276192689,
    3.631836098833));
#2318 = CARTESIAN_POINT('',(18.510072855194,16.202683471435,
    -3.219128992033));
#2319 = CARTESIAN_POINT('',(22.665122767185,6.903422700024,
    -7.455065657592));
#2320 = CARTESIAN_POINT('',(23.167216388154,-4.130236017445,
    -8.038046032127));
#2321 = CARTESIAN_POINT('',(19.864464725899,-14.21470306553,
    -4.81618112344));
#2322 = CARTESIAN_POINT('',(13.53281464112,-20.88376759259,
    1.434582207771));
#2323 = CARTESIAN_POINT('',(5.691587981232,-22.49170877536,
    9.194922114092));
#2324 = CARTESIAN_POINT('',(-1.763411267923,-18.61933272946,
    16.56903460968));
#2325 = CARTESIAN_POINT('',(-7.020628298228,-10.18277486765,
    21.745364886418));
#2326 = CARTESIAN_POINT('',(-8.795357409403,0.783062484762,
    23.439207244025));
#2327 = CARTESIAN_POINT('',(-6.646075927526,11.61528952667,
    21.20903900858));
#2328 = CARTESIAN_POINT('',(-1.086631439199,19.669668726102,
    15.568707766686));
#2329 = CARTESIAN_POINT('',(6.534172848471,22.966089660664,
    7.867016725448));
#2330 = CARTESIAN_POINT('',(14.357418757796,20.675315918358,
    -3.711593744396E-02));
#2331 = CARTESIAN_POINT('',(20.465115143867,13.327364641948,
    -6.225699077083));
#2332 = CARTESIAN_POINT('',(23.34800288118,2.689206722372,
    -9.189473567964));
#2333 = CARTESIAN_POINT('',(22.276024027113,-8.660076659054,
    -8.198381467464));
#2334 = CARTESIAN_POINT('',(17.480524776769,-17.9545487907,
    -3.483768970688));
#2335 = CARTESIAN_POINT('',(10.102747214925,-22.91550333206,
    3.81312183759));
#2336 = CARTESIAN_POINT('',(1.919978491596,-22.31010031106,
    11.915003807352));
#2337 = CARTESIAN_POINT('',(-5.084943091559,-16.25760704326,
    18.839038636939));
#2338 = CARTESIAN_POINT('',(-9.206493385195,-6.207203958856,
    22.879702177007));
#2339 = CARTESIAN_POINT('',(-9.434110666522,5.408906098331,
    23.026432704767));
#2340 = CARTESIAN_POINT('',(-5.702357123347,15.764073091288,
    19.213792408024));
#2341 = CARTESIAN_POINT('',(1.088315627799,22.325033337672,
    12.342232903311));
#2342 = CARTESIAN_POINT('',(9.286428689665,23.471624819347,
    4.063233087878));
#2343 = CARTESIAN_POINT('',(16.888716599699,18.896786520143,
    -3.619941575725));
#2344 = CARTESIAN_POINT('',(22.027235617986,9.688106496693,
    -8.839347347579));
#2345 = CARTESIAN_POINT('',(23.425895832868,-1.930587270244,
    -10.31889431602));
#2346 = CARTESIAN_POINT('',(20.71484096467,-13.13623201775,
    -7.688726201398));
#2347 = CARTESIAN_POINT('',(14.525236033318,-21.19246455667,
    -1.580008023614));
#2348 = CARTESIAN_POINT('',(6.340232038342,-24.11782024024,
    6.524109217795));
#2349 = CARTESIAN_POINT('',(-1.862734242377,-21.17302926843,
    14.646188744947));
#2350 = CARTESIAN_POINT('',(-8.092043896735,-13.04758369876,
    20.794611645738));
#2351 = CARTESIAN_POINT('',(-10.82783886051,-1.698551571382,
    23.449519855948));
#2352 = CARTESIAN_POINT('',(-9.395237834245,10.120744278108,
    21.936032076113));
#2353 = CARTESIAN_POINT('',(-4.133185555066,19.528687050561,
    16.593093043366));
#2354 = CARTESIAN_POINT('',(3.683277855747,24.217919690364,
    8.695742878986));
#2355 = CARTESIAN_POINT('',(12.149568298484,23.021205606622,
    0.148565682681));
#2356 = CARTESIAN_POINT('',(19.193238401021,16.201831618906,
    -6.975991173424));
#2357 = CARTESIAN_POINT('',(23.078875628025,5.396336465889,
    -10.94251515399));
#2358 = CARTESIAN_POINT('',(22.833212572559,-6.778153149181,
    -10.77773885209));
#2359 = CARTESIAN_POINT('',(18.486317861113,-17.3577843278,
    -6.511730894219));
#2360 = CARTESIAN_POINT('',(11.069115930231,-23.75352143451,
    0.824584283097));
#2361 = CARTESIAN_POINT('',(2.36666186004,-24.3847130922,9.446151599721)
  );
#2362 = CARTESIAN_POINT('',(-5.51379839765,-19.06964611986,
    17.245725103843));
#2363 = CARTESIAN_POINT('',(-10.65546703687,-9.07660839408,
    22.306506989504));
#2364 = CARTESIAN_POINT('',(-11.80062072958,3.178631169771,
    23.370773928639));
#2365 = CARTESIAN_POINT('',(-8.660654979714,14.716796424227,
    20.149921425205));
#2366 = CARTESIAN_POINT('',(-1.991129065484,22.719371733001,
    13.399508757407));
#2367 = CARTESIAN_POINT('',(6.587622166768,25.217093005671,
    4.739870771587));
#2368 = CARTESIAN_POINT('',(14.981745327323,21.574483583595,
    -3.735139142535));
#2369 = CARTESIAN_POINT('',(21.132524692304,12.651229323362,
    -9.966805261084));
#2370 = CARTESIAN_POINT('',(23.518871046624,0.599483643178,
    -12.43403836897));
#2371 = CARTESIAN_POINT('',(21.530997294622,-11.6551561647,
    -10.52705137053));
#2372 = CARTESIAN_POINT('',(15.623490423542,-21.12384167138,
    -4.700431253024));
#2373 = CARTESIAN_POINT('',(7.209390524467,-25.48343600113,
    3.632781892483));
#2374 = CARTESIAN_POINT('',(-1.680091967545,-23.64645751514,
    12.441377630929));
#2375 = CARTESIAN_POINT('',(-8.888284552935,-16.03218697536,
    19.568683462751));
#2376 = CARTESIAN_POINT('',(-12.6586721497,-4.471389750657,
    23.258184305952));
#2377 = CARTESIAN_POINT('',(-12.06532519784,8.233805130814,
    22.583950600522));
#2378 = CARTESIAN_POINT('',(-7.2426663028,18.989079054362,
    17.680404951914));
#2379 = CARTESIAN_POINT('',(0.642419452136,25.161537068804,9.71443244341
    ));
#2380 = CARTESIAN_POINT('',(9.670517313715,25.22421985271,0.605447828264
    ));
#2381 = CARTESIAN_POINT('',(17.634517766476,19.133748182867,
    -7.439439378066));
#2382 = CARTESIAN_POINT('',(22.576784781232,8.347725313258,
    -12.46259314638));
#2383 = CARTESIAN_POINT('',(23.267920925085,-4.524004012149,
    -13.2346160438));
#2384 = CARTESIAN_POINT('',(19.510043892778,-16.35082417557,
    -9.55762576507));
#2385 = CARTESIAN_POINT('',(12.189773479509,-24.24276538527,
    -2.318242105368));
#2386 = CARTESIAN_POINT('',(3.066858373572,-26.25667760281,
    6.723786247002));
#2387 = CARTESIAN_POINT('',(-5.651187097748,-21.87460843531,
    15.360944964754));
#2388 = CARTESIAN_POINT('',(-11.84562310136,-12.13662996825,
    21.474494214806));
#2389 = CARTESIAN_POINT('',(-14.00379455277,0.605859960904,
    23.551778912643));
#2390 = CARTESIAN_POINT('',(-11.59090661243,13.257886434877,
    21.058004218744));
#2391 = CARTESIAN_POINT('',(-5.18490032301,22.732621025393,
    14.571111175746));
#2392 = CARTESIAN_POINT('',(3.659545742628,26.704498497737,
    5.645778356541));
#2393 = CARTESIAN_POINT('',(12.785922930941,24.179984213792,
    -3.561485585339));
#2394 = CARTESIAN_POINT('',(19.959308668555,15.745917606837,
    -10.81575807652));
#2395 = CARTESIAN_POINT('',(23.41125154125,3.433398903141,
    -14.34858770278));
#2396 = CARTESIAN_POINT('',(22.27328003967,-9.771287165961,
    -13.29150295477));
#2397 = CARTESIAN_POINT('',(16.792772389805,-20.65095773094,
    -7.891882058474));
#2398 = CARTESIAN_POINT('',(8.277553550526,-26.54136366778,
    0.542450027239));
#2399 = CARTESIAN_POINT('',(-1.218465823156,-25.98359503446,
    9.957582647353));
#2400 = CARTESIAN_POINT('',(-9.393057553718,-19.08530884778,
    18.051287624348));
#2401 = CARTESIAN_POINT('',(-14.25621860224,-7.501364772404,
    22.833561919308));
#2402 = CARTESIAN_POINT('',(-14.61700825049,5.963082454742,
    23.113464813988));
#2403 = CARTESIAN_POINT('',(-10.37758242332,18.031858810143,
    18.793152233255));
#2404 = CARTESIAN_POINT('',(-2.5618449708,25.7549307473,10.896528027159)
  );
#2405 = CARTESIAN_POINT('',(6.929434717946,27.229483768771,
    1.324361584846));
#2406 = CARTESIAN_POINT('',(15.778488567066,22.06866936461,
    -7.605579017842));
#2407 = CARTESIAN_POINT('',(21.814146188703,11.502564027361,
    -13.72212339304));
#2408 = CARTESIAN_POINT('',(23.542114876692,-1.914887961756,
    -15.5309788346));
#2409 = CARTESIAN_POINT('',(20.512430851781,-14.92316159211,
    -12.58218156326));
#2410 = CARTESIAN_POINT('',(13.433733855423,-24.34747727402,
    -5.584371320468));
#2411 = CARTESIAN_POINT('',(4.005393857955,-27.87362677132,
    3.763081923432));
#2412 = CARTESIAN_POINT('',(-5.492771565319,-24.61619897816,
    13.180360593139));
#2413 = CARTESIAN_POINT('',(-12.75414020838,-15.34069535647,
    20.360842482642));
#2414 = CARTESIAN_POINT('',(-16.00783962101,-2.283864398112,
    23.533655141699));
#2415 = CARTESIAN_POINT('',(-14.45301398694,11.385634481977,
    21.897942754058));
#2416 = CARTESIAN_POINT('',(-8.458315290218,22.336201554357,
    15.822357303768));
#2417 = CARTESIAN_POINT('',(0.523047805726,27.88528957138,6.760107454257
    ));
#2418 = CARTESIAN_POINT('',(10.303189233889,26.65651652889,
    -3.100920727474));
#2419 = CARTESIAN_POINT('',(18.490124831542,18.92093971069,
    -11.36874307869));
#2420 = CARTESIAN_POINT('',(23.070383758671,6.537900820797,
    -16.02988875939));
#2421 = CARTESIAN_POINT('',(22.901746462055,-7.491819344603,
    -15.94213821634));
#2422 = CARTESIAN_POINT('',(17.995529627029,-19.75316618355,
    -11.11680813488));
#2423 = CARTESIAN_POINT('',(9.518671118718,-27.24808928657,
    -2.72083638014));
#2424 = CARTESIAN_POINT('',(-0.486070292268,-28.12858701278,
    7.203018277278));
#2425 = CARTESIAN_POINT('',(-9.594727038147,-22.15228685145,
    16.23078826959));
#2426 = CARTESIAN_POINT('',(-15.59178972521,-10.74826746689,
    22.146964203095));
#2427 = CARTESIAN_POINT('',(-17.01148354289,3.324560473292,
    23.485771267198));
#2428 = CARTESIAN_POINT('',(-13.49841549636,16.64487794399,
    19.891816467107));
#2429 = CARTESIAN_POINT('',(-5.898867256941,25.96073138566,
    12.211381474113));
#2430 = CARTESIAN_POINT('',(3.94065280012,28.983440290596,2.290974663485
    ));
#2431 = CARTESIAN_POINT('',(13.619670067858,24.949821737438,
    -7.468929357821));
#2432 = CARTESIAN_POINT('',(20.766970700983,14.814630749725,
    -14.69711674451));
#2433 = CARTESIAN_POINT('',(23.619092852086,1.02475044095,
    -17.63012564918));
#2434 = CARTESIAN_POINT('',(21.452951818704,-13.07150665178,
    -15.54487136937));
#2435 = CARTESIAN_POINT('',(14.766471068013,-24.0373958158,
    -8.939277372246));
#2436 = CARTESIAN_POINT('',(5.162126245722,-29.18563481239,
    0.584180696479));
#2437 = CARTESIAN_POINT('',(-5.039405632103,-27.23691385843,
    10.704825820736));
#2438 = CARTESIAN_POINT('',(-13.36235245232,-18.63766261788,
    18.946885887387));
#2439 = CARTESIAN_POINT('',(-17.77907371137,-5.458176342194,
    23.28272039287));
#2440 = CARTESIAN_POINT('',(-17.20643047298,9.105754468759,
    22.629190400914));
#2441 = CARTESIAN_POINT('',(-11.77379043281,21.507755653876,
    17.115663607174));
#2442 = CARTESIAN_POINT('',(-2.796372398596,28.714425160425,
    8.057358819392));
#2443 = CARTESIAN_POINT('',(7.540757925151,28.947253893114,
    -2.360658257923));
#2444 = CARTESIAN_POINT('',(16.712128083184,22.121454248283,
    -11.61291516952));
#2445 = CARTESIAN_POINT('',(22.466454463165,9.873440040899,
    -17.44812830307));
#2446 = CARTESIAN_POINT('',(23.376826177793,-4.831396022905,
    -18.43938677126));
#2447 = CARTESIAN_POINT('',(19.192021863165,-18.41662014942,
    -14.3354692102));
#2448 = CARTESIAN_POINT('',(10.90247381043,-27.56459868928,
    -6.126807911039));
#2449 = CARTESIAN_POINT('',(0.503651523746,-30.02668473204,
    4.191127622077));
#2450 = CARTESIAN_POINT('',(-9.486626976345,-25.17589976074,
    14.100519368601));
#2451 = CARTESIAN_POINT('',(-16.64020184955,-14.16628299122,
    21.17320748824));
#2452 = CARTESIAN_POINT('',(-19.21113574469,0.341518164896,
    23.66325462982));
#2453 = CARTESIAN_POINT('',(-16.56422830863,14.823203094724,
    20.935460440189));
#2454 = CARTESIAN_POINT('',(-9.334315713002,25.746953992752,
    13.624661090989));
#2455 = CARTESIAN_POINT('',(0.723560100839,30.434777926426,3.48589852358
    ));
#2456 = CARTESIAN_POINT('',(11.157784622912,27.718991167466,
    -7.029212752061));
#2457 = CARTESIAN_POINT('',(19.415356577101,18.232923230643,
    -15.36767145981));
#2458 = CARTESIAN_POINT('',(23.464132189784,4.263503883621,
    -19.49733382606));
#2459 = CARTESIAN_POINT('',(22.290468332123,-10.80002666613,
    -18.40455672197));
#2460 = CARTESIAN_POINT('',(16.150403402185,-23.28840218352,
    -12.3453785456));
#2461 = CARTESIAN_POINT('',(6.512153091906,-30.14611192037,
    -2.788014988892));
#2462 = CARTESIAN_POINT('',(-4.297254342523,-29.67896681304,
    7.94050569197));
#2463 = CARTESIAN_POINT('',(-13.65616752853,-21.97255462072,
    17.218532124415));
#2464 = CARTESIAN_POINT('',(-19.28654007455,-8.87825006838,
    22.768017916869));
#2465 = CARTESIAN_POINT('',(-19.81082384494,6.431480005426,
    23.211414933688));
#2466 = CARTESIAN_POINT('',(-15.09139143758,20.231680845052,
    18.411095772765));
#2467 = CARTESIAN_POINT('',(-6.268868016093,29.151214889848,
    9.507685597702));
#2468 = CARTESIAN_POINT('',(4.511133717236,30.996258041766,
    -1.353202889194));
#2469 = CARTESIAN_POINT('',(14.617424521278,25.289827410277,
    -11.5403804468));
#2470 = CARTESIAN_POINT('',(21.573059941505,13.394668591069,
    -18.57690262059));
#2471 = CARTESIAN_POINT('',(23.659987934983,-1.812060624401,
    -20.74471736764));
#2472 = CARTESIAN_POINT('',(20.340923406741,-16.6346797954,
    -17.50653959296));
#2473 = CARTESIAN_POINT('',(12.394864794644,-27.45714250587,
    -9.641367734441));
#2474 = CARTESIAN_POINT('',(1.732114092571,-31.62518271165,
    0.940496214066));
#2475 = CARTESIAN_POINT('',(-9.067301899371,-28.09724945998,
    11.65902545244));
#2476 = CARTESIAN_POINT('',(-17.38028552405,-17.70460331719,
    19.891122323558));
#2477 = CARTESIAN_POINT('',(-21.18019219633,-2.955665002099,
    23.610142242265));
#2478 = CARTESIAN_POINT('',(-19.53330574816,12.569387269648,
    21.882369040527));
#2479 = CARTESIAN_POINT('',(-12.83064675474,25.087669295074,
    15.098823293546));
#2480 = CARTESIAN_POINT('',(-2.697586392331,31.535339386147,
    4.884876177563));
#2481 = CARTESIAN_POINT('',(8.397899466206,30.317448260596,
    -6.291496434541));
#2482 = CARTESIAN_POINT('',(17.743926639071,21.702376441672,
    -15.71841036097));
#2483 = CARTESIAN_POINT('',(23.045115705897,7.763337752838,
    -21.10048618136));
#2484 = CARTESIAN_POINT('',(22.983894365171,-8.120474550342,
    -21.12015159421));
#2485 = CARTESIAN_POINT('',(17.545433640371,-22.08308129604,
    -15.76257762297));
#2486 = CARTESIAN_POINT('',(8.026096825509,-30.71266246926,
    -6.324127561682));
#2487 = CARTESIAN_POINT('',(-3.277833069275,-31.88523615025,
    4.898915579535));
#2488 = CARTESIAN_POINT('',(-13.62642090825,-25.287364899,
    15.166616664949));
#2489 = CARTESIAN_POINT('',(-20.50259087053,-12.49926859013,
    21.961899873656));
#2490 = CARTESIAN_POINT('',(-22.2267474746,3.383546223057,
    23.605169724165));
#2491 = CARTESIAN_POINT('',(-18.36942927001,18.499567194525,19.666964766
    ));
#2492 = CARTESIAN_POINT('',(-9.860620762549,29.160106070372,
    11.077269504972));
#2493 = CARTESIAN_POINT('',(1.232047502542,32.749424857079,
    -9.628551368694E-02));
#2494 = CARTESIAN_POINT('',(12.203333845689,28.366508018236,
    -11.1484586104));
#2495 = CARTESIAN_POINT('',(20.367732164409,17.051031725507,
    -19.39374368268));
#2496 = CARTESIAN_POINT('',(23.71440191715,1.536908136376,
    -22.82130018899));
#2497 = CARTESIAN_POINT('',(21.399960948275,-14.40821486264,
    -20.58774597369));
#2498 = CARTESIAN_POINT('',(13.958378157206,-26.89793277903,
    -13.22704993618));
#2499 = CARTESIAN_POINT('',(3.175757156542,-32.87434067936,
    -2.525315689092));
#2500 = CARTESIAN_POINT('',(-8.340671122138,-30.8566842865,
    8.910225836021));
#2501 = CARTESIAN_POINT('',(-17.79534120191,-21.30812833596,
    18.284009162233));
#2502 = CARTESIAN_POINT('',(-22.8853611004,-6.529816560717,
    23.293142307152));
#2503 = CARTESIAN_POINT('',(-22.36381784889,9.893628893485,
    22.690712302071));
#2504 = CARTESIAN_POINT('',(-16.34763718615,23.963594683474,
    16.593644885763));
#2505 = CARTESIAN_POINT('',(-6.293923384756,32.240994242724,
    6.459044330802));
#2506 = CARTESIAN_POINT('',(5.350479490841,32.686904216475,
    -5.266245298364));
#2507 = CARTESIAN_POINT('',(15.742219260198,25.16464475103,
    -15.73887182128));
#2508 = CARTESIAN_POINT('',(22.33309835456,11.480055586293,
    -22.41063766921));
#2509 = CARTESIAN_POINT('',(23.492929248876,-5.052241937322,
    -23.6513553171));
#2510 = CARTESIAN_POINT('',(18.909428583358,-20.41111349741,
    -19.14874140515));
#2511 = CARTESIAN_POINT('',(9.670671194662,-30.84803664283,
    -9.990870770021));
#2512 = CARTESIAN_POINT('',(-1.998356532763,-33.79994716525,
    1.597270203835));
#2513 = CARTESIAN_POINT('',(-13.26840491339,-28.52244551793,
    12.786431830899));
#2514 = CARTESIAN_POINT('',(-21.40497449824,-16.26994144545,
    20.842114662182));
#2515 = CARTESIAN_POINT('',(-23.41002213941,-5.4316476806,
    22.793237800975));
#2516 = CARTESIAN_POINT('',(-23.4369843906,-1.123337585994E-12,
    22.793237800975));
#2517 = CARTESIAN_POINT('',(20.405289270811,-3.825861375422E-14,
    23.289746033691));
#2518 = CARTESIAN_POINT('',(20.351364768432,0.677997971017,
    23.289746033691));
#2519 = CARTESIAN_POINT('',(20.761106916284,2.109488752352,
    22.772154881082));
#2520 = CARTESIAN_POINT('',(22.435086736009,2.464338621618,
    20.936401554223));
#2521 = CARTESIAN_POINT('',(23.567892209443,0.466981862062,
    19.641822573652));
#2522 = CARTESIAN_POINT('',(22.931080092183,-2.178836657472,
    20.116861183779));
#2523 = CARTESIAN_POINT('',(20.886821895047,-2.984610964101,
    21.999345873779));
#2524 = CARTESIAN_POINT('',(19.1967335936,-0.999673066969,
    23.527660668092));
#2525 = CARTESIAN_POINT('',(19.438563370255,2.115633530066,
    23.124057384302));
#2526 = CARTESIAN_POINT('',(21.468058437516,3.47117490238,
    20.932788809906));
#2527 = CARTESIAN_POINT('',(23.412060025015,1.625367507021,
    18.827013715272));
#2528 = CARTESIAN_POINT('',(23.330085511652,-1.910668155062,
    18.7472147215));
#2529 = CARTESIAN_POINT('',(21.069742020214,-3.894008142056,
    20.845784705803));
#2530 = CARTESIAN_POINT('',(18.546434023632,-2.323659490037,
    23.20731919525));
#2531 = CARTESIAN_POINT('',(18.062685897051,1.558206681373,
    23.529293814696));
#2532 = CARTESIAN_POINT('',(20.139514067494,4.225066336764,
    21.290692137118));
#2533 = CARTESIAN_POINT('',(22.900449182661,3.069568749894,
    18.367983514816));
#2534 = CARTESIAN_POINT('',(23.699130872422,-1.05798496813,
    17.407528317921));
#2535 = CARTESIAN_POINT('',(21.582830217221,-4.438589497991,
    19.362055465986));
#2536 = CARTESIAN_POINT('',(18.299339402205,-3.834696202678,
    22.483772773867));
#2537 = CARTESIAN_POINT('',(16.802447682741,0.415602305912,
    23.818890986196));
#2538 = CARTESIAN_POINT('',(18.527843454005,4.51199371505,
    21.931721707798));
#2539 = CARTESIAN_POINT('',(21.951517660622,4.588184332615,
    18.346273994046));
#2540 = CARTESIAN_POINT('',(23.866619553711,0.357445643499,
    16.269398593822));
#2541 = CARTESIAN_POINT('',(22.317882064832,-4.426769540843,
    17.656362575565));
#2542 = CARTESIAN_POINT('',(18.508490950299,-5.297731432209,
    21.303980182964));
#2543 = CARTESIAN_POINT('',(15.826966270437,-1.243953362163,
    23.823731355691));
#2544 = CARTESIAN_POINT('',(16.767759072078,4.169280814831,
    22.721165046916));
#2545 = CARTESIAN_POINT('',(20.543847712609,5.930670661855,
    18.783302899249));
#2546 = CARTESIAN_POINT('',(23.671900588529,2.221386604031,
    15.493476516194));
#2547 = CARTESIAN_POINT('',(23.117530389384,-3.731424404052,
    15.886073208204));
#2548 = CARTESIAN_POINT('',(19.161759480298,-6.455090295742,
    19.680070610155));
#2549 = CARTESIAN_POINT('',(15.282411965568,-3.262441502079,
    23.397644617751));
#2550 = CARTESIAN_POINT('',(15.034757711184,3.111116832104,
    23.483525364999));
#2551 = CARTESIAN_POINT('',(18.723749434204,6.840979855484,
    19.632760134845));
#2552 = CARTESIAN_POINT('',(22.989386761784,4.335733802817,
    15.20534930013));
#2553 = CARTESIAN_POINT('',(23.792626295453,-2.312526302878,
    14.240336259325));
#2554 = CARTESIAN_POINT('',(20.180544798197,-7.061485372984,
    17.690644249447));
#2555 = CARTESIAN_POINT('',(15.265380340868,-5.406383836561,
    22.44403519964));
#2556 = CARTESIAN_POINT('',(13.821617641023,0.220289107585,
    23.75298664354));
#2557 = CARTESIAN_POINT('',(15.057405333077,4.223528024906,
    22.40934994673));
#2558 = CARTESIAN_POINT('',(17.4704134737,6.979915574905,19.888492801349
    ));
#2559 = CARTESIAN_POINT('',(20.880917734481,6.544542153493,
    16.370139535812));
#2560 = CARTESIAN_POINT('',(22.95665257225,3.107963742805,
    14.186555693287));
#2561 = CARTESIAN_POINT('',(23.686417441463,-1.345990207844,
    13.348941819317));
#2562 = CARTESIAN_POINT('',(21.421140167435,-6.916499778349,
    15.479407837399));
#2563 = CARTESIAN_POINT('',(15.820463048223,-7.396273688736,
    20.918311449476));
#2564 = CARTESIAN_POINT('',(12.997494077671,-2.075465986522,
    23.606469164083));
#2565 = CARTESIAN_POINT('',(13.384835325759,2.758588260086,
    23.111278911238));
#2566 = CARTESIAN_POINT('',(15.294709971699,6.801204320749,
    21.093555260541));
#2567 = CARTESIAN_POINT('',(19.942020094168,8.244037113247,
    16.311433882127));
#2568 = CARTESIAN_POINT('',(23.329870932275,3.330180143386,
    12.788771788074));
#2569 = CARTESIAN_POINT('',(23.351647216515,-1.776616550515,
    12.659146499077));
#2570 = CARTESIAN_POINT('',(21.70772541734,-6.399475065578,
    14.195219293494));
#2571 = CARTESIAN_POINT('',(16.926476887032,-8.939808138435,
    18.841656567858));
#2572 = CARTESIAN_POINT('',(11.883152068296,-3.745319049698,
    23.723207879458));
#2573 = CARTESIAN_POINT('',(12.154761388741,3.570103253287,
    23.316787303069));
#2574 = CARTESIAN_POINT('',(14.920633535883,7.273078712998,
    20.44306615117));
#2575 = CARTESIAN_POINT('',(17.663874362429,8.327720565435,
    17.618938571056));
#2576 = CARTESIAN_POINT('',(20.460382892433,7.348947563352,
    14.741543287485));
#2577 = CARTESIAN_POINT('',(22.593627038194,4.545082111887,
    12.527412388155));
#2578 = CARTESIAN_POINT('',(23.511347392855,0.614707133558,
    11.528805279928));
#2579 = CARTESIAN_POINT('',(22.833318561144,-4.971775093918,
    12.098985106881));
#2580 = CARTESIAN_POINT('',(19.335913262859,-8.754323891857,
    15.48854140041));
#2581 = CARTESIAN_POINT('',(15.215444050937,-8.191992208067,
    19.501161607576));
#2582 = CARTESIAN_POINT('',(12.642113250325,-5.811600789864,
    21.99360565462));
#2583 = CARTESIAN_POINT('',(11.160775851549,-1.941908334247,
    23.39405629983));
#2584 = CARTESIAN_POINT('',(11.169788150583,2.438737126667,
    23.304157247227));
#2585 = CARTESIAN_POINT('',(12.660883425524,6.289862662176,
    21.732175218719));
#2586 = CARTESIAN_POINT('',(15.287059985034,8.645932617684,
    19.025111905641));
#2587 = CARTESIAN_POINT('',(18.405082098594,8.916941534022,
    15.826203038514));
#2588 = CARTESIAN_POINT('',(21.24956544633,7.004881874139,
    12.900832937211));
#2589 = CARTESIAN_POINT('',(23.108413195367,3.351909791233,
    10.961098434606));
#2590 = CARTESIAN_POINT('',(23.503865859765,-1.170366159423,
    10.48475901664));
#2591 = CARTESIAN_POINT('',(22.309738432258,-5.464137628641,
    11.59799969058));
#2592 = CARTESIAN_POINT('',(19.78851319555,-8.474347118939,
    14.038338173721));
#2593 = CARTESIAN_POINT('',(16.531121487992,-9.44661208041,
    17.214843127711));
#2594 = CARTESIAN_POINT('',(13.316666312109,-8.116810042296,
    20.348411550027));
#2595 = CARTESIAN_POINT('',(10.923516874506,-4.78168754171,
    22.660674234063));
#2596 = CARTESIAN_POINT('',(9.938555714591,-0.233378075202,
    23.56474864041));
#2597 = CARTESIAN_POINT('',(10.610805402244,4.428726914585,
    22.811612199189));
#2598 = CARTESIAN_POINT('',(12.786194572392,8.063649910537,
    20.555336275473));
#2599 = CARTESIAN_POINT('',(15.940320712207,9.768083907243,
    17.320323382092));
#2600 = CARTESIAN_POINT('',(19.302465292207,9.10076058892,
    13.877292048523));
#2601 = CARTESIAN_POINT('',(22.041517249866,6.196290037679,
    11.057353337298));
#2602 = CARTESIAN_POINT('',(23.468978905822,1.739161832629,
    9.549004927774));
#2603 = CARTESIAN_POINT('',(23.209457606339,-3.197391904547,
    9.72763947369));
#2604 = CARTESIAN_POINT('',(21.296442980084,-7.409791401851,
    11.559767346377));
#2605 = CARTESIAN_POINT('',(18.168982000055,-9.857552140746,
    14.606341572839));
#2606 = CARTESIAN_POINT('',(14.568888268424,-9.920234930045,
    18.125548550903));
#2607 = CARTESIAN_POINT('',(11.36251259502,-7.554460522711,
    21.251037470738));
#2608 = CARTESIAN_POINT('',(9.329889838287,-3.311312100082,
    23.202773473905));
#2609 = CARTESIAN_POINT('',(8.972579368385,1.791776118129,
    23.479197190238));
#2610 = CARTESIAN_POINT('',(10.387530418487,6.514927192937,
    21.983359386569));
#2611 = CARTESIAN_POINT('',(13.238660282533,9.697068543739,
    19.051342768956));
#2612 = CARTESIAN_POINT('',(16.834237328032,10.541325349124,
    15.374878969889));
#2613 = CARTESIAN_POINT('',(20.29230932045,8.814416976145,
    11.835920223905));
#2614 = CARTESIAN_POINT('',(22.75462709371,4.910200148525,9.292715697075
    ));
#2615 = CARTESIAN_POINT('',(23.597175480459,-0.239753317418,
    8.36928055676));
#2616 = CARTESIAN_POINT('',(22.585670846895,-5.388346684,9.299898436756)
  );
#2617 = CARTESIAN_POINT('',(19.937298049094,-9.274943649583,
    11.86738448099));
#2618 = CARTESIAN_POINT('',(16.272513238094,-10.93402481281,
    15.451282538422));
#2619 = CARTESIAN_POINT('',(12.467508282149,-9.934945928507,
    19.1754007408));
#2620 = CARTESIAN_POINT('',(9.442399227385,-6.4932846253,22.119623041997
    ));
#2621 = CARTESIAN_POINT('',(7.936339983869,-1.425085150625,
    23.544795531946));
#2622 = CARTESIAN_POINT('',(8.324524908674,4.046496528016,
    23.075723853573));
#2623 = CARTESIAN_POINT('',(10.522373201096,8.586367265964,
    20.796988807583));
#2624 = CARTESIAN_POINT('',(14.001310125052,11.073263978138,
    17.237165130059));
#2625 = CARTESIAN_POINT('',(17.913473443559,10.876625780901,
    13.244115057985));
#2626 = CARTESIAN_POINT('',(21.295952471249,8.016217448977,
    9.780749276727));
#2627 = CARTESIAN_POINT('',(23.305366470289,3.164156395403,7.69044852412
    ));
#2628 = CARTESIAN_POINT('',(23.425635891756,-2.512814233435,
    7.489292349086));
#2629 = CARTESIAN_POINT('',(21.597768395151,-7.633843294501,
    9.236273092123));
#2630 = CARTESIAN_POINT('',(18.23905436124,-10.93984606771,
    12.514100372467));
#2631 = CARTESIAN_POINT('',(14.145822623841,-11.60303822045,
    16.526445356298));
#2632 = CARTESIAN_POINT('',(10.302373327853,-9.434040962186,
    20.289007898719));
#2633 = CARTESIAN_POINT('',(7.641922148435,-4.934779706072,
    22.868572324569));
#2634 = CARTESIAN_POINT('',(6.817614800389,0.817355096923,
    23.611992919049));
#2635 = CARTESIAN_POINT('',(8.039794884975,6.427430051823,
    22.308926080895));
#2636 = CARTESIAN_POINT('',(11.020048265094,10.521245647337,
    19.247785947208));
#2637 = CARTESIAN_POINT('',(15.03680148116,12.081935430674,
    15.150145977575));
#2638 = CARTESIAN_POINT('',(19.107627403173,10.702443603961,
    10.998433301994));
#2639 = CARTESIAN_POINT('',(22.227128181192,6.691217927546,
    7.798045770408));
#2640 = CARTESIAN_POINT('',(23.61279650747,1.00378231265,6.331490690562)
  );
#2641 = CARTESIAN_POINT('',(22.898733319954,-4.984773723976,
    6.96466712451));
#2642 = CARTESIAN_POINT('',(20.229278812514,-9.812245054735,
    9.553234878383));
#2643 = CARTESIAN_POINT('',(16.228654514121,-12.28632884066,
    13.472972423208));
#2644 = CARTESIAN_POINT('',(11.852843628472,-11.7790403027,
    17.767896555291));
#2645 = CARTESIAN_POINT('',(8.158833324805,-8.385841193553,
    21.38102010539));
#2646 = CARTESIAN_POINT('',(6.04691605791,-2.909221524157,
    23.412050618717));
#2647 = CARTESIAN_POINT('',(6.038877935178,3.330928272875,
    23.339201987883));
#2648 = CARTESIAN_POINT('',(8.14671540071,8.815386059646,21.150477768782
    ));
#2649 = CARTESIAN_POINT('',(11.864876324217,12.195466624367,
    17.351430091708));
#2650 = CARTESIAN_POINT('',(16.289091635444,12.624642309901,
    12.846328026913));
#2651 = CARTESIAN_POINT('',(20.333900811297,9.970383759389,
    8.720632097493));
#2652 = CARTESIAN_POINT('',(22.99655182931,4.853248238022,5.977094325913
    ));
#2653 = CARTESIAN_POINT('',(23.603115624637,-1.497960891878,
    5.289643777018));
#2654 = CARTESIAN_POINT('',(21.976413211077,-7.541218959485,
    6.835459437011));
#2655 = CARTESIAN_POINT('',(18.483934649727,-11.79566950136,
    10.247051244793));
#2656 = CARTESIAN_POINT('',(13.952919808645,-13.20448068403,
    14.697179332308));
#2657 = CARTESIAN_POINT('',(9.472168353263,-11.39726142842,
    19.097044034122));
#2658 = CARTESIAN_POINT('',(6.128049350036,-6.786903745512,
    22.360276283782));
#2659 = CARTESIAN_POINT('',(4.73871667869,-0.475651976386,23.66872220156
    ));
#2660 = CARTESIAN_POINT('',(5.651553766942,6.008336511087,
    22.674998359741));
#2661 = CARTESIAN_POINT('',(8.65398107136,11.080997609786,
    19.591684301755));
#2662 = CARTESIAN_POINT('',(13.020464814197,13.489348093133,
    15.144313805351));
#2663 = CARTESIAN_POINT('',(17.685436911072,12.620914645959,
    10.398454954908));
#2664 = CARTESIAN_POINT('',(21.500931732322,8.659205611921,
    6.502073380091));
#2665 = CARTESIAN_POINT('',(23.516650103837,2.545827155286,
    4.405468255008));
#2666 = CARTESIAN_POINT('',(23.214124987687,-4.243185738734,
    4.627106617591));
#2667 = CARTESIAN_POINT('',(20.637296205186,-10.05372524662,
    7.123048646524));
#2668 = CARTESIAN_POINT('',(16.386646427992,-13.45662503629,
    11.292811670151));
#2669 = CARTESIAN_POINT('',(11.477150070073,-13.59914082026,
    16.121421274502));
#2670 = CARTESIAN_POINT('',(7.093610985595,-10.41846543949,
    20.424073605413));
#2671 = CARTESIAN_POINT('',(4.302359974545,-4.663859170494,
    23.134437862896));
#2672 = CARTESIAN_POINT('',(3.789465754719,2.279656596319,
    23.566445329155));
#2673 = CARTESIAN_POINT('',(5.68972497995,8.724605004166,21.585299350355
    ));
#2674 = CARTESIAN_POINT('',(9.549033656442,13.091158966778,
    17.645103920296));
#2675 = CARTESIAN_POINT('',(14.43047153369,14.294378878374,
    12.682779289482));
#2676 = CARTESIAN_POINT('',(19.139360155899,12.013670164452,
    7.893003913704));
#2677 = CARTESIAN_POINT('',(22.513242691583,6.777564628565,
    4.438234624453));
#2678 = CARTESIAN_POINT('',(23.70640033471,-0.158452542363,
    3.164190227758));
#2679 = CARTESIAN_POINT('',(22.399270835027,-7.112908158679,
    4.390432973874));
#2680 = CARTESIAN_POINT('',(18.880927746679,-12.38596808304,
    7.827889308654));
#2681 = CARTESIAN_POINT('',(13.983401682051,-14.6749095051,
    12.644528619715));
#2682 = CARTESIAN_POINT('',(8.882690416962,-13.39589082492,
    17.664353131237));
#2683 = CARTESIAN_POINT('',(4.814033807063,-8.832559682916,
    21.652122987569));
#2684 = CARTESIAN_POINT('',(2.770387448786,-2.073745850669,
    23.614882592279));
#2685 = CARTESIAN_POINT('',(3.257698066482,5.246233954861,
    23.046685221014));
#2686 = CARTESIAN_POINT('',(6.167286226262,11.342745666164,
    20.056210307668));
#2687 = CARTESIAN_POINT('',(10.797486215137,14.715935950883,
    15.345123565224));
#2688 = CARTESIAN_POINT('',(16.020447164877,14.519681143908,
    10.041275861917));
#2689 = CARTESIAN_POINT('',(20.554465656073,10.773639485706,
    5.426370617154));
#2690 = CARTESIAN_POINT('',(23.276096108167,4.365307249241,
    2.623853411492));
#2691 = CARTESIAN_POINT('',(23.496036296957,-3.160086529625,
    2.323026469134));
#2692 = CARTESIAN_POINT('',(21.131043939009,-9.972145685931,
    4.607132073515));
#2693 = CARTESIAN_POINT('',(16.729032225975,-14.40051270724,
    8.928257032981));
#2694 = CARTESIAN_POINT('',(11.340059556854,-15.34442766234,
    14.236342948535));
#2695 = CARTESIAN_POINT('',(6.263555504726,-12.54622503111,
    19.231960247096));
#2696 = CARTESIAN_POINT('',(2.732624326686,-6.660843329374,
    22.682004671568));
#2697 = CARTESIAN_POINT('',(1.612124256361,0.897224474021,
    23.721617988326));
#2698 = CARTESIAN_POINT('',(3.184444024695,8.293835857114,
    22.068411466424));
#2699 = CARTESIAN_POINT('',(7.076023175584,13.720292688383,
    18.095945561968));
#2700 = CARTESIAN_POINT('',(12.343656191316,15.835613564335,
    12.747425792668));
#2701 = CARTESIAN_POINT('',(17.700698454296,14.097840161979,
    7.30949677612));
#2702 = CARTESIAN_POINT('',(21.828935706984,8.902542374372,
    3.100372769865));
#2703 = CARTESIAN_POINT('',(23.700524315323,1.493205722019,
    1.147897407958));
#2704 = CARTESIAN_POINT('',(22.831377562931,-6.33631026551,
    1.936157406784));
#2705 = CARTESIAN_POINT('',(19.403542767152,-12.67606775147,
    5.283105448995));
#2706 = CARTESIAN_POINT('',(14.225675231535,-15.96595976593,
    10.380086231044));
#2707 = CARTESIAN_POINT('',(8.540065366412,-15.3795798228,
    15.984809342601));
#2708 = CARTESIAN_POINT('',(3.722250703376,-11.03161070019,
    20.721737252068));
#2709 = CARTESIAN_POINT('',(0.945844044064,-3.956735027115,
    23.417257157814));
#2710 = CARTESIAN_POINT('',(0.894247645583,4.136459952327,
    23.387966802727));
#2711 = CARTESIAN_POINT('',(3.590061875779,11.278082339253,
    20.611265818964));
#2712 = CARTESIAN_POINT('',(8.384744859441,15.716409270765,
    15.735696081734));
#2713 = CARTESIAN_POINT('',(14.11221768836,16.347529958116,
    9.927336499247));
#2714 = CARTESIAN_POINT('',(19.370061946148,12.989786265712,
    4.588605487892));
#2715 = CARTESIAN_POINT('',(22.860505158498,6.434812982412,
    1.017275521973));
#2716 = CARTESIAN_POINT('',(23.708286697917,-1.738906283212,
    8.860722898766E-02));
#2717 = CARTESIAN_POINT('',(21.677551758456,-9.546105618202,
    2.038455414881));
#2718 = CARTESIAN_POINT('',(17.234043116844,-15.07692418221,
    6.401077302926));
#2719 = CARTESIAN_POINT('',(11.436288792113,-16.96409981277,
    12.117944874089));
#2720 = CARTESIAN_POINT('',(5.681163364729,-14.720886057,17.792183547906
    ));
#2721 = CARTESIAN_POINT('',(1.364972859121,-8.866196293201,
    22.027487299947));
#2722 = CARTESIAN_POINT('',(-0.457708713265,-0.804891631926,
    23.769282118765));
#2723 = CARTESIAN_POINT('',(0.6659050304,7.509253577608,22.564781621533)
  );
#2724 = CARTESIAN_POINT('',(4.471983295576,14.047069030682,
    18.677816602789));
#2725 = CARTESIAN_POINT('',(10.039548798706,17.199228797147,
    13.029364346092));
#2726 = CARTESIAN_POINT('',(16.01092845563,16.172347030502,6.9770979356)
  );
#2727 = CARTESIAN_POINT('',(20.920430506176,11.188452030392,
    1.986709131487));
#2728 = CARTESIAN_POINT('',(23.551681369874,3.437737930625,
    -0.725428485779));
#2729 = CARTESIAN_POINT('',(23.236503472185,-5.20555899619,
    -0.491137341658));
#2730 = CARTESIAN_POINT('',(20.021902724642,-12.63635912746,
    2.642576652319));
#2731 = CARTESIAN_POINT('',(14.66346153853,-17.03143251788,
    7.920131084863));
#2732 = CARTESIAN_POINT('',(8.445569040399,-17.29671962329,
    14.057136829427));
#2733 = CARTESIAN_POINT('',(2.871237186586,-13.33953876169,
    19.550581929672));
#2734 = CARTESIAN_POINT('',(-0.703591399352,-6.097985928271,
    23.044523762043));
#2735 = CARTESIAN_POINT('',(-1.402268695743,2.681293811139,
    23.662314304866));
#2736 = CARTESIAN_POINT('',(0.955196650181,10.864358375644,
    21.223962205374));
#2737 = CARTESIAN_POINT('',(5.803516409125,16.448655997315,
    16.294755692863));
#2738 = CARTESIAN_POINT('',(11.965245131904,18.053073129476,
    10.052140216517));
#2739 = CARTESIAN_POINT('',(17.934333337463,15.259426010544,
    4.00216525739));
#2740 = CARTESIAN_POINT('',(22.241833779209,8.720980077701,
    -0.386221937923));
#2741 = CARTESIAN_POINT('',(23.814958679406,9.944932298035E-03,
    -2.040233591688));
#2742 = CARTESIAN_POINT('',(22.241724592785,-8.760517213945,
    -0.547886258635));
#2743 = CARTESIAN_POINT('',(17.875911682175,-15.44890643881,
    3.737039898408));
#2744 = CARTESIAN_POINT('',(11.755650775972,-18.40827360923,
    9.776414051044));
#2745 = CARTESIAN_POINT('',(5.354311011102,-16.89171050194,
    16.096867062346));
#2746 = CARTESIAN_POINT('',(0.223453526969,-11.24062026168,
    21.146837792912));
#2747 = CARTESIAN_POINT('',(-2.385626221125,-2.808367887777,
    23.675030787439));
#2748 = CARTESIAN_POINT('',(-1.829454364159,6.36374798737,
    23.037972176905));
#2749 = CARTESIAN_POINT('',(1.766554163776,14.040643045004,
    19.361076895403));
#2750 = CARTESIAN_POINT('',(7.533802762111,18.338097426748,13.5129415435
    ));
#2751 = CARTESIAN_POINT('',(14.0679102627,18.185186766803,6.897947289343
    ));
#2752 = CARTESIAN_POINT('',(19.768295684657,13.591010721871,
    1.116675113819));
#2753 = CARTESIAN_POINT('',(23.227841241244,5.64932115473,
    -2.423757196336));
#2754 = CARTESIAN_POINT('',(23.577769766146,-3.721741862648,
    -2.854572474805));
#2755 = CARTESIAN_POINT('',(20.703212986777,-12.24290723947,
    -6.090244900373E-02));
#2756 = CARTESIAN_POINT('',(15.276001618785,-17.82814695852,
    5.285422165421));
#2757 = CARTESIAN_POINT('',(8.595520453963,-19.09532988146,
    11.885016576676));
#2758 = CARTESIAN_POINT('',(2.275298708697,-15.70815283298,
    18.124351568375));
#2759 = CARTESIAN_POINT('',(-2.149076620634,-8.46477949252,
    22.467840144138));
#2760 = CARTESIAN_POINT('',(-3.595447807501,0.890038261837,
    23.833324577438));
#2761 = CARTESIAN_POINT('',(-1.702160461375,10.085183041249,
    21.859150477744));
#2762 = CARTESIAN_POINT('',(3.079176028018,16.87453940422,
    16.996927234784));
#2763 = CARTESIAN_POINT('',(9.588971577808,19.585649432074,
    10.406244931425));
#2764 = CARTESIAN_POINT('',(16.238484994406,17.531638838028,
    3.67584476126));
#2765 = CARTESIAN_POINT('',(21.395163924962,11.184970527115,
    -1.561720922863));
#2766 = CARTESIAN_POINT('',(23.781034322326,2.069135503481,
    -4.028478073794));
#2767 = CARTESIAN_POINT('',(22.786921685051,-7.606984137434,
    -3.115252190087));
#2768 = CARTESIAN_POINT('',(18.625253026394,-15.48434486956,
    0.965529715002));
#2769 = CARTESIAN_POINT('',(12.283145413348,-19.62887619839,
    7.226750574482));
#2770 = CARTESIAN_POINT('',(5.286032825656,-19.00630264214,
    14.142976408606));
#2771 = CARTESIAN_POINT('',(-0.671582400867,-13.74009126912,
    20.019704881562));
#2772 = CARTESIAN_POINT('',(-4.138875411304,-5.088230329479,
    23.406111138431));
#2773 = CARTESIAN_POINT('',(-4.264405638477,4.857171224169,
    23.450754612037));
#2774 = CARTESIAN_POINT('',(-1.007578634514,13.675755855071,
    20.113040854506));
#2775 = CARTESIAN_POINT('',(4.84663416041,19.207946507432,
    14.177941306015));
#2776 = CARTESIAN_POINT('',(11.874478150834,20.083783863935,
    7.069210562023));
#2777 = CARTESIAN_POINT('',(18.357279325244,16.062074974645,
    0.505522634045));
#2778 = CARTESIAN_POINT('',(22.699344322374,8.095917190278,
    -3.917429116652));
#2779 = CARTESIAN_POINT('',(23.818283423609,-1.893010261025,
    -5.117254971455));
#2780 = CARTESIAN_POINT('',(21.412281868619,-11.47797683342,
    -2.792140170032));
#2781 = CARTESIAN_POINT('',(16.038336584415,-18.3167536416,
    2.500918360605));
#2782 = CARTESIAN_POINT('',(8.981253451737,-20.72396258268,
    9.477114739715));
#2783 = CARTESIAN_POINT('',(1.944178933218,-18.08636411377,
    16.433302504667));
#2784 = CARTESIAN_POINT('',(-3.364801083583,-11.01876958812,
    21.661395767901));
#2785 = CARTESIAN_POINT('',(-5.64965196156,-1.221010772922,
    23.865359892311));
#2786 = CARTESIAN_POINT('',(-4.345172583986,8.930829573084,
    22.479993761169));
#2787 = CARTESIAN_POINT('',(0.240832156484,16.960641003149,
    17.813102267131));
#2788 = CARTESIAN_POINT('',(6.997713514873,20.896224584587,
    10.975334155174));
#2789 = CARTESIAN_POINT('',(14.278556034726,19.75364404241,
    3.613604881754));
#2790 = CARTESIAN_POINT('',(20.299198562932,13.783046959506,
    -2.48792440002));
#2791 = CARTESIAN_POINT('',(23.573024773468,4.414582403363,
    -5.842637364123));
#2792 = CARTESIAN_POINT('',(23.275567252182,-6.084077094571,
    -5.626066596405));
#2793 = CARTESIAN_POINT('',(19.449508423836,-15.15661781408,
    -1.880894521626));
#2794 = CARTESIAN_POINT('',(12.999128420559,-20.58052036154,
    4.488598728083));
#2795 = CARTESIAN_POINT('',(5.474374195555,-21.01149195138,
    11.93246619952));
#2796 = CARTESIAN_POINT('',(-1.303907577576,-16.31653591383,
    18.629861219084));
#2797 = CARTESIAN_POINT('',(-5.68696147593,-7.613161107678,
    22.932028363871));
#2798 = CARTESIAN_POINT('',(-6.60156359615,2.99647644624,23.765743730523
    ));
#2799 = CARTESIAN_POINT('',(-3.815194621153,12.933284826607,
    20.898488001958));
#2800 = CARTESIAN_POINT('',(2.00255880794,19.768185582023,
    14.999847819299));
#2801 = CARTESIAN_POINT('',(9.438489146513,21.815896813982,
    7.483030727157));
#2802 = CARTESIAN_POINT('',(16.676657427954,18.550403720868,
    0.163975692149));
#2803 = CARTESIAN_POINT('',(21.939465500811,10.739707843718,
    -5.179719134275));
#2804 = CARTESIAN_POINT('',(23.921779710894,0.265422327461,
    -7.242920097926));
#2805 = CARTESIAN_POINT('',(22.112085918964,-10.33046467154,
    -5.514113059564));
#2806 = CARTESIAN_POINT('',(16.921658489126,-18.46249613879,
    -0.404572383293));
#2807 = CARTESIAN_POINT('',(9.589167881651,-22.13260835978,
    6.847031470615));
#2808 = CARTESIAN_POINT('',(1.882798696622,-20.42101712286,
    14.472513902076));
#2809 = CARTESIAN_POINT('',(-4.328496005318,-13.71653714575,
    20.60292185045));
#2810 = CARTESIAN_POINT('',(-7.530644197228,-3.628706767066,
    23.724183288792));
#2811 = CARTESIAN_POINT('',(-6.935921483298,7.398538906911,
    23.048573821295));
#2812 = CARTESIAN_POINT('',(-2.679103989894,16.678937061549,
    18.710869574322));
#2813 = CARTESIAN_POINT('',(4.210511910311,21.93827653197,11.74036692055
    ));
#2814 = CARTESIAN_POINT('',(12.055586675849,21.871679382261,
    3.814405401445));
#2815 = CARTESIAN_POINT('',(18.93670546107,16.467232542475,
    -3.147600137344));
#2816 = CARTESIAN_POINT('',(23.159583089871,7.015731467738,
    -7.451364519713));
#2817 = CARTESIAN_POINT('',(23.669783727368,-4.197501359385,
    -8.042451910777));
#2818 = CARTESIAN_POINT('',(20.31344528857,-14.44517141924,
    -4.767000225547));
#2819 = CARTESIAN_POINT('',(13.879556630823,-21.22134736814,
    1.586001678633));
#2820 = CARTESIAN_POINT('',(5.912322515046,-22.85423951107,
    9.472349040843));
#2821 = CARTESIAN_POINT('',(-1.661785267856,-18.9185813771,
    16.965570070177));
#2822 = CARTESIAN_POINT('',(-7.002223170419,-10.34591002907,
    22.225121219173));
#2823 = CARTESIAN_POINT('',(-8.804031123527,0.795744788156,
    23.946042418714));
#2824 = CARTESIAN_POINT('',(-6.619095980974,11.800702664756,
    21.680220522592));
#2825 = CARTESIAN_POINT('',(-0.969942748548,19.982686686811,
    15.9501805366));
#2826 = CARTESIAN_POINT('',(6.772791973872,23.330529858349,
    8.126559060611));
#2827 = CARTESIAN_POINT('',(14.720514472513,21.002480578263,
    9.794980840352E-02));
#2828 = CARTESIAN_POINT('',(20.92493838105,13.537628142375,
    -6.187360853702));
#2829 = CARTESIAN_POINT('',(23.853262944778,2.731394948284,
    -9.196572170997));
#2830 = CARTESIAN_POINT('',(22.764371766434,-8.796231515058,
    -8.18856774622));
#2831 = CARTESIAN_POINT('',(17.893727177428,-18.23590924042,
    -3.398809910782));
#2832 = CARTESIAN_POINT('',(10.400860200927,-23.27359162263,
    4.013170312152));
#2833 = CARTESIAN_POINT('',(2.091068549566,-22.65776460043,
    12.242075209946));
#2834 = CARTESIAN_POINT('',(-5.021894523432,-16.51023249196,
    19.274151529376));
#2835 = CARTESIAN_POINT('',(-9.206209636222,-6.303306363738,
    23.377579888599));
#2836 = CARTESIAN_POINT('',(-9.436039309315,5.492716224802,
    23.526522808124));
#2837 = CARTESIAN_POINT('',(-5.645407276668,16.007397967069,
    19.65500402191));
#2838 = CARTESIAN_POINT('',(1.25090494681,22.668652341213,
    12.677805044864));
#2839 = CARTESIAN_POINT('',(9.575707836495,23.831907656374,
    4.272115401611));
#2840 = CARTESIAN_POINT('',(17.294902048495,19.186047237981,
    -3.527965563956));
#2841 = CARTESIAN_POINT('',(22.512091084647,9.835944568287,
    -8.826041353675));
#2842 = CARTESIAN_POINT('',(23.932038255391,-1.960152804342,
    -10.32687527798));
#2843 = CARTESIAN_POINT('',(21.179706443074,-13.33600547194,
    -7.655430219238));
#2844 = CARTESIAN_POINT('',(14.896306686464,-21.51382489255,
    -1.452917216195));
#2845 = CARTESIAN_POINT('',(6.587817851875,-24.4825544976,6.774684864827
    ));
#2846 = CARTESIAN_POINT('',(-1.738269434309,-21.492368104,
    15.019885397444));
#2847 = CARTESIAN_POINT('',(-8.060370961754,-13.24380614683,
    21.261100171321));
#2848 = CARTESIAN_POINT('',(-10.83604489883,-1.723900840548,
    23.955887354831));
#2849 = CARTESIAN_POINT('',(-9.380704166603,10.272437715196,
    22.419659869035));
#2850 = CARTESIAN_POINT('',(-4.038827911769,19.820503912221,
    16.996896860633));
#2851 = CARTESIAN_POINT('',(3.895116115229,24.578837333019,
    8.982066080069));
#2852 = CARTESIAN_POINT('',(12.487951279338,23.363383578045,
    0.308344162391));
#2853 = CARTESIAN_POINT('',(19.636431643227,16.441990344484,
    -6.921022955065));
#2854 = CARTESIAN_POINT('',(23.579635858285,5.476025904482,
    -10.94511392369));
#2855 = CARTESIAN_POINT('',(23.330285813564,-6.878327882986,
    -10.77665063253));
#2856 = CARTESIAN_POINT('',(18.919347478229,-17.61344261948,
    -6.44659905077));
#2857 = CARTESIAN_POINT('',(11.393332282144,-24.10244094495,
    0.998529391749));
#2858 = CARTESIAN_POINT('',(2.563778373298,-24.7419734851,9.747196547027
    ));
#2859 = CARTESIAN_POINT('',(-5.431134626358,-19.34829704766,
    17.661222793117));
#2860 = CARTESIAN_POINT('',(-10.6467533022,-9.208831549714,
    22.795954715395));
#2861 = CARTESIAN_POINT('',(-11.80735630144,3.225016373817,
    23.875670961068));
#2862 = CARTESIAN_POINT('',(-8.620579062267,14.930500716333,
    20.608006968323));
#2863 = CARTESIAN_POINT('',(-1.85337388418,23.048383575237,
    13.759915036668));
#2864 = CARTESIAN_POINT('',(6.850151121621,25.581337207483,4.9755032773)
  );
#2865 = CARTESIAN_POINT('',(15.36577501504,21.885310071875,
    -3.621007369688));
#2866 = CARTESIAN_POINT('',(21.605211117339,12.832988874943,
    -9.941330225554));
#2867 = CARTESIAN_POINT('',(24.025792858989,0.607939459078,
    -12.44279872077));
#2868 = CARTESIAN_POINT('',(22.009400905755,-11.82206206837,
    -10.5072935211));
#2869 = CARTESIAN_POINT('',(16.017563029692,-21.42548758948,
    -4.596342398609));
#2870 = CARTESIAN_POINT('',(7.483843875796,-25.84640708572,
    3.856490001719));
#2871 = CARTESIAN_POINT('',(-1.531433081788,-23.98241354548,
    12.790880205736));
#2872 = CARTESIAN_POINT('',(-8.840979376206,-16.25936267833,
    20.019539746587));
#2873 = CARTESIAN_POINT('',(-12.66361237091,-4.534494904529,
    23.761285987729));
#2874 = CARTESIAN_POINT('',(-12.06068697516,8.3501291137,23.077473838408
    ));
#2875 = CARTESIAN_POINT('',(-7.168957004469,19.256521141089,
    18.104857114147));
#2876 = CARTESIAN_POINT('',(0.827881878947,25.515006969883,
    10.027131477164));
#2877 = CARTESIAN_POINT('',(9.983216347468,25.577689753789,
    0.790910255075));
#2878 = CARTESIAN_POINT('',(18.058969928709,19.401190269594,
    -7.365730079734));
#2879 = CARTESIAN_POINT('',(23.070308019119,8.464049296143,
    -12.45795492371));
#2880 = CARTESIAN_POINT('',(23.771022606861,-4.587109166021,
    -13.23955626502));
#2881 = CARTESIAN_POINT('',(19.960900176614,-16.57799987854,
    -9.51032058834));
#2882 = CARTESIAN_POINT('',(12.539276054316,-24.57872141562,
    -2.169583219611));
#2883 = CARTESIAN_POINT('',(3.290566482808,-26.6196486874,6.998239598331
    ));
#2884 = CARTESIAN_POINT('',(-5.547098243333,-22.17625435341,
    15.755017570904));
#2885 = CARTESIAN_POINT('',(-11.82586525193,-12.30353587191,
    21.952897825939));
#2886 = CARTESIAN_POINT('',(-14.01255490457,0.614315776804,
    24.058700725008));
#2887 = CARTESIAN_POINT('',(-11.5654315769,13.439645986458,
    21.530690643778));
#2888 = CARTESIAN_POINT('',(-5.070768550162,23.043447513672,
    14.955140863463));
#2889 = CARTESIAN_POINT('',(3.89517824834,27.068742699549,5.908307311393
    ));
#2890 = CARTESIAN_POINT('',(13.146329210202,24.508996056027,
    -3.423730404035));
#2891 = CARTESIAN_POINT('',(20.417394211673,15.959621898944,
    -10.77568215907));
#2892 = CARTESIAN_POINT('',(23.916148573678,3.479784107187,
    -14.35532327464));
#2893 = CARTESIAN_POINT('',(22.762727765561,-9.903510321594,
    -13.28278922009));
#2894 = CARTESIAN_POINT('',(17.208270079079,-20.92960865874,
    -7.809218287183));
#2895 = CARTESIAN_POINT('',(8.578598497832,-26.89862406069,
    0.739566540497));
#2896 = CARTESIAN_POINT('',(-1.044520714504,-26.33251454491,
    10.281798999266));
#2897 = CARTESIAN_POINT('',(-9.32792571027,-19.34096713947,
    18.484317241464));
#2898 = CARTESIAN_POINT('',(-14.25513038268,-7.60153950621,
    23.330635160312));
#2899 = CARTESIAN_POINT('',(-14.61960702018,6.042771893335,
    23.614225044248));
#2900 = CARTESIAN_POINT('',(-10.32261420497,18.272017535721,
    19.236345475462));
#2901 = CARTESIAN_POINT('',(-2.402066491088,26.097108718724,
    11.234911008013));
#2902 = CARTESIAN_POINT('',(7.215757919028,27.590401411425,
    1.536199844328));
#2903 = CARTESIAN_POINT('',(16.182292384334,22.36048622627,
    -7.511221374545));
#2904 = CARTESIAN_POINT('',(22.297773981625,11.65425746445,
    -13.7075897254));
#2905 = CARTESIAN_POINT('',(24.048482375575,-1.940237230922,
    -15.53918487292));
#2906 = CARTESIAN_POINT('',(20.978919377364,-15.11938404018,
    -12.55050862827));
#2907 = CARTESIAN_POINT('',(13.80743050792,-24.66681610959,
    -5.459906512401));
#2908 = CARTESIAN_POINT('',(4.255969504987,-28.23836102868,
    4.010667736964));
#2909 = CARTESIAN_POINT('',(-5.3656807579,-24.93755931405,
    13.551431246285));
#2910 = CARTESIAN_POINT('',(-12.72084422622,-15.54046881066,
    20.825707961046));
#2911 = CARTESIAN_POINT('',(-16.01582058297,-2.31342993221,
    24.039797564222));
#2912 = CARTESIAN_POINT('',(-14.43970799303,11.533472553571,
    22.382798220719));
#2913 = CARTESIAN_POINT('',(-8.366339278449,22.625462272194,
    16.228542752563));
#2914 = CARTESIAN_POINT('',(0.73193011946,28.245572408406,7.049386601088
    ));
#2915 = CARTESIAN_POINT('',(10.638761375442,27.00013553243,
    -2.938331408463));
#2916 = CARTESIAN_POINT('',(18.931336445428,19.164264586471,
    -11.31179323201));
#2917 = CARTESIAN_POINT('',(23.570473862028,6.621710947267,
    -16.03181740218));
#2918 = CARTESIAN_POINT('',(23.399624173647,-7.587921749485,
    -15.94185446737));
#2919 = CARTESIAN_POINT('',(18.430642519466,-20.00579163224,
    -11.05375956675));
#2920 = CARTESIAN_POINT('',(9.845742521312,-27.59575357595,
    -2.54974632217));
#2921 = CARTESIAN_POINT('',(-0.286021817705,-28.48667530335,
    7.50113126328));
#2922 = CARTESIAN_POINT('',(-9.509767978241,-22.43364730117,
    16.643990670248));
#2923 = CARTESIAN_POINT('',(-15.58197600397,-10.8844223229,
    22.635311942415));
#2924 = CARTESIAN_POINT('',(-17.01858214592,3.366748699205,
    23.991031330796));
#2925 = CARTESIAN_POINT('',(-13.46007727298,16.855141444416,
    20.35163970429));
#2926 = CARTESIAN_POINT('',(-5.763801511093,26.287896045564,
    12.57447718883));
#2927 = CARTESIAN_POINT('',(4.200195135283,29.34788048828,2.529593788886
    ));
#2928 = CARTESIAN_POINT('',(14.001142837772,25.262839698147,
    -7.35224066717));
#2929 = CARTESIAN_POINT('',(21.238152214995,15.000043887811,
    -14.67013679796));
#2930 = CARTESIAN_POINT('',(24.125928026774,1.037432744344,
    -17.6387993633));
#2931 = CARTESIAN_POINT('',(21.93270815146,-13.23464181319,
    -15.52646624156));
#2932 = CARTESIAN_POINT('',(15.16300652851,-24.33664446344,
    -8.837651372178));
#2933 = CARTESIAN_POINT('',(5.439553172472,-29.5481655481,0.804915230292
    ));
#2934 = CARTESIAN_POINT('',(-4.887986161241,-27.57449363397,
    11.051567810439));
#2935 = CARTESIAN_POINT('',(-13.31317155442,-18.86813097159,
    19.395866450058));
#2936 = CARTESIAN_POINT('',(-17.78347959002,-5.525441684134,
    23.785287732084));
#2937 = CARTESIAN_POINT('',(-17.2027293351,9.218063236473,23.1236507236)
  );
#2938 = CARTESIAN_POINT('',(-11.70226157812,21.772304724916,
    17.542296213049));
#2939 = CARTESIAN_POINT('',(-2.613803095985,29.066828349996,
    8.372950977346));
#2940 = CARTESIAN_POINT('',(7.85055528525,29.301743004046,
    -2.172294157457));
#2941 = CARTESIAN_POINT('',(17.134376234187,22.391753410036,
    -11.53700185996));
#2942 = CARTESIAN_POINT('',(22.959007766428,9.993763606559,
    -17.44252014577));
#2943 = CARTESIAN_POINT('',(23.880428065096,-4.890332508216,
    -18.444827198));
#2944 = CARTESIAN_POINT('',(19.644726752213,-18.64047267224,
    -14.29001263869));
#2945 = CARTESIAN_POINT('',(11.254723474981,-27.89888582641,
    -5.980896115026));
#2946 = CARTESIAN_POINT('',(0.730336618147,-30.39004738701,
    4.462603988241));
#2947 = CARTESIAN_POINT('',(-9.380055782603,-25.47990241209,
    14.492109635424));
#2948 = CARTESIAN_POINT('',(-16.61906046055,-14.3369372072,
    21.650227559804));
#2949 = CARTESIAN_POINT('',(-19.21994808376,0.345746356952,
    24.170228429449));
#2950 = CARTESIAN_POINT('',(-16.54022813449,15.001284633733,
    21.409621726613));
#2951 = CARTESIAN_POINT('',(-9.222722722612,26.055547237656,
    14.011229561163));
#2952 = CARTESIAN_POINT('',(0.956207794125,30.798777182788,
    3.751412290859));
#2953 = CARTESIAN_POINT('',(11.515486506042,28.049805977215,
    -6.888753174627));
#2954 = CARTESIAN_POINT('',(19.871676338687,18.450039595414,
    -15.32582976083));
#2955 = CARTESIAN_POINT('',(23.968631812733,4.314079832246,
    -19.50367198845));
#2956 = CARTESIAN_POINT('',(22.780983742457,-10.92830035236,
    -18.39691067174));
#2957 = CARTESIAN_POINT('',(16.568174015846,-23.56430614241,
    -12.2649876987));
#2958 = CARTESIAN_POINT('',(6.816123017217,-30.50249640457,
    -2.593823453639));
#2959 = CARTESIAN_POINT('',(-4.120444085961,-30.0290946544,
    8.261856895972));
#2960 = CARTESIAN_POINT('',(-13.58892768948,-22.23121139832,
    17.649453745925));
#2961 = CARTESIAN_POINT('',(-19.28461405751,-8.982483668957,
    23.264253360391));
#2962 = CARTESIAN_POINT('',(-19.81405891916,6.507038046942,
    23.712811468474));
#2963 = CARTESIAN_POINT('',(-15.03837876141,20.468641146287,
    18.856244557152));
#2964 = CARTESIAN_POINT('',(-6.111888374648,29.491905844985,
    9.848867416822));
#2965 = CARTESIAN_POINT('',(4.794495967678,31.357761987516,
    -1.138403679072));
#2966 = CARTESIAN_POINT('',(15.018825914293,25.584161199454,
    -11.44362037925));
#2967 = CARTESIAN_POINT('',(22.055428540682,13.550197008071,
    -18.56110975921));
#2968 = CARTESIAN_POINT('',(24.166545934306,-1.83319022203,
    -20.7531139064));
#2969 = CARTESIAN_POINT('',(20.809005762785,-16.82732486767,
    -17.47646048844));
#2970 = CARTESIAN_POINT('',(12.771170699769,-27.77441692623,
    -9.519512179001));
#2971 = CARTESIAN_POINT('',(1.985679372207,-31.98986795357,
    1.185092394995));
#2972 = CARTESIAN_POINT('',(-8.937568698778,-28.42058810963,
    12.027453712411));
#2973 = CARTESIAN_POINT('',(-17.34533749611,-17.90790093059,
    20.354335756183));
#2974 = CARTESIAN_POINT('',(-21.18791353625,-2.989442827915,
    24.116025042754));
#2975 = CARTESIAN_POINT('',(-19.521195743,12.713350108276,
    22.368420495938));
#2976 = CARTESIAN_POINT('',(-12.74103126171,25.374334996293,
    15.507369261084));
#2977 = CARTESIAN_POINT('',(-2.491654622212,31.894939000323,
    5.177105868008));
#2978 = CARTESIAN_POINT('',(8.730649145163,30.662462118429,
    -6.126084652934));
#2979 = CARTESIAN_POINT('',(18.1831308048,21.948834768028,
    -15.65945306613));
#2980 = CARTESIAN_POINT('',(23.544501950029,7.851257304219,
    -21.10171096493));
#2981 = CARTESIAN_POINT('',(23.482543112345,-8.212491711414,
    -21.12063888081));
#2982 = CARTESIAN_POINT('',(17.982604807881,-22.33263995225,
    -15.70158732992));
#2983 = CARTESIAN_POINT('',(8.356012797875,-31.05902481611,
    -6.155882073484));
#2984 = CARTESIAN_POINT('',(-3.074846044124,-32.24410421617,
    5.194090014949));
#2985 = CARTESIAN_POINT('',(-13.53914450396,-25.57139705954,
    15.577501721223));
#2986 = CARTESIAN_POINT('',(-20.49164500841,-12.63933684912,
    22.4491154721));
#2987 = CARTESIAN_POINT('',(-22.23417468171,3.421531801328,
    24.11075839184));
#2988 = CARTESIAN_POINT('',(-18.33280041969,18.706361646598,
    20.128497376252));
#2989 = CARTESIAN_POINT('',(-9.728229130073,29.48537958147,
    11.44303933306));
#2990 = CARTESIAN_POINT('',(1.488601812139,33.114012074523,0.14532163728
    ));
#2991 = CARTESIAN_POINT('',(12.582231906026,28.681675386294,
    -11.02919521017));
#2992 = CARTESIAN_POINT('',(20.837378920091,17.240073532335,
    -19.3652289778));
#2993 = CARTESIAN_POINT('',(24.221115815234,1.553815224257,
    -22.82985262651));
#2994 = CARTESIAN_POINT('',(21.881039003217,-14.56755736111,
    -20.57066256806));
#2995 = CARTESIAN_POINT('',(14.357356655531,-27.19474393645,
    -13.12786697394));
#2996 = CARTESIAN_POINT('',(3.456153850429,-33.23638235581,
    -2.307550922414));
#2997 = CARTESIAN_POINT('',(-8.18647794381,-31.19584242417,
    9.254194118258));
#2998 = CARTESIAN_POINT('',(-17.74425771518,-21.54185840034,
    18.73108713606));
#2999 = CARTESIAN_POINT('',(-22.88919857843,-6.601232991108,
    23.795141245749));
#3000 = CARTESIAN_POINT('',(-22.3610208065,10.001907239836,
    23.186076720254));
#3001 = CARTESIAN_POINT('',(-16.27826494007,24.225215401051,
    17.022434100251));
#3002 = CARTESIAN_POINT('',(-6.114238219789,32.592282958222,6.7775206264
    ));
#3003 = CARTESIAN_POINT('',(5.657366926571,33.042365661969,
    -5.074971273529));
#3004 = CARTESIAN_POINT('',(16.162240300791,25.437763221863,
    -15.66073140131));
#3005 = CARTESIAN_POINT('',(22.824648678535,11.604365286411,
    -22.40402653262));
#3006 = CARTESIAN_POINT('',(23.996997751505,-5.10700697303,
    -23.65726235916));
#3007 = CARTESIAN_POINT('',(19.363953553482,-20.63160305042,
    -19.1051049147));
#3008 = CARTESIAN_POINT('',(10.02565627662,-31.18062831565,
    -9.847694391415));
#3009 = CARTESIAN_POINT('',(-1.768695601936,-34.16361770886,
    1.865770733574));
#3010 = CARTESIAN_POINT('',(-13.15932422095,-28.82883146479,
    13.175512599021));
#3011 = CARTESIAN_POINT('',(-21.38243532081,-16.44418059486,
    21.317736945313));
#3012 = CARTESIAN_POINT('',(-23.40836891156,-5.489974394163,
    23.289746033691));
#3013 = CARTESIAN_POINT('',(-23.43533116275,-1.135010163939E-12,
    23.289746033691));
#3014 = CARTESIAN_POINT('',(20.79250313939,-3.830603377669E-14,
    23.600873638026));
#3015 = CARTESIAN_POINT('',(20.738578637012,0.65950984437,
    23.600873638026));
#3016 = CARTESIAN_POINT('',(21.134730197937,2.056583177732,
    23.096873072344));
#3017 = CARTESIAN_POINT('',(22.765774430629,2.406133864421,
    21.304055332517));
#3018 = CARTESIAN_POINT('',(23.872629027491,0.457558258002,
    20.035427228519));
#3019 = CARTESIAN_POINT('',(23.250448270817,-2.131293818695,
    20.495834478059));
#3020 = CARTESIAN_POINT('',(21.248092201934,-2.923344862151,
    22.336417039806));
#3021 = CARTESIAN_POINT('',(19.588831581647,-0.980817250025,
    23.83390415296));
#3022 = CARTESIAN_POINT('',(19.822247433809,2.07490215746,
    23.438714793662));
#3023 = CARTESIAN_POINT('',(21.811770066279,3.408063361356,
    21.287418654058));
#3024 = CARTESIAN_POINT('',(23.720792194581,1.597595602149,
    19.21662301862));
#3025 = CARTESIAN_POINT('',(23.640809830722,-1.877718190895,
    19.134831875344));
#3026 = CARTESIAN_POINT('',(21.417610132136,-3.830457170441,
    21.196258066796));
#3027 = CARTESIAN_POINT('',(18.932636640784,-2.287614095911,
    23.519458051013));
#3028 = CARTESIAN_POINT('',(18.453365308243,1.533791966081,
    23.836955876419));
#3029 = CARTESIAN_POINT('',(20.496719263562,4.16251289062,
    21.631828413965));
#3030 = CARTESIAN_POINT('',(23.216834382673,3.026068904917,
    18.749939787719));
#3031 = CARTESIAN_POINT('',(24.004671519252,-1.042659976725,
    17.800329144005));
#3032 = CARTESIAN_POINT('',(21.91741684419,-4.378451036312,
    19.725810311932));
#3033 = CARTESIAN_POINT('',(18.676306097709,-3.78472827763,
    22.805147551278));
#3034 = CARTESIAN_POINT('',(17.196380903913,0.409714587699,
    24.123299237939));
#3035 = CARTESIAN_POINT('',(18.897817338999,4.455633415296,
    22.260089295718));
#3036 = CARTESIAN_POINT('',(22.278512117789,4.532881075607,
    18.717621009793));
#3037 = CARTESIAN_POINT('',(24.170910111432,0.353762599787,
    16.663449509015));
#3038 = CARTESIAN_POINT('',(22.640502198039,-4.375465004276,
    18.032083915273));
#3039 = CARTESIAN_POINT('',(18.873715572182,-5.238346498034,
    21.637097033995));
#3040 = CARTESIAN_POINT('',(16.220117520007,-1.230783046605,
    24.128921579035));
#3041 = CARTESIAN_POINT('',(17.148625974737,4.124195051673,
    23.03863961717));
#3042 = CARTESIAN_POINT('',(20.883450925017,5.868550214506,
    19.142041159756));
#3043 = CARTESIAN_POINT('',(23.978987366967,2.19902759502,15.88473121067
    ));
#3044 = CARTESIAN_POINT('',(23.430578075266,-3.693579495898,
    16.271366995237));
#3045 = CARTESIAN_POINT('',(19.513794177221,-6.391642431239,
    20.026377386147));
#3046 = CARTESIAN_POINT('',(15.670816721121,-3.231400820228,
    23.707581335112));
#3047 = CARTESIAN_POINT('',(15.423658383212,3.081370996904,
    23.792966165886));
#3048 = CARTESIAN_POINT('',(19.076826845673,6.777642238247,
    19.978024196289));
#3049 = CARTESIAN_POINT('',(23.3030587395,4.296716256889,15.590018795328
    ));
#3050 = CARTESIAN_POINT('',(24.099368518431,-2.291556026843,
    14.631935509261));
#3051 = CARTESIAN_POINT('',(20.519112154777,-6.999689640919,
    18.050418365781));
#3052 = CARTESIAN_POINT('',(15.64553847991,-5.360281799201,
    22.762218533513));
#3053 = CARTESIAN_POINT('',(14.212705775759,0.218220039107,
    24.060239981718));
#3054 = CARTESIAN_POINT('',(15.437236309388,4.18820508181,
    22.727860443334));
#3055 = CARTESIAN_POINT('',(17.829425477336,6.9222273613,20.227822270627
    ));
#3056 = CARTESIAN_POINT('',(21.211574605985,6.49128873919,
    16.737824137223));
#3057 = CARTESIAN_POINT('',(23.270442992547,3.082967607665,
    14.571106745904));
#3058 = CARTESIAN_POINT('',(23.994373722974,-1.335057916918,
    13.73932701072));
#3059 = CARTESIAN_POINT('',(21.747172770263,-6.861936127496,
    15.851716707485));
#3060 = CARTESIAN_POINT('',(16.189565133002,-7.339248739475,
    21.247550837612));
#3061 = CARTESIAN_POINT('',(13.387128152335,-2.059830260205,
    23.915176562332));
#3062 = CARTESIAN_POINT('',(13.770685943681,2.737712220831,
    23.42376976623));
#3063 = CARTESIAN_POINT('',(15.665428711756,6.750291798649,
    21.421177993399));
#3064 = CARTESIAN_POINT('',(20.277586674305,8.183392047421,
    16.674208774904));
#3065 = CARTESIAN_POINT('',(23.640680089614,3.306143424199,
    13.176304103648));
#3066 = CARTESIAN_POINT('',(23.662337963666,-1.763766905728,
    13.04679722484));
#3067 = CARTESIAN_POINT('',(22.030203084897,-6.353721733716,
    14.571083098853));
#3068 = CARTESIAN_POINT('',(17.282613903546,-8.876938983643,
    19.183861024258));
#3069 = CARTESIAN_POINT('',(12.273457830664,-3.719640455137,
    24.031243590005));
#3070 = CARTESIAN_POINT('',(12.542087716153,3.545507859429,
    23.627802448571));
#3071 = CARTESIAN_POINT('',(15.288494844458,7.223712656506,
    20.773546315509));
#3072 = CARTESIAN_POINT('',(18.012845724443,8.271626665802,
    17.968308681957));
#3073 = CARTESIAN_POINT('',(20.790387873945,7.299835012714,
    15.109879778887));
#3074 = CARTESIAN_POINT('',(22.909353031354,4.514956939854,
    12.91002786791));
#3075 = CARTESIAN_POINT('',(23.821004454421,0.61071721021,
    11.917489691275));
#3076 = CARTESIAN_POINT('',(23.147473490679,-4.939146598232,
    12.483171650262));
#3077 = CARTESIAN_POINT('',(19.672745375484,-8.69763694874,
    15.850050760699));
#3078 = CARTESIAN_POINT('',(15.578397533785,-8.139476757053,
    19.836549597643));
#3079 = CARTESIAN_POINT('',(13.021100977505,-5.774622367155,
    22.312959400355));
#3080 = CARTESIAN_POINT('',(11.54865882819,-1.929683979206,
    23.704514796102));
#3081 = CARTESIAN_POINT('',(11.557080749009,2.423349795825,
    23.615206121715));
#3082 = CARTESIAN_POINT('',(13.038341475505,6.250546059181,
    22.053058641653));
#3083 = CARTESIAN_POINT('',(15.647780888398,8.592288826226,
    19.362732475191));
#3084 = CARTESIAN_POINT('',(18.746264304703,8.862008853156,
    16.183362305319));
#3085 = CARTESIAN_POINT('',(21.573148158444,6.962039175675,
    13.27559169801));
#3086 = CARTESIAN_POINT('',(23.420626725014,3.331579239165,
    11.347226377873));
#3087 = CARTESIAN_POINT('',(23.813703467248,-1.163233886815,
    10.873262882071));
#3088 = CARTESIAN_POINT('',(22.626773799477,-5.431279772754,
    11.979305796275));
#3089 = CARTESIAN_POINT('',(20.120567059374,-8.423759921288,
    14.404625782811));
#3090 = CARTESIAN_POINT('',(16.882359978384,-9.390607885304,
    17.561946110233));
#3091 = CARTESIAN_POINT('',(13.686586065823,-8.069018994448,
    20.676833269227));
#3092 = CARTESIAN_POINT('',(11.307068036576,-4.753741177006,
    22.975464544907));
#3093 = CARTESIAN_POINT('',(10.327370715628,-0.232077946774,
    23.874275112287));
#3094 = CARTESIAN_POINT('',(10.995235602944,4.403064349832,
    23.125523471404));
#3095 = CARTESIAN_POINT('',(13.157658484672,8.017270446264,
    20.882213836108));
#3096 = CARTESIAN_POINT('',(16.293392608038,9.712275409561,
    17.665592959175));
#3097 = CARTESIAN_POINT('',(19.636195701543,9.049105783445,
    14.241903112102));
#3098 = CARTESIAN_POINT('',(22.359664054357,6.161360713844,
    11.437548005721));
#3099 = CARTESIAN_POINT('',(23.779092736534,1.729459121157,
    9.937232569976));
#3100 = CARTESIAN_POINT('',(23.521044167593,-3.179506549907,
    10.11439438535));
#3101 = CARTESIAN_POINT('',(21.61864954119,-7.368670934031,
    11.935902258185));
#3102 = CARTESIAN_POINT('',(18.508371125748,-9.803204495437,
    14.96529392006));
#3103 = CARTESIAN_POINT('',(14.92784061565,-9.865887284699,
    18.46493767659));
#3104 = CARTESIAN_POINT('',(11.738647506808,-7.513340054943,
    21.573244031865));
#3105 = CARTESIAN_POINT('',(9.716644749991,-3.293426745353,
    23.514360035114));
#3106 = CARTESIAN_POINT('',(9.360807010501,1.782073406494,
    23.789311021037));
#3107 = CARTESIAN_POINT('',(10.767725087075,6.479997869407,
    22.301506190896));
#3108 = CARTESIAN_POINT('',(13.6032713458,9.645413737688,19.385073178603
    ));
#3109 = CARTESIAN_POINT('',(17.179506905704,10.485516852528,
    15.727950865132));
#3110 = CARTESIAN_POINT('',(20.619186879972,8.768037509822,
    12.207384137296));
#3111 = CARTESIAN_POINT('',(23.068538368026,4.884537587643,
    9.677145895674));
#3112 = CARTESIAN_POINT('',(23.90670194837,-0.238453196298,
    8.758095561764));
#3113 = CARTESIAN_POINT('',(22.900461165229,-5.360400305496,
    9.683449591336));
#3114 = CARTESIAN_POINT('',(20.26571975415,-9.227152627791,
    12.237304248848));
#3115 = CARTESIAN_POINT('',(16.619616247322,-10.8780205685,
    15.802521002109));
#3116 = CARTESIAN_POINT('',(12.833795840814,-9.884358823756,
    19.50745465505));
#3117 = CARTESIAN_POINT('',(9.823705428294,-6.460426593999,
    22.436658314002));
#3118 = CARTESIAN_POINT('',(8.324843669516,-1.417953209234,
    23.854633319212));
#3119 = CARTESIAN_POINT('',(8.71065319141,4.026166601351,23.387937043751
    ));
#3120 = CARTESIAN_POINT('',(10.897131320912,8.543523386613,
    21.120572160681));
#3121 = CARTESIAN_POINT('',(14.358470602159,11.018333527013,
    17.578346125868));
#3122 = CARTESIAN_POINT('',(18.251091727873,10.822977779344,
    13.604838246585));
#3123 = CARTESIAN_POINT('',(21.6168402087,7.976908794631,10.158203012191
    ));
#3124 = CARTESIAN_POINT('',(23.616407201966,3.148754063019,
    8.077749265358));
#3125 = CARTESIAN_POINT('',(23.736109731643,-2.500561610702,
    7.877159982113));
#3126 = CARTESIAN_POINT('',(21.917093427856,-7.596917770711,
    9.615289532333));
#3127 = CARTESIAN_POINT('',(18.574494460303,-10.88723460921,
    12.877001746318));
#3128 = CARTESIAN_POINT('',(14.500719563825,-11.54754545012,
    16.869889889228));
#3129 = CARTESIAN_POINT('',(10.675333460326,-9.389172759119,
    20.614389239161));
#3130 = CARTESIAN_POINT('',(8.027155589341,-4.911456132854,
    23.181680356577));
#3131 = CARTESIAN_POINT('',(7.20634457711,0.813457528598,23.921604615242
    ));
#3132 = CARTESIAN_POINT('',(8.422393083617,6.397259935551,
    22.624669355167));
#3133 = CARTESIAN_POINT('',(11.38837928061,10.47214581246,
    19.577796404607));
#3134 = CARTESIAN_POINT('',(15.386202068037,12.025855838044,
    15.499086863612));
#3135 = CARTESIAN_POINT('',(19.438041620215,10.653032953985,
    11.366360557866));
#3136 = CARTESIAN_POINT('',(22.543121006535,6.660501827527,
    8.180394417978));
#3137 = CARTESIAN_POINT('',(23.922442810203,0.999236473934,
    6.720185860743));
#3138 = CARTESIAN_POINT('',(23.211652591401,-4.962042931178,
    7.350089325978));
#3139 = CARTESIAN_POINT('',(20.554293966004,-9.767769870698,
    9.926561197808));
#3140 = CARTESIAN_POINT('',(16.571644556611,-12.23093367466,
    13.828323853634));
#3141 = CARTESIAN_POINT('',(12.215312822675,-11.72620727879,
    18.103768834002));
#3142 = CARTESIAN_POINT('',(8.53754508042,-8.348428859407,
    21.700649822689));
#3143 = CARTESIAN_POINT('',(6.434680655801,-2.89633532645,
    23.722627493741));
#3144 = CARTESIAN_POINT('',(6.426302367519,3.31615208005,23.650119028456
    ));
#3145 = CARTESIAN_POINT('',(8.524489449468,8.776543719051,
    21.471045192939));
#3146 = CARTESIAN_POINT('',(12.226038490171,12.142011618902,
    17.688609398669));
#3147 = CARTESIAN_POINT('',(16.630723433973,12.569584565651,
    13.203037701299));
#3148 = CARTESIAN_POINT('',(20.657837075722,9.92712327841,9.095037305982
    ));
#3149 = CARTESIAN_POINT('',(23.308934147552,4.832313794094,
    6.363053480585));
#3150 = CARTESIAN_POINT('',(23.912897594169,-1.491474255443,
    5.678203280401));
#3151 = CARTESIAN_POINT('',(22.293181304517,-7.508889965947,
    7.217032816484));
#3152 = CARTESIAN_POINT('',(18.815575050736,-11.7453664095,
    10.613752316699));
#3153 = CARTESIAN_POINT('',(14.303699065629,-13.14844630444,
    15.044741548238));
#3154 = CARTESIAN_POINT('',(9.841694983088,-11.34913345752,
    19.425858877212));
#3155 = CARTESIAN_POINT('',(6.511369117529,-6.758395611048,
    22.675297989203));
#3156 = CARTESIAN_POINT('',(5.127518362747,-0.473702013109,
    23.978261990418));
#3157 = CARTESIAN_POINT('',(6.036191952797,5.983253719407,22.9887016468)
  );
#3158 = CARTESIAN_POINT('',(9.025823660091,11.034986734973,
    19.918183185939));
#3159 = CARTESIAN_POINT('',(13.373993910525,13.433607302229,
    15.489126181938));
#3160 = CARTESIAN_POINT('',(18.019591773551,12.569010181513,
    10.762641565344));
#3161 = CARTESIAN_POINT('',(21.819366937523,8.623770027986,
    6.881979647805));
#3162 = CARTESIAN_POINT('',(23.826846092297,2.53548479534,4.793613739462
    ));
#3163 = CARTESIAN_POINT('',(23.525567467737,-4.225917742062,
    5.014005610455));
#3164 = CARTESIAN_POINT('',(20.959167512941,-10.0130495935,
    7.499518811684));
#3165 = CARTESIAN_POINT('',(16.725590722337,-13.40244140282,
    11.65220884872));
#3166 = CARTESIAN_POINT('',(11.835656271454,-13.54463646666,
    16.461256546036));
#3167 = CARTESIAN_POINT('',(7.469407020376,-10.3769056831,
    20.746619043547));
#3168 = CARTESIAN_POINT('',(4.688965754282,-4.645358861269,
    23.446173556074));
#3169 = CARTESIAN_POINT('',(4.177770305764,2.270594836913,
    23.876482251024));
#3170 = CARTESIAN_POINT('',(6.070203880209,8.690186635076,
    21.903161923011));
#3171 = CARTESIAN_POINT('',(9.914067097565,13.039760760842,
    17.978411952088));
#3172 = CARTESIAN_POINT('',(14.776198836711,14.238510176005,
    13.035393459374));
#3173 = CARTESIAN_POINT('',(19.466619386666,11.966928339403,
    8.264086155851));
#3174 = CARTESIAN_POINT('',(22.827366691558,6.751325747187,
    4.822452097393));
#3175 = CARTESIAN_POINT('',(24.015918809336,-0.157802438121,
    3.553013226046));
#3176 = CARTESIAN_POINT('',(22.713834386546,-7.085527291756,
    4.774210895269));
#3177 = CARTESIAN_POINT('',(19.208959102096,-12.33852043283,
    8.198199426152));
#3178 = CARTESIAN_POINT('',(14.330045762452,-14.6189429223,
    12.996226012229));
#3179 = CARTESIAN_POINT('',(9.248562162112,-13.34502650551,
    17.996822859001));
#3180 = CARTESIAN_POINT('',(5.195068510828,-8.799177029534,
    21.969429756717));
#3181 = CARTESIAN_POINT('',(3.158830030873,-2.065969562759,
    23.924781483106));
#3182 = CARTESIAN_POINT('',(3.643990510679,5.226511277531,
    23.358734249732));
#3183 = CARTESIAN_POINT('',(6.542393818799,11.30032414609,
    20.379444188044));
#3184 = CARTESIAN_POINT('',(11.155096421249,14.661140174805,
    15.685854832027));
#3185 = CARTESIAN_POINT('',(16.35850597904,14.465847355838,
    10.401558520667));
#3186 = CARTESIAN_POINT('',(20.875677507676,10.733869800171,
    5.803500238465));
#3187 = CARTESIAN_POINT('',(23.587265655113,4.349280847166,
    3.011025337461));
#3188 = CARTESIAN_POINT('',(23.806412302057,-3.148469128455,
    2.710991936948));
#3189 = CARTESIAN_POINT('',(21.450068297987,-9.935711934796,
    4.986449187452));
#3190 = CARTESIAN_POINT('',(17.064041990605,-14.34812988443,
    9.291588741266));
#3191 = CARTESIAN_POINT('',(11.694501236872,-15.28884474518,
    14.580242741431));
#3192 = CARTESIAN_POINT('',(6.636146253268,-12.5009698387,
    19.557710971468));
#3193 = CARTESIAN_POINT('',(3.117664160683,-6.636930110113,
    22.995306310485));
#3194 = CARTESIAN_POINT('',(2.000883323413,0.893975699869,
    24.031200394188));
#3195 = CARTESIAN_POINT('',(3.567287282202,8.264215779051,
    22.383909681832));
#3196 = CARTESIAN_POINT('',(7.444755375856,13.671510266971,
    18.42555483461));
#3197 = CARTESIAN_POINT('',(12.693516448146,15.779541508056,
    13.095907008753));
#3198 = CARTESIAN_POINT('',(18.03151895161,14.048125337039,
    7.677017751721));
#3199 = CARTESIAN_POINT('',(22.145182542069,8.871284418442,
    3.482467407695));
#3200 = CARTESIAN_POINT('',(24.010210536154,1.488012223812,
    1.536552660042));
#3201 = CARTESIAN_POINT('',(23.144112945531,-6.314175307849,
    2.321763497098));
#3202 = CARTESIAN_POINT('',(19.728194979879,-12.63199156334,
    5.656794709182));
#3203 = CARTESIAN_POINT('',(14.568211614187,-15.91066964863,
    10.735891321307));
#3204 = CARTESIAN_POINT('',(8.902100593831,-15.32653233354,
    16.321115588095));
#3205 = CARTESIAN_POINT('',(4.100653804478,-10.99371658341,
    21.041675623881));
#3206 = CARTESIAN_POINT('',(1.333500420317,-3.943216986168,
    23.727942254475));
#3207 = CARTESIAN_POINT('',(1.28179062824,4.122311884785,23.698765292984
    ));
#3208 = CARTESIAN_POINT('',(3.968152393926,11.239711532302,
    20.931516773731));
#3209 = CARTESIAN_POINT('',(8.746344391261,15.663154445033,
    16.072438022829));
#3210 = CARTESIAN_POINT('',(14.454301302743,16.29235231977,
    10.283594357779));
#3211 = CARTESIAN_POINT('',(19.694354513077,12.946114996738,
    4.962654393878));
#3212 = CARTESIAN_POINT('',(23.173061548679,6.413276834532,
    1.403060604707));
#3213 = CARTESIAN_POINT('',(24.018018143041,-1.733065823451,
    0.477217256779));
#3214 = CARTESIAN_POINT('',(21.994057027816,-9.514310007015,
    2.420291618435));
#3215 = CARTESIAN_POINT('',(17.565272360456,-15.02691186332,
    6.768189532228));
#3216 = CARTESIAN_POINT('',(11.786608626232,-16.90804282819,
    12.465966512885));
#3217 = CARTESIAN_POINT('',(6.050294120958,-14.67242760476,
    18.121394264591));
#3218 = CARTESIAN_POINT('',(1.748056650353,-8.837130233892,
    22.34274498163));
#3219 = CARTESIAN_POINT('',(-6.892567602699E-02,-0.802292088539,
    24.078840554441));
#3220 = CARTESIAN_POINT('',(1.050746437158,7.484753925924,22.87828168769
    ));
#3221 = CARTESIAN_POINT('',(4.844201512851,14.001432930629,
    19.003939858429));
#3222 = CARTESIAN_POINT('',(10.393534510413,17.143563202758,
    13.373720107299));
#3223 = CARTESIAN_POINT('',(16.345509788874,16.120199882931,
    7.340858075271));
#3224 = CARTESIAN_POINT('',(21.239158242698,11.152514948124,
    2.366322867879));
#3225 = CARTESIAN_POINT('',(23.861964753683,3.426757312242,
    -0.337370396673));
#3226 = CARTESIAN_POINT('',(23.547806941255,-5.188910678161,
    -0.104099337813));
#3227 = CARTESIAN_POINT('',(20.3434424477,-12.59613375525,3.019378402175
    ));
#3228 = CARTESIAN_POINT('',(15.001962375838,-16.97742017784,
    8.279971720469));
#3229 = CARTESIAN_POINT('',(8.803627841364,-17.24206588608,
    14.397419501376));
#3230 = CARTESIAN_POINT('',(3.246690766278,-13.29754530178,
    19.873469822895));
#3231 = CARTESIAN_POINT('',(-0.317139782358,-6.078873150742,
    23.356413617964));
#3232 = CARTESIAN_POINT('',(-1.01389249483,2.672874221741,
    23.972279576868));
#3233 = CARTESIAN_POINT('',(1.33595557471,10.830455586366,21.54154475376
    ));
#3234 = CARTESIAN_POINT('',(6.168970096368,16.397521298728,
    16.627643478535));
#3235 = CARTESIAN_POINT('',(12.311430623026,17.997151729345,
    10.404296198309));
#3236 = CARTESIAN_POINT('',(18.261977184091,15.212328108249,
    4.372862883676));
#3237 = CARTESIAN_POINT('',(22.556175214659,8.694168401985,
    -2.221900458676E-03));
#3238 = CARTESIAN_POINT('',(24.124474489485,9.944932298028E-03,
    -1.651407928853));
#3239 = CARTESIAN_POINT('',(22.556066028236,-8.733705538228,
    -0.16388622117));
#3240 = CARTESIAN_POINT('',(18.203555528803,-15.40180853652,
    4.107737524694));
#3241 = CARTESIAN_POINT('',(12.101836267094,-18.3523522091,
    10.128570032836));
#3242 = CARTESIAN_POINT('',(5.719764698345,-16.84057580336,
    16.429754848018));
#3243 = CARTESIAN_POINT('',(0.604212451497,-11.2067174724,
    21.464420341298));
#3244 = CARTESIAN_POINT('',(-1.997250020212,-2.799948298378,
    23.98499605944));
#3245 = CARTESIAN_POINT('',(-1.443002747165,6.344635209841,
    23.349862032826));
#3246 = CARTESIAN_POINT('',(2.142007743468,13.998649585095,
    19.683964788625));
#3247 = CARTESIAN_POINT('',(7.891861563076,18.283443689541,
    13.853224215449));
#3248 = CARTESIAN_POINT('',(14.406411100009,18.131174426765,
    7.257787924949));
#3249 = CARTESIAN_POINT('',(20.089835407716,13.550785349664,
    1.493476863675));
#3250 = CARTESIAN_POINT('',(23.539144710313,5.6326728367,-2.03671919249)
  );
#3251 = CARTESIAN_POINT('',(23.888053149955,-3.710761244265,
    -2.466514385699));
#3252 = CARTESIAN_POINT('',(21.021940723299,-12.2069701572,
    0.318711287389));
#3253 = CARTESIAN_POINT('',(15.610582952028,-17.77599981095,
    5.649182305092));
#3254 = CARTESIAN_POINT('',(8.94950616567,-19.03966428707,
    12.229372337883));
#3255 = CARTESIAN_POINT('',(2.647516925971,-15.66251673292,
    18.450474824015));
#3256 = CARTESIAN_POINT('',(-1.764235213876,-8.440279840836,
    22.781340210295));
#3257 = CARTESIAN_POINT('',(-3.206664770264,0.88743871845,
    24.142883013115));
#3258 = CARTESIAN_POINT('',(-1.319076670143,10.05611698194,
    22.174408159426));
#3259 = CARTESIAN_POINT('',(3.448306784247,16.82608095198,
    17.326137951469));
#3260 = CARTESIAN_POINT('',(9.939291411928,19.529592447485,
    10.754266570221));
#3261 = CARTESIAN_POINT('',(16.569714238018,17.481626519135,
    4.042956990563));
#3262 = CARTESIAN_POINT('',(21.711669194323,11.153174915928,
    -1.17988471931));
#3263 = CARTESIAN_POINT('',(24.090765767449,2.06329504372,
    -3.639868046003));
#3264 = CARTESIAN_POINT('',(23.099478075232,-7.585447989553,
    -2.729467107353));
#3265 = CARTESIAN_POINT('',(18.949545593323,-15.44067360058,
    1.339578620988));
#3266 = CARTESIAN_POINT('',(12.62522902773,-19.57369856005,
    7.583008433013));
#3267 = CARTESIAN_POINT('',(5.647632357476,-18.95304781641,
    14.479718349701));
#3268 = CARTESIAN_POINT('',(-0.29349188272,-13.70172046217,
    20.339955836329));
#3269 = CARTESIAN_POINT('',(-3.751332428646,-5.074082261937,
    23.716909628688));
#3270 = CARTESIAN_POINT('',(-3.876749262225,4.843653183222,
    23.761439708699));
#3271 = CARTESIAN_POINT('',(-0.629175533412,13.637861738289,
    20.432979226318));
#3272 = CARTESIAN_POINT('',(5.20866938783,19.154899018174,
    14.514247551509));
#3273 = CARTESIAN_POINT('',(12.217014533485,20.028493746634,
    7.425015652286));
#3274 = CARTESIAN_POINT('',(18.681931537972,16.017998786512,
    0.879211894232));
#3275 = CARTESIAN_POINT('',(23.012079704974,8.073782232617,
    -3.531823026337));
#3276 = CARTESIAN_POINT('',(24.12796964444,-1.887816762818,
    -4.728599719372));
#3277 = CARTESIAN_POINT('',(21.728528703704,-11.44671887749,
    -2.410045532202));
#3278 = CARTESIAN_POINT('',(16.369157081728,-18.26703881666,
    2.868439336206));
#3279 = CARTESIAN_POINT('',(9.331113708566,-20.6678905264,9.825595955801
    ));
#3280 = CARTESIAN_POINT('',(2.312911133491,-18.03758169236,
    16.762911777309));
#3281 = CARTESIAN_POINT('',(-2.981957826077,-10.98914951006,
    21.976893983309));
#3282 = CARTESIAN_POINT('',(-5.260892894508,-1.217761998771,
    24.174942298173));
#3283 = CARTESIAN_POINT('',(-3.960132749989,8.906916353824,
    22.793295400086));
#3284 = CARTESIAN_POINT('',(0.613422905027,16.915385810741,
    18.138852991503));
#3285 = CARTESIAN_POINT('',(7.352155194891,20.840641667427,
    11.319233948071));
#3286 = CARTESIAN_POINT('',(14.613565799356,19.701261219597,
    3.976936590038));
#3287 = CARTESIAN_POINT('',(20.618222921909,13.746613208371,
    -2.108607286083));
#3288 = CARTESIAN_POINT('',(23.883400778568,4.402965002193,
    -5.454671896309));
#3289 = CARTESIAN_POINT('',(23.586736799127,-6.068050692496,
    -5.238894670436));
#3290 = CARTESIAN_POINT('',(19.770720275439,-15.11684812855,
    -1.503764900315));
#3291 = CARTESIAN_POINT('',(13.337187234723,-20.52668657347,
    4.848881386834));
#3292 = CARTESIAN_POINT('',(5.831984401667,-20.9566961753,
    12.273197466323));
#3293 = CARTESIAN_POINT('',(-0.928799985038,-16.27411439375,
    18.95309509946));
#3294 = CARTESIAN_POINT('',(-5.300669031733,-7.593438430348,
    23.244077392588));
#3295 = CARTESIAN_POINT('',(-6.213121014063,2.98870015833,24.07564262135
    ));
#3296 = CARTESIAN_POINT('',(-3.434159917387,12.899902173225,
    21.215794771107));
#3297 = CARTESIAN_POINT('',(2.368430553089,19.717321262611,
    15.332317547062));
#3298 = CARTESIAN_POINT('',(9.785133226914,21.759930231181,
    7.834728119671));
#3299 = CARTESIAN_POINT('',(17.00468878337,18.502956070658,
    0.534285809647));
#3300 = CARTESIAN_POINT('',(22.25402905233,10.712326976796,
    -4.79594121288));
#3301 = CARTESIAN_POINT('',(24.231298185521,0.264772223218,
    -6.854097099639));
#3302 = CARTESIAN_POINT('',(22.426209918939,-10.30422579016,
    -5.129895586624));
#3303 = CARTESIAN_POINT('',(17.248917719893,-18.41575431374,
    -3.349014114669E-02));
#3304 = CARTESIAN_POINT('',(9.934895184672,-22.07673965741,
    7.199645640508));
#3305 = CARTESIAN_POINT('',(2.247832137745,-20.36961891692,
    14.805821933867));
#3306 = CARTESIAN_POINT('',(-3.94801710506,-13.68211877666,
    20.920784423105));
#3307 = CARTESIAN_POINT('',(-7.142339646182,-3.61964500766,
    24.03422021066));
#3308 = CARTESIAN_POINT('',(-6.549315703562,7.380038597686,
    23.360309514473));
#3309 = CARTESIAN_POINT('',(-2.303307955113,16.637377305168,
    19.033415012456));
#3310 = CARTESIAN_POINT('',(4.569018111692,21.88377217837,
    12.080202192083));
#3311 = CARTESIAN_POINT('',(12.394530970194,21.817495748795,
    4.173802580014));
#3312 = CARTESIAN_POINT('',(19.258576768824,16.426556889351,
    -2.771129972184));
#3313 = CARTESIAN_POINT('',(23.471025569921,6.998463471066,
    -7.064465526849));
#3314 = CARTESIAN_POINT('',(23.979979715828,-4.187158999439,
    -7.654306426323));
#3315 = CARTESIAN_POINT('',(20.631880493771,-14.40973583531,
    -4.387093957833));
#3316 = CARTESIAN_POINT('',(14.213711493302,-21.16944290369,
    1.950188289069));
#3317 = CARTESIAN_POINT('',(6.265851611374,-22.79849872017,9.81716141743
    ));
#3318 = CARTESIAN_POINT('',(-1.289942679125,-18.87257050229,
    17.292068954361));
#3319 = CARTESIAN_POINT('',(-6.617584984563,-10.32082723739,
    22.538824506232));
#3320 = CARTESIAN_POINT('',(-8.415229439471,0.793794824878,
    24.255582207571));
#3321 = CARTESIAN_POINT('',(-6.23577621348,11.772194530292,
    21.995242228013));
#3322 = CARTESIAN_POINT('',(-0.600416118724,19.934558715915,
    16.27899537969));
#3323 = CARTESIAN_POINT('',(7.123571230857,23.274495478764,
    8.474121276541));
#3324 = CARTESIAN_POINT('',(15.052154873522,20.952177486407,
    0.464650880309));
#3325 = CARTESIAN_POINT('',(21.241706474491,13.505299148837,
    -5.805787474228));
#3326 = CARTESIAN_POINT('',(24.16304491431,2.724908311849,
    -8.808012667614));
#3327 = CARTESIAN_POINT('',(23.076754084676,-8.77529707113,
    -7.802608591548));
#3328 = CARTESIAN_POINT('',(18.217663441853,-18.19264875944,
    -3.024404702292));
#3329 = CARTESIAN_POINT('',(10.742491999455,-23.21853387838,
    4.369879986538));
#3330 = CARTESIAN_POINT('',(2.45223071552,-22.60430959497,
    12.579254516906));
#3331 = CARTESIAN_POINT('',(-4.644120474674,-16.47139015137,
    19.594718953533));
#3332 = CARTESIAN_POINT('',(-8.81878520388,-6.288530170913,
    23.688496929172));
#3333 = CARTESIAN_POINT('',(-9.048274711424,5.479830027095,
    23.837099683147));
#3334 = CARTESIAN_POINT('',(-5.266695521052,15.969985632923,
    19.974633739209));
#3335 = CARTESIAN_POINT('',(1.613374141013,22.615819317305,
    13.013677323575));
#3336 = CARTESIAN_POINT('',(9.918697878985,23.776512490373,
    4.627466832037));
#3337 = CARTESIAN_POINT('',(17.619917201984,19.141572053944,
    -3.154639244531));
#3338 = CARTESIAN_POINT('',(22.825010356094,9.813213775489,
    -8.440619152208));
#3339 = CARTESIAN_POINT('',(24.241684558124,-1.955606965627,
    -9.938180107806));
#3340 = CARTESIAN_POINT('',(21.495699268418,-13.30528937192,
    -7.273081571667));
#3341 = CARTESIAN_POINT('',(15.226720903507,-21.46441424258,
    -1.084989960323));
#3342 = CARTESIAN_POINT('',(6.937218438752,-24.42647490497,
    7.123625750864));
#3343 = CARTESIAN_POINT('',(-1.369938418793,-21.44326826913,
    15.349895854843));
#3344 = CARTESIAN_POINT('',(-7.677772763112,-13.21363603056,
    21.576843445594));
#3345 = CARTESIAN_POINT('',(-10.44731512211,-1.720003272224,
    24.265499051024));
#3346 = CARTESIAN_POINT('',(-8.995470725697,10.249114141978,
    22.732767901043));
#3347 = CARTESIAN_POINT('',(-3.665867779296,19.775635709154,
    17.322278201075));
#3348 = CARTESIAN_POINT('',(4.250013055213,24.523344562693,
    9.325510612998));
#3349 = CARTESIAN_POINT('',(12.823391378401,23.310772119545,
    0.671245536243));
#3350 = CARTESIAN_POINT('',(19.955756675933,16.405064820693,
    -6.542006514856));
#3351 = CARTESIAN_POINT('',(23.890109698173,5.463773281749,
    -10.55724629066));
#3352 = CARTESIAN_POINT('',(23.64132654524,-6.862925550602,
    -10.38934989129));
#3353 = CARTESIAN_POINT('',(19.24023521568,-17.57413396514,
    -6.069145315306));
#3354 = CARTESIAN_POINT('',(11.730950566458,-24.0487929434,
    1.359252580349));
#3355 = CARTESIAN_POINT('',(2.920938850404,-24.68704303398,
    10.088377542835));
#3356 = CARTESIAN_POINT('',(-5.056376506543,-19.30545316831,
    17.984806146215));
#3357 = CARTESIAN_POINT('',(-10.26062501946,-9.188501623049,
    23.108167905574));
#3358 = CARTESIAN_POINT('',(-11.41885261579,3.217884432425,
    24.185508748334));
#3359 = CARTESIAN_POINT('',(-8.239272861358,14.897642685032,
    20.925042240328));
#3360 = CARTESIAN_POINT('',(-1.487086325515,22.997796470486,
    14.091968950917));
#3361 = CARTESIAN_POINT('',(7.197254130848,25.525332963177,
    5.326741740986));
#3362 = CARTESIAN_POINT('',(15.694196720096,21.837519050083,
    -3.25108760183));
#3363 = CARTESIAN_POINT('',(21.920001435673,12.805042496439,
    -9.557779070974));
#3364 = CARTESIAN_POINT('',(24.3353193269,0.606639337958,-12.05398371576
    ));
#3365 = CARTESIAN_POINT('',(22.323312180071,-11.79639950749,
    -10.1228633225));
#3366 = CARTESIAN_POINT('',(16.344440589214,-21.37910812316,
    -4.224878485217));
#3367 = CARTESIAN_POINT('',(7.829113453468,-25.79059858912,
    4.209561896961));
#3368 = CARTESIAN_POINT('',(-1.166822018521,-23.93075873943,
    13.124610615384));
#3369 = CARTESIAN_POINT('',(-8.460784707618,-16.2244333548,
    20.337686550913));
#3370 = CARTESIAN_POINT('',(-12.2753847288,-4.524792192896,
    24.071399818529));
#3371 = CARTESIAN_POINT('',(-11.67393206345,8.332243758974,
    23.389060399615));
#3372 = CARTESIAN_POINT('',(-6.792822092685,19.215400673314,
    18.427063675278));
#3373 = CARTESIAN_POINT('',(1.186834226181,25.46065932455,
    10.366520602844));
#3374 = CARTESIAN_POINT('',(10.322605473149,25.523342108456,
    1.149862602309));
#3375 = CARTESIAN_POINT('',(18.38117648984,19.360069801819,
    -6.989595167951));
#3376 = CARTESIAN_POINT('',(23.381894580326,8.446163941417,-12.071200012
    ));
#3377 = CARTESIAN_POINT('',(24.081136437661,-4.577406454387,
    -12.8513286229));
#3378 = CARTESIAN_POINT('',(20.27904698094,-16.54307055501,
    -9.130125919752));
#3379 = CARTESIAN_POINT('',(12.873006463964,-24.52706660957,
    -1.804972156344));
#3380 = CARTESIAN_POINT('',(3.64363837805,-26.5638401908,7.343509176003)
  );
#3381 = CARTESIAN_POINT('',(-5.175634329941,-22.12987488709,
    16.081895130426));
#3382 = CARTESIAN_POINT('',(-11.44143505333,-12.27787331103,
    22.266809100254));
#3383 = CARTESIAN_POINT('',(-13.62373989956,0.613015655685,
    24.368227192919));
#3384 = CARTESIAN_POINT('',(-11.18188042232,13.411699607954,
    21.845480962112));
#3385 = CARTESIAN_POINT('',(-4.700848782304,22.99565649188,
    15.28356256852));
#3386 = CARTESIAN_POINT('',(4.246416712027,27.012738455243,
    6.255410320621));
#3387 = CARTESIAN_POINT('',(13.478383124451,24.458408951276,
    -3.057442845371));
#3388 = CARTESIAN_POINT('',(20.734429483679,15.926763867643,
    -10.39437595816));
#3389 = CARTESIAN_POINT('',(24.225986360945,3.472652165795,-13.966819589
    ));
#3390 = CARTESIAN_POINT('',(23.07494095574,-9.883180394929,
    -12.89666093736));
#3391 = CARTESIAN_POINT('',(17.531853432177,-20.88676477939,
    -7.434460167367));
#3392 = CARTESIAN_POINT('',(8.91977949364,-26.84369360956,1.096727017603
    ));
#3393 = CARTESIAN_POINT('',(-0.683797525904,-26.27886654335,
    10.619417283579));
#3394 = CARTESIAN_POINT('',(-8.950471974806,-19.30165848512,
    18.805204978914));
#3395 = CARTESIAN_POINT('',(-13.86782964144,-7.586137173826,
    23.641675891988));
#3396 = CARTESIAN_POINT('',(-14.23173938716,6.030519270602,
    23.924698884136));
#3397 = CARTESIAN_POINT('',(-9.943597764761,18.23509201193,
    19.555670508167));
#3398 = CARTESIAN_POINT('',(-2.039165117237,26.044497260223,
    11.570351107076));
#3399 = CARTESIAN_POINT('',(7.559202451958,27.5349086411,1.891096784312)
  );
#3400 = CARTESIAN_POINT('',(16.507673724775,22.315618023203,
    -7.138261242072));
#3401 = CARTESIAN_POINT('',(22.610882013634,11.630933891231,
    -13.32235628449));
#3402 = CARTESIAN_POINT('',(24.358094071768,-1.936339662598,
    -15.1504550962));
#3403 = CARTESIAN_POINT('',(21.294662651637,-15.08921392391,
    -12.16791042963));
#3404 = CARTESIAN_POINT('',(14.137440965318,-24.61771627472,
    -5.091575496885));
#3405 = CARTESIAN_POINT('',(4.604910391024,-28.18228143605,
    4.360068323842));
#3406 = CARTESIAN_POINT('',(-4.997753502029,-24.88814866407,
    13.881845463328));
#3407 = CARTESIAN_POINT('',(-12.33849557865,-15.50975271064,
    21.141700786389));
#3408 = CARTESIAN_POINT('',(-15.62712541279,-2.308884093494,
    24.349443866955));
#3409 = CARTESIAN_POINT('',(-14.05428579156,11.510741760773,
    22.695717492165));
#3410 = CARTESIAN_POINT('',(-7.993012959024,22.580987088157,
    16.553557906053));
#3411 = CARTESIAN_POINT('',(1.087281549885,28.190177242406,
    7.392376643577));
#3412 = CARTESIAN_POINT('',(10.974633654153,26.947302508523,
    -2.575862214259));
#3413 = CARTESIAN_POINT('',(19.250966162726,19.126852252325,
    -10.9330814764));
#3414 = CARTESIAN_POINT('',(23.881050737052,6.60882474956,
    -15.64405280429));
#3415 = CARTESIAN_POINT('',(23.71054121422,-7.573145556659,
    -15.55443003502));
#3416 = CARTESIAN_POINT('',(18.751209943622,-19.96694929165,
    -10.67598551799));
#3417 = CARTESIAN_POINT('',(10.182921828272,-27.54229857048,
    -2.188584156216));
#3418 = CARTESIAN_POINT('',(7.068785668002E-02,-28.4316175591,
    7.842763061809));
#3419 = CARTESIAN_POINT('',(-9.135362769751,-22.39038682019,
    16.967926934673));
#3420 = CARTESIAN_POINT('',(-15.1960168493,-10.86348787897,
    22.947694260658));
#3421 = CARTESIAN_POINT('',(-16.63002264254,3.360262062769,
    24.300813300328));
#3422 = CARTESIAN_POINT('',(-13.07850389351,16.822812450879,
    20.668407797731));
#3423 = CARTESIAN_POINT('',(-5.397100439187,26.237592953709,
    12.906117589839));
#3424 = CARTESIAN_POINT('',(4.547757351213,29.291846108695,
    2.880373045871));
#3425 = CARTESIAN_POINT('',(14.329957680862,25.214711727252,
    -6.982714037346));
#3426 = CARTESIAN_POINT('',(21.553173920416,14.971535753347,
    -14.28681703046));
#3427 = CARTESIAN_POINT('',(24.435467815632,1.035482781066,
    -17.24999767925));
#3428 = CARTESIAN_POINT('',(22.246411438518,-13.20955902151,
    -15.1418280557));
#3429 = CARTESIAN_POINT('',(15.489505412694,-24.29063358863,
    -8.465808783447));
#3430 = CARTESIAN_POINT('',(5.784365549059,-29.49242475719,1.15844432662
    ));
#3431 = CARTESIAN_POINT('',(-4.523799550805,-27.52258916953,
    11.385722672918));
#3432 = CARTESIAN_POINT('',(-12.93326528671,-18.83269538766,
    19.714301655259));
#3433 = CARTESIAN_POINT('',(-17.39533410556,-5.515099324188,
    24.095483720545));
#3434 = CARTESIAN_POINT('',(-16.81583034224,9.200795239801,
    23.43509320365));
#3435 = CARTESIAN_POINT('',(-11.32579141296,21.731629071792,
    17.864167520804));
#3436 = CARTESIAN_POINT('',(-2.254405917416,29.012644716531,
    8.711895271691));
#3437 = CARTESIAN_POINT('',(8.190390556784,29.247238650445,
    -1.813787956076));
#3438 = CARTESIAN_POINT('',(17.45692167232,22.350193653655,
    -11.16120582518));
#3439 = CARTESIAN_POINT('',(23.270743459607,9.975263297333,
    -17.05591436603));
#3440 = CARTESIAN_POINT('',(24.190464986964,-4.88127074881,
    -18.05652264696));
#3441 = CARTESIAN_POINT('',(19.962589324869,-18.60605430315,
    -13.90953373843));
#3442 = CARTESIAN_POINT('',(11.588031506773,-27.84748762047,
    -5.615862673903));
#3443 = CARTESIAN_POINT('',(1.082950788039,-30.33417868464,
    4.808331291263));
#3444 = CARTESIAN_POINT('',(-9.008973540456,-25.43316058705,
    14.819368866191));
#3445 = CARTESIAN_POINT('',(-16.23484298761,-14.31069832582,
    21.964351559779));
#3446 = CARTESIAN_POINT('',(-18.83112508547,0.34509625271,
    24.479746904076));
#3447 = CARTESIAN_POINT('',(-16.1564502131,14.97390376681,
    21.724185278132));
#3448 = CARTESIAN_POINT('',(-8.852412605114,26.008099587445,
    14.33926091658));
#3449 = CARTESIAN_POINT('',(1.307905186638,30.742810599987,
    4.098056371259));
#3450 = CARTESIAN_POINT('',(11.847956233807,27.998941657802,
    -6.522881429476));
#3451 = CARTESIAN_POINT('',(20.188983107835,18.416656942032,
    -14.94479505707));
#3452 = CARTESIAN_POINT('',(24.27853070356,4.306303544336,
    -19.11522940636));
#3453 = CARTESIAN_POINT('',(23.093032771174,-10.90857767503,
    -18.01061822754));
#3454 = CARTESIAN_POINT('',(16.891407896223,-23.52188462233,
    -11.88988010616));
#3455 = CARTESIAN_POINT('',(7.156854284019,-30.4477006285,
    -2.236213247527));
#3456 = CARTESIAN_POINT('',(-3.760161427211,-29.97526086633,
    8.599915710136));
#3457 = CARTESIAN_POINT('',(-13.21179806817,-22.19144171278,
    17.970665597528));
#3458 = CARTESIAN_POINT('',(-18.89744213154,-8.966457266883,
    23.575422907336));
#3459 = CARTESIAN_POINT('',(-19.42609345135,6.495420645772,
    24.023187473574));
#3460 = CARTESIAN_POINT('',(-14.65906164747,20.432207395152,
    19.175268916129));
#3461 = CARTESIAN_POINT('',(-5.748556666363,29.439523022171,
    10.183877181452));
#3462 = CARTESIAN_POINT('',(5.138395760574,31.302179070356,
    -0.783961999053));
#3463 = CARTESIAN_POINT('',(15.344576638664,25.538906007046,
    -11.07102963071));
#3464 = CARTESIAN_POINT('',(22.368730179599,13.526283788811,
    -18.17606992521));
#3465 = CARTESIAN_POINT('',(24.476128340168,-1.829941447879,
    -20.36435483935));
#3466 = CARTESIAN_POINT('',(21.124503978193,-16.79770478961,
    -17.09361723094));
#3467 = CARTESIAN_POINT('',(13.10077997241,-27.72563450482,
    -9.150779978728));
#3468 = CARTESIAN_POINT('',(2.334160588292,-31.93379589729,
    1.534952651824));
#3469 = CARTESIAN_POINT('',(-8.570047723176,-28.37087328469,
    12.358274209725));
#3470 = CARTESIAN_POINT('',(-16.96324285828,-17.87664297466,
    20.670582591268));
#3471 = CARTESIAN_POINT('',(-20.79925828417,-2.984249329707,
    24.425711263585));
#3472 = CARTESIAN_POINT('',(-19.13558965269,12.691215150615,
    22.681155878538));
#3473 = CARTESIAN_POINT('',(-12.36734200153,25.330258808161,
    15.832021473811));
#3474 = CARTESIAN_POINT('',(-2.135849531949,31.839648883021,
    5.51964225066));
#3475 = CARTESIAN_POINT('',(9.066955390657,30.609414629171,
    -5.764049425514));
#3476 = CARTESIAN_POINT('',(18.503069176613,21.910940651246,
    -15.28104996503));
#3477 = CARTESIAN_POINT('',(23.85518704669,7.837739263273,
    -20.71405458868));
#3478 = CARTESIAN_POINT('',(23.793341602602,-8.198343643873,
    -20.73309589816));
#3479 = CARTESIAN_POINT('',(18.302855762648,-22.2942691453,
    -15.32349681177));
#3480 = CARTESIAN_POINT('',(8.692754738971,-31.00576999038,
    -5.794282541664));
#3481 = CARTESIAN_POINT('',(-2.718588185593,-32.18892657782,
    5.536173629331));
#3482 = CARTESIAN_POINT('',(-13.16509559798,-25.52772579057,
    15.901794288151));
#3483 = CARTESIAN_POINT('',(-20.10585992567,-12.61780070122,
    22.761671862281));
#3484 = CARTESIAN_POINT('',(-21.84556465392,3.415691341523,
    24.420489836962));
#3485 = CARTESIAN_POINT('',(-17.95096421614,18.674566035494,
    20.445002645613));
#3486 = CARTESIAN_POINT('',(-9.361116900769,29.435367262419,
    11.77426857667));
#3487 = CARTESIAN_POINT('',(1.836623450932,33.057955090233,
    0.495641471402));
#3488 = CARTESIAN_POINT('',(12.911442622718,28.633216933491,
    -10.66006445395));
#3489 = CARTESIAN_POINT('',(21.152636601761,17.211007474089,
    -18.98214518656));
#3490 = CARTESIAN_POINT('',(24.530674250935,1.551215678862,
    -22.4410695893));
#3491 = CARTESIAN_POINT('',(22.194539069327,-14.54305770563,
    -20.18582116126));
#3492 = CARTESIAN_POINT('',(14.683479911258,-27.14910784356,
    -12.75564875676));
#3493 = CARTESIAN_POINT('',(3.800509611471,-33.1807167479,
    -1.953565210543));
#3494 = CARTESIAN_POINT('',(-7.822717803829,-31.14369530213,
    9.588775451192));
#3495 = CARTESIAN_POINT('',(-17.36464397937,-21.50592126987,
    19.049814873166));
#3496 = CARTESIAN_POINT('',(-22.50114048822,-6.590252463748,
    24.105424628455));
#3497 = CARTESIAN_POINT('',(-21.97398280474,9.985259093675,
    23.497380191406));
#3498 = CARTESIAN_POINT('',(-15.90146318628,24.184989704319,
    17.343973819376));
#3499 = CARTESIAN_POINT('',(-5.75439759161,32.538271230952,
    7.116021471135));
#3500 = CARTESIAN_POINT('',(5.997649612544,32.98771076773,
    -4.716912486587));
#3501 = CARTESIAN_POINT('',(16.485128167534,25.395771946674,
    -15.28527779514));
#3502 = CARTESIAN_POINT('',(23.136538584455,11.585248383619,
    -22.01757496563));
#3503 = CARTESIAN_POINT('',(24.306962929091,-5.098579593735,
    -23.26888606383));
#3504 = CARTESIAN_POINT('',(19.681536280186,-20.59771497464,
    -18.72434616849));
#3505 = CARTESIAN_POINT('',(10.358543725231,-31.12946579746,
    -9.482240367112));
#3506 = CARTESIAN_POINT('',(-1.416538980768,-34.10774914456,
    2.21195558532));
#3507 = CARTESIAN_POINT('',(-12.78862782593,-28.78163128991,
    13.503157676915));
#3508 = CARTESIAN_POINT('',(-20.99843276435,-16.41758249813,
    21.632075861776));
#3509 = CARTESIAN_POINT('',(-23.02115504298,-5.48073033084,
    23.600873638026));
#3510 = CARTESIAN_POINT('',(-23.04811729417,-1.133262901809E-12,
    23.600873638026));
#3511 = CARTESIAN_POINT('',(21.276847508974,-3.836534885488E-14,
    23.488551307499));
#3512 = CARTESIAN_POINT('',(21.222923006596,0.519908110214,
    23.488551307499));
#3513 = CARTESIAN_POINT('',(21.512497503519,1.637956193066,
    23.09112780582));
#3514 = CARTESIAN_POINT('',(22.806841869473,1.951485233543,
    21.635009932731));
#3515 = CARTESIAN_POINT('',(23.710190300753,0.382733013259,
    20.569887994317));
#3516 = CARTESIAN_POINT('',(23.20274833072,-1.757976664545,
    20.915556457214));
#3517 = CARTESIAN_POINT('',(21.52898776906,-2.443155268571,
    22.427543511739));
#3518 = CARTESIAN_POINT('',(20.11147710157,-0.832813917557,
    23.683280672094));
#3519 = CARTESIAN_POINT('',(20.278911155149,1.755415425024,
    23.354073111381));
#3520 = CARTESIAN_POINT('',(21.954970891274,2.913182406919,
    21.51623986812));
#3521 = CARTESIAN_POINT('',(23.589684920767,1.379788707258,
    19.719752331493));
#3522 = CARTESIAN_POINT('',(23.525324946604,-1.619314610471,
    19.622338798521));
#3523 = CARTESIAN_POINT('',(21.593406000601,-3.332097625995,
    21.392484237388));
#3524 = CARTESIAN_POINT('',(19.409050800384,-2.004943949691,
    23.41506593047));
#3525 = CARTESIAN_POINT('',(18.964886381731,1.342330746768,
    23.697456841989));
#3526 = CARTESIAN_POINT('',(20.745736326965,3.671971077168,
    21.75483338962));
#3527 = CARTESIAN_POINT('',(23.145741994162,2.684943693384,
    19.193054215287));
#3528 = CARTESIAN_POINT('',(23.848536398977,-0.922481516624,
    18.328486303338));
#3529 = CARTESIAN_POINT('',(21.989059619084,-3.906846755409,
    20.026189576096));
#3530 = CARTESIAN_POINT('',(19.080292376309,-3.392880914633,
    22.773183311736));
#3531 = CARTESIAN_POINT('',(17.733418278967,0.363543204345,
    23.958283901944));
#3532 = CARTESIAN_POINT('',(19.246966161557,4.013657284819,
    22.282962512218));
#3533 = CARTESIAN_POINT('',(22.29061727512,4.099194221051,19.07753789152
    ));
#3534 = CARTESIAN_POINT('',(24.004971821677,0.324880262584,
    17.201409837828));
#3535 = CARTESIAN_POINT('',(22.618304009442,-3.97313603429,
    18.426304142928));
#3536 = CARTESIAN_POINT('',(19.185620784788,-4.772651235245,
    21.697213860447));
#3537 = CARTESIAN_POINT('',(16.7510226921,-1.127501741596,
    23.970038446001));
#3538 = CARTESIAN_POINT('',(17.583197586407,3.770633554588,
    22.976090044558));
#3539 = CARTESIAN_POINT('',(20.994433645294,5.381403122797,
    19.403080478537));
#3540 = CARTESIAN_POINT('',(23.834976974517,2.023688770748,
    16.400763642179));
#3541 = CARTESIAN_POINT('',(23.333312979207,-3.396800613617,
    16.740654130354));
#3542 = CARTESIAN_POINT('',(19.722264307568,-5.894085765527,
    20.189929294858));
#3543 = CARTESIAN_POINT('',(16.16449999843,-2.987980521022,
    23.585920096862));
#3544 = CARTESIAN_POINT('',(15.921230625879,2.848104854767,
    23.667415962277));
#3545 = CARTESIAN_POINT('',(19.293473919052,6.280950129026,
    20.13339916197));
#3546 = CARTESIAN_POINT('',(23.210689325371,3.990741576619,
    16.054410248515));
#3547 = CARTESIAN_POINT('',(23.952656130139,-2.127107613893,
    15.150669936613));
#3548 = CARTESIAN_POINT('',(20.621971717942,-6.515088959066,
    18.319580841673));
#3549 = CARTESIAN_POINT('',(16.074551983905,-4.998750703236,
    22.705227068577));
#3550 = CARTESIAN_POINT('',(14.7274320497,0.201994452612,23.917535746836
    ));
#3551 = CARTESIAN_POINT('',(15.863684210917,3.911203390319,
    22.673434580862));
#3552 = CARTESIAN_POINT('',(18.092611483326,6.469837742898,
    20.336658303697));
#3553 = CARTESIAN_POINT('',(21.252400330663,6.073676712928,
    17.069020451603));
#3554 = CARTESIAN_POINT('',(23.17900240236,2.886948502011,
    15.034569375149));
#3555 = CARTESIAN_POINT('',(23.857181953223,-1.249327147816,
    14.248540819529));
#3556 = CARTESIAN_POINT('',(21.751735088428,-6.434049256935,
    16.219176428378));
#3557 = CARTESIAN_POINT('',(16.531877318714,-6.892060424516,
    21.277260690958));
#3558 = CARTESIAN_POINT('',(13.890451721292,-1.937215261061,
    23.783875032434));
#3559 = CARTESIAN_POINT('',(14.244339733579,2.574002810502,
    23.322138015391));
#3560 = CARTESIAN_POINT('',(16.020418670246,6.351036994159,
    21.438210073966));
#3561 = CARTESIAN_POINT('',(20.356914218967,7.707814863241,16.9669032693
    ));
#3562 = CARTESIAN_POINT('',(23.525860505219,3.117648035956,
    13.663145727102));
#3563 = CARTESIAN_POINT('',(23.546589809349,-1.663000292605,
    13.534567418215));
#3564 = CARTESIAN_POINT('',(22.006887684013,-5.994925178094,
    14.966420538795));
#3565 = CARTESIAN_POINT('',(17.523254327936,-8.383920545944,
    19.315242638926));
#3566 = CARTESIAN_POINT('',(12.782048758834,-3.51826951871,
    23.894674700893));
#3567 = CARTESIAN_POINT('',(13.027313985267,3.352631357516,
    23.514598218515));
#3568 = CARTESIAN_POINT('',(15.621076892272,6.836585199041,
    20.812986306753));
#3569 = CARTESIAN_POINT('',(18.197293254264,7.831739620187,
    18.155883191193));
#3570 = CARTESIAN_POINT('',(20.8261014926,6.914695542217,15.44618819929)
  );
#3571 = CARTESIAN_POINT('',(22.833091158165,4.278716047156,
    13.358311780157));
#3572 = CARTESIAN_POINT('',(23.697150161994,0.579428324866,
    12.413366022761));
#3573 = CARTESIAN_POINT('',(23.058891373369,-4.683274700148,
    12.943775806629));
#3574 = CARTESIAN_POINT('',(19.761997196248,-8.253099270028,
    16.132820978994));
#3575 = CARTESIAN_POINT('',(15.872492527326,-7.727651821607,
    19.914476643159));
#3576 = CARTESIAN_POINT('',(13.440936139119,-5.484638443352,
    22.265146277799));
#3577 = CARTESIAN_POINT('',(12.038250327507,-1.833820873614,
    23.586945335843));
#3578 = CARTESIAN_POINT('',(12.04204251621,2.302682708163,
    23.502266393573));
#3579 = CARTESIAN_POINT('',(13.446180944395,5.942226180396,
    22.017241211821));
#3580 = CARTESIAN_POINT('',(15.924368045981,8.171615471468,
    19.458167356667));
#3581 = CARTESIAN_POINT('',(18.86962945656,8.431228057882,
    16.432019192521));
#3582 = CARTESIAN_POINT('',(21.558498491074,6.626067738915,
    13.662263404438));
#3583 = CARTESIAN_POINT('',(23.316820195319,3.172147526563,
    11.823054946626));
#3584 = CARTESIAN_POINT('',(23.691265011658,-1.107302772265,
    11.36772337672));
#3585 = CARTESIAN_POINT('',(22.560780006963,-5.173609237345,
    12.417321627847));
#3586 = CARTESIAN_POINT('',(20.172347965076,-8.027056303495,
    14.724866916167));
#3587 = CARTESIAN_POINT('',(17.084586275788,-8.951424300488,
    17.731741851887));
#3588 = CARTESIAN_POINT('',(14.035310392156,-7.69424271784,
    20.700130981952));
#3589 = CARTESIAN_POINT('',(11.7626895476,-4.534586440291,
    22.891865072941));
#3590 = CARTESIAN_POINT('',(10.824271128397,-0.221882370128,
    23.749396738577));
#3591 = CARTESIAN_POINT('',(11.457750514287,4.201819118784,
    23.035030599119));
#3592 = CARTESIAN_POINT('',(13.518492066261,7.653563774958,
    20.893402293577));
#3593 = CARTESIAN_POINT('',(16.509996427904,9.274626479356,
    17.821011178367));
#3594 = CARTESIAN_POINT('',(19.701124037835,8.644030010125,
    14.548996814869));
#3595 = CARTESIAN_POINT('',(22.302386126869,5.887445775362,
    11.866847972266));
#3596 = CARTESIAN_POINT('',(23.658820417033,1.653370685302,
    10.429526928536));
#3597 = CARTESIAN_POINT('',(23.412320966462,-3.0392500182,
    10.595139625539));
#3598 = CARTESIAN_POINT('',(21.593208129882,-7.046205189593,
    12.333365708551));
#3599 = CARTESIAN_POINT('',(18.617674983028,-9.377011535282,
    15.228012101838));
#3600 = CARTESIAN_POINT('',(15.190558797477,-9.439694324256,
    18.574241533822));
#3601 = CARTESIAN_POINT('',(12.13611095701,-7.190874310913,
    21.547802620721));
#3602 = CARTESIAN_POINT('',(10.197389990528,-3.153170212948,
    23.405636833636));
#3603 = CARTESIAN_POINT('',(9.853101368383,1.70598496936,23.669038702214
    ));
#3604 = CARTESIAN_POINT('',(11.197025054912,6.20608293332,
    22.244228262116));
#3605 = CARTESIAN_POINT('',(13.910365046121,9.240337959855,
    19.45000151734));
#3606 = CARTESIAN_POINT('',(17.334925129516,10.047867930837,
    15.944554680378));
#3607 = CARTESIAN_POINT('',(20.630375328716,8.40433082244,12.56821772761
    ));
#3608 = CARTESIAN_POINT('',(22.978045512216,4.683292386948,
    10.139660790543));
#3609 = CARTESIAN_POINT('',(23.78182354355,-0.228257676965,
    9.254996005641));
#3610 = CARTESIAN_POINT('',(22.816861752003,-5.141245460564,
    10.139071043621));
#3611 = CARTESIAN_POINT('',(20.289017355962,-8.852376555518,
    12.586028686094));
#3612 = CARTESIAN_POINT('',(16.789412198402,-10.43883659786,
    16.004747090088));
#3613 = CARTESIAN_POINT('',(13.154036578732,-9.487655934479,
    19.55923595619));
#3614 = CARTESIAN_POINT('',(10.261722006533,-6.202754683002,
    22.370663774822));
#3615 = CARTESIAN_POINT('',(8.819302754306,-1.362024692073,
    23.732196273481));
#3616 = CARTESIAN_POINT('',(9.186484422263,3.866739793146,
    23.284127851956));
#3617 = CARTESIAN_POINT('',(11.28379800076,8.207542689367,
    21.105927519892));
#3618 = CARTESIAN_POINT('',(14.607136980511,10.587570217318,
    17.701701786573));
#3619 = CARTESIAN_POINT('',(18.346508688581,10.402271409092,
    13.881443324936));
#3620 = CARTESIAN_POINT('',(21.581056613207,7.668651248977,
    10.566008646742));
#3621 = CARTESIAN_POINT('',(23.503403618087,3.027969333621,
    8.562774888295));
#3622 = CARTESIAN_POINT('',(23.618660595651,-2.404476830531,
    8.366631157163));
#3623 = CARTESIAN_POINT('',(21.869055138395,-7.30734867899,
    10.035349860852));
#3624 = CARTESIAN_POINT('',(18.652830143345,-10.4746567853,
    13.170688102334));
#3625 = CARTESIAN_POINT('',(14.731635337147,-11.11237244644,
    17.010996154965));
#3626 = CARTESIAN_POINT('',(11.047900365588,-9.037317362749,
    20.613844372957));
#3627 = CARTESIAN_POINT('',(8.495969491552,-4.728553218574,
    23.084888493425));
#3628 = CARTESIAN_POINT('',(7.702576662797,0.782892889189,
    23.797394568613));
#3629 = CARTESIAN_POINT('',(8.870541477779,6.160666591184,
    22.548543000063));
#3630 = CARTESIAN_POINT('',(11.724644759238,10.087106058669,
    19.613552965037));
#3631 = CARTESIAN_POINT('',(15.574015569173,11.586080987605,
    15.683295401534));
#3632 = CARTESIAN_POINT('',(19.476964454305,10.265555795477,
    11.699459762835));
#3633 = CARTESIAN_POINT('',(22.468951625079,6.419626891422,
    8.626585838493));
#3634 = CARTESIAN_POINT('',(23.798504147249,0.963588113316,
    7.216146562756));
#3635 = CARTESIAN_POINT('',(23.113380472353,-4.783788587055,
    7.820383484084));
#3636 = CARTESIAN_POINT('',(20.550877470311,-9.418996520352,
    10.301999732558));
#3637 = CARTESIAN_POINT('',(16.709186718969,-11.79652608181,
    14.062803730334));
#3638 = CARTESIAN_POINT('',(12.505610036025,-11.31189194416,
    18.18549365971));
#3639 = CARTESIAN_POINT('',(8.955216079501,-8.055042212291,
    21.655000862666));
#3640 = CARTESIAN_POINT('',(6.923343831732,-2.795282066191,
    23.605986356868));
#3641 = CARTESIAN_POINT('',(6.91229797319,3.200277522393,23.536145461843
    ));
#3642 = CARTESIAN_POINT('',(8.934806973358,8.471942994888,
    21.432749708107));
#3643 = CARTESIAN_POINT('',(12.506086018637,11.722818719473,
    17.78058390926));
#3644 = CARTESIAN_POINT('',(16.757614279044,12.137823026255,
    13.448168895286));
#3645 = CARTESIAN_POINT('',(20.645959957278,9.587875600957,
    9.478936463484));
#3646 = CARTESIAN_POINT('',(23.206451254069,4.668146375685,
    6.837558413126));
#3647 = CARTESIAN_POINT('',(23.790022827068,-1.440606204618,
    6.173100086559));
#3648 = CARTESIAN_POINT('',(22.225091557299,-7.255366756685,
    7.657144602761));
#3649 = CARTESIAN_POINT('',(18.864113590737,-11.35089074269,
    10.937235815755));
#3650 = CARTESIAN_POINT('',(14.502324065417,-12.70902601365,
    15.218138587508));
#3651 = CARTESIAN_POINT('',(10.18733644109,-10.97171503828,
    19.452239458268));
#3652 = CARTESIAN_POINT('',(6.965176037709,-6.534835489052,
    22.593513108081));
#3653 = CARTESIAN_POINT('',(5.624314344073,-0.458410446808,
    23.85348804815));
#3654 = CARTESIAN_POINT('',(6.500337878854,5.786555055202,
    22.896577759802));
#3655 = CARTESIAN_POINT('',(9.389626813533,10.674170533569,
    19.926402071555));
#3656 = CARTESIAN_POINT('',(13.594183085961,12.996489326992,
    15.64095904556));
#3657 = CARTESIAN_POINT('',(18.087848661437,12.161976588403,
    11.066406716516));
#3658 = CARTESIAN_POINT('',(21.764350641634,8.345885009672,
    7.309017982751));
#3659 = CARTESIAN_POINT('',(23.707218051929,2.454380251155,
    5.285263818889));
#3660 = CARTESIAN_POINT('',(23.415714385188,-4.090502517064,
    5.495880732062));
#3661 = CARTESIAN_POINT('',(20.93109705271,-9.694072075478,
    7.899611310973));
#3662 = CARTESIAN_POINT('',(16.831406222618,-12.9775346197,
    11.918415387498));
#3663 = CARTESIAN_POINT('',(12.094875788014,-13.11721460376,
    16.574059068534));
#3664 = CARTESIAN_POINT('',(7.864213005039,-10.05099504807,
    20.723835097942));
#3665 = CARTESIAN_POINT('',(5.168541505418,-4.500279870127,
    23.338619843995));
#3666 = CARTESIAN_POINT('',(4.670667781676,2.199532732134,23.75560681417
    ));
#3667 = CARTESIAN_POINT('',(6.501732786147,8.420278591726,
    21.843655056132));
#3668 = CARTESIAN_POINT('',(10.224473075129,12.636697235093,
    18.040028013581));
#3669 = CARTESIAN_POINT('',(14.93520653198,13.800389122053,
    13.248407803164));
#3670 = CARTESIAN_POINT('',(19.480800892367,11.600380043386,
    8.621926689208));
#3671 = CARTESIAN_POINT('',(22.73854202538,6.545561054681,5.283298802628
    ));
#3672 = CARTESIAN_POINT('',(23.89097772137,-0.152704335895,
    4.049976353071));
#3673 = CARTESIAN_POINT('',(22.628456673273,-6.870807175387,5.2316106476
    ));
#3674 = CARTESIAN_POINT('',(19.229195591186,-11.96643707245,
    8.54998497612));
#3675 = CARTESIAN_POINT('',(14.49624280443,-14.18005429229,
    13.202051009308));
#3676 = CARTESIAN_POINT('',(9.565542100202,-12.94614970536,
    18.051864959969));
#3677 = CARTESIAN_POINT('',(5.630956014833,-8.537391044481,
    21.905564291771));
#3678 = CARTESIAN_POINT('',(3.652809942975,-2.004988095311,
    23.802823610061));
#3679 = CARTESIAN_POINT('',(4.121109091861,5.071846504374,
    23.253637707609));
#3680 = CARTESIAN_POINT('',(6.931801055539,10.967655580388,
    20.362058990362));
#3681 = CARTESIAN_POINT('',(11.40728956392,14.231432983673,
    15.805683728414));
#3682 = CARTESIAN_POINT('',(16.457377564501,14.043684052105,
    10.674708974265));
#3683 = CARTESIAN_POINT('',(20.84243560777,10.42199685874,6.208764177428
    ));
#3684 = CARTESIAN_POINT('',(23.475272237555,4.223602177889,
    3.495040794076));
#3685 = CARTESIAN_POINT('',(23.688195947956,-3.057365740888,
    3.201230330107));
#3686 = CARTESIAN_POINT('',(21.399672132202,-9.649999312706,
    5.408867392295));
#3687 = CARTESIAN_POINT('',(17.139003001115,-13.93734501621,
    9.588649769813));
#3688 = CARTESIAN_POINT('',(11.921846872213,-14.85296481214,
    14.724919145149));
#3689 = CARTESIAN_POINT('',(7.005816458411,-12.14607968099,
    19.560062805383));
#3690 = CARTESIAN_POINT('',(3.584959802051,-6.449403205398,
    22.900032708176));
#3691 = CARTESIAN_POINT('',(2.497345103188,0.868498889151,
    23.906760653472));
#3692 = CARTESIAN_POINT('',(4.017357422234,8.031935821422,
    22.305861580858));
#3693 = CARTESIAN_POINT('',(7.784166935943,13.28895966212,
    18.458165313582));
#3694 = CARTESIAN_POINT('',(12.884934670265,15.33982575751,
    13.276510825692));
#3695 = CARTESIAN_POINT('',(18.073627826055,13.65826284559,
    8.006930916334));
#3696 = CARTESIAN_POINT('',(22.073005099047,8.626160260987,
    3.926666889775));
#3697 = CARTESIAN_POINT('',(23.88658490999,1.44728493265,2.032200325264)
  );
#3698 = CARTESIAN_POINT('',(23.04439877446,-6.140593488895,
    2.793499707227));
#3699 = CARTESIAN_POINT('',(19.721932311237,-12.28634712952,
    6.035079416882));
#3700 = CARTESIAN_POINT('',(14.702196186735,-15.47708584521,
    10.973928787817));
#3701 = CARTESIAN_POINT('',(9.188994649839,-14.91053516665,
    16.406243571146));
#3702 = CARTESIAN_POINT('',(4.515904342099,-10.69655180816,
    20.998447125318));
#3703 = CARTESIAN_POINT('',(1.821314924703,-3.837208826037,
    23.612149789147));
#3704 = CARTESIAN_POINT('',(1.768715902706,4.011363070868,
    23.583862057576));
#3705 = CARTESIAN_POINT('',(4.380951663344,10.938808563918,
    20.890739543371));
#3706 = CARTESIAN_POINT('',(9.029821732586,15.245531350379,
    16.160982720561));
#3707 = CARTESIAN_POINT('',(14.584735277144,15.859650573681,
    10.525182422435));
#3708 = CARTESIAN_POINT('',(19.685271510513,12.603645929456,5.3437594355
    ));
#3709 = CARTESIAN_POINT('',(23.071943723252,6.244390867836,
    1.876200469192));
#3710 = CARTESIAN_POINT('',(23.894747164714,-1.687265074952,
    0.972510274163));
#3711 = CARTESIAN_POINT('',(21.923906220324,-9.264969569636,
    2.862464464985));
#3712 = CARTESIAN_POINT('',(17.610586613792,-14.63471643126,
    7.09489731795));
#3713 = CARTESIAN_POINT('',(11.981630842678,-16.46844526948,
    12.642966335497));
#3714 = CARTESIAN_POINT('',(6.39283114751,-14.29241755857,
    18.150879277098));
#3715 = CARTESIAN_POINT('',(2.20001305022,-8.609194878339,22.26281062082
    ));
#3716 = CARTESIAN_POINT('',(0.427724077381,-0.781906530256,
    23.954212840092));
#3717 = CARTESIAN_POINT('',(1.516486016769,7.292628231895,
    22.784564147136));
#3718 = CARTESIAN_POINT('',(5.210950336522,13.643555704103,
    19.009213073816));
#3719 = CARTESIAN_POINT('',(10.61730445295,16.707034916819,
    13.52197220382));
#3720 = CARTESIAN_POINT('',(16.417111050497,15.711263174442,
    7.641278852706));
#3721 = CARTESIAN_POINT('',(21.18643597057,10.870697191643,
    2.791067179064));
#3722 = CARTESIAN_POINT('',(23.743022065587,3.340647560363,
    0.153594330481));
#3723 = CARTESIAN_POINT('',(23.436863737852,-5.058354958547,
    0.378865904648));
#3724 = CARTESIAN_POINT('',(20.312771708058,-12.28068732962,
    3.422071180875));
#3725 = CARTESIAN_POINT('',(15.104300296432,-16.55385667376,
    8.549655838933));
#3726 = CARTESIAN_POINT('',(9.059338854356,-16.81347256044,
    14.513730527442));
#3727 = CARTESIAN_POINT('',(3.638811226163,-12.96823357386,
    19.853371402067));
#3728 = CARTESIAN_POINT('',(0.161227028166,-5.928991197522,
    23.250068846497));
#3729 = CARTESIAN_POINT('',(-0.520433142339,2.606847999104,
    23.850842263435));
#3730 = CARTESIAN_POINT('',(1.769680424403,10.564590707812,
    21.479841943125));
#3731 = CARTESIAN_POINT('',(6.48267163415,15.996524191438,
    16.685963979811));
#3732 = CARTESIAN_POINT('',(12.474031418638,17.558617420778,
    10.613717441755));
#3733 = CARTESIAN_POINT('',(18.279174838351,14.842987462813,
    4.727687268475));
#3734 = CARTESIAN_POINT('',(22.469055672375,8.483911869706,
    0.456919680883));
#3735 = CARTESIAN_POINT('',(23.999512506201,9.944932298034E-03,
    -1.15442390651));
#3736 = CARTESIAN_POINT('',(22.468946485952,-8.523449005949,
    0.295255360171));
#3737 = CARTESIAN_POINT('',(18.220753183063,-15.03246789108,
    4.462561909493));
#3738 = CARTESIAN_POINT('',(12.264437062706,-17.91381790053,
    10.337991276282));
#3739 = CARTESIAN_POINT('',(6.033466236127,-16.43957869607,
    16.488075349295));
#3740 = CARTESIAN_POINT('',(1.037937301191,-10.94085259385,
    21.402717530663));
#3741 = CARTESIAN_POINT('',(-1.503790667721,-2.733922075742,
    23.863558746007));
#3742 = CARTESIAN_POINT('',(-0.964635936641,6.19475325662,23.24351726136
    ));
#3743 = CARTESIAN_POINT('',(2.534128203354,13.669337857169,
    19.663866367798));
#3744 = CARTESIAN_POINT('',(8.147572576068,17.854850363904,
    13.969535241516));
#3745 = CARTESIAN_POINT('',(14.508749020603,17.707610922686,
    7.527472043413));
#3746 = CARTESIAN_POINT('',(20.059164668074,13.235338924034,
    1.896169642374));
#3747 = CARTESIAN_POINT('',(23.428201506911,5.502117117086,
    -1.55375395003));
#3748 = CARTESIAN_POINT('',(23.769110461858,-3.624651492386,
    -1.975549658545));
#3749 = CARTESIAN_POINT('',(20.969218451172,-11.92515240072,
    0.743455598574));
#3750 = CARTESIAN_POINT('',(15.682184213652,-17.36706310246,
    5.949603082527));
#3751 = CARTESIAN_POINT('',(9.173276108207,-18.60313600113,
    12.377624434404));
#3752 = CARTESIAN_POINT('',(3.014265749642,-15.3046395064,
    18.455748039402));
#3753 = CARTESIAN_POINT('',(-1.298495634265,-8.248154146806,
    22.687622669741));
#3754 = CARTESIAN_POINT('',(-2.710015016856,0.867053160167,
    24.018255298765));
#3755 = CARTESIAN_POINT('',(-0.867120270275,9.828181626387,
    22.094473798617));
#3756 = CARTESIAN_POINT('',(3.790843810798,16.446070905785,
    17.355622963976));
#3757 = CARTESIAN_POINT('',(10.134313628373,19.089994888782,
    10.931266392833));
#3758 = CARTESIAN_POINT('',(16.615028491354,17.089431087082,
    4.369664776285));
#3759 = CARTESIAN_POINT('',(21.641518386831,10.903834478549,
    -0.737711872759));
#3760 = CARTESIAN_POINT('',(23.967494789122,2.017494295221,
    -3.144575028619));
#3761 = CARTESIAN_POINT('',(22.998360249805,-7.416562022857,
    -2.256327242869));
#3762 = CARTESIAN_POINT('',(18.940462590759,-15.0982045333,1.72068366261
    ));
#3763 = CARTESIAN_POINT('',(12.755663002132,-19.14099681396,
    7.82459649767));
#3764 = CARTESIAN_POINT('',(5.931109698801,-18.53542472175,
    14.568263047433));
#3765 = CARTESIAN_POINT('',(0.119307386698,-13.40081749378,
    20.299178605969));
#3766 = CARTESIAN_POINT('',(-3.26440715418,-4.96313344802,23.60200639328
    ));
#3767 = CARTESIAN_POINT('',(-3.388934757839,4.737645023091,
    23.645647243371));
#3768 = CARTESIAN_POINT('',(-0.21392499579,13.340696963042,
    20.389750727755));
#3769 = CARTESIAN_POINT('',(5.495563443837,18.738901851285,
    14.59937553456));
#3770 = CARTESIAN_POINT('',(12.350999106034,19.594909943215,
    7.663053118796));
#3771 = CARTESIAN_POINT('',(18.67566886933,15.67235435269,1.257496601932
    ));
#3772 = CARTESIAN_POINT('',(22.912365533903,7.900200413663,
    -3.060086816209));
#3773 = CARTESIAN_POINT('',(24.004344018276,-1.847089471656,
    -4.232952054149));
#3774 = CARTESIAN_POINT('',(21.656351260681,-11.20159472004,
    -1.965846050122));
#3775 = CARTESIAN_POINT('',(16.411265956174,-17.87717632521,
    3.198352500818));
#3776 = CARTESIAN_POINT('',(9.522531930684,-20.22817477586,
    10.00619977274));
#3777 = CARTESIAN_POINT('',(2.652322693578,-17.65503108751,
    16.795522256281));
#3778 = CARTESIAN_POINT('',(-2.531887686045,-10.75686955243,
    21.898845882335));
#3779 = CARTESIAN_POINT('',(-4.764431114733,-1.192285188052,
    24.050502557457));
#3780 = CARTESIAN_POINT('',(-3.492837108622,8.719389449108,
    22.698021797776));
#3781 = CARTESIAN_POINT('',(0.98309311017,16.560495653034,
    18.141204825418));
#3782 = CARTESIAN_POINT('',(7.579500830232,20.404761734384,
    11.463910351788));
#3783 = CARTESIAN_POINT('',(14.688526809867,19.290476351385,
    4.273997618586));
#3784 = CARTESIAN_POINT('',(20.567826756124,13.460900586282,
    -1.68618908124));
#3785 = CARTESIAN_POINT('',(23.765184424467,4.311861614626,
    -4.964433503149));
#3786 = CARTESIAN_POINT('',(23.47474338157,-5.942372023219,
    -4.75487921382));
#3787 = CARTESIAN_POINT('',(19.737478375534,-14.80497518712,
    -1.098500961351));
#3788 = CARTESIAN_POINT('',(13.436058820183,-20.10452326974,
    5.122031840432));
#3789 = CARTESIAN_POINT('',(6.084177544338,-20.52698898417,
    12.39302636271));
#3790 = CARTESIAN_POINT('',(-0.539392748298,-15.94144582805,
    18.935709901778));
#3791 = CARTESIAN_POINT('',(-4.823550450552,-7.438773657191,
    23.138980850465));
#3792 = CARTESIAN_POINT('',(-5.71914110196,2.927718690882,
    23.953684748305));
#3793 = CARTESIAN_POINT('',(-2.998272413383,12.638116188172,
    21.151929306161));
#3794 = CARTESIAN_POINT('',(2.68541049118,19.318444462458,15.38735964803
    ));
#3795 = CARTESIAN_POINT('',(9.951330268892,21.321041601179,
    8.040553116751));
#3796 = CARTESIAN_POINT('',(17.02492527246,18.130872710276,
    0.886071359615));
#3797 = CARTESIAN_POINT('',(22.168651339056,10.497606860427,
    -4.338541460549));
#3798 = CARTESIAN_POINT('',(24.106357097554,0.259674120993,
    -6.357133972614));
#3799 = CARTESIAN_POINT('',(22.337385252761,-10.09846109765,
    -4.669048881389));
#3800 = CARTESIAN_POINT('',(17.263099225595,-18.04920601772,
    0.324350392211));
#3801 = CARTESIAN_POINT('',(10.09390287994,-21.63861860346,
    7.412659984298));
#3802 = CARTESIAN_POINT('',(2.55823811531,-19.96655539117,
    14.867437995361));
#3803 = CARTESIAN_POINT('',(-3.516488199122,-13.41221073331,
    20.861277556226));
#3804 = CARTESIAN_POINT('',(-6.649442170271,-3.548582902882,
    23.913344773806));
#3805 = CARTESIAN_POINT('',(-6.069739952426,7.234959606544,
    23.252755802395));
#3806 = CARTESIAN_POINT('',(-1.90850197045,16.311466670135,
    19.010631066851));
#3807 = CARTESIAN_POINT('',(4.828237628252,21.456350315473,
    12.193004714581));
#3808 = CARTESIAN_POINT('',(12.500346470474,21.392588965673,
    4.440009118791));
#3809 = CARTESIAN_POINT('',(19.230506308594,16.107579371325,
    -2.371037472895));
#3810 = CARTESIAN_POINT('',(23.361172487373,6.863048246068,
    -6.582590405242));
#3811 = CARTESIAN_POINT('',(23.860351675459,-4.106054455254,
    -7.162656346896));
#3812 = CARTESIAN_POINT('',(20.576864197883,-14.131850817,
    -3.960055622887));
#3813 = CARTESIAN_POINT('',(14.281968381188,-20.76240931058,
    2.25395344024));
#3814 = CARTESIAN_POINT('',(6.486040786809,-22.36138074493,
    9.968994281052));
#3815 = CARTESIAN_POINT('',(-0.926139525683,-18.51175430089,
    17.300287839977));
#3816 = CARTESIAN_POINT('',(-6.153439058507,-10.12412857318,
    22.446700619233));
#3817 = CARTESIAN_POINT('',(-7.918433458145,0.778503258578,
    24.130808265304));
#3818 = CARTESIAN_POINT('',(-5.781969293299,11.548634408296,
    21.913457346891));
#3819 = CARTESIAN_POINT('',(-0.254774660722,19.557140296673,
    16.305375960746));
#3820 = CARTESIAN_POINT('',(7.322196230645,22.835075187969,
    8.647518315811));
#3821 = CARTESIAN_POINT('',(15.100693413524,20.5577018196,0.788134379366
    ));
#3822 = CARTESIAN_POINT('',(21.173616727272,13.251775939576,
    -5.365675687952));
#3823 = CARTESIAN_POINT('',(24.04017014721,2.674040261024,
    -8.313115861456));
#3824 = CARTESIAN_POINT('',(22.974271191192,-8.611129652721,
    -7.328103659007));
#3825 = CARTESIAN_POINT('',(18.205786323409,-17.85340108199,
    -2.64050554479));
#3826 = CARTESIAN_POINT('',(10.869382844526,-22.78677233898,
    4.615011180525));
#3827 = CARTESIAN_POINT('',(2.732278243986,-22.18511669554,
    12.671229027498));
#3828 = CARTESIAN_POINT('',(-4.233802950784,-16.1667894272,19.5564234687
    ));
#3829 = CARTESIAN_POINT('',(-8.332789598209,-6.172655613256,
    23.574523362559));
#3830 = CARTESIAN_POINT('',(-8.559611535493,5.378776766836,
    23.720458546275));
#3831 = CARTESIAN_POINT('',(-4.849024521971,15.676598985807,
    19.928984779186));
#3832 = CARTESIAN_POINT('',(1.903671354364,22.20150398267,
    13.095402149283));
#3833 = CARTESIAN_POINT('',(10.056240041342,23.342104897522,
    4.861946708737));
#3834 = CARTESIAN_POINT('',(17.616500706292,18.792798703597,
    -2.779200709781));
#3835 = CARTESIAN_POINT('',(22.726738237045,9.634959431366,
    -7.970324994101));
#3836 = CARTESIAN_POINT('',(24.117745895169,-1.919958605008,
    -9.442219405793));
#3837 = CARTESIAN_POINT('',(21.421529886962,-13.06441443582,
    -6.826890151152));
#3838 = CARTESIAN_POINT('',(15.265643737596,-21.07693708407,
    -0.751890755355));
#3839 = CARTESIAN_POINT('',(7.125031939888,-23.98670005453,
    7.307834288787));
#3840 = CARTESIAN_POINT('',(-1.033672940166,-21.05822851534,
    15.385652415272));
#3841 = CARTESIAN_POINT('',(-7.229624368949,-12.97704268619,
    21.500717090489));
#3842 = CARTESIAN_POINT('',(-9.951083036424,-1.689438632815,
    24.141289004396));
#3843 = CARTESIAN_POINT('',(-8.526656823486,10.066211227699,
    22.635976037891));
#3844 = CARTESIAN_POINT('',(-3.293300874034,19.423780312783,
    17.321733334871));
#3845 = CARTESIAN_POINT('',(4.480928828535,24.088171559013,
    9.466616878735));
#3846 = CARTESIAN_POINT('',(12.901727061443,22.898194295634,
    0.964931892259));
#3847 = CARTESIAN_POINT('',(19.907718386471,16.115495728973,
    -6.121946186337));
#3848 = CARTESIAN_POINT('',(23.772660562181,5.367688501578,
    -10.06777511561));
#3849 = CARTESIAN_POINT('',(23.528322961361,-6.742140821204,
    -9.904324268362));
#3850 = CARTESIAN_POINT('',(19.204451620188,-17.26587641948,
    -5.661339680756));
#3851 = CARTESIAN_POINT('',(11.826367527165,-23.62808657315,
    1.635857658699));
#3852 = CARTESIAN_POINT('',(3.169605228757,-24.25627972428,
    10.211733203541));
#3853 = CARTESIAN_POINT('',(-4.669709826695,-18.96947247106,
    17.970161505426));
#3854 = CARTESIAN_POINT('',(-9.784793788616,-9.029074814844,
    23.004358713779));
#3855 = CARTESIAN_POINT('',(-10.924393531,3.161955915264,24.063071702603
    ));
#3856 = CARTESIAN_POINT('',(-7.801256283119,14.639970774035,
    20.859047701147));
#3857 = CARTESIAN_POINT('',(-1.166845587597,22.601093581209,
    14.143750252057));
#3858 = CARTESIAN_POINT('',(7.367050081927,25.086148992536,
    5.528967828965));
#3859 = CARTESIAN_POINT('',(15.71749432191,21.46274297781,
    -2.902363164584));
#3860 = CARTESIAN_POINT('',(21.836402022447,12.585887651508,
    -9.102157618689));
#3861 = CARTESIAN_POINT('',(24.21044092208,0.596443818624,
    -11.55708327189));
#3862 = CARTESIAN_POINT('',(22.232819324261,-11.59515430679,
    -9.660348427638));
#3863 = CARTESIAN_POINT('',(16.355629037958,-21.01540143578,
    -3.864044894903));
#3864 = CARTESIAN_POINT('',(7.984531677281,-25.35294966743,
    4.426165712206));
#3865 = CARTESIAN_POINT('',(-0.859728318202,-23.52568296161,
    13.189538954123));
#3866 = CARTESIAN_POINT('',(-8.031484739776,-15.9505184187,
    20.280408622129));
#3867 = CARTESIAN_POINT('',(-11.78309037092,-4.448703755776,
    23.951127499714));
#3868 = CARTESIAN_POINT('',(-11.1931868229,8.191987226598,
    23.280337198122));
#3869 = CARTESIAN_POINT('',(-6.395358642512,18.892934929231,
    18.401622264163));
#3870 = CARTESIAN_POINT('',(1.449552408062,25.034466364207,
    10.475824460021));
#3871 = CARTESIAN_POINT('',(10.431909330326,25.097149148113,
    1.41258078419));
#3872 = CARTESIAN_POINT('',(18.355735078725,19.037604057736,
    -6.592131717777));
#3873 = CARTESIAN_POINT('',(23.273171378833,8.305907409041,
    -11.59045477145));
#3874 = CARTESIAN_POINT('',(23.960864118846,-4.501318017268,
    -12.35903426503));
#3875 = CARTESIAN_POINT('',(20.221769052156,-16.26915561891,
    -8.70082595191));
#3876 = CARTESIAN_POINT('',(12.937934802703,-24.12199083174,
    -1.497878456025));
#3877 = CARTESIAN_POINT('',(3.860242193295,-26.12619126911,
    7.498927399816));
#3878 = CARTESIAN_POINT('',(-4.814800739627,-21.7661681997,
    16.09308357917));
#3879 = CARTESIAN_POINT('',(-10.97892015846,-12.07662811033,
    22.176316244444));
#3880 = CARTESIAN_POINT('',(-13.12683945569,0.602820136351,
    24.243348788099));
#3881 = CARTESIAN_POINT('',(-10.72625897004,13.192544763023,
    21.761881548886));
#3882 = CARTESIAN_POINT('',(-4.352124345059,22.620880419608,
    15.306860170333));
#3883 = CARTESIAN_POINT('',(4.448642800006,26.573554484601,6.4252062717)
  );
#3884 = CARTESIAN_POINT('',(13.530164425591,24.061706062,-2.737202107453
    ));
#3885 = CARTESIAN_POINT('',(20.668434944498,15.669091956646,
    -9.956359379927));
#3886 = CARTESIAN_POINT('',(24.103549315213,3.416723648634,
    -13.47236050421));
#3887 = CARTESIAN_POINT('',(22.971131763945,-9.723753586725,
    -12.4208297065));
#3888 = CARTESIAN_POINT('',(17.517208791388,-20.55078408214,
    -7.047793487519));
#3889 = CARTESIAN_POINT('',(9.043135154345,-26.41293029987,
    1.345393395956));
#3890 = CARTESIAN_POINT('',(-0.407192447553,-25.8581601731,
    10.714834244287));
#3891 = CARTESIAN_POINT('',(-8.542666340255,-18.99340093947,
    18.769421383422));
#3892 = CARTESIAN_POINT('',(-13.38280401851,-7.465352444428,
    23.52867230811));
#3893 = CARTESIAN_POINT('',(-13.74226821211,5.934434490431,
    23.807249748144));
#3894 = CARTESIAN_POINT('',(-9.523537436241,17.94552292021,
    19.507632218705));
#3895 = CARTESIAN_POINT('',(-1.745478761222,25.631919436312,
    11.648686790118));
#3896 = CARTESIAN_POINT('',(7.700308717695,27.09973563742,2.122012557634
    ));
#3897 = CARTESIAN_POINT('',(16.507128858571,21.963762626833,
    -6.76569433681));
#3898 = CARTESIAN_POINT('',(22.514090150481,11.448030976952,
    -12.85354238228));
#3899 = CARTESIAN_POINT('',(24.233884025139,-1.905775023189,
    -14.65422301051));
#3900 = CARTESIAN_POINT('',(21.218536296533,-14.85262057954,
    -11.71976203547));
#3901 = CARTESIAN_POINT('',(14.173197525748,-24.23267652093,
    -4.755310018257));
#3902 = CARTESIAN_POINT('',(4.789118928947,-27.74250658561,
    4.547881824977));
#3903 = CARTESIAN_POINT('',(-4.66465429706,-24.50067150557,
    13.920768297417));
#3904 = CARTESIAN_POINT('',(-11.89230415814,-15.26887777454,
    21.067531404933));
#3905 = CARTESIAN_POINT('',(-15.13116471077,-2.273235732876,24.225505204
    ));
#3906 = CARTESIAN_POINT('',(-13.58399163346,11.332487416649,
    22.597445373117));
#3907 = CARTESIAN_POINT('',(-7.617574424273,22.232213737811,
    16.550141410361));
#3908 = CARTESIAN_POINT('',(1.321761426585,27.755769649555,
    7.529918805934));
#3909 = CARTESIAN_POINT('',(11.056358479861,26.532987173887,
    -2.285565000909));
#3910 = CARTESIAN_POINT('',(19.205317202704,18.833465605209,
    -10.51541047732));
#3911 = CARTESIAN_POINT('',(23.764409600179,6.507771489302,
    -15.15538962836));
#3912 = CARTESIAN_POINT('',(23.596567647607,-7.457270999002,
    -15.06843442935));
#3913 = CARTESIAN_POINT('',(18.71291445879,-19.66234856748,
    -10.2656679941));
#3914 = CARTESIAN_POINT('',(10.274896338864,-27.12310567105,
    -1.90853662775));
#3915 = CARTESIAN_POINT('',(0.315819050667,-27.9998560197,7.96965390688)
  );
#3916 = CARTESIAN_POINT('',(-8.751463612248,-22.05113914274,
    16.956049816229));
#3917 = CARTESIAN_POINT('',(-14.72151191676,-10.69932046056,
    22.845211367174));
#3918 = CARTESIAN_POINT('',(-16.13512583638,3.309394011944,
    24.177938533227));
#3919 = CARTESIAN_POINT('',(-12.63839210723,16.569289241617,
    20.600318050512));
#3920 = CARTESIAN_POINT('',(-5.07361694013,25.843117286902,
    12.95465612984));
#3921 = CARTESIAN_POINT('',(4.721154390483,28.852425817901,
    3.078998045659));
#3922 = CARTESIAN_POINT('',(14.356338261918,24.837293308009,
    -6.637072579343));
#3923 = CARTESIAN_POINT('',(21.471389039294,14.747975631351,
    -13.83301011028));
#3924 = CARTESIAN_POINT('',(24.310693873364,1.020191214766,
    -16.75320169792));
#3925 = CARTESIAN_POINT('',(22.154287551521,-13.01286035731,
    -14.67768212964));
#3926 = CARTESIAN_POINT('',(15.49772429831,-23.92981738722,
    -8.102005630005));
#3927 = CARTESIAN_POINT('',(5.936198412682,-29.05530678196,
    1.378633502056));
#3928 = CARTESIAN_POINT('',(-4.220034399634,-27.11555557642,
    11.453979560804));
#3929 = CARTESIAN_POINT('',(-12.50622695176,-18.55481036935,
    19.65928535937));
#3930 = CARTESIAN_POINT('',(-16.90368402614,-5.433994780003,
    23.975855680176));
#3931 = CARTESIAN_POINT('',(-16.33395522063,9.065380014803,
    23.325240121101));
#3932 = CARTESIAN_POINT('',(-10.92569891367,21.412651553767,
    17.836097060573));
#3933 = CARTESIAN_POINT('',(-1.988199378638,28.587737933409,
    8.817710771971));
#3934 = CARTESIAN_POINT('',(8.303193079281,28.819816787548,
    -1.554568439516));
#3935 = CARTESIAN_POINT('',(17.434137726715,22.024283018622,
    -10.76639984051));
#3936 = CARTESIAN_POINT('',(23.163189747528,9.830184306191,
    -16.57633861489));
#3937 = CARTESIAN_POINT('',(24.06958955011,-4.810208644031,
    -17.56362517104));
#3938 = CARTESIAN_POINT('',(19.90308245799,-18.3361462598,
    -13.47800483249));
#3939 = CARTESIAN_POINT('',(11.649647568267,-27.44442409472,
    -5.305456696339));
#3940 = CARTESIAN_POINT('',(1.295965131829,-29.89605763069,
    4.967338986531));
#3941 = CARTESIAN_POINT('',(-8.651133007099,-25.06661229103,
    14.833550371892));
#3942 = CARTESIAN_POINT('',(-15.77399628237,-14.10493363332,
    21.875526893602));
#3943 = CARTESIAN_POINT('',(-18.33416195845,0.339998150484,
    24.354805816109));
#3944 = CARTESIAN_POINT('',(-15.69905046076,14.759183650441,
    21.638807564858));
#3945 = CARTESIAN_POINT('',(-8.500627055146,25.636016227063,
    14.35949740567));
#3946 = CARTESIAN_POINT('',(1.513730183718,30.303921969985,
    4.264253413237));
#3947 = CARTESIAN_POINT('',(11.902998334774,27.60006485765,
    -6.205901491386));
#3948 = CARTESIAN_POINT('',(20.125117642889,18.154870956979,
    -14.50890755306));
#3949 = CARTESIAN_POINT('',(24.156572830515,4.245322076888,
    -18.62124949426));
#3950 = CARTESIAN_POINT('',(22.987936229051,-10.75391290187,
    -17.53349964636));
#3951 = CARTESIAN_POINT('',(16.874022698541,-23.18921605663,
    -11.50047286942));
#3952 = CARTESIAN_POINT('',(7.276683180407,-30.01799343736,
    -1.984020104856));
#3953 = CARTESIAN_POINT('',(-3.487010973613,-29.5530975626,
    8.698787295597));
#3954 = CARTESIAN_POINT('',(-12.8065341292,-21.87956877135,
    17.937423697623));
#3955 = CARTESIAN_POINT('',(-18.41342667492,-8.840778597606,
    23.463429489779));
#3956 = CARTESIAN_POINT('',(-18.93585505819,6.404317258205,
    23.904971119473));
#3957 = CARTESIAN_POINT('',(-14.23664344263,20.146494773063,
    19.124872750344));
#3958 = CARTESIAN_POINT('',(-5.451495637817,29.028738153959,
    10.258838191963));
#3959 = CARTESIAN_POINT('',(5.283072164292,30.866299137313,
    -0.556616363713));
#3960 = CARTESIAN_POINT('',(15.346928472579,25.184015849339,
    -10.70135942556));
#3961 = CARTESIAN_POINT('',(22.27345657729,13.338756884095,
    -17.70877428384));
#3962 = CARTESIAN_POINT('',(24.351688599452,-1.80446463716,
    -19.86789305957));
#3963 = CARTESIAN_POINT('',(21.046455877218,-16.56542483198,
    -16.64354709091));
#3964 = CARTESIAN_POINT('',(13.133390451383,-27.34308389996,
    -8.811368418642));
#3965 = CARTESIAN_POINT('',(2.514764405231,-31.49408014674,
    1.726370873943));
#3966 = CARTESIAN_POINT('',(-8.240134558564,-27.98101079324,
    12.40038308417));
#3967 = CARTESIAN_POINT('',(-16.5190433762,-17.63151881721,
    20.598405148245));
#3968 = CARTESIAN_POINT('',(-20.30361061894,-2.943522038546,
    24.30208563742));
#3969 = CARTESIAN_POINT('',(-18.66385344256,12.517633331661,
    22.581441707467));
#3970 = CARTESIAN_POINT('',(-11.98905729383,24.984614374339,
    15.825758805169));
#3971 = CARTESIAN_POINT('',(-1.897812065439,31.406065079602,
    5.653626823208));
#3972 = CARTESIAN_POINT('',(9.152083373708,30.193417462282,
    -5.477155369507));
#3973 = CARTESIAN_POINT('',(18.459840678049,21.613775875999,
    -14.86579942741));
#3974 = CARTESIAN_POINT('',(23.739394581362,7.731731103141,
    -20.22624008429));
#3975 = CARTESIAN_POINT('',(23.678438367195,-8.087394829955,
    -20.24617062369));
#3976 = CARTESIAN_POINT('',(18.262078532288,-21.99336617692,
    -14.91069754235));
#3977 = CARTESIAN_POINT('',(8.781299436704,-30.58814689572,
    -5.510805200339));
#3978 = CARTESIAN_POINT('',(-2.477000120937,-31.75622483174,
    5.666607603734));
#3979 = CARTESIAN_POINT('',(-12.78399055635,-25.18525672328,
    15.892711285586));
#3980 = CARTESIAN_POINT('',(-19.63272006119,-12.44891473454,
    22.660554036856));
#3981 = CARTESIAN_POINT('',(-21.35027163653,3.369890593064,
    24.297218858632));
#3982 = CARTESIAN_POINT('',(-17.5087913696,18.425225598039,
    20.374851838129));
#3983 = CARTESIAN_POINT('',(-9.034409115032,29.04317183051,
    11.819582829991));
#3984 = CARTESIAN_POINT('',(2.013623273516,32.618357531255,
    0.690663687876));
#3985 = CARTESIAN_POINT('',(12.940927635278,28.253206887812,
    -10.31752742745));
#3986 = CARTESIAN_POINT('',(21.072702240851,16.983072117561,
    -18.53018878659));
#3987 = CARTESIAN_POINT('',(24.406046536777,1.530830122419,
    -21.94441983608));
#3988 = CARTESIAN_POINT('',(22.100821528414,-14.35093201508,
    -19.72008158129));
#3989 = CARTESIAN_POINT('',(14.688753127325,-26.79123061047,
    -12.38889993377));
#3990 = CARTESIAN_POINT('',(3.948761706708,-32.74418847435,
    -1.729795266721));
#3991 = CARTESIAN_POINT('',(-7.522297023968,-30.73475857024,
    9.660376710388));
#3992 = CARTESIAN_POINT('',(-16.93989967276,-21.22410355758,
    18.997092605621));
#3993 = CARTESIAN_POINT('',(-22.01017575242,-6.50414262843,
    23.986481931706));
#3994 = CARTESIAN_POINT('',(-21.49101757862,9.854703216512,
    23.386437004339));
#3995 = CARTESIAN_POINT('',(-15.49877037673,23.869543576174,
    17.313303048889));
#3996 = CARTESIAN_POINT('',(-5.484713531389,32.11470716516,
    7.218359449972));
#3997 = CARTESIAN_POINT('',(6.113960748584,32.559118502723,
    -4.461201583569));
#3998 = CARTESIAN_POINT('',(16.465029539054,25.066458216056,
    -14.8931571276));
#3999 = CARTESIAN_POINT('',(23.030194205084,11.435370211953,
    -21.5392085472));
#4000 = CARTESIAN_POINT('',(24.18552487526,-5.032560511971,
    -22.77542597094));
#4001 = CARTESIAN_POINT('',(19.619834867917,-20.33183660834,
    -18.29062271717));
#4002 = CARTESIAN_POINT('',(10.416861583289,-30.72849419315,
    -9.168536186111));
#4003 = CARTESIAN_POINT('',(-1.207112723353,-33.66916639202,
    2.374551366963));
#4004 = CARTESIAN_POINT('',(-12.43381309668,-28.41238448044,
    13.520364986728));
#4005 = CARTESIAN_POINT('',(-20.53927142918,-16.20712949274,
    21.544936565664));
#4006 = CARTESIAN_POINT('',(-22.5368106734,-5.410929463762,23.4885513075
    ));
#4007 = CARTESIAN_POINT('',(-22.56377292459,-1.119248361528E-12,
    23.4885513075));
#4008 = CARTESIAN_POINT('',(21.420204602618,-3.838290503547E-14,
    23.191365436116));
#4009 = CARTESIAN_POINT('',(21.36628010024,0.415725671579,
    23.191365436116));
#4010 = CARTESIAN_POINT('',(21.577164474568,1.329638260144,
    22.872632057031));
#4011 = CARTESIAN_POINT('',(22.622909819344,1.615430734281,
    21.66511320512));
#4012 = CARTESIAN_POINT('',(23.376001483202,0.327677240413,
    20.750248034128));
#4013 = CARTESIAN_POINT('',(22.953275763065,-1.482442042222,
    21.01120024713));
#4014 = CARTESIAN_POINT('',(21.522130448778,-2.088558918439,
    22.280572054282));
#4015 = CARTESIAN_POINT('',(20.283113471285,-0.72356523531,
    23.35781552464));
#4016 = CARTESIAN_POINT('',(20.401830515549,1.519540441096,
    23.07732497324));
#4017 = CARTESIAN_POINT('',(21.846448018086,2.54778405649,
    21.470933963568));
#4018 = CARTESIAN_POINT('',(23.278629372037,1.218977313731,
    19.876979102483));
#4019 = CARTESIAN_POINT('',(23.225804035011,-1.428527090695,
    19.768030932374));
#4020 = CARTESIAN_POINT('',(21.508949355834,-2.964137607095,
    21.323112104416));
#4021 = CARTESIAN_POINT('',(19.54655270181,-1.796237859368,
    23.123735251305));
#4022 = CARTESIAN_POINT('',(19.12830912629,1.200967574996,23.38020531969
    ));
#4023 = CARTESIAN_POINT('',(20.715341828308,3.309784200067,
    21.631399110538));
#4024 = CARTESIAN_POINT('',(22.878997843257,2.433077354731,
    19.305969588453));
#4025 = CARTESIAN_POINT('',(23.519001787001,-0.833748986357,
    18.504192137574));
#4026 = CARTESIAN_POINT('',(21.82770256635,-3.558642366574,
    20.03371785109));
#4027 = CARTESIAN_POINT('',(19.164317867134,-3.103564297946,
    22.535329043172));
#4028 = CARTESIAN_POINT('',(17.915680732774,0.329453026709,
    23.622192670397));
#4029 = CARTESIAN_POINT('',(19.290502958317,3.687328570234,
    22.085596937718));
#4030 = CARTESIAN_POINT('',(22.085301210483,3.778985817346,
    19.129025178417));
#4031 = CARTESIAN_POINT('',(23.668199136337,0.303555273091,
    17.384353745429));
#4032 = CARTESIAN_POINT('',(22.387660408138,-3.676080412348,
    18.503118966493));
#4033 = CARTESIAN_POINT('',(19.201659129978,-4.428809737722,
    21.527346737518));
#4034 = CARTESIAN_POINT('',(16.928757494416,-1.051245009943,
    23.638474865945));
#4035 = CARTESIAN_POINT('',(17.689805455828,3.509584915093,
    22.715653397399));
#4036 = CARTESIAN_POINT('',(20.862122852691,5.021722879003,19.3815624934
    ));
#4037 = CARTESIAN_POINT('',(23.51439453558,1.894229081564,
    16.567517303376));
#4038 = CARTESIAN_POINT('',(23.047244468179,-3.177676857019,
    16.872893863642));
#4039 = CARTESIAN_POINT('',(19.661932381353,-5.52671971554,
    20.096432443334));
#4040 = CARTESIAN_POINT('',(16.314752382355,-2.808253547249,
    23.281838935196));
#4041 = CARTESIAN_POINT('',(16.074354388969,2.67587510258,
    23.360463421448));
#4042 = CARTESIAN_POINT('',(19.239179357963,5.914222415781,
    20.033864945319));
#4043 = CARTESIAN_POINT('',(22.928235492744,3.764828193412,
    16.183035303403));
#4044 = CARTESIAN_POINT('',(23.630078699257,-2.005688752371,
    15.319418589754));
#4045 = CARTESIAN_POINT('',(20.483663272516,-6.157288831796,
    18.304060509361));
#4046 = CARTESIAN_POINT('',(16.177056079417,-4.731817789204,
    22.448894195325));
#4047 = CARTESIAN_POINT('',(14.893221322356,0.190014451077,
    23.59791769644));
#4048 = CARTESIAN_POINT('',(15.964294019189,3.706681927223,
    22.418995994851));
#4049 = CARTESIAN_POINT('',(18.072678483486,6.135820336193,
    20.202762525796));
#4050 = CARTESIAN_POINT('',(21.068289813268,5.765336997898,
    17.099302191258));
#4051 = CARTESIAN_POINT('',(22.897234357717,2.742219731341,
    15.162508642052));
#4052 = CARTESIAN_POINT('',(23.541633977012,-1.186028681173,14.410260018
    ));
#4053 = CARTESIAN_POINT('',(21.540849842992,-6.118123212096,
    16.276232896076));
#4054 = CARTESIAN_POINT('',(16.57036635218,-6.561883348838,
    21.084942879752));
#4055 = CARTESIAN_POINT('',(14.047821919345,-1.846683687453,
    23.472676056642));
#4056 = CARTESIAN_POINT('',(14.379803543297,2.453129584267,
    23.032845427933));
#4057 = CARTESIAN_POINT('',(16.068268212033,6.056251152517,
    21.23653175444));
#4058 = CARTESIAN_POINT('',(20.201231140093,7.356677146356,
    16.968757570435));
#4059 = CARTESIAN_POINT('',(23.226830811106,2.978474327729,
    13.808346643476));
#4060 = CARTESIAN_POINT('',(23.246874514805,-1.588600259031,
    13.68045393502));
#4061 = CARTESIAN_POINT('',(21.77541920005,-5.730011284917,
    15.044060245018));
#4062 = CARTESIAN_POINT('',(17.486675020596,-8.019905251782,
    19.197993168526));
#4063 = CARTESIAN_POINT('',(12.943308059538,-3.369589276645,
    23.57958662245));
#4064 = CARTESIAN_POINT('',(13.171322220718,3.21022289728,
    23.216761205324));
#4065 = CARTESIAN_POINT('',(15.652381774523,6.5507534643,20.627852646762
    ));
#4066 = CARTESIAN_POINT('',(18.119224478211,7.506953364616,
    18.080123189507));
#4067 = CARTESIAN_POINT('',(20.638216502212,6.63033161802,
    15.480244411938));
#4068 = CARTESIAN_POINT('',(22.562530169305,4.104289917274,
    13.475043991278));
#4069 = CARTESIAN_POINT('',(23.391449780436,0.556326485398,
    12.565237626579));
#4070 = CARTESIAN_POINT('',(22.779233853945,-4.494354211325,
    13.069604548314));
#4071 = CARTESIAN_POINT('',(19.613641608615,-7.924879265443,
    16.127347788888));
#4072 = CARTESIAN_POINT('',(15.875380873174,-7.423584947924,
    19.757759519572));
#4073 = CARTESIAN_POINT('',(13.536663496185,-5.270531677249,
    22.015590142993));
#4074 = CARTESIAN_POINT('',(12.185481587566,-1.763041296396,
    23.285885298045));
#4075 = CARTESIAN_POINT('',(12.185855459285,2.213589355762,
    23.204624672758));
#4076 = CARTESIAN_POINT('',(13.533051400214,5.714581243027,
    21.776541978262));
#4077 = CARTESIAN_POINT('',(15.914329654064,7.861015454777,
    19.314376970844));
#4078 = CARTESIAN_POINT('',(18.746461110018,8.113165312313,
    16.401358761323));
#4079 = CARTESIAN_POINT('',(21.333428265865,6.378006546817,
    13.733504851908));
#4080 = CARTESIAN_POINT('',(23.025921881374,3.054432696197,
    11.960124482832));
#4081 = CARTESIAN_POINT('',(23.386609999245,-1.066006586243,
    11.518549611394));
#4082 = CARTESIAN_POINT('',(22.297800354057,-4.983360742417,
    12.526472503014));
#4083 = CARTESIAN_POINT('',(19.99632609739,-7.734154105355,
    14.747060006113));
#4084 = CARTESIAN_POINT('',(17.019644277187,-8.627157438251,
    17.642855072749));
#4085 = CARTESIAN_POINT('',(14.078533766321,-7.417530355499,
    20.503078830048));
#4086 = CARTESIAN_POINT('',(11.884839402308,-4.372775704928,
    22.615886440493));
#4087 = CARTESIAN_POINT('',(10.976898852516,-0.214354566809,
    23.442940236719));
#4088 = CARTESIAN_POINT('',(11.584990043038,4.053231690045,
    22.753962292628));
#4089 = CARTESIAN_POINT('',(13.570656189447,7.38502454636,
    20.687409392652));
#4090 = CARTESIAN_POINT('',(16.455669931012,8.951492714193,
    17.721508897519));
#4091 = CARTESIAN_POINT('',(19.534809445674,8.34494631364,14.56148262929
    ));
#4092 = CARTESIAN_POINT('',(22.045841746822,5.685203385864,
    11.969563574574));
#4093 = CARTESIAN_POINT('',(23.355764749807,1.597191540179,
    10.578753818021));
#4094 = CARTESIAN_POINT('',(23.117792476722,-2.935692993263,
    10.73583933754));
#4095 = CARTESIAN_POINT('',(21.360169927121,-6.808115792032,
    12.412575133573));
#4096 = CARTESIAN_POINT('',(18.484124618512,-9.062336172461,
    15.207733688614));
#4097 = CARTESIAN_POINT('',(15.170280384288,-9.125018961223,
    18.440691169271));
#4098 = CARTESIAN_POINT('',(12.21532038191,-6.952784913652,
    21.314764418082));
#4099 = CARTESIAN_POINT('',(10.338089702786,-3.049613187496,
    23.111108343638));
#4100 = CARTESIAN_POINT('',(10.002328257367,1.649805823292,
    23.36598303549));
#4101 = CARTESIAN_POINT('',(11.299740658174,6.003840545591,
    21.987683881115));
#4102 = CARTESIAN_POINT('',(13.922850858738,8.941254260038,
    19.283686926984));
#4103 = CARTESIAN_POINT('',(17.235422852079,9.724734171963,
    15.890228180075));
#4104 = CARTESIAN_POINT('',(20.424382421349,8.135791581972,
    12.620381857238));
#4105 = CARTESIAN_POINT('',(22.69697721789,4.53470498062,10.266900307129
    ));
#4106 = CARTESIAN_POINT('',(23.475367018723,-0.220729915961,
    9.407623752728));
#4107 = CARTESIAN_POINT('',(22.540883162925,-4.9794346453,
    10.261220854959));
#4108 = CARTESIAN_POINT('',(20.091965122167,-8.575664344045,
    12.62925214215));
#4109 = CARTESIAN_POINT('',(16.700525573891,-10.11456945075,
    15.939804936859));
#4110 = CARTESIAN_POINT('',(13.17622937671,-9.194754274232,
    19.383214380472));
#4111 = CARTESIAN_POINT('',(10.370873432995,-6.012505172423,
    22.10768357062));
#4112 = CARTESIAN_POINT('',(8.970127948023,-1.320730423807,
    23.427542302024));
#4113 = CARTESIAN_POINT('',(9.323555924005,3.749028583893,
    22.993227572475));
#4114 = CARTESIAN_POINT('',(11.355035736903,7.95947465988,
    20.880861006009));
#4115 = CARTESIAN_POINT('',(14.576483557011,10.269520382054,
    17.578526432334));
#4116 = CARTESIAN_POINT('',(18.202705071136,10.091647015738,
    13.871418164641));
#4117 = CARTESIAN_POINT('',(21.340382360899,7.44105233466,
    10.652854121311));
#4118 = CARTESIAN_POINT('',(23.205714750019,2.938789121605,
    8.706634978623));
#4119 = CARTESIAN_POINT('',(23.317689398088,-2.333533582076,
    8.513773576987));
#4120 = CARTESIAN_POINT('',(21.619332753828,-7.093548200057,
    10.131243467679));
#4121 = CARTESIAN_POINT('',(18.49641473324,-10.17003402385,13.1732747347
    ));
#4122 = CARTESIAN_POINT('',(14.687875929736,-10.79106675718,
    16.900926784636));
#4123 = CARTESIAN_POINT('',(11.108727672424,-8.777528405951,
    20.399188288382));
#4124 = CARTESIAN_POINT('',(8.627859817997,-4.593508658263,
    22.79916938924));
#4125 = CARTESIAN_POINT('',(7.854710934216,0.760325789555,
    23.491431519455));
#4126 = CARTESIAN_POINT('',(8.98717363046,5.985980232094,22.278082069642
    ));
#4127 = CARTESIAN_POINT('',(11.758669266251,9.802815759316,
    19.425699680285));
#4128 = CARTESIAN_POINT('',(15.498432024795,11.261377570236,
    15.605050168173));
#4129 = CARTESIAN_POINT('',(19.291448956438,9.979465862423,
    11.731146482962));
#4130 = CARTESIAN_POINT('',(22.199935606822,6.241779261358,8.74177307901
    ));
#4131 = CARTESIAN_POINT('',(23.492741471547,0.937267498336,
    7.368080460719));
#4132 = CARTESIAN_POINT('',(22.826568435846,-4.652176252606,
    7.953366742851));
#4133 = CARTESIAN_POINT('',(20.334101146465,-9.161483161795,
    10.364947278665));
#4134 = CARTESIAN_POINT('',(16.59648582811,-11.47578552607,
    14.021675843453));
#4135 = CARTESIAN_POINT('',(12.505694328377,-11.00598630883,
    18.031580589618));
#4136 = CARTESIAN_POINT('',(9.049345548536,-7.838423079036,
    21.407042615892));
#4137 = CARTESIAN_POINT('',(7.069889673387,-2.720670389535,
    23.305611737474));
#4138 = CARTESIAN_POINT('',(7.05687424069,3.114722687186,23.237740416603
    ));
#4139 = CARTESIAN_POINT('',(9.023507076613,8.247044058602,
    21.190220827113));
#4140 = CARTESIAN_POINT('',(12.498602557386,11.413311782353,
    17.634238592772));
#4141 = CARTESIAN_POINT('',(16.637049093266,11.819036157949,
    13.414905303325));
#4142 = CARTESIAN_POINT('',(20.422936816185,9.337395428902,
    9.548130826838));
#4143 = CARTESIAN_POINT('',(22.916530233846,4.546934983708,
    6.973650655609));
#4144 = CARTESIAN_POINT('',(23.485045668362,-1.403048281691,
    6.324248467526));
#4145 = CARTESIAN_POINT('',(21.960564376936,-7.068180399058,
    7.767843005385));
#4146 = CARTESIAN_POINT('',(18.68569775436,-11.05963353016,
    10.961822874393));
#4147 = CARTESIAN_POINT('',(14.434723084289,-12.38458438189,
    15.131910790897));
#4148 = CARTESIAN_POINT('',(10.228283609872,-10.69305187602,
    19.257463511747));
#4149 = CARTESIAN_POINT('',(7.08598610719,-6.369772080976,
    22.318874260861));
#4150 = CARTESIAN_POINT('',(5.776864962267,-0.447120069858,
    23.547108652217));
#4151 = CARTESIAN_POINT('',(6.628781651209,5.641324539188,
    22.614305209707));
#4152 = CARTESIAN_POINT('',(9.443983490768,10.407765454877,
    19.71821661658));
#4153 = CARTESIAN_POINT('',(13.542503800942,12.673747587186,
    15.538809552839));
#4154 = CARTESIAN_POINT('',(17.923991672472,11.861447355012,
    11.076434927742));
#4155 = CARTESIAN_POINT('',(21.509476114941,8.140711350941,
    7.410063731705));
#4156 = CARTESIAN_POINT('',(23.404638081839,2.394497511987,5.43401501124
    ));
#4157 = CARTESIAN_POINT('',(23.120351658661,-3.99052002312,
    5.637414680849));
#4158 = CARTESIAN_POINT('',(20.696117717643,-9.458558175436,
    7.980761868301));
#4159 = CARTESIAN_POINT('',(16.695280264164,-12.66380889299,
    11.900712568211));
#4160 = CARTESIAN_POINT('',(12.072014169882,-12.80163189273,
    16.443091908927));
#4161 = CARTESIAN_POINT('',(7.941460316505,-9.810362149569,
    20.492759008736));
#4162 = CARTESIAN_POINT('',(5.308377736729,-4.393162229895,
    23.044954834946));
#4163 = CARTESIAN_POINT('',(4.820339976902,2.147064728918,
    23.452105841205));
#4164 = CARTESIAN_POINT('',(6.60609410384,8.220994653674,21.585464960699
    ));
#4165 = CARTESIAN_POINT('',(10.239404474934,12.339099261728,
    17.871267836037));
#4166 = CARTESIAN_POINT('',(14.838354505341,13.476906768986,
    13.191431052062));
#4167 = CARTESIAN_POINT('',(19.277017879043,11.329742729249,
    8.671880924793));
#4168 = CARTESIAN_POINT('',(22.458705422393,6.393636726211,
    5.409306627876));
#4169 = CARTESIAN_POINT('',(23.58447491506,-0.148940202469,
    4.202650381641));
#4170 = CARTESIAN_POINT('',(22.351165093919,-6.712270698156,
    5.355073449215));
#4171 = CARTESIAN_POINT('',(19.029883215044,-11.69171299821,
    8.595468574523));
#4172 = CARTESIAN_POINT('',(14.404698960929,-13.85600520703,
    13.13976607507));
#4173 = CARTESIAN_POINT('',(9.585327318834,-12.65164295949,
    17.878250963599));
#4174 = CARTESIAN_POINT('',(5.738535460361,-8.344103947955,
    21.644156068502));
#4175 = CARTESIAN_POINT('',(3.803281344272,-1.959963031106,
    23.498523431026));
#4176 = CARTESIAN_POINT('',(4.259131096002,4.957651296666,
    22.961786925727));
#4177 = CARTESIAN_POINT('',(7.005062254798,10.722033030514,
    20.134969013365));
#4178 = CARTESIAN_POINT('',(11.379240092022,13.914162923119,
    15.679904422573));
#4179 = CARTESIAN_POINT('',(16.316124635123,13.731983946305,
    10.662133125904));
#4180 = CARTESIAN_POINT('',(20.603637991295,10.191728552659,
    6.293733016164));
#4181 = CARTESIAN_POINT('',(23.178329215814,4.130808573699,
    3.638155038078));
#4182 = CARTESIAN_POINT('',(23.386658282479,-2.990100454463,
    3.348939217845));
#4183 = CARTESIAN_POINT('',(21.148208832938,-9.439046220037,
    5.506501913818));
#4184 = CARTESIAN_POINT('',(16.980095934877,-13.6340460659,
    9.593728058313));
#4185 = CARTESIAN_POINT('',(11.875451488685,-14.53113716856,
    14.617485750937));
#4186 = CARTESIAN_POINT('',(7.064505015323,-11.88405003813,
    19.347545470732));
#4187 = CARTESIAN_POINT('',(3.715729135598,-6.310944567417,
    22.615434596889));
#4188 = CARTESIAN_POINT('',(2.649648966967,0.849688337579,
    23.600628011953));
#4189 = CARTESIAN_POINT('',(4.135408476999,7.860434208828,
    22.033981748354));
#4190 = CARTESIAN_POINT('',(7.820514321128,13.006507201303,
    18.267989150657));
#4191 = CARTESIAN_POINT('',(12.812012636022,15.015165975962,
    13.195604082195));
#4192 = CARTESIAN_POINT('',(17.890464709617,13.37041172552,
    8.036265255032));
#4193 = CARTESIAN_POINT('',(21.805459808859,8.445175260307,
    4.040383402223));
#4194 = CARTESIAN_POINT('',(23.58105336191,1.417214339465,2.183903095605
    ));
#4195 = CARTESIAN_POINT('',(22.756522013086,-6.012431067258,
    2.927547690862));
#4196 = CARTESIAN_POINT('',(19.503054543704,-12.03114397558,
    6.100128406676));
#4197 = CARTESIAN_POINT('',(14.586868584578,-15.15695352626,
    10.935427612235));
#4198 = CARTESIAN_POINT('',(9.186566254578,-14.60338776709,
    16.254843188668));
#4199 = CARTESIAN_POINT('',(4.608246687321,-10.47714313132,
    20.752276002357));
#4200 = CARTESIAN_POINT('',(1.967234158104,-3.758938747997,
    23.312401778006));
#4201 = CARTESIAN_POINT('',(1.913978581979,3.929445109902,
    23.284770600564));
#4202 = CARTESIAN_POINT('',(4.471484138898,10.71663982909,
    20.646378290078));
#4203 = CARTESIAN_POINT('',(9.024870639786,14.93718346311,
    16.012105035622));
#4204 = CARTESIAN_POINT('',(14.466786125913,15.540169513051,
    10.489302795927));
#4205 = CARTESIAN_POINT('',(19.464311377283,12.350787276036,
    5.41089079099));
#4206 = CARTESIAN_POINT('',(22.783030587548,6.119695582335,
    2.011284827157));
#4207 = CARTESIAN_POINT('',(23.589477467362,-1.65344854465,
    1.123951193775));
#4208 = CARTESIAN_POINT('',(21.657857276465,-9.080871520318,
    2.974684631105));
#4209 = CARTESIAN_POINT('',(17.4297901572,-14.34514280754,7.121864996802
    ));
#4210 = CARTESIAN_POINT('',(11.911369782052,-16.14387275371,
    12.559398618383));
#4211 = CARTESIAN_POINT('',(6.431486189991,-14.01184089414,
    17.958395456878));
#4212 = CARTESIAN_POINT('',(2.319456806304,-8.440901059778,
    21.989538086996));
#4213 = CARTESIAN_POINT('',(0.580166729636,-0.766855054636,
    23.647941410097));
#4214 = CARTESIAN_POINT('',(1.646106447487,7.150774123244,
    22.501114938679));
#4215 = CARTESIAN_POINT('',(5.267481920278,13.379320588485,
    18.798852712321));
#4216 = CARTESIAN_POINT('',(10.568268991956,16.384728568283,
    13.417178887075));
#4217 = CARTESIAN_POINT('',(16.25572334685,15.409328794607,
    7.648837778613));
#4218 = CARTESIAN_POINT('',(20.933255213665,10.662619834528,
    2.890419158231));
#4219 = CARTESIAN_POINT('',(23.440948118577,3.27706927553,0.301839499751
    ));
#4220 = CARTESIAN_POINT('',(23.140696131359,-4.961960432408,
    0.521204733401));
#4221 = CARTESIAN_POINT('',(20.07587248237,-12.04778057677,
    3.505141628824));
#4222 = CARTESIAN_POINT('',(14.965606701365,-16.24112274387,
    8.534520656261));
#4223 = CARTESIAN_POINT('',(9.033886767265,-16.49702491148,
    14.385353836794));
#4224 = CARTESIAN_POINT('',(3.714075706934,-12.725089512,19.624278143557
    ));
#4225 = CARTESIAN_POINT('',(0.300170650116,-5.818327337676,
    22.957296446808));
#4226 = CARTESIAN_POINT('',(-0.370346091091,2.558098189731,
    23.546926434447));
#4227 = CARTESIAN_POINT('',(1.875663095481,10.368292000555,
    21.220030494308));
#4228 = CARTESIAN_POINT('',(6.500036278291,15.700451937733,
    16.51477055793));
#4229 = CARTESIAN_POINT('',(12.379832322151,17.234829945247,
    10.554087760503));
#4230 = CARTESIAN_POINT('',(18.077618768525,14.570288445062,
    4.775414560561));
#4231 = CARTESIAN_POINT('',(22.190478030775,8.328671035704,
    0.581668544744));
#4232 = CARTESIAN_POINT('',(23.692994272039,9.944932298039E-03,
    -1.001734450088));
#4233 = CARTESIAN_POINT('',(22.190368844351,-8.368208171947,
    0.420004224032));
#4234 = CARTESIAN_POINT('',(18.019197113238,-14.75976887333,
    4.510289201579));
#4235 = CARTESIAN_POINT('',(12.170237966219,-17.590030425,10.27836159503
    ));
#4236 = CARTESIAN_POINT('',(6.050830880268,-16.14350644236,
    16.316881927413));
#4237 = CARTESIAN_POINT('',(1.143919972269,-10.74455388659,
    21.142906081846));
#4238 = CARTESIAN_POINT('',(-1.353703616473,-2.685172266368,
    23.559642917019));
#4239 = CARTESIAN_POINT('',(-0.825692314691,6.084089396775,
    22.950744861671));
#4240 = CARTESIAN_POINT('',(2.609392684124,13.426193795314,
    19.434773109288));
#4241 = CARTESIAN_POINT('',(8.122120488977,17.538402714937,
    13.841158550867));
#4242 = CARTESIAN_POINT('',(14.370055425535,17.39487699279,
    7.512336860741));
#4243 = CARTESIAN_POINT('',(19.822265442386,13.002432171187,
    1.979240090324));
#4244 = CARTESIAN_POINT('',(23.132033900418,5.405722590948,
    -1.411415121277));
#4245 = CARTESIAN_POINT('',(23.467036514849,-3.561073207552,
    -1.827304489275));
#4246 = CARTESIAN_POINT('',(20.716037694266,-11.7170750436,0.84280757774
    ));
#4247 = CARTESIAN_POINT('',(15.520796510005,-17.06512872262,
    5.957162008435));
#4248 = CARTESIAN_POINT('',(9.124240647212,-18.2808296526,
    12.272831117659));
#4249 = CARTESIAN_POINT('',(3.070797333398,-15.04040439078,
    18.245387677907));
#4250 = CARTESIAN_POINT('',(-1.168875203547,-8.106300038156,
    22.404173461284));
#4251 = CARTESIAN_POINT('',(-2.557572364601,0.852001684547,
    23.71198386877));
#4252 = CARTESIAN_POINT('',(-0.747676514191,9.659887807826,
    21.821201264793));
#4253 = CARTESIAN_POINT('',(3.829498853279,16.165494241359,
    17.163139143756));
#4254 = CARTESIAN_POINT('',(10.064052567748,18.765422373014,
    10.847698675719));
#4255 = CARTESIAN_POINT('',(16.434232034763,16.799857463357,
    4.396632455137));
#4256 = CARTESIAN_POINT('',(21.375469442971,10.719736429231,
    -0.625491706639));
#4257 = CARTESIAN_POINT('',(23.662225091771,1.983677764919,
    -2.993134109007));
#4258 = CARTESIAN_POINT('',(22.7094471141,-7.291866737356,
    -2.121242884903));
#4259 = CARTESIAN_POINT('',(18.71950245753,-14.84534587988,1.7878150181)
  );
#4260 = CARTESIAN_POINT('',(12.637713850901,-18.82151575333,
    7.788716871161));
#4261 = CARTESIAN_POINT('',(5.926158606,-18.22707683448,14.419385362495)
  );
#4262 = CARTESIAN_POINT('',(0.209839862252,-13.17864875895,
    20.054817352676));
#4263 = CARTESIAN_POINT('',(-3.119144474908,-4.881215487054,
    23.302914936268));
#4264 = CARTESIAN_POINT('',(-3.243015524437,4.659374945051,
    23.34589923223));
#4265 = CARTESIAN_POINT('',(-0.121582650569,13.121288286197,
    20.143579604794));
#4266 = CARTESIAN_POINT('',(5.493135048576,18.431754451723,
    14.447975152081));
#4267 = CARTESIAN_POINT('',(12.235671503877,19.274777624267,
    7.624551943213));
#4268 = CARTESIAN_POINT('',(18.456791101797,15.417151198747,
    1.322545591726));
#4269 = CARTESIAN_POINT('',(22.624488772528,7.772037992025,
    -2.926038832574));
#4270 = CARTESIAN_POINT('',(23.698812470196,-1.817018878471,
    -4.081249283808));
#4271 = CARTESIAN_POINT('',(21.388805970493,-11.02060971936,
    -1.852129537674));
#4272 = CARTESIAN_POINT('',(16.228102839736,-17.58932520514,
    3.227686839517));
#4273 = CARTESIAN_POINT('',(9.449609896442,-19.90351499431,
    9.925293029243));
#4274 = CARTESIAN_POINT('',(2.688670078762,-17.37257862669,
    16.605346093356));
#4275 = CARTESIAN_POINT('',(-2.41383663128,-10.58536793984,
    21.626966049831));
#4276 = CARTESIAN_POINT('',(-4.612127250955,-1.173474636481,
    23.744369915938));
#4277 = CARTESIAN_POINT('',(-3.362067775074,8.580930811127,
    22.41342368649));
#4278 = CARTESIAN_POINT('',(1.041781667081,16.298466010176,
    17.928687490767));
#4279 = CARTESIAN_POINT('',(7.533105446704,20.082934090806,
    11.356476957577));
#4280 = CARTESIAN_POINT('',(14.529619743627,18.987177401072,
    4.279075907085));
#4281 = CARTESIAN_POINT('',(20.316363456862,13.249947493612,
    -1.588554559716));
#4282 = CARTESIAN_POINT('',(23.463646758989,4.244596328202,
    -4.816724615412));
#4283 = CARTESIAN_POINT('',(23.177800359828,-5.849578419029,
    -4.611764969818));
#4284 = CARTESIAN_POINT('',(19.498680759059,-14.57470688104,
    -1.013532122616));
#4285 = CARTESIAN_POINT('',(13.294805890805,-19.79282316394,
    5.109455992071));
#4286 = CARTESIAN_POINT('',(6.05612807244,-20.20971892362,
    12.267247056869));
#4287 = CARTESIAN_POINT('',(-0.46613154904,-15.69582327818,
    18.70861992478));
#4288 = CARTESIAN_POINT('',(-4.68552844641,-7.324578449483,
    22.847130068583));
#4289 = CARTESIAN_POINT('',(-5.568669700663,2.882693626677,
    23.64938456927));
#4290 = CARTESIAN_POINT('',(-2.890692967854,12.444829091647,
    20.890521082892));
#4291 = CARTESIAN_POINT('',(2.705195709811,19.023937716587,
    15.21374565166));
#4292 = CARTESIAN_POINT('',(9.85978642539,20.996992515916,7.978268182513
    ));
#4293 = CARTESIAN_POINT('',(16.825612896319,17.856148636032,
    0.931554958017));
#4294 = CARTESIAN_POINT('',(21.891359759702,10.339070383196,
    -4.215078658934));
#4295 = CARTESIAN_POINT('',(23.799854291245,0.255909987566,
    -6.204459944044));
#4296 = CARTESIAN_POINT('',(22.057548649774,-9.946536769187,
    -4.543041056141));
#4297 = CARTESIAN_POINT('',(17.05931621227,-17.77856870358,
    0.374304627796));
#4298 = CARTESIAN_POINT('',(9.997050853302,-21.3151362504,7.355683233196
    ));
#4299 = CARTESIAN_POINT('',(2.573169515114,-19.66895741781,
    14.698677817817));
#4300 = CARTESIAN_POINT('',(-3.412126881428,-13.21292679526,
    20.603087460793));
#4301 = CARTESIAN_POINT('',(-6.499769975046,-3.496114899666,
    23.609843800841));
#4302 = CARTESIAN_POINT('',(-5.929903721116,7.127841966312,
    22.959090793345));
#4303 = CARTESIAN_POINT('',(-1.831254658984,16.070833771627,
    18.779554977645));
#4304 = CARTESIAN_POINT('',(4.805376010119,21.140767604449,
    12.062037554975));
#4305 = CARTESIAN_POINT('',(12.364220512021,21.078863238962,
    4.422306299505));
#4306 = CARTESIAN_POINT('',(18.995526973527,15.872065471284,
    -2.289886915568));
#4307 = CARTESIAN_POINT('',(23.065809760846,6.763065752124,
    -6.441056456455));
#4308 = CARTESIAN_POINT('',(23.557771705369,-4.046171716087,
    -7.013905154545));
#4309 = CARTESIAN_POINT('',(20.321989671189,-13.92667715826,
    -3.859009873933));
#4310 = CARTESIAN_POINT('',(14.118111392223,-20.46188007719,
    2.263981651466));
#4311 = CARTESIAN_POINT('',(6.434361501791,-22.03863900513,9.86684478833
    ));
#4312 = CARTESIAN_POINT('',(-0.871782848448,-18.2453492222,
    17.092102385003));
#4313 = CARTESIAN_POINT('',(-6.024995286152,-9.97889805717,
    22.164428069138));
#4314 = CARTESIAN_POINT('',(-7.765882839951,0.767212881628,
    23.82442886937));
#4315 = CARTESIAN_POINT('',(-5.661159223819,11.38357100022,
    21.638818499671));
#4316 = CARTESIAN_POINT('',(-0.21382749194,19.278477134412,
    16.110600014225));
#4317 = CARTESIAN_POINT('',(7.254595249517,22.510633556211,8.5612905192)
  );
#4318 = CARTESIAN_POINT('',(14.922277577146,20.266444607066,
    0.812721438003));
#4319 = CARTESIAN_POINT('',(20.90908954691,13.064589581948,
    -5.254977285328));
#4320 = CARTESIAN_POINT('',(23.735192988503,2.636482338097,
    -8.161967480489));
#4321 = CARTESIAN_POINT('',(22.68435017097,-8.489918260744,
    -7.192011416524));
#4322 = CARTESIAN_POINT('',(17.982763182316,-17.60292090993,
    -2.571311181436));
#4323 = CARTESIAN_POINT('',(10.748817658747,-22.46798547068,
    4.581747588564));
#4324 = CARTESIAN_POINT('',(2.724794782736,-21.87560975842,
    12.524883711009));
#4325 = CARTESIAN_POINT('',(-4.14510284753,-15.94189049092,
    19.313894587707));
#4326 = CARTESIAN_POINT('',(-8.188213330709,-6.087100778049,
    23.276118317319));
#4327 = CARTESIAN_POINT('',(-8.413065693838,5.30416509018,
    23.420083926881));
#4328 = CARTESIAN_POINT('',(-4.754895052937,15.459979852552,
    19.681026532412));
#4329 = CARTESIAN_POINT('',(1.903755646716,21.895598347341,
    12.941489079191));
#4330 = CARTESIAN_POINT('',(9.943539150484,23.021364341782,
    4.820818821856));
#4331 = CARTESIAN_POINT('',(17.399724382446,18.535285345041,
    -2.716253163674));
#4332 = CARTESIAN_POINT('',(22.439926200539,9.503347096918,
    -7.837341735334));
#4333 = CARTESIAN_POINT('',(23.811983219467,-1.893637990028,
    -9.29028550783));
#4334 = CARTESIAN_POINT('',(21.152513868705,-12.88656680575,
    -6.711702910635));
#4335 = CARTESIAN_POINT('',(15.080128239729,-20.79084715102,
    -0.720204035227));
#4336 = CARTESIAN_POINT('',(7.04944839551,-23.66199663716,7.229589055425
    ));
#4337 = CARTESIAN_POINT('',(-0.999648433153,-20.77393821598,
    15.19779913052));
#4338 = CARTESIAN_POINT('',(-7.112992216268,-12.8023563271,
    21.230256160068));
#4339 = CARTESIAN_POINT('',(-9.798948765005,-1.66687153318,
    23.835325955238));
#4340 = CARTESIAN_POINT('',(-8.39476649704,9.931166667387,
    22.350256933706));
#4341 = CARTESIAN_POINT('',(-3.232473567198,19.163991355986,
    17.107077250296));
#4342 = CARTESIAN_POINT('',(4.437169421124,23.766865869748,
    9.356547508406));
#4343 = CARTESIAN_POINT('',(12.745311651338,22.593571534189,
    0.967518524624));
#4344 = CARTESIAN_POINT('',(19.657996001904,15.90169525004,
    -6.026052579509));
#4345 = CARTESIAN_POINT('',(23.471689364617,5.296745253123,
    -9.92063269579));
#4346 = CARTESIAN_POINT('',(23.230634093294,-6.652960609188,
    -9.760464178034));
#4347 = CARTESIAN_POINT('',(18.963777367879,-17.03827750517,
    -5.574494206187));
#4348 = CARTESIAN_POINT('',(11.682563909721,-23.31746217979,
    1.625832498405));
#4349 = CARTESIAN_POINT('',(3.138951805256,-23.93822988902,
    10.088557849302));
#4350 = CARTESIAN_POINT('',(-4.598472090551,-18.72140444157,
    17.745094991542));
#4351 = CARTESIAN_POINT('',(-9.647722286875,-8.911363605591,
    22.713458434298));
#4352 = CARTESIAN_POINT('',(-10.77356833729,3.120661646998,
    23.758417731146));
#4353 = CARTESIAN_POINT('',(-7.692104856658,14.449721263457,
    20.596067496946));
#4354 = CARTESIAN_POINT('',(-1.144652789618,22.308191920962,
    13.967728676339));
#4355 = CARTESIAN_POINT('',(7.278163457416,24.761881845428,
    5.464025675736));
#4356 = CARTESIAN_POINT('',(15.520442088114,21.186030766337,
    -2.859139708528));
#4357 = CARTESIAN_POINT('',(21.560423433368,12.424076836244,
    -8.980007807351));
#4358 = CARTESIAN_POINT('',(23.903984397254,0.58891605762,-11.4044555248
    ));
#4359 = CARTESIAN_POINT('',(21.951751029934,-11.44656690046,
    -9.533108911051));
#4360 = CARTESIAN_POINT('',(16.149636130591,-20.74686219531,
    -3.811880765275));
#4361 = CARTESIAN_POINT('',(7.885029399846,-25.02981590855,
    4.371839211903));
#4362 = CARTESIAN_POINT('',(-0.847242505588,-23.22659926179,
    13.023224363769));
#4363 = CARTESIAN_POINT('',(-7.928769136511,-15.74827603097,
    20.023864241125));
#4364 = CARTESIAN_POINT('',(-11.63386348194,-4.39252460972,
    23.648071832996));
#4365 = CARTESIAN_POINT('',(-11.05248711063,8.088430201166,
    22.985808708113));
#4366 = CARTESIAN_POINT('',(-6.316149217632,18.654845531932,
    18.168584061544));
#4367 = CARTESIAN_POINT('',(1.429273994913,24.719791001247,
    10.342274095431));
#4368 = CARTESIAN_POINT('',(10.298358965736,24.782473785153,
    1.392302371041));
#4369 = CARTESIAN_POINT('',(18.122696876106,18.799514660437,
    -6.512922292898));
#4370 = CARTESIAN_POINT('',(22.978642888824,8.202350383609,
    -11.44975505918));
#4371 = CARTESIAN_POINT('',(23.657808452128,-4.445138871212,
    -12.20980737605));
#4372 = CARTESIAN_POINT('',(19.965224671151,-16.06691323118,
    -8.598110348645));
#4373 = CARTESIAN_POINT('',(12.77162021235,-23.82290713192,
    -1.485392643411));
#4374 = CARTESIAN_POINT('',(3.805915692991,-25.80305751023,7.39942512238
    ));
#4375 = CARTESIAN_POINT('',(-4.762636609998,-21.49762895924,
    15.887090671802));
#4376 = CARTESIAN_POINT('',(-10.85168064188,-11.92804070401,
    21.895247950118));
#4377 = CARTESIAN_POINT('',(-12.9742117086,0.595292375347,
    23.936892263272));
#4378 = CARTESIAN_POINT('',(-10.6041091587,13.030733947758,
    21.485902959808));
#4379 = CARTESIAN_POINT('',(-4.308900889003,22.344168208134,
    15.109807936537));
#4380 = CARTESIAN_POINT('',(4.383700646777,26.249287337494,
    6.336319647189));
#4381 = CARTESIAN_POINT('',(13.354142849873,23.768804401753,
    -2.715009309474));
#4382 = CARTESIAN_POINT('',(20.405454740296,15.478842446067,
    -9.847207953466));
#4383 = CARTESIAN_POINT('',(23.798895343756,3.375429380369,
    -13.32153531049));
#4384 = CARTESIAN_POINT('',(22.680231484464,-9.606042377471,
    -12.28375820476));
#4385 = CARTESIAN_POINT('',(17.292142277505,-20.30271605265,
    -6.976555751376));
#4386 = CARTESIAN_POINT('',(8.919959800106,-26.09488046461,
    1.314739972455));
#4387 = CARTESIAN_POINT('',(-0.417217607848,-25.54753577974,
    10.571030626842));
#4388 = CARTESIAN_POINT('',(-8.455820865686,-18.76580202515,
    18.528747131113));
#4389 = CARTESIAN_POINT('',(-13.23894392818,-7.376172232411,
    23.230983440042));
#4390 = CARTESIAN_POINT('',(-13.59512579228,5.863491241976,
    23.50627855058));
#4391 = CARTESIAN_POINT('',(-9.427643829414,17.731722441277,
    19.257909834138));
#4392 = CARTESIAN_POINT('',(-1.742892128856,25.327296674867,
    11.492271380013));
#4393 = CARTESIAN_POINT('',(7.590239347367,26.778429948155,
    2.078253150223));
#4394 = CARTESIAN_POINT('',(16.292472773996,21.703973670035,
    -6.704867029975));
#4395 = CARTESIAN_POINT('',(22.228371046296,11.312986416641,
    -12.72165205584));
#4396 = CARTESIAN_POINT('',(23.927920975981,-1.883207923554,
    -14.50208873909));
#4397 = CARTESIAN_POINT('',(20.948075366112,-14.67793422045,
    -11.60312988279));
#4398 = CARTESIAN_POINT('',(13.985344240996,-23.94838622157,
    -4.721285511244));
#4399 = CARTESIAN_POINT('',(4.710873695586,-27.41780316824,
    4.472298280599));
#4400 = CARTESIAN_POINT('',(-4.632967576933,-24.21458157251,
    13.73525279955));
#4401 = CARTESIAN_POINT('',(-11.77711691762,-15.09103014447,
    20.798515386676));
#4402 = CARTESIAN_POINT('',(-14.97923081281,-2.246915117896,
    23.919742528298));
#4403 = CARTESIAN_POINT('',(-13.45100837469,11.200875082201,
    22.310633336611));
#4404 = CARTESIAN_POINT('',(-7.554626878167,21.974700379255,
    16.333365086515));
#4405 = CARTESIAN_POINT('',(1.280633539704,27.435029093815,
    7.417217915076));
#4406 = CARTESIAN_POINT('',(10.902445409769,26.227081538559,
    -2.285480708557));
#4407 = CARTESIAN_POINT('',(18.95735895593,18.616846471954,
    -10.42128100828));
#4408 = CARTESIAN_POINT('',(23.464034980785,6.433159812646,
    -15.0088437867));
#4409 = CARTESIAN_POINT('',(23.298162602367,-7.371716163795,
    -14.92385816185));
#4410 = CARTESIAN_POINT('',(18.470385577797,-19.4374496312,
    -10.17696789085));
#4411 = CARTESIAN_POINT('',(10.128551022376,-26.81359873393,
    -1.916020089001));
#4412 = CARTESIAN_POINT('',(0.282555458706,-27.68106915139,
    7.849088721101));
#4413 = CARTESIAN_POINT('',(-8.682269248896,-21.80065897068,
    16.733026675136));
#4414 = CARTESIAN_POINT('',(-14.58541967427,-10.57810906858,
    22.555290346952));
#4415 = CARTESIAN_POINT('',(-15.98397745541,3.271836089018,
    23.872961374521));
#4416 = CARTESIAN_POINT('',(-12.52769370461,16.382102883989,
    20.33579087015));
#4417 = CARTESIAN_POINT('',(-5.049029881493,25.551860074368,
    12.776240293463));
#4418 = CARTESIAN_POINT('',(4.634926593872,28.527984186143,
    3.011397064531));
#4419 = CARTESIAN_POINT('',(14.161562315397,24.558630145748,
    -6.596125410562));
#4420 = CARTESIAN_POINT('',(21.196750192074,14.582912223275,
    -13.7122000408));
#4421 = CARTESIAN_POINT('',(24.004314477431,1.008900837816,
    -16.60065107973));
#4422 = CARTESIAN_POINT('',(21.872015001426,-12.86762984129,
    -14.54923835729));
#4423 = CARTESIAN_POINT('',(15.289538843336,-23.66341230853,
    -8.047648952771));
#4424 = CARTESIAN_POINT('',(5.83404891996,-28.73256504215,1.326954217038
    ));
#4425 = CARTESIAN_POINT('',(-4.210006188408,-26.81502634303,
    11.290122571839));
#4426 = CARTESIAN_POINT('',(-12.40518120281,-18.34963671062,
    19.404410832677));
#4427 = CARTESIAN_POINT('',(-16.75493283378,-5.374112040836,
    23.673275710085));
#4428 = CARTESIAN_POINT('',(-16.19242127184,8.965397520859,
    23.029877394575));
#4429 = CARTESIAN_POINT('',(-10.84454835634,21.177137653725,
    17.601117725506));
#4430 = CARTESIAN_POINT('',(-2.005902197925,28.274012206698,
    8.681584813518));
#4431 = CARTESIAN_POINT('',(8.172225919675,28.504234076524,
    -1.577430057649));
#4432 = CARTESIAN_POINT('',(17.203061637509,21.783650120114,
    -10.68915252905));
#4433 = CARTESIAN_POINT('',(22.869524738479,9.723066665959,
    -16.43650238358));
#4434 = CARTESIAN_POINT('',(23.766088577145,-4.757740640815,
    -17.41395297582));
#4435 = CARTESIAN_POINT('',(19.644892362557,-18.13686232175,
    -13.3736435148));
#4436 = CARTESIAN_POINT('',(11.480887390722,-27.14682612136,
    -5.290525296534));
#4437 = CARTESIAN_POINT('',(1.238988380728,-29.57257527762,
    4.870486959893));
#4438 = CARTESIAN_POINT('',(-8.601178771514,-24.79597497689,
    14.629767358568));
#4439 = CARTESIAN_POINT('',(-15.64798845712,-13.95300930485,
    21.595690290615));
#4440 = CARTESIAN_POINT('',(-18.18148792988,0.336234017058,24.0483030098
    ));
#4441 = CARTESIAN_POINT('',(-15.57558765915,14.600647173211,
    21.361515985504));
#4442 = CARTESIAN_POINT('',(-8.455143456744,25.361292152819,
    14.160185029528));
#4443 = CARTESIAN_POINT('',(1.45144524948,29.979872884722,4.172709569736
    ));
#4444 = CARTESIAN_POINT('',(11.729384338404,27.305558111778,
    -6.186116272755));
#4445 = CARTESIAN_POINT('',(19.863709419621,17.961583860454,
    -14.40132810754));
#4446 = CARTESIAN_POINT('',(23.85227265148,4.200297012684,
    -18.47077809296));
#4447 = CARTESIAN_POINT('',(22.696085447169,-10.63971769417,
    -17.39547764222));
#4448 = CARTESIAN_POINT('',(16.646932721543,-22.94359350676,
    -11.42721167016));
#4449 = CARTESIAN_POINT('',(7.150903874565,-29.70072337681,
    -2.012069576754));
#4450 = CARTESIAN_POINT('',(-3.499586821973,-29.2413974568,
    8.557534366218));
#4451 = CARTESIAN_POINT('',(-12.72156529047,-21.64930046527,
    17.698626081147));
#4452 = CARTESIAN_POINT('',(-18.27031243092,-8.747984993415,
    23.166486468037));
#4453 = CARTESIAN_POINT('',(-18.78814617045,6.337051971781,
    23.603433453996));
#4454 = CARTESIAN_POINT('',(-14.1390089211,19.935541680393,
    18.873409451081));
#4455 = CARTESIAN_POINT('',(-5.446417349317,28.725439203646,
    10.099931125723));
#4456 = CARTESIAN_POINT('',(5.175638770081,30.544471493734,
    -0.603011747241));
#4457 = CARTESIAN_POINT('',(15.134411137928,24.921986206481,
    -10.64267086865));
#4458 = CARTESIAN_POINT('',(21.988858466003,13.200298246114,
    -17.57800495029));
#4459 = CARTESIAN_POINT('',(24.045555957934,-1.785654085589,
    -19.71558919579));
#4460 = CARTESIAN_POINT('',(20.774576044714,-16.39392321939,
    -16.52549603614));
#4461 = CARTESIAN_POINT('',(12.943214288458,-27.06063143915,
    -8.775021033457));
#4462 = CARTESIAN_POINT('',(2.433857661734,-31.1694203652,1.653448839701
    ));
#4463 = CARTESIAN_POINT('',(-8.210800219866,-27.69315967317,
    12.217219967733));
#4464 = CARTESIAN_POINT('',(-16.40532686375,-17.45053381653,
    20.330859858058));
#4465 = CARTESIAN_POINT('',(-20.1519078486,-2.913451445361,
    23.99655408934));
#4466 = CARTESIAN_POINT('',(-18.52980545892,12.389470910024,
    22.293564946093));
#4467 = CARTESIAN_POINT('',(-11.92400830403,24.729411220395,
    15.606881037636));
#4468 = CARTESIAN_POINT('',(-1.936313241022,31.085932760654,
    5.538299221051));
#4469 = CARTESIAN_POINT('',(9.00068299123,29.88627006272,-5.479583764768
    ));
#4470 = CARTESIAN_POINT('',(18.213669555089,21.394367199154,
    -14.77345708219));
#4471 = CARTESIAN_POINT('',(23.439646570221,7.653461025102,
    -20.08032085089));
#4472 = CARTESIAN_POINT('',(23.379346910183,-8.005476868991,
    -20.10090794442));
#4473 = CARTESIAN_POINT('',(18.017717278995,-21.77119744209,
    -14.8201650668));
#4474 = CARTESIAN_POINT('',(8.632421751765,-30.27979900846,
    -5.51575629314));
#4475 = CARTESIAN_POINT('',(-2.512879747446,-31.4367437711,
    5.548658452503));
#4476 = CARTESIAN_POINT('',(-12.71685920086,-24.93239806987,
    15.671751152356));
#4477 = CARTESIAN_POINT('',(-19.49763570323,-12.32421944901,
    22.371640901154));
#4478 = CARTESIAN_POINT('',(-21.19883071692,3.336074062713,
    23.991949161277));
#4479 = CARTESIAN_POINT('',(-17.39657120348,18.241127548815,
    20.108802894275));
#4480 = CARTESIAN_POINT('',(-9.007441436168,28.753598206608,
    11.638786373389));
#4481 = CARTESIAN_POINT('',(1.930055556381,32.293785015824,
    0.620402627272));
#4482 = CARTESIAN_POINT('',(12.748443815097,27.972630222751,
    -10.27887238501));
#4483 = CARTESIAN_POINT('',(20.799429706952,16.8147783002,
    -18.41074503043));
#4484 = CARTESIAN_POINT('',(24.099775106923,1.515778644534,
    -21.79197718397));
#4485 = CARTESIAN_POINT('',(21.81737231969,-14.20907790215,
    -19.5904611503));
#4486 = CARTESIAN_POINT('',(14.478392766333,-26.52699550293,
    -12.33236835051));
#4487 = CARTESIAN_POINT('',(3.843968389014,-32.42188211057,
    -1.778830726767));
#4488 = CARTESIAN_POINT('',(-7.514738096269,-30.4328242192,
    9.498989004949));
#4489 = CARTESIAN_POINT('',(-16.84054769698,-21.01602614609,
    18.743911852098));
#4490 = CARTESIAN_POINT('',(-21.86193057676,-6.440564446257,
    23.684407978309));
#4491 = CARTESIAN_POINT('',(-21.34867876192,9.758308884217,
    23.090269409908));
#4492 = CARTESIAN_POINT('',(-15.41569990601,23.636636457311,
    17.076403800426));
#4493 = CARTESIAN_POINT('',(-5.499848757063,31.801973926378,
    7.079665897906));
#4494 = CARTESIAN_POINT('',(5.985584139133,32.242669548792,
    -4.486653751858));
#4495 = CARTESIAN_POINT('',(16.235936127226,24.823316618248,
    -14.81789249351));
#4496 = CARTESIAN_POINT('',(22.737422094895,11.324701699408,
    -21.40026521475));
#4497 = CARTESIAN_POINT('',(23.881608499606,-4.983801916731,
    -22.62533837303));
#4498 = CARTESIAN_POINT('',(19.360024451571,-20.1355544957,
    -18.18464107856));
#4499 = CARTESIAN_POINT('',(10.245666209813,-30.43239056363,
    -9.151169590374));
#4500 = CARTESIAN_POINT('',(-1.266738702591,-33.34543850215,
    2.280348568461));
#4501 = CARTESIAN_POINT('',(-12.38609293368,-28.13957015904,
    13.318816045985));
#4502 = CARTESIAN_POINT('',(-20.41450798028,-16.05212917806,
    21.266344339019));
#4503 = CARTESIAN_POINT('',(-22.39345357975,-5.358838244444,
    23.191365436117));
#4504 = CARTESIAN_POINT('',(-22.42041583094,-1.108874625605E-12,
    23.191365436117));
#4505 = CARTESIAN_POINT('',(21.420204602618,-3.838290503547E-14,
    23.041765785945));
#4506 = CARTESIAN_POINT('',(21.36628010024,0.380988276928,
    23.041765785945));
#4507 = CARTESIAN_POINT('',(21.550442870215,1.224493898471,
    22.749754011214));
#4508 = CARTESIAN_POINT('',(22.511768919818,1.501526663799,
    21.626654454475));
#4509 = CARTESIAN_POINT('',(23.213836366683,0.308871169589,
    20.762813500476));
#4510 = CARTESIAN_POINT('',(22.819878604167,-1.38881791686,
    20.994997755857));
#4511 = CARTESIAN_POINT('',(21.471120614192,-1.968175727139,
    22.181982238697));
#4512 = CARTESIAN_POINT('',(20.292716552353,-0.686450299983,
    23.198612793401));
#4513 = CARTESIAN_POINT('',(20.394890266843,1.43943337085,
    22.934665571776));
#4514 = CARTESIAN_POINT('',(21.760914578866,2.423706584022,
    21.406867752618));
#4515 = CARTESIAN_POINT('',(23.124319854625,1.164366541455,
    19.881688969724));
#4516 = CARTESIAN_POINT('',(23.075411451514,-1.363738156079,
    19.7688238657));
#4517 = CARTESIAN_POINT('',(21.431588330291,-2.839186362307,
    21.250873479788));
#4518 = CARTESIAN_POINT('',(19.544564394704,-1.725365053468,
    22.97612390824));
#4519 = CARTESIAN_POINT('',(19.135123023221,1.152963256748,
    23.223791772588));
#4520 = CARTESIAN_POINT('',(20.656339234943,3.186792823265,
    21.540802053731));
#4521 = CARTESIAN_POINT('',(22.739735597371,2.347548490112,
    19.295632184168));
#4522 = CARTESIAN_POINT('',(23.358417146352,-0.803617151402,
    18.515177128052));
#4523 = CARTESIAN_POINT('',(21.724227688031,-3.440399079739,
    19.987593079238));
#4524 = CARTESIAN_POINT('',(19.144170032007,-3.005318107299,
    22.405877228128));
#4525 = CARTESIAN_POINT('',(17.92889222117,0.317876674572,23.45938153183
    ));
#4526 = CARTESIAN_POINT('',(19.256605966016,3.576513815624,
    21.969894279848));
#4527 = CARTESIAN_POINT('',(21.966898723908,3.670249395483,
    19.097828014823));
#4528 = CARTESIAN_POINT('',(23.505156589582,0.296313730388,
    17.397796642012));
#4529 = CARTESIAN_POINT('',(22.26065719263,-3.575206217305,
    18.48052253183));
#4530 = CARTESIAN_POINT('',(19.158424209116,-4.3120479871,
    21.420982008209));
#4531 = CARTESIAN_POINT('',(16.940431482199,-1.025349736966,
    23.477201227992));
#4532 = CARTESIAN_POINT('',(17.677326148417,3.4209379766,22.578533054638
    ));
#4533 = CARTESIAN_POINT('',(20.768511508011,4.899582604551,
    19.32557418791));
#4534 = CARTESIAN_POINT('',(23.356849875275,1.850267139723,
    16.57546231351));
#4535 = CARTESIAN_POINT('',(22.901420053008,-3.10326677689,
    16.869118628643));
#4536 = CARTESIAN_POINT('',(19.592763631574,-5.40196949382,
    20.016001542941));
#4537 = CARTESIAN_POINT('',(16.317093886127,-2.747221832896,
    23.129897781254));
#4538 = CARTESIAN_POINT('',(16.077670956133,2.617389295925,
    23.207547204112));
#4539 = CARTESIAN_POINT('',(19.172060777595,5.789688960557,
    19.951383875516));
#4540 = CARTESIAN_POINT('',(22.783638550638,3.688112490791,
    16.178032595337));
#4541 = CARTESIAN_POINT('',(23.471856579272,-1.964457316053,
    15.328041059569));
#4542 = CARTESIAN_POINT('',(20.388015243934,-6.035787007638,
    18.250108887772));
#4543 = CARTESIAN_POINT('',(16.163183211811,-4.641172667778,
    22.31316741276));
#4544 = CARTESIAN_POINT('',(14.900838845275,0.185946280249,
    23.44070052335));
#4545 = CARTESIAN_POINT('',(15.94977788922,3.637230496238,
    22.283912474649));
#4546 = CARTESIAN_POINT('',(18.017228407555,6.022394652069,
    20.108612951556));
#4547 = CARTESIAN_POINT('',(20.957088309799,5.660630948399,
    17.060904044557));
#4548 = CARTESIAN_POINT('',(22.752870295604,2.693072712365,
    15.157273053994));
#4549 = CARTESIAN_POINT('',(23.385798920362,-1.164533777798,
    14.41649542448));
#4550 = CARTESIAN_POINT('',(21.420556173113,-6.010840995514,
    16.246926915783));
#4551 = CARTESIAN_POINT('',(16.534755239618,-6.449761764935,
    20.970954342144));
#4552 = CARTESIAN_POINT('',(14.052580491569,-1.815940961281,
    23.318317834246));
#4553 = CARTESIAN_POINT('',(14.377123140685,2.412083434867,
    22.885926180374));
#4554 = CARTESIAN_POINT('',(16.035835742374,5.956147729501,
    21.119364573928));
#4555 = CARTESIAN_POINT('',(20.099683030721,7.237437744577,
    16.920706029636));
#4556 = CARTESIAN_POINT('',(23.076605035318,2.931213697741,
    13.808972769093));
#4557 = CARTESIAN_POINT('',(23.096415922714,-1.56333548379,
    13.681312876939));
#4558 = CARTESIAN_POINT('',(21.648135870758,-5.640051782914,
    15.02174392414));
#4559 = CARTESIAN_POINT('',(17.425572188916,-7.896292880263,
    19.109496350036));
#4560 = CARTESIAN_POINT('',(12.94938729386,-3.319100416384,
    23.423907737957));
#4561 = CARTESIAN_POINT('',(13.171543335557,3.161863809691,
    23.066940440314));
#4562 = CARTESIAN_POINT('',(15.614331066746,6.45369067833,
    20.516303704368));
#4563 = CARTESIAN_POINT('',(18.044032646142,7.396662396264,
    18.005715371405));
#4564 = CARTESIAN_POINT('',(20.525733262604,6.533767271388,
    15.443128001376));
#4565 = CARTESIAN_POINT('',(22.421971800977,4.045058264331,
    13.466002709434));
#4566 = CARTESIAN_POINT('',(23.238958771546,0.548481559076,
    12.568128985299));
#4567 = CARTESIAN_POINT('',(22.635586484321,-4.430200561666,
    13.063652267767));
#4568 = CARTESIAN_POINT('',(19.514581769884,-7.813422264054,
    16.076807977447));
#4569 = CARTESIAN_POINT('',(15.827680473443,-7.32032987057,
    19.655860269132));
#4570 = CARTESIAN_POINT('',(13.520489382658,-5.197825267543,
    21.882164606349));
#4571 = CARTESIAN_POINT('',(12.186797177614,-1.739005956301,
    23.134970057826));
#4572 = CARTESIAN_POINT('',(12.186010256707,2.183335020975,
    23.054870225165));
#4573 = CARTESIAN_POINT('',(13.513869658752,5.637277538969,
    21.646124069553));
#4574 = CARTESIAN_POINT('',(15.862239590666,7.755541851681,
    19.216867384071));
#4575 = CARTESIAN_POINT('',(18.655954358625,8.005157514557,
    16.342265862545));
#4576 = CARTESIAN_POINT('',(21.208317658298,6.293769887728,
    13.709015809304));
#4577 = CARTESIAN_POINT('',(22.878457360958,3.014459075368,
    11.957989353076));
#4578 = CARTESIAN_POINT('',(23.234473976974,-1.051983220822,
    11.521085983493));
#4579 = CARTESIAN_POINT('',(22.159816456999,-4.918756128234,
    12.514856749901));
#4580 = CARTESIAN_POINT('',(19.887871338877,-7.634690330299,
    14.705915114456));
#4581 = CARTESIAN_POINT('',(16.948910038294,-8.51704284557,
    17.563989661471));
#4582 = CARTESIAN_POINT('',(14.044530341926,-7.323564327459,
    20.387482604272));
#4583 = CARTESIAN_POINT('',(11.877637844735,-4.317827989663,
    22.473488347895));
#4584 = CARTESIAN_POINT('',(10.980046974688,-0.21179827416,
    23.290192464376));
#4585 = CARTESIAN_POINT('',(11.579516837787,4.002774347349,
    22.609835847708));
#4586 = CARTESIAN_POINT('',(13.539688866026,7.293833952378,
    20.568777065901));
#4587 = CARTESIAN_POINT('',(16.388540505879,8.841762898797,
    17.639038672481));
#4588 = CARTESIAN_POINT('',(19.429651085328,8.243383424392,
    14.517041339465));
#4589 = CARTESIAN_POINT('',(21.910043140746,5.616525883053,
    11.955762530479));
#4590 = CARTESIAN_POINT('',(23.204171833431,1.578114217138,
    10.580747084227));
#4591 = CARTESIAN_POINT('',(22.969095220632,-2.900527082255,
    10.734936943458));
#4592 = CARTESIAN_POINT('',(21.232353552469,-6.727265356519,
    12.390791858054));
#4593 = CARTESIAN_POINT('',(18.390092339804,-8.955478662678,
    15.152166317151));
#4594 = CARTESIAN_POINT('',(15.114713012838,-9.018161451368,
    18.34665889055));
#4595 = CARTESIAN_POINT('',(12.19353710635,-6.871934478241,
    21.186948043471));
#4596 = CARTESIAN_POINT('',(10.337187308793,-3.014447276313,
    22.962411087461));
#4597 = CARTESIAN_POINT('',(10.004321523403,1.63072849993,
    23.214390119283));
#4598 = CARTESIAN_POINT('',(11.285939614403,5.935163043382,
    21.851885274715));
#4599 = CARTESIAN_POINT('',(13.8784095683,8.839691369658,19.178528567251
    ));
#4600 = CARTESIAN_POINT('',(17.152952628199,9.615004358701,
    15.823098753784));
#4601 = CARTESIAN_POINT('',(20.305750092411,8.04460098396,
    12.589414536005));
#4602 = CARTESIAN_POINT('',(22.552850777101,4.484247645534,
    10.261427097747));
#4603 = CARTESIAN_POINT('',(23.322619238581,-0.218173637681,9.4107718827
    ));
#4604 = CARTESIAN_POINT('',(22.398485085054,-4.924486902902,
    10.254019282659));
#4605 = CARTESIAN_POINT('',(19.976368868583,-8.481698367237,
    12.595248745563));
#4606 = CARTESIAN_POINT('',(16.621660215121,-10.00445476133,
    15.869070645458));
#4607 = CARTESIAN_POINT('',(13.135084385906,-9.095290681834,
    19.274759721105));
#4608 = CARTESIAN_POINT('',(10.359257867089,-5.947900213345,
    21.969699486354));
#4609 = CARTESIAN_POINT('',(8.972663966635,-1.306707709618,
    23.275406633241));
#4610 = CARTESIAN_POINT('',(9.321421461706,3.709056192722,
    22.845762384603));
#4611 = CARTESIAN_POINT('',(11.330545434007,7.87523567895,
    20.755751658735));
#4612 = CARTESIAN_POINT('',(14.517393037907,10.161516968381,
    17.488017301266));
#4613 = CARTESIAN_POINT('',(18.105190991167,9.986165134811,
    13.81933259444));
#4614 = CARTESIAN_POINT('',(21.209972935326,7.363764259116,
    10.633663896712));
#4615 = CARTESIAN_POINT('',(23.055944292154,2.908505291016,
    8.706805786317));
#4616 = CARTESIAN_POINT('',(23.16680432625,-2.309442662476,
    8.515058998653));
#4617 = CARTESIAN_POINT('',(21.485850762064,-7.020945799398,
    10.115125809273));
#4618 = CARTESIAN_POINT('',(18.394617938711,-10.06659017804,
    13.125471879057));
#4619 = CARTESIAN_POINT('',(14.624334878531,-10.68195772008,
    16.81486818567));
#4620 = CARTESIAN_POINT('',(11.080702194285,-8.68930923066,
    20.277614116349));
#4621 = CARTESIAN_POINT('',(8.623965931368,-4.547650204982,
    22.653463625699));
#4622 = CARTESIAN_POINT('',(7.85769148964,0.752662450269,23.338851313859
    ));
#4623 = CARTESIAN_POINT('',(8.978098370756,5.926660210474,
    22.137557679176));
#4624 = CARTESIAN_POINT('',(11.721542089084,9.70627641422,
    19.313227207281));
#4625 = CARTESIAN_POINT('',(15.424084128093,11.151114732093,
    15.529798414703));
#4626 = CARTESIAN_POINT('',(19.179770349476,9.882315397429,
    11.693225439753));
#4627 = CARTESIAN_POINT('',(22.059901879859,6.181385734839,
    8.732207155803));
#4628 = CARTESIAN_POINT('',(23.3402293088,0.928329539712,7.370992973294)
  );
#4629 = CARTESIAN_POINT('',(22.680491534174,-4.60748331513,
    7.949843994353));
#4630 = CARTESIAN_POINT('',(20.211806983243,-9.074036734517,
    10.337641791716));
#4631 = CARTESIAN_POINT('',(16.509533616984,-11.36686839711,
    13.959028404407));
#4632 = CARTESIAN_POINT('',(12.457041727715,-10.9021068245,
    17.93063354011));
#4633 = CARTESIAN_POINT('',(9.032628823937,-7.764863519293,
    21.27415969032));
#4634 = CARTESIAN_POINT('',(7.070972508943,-2.695333744503,
    23.154929251746));
#4635 = CARTESIAN_POINT('',(7.057288247942,3.085669962631,23.08772675918
    ));
#4636 = CARTESIAN_POINT('',(9.004946647118,8.170672842028,
    21.059181606436));
#4637 = CARTESIAN_POINT('',(12.447380097751,11.308209367391,
    17.535861402236));
#4638 = CARTESIAN_POINT('',(16.547426323619,11.710782462479,
    13.3549284228));
#4639 = CARTESIAN_POINT('',(20.298521357768,9.252337332214,
    9.522946635084));
#4640 = CARTESIAN_POINT('',(22.769397582988,4.505773999931,
    6.971183656296));
#4641 = CARTESIAN_POINT('',(23.332800251603,-1.390294356247,
    6.326894234115));
#4642 = CARTESIAN_POINT('',(21.822054970259,-7.004615625946,
    7.756752761891));
#4643 = CARTESIAN_POINT('',(18.576430051578,-10.96072835958,
    10.921490927005));
#4644 = CARTESIAN_POINT('',(14.363085907686,-12.27441044095,
    15.053948317328));
#4645 = CARTESIAN_POINT('',(10.19350723129,-10.59842339503,
    19.142640240158));
#4646 = CARTESIAN_POINT('',(7.078329585136,-6.313719822594,
    22.176931132744));
#4647 = CARTESIAN_POINT('',(5.779986900797,-0.443286081857,
    23.394387063516));
#4648 = CARTESIAN_POINT('',(6.623717383192,5.592007137448,
    22.469769827552));
#4649 = CARTESIAN_POINT('',(9.413760715201,10.31729957586,
    19.598839741977));
#4650 = CARTESIAN_POINT('',(13.476273316439,12.564150895823,
    15.455440387171));
#4651 = CARTESIAN_POINT('',(17.81966786541,11.759393590111,
    11.031159084632));
#4652 = CARTESIAN_POINT('',(21.374244557933,8.071038447259,
    7.395695638542));
#4653 = CARTESIAN_POINT('',(23.25320670277,2.374162521891,5.435846740137
    ));
#4654 = CARTESIAN_POINT('',(22.971371112311,-3.956567951915,
    5.636795577029));
#4655 = CARTESIAN_POINT('',(20.567642172974,-9.378582327781,
    7.959637762799));
#4656 = CARTESIAN_POINT('',(16.600373364857,-12.55727386079,
    11.846019817348));
#4657 = CARTESIAN_POINT('',(12.015569593285,-12.6944662655,
    16.349936835353));
#4658 = CARTESIAN_POINT('',(7.919010746153,-9.728647991599,
    20.365608928918));
#4659 = CARTESIAN_POINT('',(5.307182121737,-4.356787204578,
    22.896550799767));
#4660 = CARTESIAN_POINT('',(4.822484460102,2.129247636036,
    23.300361707834));
#4661 = CARTESIAN_POINT('',(6.592851912037,8.153321782277,
    21.449107502331));
#4662 = CARTESIAN_POINT('',(10.195793657383,12.238040894574,
    17.765279003418));
#4663 = CARTESIAN_POINT('',(14.75678425405,13.367058580053,
    13.123401653183));
#4664 = CARTESIAN_POINT('',(19.159135986275,11.237839667045,
    8.64016316739));
#4665 = CARTESIAN_POINT('',(22.314997239546,6.342046238572,
    5.403415160553));
#4666 = CARTESIAN_POINT('',(23.431711418644,-0.147661977441,
    4.205814227885));
#4667 = CARTESIAN_POINT('',(22.208321150601,-6.658434855989,
    5.348317742362));
#4668 = CARTESIAN_POINT('',(18.913519461962,-11.59842215336,
    8.562232677433));
#4669 = CARTESIAN_POINT('',(14.324931263312,-13.74596456709,
    13.069934122516));
#4670 = CARTESIAN_POINT('',(9.543364761851,-12.55163431186,
    17.77061387041));
#4671 = CARTESIAN_POINT('',(5.726386080921,-8.278467484958,
    21.506705797772));
#4672 = CARTESIAN_POINT('',(3.805697221996,-1.944673412639,
    23.34650790313));
#4673 = CARTESIAN_POINT('',(4.257319405461,4.91887286986,22.813998966098
    ));
#4674 = CARTESIAN_POINT('',(6.981259079827,10.638624485941,
    20.009172538164));
#4675 = CARTESIAN_POINT('',(11.321033823218,13.806424305466,
    15.588511041206));
#4676 = CARTESIAN_POINT('',(16.219476718212,13.626136774774,
    10.609181392643));
#4677 = CARTESIAN_POINT('',(20.473865834018,10.113534004636,
    6.273905523271));
#4678 = CARTESIAN_POINT('',(23.028812032563,4.099297706821,
    3.638072571158));
#4679 = CARTESIAN_POINT('',(23.235580849377,-2.967258497795,
    3.350417000776));
#4680 = CARTESIAN_POINT('',(21.014135661084,-9.367410735258,
    5.490975435502));
#4681 = CARTESIAN_POINT('',(16.877453023362,-13.53105176009,
    9.546771319657));
#4682 = CARTESIAN_POINT('',(11.81101531229,-14.42185088614,
    14.532322277161));
#4683 = CARTESIAN_POINT('',(7.035753260145,-11.79506997031,
    19.226697575738));
#4684 = CARTESIAN_POINT('',(3.711454582022,-6.263926761097,
    22.470109500295));
#4685 = CARTESIAN_POINT('',(2.652687112593,0.843300647483,
    23.447990216156));
#4686 = CARTESIAN_POINT('',(4.126815048289,7.802195663931,
    21.892975526892));
#4687 = CARTESIAN_POINT('',(7.7841759473,12.91059194971,18.154727874314)
  );
#4688 = CARTESIAN_POINT('',(12.738568535356,14.904917955679,
    13.11944853269));
#4689 = CARTESIAN_POINT('',(17.779584924716,13.272663196358,
    7.997545389762));
#4690 = CARTESIAN_POINT('',(21.665925511968,8.383716344974,
    4.030318048944));
#4691 = CARTESIAN_POINT('',(23.428619685518,1.407002962646,
    2.186737121826));
#4692 = CARTESIAN_POINT('',(22.610083551973,-5.968909651723,
    2.924386501803));
#4693 = CARTESIAN_POINT('',(19.3800467719,-11.94448204795,6.073536528308
    ));
#4694 = CARTESIAN_POINT('',(14.499024394411,-15.04824294245,
    10.87367215223));
#4695 = CARTESIAN_POINT('',(9.137060395056,-14.49908660426,
    16.154749398019));
#4696 = CARTESIAN_POINT('',(4.590923090933,-10.40263629792,
    20.619999948574));
#4697 = CARTESIAN_POINT('',(1.968104209931,-3.732359782441,
    23.161932076009));
#4698 = CARTESIAN_POINT('',(1.91462568105,3.901627395681,23.134523851322
    ));
#4699 = CARTESIAN_POINT('',(4.45354594668,10.641195734762,
    20.514716832124));
#4700 = CARTESIAN_POINT('',(8.974508122231,14.832474638481,
    15.912867903006));
#4701 = CARTESIAN_POINT('',(14.378051709695,15.431680083641,
    10.428437561974));
#4702 = CARTESIAN_POINT('',(19.340596475405,12.264921494268,
    5.385006042697));
#4703 = CARTESIAN_POINT('',(22.636240194275,6.07735153744,2.008475570259
    ));
#4704 = CARTESIAN_POINT('',(23.437132710283,-1.641965121909,
    1.126696300684));
#4705 = CARTESIAN_POINT('',(21.518831109097,-9.018355475433,
    2.964111148302));
#4706 = CARTESIAN_POINT('',(17.319714043026,-14.24680935031,
    7.082341460806));
#4707 = CARTESIAN_POINT('',(11.83882929523,-16.03365436716,
    12.482339455034));
#4708 = CARTESIAN_POINT('',(6.395931450794,-13.91656262579,
    17.844350545903));
#4709 = CARTESIAN_POINT('',(2.311336311331,-8.383751818089,
    21.848058931799));
#4710 = CARTESIAN_POINT('',(0.583252005075,-0.76174387215,
    23.495256484487));
#4711 = CARTESIAN_POINT('',(1.641441749305,7.102603282454,22.35617998669
    ));
#4712 = CARTESIAN_POINT('',(5.237997699812,13.289591585874,
    18.678737282615));
#4713 = CARTESIAN_POINT('',(10.502936297635,16.275279727156,
    13.332911931225));
#4714 = CARTESIAN_POINT('',(16.152238060089,15.306797869853,
    7.602723415203));
#4715 = CARTESIAN_POINT('',(20.798598827271,10.591960892486,
    2.875475894454));
#4716 = CARTESIAN_POINT('',(23.289688574907,3.255479351448,0.30349939325
    ));
#4717 = CARTESIAN_POINT('',(22.991442263742,-4.929226763882,
    0.520858950848));
#4718 = CARTESIAN_POINT('',(19.946744980938,-11.96869006458,
    3.484669480085));
#4719 = CARTESIAN_POINT('',(14.869827883607,-16.13492450618,
    8.480699823848));
#4720 = CARTESIAN_POINT('',(8.976562518808,-16.38956556848,
    14.29307843508));
#4721 = CARTESIAN_POINT('',(3.690952806618,-12.64252261278,
    19.497801393702));
#4722 = CARTESIAN_POINT('',(0.298671922695,-5.780748086539,
    22.809195524058));
#4723 = CARTESIAN_POINT('',(-0.368060731016,2.541543721706,
    23.395041424201));
#4724 = CARTESIAN_POINT('',(1.862971483118,10.301632854307,
    21.083122456499));
#4725 = CARTESIAN_POINT('',(6.457251742239,15.599911674703,
    16.407955443811));
#4726 = CARTESIAN_POINT('',(12.299162953302,17.12487814278,
    10.485157479181));
#4727 = CARTESIAN_POINT('',(17.960493101585,14.477685269217,
    4.742940577329));
#4728 = CARTESIAN_POINT('',(22.047197366235,8.275954328588,
    0.575349559113));
#4729 = CARTESIAN_POINT('',(23.540225536631,9.944932298051E-03,
    -0.998565364851));
#4730 = CARTESIAN_POINT('',(22.047088179812,-8.315491464832,
    0.413685238401));
#4731 = CARTESIAN_POINT('',(17.902071446298,-14.66716569748,
    4.477815218347));
#4732 = CARTESIAN_POINT('',(12.08956859737,-17.48007862254,
    10.209431313708));
#4733 = CARTESIAN_POINT('',(6.008046344216,-16.04296617933,
    16.210066813294));
#4734 = CARTESIAN_POINT('',(1.131228359906,-10.67789474034,
    21.005998044037));
#4735 = CARTESIAN_POINT('',(-1.351418256398,-2.668617798343,
    23.407757906774));
#4736 = CARTESIAN_POINT('',(-0.827191042112,6.046510145637,
    22.80264393892));
#4737 = CARTESIAN_POINT('',(2.586269783808,13.343626896096,
    19.308296359433));
#4738 = CARTESIAN_POINT('',(8.064796240519,17.430943371942,
    13.748883149154));
#4739 = CARTESIAN_POINT('',(14.274276607778,17.288678755108,
    7.458516028328));
#4740 = CARTESIAN_POINT('',(19.693137940953,12.923341658991,
    1.958767941585));
#4741 = CARTESIAN_POINT('',(22.982780032801,5.372988922422,
    -1.41176090383));
#4742 = CARTESIAN_POINT('',(23.315776971179,-3.539483283471,
    -1.825644595776));
#4743 = CARTESIAN_POINT('',(20.581381307872,-11.64641610156,
    0.827864313963));
#4744 = CARTESIAN_POINT('',(15.417311223244,-16.96259779787,
    5.911047645024));
#4745 = CARTESIAN_POINT('',(9.058907952891,-18.17138081147,
    12.188564161809));
#4746 = CARTESIAN_POINT('',(3.041313112933,-14.95067538817,
    18.125272248201));
#4747 = CARTESIAN_POINT('',(-1.173539901729,-8.058129197366,
    22.259238509295));
#4748 = CARTESIAN_POINT('',(-2.554487089162,0.846890502061,
    23.55929894316));
#4749 = CARTESIAN_POINT('',(-0.755797009164,9.602738566138,
    21.679722109596));
#4750 = CARTESIAN_POINT('',(3.793944114083,16.070215973003,
    17.049094232781));
#4751 = CARTESIAN_POINT('',(9.991512080926,18.655203986457,
    10.77063951237));
#4752 = CARTESIAN_POINT('',(16.324155920588,16.701524006131,
    4.35710891914));
#4753 = CARTESIAN_POINT('',(21.236443275604,10.657220384346,
    -0.636065189442));
#4754 = CARTESIAN_POINT('',(23.509880334691,1.972194342178,
    -2.990389002098));
#4755 = CARTESIAN_POINT('',(22.562656720828,-7.249522692461,
    -2.124052141802));
#4756 = CARTESIAN_POINT('',(18.595787555651,-14.75948009811,
    1.761930269807));
#4757 = CARTESIAN_POINT('',(12.548979434683,-18.71302632392,
    7.727851637209));
#4758 = CARTESIAN_POINT('',(5.875796088446,-18.12236800985,
    14.320148229878));
#4759 = CARTESIAN_POINT('',(0.191901670035,-13.10320466463,
    19.923155894722));
#4760 = CARTESIAN_POINT('',(-3.118497375837,-4.853397772833,
    23.152668187026));
#4761 = CARTESIAN_POINT('',(-3.24214547261,4.632795979495,
    23.195429530232));
#4762 = CARTESIAN_POINT('',(-0.138906246957,13.046781452797,
    20.011303551011));
#4763 = CARTESIAN_POINT('',(5.443629189054,18.327453288901,
    14.347881361433));
#4764 = CARTESIAN_POINT('',(12.14782731371,19.166067040453,
    7.562796483209));
#4765 = CARTESIAN_POINT('',(18.333783329993,15.330489271119,
    1.295953713358));
#4766 = CARTESIAN_POINT('',(22.478050311416,7.72851657649,
    -2.929200021632));
#4767 = CARTESIAN_POINT('',(23.546378793804,-1.806807501652,
    -4.078415257587));
#4768 = CARTESIAN_POINT('',(21.249271673602,-10.95915080402,
    -1.862194890953));
#4769 = CARTESIAN_POINT('',(16.117223054835,-17.49157667598,
    3.188966974247));
#4770 = CARTESIAN_POINT('',(9.376165795777,-19.79326697402,
    9.849137479737));
#4771 = CARTESIAN_POINT('',(2.652331704934,-17.2766633751,
    16.492084817013));
#4772 = CARTESIAN_POINT('',(-2.42243005999,-10.52712939494,
    21.485959828369));
#4773 = CARTESIAN_POINT('',(-4.609089105328,-1.167086946385,
    23.59173212014));
#4774 = CARTESIAN_POINT('',(-3.366342328651,8.533913004807,
    22.268098589896));
#4775 = CARTESIAN_POINT('',(1.013029911904,16.209485942356,
    17.807839595773));
#4776 = CARTESIAN_POINT('',(7.468669270308,19.973647808384,
    11.271313483801));
#4777 = CARTESIAN_POINT('',(14.426976832113,18.884183095258,
    4.232119168429));
#4778 = CARTESIAN_POINT('',(20.182290285007,13.178312008833,
    -1.604081038033));
#4779 = CARTESIAN_POINT('',(23.312569325888,4.221754371533,
    -4.815246832481));
#4780 = CARTESIAN_POINT('',(23.028283176577,-5.818067552151,
    -4.611847436738));
#4781 = CARTESIAN_POINT('',(19.368908601781,-14.49651233301,
    -1.033359615509));
#4782 = CARTESIAN_POINT('',(13.198157973895,-19.68697599241,
    5.05650425881));
#4783 = CARTESIAN_POINT('',(5.997921803636,-20.10198030596,
    12.175853675502));
#4784 = CARTESIAN_POINT('',(-0.48993472401,-15.6124147336,18.58282344958
    ));
#4785 = CARTESIAN_POINT('',(-4.687340136952,-7.285800022677,
    22.699342108955));
#4786 = CARTESIAN_POINT('',(-5.566253822939,2.86740400821,
    23.497369041374));
#4787 = CARTESIAN_POINT('',(-2.902842347294,12.379192628649,
    20.753070812162));
#4788 = CARTESIAN_POINT('',(2.663233152829,18.923929068956,
    15.106108558471));
#4789 = CARTESIAN_POINT('',(9.780018727773,20.886951875973,
    7.908436229959));
#4790 = CARTESIAN_POINT('',(16.709249143238,17.762857791181,
    0.898319060927));
#4791 = CARTESIAN_POINT('',(21.748515816384,10.285234541029,
    -4.221834365788));
#4792 = CARTESIAN_POINT('',(23.64709079483,0.254631762538,
    -6.201296097799));
#4793 = CARTESIAN_POINT('',(21.913840466926,-9.894946281548,
    -4.548932523464));
#4794 = CARTESIAN_POINT('',(16.941434319503,-17.68666564138,
    0.342586870392));
#4795 = CARTESIAN_POINT('',(9.91548060201,-21.20528806146,7.287653834317
    ));
#4796 = CARTESIAN_POINT('',(2.529558697563,-19.56789905065,
    14.592688985198));
#4797 = CARTESIAN_POINT('',(-3.425369073232,-13.14525392387,
    20.466730002425));
#4798 = CARTESIAN_POINT('',(-6.497625491845,-3.478297806784,
    23.45809966747));
#4799 = CARTESIAN_POINT('',(-5.931099336107,7.091466940996,
    22.810686758166));
#4800 = CARTESIAN_POINT('',(-1.853704229336,15.989119613658,
    18.652404897826));
#4801 = CARTESIAN_POINT('',(4.748931433522,21.033601977219,
    11.968882481401));
#4802 = CARTESIAN_POINT('',(12.269313612714,20.97232820676,
    4.367613548641));
#4803 = CARTESIAN_POINT('',(18.867051428857,15.792089623629,
    -2.311011021069));
#4804 = CARTESIAN_POINT('',(22.916829214495,6.729113680919,
    -6.441675560276));
#4805 = CARTESIAN_POINT('',(23.406340326301,-4.025836725991,
    -7.012073425648));
#4806 = CARTESIAN_POINT('',(20.186758114181,-13.85700425458,
    -3.873377967096));
#4807 = CARTESIAN_POINT('',(14.013787585161,-20.35982631229,
    2.218705808357));
#4808 = CARTESIAN_POINT('',(6.368131017288,-21.92904231376,
    9.783475622663));
#4809 = CARTESIAN_POINT('',(-0.902005624016,-18.15488334318,
    16.972725510399));
#4810 = CARTESIAN_POINT('',(-6.030059554168,-9.929580655431,
    22.019892686984));
#4811 = CARTESIAN_POINT('',(-7.76276090142,0.763378893626,
    23.671707280669));
#4812 = CARTESIAN_POINT('',(-5.668815745873,11.327518741838,
    21.496875371554));
#4813 = CARTESIAN_POINT('',(-0.248603870522,19.183848653425,
    15.995776742636));
#4814 = CARTESIAN_POINT('',(7.182958072914,22.400459615268,
    8.483328045631));
#4815 = CARTESIAN_POINT('',(14.813009874363,20.167539436484,
    0.772389490615));
#4816 = CARTESIAN_POINT('',(20.770580140233,13.001024808837,
    -5.266067528822));
#4817 = CARTESIAN_POINT('',(23.582947571743,2.623728412653,-8.1593217139
    ));
#4818 = CARTESIAN_POINT('',(22.537217520113,-8.448757276967,
    -7.194478415837));
#4819 = CARTESIAN_POINT('',(17.858347723899,-17.51786281324,
    -2.596495373191));
#4820 = CARTESIAN_POINT('',(10.659194889102,-22.35973177521,
    4.521770708039));
#4821 = CARTESIAN_POINT('',(2.6735723231,-21.77050734346,12.426506520474
    ));
#4822 = CARTESIAN_POINT('',(-4.163663277024,-15.86551927434,
    19.18285536703));
#4823 = CARTESIAN_POINT('',(-8.187799323457,-6.058048053494,
    23.126104659896));
#4824 = CARTESIAN_POINT('',(-8.411982858281,5.278828445148,
    23.269401441153));
#4825 = CARTESIAN_POINT('',(-4.771611777536,15.386420292809,
    19.54814360684));
#4826 = CARTESIAN_POINT('',(1.855103046053,21.791718863015,
    12.840542029683));
#4827 = CARTESIAN_POINT('',(9.856586939358,22.912447212822,
    4.758171382811));
#4828 = CARTESIAN_POINT('',(17.277430219224,18.447838917763,
    -2.743558650623));
#4829 = CARTESIAN_POINT('',(22.293849298867,9.458654159442,
    -7.840864483833));
#4830 = CARTESIAN_POINT('',(23.65947105672,-1.884700031405,
    -9.287372995255));
#4831 = CARTESIAN_POINT('',(21.012480141742,-12.82617327923,
    -6.721268833843));
#4832 = CARTESIAN_POINT('',(14.968449632767,-20.69369668602,
    -0.758125078436));
#4833 = CARTESIAN_POINT('',(6.975100498809,-23.55173379902,
    7.154337301955));
#4834 = CARTESIAN_POINT('',(-1.036775610321,-20.67739887089,
    15.085326657517));
#4835 = CARTESIAN_POINT('',(-7.122067475972,-12.74303630548,
    21.089731769602));
#4836 = CARTESIAN_POINT('',(-9.79596820958,-1.659208193895,
    23.682745749642));
#4837 = CARTESIAN_POINT('',(-8.39866038367,9.885308214106,
    22.204551170165));
#4838 = CARTESIAN_POINT('',(-3.260499045337,19.075772180694,
    16.985503078263));
#4839 = CARTESIAN_POINT('',(4.373628369919,23.657756832655,
    9.270488909441));
#4840 = CARTESIAN_POINT('',(12.64351485681,22.49012768838,0.919715668982
    ));
#4841 = CARTESIAN_POINT('',(19.52451401014,15.82909284938,
    -6.042170237916));
#4842 = CARTESIAN_POINT('',(23.32080429278,5.272654333523,
    -9.919347274123));
#4843 = CARTESIAN_POINT('',(23.080863635429,-6.622676778599,
    -9.76029337034));
#4844 = CARTESIAN_POINT('',(18.833367942306,-16.96098942962,
    -5.593684430785));
#4845 = CARTESIAN_POINT('',(11.585049829751,-23.21198029886,
    1.573746928204));
#4846 = CARTESIAN_POINT('',(3.079861286153,-23.83022647535,
    9.998048718234));
#4847 = CARTESIAN_POINT('',(-4.622962393449,-18.63716546064,
    17.619985644268));
#4848 = CARTESIAN_POINT('',(-9.649856749173,-8.871391214421,
    22.565993246425));
#4849 = CARTESIAN_POINT('',(-10.77103231867,3.106638932809,
    23.606282062364));
#4850 = CARTESIAN_POINT('',(-7.703720422562,14.385116304378,
    20.45808341268));
#4851 = CARTESIAN_POINT('',(-1.185797780423,22.208728328564,
    13.859274016972));
#4852 = CARTESIAN_POINT('',(7.199298098647,24.651767156011,
    5.393291384335));
#4853 = CARTESIAN_POINT('',(15.40484583453,21.092064789529,
    -2.893143105115));
#4854 = CARTESIAN_POINT('',(21.418025355498,12.369129093846,
    -8.987209379651));
#4855 = CARTESIAN_POINT('',(23.751236617111,0.586359779341,
    -11.40130739483));
#4856 = CARTESIAN_POINT('',(21.807624589145,-11.39610956538,
    -9.538582120433));
#4857 = CARTESIAN_POINT('',(16.031003801652,-20.6556715973,
    -3.842848086508));
#4858 = CARTESIAN_POINT('',(7.802559175966,-24.92008609529,
    4.304709785611));
#4859 = CARTESIAN_POINT('',(-0.891683796027,-23.12503637141,
    12.918066004037));
#4860 = CARTESIAN_POINT('',(-7.942570180281,-15.67959852875,
    19.888065634724));
#4861 = CARTESIAN_POINT('',(-11.63187021591,-4.373447286362,
    23.496478916791));
#4862 = CARTESIAN_POINT('',(-11.05338950462,8.05326428999,
    22.837111451932));
#4863 = CARTESIAN_POINT('',(-6.3379324932,18.573995096508,18.04076768694
    ));
#4864 = CARTESIAN_POINT('',(1.373706623476,24.612933491417,
    10.248241816697));
#4865 = CARTESIAN_POINT('',(10.204326687001,24.675616275323,
    1.336734999604));
#4866 = CARTESIAN_POINT('',(17.994880501503,18.718664225013,
    -6.534705568466));
#4867 = CARTESIAN_POINT('',(22.829945632642,8.167184472433,
    -11.45065745317));
#4868 = CARTESIAN_POINT('',(23.506215535924,-4.426061547853,
    -12.20781411002));
#4869 = CARTESIAN_POINT('',(19.829426064751,-15.99823572897,
    -8.611911392416));
#4870 = CARTESIAN_POINT('',(12.666461852617,-23.72134424154,
    -1.529833933849));
#4871 = CARTESIAN_POINT('',(3.738786266699,-25.69332769697,
    7.316954898501));
#4872 = CARTESIAN_POINT('',(-4.793603931231,-21.40643836123,
    15.768458342864));
#4873 = CARTESIAN_POINT('',(-10.85715385126,-11.87758336892,
    21.751121509329));
#4874 = CARTESIAN_POINT('',(-12.97106357863,0.592736097067,
    23.78414448313));
#4875 = CARTESIAN_POINT('',(-10.611310731,12.975786205361,
    21.343504881937));
#4876 = CARTESIAN_POINT('',(-4.34290428559,22.250202231327,
    14.994211682953));
#4877 = CARTESIAN_POINT('',(4.312966355376,26.139172648076,
    6.257454288419));
#4878 = CARTESIAN_POINT('',(13.245688190506,23.669340809354,
    -2.756154300278));
#4879 = CARTESIAN_POINT('',(20.267470656031,15.414237486989,
    -9.858823519371));
#4880 = CARTESIAN_POINT('',(23.646759674974,3.361406666179,
    -13.31899929188));
#4881 = CARTESIAN_POINT('',(22.532766296591,-9.566069986301,
    -12.28589266706));
#4882 = CARTESIAN_POINT('',(17.167032930231,-20.21847707172,
    -7.001046054272));
#4883 = CARTESIAN_POINT('',(8.829450669039,-25.98687705093,
    1.255649453352));
#4884 = CARTESIAN_POINT('',(-0.469303178049,-25.44205389882,
    10.473516546873));
#4885 = CARTESIAN_POINT('',(-8.475011090285,-18.68851394961,
    18.398337705541));
#4886 = CARTESIAN_POINT('',(-13.23877312048,-7.345888401823,
    23.081212982177));
#4887 = CARTESIAN_POINT('',(-13.59384037062,5.839400322376,
    23.355393478743));
#4888 = CARTESIAN_POINT('',(-9.44376148782,17.659120040617,
    19.124427842374));
#4889 = CARTESIAN_POINT('',(-1.790694984498,25.223852829059,
    11.390474585484));
#4890 = CARTESIAN_POINT('',(7.504180748401,26.669320911062,
    2.014712099018));
#4891 = CARTESIAN_POINT('',(16.170898601963,21.615754494743,
    -6.732892508113));
#4892 = CARTESIAN_POINT('',(22.082665282755,11.26712796336,
    -12.72554594247));
#4893 = CARTESIAN_POINT('',(23.775340770385,-1.875544584269,
    -14.49910818367));
#4894 = CARTESIAN_POINT('',(20.807550975646,-14.61861419883,
    -11.61220514249));
#4895 = CARTESIAN_POINT('',(13.872871767992,-23.85184687648,
    -4.758412688412));
#4896 = CARTESIAN_POINT('',(4.635621942116,-27.3075403301,4.397950383898
    ));
#4897 = CARTESIAN_POINT('',(-4.670888620142,-24.11743110752,
    13.623574192588));
#4898 = CARTESIAN_POINT('',(-11.78668284083,-15.03063661795,
    20.658481659713));
#4899 = CARTESIAN_POINT('',(-14.97631830024,-2.237977159272,
    23.767230365552));
#4900 = CARTESIAN_POINT('',(-13.45453112319,11.156182144725,
    22.164556434938));
#4901 = CARTESIAN_POINT('',(-7.581932365116,21.887253951976,
    16.211070923293));
#4902 = CARTESIAN_POINT('',(1.217986100659,27.326111964855,7.33026570395
    ));
#4903 = CARTESIAN_POINT('',(10.801498360261,26.123202054233,
    -2.33413330922));
#4904 = CARTESIAN_POINT('',(18.824476030358,18.543286912211,
    -10.43799773288));
#4905 = CARTESIAN_POINT('',(23.313352495057,6.407823167614,
    -15.00776095115));
#4906 = CARTESIAN_POINT('',(23.148148944944,-7.34266343924,
    -14.9234441546));
#4907 = CARTESIAN_POINT('',(18.33934635712,-19.36107841462,
    -10.19552832034));
#4908 = CARTESIAN_POINT('',(10.03017383184,-26.70849631897,
    -1.967242548636));
#4909 = CARTESIAN_POINT('',(0.222578578182,-27.57281545592,
    7.759465951455));
#4910 = CARTESIAN_POINT('',(-8.707453440649,-21.715600874,
    16.608611216719));
#4911 = CARTESIAN_POINT('',(-14.58788667359,-10.5369480848,
    22.408157696094));
#4912 = CARTESIAN_POINT('',(-15.98133168882,3.259082163574,
    23.720715957761));
#4913 = CARTESIAN_POINT('',(-12.5387839481,16.318538110878,
    20.197281463473));
#4914 = CARTESIAN_POINT('',(-5.089361828881,25.452954903785,
    12.66697259068));
#4915 = CARTESIAN_POINT('',(4.556964120304,28.417810245199,
    2.939759887928));
#4916 = CARTESIAN_POINT('',(14.046739043808,24.464001664761,
    -6.630901789144));
#4917 = CARTESIAN_POINT('',(21.054807063957,14.526859964892,
    -13.71985656286));
#4918 = CARTESIAN_POINT('',(23.85159288873,1.005066849814,-16.5975291412
    ));
#4919 = CARTESIAN_POINT('',(21.727479619271,-12.81831243955,
    -14.5543026253));
#4920 = CARTESIAN_POINT('',(15.170161968732,-23.57294642951,
    -8.077871728338));
#4921 = CARTESIAN_POINT('',(5.750679754293,-28.62296835079,
    1.260723732534));
#4922 = CARTESIAN_POINT('',(-4.255282031517,-26.71297257813,
    11.185798764777));
#4923 = CARTESIAN_POINT('',(-12.41954929597,-18.27996380693,
    19.269179275669));
#4924 = CARTESIAN_POINT('',(-16.75310110489,-5.35377705074,
    23.521844331017));
#4925 = CARTESIAN_POINT('',(-16.19304037566,8.931445449655,
    22.880896848224));
#4926 = CARTESIAN_POINT('',(-10.86567246184,21.09716180607,
    17.472642180837));
#4927 = CARTESIAN_POINT('',(-2.060594948788,28.167477174496,
    8.586677914211));
#4928 = CARTESIAN_POINT('',(8.079070846101,28.397068449294,
    -1.633874634246));
#4929 = CARTESIAN_POINT('',(17.075911557691,21.701935962145,
    -10.7116020994));
#4930 = CARTESIAN_POINT('',(22.721120703299,9.686691640643,
    -16.43769799858));
#4931 = CARTESIAN_POINT('',(23.614344443774,-4.739923547933,
    -17.41180849262));
#4932 = CARTESIAN_POINT('',(19.508534904189,-18.06918945035,
    -13.3868857066));
#4933 = CARTESIAN_POINT('',(11.374898558103,-27.0457677542,
    -5.334136114086));
#4934 = CARTESIAN_POINT('',(1.170958981848,-29.46272708869,
    4.788916708602));
#4935 = CARTESIAN_POINT('',(-8.632896528917,-24.70407191469,
    14.5118854658));
#4936 = CARTESIAN_POINT('',(-15.65387992445,-13.90141881721,
    21.451982107767));
#4937 = CARTESIAN_POINT('',(-18.17832408363,0.33495579203,
    23.895539513384));
#4938 = CARTESIAN_POINT('',(-15.582343366,14.546811331043,
    21.218672042187));
#4939 = CARTESIAN_POINT('',(-8.488379353834,25.268001307969,
    14.043821276447));
#4940 = CARTESIAN_POINT('',(1.381613296926,29.86983224478,4.092941872119
    ));
#4941 = CARTESIAN_POINT('',(11.621747245215,27.205549464148,
    -6.228078829737));
#4942 = CARTESIAN_POINT('',(19.72625914889,17.895947397456,
    -14.41347748698));
#4943 = CARTESIAN_POINT('',(23.700257123583,4.185007394216,
    -18.46836221524));
#4944 = CARTESIAN_POINT('',(22.548297487541,-10.60093926736,
    -17.39728933276));
#4945 = CARTESIAN_POINT('',(16.521136246342,-22.86018496218,
    -11.45101484513));
#4946 = CARTESIAN_POINT('',(7.059510493198,-29.59298475916,
    -2.070275845558));
#4947 = CARTESIAN_POINT('',(-3.552538555235,-29.13555028527,
    8.460886449308));
#4948 = CARTESIAN_POINT('',(-12.74139278336,-21.57110591725,
    17.56885392387));
#4949 = CARTESIAN_POINT('',(-18.27039489784,-8.716474126537,
    23.016969284786));
#4950 = CARTESIAN_POINT('',(-18.78666838752,6.314210015112,
    23.452356020894));
#4951 = CARTESIAN_POINT('',(-14.15453539942,19.863906195614,
    18.739336279227));
#4952 = CARTESIAN_POINT('',(-5.493374087973,28.622444897833,
    9.997288214209));
#4953 = CARTESIAN_POINT('',(5.090475296304,30.435185211313,
    -0.667447923636));
#4954 = CARTESIAN_POINT('',(15.013563242935,24.833006138661,
    -10.67142262383));
#4955 = CARTESIAN_POINT('',(21.843533369408,13.153280439795,
    -17.58227950387));
#4956 = CARTESIAN_POINT('',(23.892918162136,-1.779266395493,
    -19.71255105017));
#4957 = CARTESIAN_POINT('',(20.633569823253,-16.33568467449,
    -16.53408946485));
#4958 = CARTESIAN_POINT('',(12.829953012115,-26.96471618755,
    -8.811359407285));
#4959 = CARTESIAN_POINT('',(2.357702112228,-31.05917234491,
    1.580004739035));
#4960 = CARTESIAN_POINT('',(-8.249520085135,-27.59541114401,
    12.106340182831));
#4961 = CARTESIAN_POINT('',(-16.41539221703,-17.38907490119,
    20.191325561166));
#4962 = CARTESIAN_POINT('',(-20.14907382238,-2.903240068542,
    23.844120412948));
#4963 = CARTESIAN_POINT('',(-18.53296664798,12.345949494489,
    22.14712648498));
#4964 = CARTESIAN_POINT('',(-11.9506001824,24.642749292767,
    15.483873265833));
#4965 = CARTESIAN_POINT('',(-1.998068701025,30.97722217684,
    5.450455030884));
#4966 = CARTESIAN_POINT('',(8.900589200581,29.781968899898,
    -5.52908962429));
#4967 = CARTESIAN_POINT('',(18.081393501305,21.319860365754,
    -14.79078067858));
#4968 = CARTESIAN_POINT('',(23.289176868223,7.626882059545,
    -20.07945079906));
#4969 = CARTESIAN_POINT('',(23.22910016094,-7.977659154769,
    -20.10026084535));
#4970 = CARTESIAN_POINT('',(17.886055821041,-21.69575334776,
    -14.83810325902));
#4971 = CARTESIAN_POINT('',(8.533184619148,-30.17509018383,
    -5.566118810695));
#4972 = CARTESIAN_POINT('',(-2.573744981398,-31.32825434169,
    5.459924036285));
#4973 = CARTESIAN_POINT('',(-12.74274394915,-24.8465322881,
    15.548036250477));
#4974 = CARTESIAN_POINT('',(-19.50044496012,-12.28187540413,
    22.224850507881));
#4975 = CARTESIAN_POINT('',(-21.19608561001,3.32459064,23.839604404196)
  );
#4976 = CARTESIAN_POINT('',(-17.40714468629,18.178611503875,
    19.96977672691));
#4977 = CARTESIAN_POINT('',(-9.046964972161,28.655264749485,
    11.528710259211));
#4978 = CARTESIAN_POINT('',(1.852996393024,32.183566629071,
    0.547862140457));
#4979 = CARTESIAN_POINT('',(12.634398904136,27.877351954767,
    -10.31442712422));
#4980 = CARTESIAN_POINT('',(20.657950551729,16.757629057809,
    -18.41886552538));
#4981 = CARTESIAN_POINT('',(23.947090181361,1.510667463374,
    -21.78889190858));
#4982 = CARTESIAN_POINT('',(21.672437367611,-14.16090706387,
    -19.5951258484));
#4983 = CARTESIAN_POINT('',(14.358277336798,-26.43726649559,
    -12.36185257115));
#4984 = CARTESIAN_POINT('',(3.759701432842,-32.31243327836,
    -1.844163420765));
#4985 = CARTESIAN_POINT('',(-7.560852459071,-30.33029327759,
    9.39550371758));
#4986 = CARTESIAN_POINT('',(-16.85549096191,-20.94536723587,
    18.609255466853));
#4987 = CARTESIAN_POINT('',(-21.86027068109,-6.418974462096,
    23.53314843247));
#4988 = CARTESIAN_POINT('',(-21.34902454857,9.725575102249,
    22.941015546386));
#4989 = CARTESIAN_POINT('',(-15.43617204702,23.557546159316,
    16.94727629126));
#4990 = CARTESIAN_POINT('',(-5.553669604079,31.69577528424,
    6.983887094752));
#4991 = CARTESIAN_POINT('',(5.893308764992,32.135210969492,
    -4.543978027888));
#4992 = CARTESIAN_POINT('',(16.109459325306,24.740748277012,
    -14.84101534176));
#4993 = CARTESIAN_POINT('',(22.589321270453,11.28712517114,
    -21.40176404048));
#4994 = CARTESIAN_POINT('',(23.729723303724,-4.967252590412,
    -22.62305282732));
#4995 = CARTESIAN_POINT('',(19.223116764369,-20.0688856378,
    -18.19733304153));
#4996 = CARTESIAN_POINT('',(10.138850432971,-30.33186866323,
    -9.193953463703));
#4997 = CARTESIAN_POINT('',(-1.335667726782,-33.23545182244,
    2.199677942481));
#4998 = CARTESIAN_POINT('',(-12.4185693378,-28.04703451329,
    13.20169279994));
#4999 = CARTESIAN_POINT('',(-20.42082201312,-15.99927129207,
    21.123058721688));
#5000 = CARTESIAN_POINT('',(-22.39345357975,-5.341469547119,
    23.041765785946));
#5001 = CARTESIAN_POINT('',(-22.42041583094,-1.105345948979E-12,
    23.041765785946));
#5002 = DEFINITIONAL_REPRESENTATION('',(#5003),#5007);
#5003 = LINE('',#5004,#5005);
#5004 = CARTESIAN_POINT('',(-6.28318530718,-4.105082380617E-14));
#5005 = VECTOR('',#5006,1.);
#5006 = DIRECTION('',(1.,0.));
#5007 = ( GEOMETRIC_REPRESENTATION_CONTEXT(2) 
PARAMETRIC_REPRESENTATION_CONTEXT() REPRESENTATION_CONTEXT('2D SPACE',''
  ) );
#5008 = PCURVE('',#5009,#5014);
#5009 = PLANE('',#5010);
#5010 = AXIS2_PLACEMENT_3D('',#5011,#5012,#5013);
#5011 = CARTESIAN_POINT('',(20.920204602618,-3.832167269551E-14,
    23.041765785945));
#5012 = DIRECTION('',(-1.224646799147E-16,-1.,0.));
#5013 = DIRECTION('',(0.,0.,1.));
#5014 = DEFINITIONAL_REPRESENTATION('',(#5015),#5023);
#5015 = ( BOUNDED_CURVE() B_SPLINE_CURVE(2,(#5016,#5017,#5018,#5019,
#5020,#5021,#5022),.UNSPECIFIED.,.T.,.F.) B_SPLINE_CURVE_WITH_KNOTS((1,2
    ,2,2,2,1),(-2.094395102393,0.,2.094395102393,4.188790204786,
6.28318530718,8.377580409573),.UNSPECIFIED.) CURVE() 
GEOMETRIC_REPRESENTATION_ITEM() RATIONAL_B_SPLINE_CURVE((1.,0.5,1.,0.5,
1.,0.5,1.)) REPRESENTATION_ITEM('') );
#5016 = CARTESIAN_POINT('',(-1.030286966852E-13,0.5));
#5017 = CARTESIAN_POINT('',(0.866025403784,0.5));
#5018 = CARTESIAN_POINT('',(0.433012701892,-0.25));
#5019 = CARTESIAN_POINT('',(-1.029062320053E-13,-1.));
#5020 = CARTESIAN_POINT('',(-0.433012701892,-0.25));
#5021 = CARTESIAN_POINT('',(-0.866025403785,0.5));
#5022 = CARTESIAN_POINT('',(-1.030286966852E-13,0.5));
#5023 = ( GEOMETRIC_REPRESENTATION_CONTEXT(2) 
PARAMETRIC_REPRESENTATION_CONTEXT() REPRESENTATION_CONTEXT('2D SPACE',''
  ) );
#5024 = ORIENTED_EDGE('',*,*,#5025,.T.);
#5025 = EDGE_CURVE('',#22,#5026,#5028,.T.);
#5026 = VERTEX_POINT('',#5027);
#5027 = CARTESIAN_POINT('',(-22.42041583094,-1.105345948979E-12,
    23.041765785946));
#5028 = SEAM_CURVE('',#5029,(#5527,#5534),.PCURVE_S1.);
#5029 = B_SPLINE_CURVE_WITH_KNOTS('',3,(#5030,#5031,#5032,#5033,#5034,
    #5035,#5036,#5037,#5038,#5039,#5040,#5041,#5042,#5043,#5044,#5045,
    #5046,#5047,#5048,#5049,#5050,#5051,#5052,#5053,#5054,#5055,#5056,
    #5057,#5058,#5059,#5060,#5061,#5062,#5063,#5064,#5065,#5066,#5067,
    #5068,#5069,#5070,#5071,#5072,#5073,#5074,#5075,#5076,#5077,#5078,
    #5079,#5080,#5081,#5082,#5083,#5084,#5085,#5086,#5087,#5088,#5089,
    #5090,#5091,#5092,#5093,#5094,#5095,#5096,#5097,#5098,#5099,#5100,
    #5101,#5102,#5103,#5104,#5105,#5106,#5107,#5108,#5109,#5110,#5111,
    #5112,#5113,#5114,#5115,#5116,#5117,#5118,#5119,#5120,#5121,#5122,
    #5123,#5124,#5125,#5126,#5127,#5128,#5129,#5130,#5131,#5132,#5133,
    #5134,#5135,#5136,#5137,#5138,#5139,#5140,#5141,#5142,#5143,#5144,
    #5145,#5146,#5147,#5148,#5149,#5150,#5151,#5152,#5153,#5154,#5155,
    #5156,#5157,#5158,#5159,#5160,#5161,#5162,#5163,#5164,#5165,#5166,
    #5167,#5168,#5169,#5170,#5171,#5172,#5173,#5174,#5175,#5176,#5177,
    #5178,#5179,#5180,#5181,#5182,#5183,#5184,#5185,#5186,#5187,#5188,
    #5189,#5190,#5191,#5192,#5193,#5194,#5195,#5196,#5197,#5198,#5199,
    #5200,#5201,#5202,#5203,#5204,#5205,#5206,#5207,#5208,#5209,#5210,
    #5211,#5212,#5213,#5214,#5215,#5216,#5217,#5218,#5219,#5220,#5221,
    #5222,#5223,#5224,#5225,#5226,#5227,#5228,#5229,#5230,#5231,#5232,
    #5233,#5234,#5235,#5236,#5237,#5238,#5239,#5240,#5241,#5242,#5243,
    #5244,#5245,#5246,#5247,#5248,#5249,#5250,#5251,#5252,#5253,#5254,
    #5255,#5256,#5257,#5258,#5259,#5260,#5261,#5262,#5263,#5264,#5265,
    #5266,#5267,#5268,#5269,#5270,#5271,#5272,#5273,#5274,#5275,#5276,
    #5277,#5278,#5279,#5280,#5281,#5282,#5283,#5284,#5285,#5286,#5287,
    #5288,#5289,#5290,#5291,#5292,#5293,#5294,#5295,#5296,#5297,#5298,
    #5299,#5300,#5301,#5302,#5303,#5304,#5305,#5306,#5307,#5308,#5309,
    #5310,#5311,#5312,#5313,#5314,#5315,#5316,#5317,#5318,#5319,#5320,
    #5321,#5322,#5323,#5324,#5325,#5326,#5327,#5328,#5329,#5330,#5331,
    #5332,#5333,#5334,#5335,#5336,#5337,#5338,#5339,#5340,#5341,#5342,
    #5343,#5344,#5345,#5346,#5347,#5348,#5349,#5350,#5351,#5352,#5353,
    #5354,#5355,#5356,#5357,#5358,#5359,#5360,#5361,#5362,#5363,#5364,
    #5365,#5366,#5367,#5368,#5369,#5370,#5371,#5372,#5373,#5374,#5375,
    #5376,#5377,#5378,#5379,#5380,#5381,#5382,#5383,#5384,#5385,#5386,
    #5387,#5388,#5389,#5390,#5391,#5392,#5393,#5394,#5395,#5396,#5397,
    #5398,#5399,#5400,#5401,#5402,#5403,#5404,#5405,#5406,#5407,#5408,
    #5409,#5410,#5411,#5412,#5413,#5414,#5415,#5416,#5417,#5418,#5419,
    #5420,#5421,#5422,#5423,#5424,#5425,#5426,#5427,#5428,#5429,#5430,
    #5431,#5432,#5433,#5434,#5435,#5436,#5437,#5438,#5439,#5440,#5441,
    #5442,#5443,#5444,#5445,#5446,#5447,#5448,#5449,#5450,#5451,#5452,
    #5453,#5454,#5455,#5456,#5457,#5458,#5459,#5460,#5461,#5462,#5463,
    #5464,#5465,#5466,#5467,#5468,#5469,#5470,#5471,#5472,#5473,#5474,
    #5475,#5476,#5477,#5478,#5479,#5480,#5481,#5482,#5483,#5484,#5485,
    #5486,#5487,#5488,#5489,#5490,#5491,#5492,#5493,#5494,#5495,#5496,
    #5497,#5498,#5499,#5500,#5501,#5502,#5503,#5504,#5505,#5506,#5507,
    #5508,#5509,#5510,#5511,#5512,#5513,#5514,#5515,#5516,#5517,#5518,
    #5519,#5520,#5521,#5522,#5523,#5524,#5525,#5526),.UNSPECIFIED.,.F.,
  .F.,(4,1,1,1,1,1,1,1,1,1,1,1,1,1,1,1,1,1,1,1,1,1,1,1,1,1,1,1,1,1,1,1,1
    ,1,1,1,1,1,1,1,1,1,1,1,1,1,1,1,1,1,1,1,1,1,1,1,1,1,1,1,1,1,1,1,1,1,1
    ,1,1,1,1,1,1,1,1,1,1,1,1,1,1,1,1,1,1,1,1,1,1,1,1,1,1,1,1,1,1,1,1,1,1
    ,1,1,1,1,1,1,1,1,1,1,1,1,1,1,1,1,1,1,1,1,1,1,1,1,1,1,1,1,1,1,1,1,1,1
    ,1,1,1,1,1,1,1,1,1,1,1,1,1,1,1,1,1,1,1,1,1,1,1,1,1,1,1,1,1,1,1,1,1,1
    ,1,1,1,1,1,1,1,1,1,1,1,1,1,1,1,1,1,1,1,1,1,1,1,1,1,1,1,1,1,1,1,1,1,1
    ,1,1,1,1,1,1,1,1,1,1,1,1,1,1,1,1,1,1,1,1,1,1,1,1,1,1,1,1,1,1,1,1,1,1
    ,1,1,1,1,1,1,1,1,1,1,1,1,1,1,1,1,1,1,1,1,1,1,1,1,1,1,1,1,1,1,1,1,1,1
    ,1,1,1,1,1,1,1,1,1,1,1,1,1,1,1,1,1,1,1,1,1,1,1,1,1,1,1,1,1,1,1,1,1,1
    ,1,1,1,1,1,1,1,1,1,1,1,1,1,1,1,1,1,1,1,1,1,1,1,1,1,1,1,1,1,1,1,1,1,1
    ,1,1,1,1,1,1,1,1,1,1,1,1,1,1,1,1,1,1,1,1,1,1,1,1,1,1,1,1,1,1,1,1,1,1
    ,1,1,1,1,1,1,1,1,1,1,1,1,1,1,1,1,1,1,1,1,1,1,1,1,1,1,1,1,1,1,1,1,1,1
    ,1,1,1,1,1,1,1,1,1,1,1,1,1,1,1,1,1,1,1,1,1,1,1,1,1,1,1,1,1,1,1,1,1,1
    ,1,1,1,1,1,1,1,1,1,1,1,1,1,1,1,1,1,1,1,1,1,1,1,1,1,1,1,1,1,1,1,1,1,1
    ,1,1,1,1,1,1,1,1,1,1,1,1,1,1,1,1,1,1,1,4),(-4.112309471039E-14,
    0.99696298232,1.99392596464,2.99088894696,3.98785192928,4.9848149116
    ,5.98177789392,6.97874087624,7.97570385856,8.97266684088,
    9.9696298232,10.96659280552,11.96355578784,12.96051877016,
    13.95748175248,14.9544447348,15.95140771712,16.94837069944,
    17.94533368176,18.94229666408,19.9392596464,20.93622262872,
    21.93318561104,22.93014859336,23.92711157568,24.924074558,
    25.92103754032,26.91800052264,27.91496350496,28.91192648728,
    29.9088894696,30.90585245192,31.90281543424,32.89977841656,
    33.89674139888,34.8937043812,35.89066736352,36.88763034584,
    37.88459332816,38.38307481932,38.88155631048,39.8785192928,
    40.37700078396,40.87548227512,41.87244525744,42.86940823976,
    43.86637122208,44.36485271324,44.8633342044,45.86029718672,
    46.85726016904,47.3557416602,47.85422315136,48.85118613368,
    49.848149116,50.84511209832,51.34359358948,51.84207508064,
    52.3405565718,52.83903806296,53.33751955412,53.83600104528,
    54.8329640276,55.33144551876,55.82992700992,56.32840850108,
    56.82688999224,57.3253714834,57.82385297456,58.32233446572,
    58.82081595688,59.31929744804,59.8177789392,60.31626043036,
    60.814741921521,61.313223412681,61.81170490384,62.310186395,
    62.80866788616,63.30714937732,63.80563086848,64.30411235964,
    64.802593850801,65.30107534196,65.799556833121,66.29803832428,
    66.796519815441,67.2950013066,67.793482797761,68.29196428892,
    68.790445780081,69.28892727124,69.787408762401,70.28589025356,
    70.784371744721,71.28285323588,71.781334727041,72.279816218201,
    72.778297709361,73.276779200521,73.775260691681,74.273742182841,
    74.772223674001,75.270705165161,75.769186656321,76.267668147481,
    76.766149638641,77.264631129801,77.763112620961,78.261594112121,
    78.760075603281,79.258557094441,79.757038585601,80.255520076761,
    80.754001567921,81.252483059081,81.750964550241,82.249446041401,
    82.747927532561,83.246409023721,83.744890514881,84.243372006041,
    84.741853497201,85.240334988361,85.738816479521,86.237297970681,
    86.735779461841,87.234260953001,87.732742444161,88.231223935321,
    88.729705426481,89.228186917641,89.726668408801,90.225149899961,
    90.723631391121,91.222112882281,91.720594373441,92.219075864601,
    92.717557355761,93.216038846921,93.714520338081,94.213001829241,
    94.711483320401,95.209964811561,95.708446302721,96.206927793881,
    96.705409285041,97.203890776201,97.702372267361,98.200853758521,
    98.699335249681,99.197816740841,99.696298232001,100.19477972316,
    100.69326121432,101.19174270548,101.69022419664,102.1887056878,
    102.68718717896,103.18566867012,103.68415016128,104.18263165244,
    104.6811131436,105.17959463476,105.67807612592,106.17655761708,
    106.67503910824,107.1735205994,107.67200209056,108.17048358172,
    108.66896507288,109.16744656404,109.6659280552,110.16440954636,
    110.66289103752,111.16137252868,111.65985401984,112.158335511,
    112.65681700216,113.15529849332,113.65377998448,114.15226147564,
    114.6507429668,115.14922445796,115.64770594912,116.14618744028,
    116.64466893144,117.1431504226,117.64163191376,118.14011340492,
    118.63859489608,119.13707638724,119.6355578784,120.13403936956,
    120.63252086072,121.13100235188,121.62948384304,122.1279653342,
    122.62644682536,123.12492831652,123.62340980768,124.12189129884,
    124.62037279,125.11885428116,125.61733577232,126.11581726348,
    126.61429875464,127.1127802458,127.61126173696,128.10974322812,
    128.60822471928,129.10670621044,129.6051877016,130.10366919276,
    130.60215068392,131.10063217508,131.59911366624,132.0975951574,
    132.59607664856,133.09455813972,133.59303963088,134.09152112204,
    134.5900026132,135.08848410436,135.58696559552,136.08544708668,
    136.58392857784,137.082410069,137.58089156016,138.07937305132,
    138.57785454248,139.07633603364,139.5748175248,140.07329901596,
    140.57178050712,141.07026199828,141.56874348944,142.0672249806,
    142.56570647176,143.06418796292,143.56266945408,144.06115094524,
    144.5596324364,145.05811392756,145.55659541872,146.05507690988,
    146.55355840104,147.0520398922,147.55052138336,148.04900287452,
    148.54748436568,149.04596585684,149.544447348,150.04292883916,
    150.54141033032,151.03989182148,151.53837331264,152.0368548038,
    152.53533629496,153.03381778612,153.53229927728,154.03078076844,
    154.5292622596,155.02774375076,155.52622524192,156.02470673308,
    156.52318822424,157.0216697154,157.52015120656,158.01863269772,
    158.51711418888,159.01559568004,159.5140771712,160.01255866236,
    160.51104015352,161.00952164468,161.50800313584,162.006484627,
    162.50496611816,163.00344760932,163.50192910048,164.00041059164,
    164.4988920828,164.99737357396,165.49585506512,165.99433655628,
    166.49281804744,166.9912995386,167.48978102976,167.98826252092,
    168.48674401208,168.98522550324,169.4837069944,169.98218848556,
    170.48066997672,170.97915146788,171.47763295904,171.9761144502,
    172.47459594136,172.97307743252,173.47155892368,173.97004041484,
    174.468521906,174.96700339716,175.46548488832,175.96396637948,
    176.46244787064,176.9609293618,177.45941085296,177.95789234412,
    178.45637383528,178.95485532644,179.4533368176,179.95181830876,
    180.45029979992,180.94878129108,181.44726278224,181.9457442734,
    182.44422576456,182.94270725572,183.44118874688,183.93967023804,
    184.4381517292,184.93663322036,185.43511471152,185.93359620268,
    186.43207769384,186.930559185,187.42904067616,187.92752216732,
    188.42600365848,188.92448514964,189.4229666408,189.92144813196,
    190.41992962312,190.91841111428,191.41689260544,191.9153740966,
    192.41385558776,192.91233707892,193.41081857008,193.90930006124,
    194.4077815524,194.90626304356,195.40474453472,195.90322602588,
    196.40170751704,196.9001890082,197.39867049936,197.89715199052,
    198.39563348168,198.89411497284,199.392596464,199.89107795516,
    200.38955944632,200.88804093748,201.38652242864,201.8850039198,
    202.38348541096,202.88196690212,203.38044839328,203.87892988444,
    204.3774113756,204.87589286676,205.37437435792,205.87285584908,
    206.37133734024,206.8698188314,207.36830032256,207.86678181372,
    208.36526330488,208.86374479604,209.3622262872,209.86070777836,
    210.35918926952,210.85767076068,211.35615225184,211.854633743,
    212.35311523416,212.85159672532,213.35007821648,213.84855970764,
    214.3470411988,214.84552268996,215.34400418112,215.84248567228,
    216.34096716344,216.8394486546,217.33793014576,217.83641163692,
    218.33489312808,218.83337461924,219.3318561104,219.83033760156,
    220.32881909272,220.82730058388,221.32578207504,221.8242635662,
    222.32274505736,222.82122654852,223.31970803968,223.81818953084,
    224.316671022,224.81515251316,225.31363400432,225.81211549548,
    226.31059698664,226.8090784778,227.30755996896,227.80604146012,
    228.30452295128,228.80300444244,229.3014859336,229.79996742476,
    230.29844891592,230.79693040708,231.29541189824,231.7938933894,
    232.29237488056,232.79085637172,233.28933786288,233.78781935404,
    234.2863008452,234.78478233636,235.28326382752,235.78174531868,
    236.28022680984,236.778708301,237.27718979216,237.77567128332,
    238.27415277448,238.77263426564,239.2711157568,239.76959724796,
    240.26807873912,240.76656023028,241.26504172144,241.7635232126,
    242.26200470376,242.76048619492,243.25896768608,243.75744917724,
    244.2559306684,244.75441215956,245.25289365072,245.75137514188,
    246.24985663304,246.7483381242,247.24681961536,247.74530110652,
    248.24378259768,248.74226408884,249.24074558,249.73922707116,
    250.23770856232,250.73619005348,251.23467154464,251.7331530358,
    252.23163452696,252.73011601812,253.22859750928,253.72707900044,
    254.2255604916,254.72404198276,255.22252347392,255.72100496508,
    256.21948645624,256.7179679474,257.21644943856,257.71493092972,
    258.21341242088,258.71189391204,259.2103754032,259.70885689436,
    260.20733838552,260.70581987668,261.20430136784,261.702782859,
    262.20126435016,262.69974584132,263.19822733248,263.69670882364,
    264.1951903148,264.69367180596,265.19215329712,265.69063478828,
    266.18911627944,266.6875977706,267.18607926176,267.68456075292,
    268.18304224408,268.68152373524,269.1800052264,269.67848671756,
    270.17696820872),.UNSPECIFIED.);
#5030 = CARTESIAN_POINT('',(21.420204602618,-3.838290503547E-14,
    23.041765785945));
#5031 = CARTESIAN_POINT('',(21.36628010024,0.380988276928,
    23.041765785945));
#5032 = CARTESIAN_POINT('',(21.550442870215,1.224493898471,
    22.749754011214));
#5033 = CARTESIAN_POINT('',(22.511768919818,1.501526663799,
    21.626654454475));
#5034 = CARTESIAN_POINT('',(23.213836366683,0.308871169589,
    20.762813500476));
#5035 = CARTESIAN_POINT('',(22.819878604167,-1.38881791686,
    20.994997755857));
#5036 = CARTESIAN_POINT('',(21.471120614192,-1.968175727139,
    22.181982238697));
#5037 = CARTESIAN_POINT('',(20.292716552353,-0.686450299983,
    23.198612793401));
#5038 = CARTESIAN_POINT('',(20.394890266843,1.43943337085,
    22.934665571776));
#5039 = CARTESIAN_POINT('',(21.760914578866,2.423706584022,
    21.406867752618));
#5040 = CARTESIAN_POINT('',(23.124319854625,1.164366541455,
    19.881688969724));
#5041 = CARTESIAN_POINT('',(23.075411451514,-1.363738156079,
    19.7688238657));
#5042 = CARTESIAN_POINT('',(21.431588330291,-2.839186362307,
    21.250873479788));
#5043 = CARTESIAN_POINT('',(19.544564394704,-1.725365053468,
    22.97612390824));
#5044 = CARTESIAN_POINT('',(19.135123023221,1.152963256748,
    23.223791772588));
#5045 = CARTESIAN_POINT('',(20.656339234943,3.186792823265,
    21.540802053731));
#5046 = CARTESIAN_POINT('',(22.739735597371,2.347548490112,
    19.295632184168));
#5047 = CARTESIAN_POINT('',(23.358417146352,-0.803617151402,
    18.515177128052));
#5048 = CARTESIAN_POINT('',(21.724227688031,-3.440399079739,
    19.987593079238));
#5049 = CARTESIAN_POINT('',(19.144170032007,-3.005318107299,
    22.405877228128));
#5050 = CARTESIAN_POINT('',(17.92889222117,0.317876674572,23.45938153183
    ));
#5051 = CARTESIAN_POINT('',(19.256605966016,3.576513815624,
    21.969894279848));
#5052 = CARTESIAN_POINT('',(21.966898723908,3.670249395483,
    19.097828014823));
#5053 = CARTESIAN_POINT('',(23.505156589582,0.296313730388,
    17.397796642012));
#5054 = CARTESIAN_POINT('',(22.26065719263,-3.575206217305,
    18.48052253183));
#5055 = CARTESIAN_POINT('',(19.158424209116,-4.3120479871,
    21.420982008209));
#5056 = CARTESIAN_POINT('',(16.940431482199,-1.025349736966,
    23.477201227992));
#5057 = CARTESIAN_POINT('',(17.677326148417,3.4209379766,22.578533054638
    ));
#5058 = CARTESIAN_POINT('',(20.768511508011,4.899582604551,
    19.32557418791));
#5059 = CARTESIAN_POINT('',(23.356849875275,1.850267139723,
    16.57546231351));
#5060 = CARTESIAN_POINT('',(22.901420053008,-3.10326677689,
    16.869118628643));
#5061 = CARTESIAN_POINT('',(19.592763631574,-5.40196949382,
    20.016001542941));
#5062 = CARTESIAN_POINT('',(16.317093886127,-2.747221832896,
    23.129897781254));
#5063 = CARTESIAN_POINT('',(16.077670956133,2.617389295925,
    23.207547204112));
#5064 = CARTESIAN_POINT('',(19.172060777595,5.789688960557,
    19.951383875516));
#5065 = CARTESIAN_POINT('',(22.783638550638,3.688112490791,
    16.178032595337));
#5066 = CARTESIAN_POINT('',(23.471856579272,-1.964457316053,
    15.328041059569));
#5067 = CARTESIAN_POINT('',(20.388015243934,-6.035787007638,
    18.250108887772));
#5068 = CARTESIAN_POINT('',(16.163183211811,-4.641172667778,
    22.31316741276));
#5069 = CARTESIAN_POINT('',(14.900838845275,0.185946280249,
    23.44070052335));
#5070 = CARTESIAN_POINT('',(15.94977788922,3.637230496238,
    22.283912474649));
#5071 = CARTESIAN_POINT('',(18.017228407555,6.022394652069,
    20.108612951556));
#5072 = CARTESIAN_POINT('',(20.957088309799,5.660630948399,
    17.060904044557));
#5073 = CARTESIAN_POINT('',(22.752870295604,2.693072712365,
    15.157273053994));
#5074 = CARTESIAN_POINT('',(23.385798920362,-1.164533777798,
    14.41649542448));
#5075 = CARTESIAN_POINT('',(21.420556173113,-6.010840995514,
    16.246926915783));
#5076 = CARTESIAN_POINT('',(16.534755239618,-6.449761764935,
    20.970954342144));
#5077 = CARTESIAN_POINT('',(14.052580491569,-1.815940961281,
    23.318317834246));
#5078 = CARTESIAN_POINT('',(14.377123140685,2.412083434867,
    22.885926180374));
#5079 = CARTESIAN_POINT('',(16.035835742374,5.956147729501,
    21.119364573928));
#5080 = CARTESIAN_POINT('',(20.099683030721,7.237437744577,
    16.920706029636));
#5081 = CARTESIAN_POINT('',(23.076605035318,2.931213697741,
    13.808972769093));
#5082 = CARTESIAN_POINT('',(23.096415922714,-1.56333548379,
    13.681312876939));
#5083 = CARTESIAN_POINT('',(21.648135870758,-5.640051782914,
    15.02174392414));
#5084 = CARTESIAN_POINT('',(17.425572188916,-7.896292880263,
    19.109496350036));
#5085 = CARTESIAN_POINT('',(12.94938729386,-3.319100416384,
    23.423907737957));
#5086 = CARTESIAN_POINT('',(13.171543335557,3.161863809691,
    23.066940440314));
#5087 = CARTESIAN_POINT('',(15.614331066746,6.45369067833,
    20.516303704368));
#5088 = CARTESIAN_POINT('',(18.044032646142,7.396662396264,
    18.005715371405));
#5089 = CARTESIAN_POINT('',(20.525733262604,6.533767271388,
    15.443128001376));
#5090 = CARTESIAN_POINT('',(22.421971800977,4.045058264331,
    13.466002709434));
#5091 = CARTESIAN_POINT('',(23.238958771546,0.548481559076,
    12.568128985299));
#5092 = CARTESIAN_POINT('',(22.635586484321,-4.430200561666,
    13.063652267767));
#5093 = CARTESIAN_POINT('',(19.514581769884,-7.813422264054,
    16.076807977447));
#5094 = CARTESIAN_POINT('',(15.827680473443,-7.32032987057,
    19.655860269132));
#5095 = CARTESIAN_POINT('',(13.520489382658,-5.197825267543,
    21.882164606349));
#5096 = CARTESIAN_POINT('',(12.186797177614,-1.739005956301,
    23.134970057826));
#5097 = CARTESIAN_POINT('',(12.186010256707,2.183335020975,
    23.054870225165));
#5098 = CARTESIAN_POINT('',(13.513869658752,5.637277538969,
    21.646124069553));
#5099 = CARTESIAN_POINT('',(15.862239590666,7.755541851681,
    19.216867384071));
#5100 = CARTESIAN_POINT('',(18.655954358625,8.005157514557,
    16.342265862545));
#5101 = CARTESIAN_POINT('',(21.208317658298,6.293769887728,
    13.709015809304));
#5102 = CARTESIAN_POINT('',(22.878457360958,3.014459075368,
    11.957989353076));
#5103 = CARTESIAN_POINT('',(23.234473976974,-1.051983220822,
    11.521085983493));
#5104 = CARTESIAN_POINT('',(22.159816456999,-4.918756128234,
    12.514856749901));
#5105 = CARTESIAN_POINT('',(19.887871338877,-7.634690330299,
    14.705915114456));
#5106 = CARTESIAN_POINT('',(16.948910038294,-8.51704284557,
    17.563989661471));
#5107 = CARTESIAN_POINT('',(14.044530341926,-7.323564327459,
    20.387482604272));
#5108 = CARTESIAN_POINT('',(11.877637844735,-4.317827989663,
    22.473488347895));
#5109 = CARTESIAN_POINT('',(10.980046974688,-0.21179827416,
    23.290192464376));
#5110 = CARTESIAN_POINT('',(11.579516837787,4.002774347349,
    22.609835847708));
#5111 = CARTESIAN_POINT('',(13.539688866026,7.293833952378,
    20.568777065901));
#5112 = CARTESIAN_POINT('',(16.388540505879,8.841762898797,
    17.639038672481));
#5113 = CARTESIAN_POINT('',(19.429651085328,8.243383424392,
    14.517041339465));
#5114 = CARTESIAN_POINT('',(21.910043140746,5.616525883053,
    11.955762530479));
#5115 = CARTESIAN_POINT('',(23.204171833431,1.578114217138,
    10.580747084227));
#5116 = CARTESIAN_POINT('',(22.969095220632,-2.900527082255,
    10.734936943458));
#5117 = CARTESIAN_POINT('',(21.232353552469,-6.727265356519,
    12.390791858054));
#5118 = CARTESIAN_POINT('',(18.390092339804,-8.955478662678,
    15.152166317151));
#5119 = CARTESIAN_POINT('',(15.114713012838,-9.018161451368,
    18.34665889055));
#5120 = CARTESIAN_POINT('',(12.19353710635,-6.871934478241,
    21.186948043471));
#5121 = CARTESIAN_POINT('',(10.337187308793,-3.014447276313,
    22.962411087461));
#5122 = CARTESIAN_POINT('',(10.004321523403,1.63072849993,
    23.214390119283));
#5123 = CARTESIAN_POINT('',(11.285939614403,5.935163043382,
    21.851885274715));
#5124 = CARTESIAN_POINT('',(13.8784095683,8.839691369658,19.178528567251
    ));
#5125 = CARTESIAN_POINT('',(17.152952628199,9.615004358701,
    15.823098753784));
#5126 = CARTESIAN_POINT('',(20.305750092411,8.04460098396,
    12.589414536005));
#5127 = CARTESIAN_POINT('',(22.552850777101,4.484247645534,
    10.261427097747));
#5128 = CARTESIAN_POINT('',(23.322619238581,-0.218173637681,9.4107718827
    ));
#5129 = CARTESIAN_POINT('',(22.398485085054,-4.924486902902,
    10.254019282659));
#5130 = CARTESIAN_POINT('',(19.976368868583,-8.481698367237,
    12.595248745563));
#5131 = CARTESIAN_POINT('',(16.621660215121,-10.00445476133,
    15.869070645458));
#5132 = CARTESIAN_POINT('',(13.135084385906,-9.095290681834,
    19.274759721105));
#5133 = CARTESIAN_POINT('',(10.359257867089,-5.947900213345,
    21.969699486354));
#5134 = CARTESIAN_POINT('',(8.972663966635,-1.306707709618,
    23.275406633241));
#5135 = CARTESIAN_POINT('',(9.321421461706,3.709056192722,
    22.845762384603));
#5136 = CARTESIAN_POINT('',(11.330545434007,7.87523567895,
    20.755751658735));
#5137 = CARTESIAN_POINT('',(14.517393037907,10.161516968381,
    17.488017301266));
#5138 = CARTESIAN_POINT('',(18.105190991167,9.986165134811,
    13.81933259444));
#5139 = CARTESIAN_POINT('',(21.209972935326,7.363764259116,
    10.633663896712));
#5140 = CARTESIAN_POINT('',(23.055944292154,2.908505291016,
    8.706805786317));
#5141 = CARTESIAN_POINT('',(23.16680432625,-2.309442662476,
    8.515058998653));
#5142 = CARTESIAN_POINT('',(21.485850762064,-7.020945799398,
    10.115125809273));
#5143 = CARTESIAN_POINT('',(18.394617938711,-10.06659017804,
    13.125471879057));
#5144 = CARTESIAN_POINT('',(14.624334878531,-10.68195772008,
    16.81486818567));
#5145 = CARTESIAN_POINT('',(11.080702194285,-8.68930923066,
    20.277614116349));
#5146 = CARTESIAN_POINT('',(8.623965931368,-4.547650204982,
    22.653463625699));
#5147 = CARTESIAN_POINT('',(7.85769148964,0.752662450269,23.338851313859
    ));
#5148 = CARTESIAN_POINT('',(8.978098370756,5.926660210474,
    22.137557679176));
#5149 = CARTESIAN_POINT('',(11.721542089084,9.70627641422,
    19.313227207281));
#5150 = CARTESIAN_POINT('',(15.424084128093,11.151114732093,
    15.529798414703));
#5151 = CARTESIAN_POINT('',(19.179770349476,9.882315397429,
    11.693225439753));
#5152 = CARTESIAN_POINT('',(22.059901879859,6.181385734839,
    8.732207155803));
#5153 = CARTESIAN_POINT('',(23.3402293088,0.928329539712,7.370992973294)
  );
#5154 = CARTESIAN_POINT('',(22.680491534174,-4.60748331513,
    7.949843994353));
#5155 = CARTESIAN_POINT('',(20.211806983243,-9.074036734517,
    10.337641791716));
#5156 = CARTESIAN_POINT('',(16.509533616984,-11.36686839711,
    13.959028404407));
#5157 = CARTESIAN_POINT('',(12.457041727715,-10.9021068245,
    17.93063354011));
#5158 = CARTESIAN_POINT('',(9.032628823937,-7.764863519293,
    21.27415969032));
#5159 = CARTESIAN_POINT('',(7.070972508943,-2.695333744503,
    23.154929251746));
#5160 = CARTESIAN_POINT('',(7.057288247942,3.085669962631,23.08772675918
    ));
#5161 = CARTESIAN_POINT('',(9.004946647118,8.170672842028,
    21.059181606436));
#5162 = CARTESIAN_POINT('',(12.447380097751,11.308209367391,
    17.535861402236));
#5163 = CARTESIAN_POINT('',(16.547426323619,11.710782462479,
    13.3549284228));
#5164 = CARTESIAN_POINT('',(20.298521357768,9.252337332214,
    9.522946635084));
#5165 = CARTESIAN_POINT('',(22.769397582988,4.505773999931,
    6.971183656296));
#5166 = CARTESIAN_POINT('',(23.332800251603,-1.390294356247,
    6.326894234115));
#5167 = CARTESIAN_POINT('',(21.822054970259,-7.004615625946,
    7.756752761891));
#5168 = CARTESIAN_POINT('',(18.576430051578,-10.96072835958,
    10.921490927005));
#5169 = CARTESIAN_POINT('',(14.363085907686,-12.27441044095,
    15.053948317328));
#5170 = CARTESIAN_POINT('',(10.19350723129,-10.59842339503,
    19.142640240158));
#5171 = CARTESIAN_POINT('',(7.078329585136,-6.313719822594,
    22.176931132744));
#5172 = CARTESIAN_POINT('',(5.779986900797,-0.443286081857,
    23.394387063516));
#5173 = CARTESIAN_POINT('',(6.623717383192,5.592007137448,
    22.469769827552));
#5174 = CARTESIAN_POINT('',(9.413760715201,10.31729957586,
    19.598839741977));
#5175 = CARTESIAN_POINT('',(13.476273316439,12.564150895823,
    15.455440387171));
#5176 = CARTESIAN_POINT('',(17.81966786541,11.759393590111,
    11.031159084632));
#5177 = CARTESIAN_POINT('',(21.374244557933,8.071038447259,
    7.395695638542));
#5178 = CARTESIAN_POINT('',(23.25320670277,2.374162521891,5.435846740137
    ));
#5179 = CARTESIAN_POINT('',(22.971371112311,-3.956567951915,
    5.636795577029));
#5180 = CARTESIAN_POINT('',(20.567642172974,-9.378582327781,
    7.959637762799));
#5181 = CARTESIAN_POINT('',(16.600373364857,-12.55727386079,
    11.846019817348));
#5182 = CARTESIAN_POINT('',(12.015569593285,-12.6944662655,
    16.349936835353));
#5183 = CARTESIAN_POINT('',(7.919010746153,-9.728647991599,
    20.365608928918));
#5184 = CARTESIAN_POINT('',(5.307182121737,-4.356787204578,
    22.896550799767));
#5185 = CARTESIAN_POINT('',(4.822484460102,2.129247636036,
    23.300361707834));
#5186 = CARTESIAN_POINT('',(6.592851912037,8.153321782277,
    21.449107502331));
#5187 = CARTESIAN_POINT('',(10.195793657383,12.238040894574,
    17.765279003418));
#5188 = CARTESIAN_POINT('',(14.75678425405,13.367058580053,
    13.123401653183));
#5189 = CARTESIAN_POINT('',(19.159135986275,11.237839667045,
    8.64016316739));
#5190 = CARTESIAN_POINT('',(22.314997239546,6.342046238572,
    5.403415160553));
#5191 = CARTESIAN_POINT('',(23.431711418644,-0.147661977441,
    4.205814227885));
#5192 = CARTESIAN_POINT('',(22.208321150601,-6.658434855989,
    5.348317742362));
#5193 = CARTESIAN_POINT('',(18.913519461962,-11.59842215336,
    8.562232677433));
#5194 = CARTESIAN_POINT('',(14.324931263312,-13.74596456709,
    13.069934122516));
#5195 = CARTESIAN_POINT('',(9.543364761851,-12.55163431186,
    17.77061387041));
#5196 = CARTESIAN_POINT('',(5.726386080921,-8.278467484958,
    21.506705797772));
#5197 = CARTESIAN_POINT('',(3.805697221996,-1.944673412639,
    23.34650790313));
#5198 = CARTESIAN_POINT('',(4.257319405461,4.91887286986,22.813998966098
    ));
#5199 = CARTESIAN_POINT('',(6.981259079827,10.638624485941,
    20.009172538164));
#5200 = CARTESIAN_POINT('',(11.321033823218,13.806424305466,
    15.588511041206));
#5201 = CARTESIAN_POINT('',(16.219476718212,13.626136774774,
    10.609181392643));
#5202 = CARTESIAN_POINT('',(20.473865834018,10.113534004636,
    6.273905523271));
#5203 = CARTESIAN_POINT('',(23.028812032563,4.099297706821,
    3.638072571158));
#5204 = CARTESIAN_POINT('',(23.235580849377,-2.967258497795,
    3.350417000776));
#5205 = CARTESIAN_POINT('',(21.014135661084,-9.367410735258,
    5.490975435502));
#5206 = CARTESIAN_POINT('',(16.877453023362,-13.53105176009,
    9.546771319657));
#5207 = CARTESIAN_POINT('',(11.81101531229,-14.42185088614,
    14.532322277161));
#5208 = CARTESIAN_POINT('',(7.035753260145,-11.79506997031,
    19.226697575738));
#5209 = CARTESIAN_POINT('',(3.711454582022,-6.263926761097,
    22.470109500295));
#5210 = CARTESIAN_POINT('',(2.652687112593,0.843300647483,
    23.447990216156));
#5211 = CARTESIAN_POINT('',(4.126815048289,7.802195663931,
    21.892975526892));
#5212 = CARTESIAN_POINT('',(7.7841759473,12.91059194971,18.154727874314)
  );
#5213 = CARTESIAN_POINT('',(12.738568535356,14.904917955679,
    13.11944853269));
#5214 = CARTESIAN_POINT('',(17.779584924716,13.272663196358,
    7.997545389762));
#5215 = CARTESIAN_POINT('',(21.665925511968,8.383716344974,
    4.030318048944));
#5216 = CARTESIAN_POINT('',(23.428619685518,1.407002962646,
    2.186737121826));
#5217 = CARTESIAN_POINT('',(22.610083551973,-5.968909651723,
    2.924386501803));
#5218 = CARTESIAN_POINT('',(19.3800467719,-11.94448204795,6.073536528308
    ));
#5219 = CARTESIAN_POINT('',(14.499024394411,-15.04824294245,
    10.87367215223));
#5220 = CARTESIAN_POINT('',(9.137060395056,-14.49908660426,
    16.154749398019));
#5221 = CARTESIAN_POINT('',(4.590923090933,-10.40263629792,
    20.619999948574));
#5222 = CARTESIAN_POINT('',(1.968104209931,-3.732359782441,
    23.161932076009));
#5223 = CARTESIAN_POINT('',(1.91462568105,3.901627395681,23.134523851322
    ));
#5224 = CARTESIAN_POINT('',(4.45354594668,10.641195734762,
    20.514716832124));
#5225 = CARTESIAN_POINT('',(8.974508122231,14.832474638481,
    15.912867903006));
#5226 = CARTESIAN_POINT('',(14.378051709695,15.431680083641,
    10.428437561974));
#5227 = CARTESIAN_POINT('',(19.340596475405,12.264921494268,
    5.385006042697));
#5228 = CARTESIAN_POINT('',(22.636240194275,6.07735153744,2.008475570259
    ));
#5229 = CARTESIAN_POINT('',(23.437132710283,-1.641965121909,
    1.126696300684));
#5230 = CARTESIAN_POINT('',(21.518831109097,-9.018355475433,
    2.964111148302));
#5231 = CARTESIAN_POINT('',(17.319714043026,-14.24680935031,
    7.082341460806));
#5232 = CARTESIAN_POINT('',(11.83882929523,-16.03365436716,
    12.482339455034));
#5233 = CARTESIAN_POINT('',(6.395931450794,-13.91656262579,
    17.844350545903));
#5234 = CARTESIAN_POINT('',(2.311336311331,-8.383751818089,
    21.848058931799));
#5235 = CARTESIAN_POINT('',(0.583252005075,-0.76174387215,
    23.495256484487));
#5236 = CARTESIAN_POINT('',(1.641441749305,7.102603282454,22.35617998669
    ));
#5237 = CARTESIAN_POINT('',(5.237997699812,13.289591585874,
    18.678737282615));
#5238 = CARTESIAN_POINT('',(10.502936297635,16.275279727156,
    13.332911931225));
#5239 = CARTESIAN_POINT('',(16.152238060089,15.306797869853,
    7.602723415203));
#5240 = CARTESIAN_POINT('',(20.798598827271,10.591960892486,
    2.875475894454));
#5241 = CARTESIAN_POINT('',(23.289688574907,3.255479351448,0.30349939325
    ));
#5242 = CARTESIAN_POINT('',(22.991442263742,-4.929226763882,
    0.520858950848));
#5243 = CARTESIAN_POINT('',(19.946744980938,-11.96869006458,
    3.484669480085));
#5244 = CARTESIAN_POINT('',(14.869827883607,-16.13492450618,
    8.480699823848));
#5245 = CARTESIAN_POINT('',(8.976562518808,-16.38956556848,
    14.29307843508));
#5246 = CARTESIAN_POINT('',(3.690952806618,-12.64252261278,
    19.497801393702));
#5247 = CARTESIAN_POINT('',(0.298671922695,-5.780748086539,
    22.809195524058));
#5248 = CARTESIAN_POINT('',(-0.368060731016,2.541543721706,
    23.395041424201));
#5249 = CARTESIAN_POINT('',(1.862971483118,10.301632854307,
    21.083122456499));
#5250 = CARTESIAN_POINT('',(6.457251742239,15.599911674703,
    16.407955443811));
#5251 = CARTESIAN_POINT('',(12.299162953302,17.12487814278,
    10.485157479181));
#5252 = CARTESIAN_POINT('',(17.960493101585,14.477685269217,
    4.742940577329));
#5253 = CARTESIAN_POINT('',(22.047197366235,8.275954328588,
    0.575349559113));
#5254 = CARTESIAN_POINT('',(23.540225536631,9.944932298051E-03,
    -0.998565364851));
#5255 = CARTESIAN_POINT('',(22.047088179812,-8.315491464832,
    0.413685238401));
#5256 = CARTESIAN_POINT('',(17.902071446298,-14.66716569748,
    4.477815218347));
#5257 = CARTESIAN_POINT('',(12.08956859737,-17.48007862254,
    10.209431313708));
#5258 = CARTESIAN_POINT('',(6.008046344216,-16.04296617933,
    16.210066813294));
#5259 = CARTESIAN_POINT('',(1.131228359906,-10.67789474034,
    21.005998044037));
#5260 = CARTESIAN_POINT('',(-1.351418256398,-2.668617798343,
    23.407757906774));
#5261 = CARTESIAN_POINT('',(-0.827191042112,6.046510145637,
    22.80264393892));
#5262 = CARTESIAN_POINT('',(2.586269783808,13.343626896096,
    19.308296359433));
#5263 = CARTESIAN_POINT('',(8.064796240519,17.430943371942,
    13.748883149154));
#5264 = CARTESIAN_POINT('',(14.274276607778,17.288678755108,
    7.458516028328));
#5265 = CARTESIAN_POINT('',(19.693137940953,12.923341658991,
    1.958767941585));
#5266 = CARTESIAN_POINT('',(22.982780032801,5.372988922422,
    -1.41176090383));
#5267 = CARTESIAN_POINT('',(23.315776971179,-3.539483283471,
    -1.825644595776));
#5268 = CARTESIAN_POINT('',(20.581381307872,-11.64641610156,
    0.827864313963));
#5269 = CARTESIAN_POINT('',(15.417311223244,-16.96259779787,
    5.911047645024));
#5270 = CARTESIAN_POINT('',(9.058907952891,-18.17138081147,
    12.188564161809));
#5271 = CARTESIAN_POINT('',(3.041313112933,-14.95067538817,
    18.125272248201));
#5272 = CARTESIAN_POINT('',(-1.173539901729,-8.058129197366,
    22.259238509295));
#5273 = CARTESIAN_POINT('',(-2.554487089162,0.846890502061,
    23.55929894316));
#5274 = CARTESIAN_POINT('',(-0.755797009164,9.602738566138,
    21.679722109596));
#5275 = CARTESIAN_POINT('',(3.793944114083,16.070215973003,
    17.049094232781));
#5276 = CARTESIAN_POINT('',(9.991512080926,18.655203986457,
    10.77063951237));
#5277 = CARTESIAN_POINT('',(16.324155920588,16.701524006131,
    4.35710891914));
#5278 = CARTESIAN_POINT('',(21.236443275604,10.657220384346,
    -0.636065189442));
#5279 = CARTESIAN_POINT('',(23.509880334691,1.972194342178,
    -2.990389002098));
#5280 = CARTESIAN_POINT('',(22.562656720828,-7.249522692461,
    -2.124052141802));
#5281 = CARTESIAN_POINT('',(18.595787555651,-14.75948009811,
    1.761930269807));
#5282 = CARTESIAN_POINT('',(12.548979434683,-18.71302632392,
    7.727851637209));
#5283 = CARTESIAN_POINT('',(5.875796088446,-18.12236800985,
    14.320148229878));
#5284 = CARTESIAN_POINT('',(0.191901670035,-13.10320466463,
    19.923155894722));
#5285 = CARTESIAN_POINT('',(-3.118497375837,-4.853397772833,
    23.152668187026));
#5286 = CARTESIAN_POINT('',(-3.24214547261,4.632795979495,
    23.195429530232));
#5287 = CARTESIAN_POINT('',(-0.138906246957,13.046781452797,
    20.011303551011));
#5288 = CARTESIAN_POINT('',(5.443629189054,18.327453288901,
    14.347881361433));
#5289 = CARTESIAN_POINT('',(12.14782731371,19.166067040453,
    7.562796483209));
#5290 = CARTESIAN_POINT('',(18.333783329993,15.330489271119,
    1.295953713358));
#5291 = CARTESIAN_POINT('',(22.478050311416,7.72851657649,
    -2.929200021632));
#5292 = CARTESIAN_POINT('',(23.546378793804,-1.806807501652,
    -4.078415257587));
#5293 = CARTESIAN_POINT('',(21.249271673602,-10.95915080402,
    -1.862194890953));
#5294 = CARTESIAN_POINT('',(16.117223054835,-17.49157667598,
    3.188966974247));
#5295 = CARTESIAN_POINT('',(9.376165795777,-19.79326697402,
    9.849137479737));
#5296 = CARTESIAN_POINT('',(2.652331704934,-17.2766633751,
    16.492084817013));
#5297 = CARTESIAN_POINT('',(-2.42243005999,-10.52712939494,
    21.485959828369));
#5298 = CARTESIAN_POINT('',(-4.609089105328,-1.167086946385,
    23.59173212014));
#5299 = CARTESIAN_POINT('',(-3.366342328651,8.533913004807,
    22.268098589896));
#5300 = CARTESIAN_POINT('',(1.013029911904,16.209485942356,
    17.807839595773));
#5301 = CARTESIAN_POINT('',(7.468669270308,19.973647808384,
    11.271313483801));
#5302 = CARTESIAN_POINT('',(14.426976832113,18.884183095258,
    4.232119168429));
#5303 = CARTESIAN_POINT('',(20.182290285007,13.178312008833,
    -1.604081038033));
#5304 = CARTESIAN_POINT('',(23.312569325888,4.221754371533,
    -4.815246832481));
#5305 = CARTESIAN_POINT('',(23.028283176577,-5.818067552151,
    -4.611847436738));
#5306 = CARTESIAN_POINT('',(19.368908601781,-14.49651233301,
    -1.033359615509));
#5307 = CARTESIAN_POINT('',(13.198157973895,-19.68697599241,
    5.05650425881));
#5308 = CARTESIAN_POINT('',(5.997921803636,-20.10198030596,
    12.175853675502));
#5309 = CARTESIAN_POINT('',(-0.48993472401,-15.6124147336,18.58282344958
    ));
#5310 = CARTESIAN_POINT('',(-4.687340136952,-7.285800022677,
    22.699342108955));
#5311 = CARTESIAN_POINT('',(-5.566253822939,2.86740400821,
    23.497369041374));
#5312 = CARTESIAN_POINT('',(-2.902842347294,12.379192628649,
    20.753070812162));
#5313 = CARTESIAN_POINT('',(2.663233152829,18.923929068956,
    15.106108558471));
#5314 = CARTESIAN_POINT('',(9.780018727773,20.886951875973,
    7.908436229959));
#5315 = CARTESIAN_POINT('',(16.709249143238,17.762857791181,
    0.898319060927));
#5316 = CARTESIAN_POINT('',(21.748515816384,10.285234541029,
    -4.221834365788));
#5317 = CARTESIAN_POINT('',(23.64709079483,0.254631762538,
    -6.201296097799));
#5318 = CARTESIAN_POINT('',(21.913840466926,-9.894946281548,
    -4.548932523464));
#5319 = CARTESIAN_POINT('',(16.941434319503,-17.68666564138,
    0.342586870392));
#5320 = CARTESIAN_POINT('',(9.91548060201,-21.20528806146,7.287653834317
    ));
#5321 = CARTESIAN_POINT('',(2.529558697563,-19.56789905065,
    14.592688985198));
#5322 = CARTESIAN_POINT('',(-3.425369073232,-13.14525392387,
    20.466730002425));
#5323 = CARTESIAN_POINT('',(-6.497625491845,-3.478297806784,
    23.45809966747));
#5324 = CARTESIAN_POINT('',(-5.931099336107,7.091466940996,
    22.810686758166));
#5325 = CARTESIAN_POINT('',(-1.853704229336,15.989119613658,
    18.652404897826));
#5326 = CARTESIAN_POINT('',(4.748931433522,21.033601977219,
    11.968882481401));
#5327 = CARTESIAN_POINT('',(12.269313612714,20.97232820676,
    4.367613548641));
#5328 = CARTESIAN_POINT('',(18.867051428857,15.792089623629,
    -2.311011021069));
#5329 = CARTESIAN_POINT('',(22.916829214495,6.729113680919,
    -6.441675560276));
#5330 = CARTESIAN_POINT('',(23.406340326301,-4.025836725991,
    -7.012073425648));
#5331 = CARTESIAN_POINT('',(20.186758114181,-13.85700425458,
    -3.873377967096));
#5332 = CARTESIAN_POINT('',(14.013787585161,-20.35982631229,
    2.218705808357));
#5333 = CARTESIAN_POINT('',(6.368131017288,-21.92904231376,
    9.783475622663));
#5334 = CARTESIAN_POINT('',(-0.902005624016,-18.15488334318,
    16.972725510399));
#5335 = CARTESIAN_POINT('',(-6.030059554168,-9.929580655431,
    22.019892686984));
#5336 = CARTESIAN_POINT('',(-7.76276090142,0.763378893626,
    23.671707280669));
#5337 = CARTESIAN_POINT('',(-5.668815745873,11.327518741838,
    21.496875371554));
#5338 = CARTESIAN_POINT('',(-0.248603870522,19.183848653425,
    15.995776742636));
#5339 = CARTESIAN_POINT('',(7.182958072914,22.400459615268,
    8.483328045631));
#5340 = CARTESIAN_POINT('',(14.813009874363,20.167539436484,
    0.772389490615));
#5341 = CARTESIAN_POINT('',(20.770580140233,13.001024808837,
    -5.266067528822));
#5342 = CARTESIAN_POINT('',(23.582947571743,2.623728412653,-8.1593217139
    ));
#5343 = CARTESIAN_POINT('',(22.537217520113,-8.448757276967,
    -7.194478415837));
#5344 = CARTESIAN_POINT('',(17.858347723899,-17.51786281324,
    -2.596495373191));
#5345 = CARTESIAN_POINT('',(10.659194889102,-22.35973177521,
    4.521770708039));
#5346 = CARTESIAN_POINT('',(2.6735723231,-21.77050734346,12.426506520474
    ));
#5347 = CARTESIAN_POINT('',(-4.163663277024,-15.86551927434,
    19.18285536703));
#5348 = CARTESIAN_POINT('',(-8.187799323457,-6.058048053494,
    23.126104659896));
#5349 = CARTESIAN_POINT('',(-8.411982858281,5.278828445148,
    23.269401441153));
#5350 = CARTESIAN_POINT('',(-4.771611777536,15.386420292809,
    19.54814360684));
#5351 = CARTESIAN_POINT('',(1.855103046053,21.791718863015,
    12.840542029683));
#5352 = CARTESIAN_POINT('',(9.856586939358,22.912447212822,
    4.758171382811));
#5353 = CARTESIAN_POINT('',(17.277430219224,18.447838917763,
    -2.743558650623));
#5354 = CARTESIAN_POINT('',(22.293849298867,9.458654159442,
    -7.840864483833));
#5355 = CARTESIAN_POINT('',(23.65947105672,-1.884700031405,
    -9.287372995255));
#5356 = CARTESIAN_POINT('',(21.012480141742,-12.82617327923,
    -6.721268833843));
#5357 = CARTESIAN_POINT('',(14.968449632767,-20.69369668602,
    -0.758125078436));
#5358 = CARTESIAN_POINT('',(6.975100498809,-23.55173379902,
    7.154337301955));
#5359 = CARTESIAN_POINT('',(-1.036775610321,-20.67739887089,
    15.085326657517));
#5360 = CARTESIAN_POINT('',(-7.122067475972,-12.74303630548,
    21.089731769602));
#5361 = CARTESIAN_POINT('',(-9.79596820958,-1.659208193895,
    23.682745749642));
#5362 = CARTESIAN_POINT('',(-8.39866038367,9.885308214106,
    22.204551170165));
#5363 = CARTESIAN_POINT('',(-3.260499045337,19.075772180694,
    16.985503078263));
#5364 = CARTESIAN_POINT('',(4.373628369919,23.657756832655,
    9.270488909441));
#5365 = CARTESIAN_POINT('',(12.64351485681,22.49012768838,0.919715668982
    ));
#5366 = CARTESIAN_POINT('',(19.52451401014,15.82909284938,
    -6.042170237916));
#5367 = CARTESIAN_POINT('',(23.32080429278,5.272654333523,
    -9.919347274123));
#5368 = CARTESIAN_POINT('',(23.080863635429,-6.622676778599,
    -9.76029337034));
#5369 = CARTESIAN_POINT('',(18.833367942306,-16.96098942962,
    -5.593684430785));
#5370 = CARTESIAN_POINT('',(11.585049829751,-23.21198029886,
    1.573746928204));
#5371 = CARTESIAN_POINT('',(3.079861286153,-23.83022647535,
    9.998048718234));
#5372 = CARTESIAN_POINT('',(-4.622962393449,-18.63716546064,
    17.619985644268));
#5373 = CARTESIAN_POINT('',(-9.649856749173,-8.871391214421,
    22.565993246425));
#5374 = CARTESIAN_POINT('',(-10.77103231867,3.106638932809,
    23.606282062364));
#5375 = CARTESIAN_POINT('',(-7.703720422562,14.385116304378,
    20.45808341268));
#5376 = CARTESIAN_POINT('',(-1.185797780423,22.208728328564,
    13.859274016972));
#5377 = CARTESIAN_POINT('',(7.199298098647,24.651767156011,
    5.393291384335));
#5378 = CARTESIAN_POINT('',(15.40484583453,21.092064789529,
    -2.893143105115));
#5379 = CARTESIAN_POINT('',(21.418025355498,12.369129093846,
    -8.987209379651));
#5380 = CARTESIAN_POINT('',(23.751236617111,0.586359779341,
    -11.40130739483));
#5381 = CARTESIAN_POINT('',(21.807624589145,-11.39610956538,
    -9.538582120433));
#5382 = CARTESIAN_POINT('',(16.031003801652,-20.6556715973,
    -3.842848086508));
#5383 = CARTESIAN_POINT('',(7.802559175966,-24.92008609529,
    4.304709785611));
#5384 = CARTESIAN_POINT('',(-0.891683796027,-23.12503637141,
    12.918066004037));
#5385 = CARTESIAN_POINT('',(-7.942570180281,-15.67959852875,
    19.888065634724));
#5386 = CARTESIAN_POINT('',(-11.63187021591,-4.373447286362,
    23.496478916791));
#5387 = CARTESIAN_POINT('',(-11.05338950462,8.05326428999,
    22.837111451932));
#5388 = CARTESIAN_POINT('',(-6.3379324932,18.573995096508,18.04076768694
    ));
#5389 = CARTESIAN_POINT('',(1.373706623476,24.612933491417,
    10.248241816697));
#5390 = CARTESIAN_POINT('',(10.204326687001,24.675616275323,
    1.336734999604));
#5391 = CARTESIAN_POINT('',(17.994880501503,18.718664225013,
    -6.534705568466));
#5392 = CARTESIAN_POINT('',(22.829945632642,8.167184472433,
    -11.45065745317));
#5393 = CARTESIAN_POINT('',(23.506215535924,-4.426061547853,
    -12.20781411002));
#5394 = CARTESIAN_POINT('',(19.829426064751,-15.99823572897,
    -8.611911392416));
#5395 = CARTESIAN_POINT('',(12.666461852617,-23.72134424154,
    -1.529833933849));
#5396 = CARTESIAN_POINT('',(3.738786266699,-25.69332769697,
    7.316954898501));
#5397 = CARTESIAN_POINT('',(-4.793603931231,-21.40643836123,
    15.768458342864));
#5398 = CARTESIAN_POINT('',(-10.85715385126,-11.87758336892,
    21.751121509329));
#5399 = CARTESIAN_POINT('',(-12.97106357863,0.592736097067,
    23.78414448313));
#5400 = CARTESIAN_POINT('',(-10.611310731,12.975786205361,
    21.343504881937));
#5401 = CARTESIAN_POINT('',(-4.34290428559,22.250202231327,
    14.994211682953));
#5402 = CARTESIAN_POINT('',(4.312966355376,26.139172648076,
    6.257454288419));
#5403 = CARTESIAN_POINT('',(13.245688190506,23.669340809354,
    -2.756154300278));
#5404 = CARTESIAN_POINT('',(20.267470656031,15.414237486989,
    -9.858823519371));
#5405 = CARTESIAN_POINT('',(23.646759674974,3.361406666179,
    -13.31899929188));
#5406 = CARTESIAN_POINT('',(22.532766296591,-9.566069986301,
    -12.28589266706));
#5407 = CARTESIAN_POINT('',(17.167032930231,-20.21847707172,
    -7.001046054272));
#5408 = CARTESIAN_POINT('',(8.829450669039,-25.98687705093,
    1.255649453352));
#5409 = CARTESIAN_POINT('',(-0.469303178049,-25.44205389882,
    10.473516546873));
#5410 = CARTESIAN_POINT('',(-8.475011090285,-18.68851394961,
    18.398337705541));
#5411 = CARTESIAN_POINT('',(-13.23877312048,-7.345888401823,
    23.081212982177));
#5412 = CARTESIAN_POINT('',(-13.59384037062,5.839400322376,
    23.355393478743));
#5413 = CARTESIAN_POINT('',(-9.44376148782,17.659120040617,
    19.124427842374));
#5414 = CARTESIAN_POINT('',(-1.790694984498,25.223852829059,
    11.390474585484));
#5415 = CARTESIAN_POINT('',(7.504180748401,26.669320911062,
    2.014712099018));
#5416 = CARTESIAN_POINT('',(16.170898601963,21.615754494743,
    -6.732892508113));
#5417 = CARTESIAN_POINT('',(22.082665282755,11.26712796336,
    -12.72554594247));
#5418 = CARTESIAN_POINT('',(23.775340770385,-1.875544584269,
    -14.49910818367));
#5419 = CARTESIAN_POINT('',(20.807550975646,-14.61861419883,
    -11.61220514249));
#5420 = CARTESIAN_POINT('',(13.872871767992,-23.85184687648,
    -4.758412688412));
#5421 = CARTESIAN_POINT('',(4.635621942116,-27.3075403301,4.397950383898
    ));
#5422 = CARTESIAN_POINT('',(-4.670888620142,-24.11743110752,
    13.623574192588));
#5423 = CARTESIAN_POINT('',(-11.78668284083,-15.03063661795,
    20.658481659713));
#5424 = CARTESIAN_POINT('',(-14.97631830024,-2.237977159272,
    23.767230365552));
#5425 = CARTESIAN_POINT('',(-13.45453112319,11.156182144725,
    22.164556434938));
#5426 = CARTESIAN_POINT('',(-7.581932365116,21.887253951976,
    16.211070923293));
#5427 = CARTESIAN_POINT('',(1.217986100659,27.326111964855,7.33026570395
    ));
#5428 = CARTESIAN_POINT('',(10.801498360261,26.123202054233,
    -2.33413330922));
#5429 = CARTESIAN_POINT('',(18.824476030358,18.543286912211,
    -10.43799773288));
#5430 = CARTESIAN_POINT('',(23.313352495057,6.407823167614,
    -15.00776095115));
#5431 = CARTESIAN_POINT('',(23.148148944944,-7.34266343924,
    -14.9234441546));
#5432 = CARTESIAN_POINT('',(18.33934635712,-19.36107841462,
    -10.19552832034));
#5433 = CARTESIAN_POINT('',(10.03017383184,-26.70849631897,
    -1.967242548636));
#5434 = CARTESIAN_POINT('',(0.222578578182,-27.57281545592,
    7.759465951455));
#5435 = CARTESIAN_POINT('',(-8.707453440649,-21.715600874,
    16.608611216719));
#5436 = CARTESIAN_POINT('',(-14.58788667359,-10.5369480848,
    22.408157696094));
#5437 = CARTESIAN_POINT('',(-15.98133168882,3.259082163574,
    23.720715957761));
#5438 = CARTESIAN_POINT('',(-12.5387839481,16.318538110878,
    20.197281463473));
#5439 = CARTESIAN_POINT('',(-5.089361828881,25.452954903785,
    12.66697259068));
#5440 = CARTESIAN_POINT('',(4.556964120304,28.417810245199,
    2.939759887928));
#5441 = CARTESIAN_POINT('',(14.046739043808,24.464001664761,
    -6.630901789144));
#5442 = CARTESIAN_POINT('',(21.054807063957,14.526859964892,
    -13.71985656286));
#5443 = CARTESIAN_POINT('',(23.85159288873,1.005066849814,-16.5975291412
    ));
#5444 = CARTESIAN_POINT('',(21.727479619271,-12.81831243955,
    -14.5543026253));
#5445 = CARTESIAN_POINT('',(15.170161968732,-23.57294642951,
    -8.077871728338));
#5446 = CARTESIAN_POINT('',(5.750679754293,-28.62296835079,
    1.260723732534));
#5447 = CARTESIAN_POINT('',(-4.255282031517,-26.71297257813,
    11.185798764777));
#5448 = CARTESIAN_POINT('',(-12.41954929597,-18.27996380693,
    19.269179275669));
#5449 = CARTESIAN_POINT('',(-16.75310110489,-5.35377705074,
    23.521844331017));
#5450 = CARTESIAN_POINT('',(-16.19304037566,8.931445449655,
    22.880896848224));
#5451 = CARTESIAN_POINT('',(-10.86567246184,21.09716180607,
    17.472642180837));
#5452 = CARTESIAN_POINT('',(-2.060594948788,28.167477174496,
    8.586677914211));
#5453 = CARTESIAN_POINT('',(8.079070846101,28.397068449294,
    -1.633874634246));
#5454 = CARTESIAN_POINT('',(17.075911557691,21.701935962145,
    -10.7116020994));
#5455 = CARTESIAN_POINT('',(22.721120703299,9.686691640643,
    -16.43769799858));
#5456 = CARTESIAN_POINT('',(23.614344443774,-4.739923547933,
    -17.41180849262));
#5457 = CARTESIAN_POINT('',(19.508534904189,-18.06918945035,
    -13.3868857066));
#5458 = CARTESIAN_POINT('',(11.374898558103,-27.0457677542,
    -5.334136114086));
#5459 = CARTESIAN_POINT('',(1.170958981848,-29.46272708869,
    4.788916708602));
#5460 = CARTESIAN_POINT('',(-8.632896528917,-24.70407191469,
    14.5118854658));
#5461 = CARTESIAN_POINT('',(-15.65387992445,-13.90141881721,
    21.451982107767));
#5462 = CARTESIAN_POINT('',(-18.17832408363,0.33495579203,
    23.895539513384));
#5463 = CARTESIAN_POINT('',(-15.582343366,14.546811331043,
    21.218672042187));
#5464 = CARTESIAN_POINT('',(-8.488379353834,25.268001307969,
    14.043821276447));
#5465 = CARTESIAN_POINT('',(1.381613296926,29.86983224478,4.092941872119
    ));
#5466 = CARTESIAN_POINT('',(11.621747245215,27.205549464148,
    -6.228078829737));
#5467 = CARTESIAN_POINT('',(19.72625914889,17.895947397456,
    -14.41347748698));
#5468 = CARTESIAN_POINT('',(23.700257123583,4.185007394216,
    -18.46836221524));
#5469 = CARTESIAN_POINT('',(22.548297487541,-10.60093926736,
    -17.39728933276));
#5470 = CARTESIAN_POINT('',(16.521136246342,-22.86018496218,
    -11.45101484513));
#5471 = CARTESIAN_POINT('',(7.059510493198,-29.59298475916,
    -2.070275845558));
#5472 = CARTESIAN_POINT('',(-3.552538555235,-29.13555028527,
    8.460886449308));
#5473 = CARTESIAN_POINT('',(-12.74139278336,-21.57110591725,
    17.56885392387));
#5474 = CARTESIAN_POINT('',(-18.27039489784,-8.716474126537,
    23.016969284786));
#5475 = CARTESIAN_POINT('',(-18.78666838752,6.314210015112,
    23.452356020894));
#5476 = CARTESIAN_POINT('',(-14.15453539942,19.863906195614,
    18.739336279227));
#5477 = CARTESIAN_POINT('',(-5.493374087973,28.622444897833,
    9.997288214209));
#5478 = CARTESIAN_POINT('',(5.090475296304,30.435185211313,
    -0.667447923636));
#5479 = CARTESIAN_POINT('',(15.013563242935,24.833006138661,
    -10.67142262383));
#5480 = CARTESIAN_POINT('',(21.843533369408,13.153280439795,
    -17.58227950387));
#5481 = CARTESIAN_POINT('',(23.892918162136,-1.779266395493,
    -19.71255105017));
#5482 = CARTESIAN_POINT('',(20.633569823253,-16.33568467449,
    -16.53408946485));
#5483 = CARTESIAN_POINT('',(12.829953012115,-26.96471618755,
    -8.811359407285));
#5484 = CARTESIAN_POINT('',(2.357702112228,-31.05917234491,
    1.580004739035));
#5485 = CARTESIAN_POINT('',(-8.249520085135,-27.59541114401,
    12.106340182831));
#5486 = CARTESIAN_POINT('',(-16.41539221703,-17.38907490119,
    20.191325561166));
#5487 = CARTESIAN_POINT('',(-20.14907382238,-2.903240068542,
    23.844120412948));
#5488 = CARTESIAN_POINT('',(-18.53296664798,12.345949494489,
    22.14712648498));
#5489 = CARTESIAN_POINT('',(-11.9506001824,24.642749292767,
    15.483873265833));
#5490 = CARTESIAN_POINT('',(-1.998068701025,30.97722217684,
    5.450455030884));
#5491 = CARTESIAN_POINT('',(8.900589200581,29.781968899898,
    -5.52908962429));
#5492 = CARTESIAN_POINT('',(18.081393501305,21.319860365754,
    -14.79078067858));
#5493 = CARTESIAN_POINT('',(23.289176868223,7.626882059545,
    -20.07945079906));
#5494 = CARTESIAN_POINT('',(23.22910016094,-7.977659154769,
    -20.10026084535));
#5495 = CARTESIAN_POINT('',(17.886055821041,-21.69575334776,
    -14.83810325902));
#5496 = CARTESIAN_POINT('',(8.533184619148,-30.17509018383,
    -5.566118810695));
#5497 = CARTESIAN_POINT('',(-2.573744981398,-31.32825434169,
    5.459924036285));
#5498 = CARTESIAN_POINT('',(-12.74274394915,-24.8465322881,
    15.548036250477));
#5499 = CARTESIAN_POINT('',(-19.50044496012,-12.28187540413,
    22.224850507881));
#5500 = CARTESIAN_POINT('',(-21.19608561001,3.32459064,23.839604404196)
  );
#5501 = CARTESIAN_POINT('',(-17.40714468629,18.178611503875,
    19.96977672691));
#5502 = CARTESIAN_POINT('',(-9.046964972161,28.655264749485,
    11.528710259211));
#5503 = CARTESIAN_POINT('',(1.852996393024,32.183566629071,
    0.547862140457));
#5504 = CARTESIAN_POINT('',(12.634398904136,27.877351954767,
    -10.31442712422));
#5505 = CARTESIAN_POINT('',(20.657950551729,16.757629057809,
    -18.41886552538));
#5506 = CARTESIAN_POINT('',(23.947090181361,1.510667463374,
    -21.78889190858));
#5507 = CARTESIAN_POINT('',(21.672437367611,-14.16090706387,
    -19.5951258484));
#5508 = CARTESIAN_POINT('',(14.358277336798,-26.43726649559,
    -12.36185257115));
#5509 = CARTESIAN_POINT('',(3.759701432842,-32.31243327836,
    -1.844163420765));
#5510 = CARTESIAN_POINT('',(-7.560852459071,-30.33029327759,
    9.39550371758));
#5511 = CARTESIAN_POINT('',(-16.85549096191,-20.94536723587,
    18.609255466853));
#5512 = CARTESIAN_POINT('',(-21.86027068109,-6.418974462096,
    23.53314843247));
#5513 = CARTESIAN_POINT('',(-21.34902454857,9.725575102249,
    22.941015546386));
#5514 = CARTESIAN_POINT('',(-15.43617204702,23.557546159316,
    16.94727629126));
#5515 = CARTESIAN_POINT('',(-5.553669604079,31.69577528424,
    6.983887094752));
#5516 = CARTESIAN_POINT('',(5.893308764992,32.135210969492,
    -4.543978027888));
#5517 = CARTESIAN_POINT('',(16.109459325306,24.740748277012,
    -14.84101534176));
#5518 = CARTESIAN_POINT('',(22.589321270453,11.28712517114,
    -21.40176404048));
#5519 = CARTESIAN_POINT('',(23.729723303724,-4.967252590412,
    -22.62305282732));
#5520 = CARTESIAN_POINT('',(19.223116764369,-20.0688856378,
    -18.19733304153));
#5521 = CARTESIAN_POINT('',(10.138850432971,-30.33186866323,
    -9.193953463703));
#5522 = CARTESIAN_POINT('',(-1.335667726782,-33.23545182244,
    2.199677942481));
#5523 = CARTESIAN_POINT('',(-12.4185693378,-28.04703451329,
    13.20169279994));
#5524 = CARTESIAN_POINT('',(-20.42082201312,-15.99927129207,
    21.123058721688));
#5525 = CARTESIAN_POINT('',(-22.39345357975,-5.341469547119,
    23.041765785946));
#5526 = CARTESIAN_POINT('',(-22.42041583094,-1.105345948979E-12,
    23.041765785946));
#5527 = PCURVE('',#31,#5528);
#5528 = DEFINITIONAL_REPRESENTATION('',(#5529),#5533);
#5529 = LINE('',#5530,#5531);
#5530 = CARTESIAN_POINT('',(3.14159265359,7.227090422429E-17));
#5531 = VECTOR('',#5532,1.);
#5532 = DIRECTION('',(0.,1.));
#5533 = ( GEOMETRIC_REPRESENTATION_CONTEXT(2) 
PARAMETRIC_REPRESENTATION_CONTEXT() REPRESENTATION_CONTEXT('2D SPACE',''
  ) );
#5534 = PCURVE('',#31,#5535);
#5535 = DEFINITIONAL_REPRESENTATION('',(#5536),#5540);
#5536 = LINE('',#5537,#5538);
#5537 = CARTESIAN_POINT('',(-3.14159265359,7.227090422429E-17));
#5538 = VECTOR('',#5539,1.);
#5539 = DIRECTION('',(0.,1.));
#5540 = ( GEOMETRIC_REPRESENTATION_CONTEXT(2) 
PARAMETRIC_REPRESENTATION_CONTEXT() REPRESENTATION_CONTEXT('2D SPACE',''
  ) );
#5541 = ORIENTED_EDGE('',*,*,#5542,.F.);
#5542 = EDGE_CURVE('',#5026,#5026,#5543,.T.);
#5543 = SURFACE_CURVE('',#5544,(#5549,#5556),.PCURVE_S1.);
#5544 = CIRCLE('',#5545,0.5);
#5545 = AXIS2_PLACEMENT_3D('',#5546,#5547,#5548);
#5546 = CARTESIAN_POINT('',(-22.92041583094,-1.117078449519E-12,
    23.041765785946));
#5547 = DIRECTION('',(-2.346500108071E-14,1.,2.358746576062E-14));
#5548 = DIRECTION('',(-1.,-2.346500108071E-14,0.));
#5549 = PCURVE('',#31,#5550);
#5550 = DEFINITIONAL_REPRESENTATION('',(#5551),#5555);
#5551 = LINE('',#5552,#5553);
#5552 = CARTESIAN_POINT('',(-6.283185307179,270.17696820872));
#5553 = VECTOR('',#5554,1.);
#5554 = DIRECTION('',(1.,0.));
#5555 = ( GEOMETRIC_REPRESENTATION_CONTEXT(2) 
PARAMETRIC_REPRESENTATION_CONTEXT() REPRESENTATION_CONTEXT('2D SPACE',''
  ) );
#5556 = PCURVE('',#5557,#5562);
#5557 = PLANE('',#5558);
#5558 = AXIS2_PLACEMENT_3D('',#5559,#5560,#5561);
#5559 = CARTESIAN_POINT('',(-22.92041583094,-1.117078449519E-12,
    23.041765785946));
#5560 = DIRECTION('',(2.346500108071E-14,-1.,-2.358746576062E-14));
#5561 = DIRECTION('',(-2.888631444375E-30,-2.358746576062E-14,1.));
#5562 = DEFINITIONAL_REPRESENTATION('',(#5563),#5571);
#5563 = ( BOUNDED_CURVE() B_SPLINE_CURVE(2,(#5564,#5565,#5566,#5567,
#5568,#5569,#5570),.UNSPECIFIED.,.T.,.F.) B_SPLINE_CURVE_WITH_KNOTS((1,2
    ,2,2,2,1),(-2.094395102393,0.,2.094395102393,4.188790204786,
6.28318530718,8.377580409573),.UNSPECIFIED.) CURVE() 
GEOMETRIC_REPRESENTATION_ITEM() RATIONAL_B_SPLINE_CURVE((1.,0.5,1.,0.5,
1.,0.5,1.)) REPRESENTATION_ITEM('') );
#5564 = CARTESIAN_POINT('',(2.781842705043E-28,0.5));
#5565 = CARTESIAN_POINT('',(0.866025403784,0.5));
#5566 = CARTESIAN_POINT('',(0.433012701892,-0.25));
#5567 = CARTESIAN_POINT('',(1.224646799142E-16,-1.));
#5568 = CARTESIAN_POINT('',(-0.433012701892,-0.25));
#5569 = CARTESIAN_POINT('',(-0.866025403784,0.5));
#5570 = CARTESIAN_POINT('',(2.781842705043E-28,0.5));
#5571 = ( GEOMETRIC_REPRESENTATION_CONTEXT(2) 
PARAMETRIC_REPRESENTATION_CONTEXT() REPRESENTATION_CONTEXT('2D SPACE',''
  ) );
#5572 = ORIENTED_EDGE('',*,*,#5025,.F.);
#5573 = ADVANCED_FACE('',(#5574),#5557,.F.);
#5574 = FACE_BOUND('',#5575,.T.);
#5575 = EDGE_LOOP('',(#5576));
#5576 = ORIENTED_EDGE('',*,*,#5542,.T.);
#5577 = ADVANCED_FACE('',(#5578),#5009,.T.);
#5578 = FACE_BOUND('',#5579,.T.);
#5579 = EDGE_LOOP('',(#5580));
#5580 = ORIENTED_EDGE('',*,*,#21,.F.);
#5581 = ( GEOMETRIC_REPRESENTATION_CONTEXT(3) 
GLOBAL_UNCERTAINTY_ASSIGNED_CONTEXT((#5585)) 
GLOBAL_UNIT_ASSIGNED_CONTEXT((#5582,#5583,#5584)) REPRESENTATION_CONTEXT
('Context #1','3D Context with UNIT and UNCERTAINTY') );
#5582 = ( LENGTH_UNIT() NAMED_UNIT(*) SI_UNIT(.MILLI.,.METRE.) );
#5583 = ( NAMED_UNIT(*) PLANE_ANGLE_UNIT() SI_UNIT($,.RADIAN.) );
#5584 = ( NAMED_UNIT(*) SI_UNIT($,.STERADIAN.) SOLID_ANGLE_UNIT() );
#5585 = UNCERTAINTY_MEASURE_WITH_UNIT(LENGTH_MEASURE(1.E-03),#5582,
  'distance_accuracy_value','confusion accuracy');
#5586 = PRODUCT_RELATED_PRODUCT_CATEGORY('part',$,(#7));
ENDSEC;
END-ISO-10303-21;
