ISO-10303-21;
HEADER;
FILE_DESCRIPTION(('Open CASCADE Model'),'2;1');
FILE_NAME('Open CASCADE Shape Model','2026-10-05T12:46:08',('Author'),(
    'Open CASCADE'),'Open CASCADE STEP processor 8.0','Open CASCADE 8.0'
  ,'Unknown');
FILE_SCHEMA(('AUTOMOTIVE_DESIGN { 1 0 10303 214 1 1 1 1 }'));
ENDSEC;
DATA;
#1 = APPLICATION_PROTOCOL_DEFINITION('international standard',
  'automotive_design',2000,#2);
#2 = APPLICATION_CONTEXT(
  'core data for automotive mechanical design processes');
#3 = SHAPE_DEFINITION_REPRESENTATION(#4,#10);
#4 = PRODUCT_DEFINITION_SHAPE('','',#5);
#5 = PRODUCT_DEFINITION('design','',#6,#9);
#6 = PRODUCT_DEFINITION_FORMATION('','',#7);
#7 = PRODUCT('utron_coil_2 7','utron_coil_2 7','',(#8));
#8 = PRODUCT_CONTEXT('',#2,'mechanical');
#9 = PRODUCT_DEFINITION_CONTEXT('part definition',#2,'design');
#10 = ADVANCED_BREP_SHAPE_REPRESENTATION('',(#11,#15),#5581);
#11 = AXIS2_PLACEMENT_3D('',#12,#13,#14);
#12 = CARTESIAN_POINT('',(0.,0.,0.));
#13 = DIRECTION('',(0.,0.,1.));
#14 = DIRECTION('',(1.,0.,-0.));
#15 = MANIFOLD_SOLID_BREP('',#16);
#16 = CLOSED_SHELL('',(#17,#5573,#5577));
#17 = ADVANCED_FACE('',(#18),#526,.F.);
#18 = FACE_BOUND('',#19,.F.);
#19 = EDGE_LOOP('',(#20,#5510,#5541,#5542));
#20 = ORIENTED_EDGE('',*,*,#21,.T.);
#21 = EDGE_CURVE('',#22,#24,#26,.T.);
#22 = VERTEX_POINT('',#23);
#23 = CARTESIAN_POINT('',(-22.92041583094,-3.295274514685E-14,
    -21.29885464762));
#24 = VERTEX_POINT('',#25);
#25 = CARTESIAN_POINT('',(-22.92041583094,-1.105284716639E-12,
    22.541765785946));
#26 = SEAM_CURVE('',#27,(#525,#5503),.PCURVE_S1.);
#27 = B_SPLINE_CURVE_WITH_KNOTS('',3,(#28,#29,#30,#31,#32,#33,#34,#35,
    #36,#37,#38,#39,#40,#41,#42,#43,#44,#45,#46,#47,#48,#49,#50,#51,#52,
    #53,#54,#55,#56,#57,#58,#59,#60,#61,#62,#63,#64,#65,#66,#67,#68,#69,
    #70,#71,#72,#73,#74,#75,#76,#77,#78,#79,#80,#81,#82,#83,#84,#85,#86,
    #87,#88,#89,#90,#91,#92,#93,#94,#95,#96,#97,#98,#99,#100,#101,#102,
    #103,#104,#105,#106,#107,#108,#109,#110,#111,#112,#113,#114,#115,
    #116,#117,#118,#119,#120,#121,#122,#123,#124,#125,#126,#127,#128,
    #129,#130,#131,#132,#133,#134,#135,#136,#137,#138,#139,#140,#141,
    #142,#143,#144,#145,#146,#147,#148,#149,#150,#151,#152,#153,#154,
    #155,#156,#157,#158,#159,#160,#161,#162,#163,#164,#165,#166,#167,
    #168,#169,#170,#171,#172,#173,#174,#175,#176,#177,#178,#179,#180,
    #181,#182,#183,#184,#185,#186,#187,#188,#189,#190,#191,#192,#193,
    #194,#195,#196,#197,#198,#199,#200,#201,#202,#203,#204,#205,#206,
    #207,#208,#209,#210,#211,#212,#213,#214,#215,#216,#217,#218,#219,
    #220,#221,#222,#223,#224,#225,#226,#227,#228,#229,#230,#231,#232,
    #233,#234,#235,#236,#237,#238,#239,#240,#241,#242,#243,#244,#245,
    #246,#247,#248,#249,#250,#251,#252,#253,#254,#255,#256,#257,#258,
    #259,#260,#261,#262,#263,#264,#265,#266,#267,#268,#269,#270,#271,
    #272,#273,#274,#275,#276,#277,#278,#279,#280,#281,#282,#283,#284,
    #285,#286,#287,#288,#289,#290,#291,#292,#293,#294,#295,#296,#297,
    #298,#299,#300,#301,#302,#303,#304,#305,#306,#307,#308,#309,#310,
    #311,#312,#313,#314,#315,#316,#317,#318,#319,#320,#321,#322,#323,
    #324,#325,#326,#327,#328,#329,#330,#331,#332,#333,#334,#335,#336,
    #337,#338,#339,#340,#341,#342,#343,#344,#345,#346,#347,#348,#349,
    #350,#351,#352,#353,#354,#355,#356,#357,#358,#359,#360,#361,#362,
    #363,#364,#365,#366,#367,#368,#369,#370,#371,#372,#373,#374,#375,
    #376,#377,#378,#379,#380,#381,#382,#383,#384,#385,#386,#387,#388,
    #389,#390,#391,#392,#393,#394,#395,#396,#397,#398,#399,#400,#401,
    #402,#403,#404,#405,#406,#407,#408,#409,#410,#411,#412,#413,#414,
    #415,#416,#417,#418,#419,#420,#421,#422,#423,#424,#425,#426,#427,
    #428,#429,#430,#431,#432,#433,#434,#435,#436,#437,#438,#439,#440,
    #441,#442,#443,#444,#445,#446,#447,#448,#449,#450,#451,#452,#453,
    #454,#455,#456,#457,#458,#459,#460,#461,#462,#463,#464,#465,#466,
    #467,#468,#469,#470,#471,#472,#473,#474,#475,#476,#477,#478,#479,
    #480,#481,#482,#483,#484,#485,#486,#487,#488,#489,#490,#491,#492,
    #493,#494,#495,#496,#497,#498,#499,#500,#501,#502,#503,#504,#505,
    #506,#507,#508,#509,#510,#511,#512,#513,#514,#515,#516,#517,#518,
    #519,#520,#521,#522,#523,#524),.UNSPECIFIED.,.F.,.F.,(4,1,1,1,1,1,1,
    1,1,1,1,1,1,1,1,1,1,1,1,1,1,1,1,1,1,1,1,1,1,1,1,1,1,1,1,1,1,1,1,1,1,
    1,1,1,1,1,1,1,1,1,1,1,1,1,1,1,1,1,1,1,1,1,1,1,1,1,1,1,1,1,1,1,1,1,1,
    1,1,1,1,1,1,1,1,1,1,1,1,1,1,1,1,1,1,1,1,1,1,1,1,1,1,1,1,1,1,1,1,1,1,
    1,1,1,1,1,1,1,1,1,1,1,1,1,1,1,1,1,1,1,1,1,1,1,1,1,1,1,1,1,1,1,1,1,1,
    1,1,1,1,1,1,1,1,1,1,1,1,1,1,1,1,1,1,1,1,1,1,1,1,1,1,1,1,1,1,1,1,1,1,
    1,1,1,1,1,1,1,1,1,1,1,1,1,1,1,1,1,1,1,1,1,1,1,1,1,1,1,1,1,1,1,1,1,1,
    1,1,1,1,1,1,1,1,1,1,1,1,1,1,1,1,1,1,1,1,1,1,1,1,1,1,1,1,1,1,1,1,1,1,
    1,1,1,1,1,1,1,1,1,1,1,1,1,1,1,1,1,1,1,1,1,1,1,1,1,1,1,1,1,1,1,1,1,1,
    1,1,1,1,1,1,1,1,1,1,1,1,1,1,1,1,1,1,1,1,1,1,1,1,1,1,1,1,1,1,1,1,1,1,
    1,1,1,1,1,1,1,1,1,1,1,1,1,1,1,1,1,1,1,1,1,1,1,1,1,1,1,1,1,1,1,1,1,1,
    1,1,1,1,1,1,1,1,1,1,1,1,1,1,1,1,1,1,1,1,1,1,1,1,1,1,1,1,1,1,1,1,1,1,
    1,1,1,1,1,1,1,1,1,1,1,1,1,1,1,1,1,1,1,1,1,1,1,1,1,1,1,1,1,1,1,1,1,1,
    1,1,1,1,1,1,1,1,1,1,1,1,1,1,1,1,1,1,1,1,1,1,1,1,1,1,1,1,1,1,1,1,1,1,
    1,1,1,1,1,1,1,1,1,1,1,1,1,1,1,1,1,1,1,1,1,1,1,1,1,1,1,1,1,1,1,1,1,1,
    1,1,1,1,1,1,1,1,1,1,1,4),(-4.112309471039E-14,0.99696298232,
    1.99392596464,2.99088894696,3.98785192928,4.9848149116,5.98177789392
    ,6.97874087624,7.97570385856,8.97266684088,9.9696298232,
    10.96659280552,11.96355578784,12.96051877016,13.95748175248,
    14.9544447348,15.95140771712,16.94837069944,17.94533368176,
    18.94229666408,19.9392596464,20.93622262872,21.93318561104,
    22.93014859336,23.92711157568,24.924074558,25.92103754032,
    26.91800052264,27.91496350496,28.91192648728,29.9088894696,
    30.90585245192,31.90281543424,32.89977841656,33.89674139888,
    34.8937043812,35.89066736352,36.88763034584,37.88459332816,
    38.38307481932,38.88155631048,39.8785192928,40.37700078396,
    40.87548227512,41.87244525744,42.86940823976,43.86637122208,
    44.36485271324,44.8633342044,45.86029718672,46.85726016904,
    47.3557416602,47.85422315136,48.85118613368,49.848149116,
    50.84511209832,51.34359358948,51.84207508064,52.3405565718,
    52.83903806296,53.33751955412,53.83600104528,54.8329640276,
    55.33144551876,55.82992700992,56.32840850108,56.82688999224,
    57.3253714834,57.82385297456,58.32233446572,58.82081595688,
    59.31929744804,59.8177789392,60.31626043036,60.814741921521,
    61.313223412681,61.81170490384,62.310186395,62.80866788616,
    63.30714937732,63.80563086848,64.30411235964,64.802593850801,
    65.30107534196,65.799556833121,66.29803832428,66.796519815441,
    67.2950013066,67.793482797761,68.29196428892,68.790445780081,
    69.28892727124,69.787408762401,70.28589025356,70.784371744721,
    71.28285323588,71.781334727041,72.279816218201,72.778297709361,
    73.276779200521,73.775260691681,74.273742182841,74.772223674001,
    75.270705165161,75.769186656321,76.267668147481,76.766149638641,
    77.264631129801,77.763112620961,78.261594112121,78.760075603281,
    79.258557094441,79.757038585601,80.255520076761,80.754001567921,
    81.252483059081,81.750964550241,82.249446041401,82.747927532561,
    83.246409023721,83.744890514881,84.243372006041,84.741853497201,
    85.240334988361,85.738816479521,86.237297970681,86.735779461841,
    87.234260953001,87.732742444161,88.231223935321,88.729705426481,
    89.228186917641,89.726668408801,90.225149899961,90.723631391121,
    91.222112882281,91.720594373441,92.219075864601,92.717557355761,
    93.216038846921,93.714520338081,94.213001829241,94.711483320401,
    95.209964811561,95.708446302721,96.206927793881,96.705409285041,
    97.203890776201,97.702372267361,98.200853758521,98.699335249681,
    99.197816740841,99.696298232001,100.19477972316,100.69326121432,
    101.19174270548,101.69022419664,102.1887056878,102.68718717896,
    103.18566867012,103.68415016128,104.18263165244,104.6811131436,
    105.17959463476,105.67807612592,106.17655761708,106.67503910824,
    107.1735205994,107.67200209056,108.17048358172,108.66896507288,
    109.16744656404,109.6659280552,110.16440954636,110.66289103752,
    111.16137252868,111.65985401984,112.158335511,112.65681700216,
    113.15529849332,113.65377998448,114.15226147564,114.6507429668,
    115.14922445796,115.64770594912,116.14618744028,116.64466893144,
    117.1431504226,117.64163191376,118.14011340492,118.63859489608,
    119.13707638724,119.6355578784,120.13403936956,120.63252086072,
    121.13100235188,121.62948384304,122.1279653342,122.62644682536,
    123.12492831652,123.62340980768,124.12189129884,124.62037279,
    125.11885428116,125.61733577232,126.11581726348,126.61429875464,
    127.1127802458,127.61126173696,128.10974322812,128.60822471928,
    129.10670621044,129.6051877016,130.10366919276,130.60215068392,
    131.10063217508,131.59911366624,132.0975951574,132.59607664856,
    133.09455813972,133.59303963088,134.09152112204,134.5900026132,
    135.08848410436,135.58696559552,136.08544708668,136.58392857784,
    137.082410069,137.58089156016,138.07937305132,138.57785454248,
    139.07633603364,139.5748175248,140.07329901596,140.57178050712,
    141.07026199828,141.56874348944,142.0672249806,142.56570647176,
    143.06418796292,143.56266945408,144.06115094524,144.5596324364,
    145.05811392756,145.55659541872,146.05507690988,146.55355840104,
    147.0520398922,147.55052138336,148.04900287452,148.54748436568,
    149.04596585684,149.544447348,150.04292883916,150.54141033032,
    151.03989182148,151.53837331264,152.0368548038,152.53533629496,
    153.03381778612,153.53229927728,154.03078076844,154.5292622596,
    155.02774375076,155.52622524192,156.02470673308,156.52318822424,
    157.0216697154,157.52015120656,158.01863269772,158.51711418888,
    159.01559568004,159.5140771712,160.01255866236,160.51104015352,
    161.00952164468,161.50800313584,162.006484627,162.50496611816,
    163.00344760932,163.50192910048,164.00041059164,164.4988920828,
    164.99737357396,165.49585506512,165.99433655628,166.49281804744,
    166.9912995386,167.48978102976,167.98826252092,168.48674401208,
    168.98522550324,169.4837069944,169.98218848556,170.48066997672,
    170.97915146788,171.47763295904,171.9761144502,172.47459594136,
    172.97307743252,173.47155892368,173.97004041484,174.468521906,
    174.96700339716,175.46548488832,175.96396637948,176.46244787064,
    176.9609293618,177.45941085296,177.95789234412,178.45637383528,
    178.95485532644,179.4533368176,179.95181830876,180.45029979992,
    180.94878129108,181.44726278224,181.9457442734,182.44422576456,
    182.94270725572,183.44118874688,183.93967023804,184.4381517292,
    184.93663322036,185.43511471152,185.93359620268,186.43207769384,
    186.930559185,187.42904067616,187.92752216732,188.42600365848,
    188.92448514964,189.4229666408,189.92144813196,190.41992962312,
    190.91841111428,191.41689260544,191.9153740966,192.41385558776,
    192.91233707892,193.41081857008,193.90930006124,194.4077815524,
    194.90626304356,195.40474453472,195.90322602588,196.40170751704,
    196.9001890082,197.39867049936,197.89715199052,198.39563348168,
    198.89411497284,199.392596464,199.89107795516,200.38955944632,
    200.88804093748,201.38652242864,201.8850039198,202.38348541096,
    202.88196690212,203.38044839328,203.87892988444,204.3774113756,
    204.87589286676,205.37437435792,205.87285584908,206.37133734024,
    206.8698188314,207.36830032256,207.86678181372,208.36526330488,
    208.86374479604,209.3622262872,209.86070777836,210.35918926952,
    210.85767076068,211.35615225184,211.854633743,212.35311523416,
    212.85159672532,213.35007821648,213.84855970764,214.3470411988,
    214.84552268996,215.34400418112,215.84248567228,216.34096716344,
    216.8394486546,217.33793014576,217.83641163692,218.33489312808,
    218.83337461924,219.3318561104,219.83033760156,220.32881909272,
    220.82730058388,221.32578207504,221.8242635662,222.32274505736,
    222.82122654852,223.31970803968,223.81818953084,224.316671022,
    224.81515251316,225.31363400432,225.81211549548,226.31059698664,
    226.8090784778,227.30755996896,227.80604146012,228.30452295128,
    228.80300444244,229.3014859336,229.79996742476,230.29844891592,
    230.79693040708,231.29541189824,231.7938933894,232.29237488056,
    232.79085637172,233.28933786288,233.78781935404,234.2863008452,
    234.78478233636,235.28326382752,235.78174531868,236.28022680984,
    236.778708301,237.27718979216,237.77567128332,238.27415277448,
    238.77263426564,239.2711157568,239.76959724796,240.26807873912,
    240.76656023028,241.26504172144,241.7635232126,242.26200470376,
    242.76048619492,243.25896768608,243.75744917724,244.2559306684,
    244.75441215956,245.25289365072,245.75137514188,246.24985663304,
    246.7483381242,247.24681961536,247.74530110652,248.24378259768,
    248.74226408884,249.24074558,249.73922707116,250.23770856232,
    250.73619005348,251.23467154464,251.7331530358,252.23163452696,
    252.73011601812,253.22859750928,253.72707900044,254.2255604916,
    254.72404198276,255.22252347392,255.72100496508,256.21948645624,
    256.7179679474,257.21644943856,257.71493092972,258.21341242088,
    258.71189391204,259.2103754032,259.70885689436,260.20733838552,
    260.70581987668,261.20430136784,261.702782859,262.20126435016,
    262.69974584132,263.19822733248,263.69670882364,264.1951903148,
    264.69367180596,265.19215329712,265.69063478828,266.18911627944,
    266.6875977706,267.18607926176,267.68456075292,268.18304224408,
    268.68152373524,269.1800052264,269.67848671756,270.17696820872),
  .UNSPECIFIED.);
#28 = CARTESIAN_POINT('',(-22.92041583094,-3.295274514685E-14,
    -21.29885464762));
#29 = CARTESIAN_POINT('',(-22.92041583094,0.380988276928,-21.24493014524
    ));
#30 = CARTESIAN_POINT('',(-22.62840405621,1.224493898471,-21.42909291521
    ));
#31 = CARTESIAN_POINT('',(-21.50530449947,1.501526663799,-22.39041896482
    ));
#32 = CARTESIAN_POINT('',(-20.64146354547,0.308871169589,-23.09248641168
    ));
#33 = CARTESIAN_POINT('',(-20.87364780086,-1.38881791686,-22.69852864917
    ));
#34 = CARTESIAN_POINT('',(-22.0606322837,-1.968175727139,-21.34977065919
    ));
#35 = CARTESIAN_POINT('',(-23.0772628384,-0.686450299983,-20.17136659735
    ));
#36 = CARTESIAN_POINT('',(-22.81331561677,1.43943337085,-20.27354031184)
  );
#37 = CARTESIAN_POINT('',(-21.28551779762,2.423706584022,-21.63956462386
    ));
#38 = CARTESIAN_POINT('',(-19.76033901472,1.164366541455,-23.00296989962
    ));
#39 = CARTESIAN_POINT('',(-19.6474739107,-1.363738156079,-22.95406149651
    ));
#40 = CARTESIAN_POINT('',(-21.12952352479,-2.839186362307,
    -21.31023837529));
#41 = CARTESIAN_POINT('',(-22.85477395324,-1.725365053468,-19.4232144397
    ));
#42 = CARTESIAN_POINT('',(-23.10244181759,1.152963256748,-19.01377306822
    ));
#43 = CARTESIAN_POINT('',(-21.41945209873,3.186792823265,-20.53498927994
    ));
#44 = CARTESIAN_POINT('',(-19.17428222917,2.347548490112,-22.61838564237
    ));
#45 = CARTESIAN_POINT('',(-18.39382717305,-0.803617151402,
    -23.23706719135));
#46 = CARTESIAN_POINT('',(-19.86624312424,-3.440399079739,
    -21.60287773303));
#47 = CARTESIAN_POINT('',(-22.28452727313,-3.005318107299,-19.022820077)
  );
#48 = CARTESIAN_POINT('',(-23.33803157683,0.317876674572,-17.80754226617
    ));
#49 = CARTESIAN_POINT('',(-21.84854432485,3.576513815624,-19.13525601101
    ));
#50 = CARTESIAN_POINT('',(-18.97647805982,3.670249395483,-21.84554876891
    ));
#51 = CARTESIAN_POINT('',(-17.27644668701,0.296313730388,-23.38380663458
    ));
#52 = CARTESIAN_POINT('',(-18.35917257683,-3.575206217305,
    -22.13930723763));
#53 = CARTESIAN_POINT('',(-21.29963205321,-4.3120479871,-19.03707425411)
  );
#54 = CARTESIAN_POINT('',(-23.35585127299,-1.025349736966,-16.8190815272
    ));
#55 = CARTESIAN_POINT('',(-22.45718309964,3.4209379766,-17.55597619341)
  );
#56 = CARTESIAN_POINT('',(-19.20422423291,4.899582604551,-20.64716155301
    ));
#57 = CARTESIAN_POINT('',(-16.45411235851,1.850267139723,-23.23549992027
    ));
#58 = CARTESIAN_POINT('',(-16.74776867364,-3.10326677689,-22.78007009801
    ));
#59 = CARTESIAN_POINT('',(-19.89465158794,-5.40196949382,-19.47141367657
    ));
#60 = CARTESIAN_POINT('',(-23.00854782625,-2.747221832896,
    -16.19574393112));
#61 = CARTESIAN_POINT('',(-23.08619724911,2.617389295925,-15.95632100113
    ));
#62 = CARTESIAN_POINT('',(-19.83003392051,5.789688960557,-19.05071082259
    ));
#63 = CARTESIAN_POINT('',(-16.05668264034,3.688112490791,-22.66228859564
    ));
#64 = CARTESIAN_POINT('',(-15.20669110457,-1.964457316053,
    -23.35050662427));
#65 = CARTESIAN_POINT('',(-18.12875893277,-6.035787007638,
    -20.26666528893));
#66 = CARTESIAN_POINT('',(-22.19181745776,-4.641172667778,
    -16.04183325681));
#67 = CARTESIAN_POINT('',(-23.31935056835,0.185946280249,-14.77948889027
    ));
#68 = CARTESIAN_POINT('',(-22.16256251965,3.637230496238,-15.82842793422
    ));
#69 = CARTESIAN_POINT('',(-19.98726299655,6.022394652069,-17.89587845255
    ));
#70 = CARTESIAN_POINT('',(-16.93955408956,5.660630948399,-20.8357383548)
  );
#71 = CARTESIAN_POINT('',(-15.03592309899,2.693072712365,-22.6315203406)
  );
#72 = CARTESIAN_POINT('',(-14.29514546948,-1.164533777798,
    -23.26444896536));
#73 = CARTESIAN_POINT('',(-16.12557696078,-6.010840995514,
    -21.29920621811));
#74 = CARTESIAN_POINT('',(-20.84960438714,-6.449761764935,
    -16.41340528462));
#75 = CARTESIAN_POINT('',(-23.19696787924,-1.815940961281,
    -13.93123053657));
#76 = CARTESIAN_POINT('',(-22.76457622537,2.412083434867,-14.25577318568
    ));
#77 = CARTESIAN_POINT('',(-20.99801461893,5.956147729501,-15.91448578737
    ));
#78 = CARTESIAN_POINT('',(-16.79935607463,7.237437744577,-19.97833307572
    ));
#79 = CARTESIAN_POINT('',(-13.68762281409,2.931213697741,-22.95525508032
    ));
#80 = CARTESIAN_POINT('',(-13.55996292194,-1.56333548379,-22.97506596771
    ));
#81 = CARTESIAN_POINT('',(-14.90039396914,-5.640051782914,
    -21.52678591576));
#82 = CARTESIAN_POINT('',(-18.98814639503,-7.896292880263,
    -17.30422223391));
#83 = CARTESIAN_POINT('',(-23.30255778296,-3.319100416384,
    -12.82803733886));
#84 = CARTESIAN_POINT('',(-22.94559048531,3.161863809691,-13.05019338055
    ));
#85 = CARTESIAN_POINT('',(-20.39495374937,6.45369067833,-15.49298111174)
  );
#86 = CARTESIAN_POINT('',(-17.8843654164,7.396662396264,-17.92268269114)
  );
#87 = CARTESIAN_POINT('',(-15.32177804637,6.533767271388,-20.4043833076)
  );
#88 = CARTESIAN_POINT('',(-13.34465275443,4.045058264331,-22.30062184598
    ));
#89 = CARTESIAN_POINT('',(-12.4467790303,0.548481559076,-23.11760881654)
  );
#90 = CARTESIAN_POINT('',(-12.94230231277,-4.430200561666,
    -22.51423652932));
#91 = CARTESIAN_POINT('',(-15.95545802245,-7.813422264054,
    -19.39323181488));
#92 = CARTESIAN_POINT('',(-19.53451031413,-7.32032987057,-15.70633051844
    ));
#93 = CARTESIAN_POINT('',(-21.76081465135,-5.197825267543,
    -13.39913942766));
#94 = CARTESIAN_POINT('',(-23.01362010282,-1.739005956301,
    -12.06544722261));
#95 = CARTESIAN_POINT('',(-22.93352027016,2.183335020975,-12.0646603017)
  );
#96 = CARTESIAN_POINT('',(-21.52477411455,5.637277538969,-13.39251970375
    ));
#97 = CARTESIAN_POINT('',(-19.09551742907,7.755541851681,-15.74088963566
    ));
#98 = CARTESIAN_POINT('',(-16.22091590754,8.005157514557,-18.53460440362
    ));
#99 = CARTESIAN_POINT('',(-13.5876658543,6.293769887728,-21.0869677033)
  );
#100 = CARTESIAN_POINT('',(-11.83663939808,3.014459075368,
    -22.75710740596));
#101 = CARTESIAN_POINT('',(-11.39973602849,-1.051983220822,
    -23.11312402197));
#102 = CARTESIAN_POINT('',(-12.3935067949,-4.918756128234,-22.038466502)
  );
#103 = CARTESIAN_POINT('',(-14.58456515945,-7.634690330299,
    -19.76652138388));
#104 = CARTESIAN_POINT('',(-17.44263970647,-8.51704284557,
    -16.82756008329));
#105 = CARTESIAN_POINT('',(-20.26613264927,-7.323564327459,
    -13.92318038692));
#106 = CARTESIAN_POINT('',(-22.35213839289,-4.317827989663,
    -11.75628788973));
#107 = CARTESIAN_POINT('',(-23.16884250937,-0.21179827416,
    -10.85869701969));
#108 = CARTESIAN_POINT('',(-22.48848589271,4.002774347349,
    -11.45816688278));
#109 = CARTESIAN_POINT('',(-20.4474271109,7.293833952378,-13.41833891102
    ));
#110 = CARTESIAN_POINT('',(-17.51768871748,8.841762898797,
    -16.26719055088));
#111 = CARTESIAN_POINT('',(-14.39569138446,8.243383424392,
    -19.30830113033));
#112 = CARTESIAN_POINT('',(-11.83441257548,5.616525883053,
    -21.78869318574));
#113 = CARTESIAN_POINT('',(-10.45939712923,1.578114217138,
    -23.08282187843));
#114 = CARTESIAN_POINT('',(-10.61358698846,-2.900527082255,
    -22.84774526563));
#115 = CARTESIAN_POINT('',(-12.26944190305,-6.727265356519,
    -21.11100359747));
#116 = CARTESIAN_POINT('',(-15.03081636215,-8.955478662678,
    -18.2687423848));
#117 = CARTESIAN_POINT('',(-18.22530893555,-9.018161451368,
    -14.99336305784));
#118 = CARTESIAN_POINT('',(-21.06559808847,-6.871934478241,
    -12.07218715135));
#119 = CARTESIAN_POINT('',(-22.84106113246,-3.014447276313,
    -10.21583735379));
#120 = CARTESIAN_POINT('',(-23.09304016428,1.63072849993,-9.882971568405
    ));
#121 = CARTESIAN_POINT('',(-21.73053531971,5.935163043382,-11.1645896594
    ));
#122 = CARTESIAN_POINT('',(-19.05717861225,8.839691369658,-13.7570596133
    ));
#123 = CARTESIAN_POINT('',(-15.70174879878,9.615004358701,-17.0316026732
    ));
#124 = CARTESIAN_POINT('',(-12.468064581,8.04460098396,-20.18440013741)
  );
#125 = CARTESIAN_POINT('',(-10.14007714275,4.484247645534,-22.4315008221
    ));
#126 = CARTESIAN_POINT('',(-9.289421927703,-0.218173637681,
    -23.20126928358));
#127 = CARTESIAN_POINT('',(-10.13266932766,-4.924486902902,
    -22.27713513005));
#128 = CARTESIAN_POINT('',(-12.47389879056,-8.481698367237,
    -19.85501891358));
#129 = CARTESIAN_POINT('',(-15.74772069046,-10.00445476133,
    -16.50031026012));
#130 = CARTESIAN_POINT('',(-19.1534097661,-9.095290681834,-13.0137344309
    ));
#131 = CARTESIAN_POINT('',(-21.84834953135,-5.947900213345,
    -10.23790791209));
#132 = CARTESIAN_POINT('',(-23.15405667824,-1.306707709618,
    -8.851314011637));
#133 = CARTESIAN_POINT('',(-22.7244124296,3.709056192722,-9.200071506708
    ));
#134 = CARTESIAN_POINT('',(-20.63440170373,7.87523567895,-11.20919547901
    ));
#135 = CARTESIAN_POINT('',(-17.36666734626,10.161516968381,
    -14.39604308291));
#136 = CARTESIAN_POINT('',(-13.69798263944,9.986165134811,
    -17.98384103617));
#137 = CARTESIAN_POINT('',(-10.51231394171,7.363764259116,
    -21.08862298032));
#138 = CARTESIAN_POINT('',(-8.58545583132,2.908505291016,-22.93459433715
    ));
#139 = CARTESIAN_POINT('',(-8.393709043657,-2.309442662476,
    -23.04545437125));
#140 = CARTESIAN_POINT('',(-9.993775854276,-7.020945799398,
    -21.36450080706));
#141 = CARTESIAN_POINT('',(-13.00412192406,-10.06659017804,
    -18.27326798371));
#142 = CARTESIAN_POINT('',(-16.69351823067,-10.68195772008,
    -14.50298492353));
#143 = CARTESIAN_POINT('',(-20.15626416135,-8.68930923066,
    -10.95935223928));
#144 = CARTESIAN_POINT('',(-22.5321136707,-4.547650204982,-8.50261597637
    ));
#145 = CARTESIAN_POINT('',(-23.21750135886,0.752662450269,
    -7.736341534642));
#146 = CARTESIAN_POINT('',(-22.01620772417,5.926660210474,
    -8.856748415758));
#147 = CARTESIAN_POINT('',(-19.19187725228,9.70627641422,-11.60019213408
    ));
#148 = CARTESIAN_POINT('',(-15.4084484597,11.151114732093,
    -15.30273417309));
#149 = CARTESIAN_POINT('',(-11.57187548475,9.882315397429,
    -19.05842039447));
#150 = CARTESIAN_POINT('',(-8.610857200806,6.181385734839,
    -21.93855192486));
#151 = CARTESIAN_POINT('',(-7.249643018297,0.928329539712,-23.2188793538
    ));
#152 = CARTESIAN_POINT('',(-7.828494039356,-4.60748331513,
    -22.55914157917));
#153 = CARTESIAN_POINT('',(-10.21629183671,-9.074036734517,
    -20.09045702824));
#154 = CARTESIAN_POINT('',(-13.83767844941,-11.36686839711,
    -16.38818366198));
#155 = CARTESIAN_POINT('',(-17.80928358511,-10.9021068245,
    -12.33569177271));
#156 = CARTESIAN_POINT('',(-21.15280973532,-7.764863519293,
    -8.91127886894));
#157 = CARTESIAN_POINT('',(-23.03357929674,-2.695333744503,
    -6.949622553945));
#158 = CARTESIAN_POINT('',(-22.96637680418,3.085669962631,
    -6.935938292944));
#159 = CARTESIAN_POINT('',(-20.93783165143,8.170672842028,
    -8.883596692121));
#160 = CARTESIAN_POINT('',(-17.41451144723,11.308209367391,
    -12.32603014275));
#161 = CARTESIAN_POINT('',(-13.2335784678,11.710782462479,
    -16.42607636862));
#162 = CARTESIAN_POINT('',(-9.401596680087,9.252337332214,
    -20.17717140277));
#163 = CARTESIAN_POINT('',(-6.849833701299,4.505773999931,
    -22.64804762799));
#164 = CARTESIAN_POINT('',(-6.205544279118,-1.390294356247,
    -23.2114502966));
#165 = CARTESIAN_POINT('',(-7.635402806894,-7.004615625946,
    -21.70070501526));
#166 = CARTESIAN_POINT('',(-10.800140972,-10.96072835958,-18.45508009658
    ));
#167 = CARTESIAN_POINT('',(-14.93259836233,-12.27441044095,
    -14.24173595268));
#168 = CARTESIAN_POINT('',(-19.02129028516,-10.59842339503,
    -10.07215727629));
#169 = CARTESIAN_POINT('',(-22.05558117774,-6.313719822594,
    -6.956979630138));
#170 = CARTESIAN_POINT('',(-23.27303710851,-0.443286081857,
    -5.658636945799));
#171 = CARTESIAN_POINT('',(-22.34841987255,5.592007137448,
    -6.502367428194));
#172 = CARTESIAN_POINT('',(-19.47748978698,10.31729957586,
    -9.292410760204));
#173 = CARTESIAN_POINT('',(-15.33409043217,12.564150895823,
    -13.35492336144));
#174 = CARTESIAN_POINT('',(-10.90980912963,11.759393590111,
    -17.69831791041));
#175 = CARTESIAN_POINT('',(-7.274345683545,8.071038447259,
    -21.25289460293));
#176 = CARTESIAN_POINT('',(-5.31449678514,2.374162521891,-23.13185674777
    ));
#177 = CARTESIAN_POINT('',(-5.515445622032,-3.956567951915,
    -22.85002115731));
#178 = CARTESIAN_POINT('',(-7.838287807802,-9.378582327781,
    -20.44629221797));
#179 = CARTESIAN_POINT('',(-11.72466986235,-12.55727386079,
    -16.47902340986));
#180 = CARTESIAN_POINT('',(-16.22858688035,-12.6944662655,
    -11.89421963828));
#181 = CARTESIAN_POINT('',(-20.24425897392,-9.728647991599,
    -7.797660791156));
#182 = CARTESIAN_POINT('',(-22.77520084476,-4.356787204578,
    -5.185832166739));
#183 = CARTESIAN_POINT('',(-23.17901175283,2.129247636036,
    -4.701134505104));
#184 = CARTESIAN_POINT('',(-21.32775754733,8.153321782277,-6.47150195704
    ));
#185 = CARTESIAN_POINT('',(-17.64392904842,12.238040894574,
    -10.07444370238));
#186 = CARTESIAN_POINT('',(-13.00205169818,13.367058580053,
    -14.63543429905));
#187 = CARTESIAN_POINT('',(-8.518813212393,11.237839667045,
    -19.03778603127));
#188 = CARTESIAN_POINT('',(-5.282065205556,6.342046238572,
    -22.19364728454));
#189 = CARTESIAN_POINT('',(-4.084464272889,-0.147661977441,
    -23.31036146364));
#190 = CARTESIAN_POINT('',(-5.226967787365,-6.658434855989,
    -22.0869711956));
#191 = CARTESIAN_POINT('',(-8.440882722436,-11.59842215336,
    -18.79216950696));
#192 = CARTESIAN_POINT('',(-12.94858416751,-13.74596456709,
    -14.20358130831));
#193 = CARTESIAN_POINT('',(-17.64926391541,-12.55163431186,
    -9.422014806854));
#194 = CARTESIAN_POINT('',(-21.38535584277,-8.278467484958,
    -5.605036125924));
#195 = CARTESIAN_POINT('',(-23.22515794813,-1.944673412639,
    -3.684347266998));
#196 = CARTESIAN_POINT('',(-22.6926490111,4.91887286986,-4.135969450463)
  );
#197 = CARTESIAN_POINT('',(-19.88782258316,10.638624485941,
    -6.85990912483));
#198 = CARTESIAN_POINT('',(-15.4671610862,13.806424305466,
    -11.19968386822));
#199 = CARTESIAN_POINT('',(-10.48783143764,13.626136774774,
    -16.09812676321));
#200 = CARTESIAN_POINT('',(-6.152555568274,10.113534004636,
    -20.35251587902));
#201 = CARTESIAN_POINT('',(-3.516722616161,4.099297706821,
    -22.90746207756));
#202 = CARTESIAN_POINT('',(-3.229067045779,-2.967258497795,
    -23.11423089438));
#203 = CARTESIAN_POINT('',(-5.369625480505,-9.367410735258,
    -20.89278570608));
#204 = CARTESIAN_POINT('',(-9.42542136466,-13.53105176009,
    -16.75610306836));
#205 = CARTESIAN_POINT('',(-14.41097232216,-14.42185088614,
    -11.68966535729));
#206 = CARTESIAN_POINT('',(-19.10534762074,-11.79506997031,
    -6.914403305148));
#207 = CARTESIAN_POINT('',(-22.34875954529,-6.263926761097,
    -3.590104627024));
#208 = CARTESIAN_POINT('',(-23.32664026115,0.843300647483,
    -2.531337157595));
#209 = CARTESIAN_POINT('',(-21.77162557189,7.802195663931,
    -4.005465093291));
#210 = CARTESIAN_POINT('',(-18.03337791931,12.91059194971,
    -7.662825992303));
#211 = CARTESIAN_POINT('',(-12.99809857769,14.904917955679,
    -12.61721858035));
#212 = CARTESIAN_POINT('',(-7.876195434766,13.272663196358,
    -17.65823496971));
#213 = CARTESIAN_POINT('',(-3.908968093947,8.383716344974,
    -21.54457555697));
#214 = CARTESIAN_POINT('',(-2.065387166829,1.407002962646,
    -23.30726973052));
#215 = CARTESIAN_POINT('',(-2.803036546807,-5.968909651723,
    -22.48873359697));
#216 = CARTESIAN_POINT('',(-5.952186573312,-11.94448204795,
    -19.2586968169));
#217 = CARTESIAN_POINT('',(-10.75232219723,-15.04824294245,
    -14.37767443941));
#218 = CARTESIAN_POINT('',(-16.03339944302,-14.49908660426,
    -9.015710440059));
#219 = CARTESIAN_POINT('',(-20.49864999357,-10.40263629792,
    -4.469573135936));
#220 = CARTESIAN_POINT('',(-23.04058212101,-3.732359782441,
    -1.846754254934));
#221 = CARTESIAN_POINT('',(-23.01317389632,3.901627395681,
    -1.793275726052));
#222 = CARTESIAN_POINT('',(-20.39336687712,10.641195734762,
    -4.332195991683));
#223 = CARTESIAN_POINT('',(-15.791517948,14.832474638481,-8.853158167234
    ));
#224 = CARTESIAN_POINT('',(-10.30708760697,15.431680083641,
    -14.25670175469));
#225 = CARTESIAN_POINT('',(-5.2636560877,12.264921494268,-19.2192465204)
  );
#226 = CARTESIAN_POINT('',(-1.887125615262,6.07735153744,-22.51489023927
    ));
#227 = CARTESIAN_POINT('',(-1.005346345687,-1.641965121909,
    -23.31578275528));
#228 = CARTESIAN_POINT('',(-2.842761193305,-9.018355475433,
    -21.3974811541));
#229 = CARTESIAN_POINT('',(-6.960991505809,-14.24680935031,
    -17.19836408802));
#230 = CARTESIAN_POINT('',(-12.36098950003,-16.03365436716,
    -11.71747934023));
#231 = CARTESIAN_POINT('',(-17.7230005909,-13.91656262579,
    -6.274581495797));
#232 = CARTESIAN_POINT('',(-21.7267089768,-8.383751818089,
    -2.189986356333));
#233 = CARTESIAN_POINT('',(-23.37390652949,-0.76174387215,
    -0.461902050077));
#234 = CARTESIAN_POINT('',(-22.23483003169,7.102603282454,
    -1.520091794307));
#235 = CARTESIAN_POINT('',(-18.55738732761,13.289591585874,
    -5.116647744815));
#236 = CARTESIAN_POINT('',(-13.21156197622,16.275279727156,
    -10.38158634263));
#237 = CARTESIAN_POINT('',(-7.481373460206,15.306797869853,
    -16.03088810509));
#238 = CARTESIAN_POINT('',(-2.754125939457,10.591960892486,
    -20.67724887227));
#239 = CARTESIAN_POINT('',(-0.182149438253,3.255479351448,
    -23.16833861991));
#240 = CARTESIAN_POINT('',(-0.399508995851,-4.929226763882,
    -22.87009230874));
#241 = CARTESIAN_POINT('',(-3.363319525088,-11.96869006458,
    -19.82539502594));
#242 = CARTESIAN_POINT('',(-8.359349868851,-16.13492450618,
    -14.74847792861));
#243 = CARTESIAN_POINT('',(-14.17172848008,-16.38956556848,
    -8.855212563811));
#244 = CARTESIAN_POINT('',(-19.3764514387,-12.64252261278,
    -3.569602851621));
#245 = CARTESIAN_POINT('',(-22.68784556906,-5.780748086539,
    -0.177321967697));
#246 = CARTESIAN_POINT('',(-23.2736914692,2.541543721706,0.489410686014)
  );
#247 = CARTESIAN_POINT('',(-20.9617725015,10.301632854307,
    -1.741621528121));
#248 = CARTESIAN_POINT('',(-16.28660548881,15.599911674703,
    -6.335901787242));
#249 = CARTESIAN_POINT('',(-10.36380752418,17.12487814278,-12.1778129983
    ));
#250 = CARTESIAN_POINT('',(-4.621590622333,14.477685269217,
    -17.83914314658));
#251 = CARTESIAN_POINT('',(-0.453999604116,8.275954328588,
    -21.92584741123));
#252 = CARTESIAN_POINT('',(1.119915319848,9.944932298054E-03,
    -23.41887558163));
#253 = CARTESIAN_POINT('',(-0.292335283404,-8.315491464832,
    -21.92573822481));
#254 = CARTESIAN_POINT('',(-4.356465263351,-14.66716569748,
    -17.7807214913));
#255 = CARTESIAN_POINT('',(-10.08808135871,-17.48007862254,
    -11.96821864237));
#256 = CARTESIAN_POINT('',(-16.08871685829,-16.04296617933,
    -5.886696389219));
#257 = CARTESIAN_POINT('',(-20.88464808904,-10.67789474034,
    -1.009878404909));
#258 = CARTESIAN_POINT('',(-23.28640795177,-2.668617798343,
    1.472768211396));
#259 = CARTESIAN_POINT('',(-22.68129398392,6.046510145637,0.94854099711)
  );
#260 = CARTESIAN_POINT('',(-19.18694640443,13.343626896096,
    -2.464919828811));
#261 = CARTESIAN_POINT('',(-13.62753319415,17.430943371942,
    -7.943446285522));
#262 = CARTESIAN_POINT('',(-7.337166073331,17.288678755108,
    -14.15292665278));
#263 = CARTESIAN_POINT('',(-1.837417986588,12.923341658991,
    -19.57178798595));
#264 = CARTESIAN_POINT('',(1.533110858827,5.372988922422,-22.8614300778)
  );
#265 = CARTESIAN_POINT('',(1.946994550773,-3.539483283471,
    -23.19442701618));
#266 = CARTESIAN_POINT('',(-0.706514358967,-11.64641610156,
    -20.46003135287));
#267 = CARTESIAN_POINT('',(-5.789697690027,-16.96259779787,
    -15.29596126824));
#268 = CARTESIAN_POINT('',(-12.06721420681,-18.17138081147,
    -8.937557997894));
#269 = CARTESIAN_POINT('',(-18.0039222932,-14.95067538817,
    -2.919963157936));
#270 = CARTESIAN_POINT('',(-22.13788855429,-8.058129197366,
    1.294889856727));
#271 = CARTESIAN_POINT('',(-23.43794898816,0.846890502061,2.67583704416)
  );
#272 = CARTESIAN_POINT('',(-21.55837215459,9.602738566138,0.877146964161
    ));
#273 = CARTESIAN_POINT('',(-16.92774427778,16.070215973003,
    -3.672594159086));
#274 = CARTESIAN_POINT('',(-10.64928955737,18.655203986457,
    -9.870162125929));
#275 = CARTESIAN_POINT('',(-4.235758964143,16.701524006131,
    -16.20280596559));
#276 = CARTESIAN_POINT('',(0.757415144439,10.657220384346,-21.1150933206
    ));
#277 = CARTESIAN_POINT('',(3.111738957095,1.972194342178,-23.38853037969
    ));
#278 = CARTESIAN_POINT('',(2.245402096799,-7.249522692461,
    -22.44130676583));
#279 = CARTESIAN_POINT('',(-1.64058031481,-14.75948009811,
    -18.47443760065));
#280 = CARTESIAN_POINT('',(-7.606501682212,-18.71302632392,
    -12.42762947968));
#281 = CARTESIAN_POINT('',(-14.19879827488,-18.12236800985,
    -5.754446133449));
#282 = CARTESIAN_POINT('',(-19.80180593972,-13.10320466463,
    -7.055171503754E-02));
#283 = CARTESIAN_POINT('',(-23.03131823202,-4.853397772833,
    3.239847330835));
#284 = CARTESIAN_POINT('',(-23.07407957523,4.632795979495,3.363495427608
    ));
#285 = CARTESIAN_POINT('',(-19.88995359601,13.046781452797,
    0.260256201954));
#286 = CARTESIAN_POINT('',(-14.22653140643,18.327453288901,
    -5.322279234057));
#287 = CARTESIAN_POINT('',(-7.441446528212,19.166067040453,
    -12.02647735871));
#288 = CARTESIAN_POINT('',(-1.174603758361,15.330489271119,
    -18.21243337499));
#289 = CARTESIAN_POINT('',(3.050549976629,7.72851657649,-22.35670035641)
  );
#290 = CARTESIAN_POINT('',(4.199765212584,-1.806807501652,-23.4250288388
    ));
#291 = CARTESIAN_POINT('',(1.98354484595,-10.95915080402,-21.1279217186)
  );
#292 = CARTESIAN_POINT('',(-3.06761701925,-17.49157667598,
    -15.99587309983));
#293 = CARTESIAN_POINT('',(-9.72778752474,-19.79326697402,-9.25481584078
    ));
#294 = CARTESIAN_POINT('',(-16.37073486201,-17.2766633751,
    -2.530981749937));
#295 = CARTESIAN_POINT('',(-21.36460987337,-10.52712939494,
    2.543780014987));
#296 = CARTESIAN_POINT('',(-23.47038216514,-1.167086946385,
    4.730439060326));
#297 = CARTESIAN_POINT('',(-22.14674863489,8.533913004807,3.487692283649
    ));
#298 = CARTESIAN_POINT('',(-17.68648964077,16.209485942356,
    -0.891679956907));
#299 = CARTESIAN_POINT('',(-11.1499635288,19.973647808384,
    -7.347319315311));
#300 = CARTESIAN_POINT('',(-4.110769213432,18.884183095258,
    -14.30562687711));
#301 = CARTESIAN_POINT('',(1.72543099303,13.178312008833,-20.06094033001
    ));
#302 = CARTESIAN_POINT('',(4.936596787478,4.221754371533,-23.19121937089
    ));
#303 = CARTESIAN_POINT('',(4.733197391735,-5.818067552151,
    -22.90693322158));
#304 = CARTESIAN_POINT('',(1.154709570506,-14.49651233301,
    -19.24755864678));
#305 = CARTESIAN_POINT('',(-4.935154303813,-19.68697599241,
    -13.07680801889));
#306 = CARTESIAN_POINT('',(-12.0545037205,-20.10198030596,
    -5.876571848639));
#307 = CARTESIAN_POINT('',(-18.46147349458,-15.6124147336,0.611284679007
    ));
#308 = CARTESIAN_POINT('',(-22.57799215395,-7.285800022677,4.80869009195
    ));
#309 = CARTESIAN_POINT('',(-23.37601908637,2.86740400821,5.687603777937)
  );
#310 = CARTESIAN_POINT('',(-20.63172085716,12.379192628649,
    3.024192302291));
#311 = CARTESIAN_POINT('',(-14.98475860347,18.923929068956,
    -2.541883197832));
#312 = CARTESIAN_POINT('',(-7.787086274962,20.886951875973,
    -9.658668772776));
#313 = CARTESIAN_POINT('',(-0.77696910593,17.762857791181,
    -16.58789918824));
#314 = CARTESIAN_POINT('',(4.343184320784,10.285234541029,
    -21.62716586138));
#315 = CARTESIAN_POINT('',(6.322646052796,0.254631762538,-23.52574083983
    ));
#316 = CARTESIAN_POINT('',(4.670282478461,-9.894946281548,
    -21.79249051192));
#317 = CARTESIAN_POINT('',(-0.221236915395,-17.68666564138,
    -16.8200843645));
#318 = CARTESIAN_POINT('',(-7.16630387932,-21.20528806146,
    -9.794130647013));
#319 = CARTESIAN_POINT('',(-14.4713390302,-19.56789905065,
    -2.408208742566));
#320 = CARTESIAN_POINT('',(-20.34538004742,-13.14525392387,
    3.546719028229));
#321 = CARTESIAN_POINT('',(-23.33674971247,-3.478297806784,
    6.618975446843));
#322 = CARTESIAN_POINT('',(-22.68933680316,7.091466940996,6.052449291105
    ));
#323 = CARTESIAN_POINT('',(-18.53105494282,15.989119613658,
    1.975054184333));
#324 = CARTESIAN_POINT('',(-11.8475325264,21.033601977219,
    -4.627581478525));
#325 = CARTESIAN_POINT('',(-4.246263593644,20.97232820676,
    -12.14796365771));
#326 = CARTESIAN_POINT('',(2.432360976066,15.792089623629,
    -18.74570147386));
#327 = CARTESIAN_POINT('',(6.563025515272,6.729113680919,-22.79547925949
    ));
#328 = CARTESIAN_POINT('',(7.133423380645,-4.025836725991,-23.2849903713
    ));
#329 = CARTESIAN_POINT('',(3.994727922093,-13.85700425458,
    -20.06540815918));
#330 = CARTESIAN_POINT('',(-2.09735585336,-20.35982631229,
    -13.89243763016));
#331 = CARTESIAN_POINT('',(-9.662125667666,-21.92904231376,
    -6.246781062291));
#332 = CARTESIAN_POINT('',(-16.8513755554,-18.15488334318,1.023355579013
    ));
#333 = CARTESIAN_POINT('',(-21.89854273198,-9.929580655431,
    6.151409509166));
#334 = CARTESIAN_POINT('',(-23.55035732567,0.763378893626,7.884110856418
    ));
#335 = CARTESIAN_POINT('',(-21.37552541655,11.327518741838,5.79016570087
    ));
#336 = CARTESIAN_POINT('',(-15.87442678763,19.183848653425,
    0.369953825519));
#337 = CARTESIAN_POINT('',(-8.361978090634,22.400459615268,
    -7.061608117917));
#338 = CARTESIAN_POINT('',(-0.651039535618,20.167539436484,
    -14.69165991936));
#339 = CARTESIAN_POINT('',(5.387417483819,13.001024808837,
    -20.64923018523));
#340 = CARTESIAN_POINT('',(8.280671668897,2.623728412653,-23.46159761674
    ));
#341 = CARTESIAN_POINT('',(7.315828370834,-8.448757276967,
    -22.41586756511));
#342 = CARTESIAN_POINT('',(2.717845328187,-17.51786281324,-17.7369977689
    ));
#343 = CARTESIAN_POINT('',(-4.400420753042,-22.35973177521,
    -10.5378449341));
#344 = CARTESIAN_POINT('',(-12.30515656547,-21.77050734346,
    -2.552222368103));
#345 = CARTESIAN_POINT('',(-19.06150541203,-15.86551927434,
    4.285013232021));
#346 = CARTESIAN_POINT('',(-23.00475470489,-6.058048053494,
    8.309149278455));
#347 = CARTESIAN_POINT('',(-23.14805148615,5.278828445148,8.533332813279
    ));
#348 = CARTESIAN_POINT('',(-19.42679365184,15.386420292809,
    4.892961732533));
#349 = CARTESIAN_POINT('',(-12.71919207468,21.791718863015,
    -1.733753091056));
#350 = CARTESIAN_POINT('',(-4.636821427814,22.912447212822,
    -9.735236984361));
#351 = CARTESIAN_POINT('',(2.86490860562,18.447838917763,-17.15608026422
    ));
#352 = CARTESIAN_POINT('',(7.96221443883,9.458654159442,-22.17249934387)
  );
#353 = CARTESIAN_POINT('',(9.408722950251,-1.884700031405,
    -23.53812110172));
#354 = CARTESIAN_POINT('',(6.84261878884,-12.82617327923,-20.89113018674
    ));
#355 = CARTESIAN_POINT('',(0.879475033433,-20.69369668602,
    -14.84709967777));
#356 = CARTESIAN_POINT('',(-7.032987346958,-23.55173379902,
    -6.853750543812));
#357 = CARTESIAN_POINT('',(-14.96397670251,-20.67739887089,
    1.158125565318));
#358 = CARTESIAN_POINT('',(-20.9683818146,-12.74303630548,7.243417430969
    ));
#359 = CARTESIAN_POINT('',(-23.56139579464,-1.659208193895,
    9.917318164578));
#360 = CARTESIAN_POINT('',(-22.08320121516,9.885308214106,8.520010338668
    ));
#361 = CARTESIAN_POINT('',(-16.86415312326,19.075772180694,
    3.381849000334));
#362 = CARTESIAN_POINT('',(-9.149138954443,23.657756832655,
    -4.252278414922));
#363 = CARTESIAN_POINT('',(-0.798365713985,22.49012768838,
    -12.52216490181));
#364 = CARTESIAN_POINT('',(6.163520192913,15.82909284938,-19.40316405514
    ));
#365 = CARTESIAN_POINT('',(10.04069722912,5.272654333523,-23.19945433778
    ));
#366 = CARTESIAN_POINT('',(9.881643325336,-6.622676778599,
    -22.95951368043));
#367 = CARTESIAN_POINT('',(5.715034385782,-16.96098942962,-18.7120179873
    ));
#368 = CARTESIAN_POINT('',(-1.452396973207,-23.21198029886,
    -11.46369987475));
#369 = CARTESIAN_POINT('',(-9.876698763237,-23.83022647535,
    -2.958511331156));
#370 = CARTESIAN_POINT('',(-17.49863568927,-18.63716546064,
    4.744312348446));
#371 = CARTESIAN_POINT('',(-22.44464329142,-8.871391214421,
    9.771206704171));
#372 = CARTESIAN_POINT('',(-23.48493210736,3.106638932809,
    10.892382273677));
#373 = CARTESIAN_POINT('',(-20.33673345768,14.385116304378,
    7.825070377559));
#374 = CARTESIAN_POINT('',(-13.73792406197,22.208728328564,1.30714773542
    ));
#375 = CARTESIAN_POINT('',(-5.271941429338,24.651767156011,
    -7.07794814365));
#376 = CARTESIAN_POINT('',(3.014493060112,21.092064789529,
    -15.28349587953));
#377 = CARTESIAN_POINT('',(9.108559334648,12.369129093846,-21.2966754005
    ));
#378 = CARTESIAN_POINT('',(11.522657349828,0.586359779341,
    -23.62988666211));
#379 = CARTESIAN_POINT('',(9.65993207543,-11.39610956538,-21.68627463414
    ));
#380 = CARTESIAN_POINT('',(3.964198041505,-20.6556715973,-15.90965384665
    ));
#381 = CARTESIAN_POINT('',(-4.183359830614,-24.92008609529,
    -7.681209220969));
#382 = CARTESIAN_POINT('',(-12.79671604903,-23.12503637141,
    1.013033751024));
#383 = CARTESIAN_POINT('',(-19.76671567972,-15.67959852875,
    8.063920135278));
#384 = CARTESIAN_POINT('',(-23.37512896179,-4.373447286362,
    11.753220170913));
#385 = CARTESIAN_POINT('',(-22.71576149693,8.05326428999,11.174739459622
    ));
#386 = CARTESIAN_POINT('',(-17.91941773194,18.573995096508,
    6.459282448197));
#387 = CARTESIAN_POINT('',(-10.1268918617,24.612933491417,
    -1.252356668479));
#388 = CARTESIAN_POINT('',(-1.215385044607,24.675616275323,-10.082976732
    ));
#389 = CARTESIAN_POINT('',(6.656055523462,18.718664225013,-17.8735305465
    ));
#390 = CARTESIAN_POINT('',(11.57200740817,8.167184472433,-22.70859567764
    ));
#391 = CARTESIAN_POINT('',(12.329164065018,-4.426061547853,
    -23.38486558092));
#392 = CARTESIAN_POINT('',(8.733261347413,-15.99823572897,
    -19.70807610975));
#393 = CARTESIAN_POINT('',(1.651183888846,-23.72134424154,
    -12.54511189762));
#394 = CARTESIAN_POINT('',(-7.195604943504,-25.69332769697,
    -3.617436311702));
#395 = CARTESIAN_POINT('',(-15.64710838786,-21.40643836123,
    4.914953886228));
#396 = CARTESIAN_POINT('',(-21.62977155433,-11.87758336892,
    10.978503806261));
#397 = CARTESIAN_POINT('',(-23.66279452813,0.592736097067,
    13.092413533629));
#398 = CARTESIAN_POINT('',(-21.22215492694,12.975786205361,
    10.732660686003));
#399 = CARTESIAN_POINT('',(-14.87286172795,22.250202231327,
    4.464254240587));
#400 = CARTESIAN_POINT('',(-6.136104333422,26.139172648076,
    -4.191616400379));
#401 = CARTESIAN_POINT('',(2.877504255275,23.669340809354,-13.1243382355
    ));
#402 = CARTESIAN_POINT('',(9.980173474367,15.414237486989,
    -20.14612070103));
#403 = CARTESIAN_POINT('',(13.440349246878,3.361406666179,
    -23.52540971997));
#404 = CARTESIAN_POINT('',(12.407242622063,-9.566069986301,
    -22.41141634159));
#405 = CARTESIAN_POINT('',(7.122396009269,-20.21847707172,
    -17.04568297523));
#406 = CARTESIAN_POINT('',(-1.134299498355,-25.98687705093,
    -8.708100714042));
#407 = CARTESIAN_POINT('',(-10.35216659187,-25.44205389882,
    0.590653133046));
#408 = CARTESIAN_POINT('',(-18.27698775054,-18.68851394961,
    8.596361045282));
#409 = CARTESIAN_POINT('',(-22.95986302717,-7.345888401823,
    13.360123075486));
#410 = CARTESIAN_POINT('',(-23.23404352374,5.839400322376,
    13.715190325619));
#411 = CARTESIAN_POINT('',(-19.00307788737,17.659120040617,
    9.565111442817));
#412 = CARTESIAN_POINT('',(-11.26912463048,25.223852829059,
    1.912044939495));
#413 = CARTESIAN_POINT('',(-1.893362144021,26.669320911062,
    -7.382830793404));
#414 = CARTESIAN_POINT('',(6.85424246311,21.615754494743,-16.04954864696
    ));
#415 = CARTESIAN_POINT('',(12.846895897468,11.26712796336,
    -21.96131532775));
#416 = CARTESIAN_POINT('',(14.620458138666,-1.875544584269,
    -23.65399081538));
#417 = CARTESIAN_POINT('',(11.733555097494,-14.61861419883,
    -20.68620102064));
#418 = CARTESIAN_POINT('',(4.879762643409,-23.85184687648,
    -13.75152181299));
#419 = CARTESIAN_POINT('',(-4.276600428901,-27.3075403301,
    -4.514271987119));
#420 = CARTESIAN_POINT('',(-13.50222423759,-24.11743110752,
    4.792238575139));
#421 = CARTESIAN_POINT('',(-20.53713170471,-15.03063661795,
    11.908032795831));
#422 = CARTESIAN_POINT('',(-23.64588041055,-2.237977159272,
    15.097668255238));
#423 = CARTESIAN_POINT('',(-22.04320647994,11.156182144725,
    13.575881078192));
#424 = CARTESIAN_POINT('',(-16.08972096829,21.887253951976,
    7.703282320113));
#425 = CARTESIAN_POINT('',(-7.208915748953,27.326111964855,
    -1.096636145662));
#426 = CARTESIAN_POINT('',(2.455483264217,26.123202054233,
    -10.68014840526));
#427 = CARTESIAN_POINT('',(10.559347687881,18.543286912211,
    -18.70312607536));
#428 = CARTESIAN_POINT('',(15.129110906148,6.407823167614,
    -23.19200254006));
#429 = CARTESIAN_POINT('',(15.044794109603,-7.34266343924,
    -23.02679898994));
#430 = CARTESIAN_POINT('',(10.316878275346,-19.36107841462,
    -18.21799640212));
#431 = CARTESIAN_POINT('',(2.088592503633,-26.70849631897,
    -9.908823876843));
#432 = CARTESIAN_POINT('',(-7.638115996458,-27.57281545592,
    -0.101228623185));
#433 = CARTESIAN_POINT('',(-16.48726126172,-21.715600874,8.828803395646)
  );
#434 = CARTESIAN_POINT('',(-22.28680774109,-10.5369480848,14.70923662859
    ));
#435 = CARTESIAN_POINT('',(-23.59936600276,3.259082163574,
    16.102681643825));
#436 = CARTESIAN_POINT('',(-20.07593150847,16.318538110878,
    12.660133903102));
#437 = CARTESIAN_POINT('',(-12.54562263568,25.452954903785,
    5.210711783878));
#438 = CARTESIAN_POINT('',(-2.818409932931,28.417810245199,
    -4.435614165307));
#439 = CARTESIAN_POINT('',(6.752251744141,24.464001664761,
    -13.92538908881));
#440 = CARTESIAN_POINT('',(13.841206517857,14.526859964892,
    -20.93345710896));
#441 = CARTESIAN_POINT('',(16.718879096198,1.005066849814,
    -23.73024293373));
#442 = CARTESIAN_POINT('',(14.675652580306,-12.81831243955,
    -21.60612966427));
#443 = CARTESIAN_POINT('',(8.199221683335,-23.57294642951,
    -15.04881201373));
#444 = CARTESIAN_POINT('',(-1.139373777537,-28.62296835079,
    -5.629329799296));
#445 = CARTESIAN_POINT('',(-11.06444880978,-26.71297257813,
    4.376631986514));
#446 = CARTESIAN_POINT('',(-19.14782932067,-18.27996380693,
    12.540899250973));
#447 = CARTESIAN_POINT('',(-23.40049437601,-5.35377705074,16.87445105989
    ));
#448 = CARTESIAN_POINT('',(-22.75954689322,8.931445449655,
    16.314390330665));
#449 = CARTESIAN_POINT('',(-17.35129222583,21.09716180607,
    10.987022416843));
#450 = CARTESIAN_POINT('',(-8.465327959213,28.167477174496,
    2.181944903785));
#451 = CARTESIAN_POINT('',(1.755224589243,28.397068449294,
    -7.957720891104));
#452 = CARTESIAN_POINT('',(10.832952054401,21.701935962145,
    -16.95456160269));
#453 = CARTESIAN_POINT('',(16.559047953577,9.686691640643,-22.5997707483
    ));
#454 = CARTESIAN_POINT('',(17.533158447619,-4.739923547933,
    -23.49299448877));
#455 = CARTESIAN_POINT('',(13.508235661601,-18.06918945035,
    -19.38718494919));
#456 = CARTESIAN_POINT('',(5.455486069083,-27.0457677542,-11.2535486031)
  );
#457 = CARTESIAN_POINT('',(-4.667566753604,-29.46272708869,
    -1.049609026851));
#458 = CARTESIAN_POINT('',(-14.3905355108,-24.70407191469,8.754246483914
    ));
#459 = CARTESIAN_POINT('',(-21.33063215276,-13.90141881721,
    15.775229879449));
#460 = CARTESIAN_POINT('',(-23.77418955838,0.33495579203,18.299674038634
    ));
#461 = CARTESIAN_POINT('',(-21.09732208718,14.546811331043,
    15.703693321003));
#462 = CARTESIAN_POINT('',(-13.92247132144,25.268001307969,
    8.609729308831));
#463 = CARTESIAN_POINT('',(-3.971591917122,29.86983224478,
    -1.260263341929));
#464 = CARTESIAN_POINT('',(6.349428784734,27.205549464148,
    -11.50039729021));
#465 = CARTESIAN_POINT('',(14.534827441977,17.895947397456,
    -19.60490919389));
#466 = CARTESIAN_POINT('',(18.589712170238,4.185007394216,
    -23.57890716858));
#467 = CARTESIAN_POINT('',(17.518639287762,-10.60093926736,
    -22.42694753254));
#468 = CARTESIAN_POINT('',(11.572364800132,-22.86018496218,
    -16.39978629134));
#469 = CARTESIAN_POINT('',(2.191625800555,-29.59298475916,
    -6.938160538201));
#470 = CARTESIAN_POINT('',(-8.33953649431,-29.13555028527,3.673888510232
    ));
#471 = CARTESIAN_POINT('',(-17.44750396887,-21.57110591725,
    12.862742738361));
#472 = CARTESIAN_POINT('',(-22.89561932978,-8.716474126537,
    18.391744852846));
#473 = CARTESIAN_POINT('',(-23.33100606589,6.314210015112,
    18.908018342521));
#474 = CARTESIAN_POINT('',(-18.61798632422,19.863906195614,
    14.275885354421));
#475 = CARTESIAN_POINT('',(-9.875938259211,28.622444897833,5.61472404297
    ));
#476 = CARTESIAN_POINT('',(0.788797878633,30.435185211313,
    -4.969125341307));
#477 = CARTESIAN_POINT('',(10.792772578831,24.833006138661,
    -14.89221328793));
#478 = CARTESIAN_POINT('',(17.703629458873,13.153280439795,
    -21.72218341441));
#479 = CARTESIAN_POINT('',(19.833901005168,-1.779266395493,
    -23.77156820713));
#480 = CARTESIAN_POINT('',(16.655439419852,-16.33568467449,
    -20.51221986825));
#481 = CARTESIAN_POINT('',(8.932709362282,-26.96471618755,
    -12.70860305711));
#482 = CARTESIAN_POINT('',(-1.458654784038,-31.05917234491,
    -2.236352157231));
#483 = CARTESIAN_POINT('',(-11.98499022783,-27.59541114401,
    8.370870040132));
#484 = CARTESIAN_POINT('',(-20.06997560616,-17.38907490119,
    16.536742172034));
#485 = CARTESIAN_POINT('',(-23.72277045795,-2.903240068542,
    20.270423777385));
#486 = CARTESIAN_POINT('',(-22.02577652998,12.345949494489,
    18.654316602983));
#487 = CARTESIAN_POINT('',(-15.36252331083,24.642749292767,
    12.071950137404));
#488 = CARTESIAN_POINT('',(-5.329105075887,30.97722217684,2.119418656022
    ));
#489 = CARTESIAN_POINT('',(5.650439579287,29.781968899898,
    -8.779239245584));
#490 = CARTESIAN_POINT('',(14.912130633579,21.319860365754,
    -17.9600435463));
#491 = CARTESIAN_POINT('',(20.200800754065,7.626882059545,
    -23.16782691322));
#492 = CARTESIAN_POINT('',(20.221610800349,-7.977659154769,
    -23.10775020594));
#493 = CARTESIAN_POINT('',(14.959453214017,-21.69575334776,
    -17.76470586604));
#494 = CARTESIAN_POINT('',(5.687468765692,-30.17509018383,
    -8.411834664151));
#495 = CARTESIAN_POINT('',(-5.338574081288,-31.32825434169,
    2.695094936395));
#496 = CARTESIAN_POINT('',(-15.42668629548,-24.8465322881,
    12.864093904155));
#497 = CARTESIAN_POINT('',(-22.10350055288,-12.28187540413,
    19.621794915127));
#498 = CARTESIAN_POINT('',(-23.71825444919,3.32459064,21.31743556501));
#499 = CARTESIAN_POINT('',(-19.84842677191,18.178611503875,
    17.52849464129));
#500 = CARTESIAN_POINT('',(-11.40736030421,28.655264749485,
    9.168314927158));
#501 = CARTESIAN_POINT('',(-0.42651218546,32.183566629071,
    -1.731646438027));
#502 = CARTESIAN_POINT('',(10.435777079219,27.877351954767,
    -12.51304894913));
#503 = CARTESIAN_POINT('',(18.54021548038,16.757629057809,
    -20.53660059673));
#504 = CARTESIAN_POINT('',(21.910241863579,1.510667463374,
    -23.82574022636));
#505 = CARTESIAN_POINT('',(19.716475803396,-14.16090706387,
    -21.55108741261));
#506 = CARTESIAN_POINT('',(12.48320252615,-26.43726649559,-14.2369273818
    ));
#507 = CARTESIAN_POINT('',(1.965513375763,-32.31243327836,
    -3.638351477845));
#508 = CARTESIAN_POINT('',(-9.274153762583,-30.33029327759,
    7.682202414068));
#509 = CARTESIAN_POINT('',(-18.48790551185,-20.94536723587,
    16.976840916908));
#510 = CARTESIAN_POINT('',(-23.41179847747,-6.418974462096,
    21.981620636093));
#511 = CARTESIAN_POINT('',(-22.81966559138,9.725575102249,
    21.470374503577));
#512 = CARTESIAN_POINT('',(-16.82592633626,23.557546159316,
    15.557522002018));
#513 = CARTESIAN_POINT('',(-6.862537139754,31.69577528424,5.675019559076
    ));
#514 = CARTESIAN_POINT('',(4.665327982886,32.135210969492,
    -5.771958809995));
#515 = CARTESIAN_POINT('',(14.962365296766,24.740748277012,
    -15.9881093703));
#516 = CARTESIAN_POINT('',(21.523113995481,11.28712517114,
    -22.46797131545));
#517 = CARTESIAN_POINT('',(22.744402782319,-4.967252590412,
    -23.60837334872));
#518 = CARTESIAN_POINT('',(18.318682996532,-20.0688856378,
    -19.10176680937));
#519 = CARTESIAN_POINT('',(9.3153034187,-30.33186866323,-10.01750047797)
  );
#520 = CARTESIAN_POINT('',(-2.078327987484,-33.23545182244,
    1.457017681779));
#521 = CARTESIAN_POINT('',(-13.08034284494,-28.04703451329,
    12.539919292805));
#522 = CARTESIAN_POINT('',(-21.00170876669,-15.99927129207,
    20.542171968119));
#523 = CARTESIAN_POINT('',(-22.92041583094,-5.341469547119,
    22.514803534757));
#524 = CARTESIAN_POINT('',(-22.92041583094,-1.105284716639E-12,
    22.541765785946));
#525 = PCURVE('',#526,#5497);
#526 = B_SPLINE_SURFACE_WITH_KNOTS('',3,3,(
    (#527,#528,#529,#530,#531,#532,#533,#534,#535,#536,#537,#538,#539
      ,#540,#541,#542,#543,#544,#545,#546,#547,#548,#549,#550,#551,#552
      ,#553,#554,#555,#556,#557,#558,#559,#560,#561,#562,#563,#564,#565
      ,#566,#567,#568,#569,#570,#571,#572,#573,#574,#575,#576,#577,#578
      ,#579,#580,#581,#582,#583,#584,#585,#586,#587,#588,#589,#590,#591
      ,#592,#593,#594,#595,#596,#597,#598,#599,#600,#601,#602,#603,#604
      ,#605,#606,#607,#608,#609,#610,#611,#612,#613,#614,#615,#616,#617
      ,#618,#619,#620,#621,#622,#623,#624,#625,#626,#627,#628,#629,#630
      ,#631,#632,#633,#634,#635,#636,#637,#638,#639,#640,#641,#642,#643
      ,#644,#645,#646,#647,#648,#649,#650,#651,#652,#653,#654,#655,#656
      ,#657,#658,#659,#660,#661,#662,#663,#664,#665,#666,#667,#668,#669
      ,#670,#671,#672,#673,#674,#675,#676,#677,#678,#679,#680,#681,#682
      ,#683,#684,#685,#686,#687,#688,#689,#690,#691,#692,#693,#694,#695
      ,#696,#697,#698,#699,#700,#701,#702,#703,#704,#705,#706,#707,#708
      ,#709,#710,#711,#712,#713,#714,#715,#716,#717,#718,#719,#720,#721
      ,#722,#723,#724,#725,#726,#727,#728,#729,#730,#731,#732,#733,#734
      ,#735,#736,#737,#738,#739,#740,#741,#742,#743,#744,#745,#746,#747
      ,#748,#749,#750,#751,#752,#753,#754,#755,#756,#757,#758,#759,#760
      ,#761,#762,#763,#764,#765,#766,#767,#768,#769,#770,#771,#772,#773
      ,#774,#775,#776,#777,#778,#779,#780,#781,#782,#783,#784,#785,#786
      ,#787,#788,#789,#790,#791,#792,#793,#794,#795,#796,#797,#798,#799
      ,#800,#801,#802,#803,#804,#805,#806,#807,#808,#809,#810,#811,#812
      ,#813,#814,#815,#816,#817,#818,#819,#820,#821,#822,#823,#824,#825
      ,#826,#827,#828,#829,#830,#831,#832,#833,#834,#835,#836,#837,#838
      ,#839,#840,#841,#842,#843,#844,#845,#846,#847,#848,#849,#850,#851
      ,#852,#853,#854,#855,#856,#857,#858,#859,#860,#861,#862,#863,#864
      ,#865,#866,#867,#868,#869,#870,#871,#872,#873,#874,#875,#876,#877
      ,#878,#879,#880,#881,#882,#883,#884,#885,#886,#887,#888,#889,#890
      ,#891,#892,#893,#894,#895,#896,#897,#898,#899,#900,#901,#902,#903
      ,#904,#905,#906,#907,#908,#909,#910,#911,#912,#913,#914,#915,#916
      ,#917,#918,#919,#920,#921,#922,#923,#924,#925,#926,#927,#928,#929
      ,#930,#931,#932,#933,#934,#935,#936,#937,#938,#939,#940,#941,#942
      ,#943,#944,#945,#946,#947,#948,#949,#950,#951,#952,#953,#954,#955
      ,#956,#957,#958,#959,#960,#961,#962,#963,#964,#965,#966,#967,#968
      ,#969,#970,#971,#972,#973,#974,#975,#976,#977,#978,#979,#980,#981
      ,#982,#983,#984,#985,#986,#987,#988,#989,#990,#991,#992,#993,#994
      ,#995,#996,#997,#998,#999,#1000,#1001,#1002,#1003,#1004,#1005
      ,#1006,#1007,#1008,#1009,#1010,#1011,#1012,#1013,#1014,#1015,#1016
      ,#1017,#1018,#1019,#1020,#1021,#1022,#1023)
    ,(#1024,#1025,#1026,#1027,#1028,#1029,#1030,#1031,#1032,#1033,#1034
      ,#1035,#1036,#1037,#1038,#1039,#1040,#1041,#1042,#1043,#1044,#1045
      ,#1046,#1047,#1048,#1049,#1050,#1051,#1052,#1053,#1054,#1055,#1056
      ,#1057,#1058,#1059,#1060,#1061,#1062,#1063,#1064,#1065,#1066,#1067
      ,#1068,#1069,#1070,#1071,#1072,#1073,#1074,#1075,#1076,#1077,#1078
      ,#1079,#1080,#1081,#1082,#1083,#1084,#1085,#1086,#1087,#1088,#1089
      ,#1090,#1091,#1092,#1093,#1094,#1095,#1096,#1097,#1098,#1099,#1100
      ,#1101,#1102,#1103,#1104,#1105,#1106,#1107,#1108,#1109,#1110,#1111
      ,#1112,#1113,#1114,#1115,#1116,#1117,#1118,#1119,#1120,#1121,#1122
      ,#1123,#1124,#1125,#1126,#1127,#1128,#1129,#1130,#1131,#1132,#1133
      ,#1134,#1135,#1136,#1137,#1138,#1139,#1140,#1141,#1142,#1143,#1144
      ,#1145,#1146,#1147,#1148,#1149,#1150,#1151,#1152,#1153,#1154,#1155
      ,#1156,#1157,#1158,#1159,#1160,#1161,#1162,#1163,#1164,#1165,#1166
      ,#1167,#1168,#1169,#1170,#1171,#1172,#1173,#1174,#1175,#1176,#1177
      ,#1178,#1179,#1180,#1181,#1182,#1183,#1184,#1185,#1186,#1187,#1188
      ,#1189,#1190,#1191,#1192,#1193,#1194,#1195,#1196,#1197,#1198,#1199
      ,#1200,#1201,#1202,#1203,#1204,#1205,#1206,#1207,#1208,#1209,#1210
      ,#1211,#1212,#1213,#1214,#1215,#1216,#1217,#1218,#1219,#1220,#1221
      ,#1222,#1223,#1224,#1225,#1226,#1227,#1228,#1229,#1230,#1231,#1232
      ,#1233,#1234,#1235,#1236,#1237,#1238,#1239,#1240,#1241,#1242,#1243
      ,#1244,#1245,#1246,#1247,#1248,#1249,#1250,#1251,#1252,#1253,#1254
      ,#1255,#1256,#1257,#1258,#1259,#1260,#1261,#1262,#1263,#1264,#1265
      ,#1266,#1267,#1268,#1269,#1270,#1271,#1272,#1273,#1274,#1275,#1276
      ,#1277,#1278,#1279,#1280,#1281,#1282,#1283,#1284,#1285,#1286,#1287
      ,#1288,#1289,#1290,#1291,#1292,#1293,#1294,#1295,#1296,#1297,#1298
      ,#1299,#1300,#1301,#1302,#1303,#1304,#1305,#1306,#1307,#1308,#1309
      ,#1310,#1311,#1312,#1313,#1314,#1315,#1316,#1317,#1318,#1319,#1320
      ,#1321,#1322,#1323,#1324,#1325,#1326,#1327,#1328,#1329,#1330,#1331
      ,#1332,#1333,#1334,#1335,#1336,#1337,#1338,#1339,#1340,#1341,#1342
      ,#1343,#1344,#1345,#1346,#1347,#1348,#1349,#1350,#1351,#1352,#1353
      ,#1354,#1355,#1356,#1357,#1358,#1359,#1360,#1361,#1362,#1363,#1364
      ,#1365,#1366,#1367,#1368,#1369,#1370,#1371,#1372,#1373,#1374,#1375
      ,#1376,#1377,#1378,#1379,#1380,#1381,#1382,#1383,#1384,#1385,#1386
      ,#1387,#1388,#1389,#1390,#1391,#1392,#1393,#1394,#1395,#1396,#1397
      ,#1398,#1399,#1400,#1401,#1402,#1403,#1404,#1405,#1406,#1407,#1408
      ,#1409,#1410,#1411,#1412,#1413,#1414,#1415,#1416,#1417,#1418,#1419
      ,#1420,#1421,#1422,#1423,#1424,#1425,#1426,#1427,#1428,#1429,#1430
      ,#1431,#1432,#1433,#1434,#1435,#1436,#1437,#1438,#1439,#1440,#1441
      ,#1442,#1443,#1444,#1445,#1446,#1447,#1448,#1449,#1450,#1451,#1452
      ,#1453,#1454,#1455,#1456,#1457,#1458,#1459,#1460,#1461,#1462,#1463
      ,#1464,#1465,#1466,#1467,#1468,#1469,#1470,#1471,#1472,#1473,#1474
      ,#1475,#1476,#1477,#1478,#1479,#1480,#1481,#1482,#1483,#1484,#1485
      ,#1486,#1487,#1488,#1489,#1490,#1491,#1492,#1493,#1494,#1495,#1496
      ,#1497,#1498,#1499,#1500,#1501,#1502,#1503,#1504,#1505,#1506,#1507
      ,#1508,#1509,#1510,#1511,#1512,#1513,#1514,#1515,#1516,#1517,#1518
      ,#1519,#1520)
    ,(#1521,#1522,#1523,#1524,#1525,#1526,#1527,#1528,#1529,#1530,#1531
      ,#1532,#1533,#1534,#1535,#1536,#1537,#1538,#1539,#1540,#1541,#1542
      ,#1543,#1544,#1545,#1546,#1547,#1548,#1549,#1550,#1551,#1552,#1553
      ,#1554,#1555,#1556,#1557,#1558,#1559,#1560,#1561,#1562,#1563,#1564
      ,#1565,#1566,#1567,#1568,#1569,#1570,#1571,#1572,#1573,#1574,#1575
      ,#1576,#1577,#1578,#1579,#1580,#1581,#1582,#1583,#1584,#1585,#1586
      ,#1587,#1588,#1589,#1590,#1591,#1592,#1593,#1594,#1595,#1596,#1597
      ,#1598,#1599,#1600,#1601,#1602,#1603,#1604,#1605,#1606,#1607,#1608
      ,#1609,#1610,#1611,#1612,#1613,#1614,#1615,#1616,#1617,#1618,#1619
      ,#1620,#1621,#1622,#1623,#1624,#1625,#1626,#1627,#1628,#1629,#1630
      ,#1631,#1632,#1633,#1634,#1635,#1636,#1637,#1638,#1639,#1640,#1641
      ,#1642,#1643,#1644,#1645,#1646,#1647,#1648,#1649,#1650,#1651,#1652
      ,#1653,#1654,#1655,#1656,#1657,#1658,#1659,#1660,#1661,#1662,#1663
      ,#1664,#1665,#1666,#1667,#1668,#1669,#1670,#1671,#1672,#1673,#1674
      ,#1675,#1676,#1677,#1678,#1679,#1680,#1681,#1682,#1683,#1684,#1685
      ,#1686,#1687,#1688,#1689,#1690,#1691,#1692,#1693,#1694,#1695,#1696
      ,#1697,#1698,#1699,#1700,#1701,#1702,#1703,#1704,#1705,#1706,#1707
      ,#1708,#1709,#1710,#1711,#1712,#1713,#1714,#1715,#1716,#1717,#1718
      ,#1719,#1720,#1721,#1722,#1723,#1724,#1725,#1726,#1727,#1728,#1729
      ,#1730,#1731,#1732,#1733,#1734,#1735,#1736,#1737,#1738,#1739,#1740
      ,#1741,#1742,#1743,#1744,#1745,#1746,#1747,#1748,#1749,#1750,#1751
      ,#1752,#1753,#1754,#1755,#1756,#1757,#1758,#1759,#1760,#1761,#1762
      ,#1763,#1764,#1765,#1766,#1767,#1768,#1769,#1770,#1771,#1772,#1773
      ,#1774,#1775,#1776,#1777,#1778,#1779,#1780,#1781,#1782,#1783,#1784
      ,#1785,#1786,#1787,#1788,#1789,#1790,#1791,#1792,#1793,#1794,#1795
      ,#1796,#1797,#1798,#1799,#1800,#1801,#1802,#1803,#1804,#1805,#1806
      ,#1807,#1808,#1809,#1810,#1811,#1812,#1813,#1814,#1815,#1816,#1817
      ,#1818,#1819,#1820,#1821,#1822,#1823,#1824,#1825,#1826,#1827,#1828
      ,#1829,#1830,#1831,#1832,#1833,#1834,#1835,#1836,#1837,#1838,#1839
      ,#1840,#1841,#1842,#1843,#1844,#1845,#1846,#1847,#1848,#1849,#1850
      ,#1851,#1852,#1853,#1854,#1855,#1856,#1857,#1858,#1859,#1860,#1861
      ,#1862,#1863,#1864,#1865,#1866,#1867,#1868,#1869,#1870,#1871,#1872
      ,#1873,#1874,#1875,#1876,#1877,#1878,#1879,#1880,#1881,#1882,#1883
      ,#1884,#1885,#1886,#1887,#1888,#1889,#1890,#1891,#1892,#1893,#1894
      ,#1895,#1896,#1897,#1898,#1899,#1900,#1901,#1902,#1903,#1904,#1905
      ,#1906,#1907,#1908,#1909,#1910,#1911,#1912,#1913,#1914,#1915,#1916
      ,#1917,#1918,#1919,#1920,#1921,#1922,#1923,#1924,#1925,#1926,#1927
      ,#1928,#1929,#1930,#1931,#1932,#1933,#1934,#1935,#1936,#1937,#1938
      ,#1939,#1940,#1941,#1942,#1943,#1944,#1945,#1946,#1947,#1948,#1949
      ,#1950,#1951,#1952,#1953,#1954,#1955,#1956,#1957,#1958,#1959,#1960
      ,#1961,#1962,#1963,#1964,#1965,#1966,#1967,#1968,#1969,#1970,#1971
      ,#1972,#1973,#1974,#1975,#1976,#1977,#1978,#1979,#1980,#1981,#1982
      ,#1983,#1984,#1985,#1986,#1987,#1988,#1989,#1990,#1991,#1992,#1993
      ,#1994,#1995,#1996,#1997,#1998,#1999,#2000,#2001,#2002,#2003,#2004
      ,#2005,#2006,#2007,#2008,#2009,#2010,#2011,#2012,#2013,#2014,#2015
      ,#2016,#2017)
    ,(#2018,#2019,#2020,#2021,#2022,#2023,#2024,#2025,#2026,#2027,#2028
      ,#2029,#2030,#2031,#2032,#2033,#2034,#2035,#2036,#2037,#2038,#2039
      ,#2040,#2041,#2042,#2043,#2044,#2045,#2046,#2047,#2048,#2049,#2050
      ,#2051,#2052,#2053,#2054,#2055,#2056,#2057,#2058,#2059,#2060,#2061
      ,#2062,#2063,#2064,#2065,#2066,#2067,#2068,#2069,#2070,#2071,#2072
      ,#2073,#2074,#2075,#2076,#2077,#2078,#2079,#2080,#2081,#2082,#2083
      ,#2084,#2085,#2086,#2087,#2088,#2089,#2090,#2091,#2092,#2093,#2094
      ,#2095,#2096,#2097,#2098,#2099,#2100,#2101,#2102,#2103,#2104,#2105
      ,#2106,#2107,#2108,#2109,#2110,#2111,#2112,#2113,#2114,#2115,#2116
      ,#2117,#2118,#2119,#2120,#2121,#2122,#2123,#2124,#2125,#2126,#2127
      ,#2128,#2129,#2130,#2131,#2132,#2133,#2134,#2135,#2136,#2137,#2138
      ,#2139,#2140,#2141,#2142,#2143,#2144,#2145,#2146,#2147,#2148,#2149
      ,#2150,#2151,#2152,#2153,#2154,#2155,#2156,#2157,#2158,#2159,#2160
      ,#2161,#2162,#2163,#2164,#2165,#2166,#2167,#2168,#2169,#2170,#2171
      ,#2172,#2173,#2174,#2175,#2176,#2177,#2178,#2179,#2180,#2181,#2182
      ,#2183,#2184,#2185,#2186,#2187,#2188,#2189,#2190,#2191,#2192,#2193
      ,#2194,#2195,#2196,#2197,#2198,#2199,#2200,#2201,#2202,#2203,#2204
      ,#2205,#2206,#2207,#2208,#2209,#2210,#2211,#2212,#2213,#2214,#2215
      ,#2216,#2217,#2218,#2219,#2220,#2221,#2222,#2223,#2224,#2225,#2226
      ,#2227,#2228,#2229,#2230,#2231,#2232,#2233,#2234,#2235,#2236,#2237
      ,#2238,#2239,#2240,#2241,#2242,#2243,#2244,#2245,#2246,#2247,#2248
      ,#2249,#2250,#2251,#2252,#2253,#2254,#2255,#2256,#2257,#2258,#2259
      ,#2260,#2261,#2262,#2263,#2264,#2265,#2266,#2267,#2268,#2269,#2270
      ,#2271,#2272,#2273,#2274,#2275,#2276,#2277,#2278,#2279,#2280,#2281
      ,#2282,#2283,#2284,#2285,#2286,#2287,#2288,#2289,#2290,#2291,#2292
      ,#2293,#2294,#2295,#2296,#2297,#2298,#2299,#2300,#2301,#2302,#2303
      ,#2304,#2305,#2306,#2307,#2308,#2309,#2310,#2311,#2312,#2313,#2314
      ,#2315,#2316,#2317,#2318,#2319,#2320,#2321,#2322,#2323,#2324,#2325
      ,#2326,#2327,#2328,#2329,#2330,#2331,#2332,#2333,#2334,#2335,#2336
      ,#2337,#2338,#2339,#2340,#2341,#2342,#2343,#2344,#2345,#2346,#2347
      ,#2348,#2349,#2350,#2351,#2352,#2353,#2354,#2355,#2356,#2357,#2358
      ,#2359,#2360,#2361,#2362,#2363,#2364,#2365,#2366,#2367,#2368,#2369
      ,#2370,#2371,#2372,#2373,#2374,#2375,#2376,#2377,#2378,#2379,#2380
      ,#2381,#2382,#2383,#2384,#2385,#2386,#2387,#2388,#2389,#2390,#2391
      ,#2392,#2393,#2394,#2395,#2396,#2397,#2398,#2399,#2400,#2401,#2402
      ,#2403,#2404,#2405,#2406,#2407,#2408,#2409,#2410,#2411,#2412,#2413
      ,#2414,#2415,#2416,#2417,#2418,#2419,#2420,#2421,#2422,#2423,#2424
      ,#2425,#2426,#2427,#2428,#2429,#2430,#2431,#2432,#2433,#2434,#2435
      ,#2436,#2437,#2438,#2439,#2440,#2441,#2442,#2443,#2444,#2445,#2446
      ,#2447,#2448,#2449,#2450,#2451,#2452,#2453,#2454,#2455,#2456,#2457
      ,#2458,#2459,#2460,#2461,#2462,#2463,#2464,#2465,#2466,#2467,#2468
      ,#2469,#2470,#2471,#2472,#2473,#2474,#2475,#2476,#2477,#2478,#2479
      ,#2480,#2481,#2482,#2483,#2484,#2485,#2486,#2487,#2488,#2489,#2490
      ,#2491,#2492,#2493,#2494,#2495,#2496,#2497,#2498,#2499,#2500,#2501
      ,#2502,#2503,#2504,#2505,#2506,#2507,#2508,#2509,#2510,#2511,#2512
      ,#2513,#2514)
    ,(#2515,#2516,#2517,#2518,#2519,#2520,#2521,#2522,#2523,#2524,#2525
      ,#2526,#2527,#2528,#2529,#2530,#2531,#2532,#2533,#2534,#2535,#2536
      ,#2537,#2538,#2539,#2540,#2541,#2542,#2543,#2544,#2545,#2546,#2547
      ,#2548,#2549,#2550,#2551,#2552,#2553,#2554,#2555,#2556,#2557,#2558
      ,#2559,#2560,#2561,#2562,#2563,#2564,#2565,#2566,#2567,#2568,#2569
      ,#2570,#2571,#2572,#2573,#2574,#2575,#2576,#2577,#2578,#2579,#2580
      ,#2581,#2582,#2583,#2584,#2585,#2586,#2587,#2588,#2589,#2590,#2591
      ,#2592,#2593,#2594,#2595,#2596,#2597,#2598,#2599,#2600,#2601,#2602
      ,#2603,#2604,#2605,#2606,#2607,#2608,#2609,#2610,#2611,#2612,#2613
      ,#2614,#2615,#2616,#2617,#2618,#2619,#2620,#2621,#2622,#2623,#2624
      ,#2625,#2626,#2627,#2628,#2629,#2630,#2631,#2632,#2633,#2634,#2635
      ,#2636,#2637,#2638,#2639,#2640,#2641,#2642,#2643,#2644,#2645,#2646
      ,#2647,#2648,#2649,#2650,#2651,#2652,#2653,#2654,#2655,#2656,#2657
      ,#2658,#2659,#2660,#2661,#2662,#2663,#2664,#2665,#2666,#2667,#2668
      ,#2669,#2670,#2671,#2672,#2673,#2674,#2675,#2676,#2677,#2678,#2679
      ,#2680,#2681,#2682,#2683,#2684,#2685,#2686,#2687,#2688,#2689,#2690
      ,#2691,#2692,#2693,#2694,#2695,#2696,#2697,#2698,#2699,#2700,#2701
      ,#2702,#2703,#2704,#2705,#2706,#2707,#2708,#2709,#2710,#2711,#2712
      ,#2713,#2714,#2715,#2716,#2717,#2718,#2719,#2720,#2721,#2722,#2723
      ,#2724,#2725,#2726,#2727,#2728,#2729,#2730,#2731,#2732,#2733,#2734
      ,#2735,#2736,#2737,#2738,#2739,#2740,#2741,#2742,#2743,#2744,#2745
      ,#2746,#2747,#2748,#2749,#2750,#2751,#2752,#2753,#2754,#2755,#2756
      ,#2757,#2758,#2759,#2760,#2761,#2762,#2763,#2764,#2765,#2766,#2767
      ,#2768,#2769,#2770,#2771,#2772,#2773,#2774,#2775,#2776,#2777,#2778
      ,#2779,#2780,#2781,#2782,#2783,#2784,#2785,#2786,#2787,#2788,#2789
      ,#2790,#2791,#2792,#2793,#2794,#2795,#2796,#2797,#2798,#2799,#2800
      ,#2801,#2802,#2803,#2804,#2805,#2806,#2807,#2808,#2809,#2810,#2811
      ,#2812,#2813,#2814,#2815,#2816,#2817,#2818,#2819,#2820,#2821,#2822
      ,#2823,#2824,#2825,#2826,#2827,#2828,#2829,#2830,#2831,#2832,#2833
      ,#2834,#2835,#2836,#2837,#2838,#2839,#2840,#2841,#2842,#2843,#2844
      ,#2845,#2846,#2847,#2848,#2849,#2850,#2851,#2852,#2853,#2854,#2855
      ,#2856,#2857,#2858,#2859,#2860,#2861,#2862,#2863,#2864,#2865,#2866
      ,#2867,#2868,#2869,#2870,#2871,#2872,#2873,#2874,#2875,#2876,#2877
      ,#2878,#2879,#2880,#2881,#2882,#2883,#2884,#2885,#2886,#2887,#2888
      ,#2889,#2890,#2891,#2892,#2893,#2894,#2895,#2896,#2897,#2898,#2899
      ,#2900,#2901,#2902,#2903,#2904,#2905,#2906,#2907,#2908,#2909,#2910
      ,#2911,#2912,#2913,#2914,#2915,#2916,#2917,#2918,#2919,#2920,#2921
      ,#2922,#2923,#2924,#2925,#2926,#2927,#2928,#2929,#2930,#2931,#2932
      ,#2933,#2934,#2935,#2936,#2937,#2938,#2939,#2940,#2941,#2942,#2943
      ,#2944,#2945,#2946,#2947,#2948,#2949,#2950,#2951,#2952,#2953,#2954
      ,#2955,#2956,#2957,#2958,#2959,#2960,#2961,#2962,#2963,#2964,#2965
      ,#2966,#2967,#2968,#2969,#2970,#2971,#2972,#2973,#2974,#2975,#2976
      ,#2977,#2978,#2979,#2980,#2981,#2982,#2983,#2984,#2985,#2986,#2987
      ,#2988,#2989,#2990,#2991,#2992,#2993,#2994,#2995,#2996,#2997,#2998
      ,#2999,#3000,#3001,#3002,#3003,#3004,#3005,#3006,#3007,#3008,#3009
      ,#3010,#3011)
    ,(#3012,#3013,#3014,#3015,#3016,#3017,#3018,#3019,#3020,#3021,#3022
      ,#3023,#3024,#3025,#3026,#3027,#3028,#3029,#3030,#3031,#3032,#3033
      ,#3034,#3035,#3036,#3037,#3038,#3039,#3040,#3041,#3042,#3043,#3044
      ,#3045,#3046,#3047,#3048,#3049,#3050,#3051,#3052,#3053,#3054,#3055
      ,#3056,#3057,#3058,#3059,#3060,#3061,#3062,#3063,#3064,#3065,#3066
      ,#3067,#3068,#3069,#3070,#3071,#3072,#3073,#3074,#3075,#3076,#3077
      ,#3078,#3079,#3080,#3081,#3082,#3083,#3084,#3085,#3086,#3087,#3088
      ,#3089,#3090,#3091,#3092,#3093,#3094,#3095,#3096,#3097,#3098,#3099
      ,#3100,#3101,#3102,#3103,#3104,#3105,#3106,#3107,#3108,#3109,#3110
      ,#3111,#3112,#3113,#3114,#3115,#3116,#3117,#3118,#3119,#3120,#3121
      ,#3122,#3123,#3124,#3125,#3126,#3127,#3128,#3129,#3130,#3131,#3132
      ,#3133,#3134,#3135,#3136,#3137,#3138,#3139,#3140,#3141,#3142,#3143
      ,#3144,#3145,#3146,#3147,#3148,#3149,#3150,#3151,#3152,#3153,#3154
      ,#3155,#3156,#3157,#3158,#3159,#3160,#3161,#3162,#3163,#3164,#3165
      ,#3166,#3167,#3168,#3169,#3170,#3171,#3172,#3173,#3174,#3175,#3176
      ,#3177,#3178,#3179,#3180,#3181,#3182,#3183,#3184,#3185,#3186,#3187
      ,#3188,#3189,#3190,#3191,#3192,#3193,#3194,#3195,#3196,#3197,#3198
      ,#3199,#3200,#3201,#3202,#3203,#3204,#3205,#3206,#3207,#3208,#3209
      ,#3210,#3211,#3212,#3213,#3214,#3215,#3216,#3217,#3218,#3219,#3220
      ,#3221,#3222,#3223,#3224,#3225,#3226,#3227,#3228,#3229,#3230,#3231
      ,#3232,#3233,#3234,#3235,#3236,#3237,#3238,#3239,#3240,#3241,#3242
      ,#3243,#3244,#3245,#3246,#3247,#3248,#3249,#3250,#3251,#3252,#3253
      ,#3254,#3255,#3256,#3257,#3258,#3259,#3260,#3261,#3262,#3263,#3264
      ,#3265,#3266,#3267,#3268,#3269,#3270,#3271,#3272,#3273,#3274,#3275
      ,#3276,#3277,#3278,#3279,#3280,#3281,#3282,#3283,#3284,#3285,#3286
      ,#3287,#3288,#3289,#3290,#3291,#3292,#3293,#3294,#3295,#3296,#3297
      ,#3298,#3299,#3300,#3301,#3302,#3303,#3304,#3305,#3306,#3307,#3308
      ,#3309,#3310,#3311,#3312,#3313,#3314,#3315,#3316,#3317,#3318,#3319
      ,#3320,#3321,#3322,#3323,#3324,#3325,#3326,#3327,#3328,#3329,#3330
      ,#3331,#3332,#3333,#3334,#3335,#3336,#3337,#3338,#3339,#3340,#3341
      ,#3342,#3343,#3344,#3345,#3346,#3347,#3348,#3349,#3350,#3351,#3352
      ,#3353,#3354,#3355,#3356,#3357,#3358,#3359,#3360,#3361,#3362,#3363
      ,#3364,#3365,#3366,#3367,#3368,#3369,#3370,#3371,#3372,#3373,#3374
      ,#3375,#3376,#3377,#3378,#3379,#3380,#3381,#3382,#3383,#3384,#3385
      ,#3386,#3387,#3388,#3389,#3390,#3391,#3392,#3393,#3394,#3395,#3396
      ,#3397,#3398,#3399,#3400,#3401,#3402,#3403,#3404,#3405,#3406,#3407
      ,#3408,#3409,#3410,#3411,#3412,#3413,#3414,#3415,#3416,#3417,#3418
      ,#3419,#3420,#3421,#3422,#3423,#3424,#3425,#3426,#3427,#3428,#3429
      ,#3430,#3431,#3432,#3433,#3434,#3435,#3436,#3437,#3438,#3439,#3440
      ,#3441,#3442,#3443,#3444,#3445,#3446,#3447,#3448,#3449,#3450,#3451
      ,#3452,#3453,#3454,#3455,#3456,#3457,#3458,#3459,#3460,#3461,#3462
      ,#3463,#3464,#3465,#3466,#3467,#3468,#3469,#3470,#3471,#3472,#3473
      ,#3474,#3475,#3476,#3477,#3478,#3479,#3480,#3481,#3482,#3483,#3484
      ,#3485,#3486,#3487,#3488,#3489,#3490,#3491,#3492,#3493,#3494,#3495
      ,#3496,#3497,#3498,#3499,#3500,#3501,#3502,#3503,#3504,#3505,#3506
      ,#3507,#3508)
    ,(#3509,#3510,#3511,#3512,#3513,#3514,#3515,#3516,#3517,#3518,#3519
      ,#3520,#3521,#3522,#3523,#3524,#3525,#3526,#3527,#3528,#3529,#3530
      ,#3531,#3532,#3533,#3534,#3535,#3536,#3537,#3538,#3539,#3540,#3541
      ,#3542,#3543,#3544,#3545,#3546,#3547,#3548,#3549,#3550,#3551,#3552
      ,#3553,#3554,#3555,#3556,#3557,#3558,#3559,#3560,#3561,#3562,#3563
      ,#3564,#3565,#3566,#3567,#3568,#3569,#3570,#3571,#3572,#3573,#3574
      ,#3575,#3576,#3577,#3578,#3579,#3580,#3581,#3582,#3583,#3584,#3585
      ,#3586,#3587,#3588,#3589,#3590,#3591,#3592,#3593,#3594,#3595,#3596
      ,#3597,#3598,#3599,#3600,#3601,#3602,#3603,#3604,#3605,#3606,#3607
      ,#3608,#3609,#3610,#3611,#3612,#3613,#3614,#3615,#3616,#3617,#3618
      ,#3619,#3620,#3621,#3622,#3623,#3624,#3625,#3626,#3627,#3628,#3629
      ,#3630,#3631,#3632,#3633,#3634,#3635,#3636,#3637,#3638,#3639,#3640
      ,#3641,#3642,#3643,#3644,#3645,#3646,#3647,#3648,#3649,#3650,#3651
      ,#3652,#3653,#3654,#3655,#3656,#3657,#3658,#3659,#3660,#3661,#3662
      ,#3663,#3664,#3665,#3666,#3667,#3668,#3669,#3670,#3671,#3672,#3673
      ,#3674,#3675,#3676,#3677,#3678,#3679,#3680,#3681,#3682,#3683,#3684
      ,#3685,#3686,#3687,#3688,#3689,#3690,#3691,#3692,#3693,#3694,#3695
      ,#3696,#3697,#3698,#3699,#3700,#3701,#3702,#3703,#3704,#3705,#3706
      ,#3707,#3708,#3709,#3710,#3711,#3712,#3713,#3714,#3715,#3716,#3717
      ,#3718,#3719,#3720,#3721,#3722,#3723,#3724,#3725,#3726,#3727,#3728
      ,#3729,#3730,#3731,#3732,#3733,#3734,#3735,#3736,#3737,#3738,#3739
      ,#3740,#3741,#3742,#3743,#3744,#3745,#3746,#3747,#3748,#3749,#3750
      ,#3751,#3752,#3753,#3754,#3755,#3756,#3757,#3758,#3759,#3760,#3761
      ,#3762,#3763,#3764,#3765,#3766,#3767,#3768,#3769,#3770,#3771,#3772
      ,#3773,#3774,#3775,#3776,#3777,#3778,#3779,#3780,#3781,#3782,#3783
      ,#3784,#3785,#3786,#3787,#3788,#3789,#3790,#3791,#3792,#3793,#3794
      ,#3795,#3796,#3797,#3798,#3799,#3800,#3801,#3802,#3803,#3804,#3805
      ,#3806,#3807,#3808,#3809,#3810,#3811,#3812,#3813,#3814,#3815,#3816
      ,#3817,#3818,#3819,#3820,#3821,#3822,#3823,#3824,#3825,#3826,#3827
      ,#3828,#3829,#3830,#3831,#3832,#3833,#3834,#3835,#3836,#3837,#3838
      ,#3839,#3840,#3841,#3842,#3843,#3844,#3845,#3846,#3847,#3848,#3849
      ,#3850,#3851,#3852,#3853,#3854,#3855,#3856,#3857,#3858,#3859,#3860
      ,#3861,#3862,#3863,#3864,#3865,#3866,#3867,#3868,#3869,#3870,#3871
      ,#3872,#3873,#3874,#3875,#3876,#3877,#3878,#3879,#3880,#3881,#3882
      ,#3883,#3884,#3885,#3886,#3887,#3888,#3889,#3890,#3891,#3892,#3893
      ,#3894,#3895,#3896,#3897,#3898,#3899,#3900,#3901,#3902,#3903,#3904
      ,#3905,#3906,#3907,#3908,#3909,#3910,#3911,#3912,#3913,#3914,#3915
      ,#3916,#3917,#3918,#3919,#3920,#3921,#3922,#3923,#3924,#3925,#3926
      ,#3927,#3928,#3929,#3930,#3931,#3932,#3933,#3934,#3935,#3936,#3937
      ,#3938,#3939,#3940,#3941,#3942,#3943,#3944,#3945,#3946,#3947,#3948
      ,#3949,#3950,#3951,#3952,#3953,#3954,#3955,#3956,#3957,#3958,#3959
      ,#3960,#3961,#3962,#3963,#3964,#3965,#3966,#3967,#3968,#3969,#3970
      ,#3971,#3972,#3973,#3974,#3975,#3976,#3977,#3978,#3979,#3980,#3981
      ,#3982,#3983,#3984,#3985,#3986,#3987,#3988,#3989,#3990,#3991,#3992
      ,#3993,#3994,#3995,#3996,#3997,#3998,#3999,#4000,#4001,#4002,#4003
      ,#4004,#4005)
    ,(#4006,#4007,#4008,#4009,#4010,#4011,#4012,#4013,#4014,#4015,#4016
      ,#4017,#4018,#4019,#4020,#4021,#4022,#4023,#4024,#4025,#4026,#4027
      ,#4028,#4029,#4030,#4031,#4032,#4033,#4034,#4035,#4036,#4037,#4038
      ,#4039,#4040,#4041,#4042,#4043,#4044,#4045,#4046,#4047,#4048,#4049
      ,#4050,#4051,#4052,#4053,#4054,#4055,#4056,#4057,#4058,#4059,#4060
      ,#4061,#4062,#4063,#4064,#4065,#4066,#4067,#4068,#4069,#4070,#4071
      ,#4072,#4073,#4074,#4075,#4076,#4077,#4078,#4079,#4080,#4081,#4082
      ,#4083,#4084,#4085,#4086,#4087,#4088,#4089,#4090,#4091,#4092,#4093
      ,#4094,#4095,#4096,#4097,#4098,#4099,#4100,#4101,#4102,#4103,#4104
      ,#4105,#4106,#4107,#4108,#4109,#4110,#4111,#4112,#4113,#4114,#4115
      ,#4116,#4117,#4118,#4119,#4120,#4121,#4122,#4123,#4124,#4125,#4126
      ,#4127,#4128,#4129,#4130,#4131,#4132,#4133,#4134,#4135,#4136,#4137
      ,#4138,#4139,#4140,#4141,#4142,#4143,#4144,#4145,#4146,#4147,#4148
      ,#4149,#4150,#4151,#4152,#4153,#4154,#4155,#4156,#4157,#4158,#4159
      ,#4160,#4161,#4162,#4163,#4164,#4165,#4166,#4167,#4168,#4169,#4170
      ,#4171,#4172,#4173,#4174,#4175,#4176,#4177,#4178,#4179,#4180,#4181
      ,#4182,#4183,#4184,#4185,#4186,#4187,#4188,#4189,#4190,#4191,#4192
      ,#4193,#4194,#4195,#4196,#4197,#4198,#4199,#4200,#4201,#4202,#4203
      ,#4204,#4205,#4206,#4207,#4208,#4209,#4210,#4211,#4212,#4213,#4214
      ,#4215,#4216,#4217,#4218,#4219,#4220,#4221,#4222,#4223,#4224,#4225
      ,#4226,#4227,#4228,#4229,#4230,#4231,#4232,#4233,#4234,#4235,#4236
      ,#4237,#4238,#4239,#4240,#4241,#4242,#4243,#4244,#4245,#4246,#4247
      ,#4248,#4249,#4250,#4251,#4252,#4253,#4254,#4255,#4256,#4257,#4258
      ,#4259,#4260,#4261,#4262,#4263,#4264,#4265,#4266,#4267,#4268,#4269
      ,#4270,#4271,#4272,#4273,#4274,#4275,#4276,#4277,#4278,#4279,#4280
      ,#4281,#4282,#4283,#4284,#4285,#4286,#4287,#4288,#4289,#4290,#4291
      ,#4292,#4293,#4294,#4295,#4296,#4297,#4298,#4299,#4300,#4301,#4302
      ,#4303,#4304,#4305,#4306,#4307,#4308,#4309,#4310,#4311,#4312,#4313
      ,#4314,#4315,#4316,#4317,#4318,#4319,#4320,#4321,#4322,#4323,#4324
      ,#4325,#4326,#4327,#4328,#4329,#4330,#4331,#4332,#4333,#4334,#4335
      ,#4336,#4337,#4338,#4339,#4340,#4341,#4342,#4343,#4344,#4345,#4346
      ,#4347,#4348,#4349,#4350,#4351,#4352,#4353,#4354,#4355,#4356,#4357
      ,#4358,#4359,#4360,#4361,#4362,#4363,#4364,#4365,#4366,#4367,#4368
      ,#4369,#4370,#4371,#4372,#4373,#4374,#4375,#4376,#4377,#4378,#4379
      ,#4380,#4381,#4382,#4383,#4384,#4385,#4386,#4387,#4388,#4389,#4390
      ,#4391,#4392,#4393,#4394,#4395,#4396,#4397,#4398,#4399,#4400,#4401
      ,#4402,#4403,#4404,#4405,#4406,#4407,#4408,#4409,#4410,#4411,#4412
      ,#4413,#4414,#4415,#4416,#4417,#4418,#4419,#4420,#4421,#4422,#4423
      ,#4424,#4425,#4426,#4427,#4428,#4429,#4430,#4431,#4432,#4433,#4434
      ,#4435,#4436,#4437,#4438,#4439,#4440,#4441,#4442,#4443,#4444,#4445
      ,#4446,#4447,#4448,#4449,#4450,#4451,#4452,#4453,#4454,#4455,#4456
      ,#4457,#4458,#4459,#4460,#4461,#4462,#4463,#4464,#4465,#4466,#4467
      ,#4468,#4469,#4470,#4471,#4472,#4473,#4474,#4475,#4476,#4477,#4478
      ,#4479,#4480,#4481,#4482,#4483,#4484,#4485,#4486,#4487,#4488,#4489
      ,#4490,#4491,#4492,#4493,#4494,#4495,#4496,#4497,#4498,#4499,#4500
      ,#4501,#4502)
    ,(#4503,#4504,#4505,#4506,#4507,#4508,#4509,#4510,#4511,#4512,#4513
      ,#4514,#4515,#4516,#4517,#4518,#4519,#4520,#4521,#4522,#4523,#4524
      ,#4525,#4526,#4527,#4528,#4529,#4530,#4531,#4532,#4533,#4534,#4535
      ,#4536,#4537,#4538,#4539,#4540,#4541,#4542,#4543,#4544,#4545,#4546
      ,#4547,#4548,#4549,#4550,#4551,#4552,#4553,#4554,#4555,#4556,#4557
      ,#4558,#4559,#4560,#4561,#4562,#4563,#4564,#4565,#4566,#4567,#4568
      ,#4569,#4570,#4571,#4572,#4573,#4574,#4575,#4576,#4577,#4578,#4579
      ,#4580,#4581,#4582,#4583,#4584,#4585,#4586,#4587,#4588,#4589,#4590
      ,#4591,#4592,#4593,#4594,#4595,#4596,#4597,#4598,#4599,#4600,#4601
      ,#4602,#4603,#4604,#4605,#4606,#4607,#4608,#4609,#4610,#4611,#4612
      ,#4613,#4614,#4615,#4616,#4617,#4618,#4619,#4620,#4621,#4622,#4623
      ,#4624,#4625,#4626,#4627,#4628,#4629,#4630,#4631,#4632,#4633,#4634
      ,#4635,#4636,#4637,#4638,#4639,#4640,#4641,#4642,#4643,#4644,#4645
      ,#4646,#4647,#4648,#4649,#4650,#4651,#4652,#4653,#4654,#4655,#4656
      ,#4657,#4658,#4659,#4660,#4661,#4662,#4663,#4664,#4665,#4666,#4667
      ,#4668,#4669,#4670,#4671,#4672,#4673,#4674,#4675,#4676,#4677,#4678
      ,#4679,#4680,#4681,#4682,#4683,#4684,#4685,#4686,#4687,#4688,#4689
      ,#4690,#4691,#4692,#4693,#4694,#4695,#4696,#4697,#4698,#4699,#4700
      ,#4701,#4702,#4703,#4704,#4705,#4706,#4707,#4708,#4709,#4710,#4711
      ,#4712,#4713,#4714,#4715,#4716,#4717,#4718,#4719,#4720,#4721,#4722
      ,#4723,#4724,#4725,#4726,#4727,#4728,#4729,#4730,#4731,#4732,#4733
      ,#4734,#4735,#4736,#4737,#4738,#4739,#4740,#4741,#4742,#4743,#4744
      ,#4745,#4746,#4747,#4748,#4749,#4750,#4751,#4752,#4753,#4754,#4755
      ,#4756,#4757,#4758,#4759,#4760,#4761,#4762,#4763,#4764,#4765,#4766
      ,#4767,#4768,#4769,#4770,#4771,#4772,#4773,#4774,#4775,#4776,#4777
      ,#4778,#4779,#4780,#4781,#4782,#4783,#4784,#4785,#4786,#4787,#4788
      ,#4789,#4790,#4791,#4792,#4793,#4794,#4795,#4796,#4797,#4798,#4799
      ,#4800,#4801,#4802,#4803,#4804,#4805,#4806,#4807,#4808,#4809,#4810
      ,#4811,#4812,#4813,#4814,#4815,#4816,#4817,#4818,#4819,#4820,#4821
      ,#4822,#4823,#4824,#4825,#4826,#4827,#4828,#4829,#4830,#4831,#4832
      ,#4833,#4834,#4835,#4836,#4837,#4838,#4839,#4840,#4841,#4842,#4843
      ,#4844,#4845,#4846,#4847,#4848,#4849,#4850,#4851,#4852,#4853,#4854
      ,#4855,#4856,#4857,#4858,#4859,#4860,#4861,#4862,#4863,#4864,#4865
      ,#4866,#4867,#4868,#4869,#4870,#4871,#4872,#4873,#4874,#4875,#4876
      ,#4877,#4878,#4879,#4880,#4881,#4882,#4883,#4884,#4885,#4886,#4887
      ,#4888,#4889,#4890,#4891,#4892,#4893,#4894,#4895,#4896,#4897,#4898
      ,#4899,#4900,#4901,#4902,#4903,#4904,#4905,#4906,#4907,#4908,#4909
      ,#4910,#4911,#4912,#4913,#4914,#4915,#4916,#4917,#4918,#4919,#4920
      ,#4921,#4922,#4923,#4924,#4925,#4926,#4927,#4928,#4929,#4930,#4931
      ,#4932,#4933,#4934,#4935,#4936,#4937,#4938,#4939,#4940,#4941,#4942
      ,#4943,#4944,#4945,#4946,#4947,#4948,#4949,#4950,#4951,#4952,#4953
      ,#4954,#4955,#4956,#4957,#4958,#4959,#4960,#4961,#4962,#4963,#4964
      ,#4965,#4966,#4967,#4968,#4969,#4970,#4971,#4972,#4973,#4974,#4975
      ,#4976,#4977,#4978,#4979,#4980,#4981,#4982,#4983,#4984,#4985,#4986
      ,#4987,#4988,#4989,#4990,#4991,#4992,#4993,#4994,#4995,#4996,#4997
      ,#4998,#4999)
    ,(#5000,#5001,#5002,#5003,#5004,#5005,#5006,#5007,#5008,#5009,#5010
      ,#5011,#5012,#5013,#5014,#5015,#5016,#5017,#5018,#5019,#5020,#5021
      ,#5022,#5023,#5024,#5025,#5026,#5027,#5028,#5029,#5030,#5031,#5032
      ,#5033,#5034,#5035,#5036,#5037,#5038,#5039,#5040,#5041,#5042,#5043
      ,#5044,#5045,#5046,#5047,#5048,#5049,#5050,#5051,#5052,#5053,#5054
      ,#5055,#5056,#5057,#5058,#5059,#5060,#5061,#5062,#5063,#5064,#5065
      ,#5066,#5067,#5068,#5069,#5070,#5071,#5072,#5073,#5074,#5075,#5076
      ,#5077,#5078,#5079,#5080,#5081,#5082,#5083,#5084,#5085,#5086,#5087
      ,#5088,#5089,#5090,#5091,#5092,#5093,#5094,#5095,#5096,#5097,#5098
      ,#5099,#5100,#5101,#5102,#5103,#5104,#5105,#5106,#5107,#5108,#5109
      ,#5110,#5111,#5112,#5113,#5114,#5115,#5116,#5117,#5118,#5119,#5120
      ,#5121,#5122,#5123,#5124,#5125,#5126,#5127,#5128,#5129,#5130,#5131
      ,#5132,#5133,#5134,#5135,#5136,#5137,#5138,#5139,#5140,#5141,#5142
      ,#5143,#5144,#5145,#5146,#5147,#5148,#5149,#5150,#5151,#5152,#5153
      ,#5154,#5155,#5156,#5157,#5158,#5159,#5160,#5161,#5162,#5163,#5164
      ,#5165,#5166,#5167,#5168,#5169,#5170,#5171,#5172,#5173,#5174,#5175
      ,#5176,#5177,#5178,#5179,#5180,#5181,#5182,#5183,#5184,#5185,#5186
      ,#5187,#5188,#5189,#5190,#5191,#5192,#5193,#5194,#5195,#5196,#5197
      ,#5198,#5199,#5200,#5201,#5202,#5203,#5204,#5205,#5206,#5207,#5208
      ,#5209,#5210,#5211,#5212,#5213,#5214,#5215,#5216,#5217,#5218,#5219
      ,#5220,#5221,#5222,#5223,#5224,#5225,#5226,#5227,#5228,#5229,#5230
      ,#5231,#5232,#5233,#5234,#5235,#5236,#5237,#5238,#5239,#5240,#5241
      ,#5242,#5243,#5244,#5245,#5246,#5247,#5248,#5249,#5250,#5251,#5252
      ,#5253,#5254,#5255,#5256,#5257,#5258,#5259,#5260,#5261,#5262,#5263
      ,#5264,#5265,#5266,#5267,#5268,#5269,#5270,#5271,#5272,#5273,#5274
      ,#5275,#5276,#5277,#5278,#5279,#5280,#5281,#5282,#5283,#5284,#5285
      ,#5286,#5287,#5288,#5289,#5290,#5291,#5292,#5293,#5294,#5295,#5296
      ,#5297,#5298,#5299,#5300,#5301,#5302,#5303,#5304,#5305,#5306,#5307
      ,#5308,#5309,#5310,#5311,#5312,#5313,#5314,#5315,#5316,#5317,#5318
      ,#5319,#5320,#5321,#5322,#5323,#5324,#5325,#5326,#5327,#5328,#5329
      ,#5330,#5331,#5332,#5333,#5334,#5335,#5336,#5337,#5338,#5339,#5340
      ,#5341,#5342,#5343,#5344,#5345,#5346,#5347,#5348,#5349,#5350,#5351
      ,#5352,#5353,#5354,#5355,#5356,#5357,#5358,#5359,#5360,#5361,#5362
      ,#5363,#5364,#5365,#5366,#5367,#5368,#5369,#5370,#5371,#5372,#5373
      ,#5374,#5375,#5376,#5377,#5378,#5379,#5380,#5381,#5382,#5383,#5384
      ,#5385,#5386,#5387,#5388,#5389,#5390,#5391,#5392,#5393,#5394,#5395
      ,#5396,#5397,#5398,#5399,#5400,#5401,#5402,#5403,#5404,#5405,#5406
      ,#5407,#5408,#5409,#5410,#5411,#5412,#5413,#5414,#5415,#5416,#5417
      ,#5418,#5419,#5420,#5421,#5422,#5423,#5424,#5425,#5426,#5427,#5428
      ,#5429,#5430,#5431,#5432,#5433,#5434,#5435,#5436,#5437,#5438,#5439
      ,#5440,#5441,#5442,#5443,#5444,#5445,#5446,#5447,#5448,#5449,#5450
      ,#5451,#5452,#5453,#5454,#5455,#5456,#5457,#5458,#5459,#5460,#5461
      ,#5462,#5463,#5464,#5465,#5466,#5467,#5468,#5469,#5470,#5471,#5472
      ,#5473,#5474,#5475,#5476,#5477,#5478,#5479,#5480,#5481,#5482,#5483
      ,#5484,#5485,#5486,#5487,#5488,#5489,#5490,#5491,#5492,#5493,#5494
      ,#5495,#5496
    )),.UNSPECIFIED.,.T.,.F.,.F.,(1,3,1,1,1,1,1,1,3,1),(4,1,1,1,1,1,1,1,
    1,1,1,1,1,1,1,1,1,1,1,1,1,1,1,1,1,1,1,1,1,1,1,1,1,1,1,1,1,1,1,1,1,1,
    1,1,1,1,1,1,1,1,1,1,1,1,1,1,1,1,1,1,1,1,1,1,1,1,1,1,1,1,1,1,1,1,1,1,
    1,1,1,1,1,1,1,1,1,1,1,1,1,1,1,1,1,1,1,1,1,1,1,1,1,1,1,1,1,1,1,1,1,1,
    1,1,1,1,1,1,1,1,1,1,1,1,1,1,1,1,1,1,1,1,1,1,1,1,1,1,1,1,1,1,1,1,1,1,
    1,1,1,1,1,1,1,1,1,1,1,1,1,1,1,1,1,1,1,1,1,1,1,1,1,1,1,1,1,1,1,1,1,1,
    1,1,1,1,1,1,1,1,1,1,1,1,1,1,1,1,1,1,1,1,1,1,1,1,1,1,1,1,1,1,1,1,1,1,
    1,1,1,1,1,1,1,1,1,1,1,1,1,1,1,1,1,1,1,1,1,1,1,1,1,1,1,1,1,1,1,1,1,1,
    1,1,1,1,1,1,1,1,1,1,1,1,1,1,1,1,1,1,1,1,1,1,1,1,1,1,1,1,1,1,1,1,1,1,
    1,1,1,1,1,1,1,1,1,1,1,1,1,1,1,1,1,1,1,1,1,1,1,1,1,1,1,1,1,1,1,1,1,1,
    1,1,1,1,1,1,1,1,1,1,1,1,1,1,1,1,1,1,1,1,1,1,1,1,1,1,1,1,1,1,1,1,1,1,
    1,1,1,1,1,1,1,1,1,1,1,1,1,1,1,1,1,1,1,1,1,1,1,1,1,1,1,1,1,1,1,1,1,1,
    1,1,1,1,1,1,1,1,1,1,1,1,1,1,1,1,1,1,1,1,1,1,1,1,1,1,1,1,1,1,1,1,1,1,
    1,1,1,1,1,1,1,1,1,1,1,1,1,1,1,1,1,1,1,1,1,1,1,1,1,1,1,1,1,1,1,1,1,1,
    1,1,1,1,1,1,1,1,1,1,1,1,1,1,1,1,1,1,1,1,1,1,1,1,1,1,1,1,1,1,1,1,1,1,
    1,1,1,1,1,1,1,1,1,1,4),(-4.039190554615,-3.14159265359,
    -2.243994752564,-1.346396851538,-0.448798950513,0.448798950513,
    1.346396851538,2.243994752564,3.14159265359,4.039190554615),(
    -4.112309471039E-14,0.99696298232,1.99392596464,2.99088894696,
    3.98785192928,4.9848149116,5.98177789392,6.97874087624,7.97570385856
    ,8.97266684088,9.9696298232,10.96659280552,11.96355578784,
    12.96051877016,13.95748175248,14.9544447348,15.95140771712,
    16.94837069944,17.94533368176,18.94229666408,19.9392596464,
    20.93622262872,21.93318561104,22.93014859336,23.92711157568,
    24.924074558,25.92103754032,26.91800052264,27.91496350496,
    28.91192648728,29.9088894696,30.90585245192,31.90281543424,
    32.89977841656,33.89674139888,34.8937043812,35.89066736352,
    36.88763034584,37.88459332816,38.38307481932,38.88155631048,
    39.8785192928,40.37700078396,40.87548227512,41.87244525744,
    42.86940823976,43.86637122208,44.36485271324,44.8633342044,
    45.86029718672,46.85726016904,47.3557416602,47.85422315136,
    48.85118613368,49.848149116,50.84511209832,51.34359358948,
    51.84207508064,52.3405565718,52.83903806296,53.33751955412,
    53.83600104528,54.8329640276,55.33144551876,55.82992700992,
    56.32840850108,56.82688999224,57.3253714834,57.82385297456,
    58.32233446572,58.82081595688,59.31929744804,59.8177789392,
    60.31626043036,60.814741921521,61.313223412681,61.81170490384,
    62.310186395,62.80866788616,63.30714937732,63.80563086848,
    64.30411235964,64.802593850801,65.30107534196,65.799556833121,
    66.29803832428,66.796519815441,67.2950013066,67.793482797761,
    68.29196428892,68.790445780081,69.28892727124,69.787408762401,
    70.28589025356,70.784371744721,71.28285323588,71.781334727041,
    72.279816218201,72.778297709361,73.276779200521,73.775260691681,
    74.273742182841,74.772223674001,75.270705165161,75.769186656321,
    76.267668147481,76.766149638641,77.264631129801,77.763112620961,
    78.261594112121,78.760075603281,79.258557094441,79.757038585601,
    80.255520076761,80.754001567921,81.252483059081,81.750964550241,
    82.249446041401,82.747927532561,83.246409023721,83.744890514881,
    84.243372006041,84.741853497201,85.240334988361,85.738816479521,
    86.237297970681,86.735779461841,87.234260953001,87.732742444161,
    88.231223935321,88.729705426481,89.228186917641,89.726668408801,
    90.225149899961,90.723631391121,91.222112882281,91.720594373441,
    92.219075864601,92.717557355761,93.216038846921,93.714520338081,
    94.213001829241,94.711483320401,95.209964811561,95.708446302721,
    96.206927793881,96.705409285041,97.203890776201,97.702372267361,
    98.200853758521,98.699335249681,99.197816740841,99.696298232001,
    100.19477972316,100.69326121432,101.19174270548,101.69022419664,
    102.1887056878,102.68718717896,103.18566867012,103.68415016128,
    104.18263165244,104.6811131436,105.17959463476,105.67807612592,
    106.17655761708,106.67503910824,107.1735205994,107.67200209056,
    108.17048358172,108.66896507288,109.16744656404,109.6659280552,
    110.16440954636,110.66289103752,111.16137252868,111.65985401984,
    112.158335511,112.65681700216,113.15529849332,113.65377998448,
    114.15226147564,114.6507429668,115.14922445796,115.64770594912,
    116.14618744028,116.64466893144,117.1431504226,117.64163191376,
    118.14011340492,118.63859489608,119.13707638724,119.6355578784,
    120.13403936956,120.63252086072,121.13100235188,121.62948384304,
    122.1279653342,122.62644682536,123.12492831652,123.62340980768,
    124.12189129884,124.62037279,125.11885428116,125.61733577232,
    126.11581726348,126.61429875464,127.1127802458,127.61126173696,
    128.10974322812,128.60822471928,129.10670621044,129.6051877016,
    130.10366919276,130.60215068392,131.10063217508,131.59911366624,
    132.0975951574,132.59607664856,133.09455813972,133.59303963088,
    134.09152112204,134.5900026132,135.08848410436,135.58696559552,
    136.08544708668,136.58392857784,137.082410069,137.58089156016,
    138.07937305132,138.57785454248,139.07633603364,139.5748175248,
    140.07329901596,140.57178050712,141.07026199828,141.56874348944,
    142.0672249806,142.56570647176,143.06418796292,143.56266945408,
    144.06115094524,144.5596324364,145.05811392756,145.55659541872,
    146.05507690988,146.55355840104,147.0520398922,147.55052138336,
    148.04900287452,148.54748436568,149.04596585684,149.544447348,
    150.04292883916,150.54141033032,151.03989182148,151.53837331264,
    152.0368548038,152.53533629496,153.03381778612,153.53229927728,
    154.03078076844,154.5292622596,155.02774375076,155.52622524192,
    156.02470673308,156.52318822424,157.0216697154,157.52015120656,
    158.01863269772,158.51711418888,159.01559568004,159.5140771712,
    160.01255866236,160.51104015352,161.00952164468,161.50800313584,
    162.006484627,162.50496611816,163.00344760932,163.50192910048,
    164.00041059164,164.4988920828,164.99737357396,165.49585506512,
    165.99433655628,166.49281804744,166.9912995386,167.48978102976,
    167.98826252092,168.48674401208,168.98522550324,169.4837069944,
    169.98218848556,170.48066997672,170.97915146788,171.47763295904,
    171.9761144502,172.47459594136,172.97307743252,173.47155892368,
    173.97004041484,174.468521906,174.96700339716,175.46548488832,
    175.96396637948,176.46244787064,176.9609293618,177.45941085296,
    177.95789234412,178.45637383528,178.95485532644,179.4533368176,
    179.95181830876,180.45029979992,180.94878129108,181.44726278224,
    181.9457442734,182.44422576456,182.94270725572,183.44118874688,
    183.93967023804,184.4381517292,184.93663322036,185.43511471152,
    185.93359620268,186.43207769384,186.930559185,187.42904067616,
    187.92752216732,188.42600365848,188.92448514964,189.4229666408,
    189.92144813196,190.41992962312,190.91841111428,191.41689260544,
    191.9153740966,192.41385558776,192.91233707892,193.41081857008,
    193.90930006124,194.4077815524,194.90626304356,195.40474453472,
    195.90322602588,196.40170751704,196.9001890082,197.39867049936,
    197.89715199052,198.39563348168,198.89411497284,199.392596464,
    199.89107795516,200.38955944632,200.88804093748,201.38652242864,
    201.8850039198,202.38348541096,202.88196690212,203.38044839328,
    203.87892988444,204.3774113756,204.87589286676,205.37437435792,
    205.87285584908,206.37133734024,206.8698188314,207.36830032256,
    207.86678181372,208.36526330488,208.86374479604,209.3622262872,
    209.86070777836,210.35918926952,210.85767076068,211.35615225184,
    211.854633743,212.35311523416,212.85159672532,213.35007821648,
    213.84855970764,214.3470411988,214.84552268996,215.34400418112,
    215.84248567228,216.34096716344,216.8394486546,217.33793014576,
    217.83641163692,218.33489312808,218.83337461924,219.3318561104,
    219.83033760156,220.32881909272,220.82730058388,221.32578207504,
    221.8242635662,222.32274505736,222.82122654852,223.31970803968,
    223.81818953084,224.316671022,224.81515251316,225.31363400432,
    225.81211549548,226.31059698664,226.8090784778,227.30755996896,
    227.80604146012,228.30452295128,228.80300444244,229.3014859336,
    229.79996742476,230.29844891592,230.79693040708,231.29541189824,
    231.7938933894,232.29237488056,232.79085637172,233.28933786288,
    233.78781935404,234.2863008452,234.78478233636,235.28326382752,
    235.78174531868,236.28022680984,236.778708301,237.27718979216,
    237.77567128332,238.27415277448,238.77263426564,239.2711157568,
    239.76959724796,240.26807873912,240.76656023028,241.26504172144,
    241.7635232126,242.26200470376,242.76048619492,243.25896768608,
    243.75744917724,244.2559306684,244.75441215956,245.25289365072,
    245.75137514188,246.24985663304,246.7483381242,247.24681961536,
    247.74530110652,248.24378259768,248.74226408884,249.24074558,
    249.73922707116,250.23770856232,250.73619005348,251.23467154464,
    251.7331530358,252.23163452696,252.73011601812,253.22859750928,
    253.72707900044,254.2255604916,254.72404198276,255.22252347392,
    255.72100496508,256.21948645624,256.7179679474,257.21644943856,
    257.71493092972,258.21341242088,258.71189391204,259.2103754032,
    259.70885689436,260.20733838552,260.70581987668,261.20430136784,
    261.702782859,262.20126435016,262.69974584132,263.19822733248,
    263.69670882364,264.1951903148,264.69367180596,265.19215329712,
    265.69063478828,266.18911627944,266.6875977706,267.18607926176,
    267.68456075292,268.18304224408,268.68152373524,269.1800052264,
    269.67848671756,270.17696820872),.UNSPECIFIED.);
#527 = CARTESIAN_POINT('',(-22.92041583094,-3.295274514685E-14,
    -21.29885464762));
#528 = CARTESIAN_POINT('',(-22.92041583094,0.380988276928,
    -21.24493014524));
#529 = CARTESIAN_POINT('',(-22.62840405621,1.224493898471,
    -21.42909291521));
#530 = CARTESIAN_POINT('',(-21.50530449947,1.501526663799,
    -22.39041896482));
#531 = CARTESIAN_POINT('',(-20.64146354547,0.308871169589,
    -23.09248641168));
#532 = CARTESIAN_POINT('',(-20.87364780086,-1.38881791686,
    -22.69852864917));
#533 = CARTESIAN_POINT('',(-22.0606322837,-1.968175727139,
    -21.34977065919));
#534 = CARTESIAN_POINT('',(-23.0772628384,-0.686450299983,
    -20.17136659735));
#535 = CARTESIAN_POINT('',(-22.81331561677,1.43943337085,-20.27354031184
    ));
#536 = CARTESIAN_POINT('',(-21.28551779762,2.423706584022,
    -21.63956462386));
#537 = CARTESIAN_POINT('',(-19.76033901472,1.164366541455,
    -23.00296989962));
#538 = CARTESIAN_POINT('',(-19.6474739107,-1.363738156079,
    -22.95406149651));
#539 = CARTESIAN_POINT('',(-21.12952352479,-2.839186362307,
    -21.31023837529));
#540 = CARTESIAN_POINT('',(-22.85477395324,-1.725365053468,
    -19.4232144397));
#541 = CARTESIAN_POINT('',(-23.10244181759,1.152963256748,
    -19.01377306822));
#542 = CARTESIAN_POINT('',(-21.41945209873,3.186792823265,
    -20.53498927994));
#543 = CARTESIAN_POINT('',(-19.17428222917,2.347548490112,
    -22.61838564237));
#544 = CARTESIAN_POINT('',(-18.39382717305,-0.803617151402,
    -23.23706719135));
#545 = CARTESIAN_POINT('',(-19.86624312424,-3.440399079739,
    -21.60287773303));
#546 = CARTESIAN_POINT('',(-22.28452727313,-3.005318107299,-19.022820077
    ));
#547 = CARTESIAN_POINT('',(-23.33803157683,0.317876674572,
    -17.80754226617));
#548 = CARTESIAN_POINT('',(-21.84854432485,3.576513815624,
    -19.13525601101));
#549 = CARTESIAN_POINT('',(-18.97647805982,3.670249395483,
    -21.84554876891));
#550 = CARTESIAN_POINT('',(-17.27644668701,0.296313730388,
    -23.38380663458));
#551 = CARTESIAN_POINT('',(-18.35917257683,-3.575206217305,
    -22.13930723763));
#552 = CARTESIAN_POINT('',(-21.29963205321,-4.3120479871,-19.03707425411
    ));
#553 = CARTESIAN_POINT('',(-23.35585127299,-1.025349736966,
    -16.8190815272));
#554 = CARTESIAN_POINT('',(-22.45718309964,3.4209379766,-17.55597619341)
  );
#555 = CARTESIAN_POINT('',(-19.20422423291,4.899582604551,
    -20.64716155301));
#556 = CARTESIAN_POINT('',(-16.45411235851,1.850267139723,
    -23.23549992027));
#557 = CARTESIAN_POINT('',(-16.74776867364,-3.10326677689,
    -22.78007009801));
#558 = CARTESIAN_POINT('',(-19.89465158794,-5.40196949382,
    -19.47141367657));
#559 = CARTESIAN_POINT('',(-23.00854782625,-2.747221832896,
    -16.19574393112));
#560 = CARTESIAN_POINT('',(-23.08619724911,2.617389295925,
    -15.95632100113));
#561 = CARTESIAN_POINT('',(-19.83003392051,5.789688960557,
    -19.05071082259));
#562 = CARTESIAN_POINT('',(-16.05668264034,3.688112490791,
    -22.66228859564));
#563 = CARTESIAN_POINT('',(-15.20669110457,-1.964457316053,
    -23.35050662427));
#564 = CARTESIAN_POINT('',(-18.12875893277,-6.035787007638,
    -20.26666528893));
#565 = CARTESIAN_POINT('',(-22.19181745776,-4.641172667778,
    -16.04183325681));
#566 = CARTESIAN_POINT('',(-23.31935056835,0.185946280249,
    -14.77948889027));
#567 = CARTESIAN_POINT('',(-22.16256251965,3.637230496238,
    -15.82842793422));
#568 = CARTESIAN_POINT('',(-19.98726299655,6.022394652069,
    -17.89587845255));
#569 = CARTESIAN_POINT('',(-16.93955408956,5.660630948399,-20.8357383548
    ));
#570 = CARTESIAN_POINT('',(-15.03592309899,2.693072712365,-22.6315203406
    ));
#571 = CARTESIAN_POINT('',(-14.29514546948,-1.164533777798,
    -23.26444896536));
#572 = CARTESIAN_POINT('',(-16.12557696078,-6.010840995514,
    -21.29920621811));
#573 = CARTESIAN_POINT('',(-20.84960438714,-6.449761764935,
    -16.41340528462));
#574 = CARTESIAN_POINT('',(-23.19696787924,-1.815940961281,
    -13.93123053657));
#575 = CARTESIAN_POINT('',(-22.76457622537,2.412083434867,
    -14.25577318568));
#576 = CARTESIAN_POINT('',(-20.99801461893,5.956147729501,
    -15.91448578737));
#577 = CARTESIAN_POINT('',(-16.79935607463,7.237437744577,
    -19.97833307572));
#578 = CARTESIAN_POINT('',(-13.68762281409,2.931213697741,
    -22.95525508032));
#579 = CARTESIAN_POINT('',(-13.55996292194,-1.56333548379,
    -22.97506596771));
#580 = CARTESIAN_POINT('',(-14.90039396914,-5.640051782914,
    -21.52678591576));
#581 = CARTESIAN_POINT('',(-18.98814639503,-7.896292880263,
    -17.30422223391));
#582 = CARTESIAN_POINT('',(-23.30255778296,-3.319100416384,
    -12.82803733886));
#583 = CARTESIAN_POINT('',(-22.94559048531,3.161863809691,
    -13.05019338055));
#584 = CARTESIAN_POINT('',(-20.39495374937,6.45369067833,-15.49298111174
    ));
#585 = CARTESIAN_POINT('',(-17.8843654164,7.396662396264,-17.92268269114
    ));
#586 = CARTESIAN_POINT('',(-15.32177804637,6.533767271388,-20.4043833076
    ));
#587 = CARTESIAN_POINT('',(-13.34465275443,4.045058264331,
    -22.30062184598));
#588 = CARTESIAN_POINT('',(-12.4467790303,0.548481559076,-23.11760881654
    ));
#589 = CARTESIAN_POINT('',(-12.94230231277,-4.430200561666,
    -22.51423652932));
#590 = CARTESIAN_POINT('',(-15.95545802245,-7.813422264054,
    -19.39323181488));
#591 = CARTESIAN_POINT('',(-19.53451031413,-7.32032987057,
    -15.70633051844));
#592 = CARTESIAN_POINT('',(-21.76081465135,-5.197825267543,
    -13.39913942766));
#593 = CARTESIAN_POINT('',(-23.01362010282,-1.739005956301,
    -12.06544722261));
#594 = CARTESIAN_POINT('',(-22.93352027016,2.183335020975,-12.0646603017
    ));
#595 = CARTESIAN_POINT('',(-21.52477411455,5.637277538969,
    -13.39251970375));
#596 = CARTESIAN_POINT('',(-19.09551742907,7.755541851681,
    -15.74088963566));
#597 = CARTESIAN_POINT('',(-16.22091590754,8.005157514557,
    -18.53460440362));
#598 = CARTESIAN_POINT('',(-13.5876658543,6.293769887728,-21.0869677033)
  );
#599 = CARTESIAN_POINT('',(-11.83663939808,3.014459075368,
    -22.75710740596));
#600 = CARTESIAN_POINT('',(-11.39973602849,-1.051983220822,
    -23.11312402197));
#601 = CARTESIAN_POINT('',(-12.3935067949,-4.918756128234,-22.038466502)
  );
#602 = CARTESIAN_POINT('',(-14.58456515945,-7.634690330299,
    -19.76652138388));
#603 = CARTESIAN_POINT('',(-17.44263970647,-8.51704284557,
    -16.82756008329));
#604 = CARTESIAN_POINT('',(-20.26613264927,-7.323564327459,
    -13.92318038692));
#605 = CARTESIAN_POINT('',(-22.35213839289,-4.317827989663,
    -11.75628788973));
#606 = CARTESIAN_POINT('',(-23.16884250937,-0.21179827416,
    -10.85869701969));
#607 = CARTESIAN_POINT('',(-22.48848589271,4.002774347349,
    -11.45816688278));
#608 = CARTESIAN_POINT('',(-20.4474271109,7.293833952378,-13.41833891102
    ));
#609 = CARTESIAN_POINT('',(-17.51768871748,8.841762898797,
    -16.26719055088));
#610 = CARTESIAN_POINT('',(-14.39569138446,8.243383424392,
    -19.30830113033));
#611 = CARTESIAN_POINT('',(-11.83441257548,5.616525883053,
    -21.78869318574));
#612 = CARTESIAN_POINT('',(-10.45939712923,1.578114217138,
    -23.08282187843));
#613 = CARTESIAN_POINT('',(-10.61358698846,-2.900527082255,
    -22.84774526563));
#614 = CARTESIAN_POINT('',(-12.26944190305,-6.727265356519,
    -21.11100359747));
#615 = CARTESIAN_POINT('',(-15.03081636215,-8.955478662678,
    -18.2687423848));
#616 = CARTESIAN_POINT('',(-18.22530893555,-9.018161451368,
    -14.99336305784));
#617 = CARTESIAN_POINT('',(-21.06559808847,-6.871934478241,
    -12.07218715135));
#618 = CARTESIAN_POINT('',(-22.84106113246,-3.014447276313,
    -10.21583735379));
#619 = CARTESIAN_POINT('',(-23.09304016428,1.63072849993,-9.882971568405
    ));
#620 = CARTESIAN_POINT('',(-21.73053531971,5.935163043382,-11.1645896594
    ));
#621 = CARTESIAN_POINT('',(-19.05717861225,8.839691369658,-13.7570596133
    ));
#622 = CARTESIAN_POINT('',(-15.70174879878,9.615004358701,-17.0316026732
    ));
#623 = CARTESIAN_POINT('',(-12.468064581,8.04460098396,-20.18440013741)
  );
#624 = CARTESIAN_POINT('',(-10.14007714275,4.484247645534,-22.4315008221
    ));
#625 = CARTESIAN_POINT('',(-9.289421927703,-0.218173637681,
    -23.20126928358));
#626 = CARTESIAN_POINT('',(-10.13266932766,-4.924486902902,
    -22.27713513005));
#627 = CARTESIAN_POINT('',(-12.47389879056,-8.481698367237,
    -19.85501891358));
#628 = CARTESIAN_POINT('',(-15.74772069046,-10.00445476133,
    -16.50031026012));
#629 = CARTESIAN_POINT('',(-19.1534097661,-9.095290681834,-13.0137344309
    ));
#630 = CARTESIAN_POINT('',(-21.84834953135,-5.947900213345,
    -10.23790791209));
#631 = CARTESIAN_POINT('',(-23.15405667824,-1.306707709618,
    -8.851314011637));
#632 = CARTESIAN_POINT('',(-22.7244124296,3.709056192722,-9.200071506708
    ));
#633 = CARTESIAN_POINT('',(-20.63440170373,7.87523567895,-11.20919547901
    ));
#634 = CARTESIAN_POINT('',(-17.36666734626,10.161516968381,
    -14.39604308291));
#635 = CARTESIAN_POINT('',(-13.69798263944,9.986165134811,
    -17.98384103617));
#636 = CARTESIAN_POINT('',(-10.51231394171,7.363764259116,
    -21.08862298032));
#637 = CARTESIAN_POINT('',(-8.58545583132,2.908505291016,-22.93459433715
    ));
#638 = CARTESIAN_POINT('',(-8.393709043657,-2.309442662476,
    -23.04545437125));
#639 = CARTESIAN_POINT('',(-9.993775854276,-7.020945799398,
    -21.36450080706));
#640 = CARTESIAN_POINT('',(-13.00412192406,-10.06659017804,
    -18.27326798371));
#641 = CARTESIAN_POINT('',(-16.69351823067,-10.68195772008,
    -14.50298492353));
#642 = CARTESIAN_POINT('',(-20.15626416135,-8.68930923066,
    -10.95935223928));
#643 = CARTESIAN_POINT('',(-22.5321136707,-4.547650204982,-8.50261597637
    ));
#644 = CARTESIAN_POINT('',(-23.21750135886,0.752662450269,
    -7.736341534642));
#645 = CARTESIAN_POINT('',(-22.01620772417,5.926660210474,
    -8.856748415758));
#646 = CARTESIAN_POINT('',(-19.19187725228,9.70627641422,-11.60019213408
    ));
#647 = CARTESIAN_POINT('',(-15.4084484597,11.151114732093,
    -15.30273417309));
#648 = CARTESIAN_POINT('',(-11.57187548475,9.882315397429,
    -19.05842039447));
#649 = CARTESIAN_POINT('',(-8.610857200806,6.181385734839,
    -21.93855192486));
#650 = CARTESIAN_POINT('',(-7.249643018297,0.928329539712,-23.2188793538
    ));
#651 = CARTESIAN_POINT('',(-7.828494039356,-4.60748331513,
    -22.55914157917));
#652 = CARTESIAN_POINT('',(-10.21629183671,-9.074036734517,
    -20.09045702824));
#653 = CARTESIAN_POINT('',(-13.83767844941,-11.36686839711,
    -16.38818366198));
#654 = CARTESIAN_POINT('',(-17.80928358511,-10.9021068245,
    -12.33569177271));
#655 = CARTESIAN_POINT('',(-21.15280973532,-7.764863519293,
    -8.91127886894));
#656 = CARTESIAN_POINT('',(-23.03357929674,-2.695333744503,
    -6.949622553945));
#657 = CARTESIAN_POINT('',(-22.96637680418,3.085669962631,
    -6.935938292944));
#658 = CARTESIAN_POINT('',(-20.93783165143,8.170672842028,
    -8.883596692121));
#659 = CARTESIAN_POINT('',(-17.41451144723,11.308209367391,
    -12.32603014275));
#660 = CARTESIAN_POINT('',(-13.2335784678,11.710782462479,
    -16.42607636862));
#661 = CARTESIAN_POINT('',(-9.401596680087,9.252337332214,
    -20.17717140277));
#662 = CARTESIAN_POINT('',(-6.849833701299,4.505773999931,
    -22.64804762799));
#663 = CARTESIAN_POINT('',(-6.205544279118,-1.390294356247,
    -23.2114502966));
#664 = CARTESIAN_POINT('',(-7.635402806894,-7.004615625946,
    -21.70070501526));
#665 = CARTESIAN_POINT('',(-10.800140972,-10.96072835958,-18.45508009658
    ));
#666 = CARTESIAN_POINT('',(-14.93259836233,-12.27441044095,
    -14.24173595268));
#667 = CARTESIAN_POINT('',(-19.02129028516,-10.59842339503,
    -10.07215727629));
#668 = CARTESIAN_POINT('',(-22.05558117774,-6.313719822594,
    -6.956979630138));
#669 = CARTESIAN_POINT('',(-23.27303710851,-0.443286081857,
    -5.658636945799));
#670 = CARTESIAN_POINT('',(-22.34841987255,5.592007137448,
    -6.502367428194));
#671 = CARTESIAN_POINT('',(-19.47748978698,10.31729957586,
    -9.292410760204));
#672 = CARTESIAN_POINT('',(-15.33409043217,12.564150895823,
    -13.35492336144));
#673 = CARTESIAN_POINT('',(-10.90980912963,11.759393590111,
    -17.69831791041));
#674 = CARTESIAN_POINT('',(-7.274345683545,8.071038447259,
    -21.25289460293));
#675 = CARTESIAN_POINT('',(-5.31449678514,2.374162521891,-23.13185674777
    ));
#676 = CARTESIAN_POINT('',(-5.515445622032,-3.956567951915,
    -22.85002115731));
#677 = CARTESIAN_POINT('',(-7.838287807802,-9.378582327781,
    -20.44629221797));
#678 = CARTESIAN_POINT('',(-11.72466986235,-12.55727386079,
    -16.47902340986));
#679 = CARTESIAN_POINT('',(-16.22858688035,-12.6944662655,
    -11.89421963828));
#680 = CARTESIAN_POINT('',(-20.24425897392,-9.728647991599,
    -7.797660791156));
#681 = CARTESIAN_POINT('',(-22.77520084476,-4.356787204578,
    -5.185832166739));
#682 = CARTESIAN_POINT('',(-23.17901175283,2.129247636036,
    -4.701134505104));
#683 = CARTESIAN_POINT('',(-21.32775754733,8.153321782277,-6.47150195704
    ));
#684 = CARTESIAN_POINT('',(-17.64392904842,12.238040894574,
    -10.07444370238));
#685 = CARTESIAN_POINT('',(-13.00205169818,13.367058580053,
    -14.63543429905));
#686 = CARTESIAN_POINT('',(-8.518813212393,11.237839667045,
    -19.03778603127));
#687 = CARTESIAN_POINT('',(-5.282065205556,6.342046238572,
    -22.19364728454));
#688 = CARTESIAN_POINT('',(-4.084464272889,-0.147661977441,
    -23.31036146364));
#689 = CARTESIAN_POINT('',(-5.226967787365,-6.658434855989,
    -22.0869711956));
#690 = CARTESIAN_POINT('',(-8.440882722436,-11.59842215336,
    -18.79216950696));
#691 = CARTESIAN_POINT('',(-12.94858416751,-13.74596456709,
    -14.20358130831));
#692 = CARTESIAN_POINT('',(-17.64926391541,-12.55163431186,
    -9.422014806854));
#693 = CARTESIAN_POINT('',(-21.38535584277,-8.278467484958,
    -5.605036125924));
#694 = CARTESIAN_POINT('',(-23.22515794813,-1.944673412639,
    -3.684347266998));
#695 = CARTESIAN_POINT('',(-22.6926490111,4.91887286986,-4.135969450463)
  );
#696 = CARTESIAN_POINT('',(-19.88782258316,10.638624485941,
    -6.85990912483));
#697 = CARTESIAN_POINT('',(-15.4671610862,13.806424305466,
    -11.19968386822));
#698 = CARTESIAN_POINT('',(-10.48783143764,13.626136774774,
    -16.09812676321));
#699 = CARTESIAN_POINT('',(-6.152555568274,10.113534004636,
    -20.35251587902));
#700 = CARTESIAN_POINT('',(-3.516722616161,4.099297706821,
    -22.90746207756));
#701 = CARTESIAN_POINT('',(-3.229067045779,-2.967258497795,
    -23.11423089438));
#702 = CARTESIAN_POINT('',(-5.369625480505,-9.367410735258,
    -20.89278570608));
#703 = CARTESIAN_POINT('',(-9.42542136466,-13.53105176009,
    -16.75610306836));
#704 = CARTESIAN_POINT('',(-14.41097232216,-14.42185088614,
    -11.68966535729));
#705 = CARTESIAN_POINT('',(-19.10534762074,-11.79506997031,
    -6.914403305148));
#706 = CARTESIAN_POINT('',(-22.34875954529,-6.263926761097,
    -3.590104627024));
#707 = CARTESIAN_POINT('',(-23.32664026115,0.843300647483,
    -2.531337157595));
#708 = CARTESIAN_POINT('',(-21.77162557189,7.802195663931,
    -4.005465093291));
#709 = CARTESIAN_POINT('',(-18.03337791931,12.91059194971,
    -7.662825992303));
#710 = CARTESIAN_POINT('',(-12.99809857769,14.904917955679,
    -12.61721858035));
#711 = CARTESIAN_POINT('',(-7.876195434766,13.272663196358,
    -17.65823496971));
#712 = CARTESIAN_POINT('',(-3.908968093947,8.383716344974,
    -21.54457555697));
#713 = CARTESIAN_POINT('',(-2.065387166829,1.407002962646,
    -23.30726973052));
#714 = CARTESIAN_POINT('',(-2.803036546807,-5.968909651723,
    -22.48873359697));
#715 = CARTESIAN_POINT('',(-5.952186573312,-11.94448204795,
    -19.2586968169));
#716 = CARTESIAN_POINT('',(-10.75232219723,-15.04824294245,
    -14.37767443941));
#717 = CARTESIAN_POINT('',(-16.03339944302,-14.49908660426,
    -9.015710440059));
#718 = CARTESIAN_POINT('',(-20.49864999357,-10.40263629792,
    -4.469573135936));
#719 = CARTESIAN_POINT('',(-23.04058212101,-3.732359782441,
    -1.846754254934));
#720 = CARTESIAN_POINT('',(-23.01317389632,3.901627395681,
    -1.793275726052));
#721 = CARTESIAN_POINT('',(-20.39336687712,10.641195734762,
    -4.332195991683));
#722 = CARTESIAN_POINT('',(-15.791517948,14.832474638481,-8.853158167234
    ));
#723 = CARTESIAN_POINT('',(-10.30708760697,15.431680083641,
    -14.25670175469));
#724 = CARTESIAN_POINT('',(-5.2636560877,12.264921494268,-19.2192465204)
  );
#725 = CARTESIAN_POINT('',(-1.887125615262,6.07735153744,-22.51489023927
    ));
#726 = CARTESIAN_POINT('',(-1.005346345687,-1.641965121909,
    -23.31578275528));
#727 = CARTESIAN_POINT('',(-2.842761193305,-9.018355475433,
    -21.3974811541));
#728 = CARTESIAN_POINT('',(-6.960991505809,-14.24680935031,
    -17.19836408802));
#729 = CARTESIAN_POINT('',(-12.36098950003,-16.03365436716,
    -11.71747934023));
#730 = CARTESIAN_POINT('',(-17.7230005909,-13.91656262579,
    -6.274581495797));
#731 = CARTESIAN_POINT('',(-21.7267089768,-8.383751818089,
    -2.189986356333));
#732 = CARTESIAN_POINT('',(-23.37390652949,-0.76174387215,
    -0.461902050077));
#733 = CARTESIAN_POINT('',(-22.23483003169,7.102603282454,
    -1.520091794307));
#734 = CARTESIAN_POINT('',(-18.55738732761,13.289591585874,
    -5.116647744815));
#735 = CARTESIAN_POINT('',(-13.21156197622,16.275279727156,
    -10.38158634263));
#736 = CARTESIAN_POINT('',(-7.481373460206,15.306797869853,
    -16.03088810509));
#737 = CARTESIAN_POINT('',(-2.754125939457,10.591960892486,
    -20.67724887227));
#738 = CARTESIAN_POINT('',(-0.182149438253,3.255479351448,
    -23.16833861991));
#739 = CARTESIAN_POINT('',(-0.399508995851,-4.929226763882,
    -22.87009230874));
#740 = CARTESIAN_POINT('',(-3.363319525088,-11.96869006458,
    -19.82539502594));
#741 = CARTESIAN_POINT('',(-8.359349868851,-16.13492450618,
    -14.74847792861));
#742 = CARTESIAN_POINT('',(-14.17172848008,-16.38956556848,
    -8.855212563811));
#743 = CARTESIAN_POINT('',(-19.3764514387,-12.64252261278,
    -3.569602851621));
#744 = CARTESIAN_POINT('',(-22.68784556906,-5.780748086539,
    -0.177321967697));
#745 = CARTESIAN_POINT('',(-23.2736914692,2.541543721706,0.489410686014)
  );
#746 = CARTESIAN_POINT('',(-20.9617725015,10.301632854307,
    -1.741621528121));
#747 = CARTESIAN_POINT('',(-16.28660548881,15.599911674703,
    -6.335901787242));
#748 = CARTESIAN_POINT('',(-10.36380752418,17.12487814278,-12.1778129983
    ));
#749 = CARTESIAN_POINT('',(-4.621590622333,14.477685269217,
    -17.83914314658));
#750 = CARTESIAN_POINT('',(-0.453999604116,8.275954328588,
    -21.92584741123));
#751 = CARTESIAN_POINT('',(1.119915319848,9.944932298054E-03,
    -23.41887558163));
#752 = CARTESIAN_POINT('',(-0.292335283404,-8.315491464832,
    -21.92573822481));
#753 = CARTESIAN_POINT('',(-4.356465263351,-14.66716569748,
    -17.7807214913));
#754 = CARTESIAN_POINT('',(-10.08808135871,-17.48007862254,
    -11.96821864237));
#755 = CARTESIAN_POINT('',(-16.08871685829,-16.04296617933,
    -5.886696389219));
#756 = CARTESIAN_POINT('',(-20.88464808904,-10.67789474034,
    -1.009878404909));
#757 = CARTESIAN_POINT('',(-23.28640795177,-2.668617798343,
    1.472768211396));
#758 = CARTESIAN_POINT('',(-22.68129398392,6.046510145637,0.94854099711)
  );
#759 = CARTESIAN_POINT('',(-19.18694640443,13.343626896096,
    -2.464919828811));
#760 = CARTESIAN_POINT('',(-13.62753319415,17.430943371942,
    -7.943446285522));
#761 = CARTESIAN_POINT('',(-7.337166073331,17.288678755108,
    -14.15292665278));
#762 = CARTESIAN_POINT('',(-1.837417986588,12.923341658991,
    -19.57178798595));
#763 = CARTESIAN_POINT('',(1.533110858827,5.372988922422,-22.8614300778)
  );
#764 = CARTESIAN_POINT('',(1.946994550773,-3.539483283471,
    -23.19442701618));
#765 = CARTESIAN_POINT('',(-0.706514358967,-11.64641610156,
    -20.46003135287));
#766 = CARTESIAN_POINT('',(-5.789697690027,-16.96259779787,
    -15.29596126824));
#767 = CARTESIAN_POINT('',(-12.06721420681,-18.17138081147,
    -8.937557997894));
#768 = CARTESIAN_POINT('',(-18.0039222932,-14.95067538817,
    -2.919963157936));
#769 = CARTESIAN_POINT('',(-22.13788855429,-8.058129197366,
    1.294889856727));
#770 = CARTESIAN_POINT('',(-23.43794898816,0.846890502061,2.67583704416)
  );
#771 = CARTESIAN_POINT('',(-21.55837215459,9.602738566138,0.877146964161
    ));
#772 = CARTESIAN_POINT('',(-16.92774427778,16.070215973003,
    -3.672594159086));
#773 = CARTESIAN_POINT('',(-10.64928955737,18.655203986457,
    -9.870162125929));
#774 = CARTESIAN_POINT('',(-4.235758964143,16.701524006131,
    -16.20280596559));
#775 = CARTESIAN_POINT('',(0.757415144439,10.657220384346,-21.1150933206
    ));
#776 = CARTESIAN_POINT('',(3.111738957095,1.972194342178,-23.38853037969
    ));
#777 = CARTESIAN_POINT('',(2.245402096799,-7.249522692461,
    -22.44130676583));
#778 = CARTESIAN_POINT('',(-1.64058031481,-14.75948009811,
    -18.47443760065));
#779 = CARTESIAN_POINT('',(-7.606501682212,-18.71302632392,
    -12.42762947968));
#780 = CARTESIAN_POINT('',(-14.19879827488,-18.12236800985,
    -5.754446133449));
#781 = CARTESIAN_POINT('',(-19.80180593972,-13.10320466463,
    -7.055171503754E-02));
#782 = CARTESIAN_POINT('',(-23.03131823202,-4.853397772833,
    3.239847330835));
#783 = CARTESIAN_POINT('',(-23.07407957523,4.632795979495,3.363495427608
    ));
#784 = CARTESIAN_POINT('',(-19.88995359601,13.046781452797,
    0.260256201954));
#785 = CARTESIAN_POINT('',(-14.22653140643,18.327453288901,
    -5.322279234057));
#786 = CARTESIAN_POINT('',(-7.441446528212,19.166067040453,
    -12.02647735871));
#787 = CARTESIAN_POINT('',(-1.174603758361,15.330489271119,
    -18.21243337499));
#788 = CARTESIAN_POINT('',(3.050549976629,7.72851657649,-22.35670035641)
  );
#789 = CARTESIAN_POINT('',(4.199765212584,-1.806807501652,-23.4250288388
    ));
#790 = CARTESIAN_POINT('',(1.98354484595,-10.95915080402,-21.1279217186)
  );
#791 = CARTESIAN_POINT('',(-3.06761701925,-17.49157667598,
    -15.99587309983));
#792 = CARTESIAN_POINT('',(-9.72778752474,-19.79326697402,-9.25481584078
    ));
#793 = CARTESIAN_POINT('',(-16.37073486201,-17.2766633751,
    -2.530981749937));
#794 = CARTESIAN_POINT('',(-21.36460987337,-10.52712939494,
    2.543780014987));
#795 = CARTESIAN_POINT('',(-23.47038216514,-1.167086946385,
    4.730439060326));
#796 = CARTESIAN_POINT('',(-22.14674863489,8.533913004807,3.487692283649
    ));
#797 = CARTESIAN_POINT('',(-17.68648964077,16.209485942356,
    -0.891679956907));
#798 = CARTESIAN_POINT('',(-11.1499635288,19.973647808384,
    -7.347319315311));
#799 = CARTESIAN_POINT('',(-4.110769213432,18.884183095258,
    -14.30562687711));
#800 = CARTESIAN_POINT('',(1.72543099303,13.178312008833,-20.06094033001
    ));
#801 = CARTESIAN_POINT('',(4.936596787478,4.221754371533,-23.19121937089
    ));
#802 = CARTESIAN_POINT('',(4.733197391735,-5.818067552151,
    -22.90693322158));
#803 = CARTESIAN_POINT('',(1.154709570506,-14.49651233301,
    -19.24755864678));
#804 = CARTESIAN_POINT('',(-4.935154303813,-19.68697599241,
    -13.07680801889));
#805 = CARTESIAN_POINT('',(-12.0545037205,-20.10198030596,
    -5.876571848639));
#806 = CARTESIAN_POINT('',(-18.46147349458,-15.6124147336,0.611284679007
    ));
#807 = CARTESIAN_POINT('',(-22.57799215395,-7.285800022677,4.80869009195
    ));
#808 = CARTESIAN_POINT('',(-23.37601908637,2.86740400821,5.687603777937)
  );
#809 = CARTESIAN_POINT('',(-20.63172085716,12.379192628649,
    3.024192302291));
#810 = CARTESIAN_POINT('',(-14.98475860347,18.923929068956,
    -2.541883197832));
#811 = CARTESIAN_POINT('',(-7.787086274962,20.886951875973,
    -9.658668772776));
#812 = CARTESIAN_POINT('',(-0.77696910593,17.762857791181,
    -16.58789918824));
#813 = CARTESIAN_POINT('',(4.343184320784,10.285234541029,
    -21.62716586138));
#814 = CARTESIAN_POINT('',(6.322646052796,0.254631762538,-23.52574083983
    ));
#815 = CARTESIAN_POINT('',(4.670282478461,-9.894946281548,
    -21.79249051192));
#816 = CARTESIAN_POINT('',(-0.221236915395,-17.68666564138,
    -16.8200843645));
#817 = CARTESIAN_POINT('',(-7.16630387932,-21.20528806146,
    -9.794130647013));
#818 = CARTESIAN_POINT('',(-14.4713390302,-19.56789905065,
    -2.408208742566));
#819 = CARTESIAN_POINT('',(-20.34538004742,-13.14525392387,
    3.546719028229));
#820 = CARTESIAN_POINT('',(-23.33674971247,-3.478297806784,
    6.618975446843));
#821 = CARTESIAN_POINT('',(-22.68933680316,7.091466940996,6.052449291105
    ));
#822 = CARTESIAN_POINT('',(-18.53105494282,15.989119613658,
    1.975054184333));
#823 = CARTESIAN_POINT('',(-11.8475325264,21.033601977219,
    -4.627581478525));
#824 = CARTESIAN_POINT('',(-4.246263593644,20.97232820676,
    -12.14796365771));
#825 = CARTESIAN_POINT('',(2.432360976066,15.792089623629,
    -18.74570147386));
#826 = CARTESIAN_POINT('',(6.563025515272,6.729113680919,-22.79547925949
    ));
#827 = CARTESIAN_POINT('',(7.133423380645,-4.025836725991,-23.2849903713
    ));
#828 = CARTESIAN_POINT('',(3.994727922093,-13.85700425458,
    -20.06540815918));
#829 = CARTESIAN_POINT('',(-2.09735585336,-20.35982631229,
    -13.89243763016));
#830 = CARTESIAN_POINT('',(-9.662125667666,-21.92904231376,
    -6.246781062291));
#831 = CARTESIAN_POINT('',(-16.8513755554,-18.15488334318,1.023355579013
    ));
#832 = CARTESIAN_POINT('',(-21.89854273198,-9.929580655431,
    6.151409509166));
#833 = CARTESIAN_POINT('',(-23.55035732567,0.763378893626,7.884110856418
    ));
#834 = CARTESIAN_POINT('',(-21.37552541655,11.327518741838,5.79016570087
    ));
#835 = CARTESIAN_POINT('',(-15.87442678763,19.183848653425,
    0.369953825519));
#836 = CARTESIAN_POINT('',(-8.361978090634,22.400459615268,
    -7.061608117917));
#837 = CARTESIAN_POINT('',(-0.651039535618,20.167539436484,
    -14.69165991936));
#838 = CARTESIAN_POINT('',(5.387417483819,13.001024808837,
    -20.64923018523));
#839 = CARTESIAN_POINT('',(8.280671668897,2.623728412653,-23.46159761674
    ));
#840 = CARTESIAN_POINT('',(7.315828370834,-8.448757276967,
    -22.41586756511));
#841 = CARTESIAN_POINT('',(2.717845328187,-17.51786281324,-17.7369977689
    ));
#842 = CARTESIAN_POINT('',(-4.400420753042,-22.35973177521,
    -10.5378449341));
#843 = CARTESIAN_POINT('',(-12.30515656547,-21.77050734346,
    -2.552222368103));
#844 = CARTESIAN_POINT('',(-19.06150541203,-15.86551927434,
    4.285013232021));
#845 = CARTESIAN_POINT('',(-23.00475470489,-6.058048053494,
    8.309149278455));
#846 = CARTESIAN_POINT('',(-23.14805148615,5.278828445148,8.533332813279
    ));
#847 = CARTESIAN_POINT('',(-19.42679365184,15.386420292809,
    4.892961732533));
#848 = CARTESIAN_POINT('',(-12.71919207468,21.791718863015,
    -1.733753091056));
#849 = CARTESIAN_POINT('',(-4.636821427814,22.912447212822,
    -9.735236984361));
#850 = CARTESIAN_POINT('',(2.86490860562,18.447838917763,-17.15608026422
    ));
#851 = CARTESIAN_POINT('',(7.96221443883,9.458654159442,-22.17249934387)
  );
#852 = CARTESIAN_POINT('',(9.408722950251,-1.884700031405,
    -23.53812110172));
#853 = CARTESIAN_POINT('',(6.84261878884,-12.82617327923,-20.89113018674
    ));
#854 = CARTESIAN_POINT('',(0.879475033433,-20.69369668602,
    -14.84709967777));
#855 = CARTESIAN_POINT('',(-7.032987346958,-23.55173379902,
    -6.853750543812));
#856 = CARTESIAN_POINT('',(-14.96397670251,-20.67739887089,
    1.158125565318));
#857 = CARTESIAN_POINT('',(-20.9683818146,-12.74303630548,7.243417430969
    ));
#858 = CARTESIAN_POINT('',(-23.56139579464,-1.659208193895,
    9.917318164578));
#859 = CARTESIAN_POINT('',(-22.08320121516,9.885308214106,8.520010338668
    ));
#860 = CARTESIAN_POINT('',(-16.86415312326,19.075772180694,
    3.381849000334));
#861 = CARTESIAN_POINT('',(-9.149138954443,23.657756832655,
    -4.252278414922));
#862 = CARTESIAN_POINT('',(-0.798365713985,22.49012768838,
    -12.52216490181));
#863 = CARTESIAN_POINT('',(6.163520192913,15.82909284938,-19.40316405514
    ));
#864 = CARTESIAN_POINT('',(10.04069722912,5.272654333523,-23.19945433778
    ));
#865 = CARTESIAN_POINT('',(9.881643325336,-6.622676778599,
    -22.95951368043));
#866 = CARTESIAN_POINT('',(5.715034385782,-16.96098942962,-18.7120179873
    ));
#867 = CARTESIAN_POINT('',(-1.452396973207,-23.21198029886,
    -11.46369987475));
#868 = CARTESIAN_POINT('',(-9.876698763237,-23.83022647535,
    -2.958511331156));
#869 = CARTESIAN_POINT('',(-17.49863568927,-18.63716546064,
    4.744312348446));
#870 = CARTESIAN_POINT('',(-22.44464329142,-8.871391214421,
    9.771206704171));
#871 = CARTESIAN_POINT('',(-23.48493210736,3.106638932809,
    10.892382273677));
#872 = CARTESIAN_POINT('',(-20.33673345768,14.385116304378,
    7.825070377559));
#873 = CARTESIAN_POINT('',(-13.73792406197,22.208728328564,1.30714773542
    ));
#874 = CARTESIAN_POINT('',(-5.271941429338,24.651767156011,
    -7.07794814365));
#875 = CARTESIAN_POINT('',(3.014493060112,21.092064789529,
    -15.28349587953));
#876 = CARTESIAN_POINT('',(9.108559334648,12.369129093846,-21.2966754005
    ));
#877 = CARTESIAN_POINT('',(11.522657349828,0.586359779341,
    -23.62988666211));
#878 = CARTESIAN_POINT('',(9.65993207543,-11.39610956538,-21.68627463414
    ));
#879 = CARTESIAN_POINT('',(3.964198041505,-20.6556715973,-15.90965384665
    ));
#880 = CARTESIAN_POINT('',(-4.183359830614,-24.92008609529,
    -7.681209220969));
#881 = CARTESIAN_POINT('',(-12.79671604903,-23.12503637141,
    1.013033751024));
#882 = CARTESIAN_POINT('',(-19.76671567972,-15.67959852875,
    8.063920135278));
#883 = CARTESIAN_POINT('',(-23.37512896179,-4.373447286362,
    11.753220170913));
#884 = CARTESIAN_POINT('',(-22.71576149693,8.05326428999,11.174739459622
    ));
#885 = CARTESIAN_POINT('',(-17.91941773194,18.573995096508,
    6.459282448197));
#886 = CARTESIAN_POINT('',(-10.1268918617,24.612933491417,
    -1.252356668479));
#887 = CARTESIAN_POINT('',(-1.215385044607,24.675616275323,-10.082976732
    ));
#888 = CARTESIAN_POINT('',(6.656055523462,18.718664225013,-17.8735305465
    ));
#889 = CARTESIAN_POINT('',(11.57200740817,8.167184472433,-22.70859567764
    ));
#890 = CARTESIAN_POINT('',(12.329164065018,-4.426061547853,
    -23.38486558092));
#891 = CARTESIAN_POINT('',(8.733261347413,-15.99823572897,
    -19.70807610975));
#892 = CARTESIAN_POINT('',(1.651183888846,-23.72134424154,
    -12.54511189762));
#893 = CARTESIAN_POINT('',(-7.195604943504,-25.69332769697,
    -3.617436311702));
#894 = CARTESIAN_POINT('',(-15.64710838786,-21.40643836123,
    4.914953886228));
#895 = CARTESIAN_POINT('',(-21.62977155433,-11.87758336892,
    10.978503806261));
#896 = CARTESIAN_POINT('',(-23.66279452813,0.592736097067,
    13.092413533629));
#897 = CARTESIAN_POINT('',(-21.22215492694,12.975786205361,
    10.732660686003));
#898 = CARTESIAN_POINT('',(-14.87286172795,22.250202231327,
    4.464254240587));
#899 = CARTESIAN_POINT('',(-6.136104333422,26.139172648076,
    -4.191616400379));
#900 = CARTESIAN_POINT('',(2.877504255275,23.669340809354,-13.1243382355
    ));
#901 = CARTESIAN_POINT('',(9.980173474367,15.414237486989,
    -20.14612070103));
#902 = CARTESIAN_POINT('',(13.440349246878,3.361406666179,
    -23.52540971997));
#903 = CARTESIAN_POINT('',(12.407242622063,-9.566069986301,
    -22.41141634159));
#904 = CARTESIAN_POINT('',(7.122396009269,-20.21847707172,
    -17.04568297523));
#905 = CARTESIAN_POINT('',(-1.134299498355,-25.98687705093,
    -8.708100714042));
#906 = CARTESIAN_POINT('',(-10.35216659187,-25.44205389882,
    0.590653133046));
#907 = CARTESIAN_POINT('',(-18.27698775054,-18.68851394961,
    8.596361045282));
#908 = CARTESIAN_POINT('',(-22.95986302717,-7.345888401823,
    13.360123075486));
#909 = CARTESIAN_POINT('',(-23.23404352374,5.839400322376,
    13.715190325619));
#910 = CARTESIAN_POINT('',(-19.00307788737,17.659120040617,
    9.565111442817));
#911 = CARTESIAN_POINT('',(-11.26912463048,25.223852829059,
    1.912044939495));
#912 = CARTESIAN_POINT('',(-1.893362144021,26.669320911062,
    -7.382830793404));
#913 = CARTESIAN_POINT('',(6.85424246311,21.615754494743,-16.04954864696
    ));
#914 = CARTESIAN_POINT('',(12.846895897468,11.26712796336,
    -21.96131532775));
#915 = CARTESIAN_POINT('',(14.620458138666,-1.875544584269,
    -23.65399081538));
#916 = CARTESIAN_POINT('',(11.733555097494,-14.61861419883,
    -20.68620102064));
#917 = CARTESIAN_POINT('',(4.879762643409,-23.85184687648,
    -13.75152181299));
#918 = CARTESIAN_POINT('',(-4.276600428901,-27.3075403301,
    -4.514271987119));
#919 = CARTESIAN_POINT('',(-13.50222423759,-24.11743110752,
    4.792238575139));
#920 = CARTESIAN_POINT('',(-20.53713170471,-15.03063661795,
    11.908032795831));
#921 = CARTESIAN_POINT('',(-23.64588041055,-2.237977159272,
    15.097668255238));
#922 = CARTESIAN_POINT('',(-22.04320647994,11.156182144725,
    13.575881078192));
#923 = CARTESIAN_POINT('',(-16.08972096829,21.887253951976,
    7.703282320113));
#924 = CARTESIAN_POINT('',(-7.208915748953,27.326111964855,
    -1.096636145662));
#925 = CARTESIAN_POINT('',(2.455483264217,26.123202054233,
    -10.68014840526));
#926 = CARTESIAN_POINT('',(10.559347687881,18.543286912211,
    -18.70312607536));
#927 = CARTESIAN_POINT('',(15.129110906148,6.407823167614,
    -23.19200254006));
#928 = CARTESIAN_POINT('',(15.044794109603,-7.34266343924,
    -23.02679898994));
#929 = CARTESIAN_POINT('',(10.316878275346,-19.36107841462,
    -18.21799640212));
#930 = CARTESIAN_POINT('',(2.088592503633,-26.70849631897,
    -9.908823876843));
#931 = CARTESIAN_POINT('',(-7.638115996458,-27.57281545592,
    -0.101228623185));
#932 = CARTESIAN_POINT('',(-16.48726126172,-21.715600874,8.828803395646)
  );
#933 = CARTESIAN_POINT('',(-22.28680774109,-10.5369480848,14.70923662859
    ));
#934 = CARTESIAN_POINT('',(-23.59936600276,3.259082163574,
    16.102681643825));
#935 = CARTESIAN_POINT('',(-20.07593150847,16.318538110878,
    12.660133903102));
#936 = CARTESIAN_POINT('',(-12.54562263568,25.452954903785,
    5.210711783878));
#937 = CARTESIAN_POINT('',(-2.818409932931,28.417810245199,
    -4.435614165307));
#938 = CARTESIAN_POINT('',(6.752251744141,24.464001664761,
    -13.92538908881));
#939 = CARTESIAN_POINT('',(13.841206517857,14.526859964892,
    -20.93345710896));
#940 = CARTESIAN_POINT('',(16.718879096198,1.005066849814,
    -23.73024293373));
#941 = CARTESIAN_POINT('',(14.675652580306,-12.81831243955,
    -21.60612966427));
#942 = CARTESIAN_POINT('',(8.199221683335,-23.57294642951,
    -15.04881201373));
#943 = CARTESIAN_POINT('',(-1.139373777537,-28.62296835079,
    -5.629329799296));
#944 = CARTESIAN_POINT('',(-11.06444880978,-26.71297257813,
    4.376631986514));
#945 = CARTESIAN_POINT('',(-19.14782932067,-18.27996380693,
    12.540899250973));
#946 = CARTESIAN_POINT('',(-23.40049437601,-5.35377705074,16.87445105989
    ));
#947 = CARTESIAN_POINT('',(-22.75954689322,8.931445449655,
    16.314390330665));
#948 = CARTESIAN_POINT('',(-17.35129222583,21.09716180607,
    10.987022416843));
#949 = CARTESIAN_POINT('',(-8.465327959213,28.167477174496,
    2.181944903785));
#950 = CARTESIAN_POINT('',(1.755224589243,28.397068449294,
    -7.957720891104));
#951 = CARTESIAN_POINT('',(10.832952054401,21.701935962145,
    -16.95456160269));
#952 = CARTESIAN_POINT('',(16.559047953577,9.686691640643,-22.5997707483
    ));
#953 = CARTESIAN_POINT('',(17.533158447619,-4.739923547933,
    -23.49299448877));
#954 = CARTESIAN_POINT('',(13.508235661601,-18.06918945035,
    -19.38718494919));
#955 = CARTESIAN_POINT('',(5.455486069083,-27.0457677542,-11.2535486031)
  );
#956 = CARTESIAN_POINT('',(-4.667566753604,-29.46272708869,
    -1.049609026851));
#957 = CARTESIAN_POINT('',(-14.3905355108,-24.70407191469,8.754246483914
    ));
#958 = CARTESIAN_POINT('',(-21.33063215276,-13.90141881721,
    15.775229879449));
#959 = CARTESIAN_POINT('',(-23.77418955838,0.33495579203,18.299674038634
    ));
#960 = CARTESIAN_POINT('',(-21.09732208718,14.546811331043,
    15.703693321003));
#961 = CARTESIAN_POINT('',(-13.92247132144,25.268001307969,
    8.609729308831));
#962 = CARTESIAN_POINT('',(-3.971591917122,29.86983224478,
    -1.260263341929));
#963 = CARTESIAN_POINT('',(6.349428784734,27.205549464148,
    -11.50039729021));
#964 = CARTESIAN_POINT('',(14.534827441977,17.895947397456,
    -19.60490919389));
#965 = CARTESIAN_POINT('',(18.589712170238,4.185007394216,
    -23.57890716858));
#966 = CARTESIAN_POINT('',(17.518639287762,-10.60093926736,
    -22.42694753254));
#967 = CARTESIAN_POINT('',(11.572364800132,-22.86018496218,
    -16.39978629134));
#968 = CARTESIAN_POINT('',(2.191625800555,-29.59298475916,
    -6.938160538201));
#969 = CARTESIAN_POINT('',(-8.33953649431,-29.13555028527,3.673888510232
    ));
#970 = CARTESIAN_POINT('',(-17.44750396887,-21.57110591725,
    12.862742738361));
#971 = CARTESIAN_POINT('',(-22.89561932978,-8.716474126537,
    18.391744852846));
#972 = CARTESIAN_POINT('',(-23.33100606589,6.314210015112,
    18.908018342521));
#973 = CARTESIAN_POINT('',(-18.61798632422,19.863906195614,
    14.275885354421));
#974 = CARTESIAN_POINT('',(-9.875938259211,28.622444897833,5.61472404297
    ));
#975 = CARTESIAN_POINT('',(0.788797878633,30.435185211313,
    -4.969125341307));
#976 = CARTESIAN_POINT('',(10.792772578831,24.833006138661,
    -14.89221328793));
#977 = CARTESIAN_POINT('',(17.703629458873,13.153280439795,
    -21.72218341441));
#978 = CARTESIAN_POINT('',(19.833901005168,-1.779266395493,
    -23.77156820713));
#979 = CARTESIAN_POINT('',(16.655439419852,-16.33568467449,
    -20.51221986825));
#980 = CARTESIAN_POINT('',(8.932709362282,-26.96471618755,
    -12.70860305711));
#981 = CARTESIAN_POINT('',(-1.458654784038,-31.05917234491,
    -2.236352157231));
#982 = CARTESIAN_POINT('',(-11.98499022783,-27.59541114401,
    8.370870040132));
#983 = CARTESIAN_POINT('',(-20.06997560616,-17.38907490119,
    16.536742172034));
#984 = CARTESIAN_POINT('',(-23.72277045795,-2.903240068542,
    20.270423777385));
#985 = CARTESIAN_POINT('',(-22.02577652998,12.345949494489,
    18.654316602983));
#986 = CARTESIAN_POINT('',(-15.36252331083,24.642749292767,
    12.071950137404));
#987 = CARTESIAN_POINT('',(-5.329105075887,30.97722217684,2.119418656022
    ));
#988 = CARTESIAN_POINT('',(5.650439579287,29.781968899898,
    -8.779239245584));
#989 = CARTESIAN_POINT('',(14.912130633579,21.319860365754,
    -17.9600435463));
#990 = CARTESIAN_POINT('',(20.200800754065,7.626882059545,
    -23.16782691322));
#991 = CARTESIAN_POINT('',(20.221610800349,-7.977659154769,
    -23.10775020594));
#992 = CARTESIAN_POINT('',(14.959453214017,-21.69575334776,
    -17.76470586604));
#993 = CARTESIAN_POINT('',(5.687468765692,-30.17509018383,
    -8.411834664151));
#994 = CARTESIAN_POINT('',(-5.338574081288,-31.32825434169,
    2.695094936395));
#995 = CARTESIAN_POINT('',(-15.42668629548,-24.8465322881,
    12.864093904155));
#996 = CARTESIAN_POINT('',(-22.10350055288,-12.28187540413,
    19.621794915127));
#997 = CARTESIAN_POINT('',(-23.71825444919,3.32459064,21.31743556501));
#998 = CARTESIAN_POINT('',(-19.84842677191,18.178611503875,
    17.52849464129));
#999 = CARTESIAN_POINT('',(-11.40736030421,28.655264749485,
    9.168314927158));
#1000 = CARTESIAN_POINT('',(-0.42651218546,32.183566629071,
    -1.731646438027));
#1001 = CARTESIAN_POINT('',(10.435777079219,27.877351954767,
    -12.51304894913));
#1002 = CARTESIAN_POINT('',(18.54021548038,16.757629057809,
    -20.53660059673));
#1003 = CARTESIAN_POINT('',(21.910241863579,1.510667463374,
    -23.82574022636));
#1004 = CARTESIAN_POINT('',(19.716475803396,-14.16090706387,
    -21.55108741261));
#1005 = CARTESIAN_POINT('',(12.48320252615,-26.43726649559,
    -14.2369273818));
#1006 = CARTESIAN_POINT('',(1.965513375763,-32.31243327836,
    -3.638351477845));
#1007 = CARTESIAN_POINT('',(-9.274153762583,-30.33029327759,
    7.682202414068));
#1008 = CARTESIAN_POINT('',(-18.48790551185,-20.94536723587,
    16.976840916908));
#1009 = CARTESIAN_POINT('',(-23.41179847747,-6.418974462096,
    21.981620636093));
#1010 = CARTESIAN_POINT('',(-22.81966559138,9.725575102249,
    21.470374503577));
#1011 = CARTESIAN_POINT('',(-16.82592633626,23.557546159316,
    15.557522002018));
#1012 = CARTESIAN_POINT('',(-6.862537139754,31.69577528424,
    5.675019559076));
#1013 = CARTESIAN_POINT('',(4.665327982886,32.135210969492,
    -5.771958809995));
#1014 = CARTESIAN_POINT('',(14.962365296766,24.740748277012,
    -15.9881093703));
#1015 = CARTESIAN_POINT('',(21.523113995481,11.28712517114,
    -22.46797131545));
#1016 = CARTESIAN_POINT('',(22.744402782319,-4.967252590412,
    -23.60837334872));
#1017 = CARTESIAN_POINT('',(18.318682996532,-20.0688856378,
    -19.10176680937));
#1018 = CARTESIAN_POINT('',(9.3153034187,-30.33186866323,-10.01750047797
    ));
#1019 = CARTESIAN_POINT('',(-2.078327987484,-33.23545182244,
    1.457017681779));
#1020 = CARTESIAN_POINT('',(-13.08034284494,-28.04703451329,
    12.539919292805));
#1021 = CARTESIAN_POINT('',(-21.00170876669,-15.99927129207,
    20.542171968119));
#1022 = CARTESIAN_POINT('',(-22.92041583094,-5.341469547119,
    22.514803534757));
#1023 = CARTESIAN_POINT('',(-22.92041583094,-1.105284716639E-12,
    22.541765785946));
#1024 = CARTESIAN_POINT('',(-22.77081618077,-3.297106582013E-14,
    -21.29885464762));
#1025 = CARTESIAN_POINT('',(-22.77081618077,0.345570726224,
    -21.24493014524));
#1026 = CARTESIAN_POINT('',(-22.50552601039,1.119822550166,
    -21.40237131086));
#1027 = CARTESIAN_POINT('',(-21.46684574883,1.387396152284,
    -22.27927806529));
#1028 = CARTESIAN_POINT('',(-20.65402901182,0.290182073801,
    -22.93032129516));
#1029 = CARTESIAN_POINT('',(-20.85744530958,-1.295255381193,
    -22.56513149027));
#1030 = CARTESIAN_POINT('',(-21.96204246811,-1.847759961815,
    -21.2987608246));
#1031 = CARTESIAN_POINT('',(-22.91806010716,-0.649352610592,
    -20.18096967842));
#1032 = CARTESIAN_POINT('',(-22.67065621531,1.35933543346,
    -20.26660006313));
#1033 = CARTESIAN_POINT('',(-21.22145158667,2.299624274838,
    -21.55403118464));
#1034 = CARTESIAN_POINT('',(-19.76504888196,1.109758330714,
    -22.84866038221));
#1035 = CARTESIAN_POINT('',(-19.64826684402,-1.298950578061,
    -22.80366891302));
#1036 = CARTESIAN_POINT('',(-21.05728490016,-2.71423439906,
    -21.23287734975));
#1037 = CARTESIAN_POINT('',(-22.70716261017,-1.654492628068,
    -19.4212261326));
#1038 = CARTESIAN_POINT('',(-22.94602827048,1.104959140013,
    -19.02058696515));
#1039 = CARTESIAN_POINT('',(-21.32885504192,3.063801339741,
    -20.47598668658));
#1040 = CARTESIAN_POINT('',(-19.16394482488,2.262019682013,
    -22.47912339648));
#1041 = CARTESIAN_POINT('',(-18.40481216353,-0.773485346381,
    -23.0764825507));
#1042 = CARTESIAN_POINT('',(-19.82011835238,-3.322155777051,
    -21.49940285471));
#1043 = CARTESIAN_POINT('',(-22.15507545808,-2.907071925048,
    -19.00267224188));
#1044 = CARTESIAN_POINT('',(-23.17522043826,0.306300326882,
    -17.82075375456));
#1045 = CARTESIAN_POINT('',(-21.73284166698,3.465699058658,
    -19.10135901871));
#1046 = CARTESIAN_POINT('',(-18.94528089623,3.561512974868,
    -21.72714628233));
#1047 = CARTESIAN_POINT('',(-17.28988958359,0.289072187024,
    -23.22076408783));
#1048 = CARTESIAN_POINT('',(-18.33657614217,-3.474332021913,
    -22.01230402212));
#1049 = CARTESIAN_POINT('',(-21.1932673239,-4.195286236664,
    -18.99383933325));
#1050 = CARTESIAN_POINT('',(-23.19457763504,-0.99945446389,
    -16.83075551498));
#1051 = CARTESIAN_POINT('',(-22.32006275688,3.332291038054,-17.543496886
    ));
#1052 = CARTESIAN_POINT('',(-19.14823592742,4.777442330127,
    -20.55355020833));
#1053 = CARTESIAN_POINT('',(-16.46205736864,1.806305197867,
    -23.07795525997));
#1054 = CARTESIAN_POINT('',(-16.74399343864,-3.028856696753,
    -22.63424568283));
#1055 = CARTESIAN_POINT('',(-19.81422068755,-5.277219272104,
    -19.40224492679));
#1056 = CARTESIAN_POINT('',(-22.85660667231,-2.686190118541,
    -16.1980854349));
#1057 = CARTESIAN_POINT('',(-22.93328103178,2.558903489269,
    -15.9596375683));
#1058 = CARTESIAN_POINT('',(-19.74755285071,5.665155505333,
    -18.98359224223));
#1059 = CARTESIAN_POINT('',(-16.05167993227,3.61139678817,
    -22.51769165353));
#1060 = CARTESIAN_POINT('',(-15.21531357438,-1.923225879735,
    -23.19228450428));
#1061 = CARTESIAN_POINT('',(-18.07480731118,-5.91428518348,
    -20.17101726035));
#1062 = CARTESIAN_POINT('',(-22.05609067519,-4.550527546352,
    -16.0279603892));
#1063 = CARTESIAN_POINT('',(-23.16213339526,0.181878109421,
    -14.78710641319));
#1064 = CARTESIAN_POINT('',(-22.02747899945,3.567779065253,
    -15.81391180425));
#1065 = CARTESIAN_POINT('',(-19.89311342231,5.908968967945,
    -17.84042837662));
#1066 = CARTESIAN_POINT('',(-16.90115594285,5.5559248989,-20.72453685133
    ));
#1067 = CARTESIAN_POINT('',(-15.03068751093,2.64392569339,
    -22.48715627849));
#1068 = CARTESIAN_POINT('',(-14.30138087596,-1.143038874422,
    -23.10861390871));
#1069 = CARTESIAN_POINT('',(-16.09627098049,-5.903558778931,
    -21.17891254823));
#1070 = CARTESIAN_POINT('',(-20.73561584953,-6.337640181032,
    -16.37779417205));
#1071 = CARTESIAN_POINT('',(-23.04260965685,-1.785198235108,
    -13.93598910879));
#1072 = CARTESIAN_POINT('',(-22.61765697781,2.371037285467,
    -14.25309278307));
#1073 = CARTESIAN_POINT('',(-20.88084743841,5.856044306485,
    -15.88205331771));
#1074 = CARTESIAN_POINT('',(-16.75130453384,7.118198342798,
    -19.87678496635));
#1075 = CARTESIAN_POINT('',(-13.68824893971,2.883953067753,
    -22.80502930453));
#1076 = CARTESIAN_POINT('',(-13.56082186386,-1.53807070855,
    -22.82460737562));
#1077 = CARTESIAN_POINT('',(-14.87807764826,-5.550092280911,
    -21.39950258646));
#1078 = CARTESIAN_POINT('',(-18.89964957654,-7.772680508743,
    -17.24311940223));
#1079 = CARTESIAN_POINT('',(-23.14687889846,-3.268611556124,
    -12.83411657318));
#1080 = CARTESIAN_POINT('',(-22.7957697203,3.113504722101,
    -13.05041449539));
#1081 = CARTESIAN_POINT('',(-20.28340480697,6.356627892359,
    -15.45493040397));
#1082 = CARTESIAN_POINT('',(-17.8099575983,7.286371427912,
    -17.84749085907));
#1083 = CARTESIAN_POINT('',(-15.28466163581,6.437202924756,
    -20.29190006799));
#1084 = CARTESIAN_POINT('',(-13.33561147259,3.985826611388,
    -22.16006347765));
#1085 = CARTESIAN_POINT('',(-12.44967038902,0.540636632753,
    -22.96511780765));
#1086 = CARTESIAN_POINT('',(-12.93635003222,-4.366046912007,
    -22.37058915969));
#1087 = CARTESIAN_POINT('',(-15.90491821101,-7.701965262665,
    -19.29417197615));
#1088 = CARTESIAN_POINT('',(-19.43261106369,-7.217074793216,
    -15.65863011871));
#1089 = CARTESIAN_POINT('',(-21.6273891147,-5.125118857837,
    -13.38296531413));
#1090 = CARTESIAN_POINT('',(-22.86270486261,-1.714970616205,
    -12.06676281266));
#1091 = CARTESIAN_POINT('',(-22.78376582257,2.153080686188,
    -12.06481509913));
#1092 = CARTESIAN_POINT('',(-21.39435620584,5.55997383491,
    -13.37333796229));
#1093 = CARTESIAN_POINT('',(-18.9980078423,7.650068248585,
    -15.68879957227));
#1094 = CARTESIAN_POINT('',(-16.16182300877,7.8971497168,-18.44409765223
    ));
#1095 = CARTESIAN_POINT('',(-13.5631768117,6.209533228639,
    -20.96185709573));
#1096 = CARTESIAN_POINT('',(-11.83450426832,2.974485454539,
    -22.60964288554));
#1097 = CARTESIAN_POINT('',(-11.40227240059,-1.0379598554,-22.9609879997
    ));
#1098 = CARTESIAN_POINT('',(-12.38189104179,-4.854151514051,
    -21.90048260494));
#1099 = CARTESIAN_POINT('',(-14.5434202678,-7.535226555242,
    -19.65806662536));
#1100 = CARTESIAN_POINT('',(-17.36377429519,-8.406928252888,
    -16.7568258444));
#1101 = CARTESIAN_POINT('',(-20.1505364235,-7.22959829942,
    -13.88917696253));
#1102 = CARTESIAN_POINT('',(-22.20974030029,-4.262880274397,
    -11.74908633216));
#1103 = CARTESIAN_POINT('',(-23.01609473703,-0.209241981511,
    -10.86184514186));
#1104 = CARTESIAN_POINT('',(-22.34435944779,3.952317004652,
    -11.45269367753));
#1105 = CARTESIAN_POINT('',(-20.32879478415,7.202643358396,
    -13.3873715876));
#1106 = CARTESIAN_POINT('',(-17.43521849244,8.7320330834,-16.20006112574
    ));
#1107 = CARTESIAN_POINT('',(-14.35125009464,8.141820535144,
    -19.20314276998));
#1108 = CARTESIAN_POINT('',(-11.82061153138,5.547848380243,
    -21.65289457967));
#1109 = CARTESIAN_POINT('',(-10.46139039543,1.559036894097,
    -22.93122896205));
#1110 = CARTESIAN_POINT('',(-10.61268459438,-2.865361171247,
    -22.69904800954));
#1111 = CARTESIAN_POINT('',(-12.24765862753,-6.646414921006,
    -20.98318722282));
#1112 = CARTESIAN_POINT('',(-14.97524899069,-8.848621152894,
    -18.17471010609));
#1113 = CARTESIAN_POINT('',(-18.13127665683,-8.911303941512,
    -14.93779568639));
#1114 = CARTESIAN_POINT('',(-20.93778171386,-6.791084042831,
    -12.05040387579));
#1115 = CARTESIAN_POINT('',(-22.69236387628,-2.97928136513,
    -10.2149349598));
#1116 = CARTESIAN_POINT('',(-22.94144724807,1.611651176568,
    -9.884964834441));
#1117 = CARTESIAN_POINT('',(-21.59473671331,5.866485541172,
    -11.15078861563));
#1118 = CARTESIAN_POINT('',(-18.95202025252,8.738128479279,
    -13.71261832286));
#1119 = CARTESIAN_POINT('',(-15.63461937249,9.505274545439,
    -16.94913244932));
#1120 = CARTESIAN_POINT('',(-12.43709725977,7.953410385947,
    -20.06576780847));
#1121 = CARTESIAN_POINT('',(-10.13460393336,4.433790310447,
    -22.28737438131));
#1122 = CARTESIAN_POINT('',(-9.292570057675,-0.215617359402,
    -23.04852150344));
#1123 = CARTESIAN_POINT('',(-10.12546775536,-4.869539160504,
    -22.13473705218));
#1124 = CARTESIAN_POINT('',(-12.43989539397,-8.38773239043,-19.73942266)
  );
#1125 = CARTESIAN_POINT('',(-15.67698639906,-9.89434007192,
    -16.42144490135));
#1126 = CARTESIAN_POINT('',(-19.04495510674,-8.995827089435,
    -12.9725894401));
#1127 = CARTESIAN_POINT('',(-21.71036544709,-5.883295254267,
    -10.22629234618));
#1128 = CARTESIAN_POINT('',(-23.00192100946,-1.292684995429,
    -8.853850030248));
#1129 = CARTESIAN_POINT('',(-22.57694724173,3.669083801552,
    -9.19793704441));
#1130 = CARTESIAN_POINT('',(-20.50929235646,7.79099669802,
    -11.18470517611));
#1131 = CARTESIAN_POINT('',(-17.2761582152,10.053513554708,
    -14.3369525638));
#1132 = CARTESIAN_POINT('',(-13.64589706924,9.880683253883,
    -17.8863269562));
#1133 = CARTESIAN_POINT('',(-10.49312371711,7.286476183573,
    -20.95821355475));
#1134 = CARTESIAN_POINT('',(-8.585626639014,2.878221460428,
    -22.78482387929));
#1135 = CARTESIAN_POINT('',(-8.394994465323,-2.285351742876,
    -22.89456929941));
#1136 = CARTESIAN_POINT('',(-9.97765819587,-6.948343398738,
    -21.2310188153));
#1137 = CARTESIAN_POINT('',(-12.95631906841,-9.963146332239,
    -18.17147118918));
#1138 = CARTESIAN_POINT('',(-16.6074596317,-10.57284868299,
    -14.43944387232));
#1139 = CARTESIAN_POINT('',(-20.03468998931,-8.601090055368,
    -10.93132676115));
#1140 = CARTESIAN_POINT('',(-22.38640790716,-4.501791751701,
    -8.49872208974));
#1141 = CARTESIAN_POINT('',(-23.06492115326,0.744999110984,
    -7.739322090068));
#1142 = CARTESIAN_POINT('',(-21.87568333371,5.867340188855,
    -8.847673156053));
#1143 = CARTESIAN_POINT('',(-19.07940477928,9.609737069124,
    -11.56306495691));
#1144 = CARTESIAN_POINT('',(-15.33319670623,11.04085189395,
    -15.22838627639));
#1145 = CARTESIAN_POINT('',(-11.53395444154,9.785164932435,
    -18.94674178751));
#1146 = CARTESIAN_POINT('',(-8.601291277598,6.120992208319,
    -21.79851819789));
#1147 = CARTESIAN_POINT('',(-7.252555530873,0.919391581089,
    -23.06636719105));
#1148 = CARTESIAN_POINT('',(-7.824971290857,-4.562790377654,
    -22.4130646775));
#1149 = CARTESIAN_POINT('',(-10.18898634977,-8.986590307238,
    -19.96816286502));
#1150 = CARTESIAN_POINT('',(-13.77503101036,-11.25795126815,
    -16.30123145086));
#1151 = CARTESIAN_POINT('',(-17.7083365356,-10.79822734018,
    -12.28703917205));
#1152 = CARTESIAN_POINT('',(-21.01992680975,-7.69130395955,
    -8.894562144341));
#1153 = CARTESIAN_POINT('',(-22.88289681102,-2.669997099471,
    -6.950705389503));
#1154 = CARTESIAN_POINT('',(-22.81636314676,3.056617238077,
    -6.936352300196));
#1155 = CARTESIAN_POINT('',(-20.80679243076,8.094301625455,
    -8.865036262626));
#1156 = CARTESIAN_POINT('',(-17.3161342567,11.20310695243,
    -12.27480768311));
#1157 = CARTESIAN_POINT('',(-13.17360158727,11.602528767009,
    -16.33645359897));
#1158 = CARTESIAN_POINT('',(-9.376412488333,9.167279235527,
    -20.05275594435));
#1159 = CARTESIAN_POINT('',(-6.847366701986,4.464613016154,
    -22.50091497713));
#1160 = CARTESIAN_POINT('',(-6.208190045707,-1.377540430803,
    -23.05920487984));
#1161 = CARTESIAN_POINT('',(-7.6243125634,-6.941050852835,
    -21.56219560858));
#1162 = CARTESIAN_POINT('',(-10.75980902462,-10.86182318899,
    -18.34581239379));
#1163 = CARTESIAN_POINT('',(-14.85463588876,-12.1642365,-14.17009877608)
  );
#1164 = CARTESIAN_POINT('',(-18.90646701357,-10.50379491404,
    -10.03738089771));
#1165 = CARTESIAN_POINT('',(-21.91363804962,-6.257667564212,
    -6.949323108085));
#1166 = CARTESIAN_POINT('',(-23.12031551981,-0.439452093855,
    -5.661758884329));
#1167 = CARTESIAN_POINT('',(-22.2038844904,5.542689735708,
    -6.497303160179));
#1168 = CARTESIAN_POINT('',(-19.35811291237,10.226833696842,
    -9.262187984636));
#1169 = CARTESIAN_POINT('',(-15.2507212665,12.454554204459,
    -13.28869287693));
#1170 = CARTESIAN_POINT('',(-10.86453328652,11.65733982521,
    -17.59399410335));
#1171 = CARTESIAN_POINT('',(-7.259977590382,8.001365543576,
    -21.11766304592));
#1172 = CARTESIAN_POINT('',(-5.316328514038,2.353827531795,
    -22.9804253687));
#1173 = CARTESIAN_POINT('',(-5.514826518211,-3.922615880711,
    -22.70104061096));
#1174 = CARTESIAN_POINT('',(-7.817163702301,-9.298606480126,
    -20.3178166733));
#1175 = CARTESIAN_POINT('',(-11.66997711148,-12.45073882859,
    -16.38411651055));
#1176 = CARTESIAN_POINT('',(-16.13543180678,-12.58730063827,
    -11.83777506169));
#1177 = CARTESIAN_POINT('',(-20.1171088941,-9.64693383363,
    -7.775211220804));
#1178 = CARTESIAN_POINT('',(-22.62679680959,-4.320412179262,
    -5.184636551747));
#1179 = CARTESIAN_POINT('',(-23.02726761946,2.111430543154,
    -4.703278988304));
#1180 = CARTESIAN_POINT('',(-21.19140008896,8.08564891088,
    -6.458259765237));
#1181 = CARTESIAN_POINT('',(-17.5379402158,12.136982527419,
    -10.03083288483));
#1182 = CARTESIAN_POINT('',(-12.9340222993,13.25721039112,
    -14.55386404776));
#1183 = CARTESIAN_POINT('',(-8.48709545499,11.145936604842,
    -18.91990413851));
#1184 = CARTESIAN_POINT('',(-5.276173738233,6.290455750934,
    -22.04993910169));
#1185 = CARTESIAN_POINT('',(-4.087628119134,-0.146383752412,
    -23.15759796723));
#1186 = CARTESIAN_POINT('',(-5.220212080512,-6.604599013822,
    -21.94412725228));
#1187 = CARTESIAN_POINT('',(-8.407646825346,-11.50513130851,
    -18.67580575388));
#1188 = CARTESIAN_POINT('',(-12.87875221496,-13.63592392715,
    -14.12381361069));
#1189 = CARTESIAN_POINT('',(-17.54162682222,-12.45162566423,
    -9.380052249873));
#1190 = CARTESIAN_POINT('',(-21.24790557204,-8.21283102196,
    -5.592886746484));
#1191 = CARTESIAN_POINT('',(-23.07314242023,-1.929383794171,
    -3.686763144723));
#1192 = CARTESIAN_POINT('',(-22.54486105147,4.880094443053,
    -4.134157759921));
#1193 = CARTESIAN_POINT('',(-19.76202610796,10.555215941367,
    -6.836105949859));
#1194 = CARTESIAN_POINT('',(-15.37576770484,13.698685687813,
    -11.14147759941));
#1195 = CARTESIAN_POINT('',(-10.43487970438,13.520289603243,
    -16.0014788463));
#1196 = CARTESIAN_POINT('',(-6.13272807538,10.035339456612,
    -20.22274372174));
#1197 = CARTESIAN_POINT('',(-3.516640149241,4.067786839942,
    -22.75794489431));
#1198 = CARTESIAN_POINT('',(-3.23054482871,-2.944416541127,
    -22.96315346127));
#1199 = CARTESIAN_POINT('',(-5.354099002188,-9.295775250478,
    -20.75871253423));
#1200 = CARTESIAN_POINT('',(-9.378464626004,-13.42805745427,
    -16.65346015685));
#1201 = CARTESIAN_POINT('',(-14.32580884838,-14.31256460371,
    -11.62522918089));
#1202 = CARTESIAN_POINT('',(-18.98449972574,-11.70608990249,
    -6.885651549971));
#1203 = CARTESIAN_POINT('',(-22.2034344487,-6.216908954778,
    -3.585830073447));
#1204 = CARTESIAN_POINT('',(-23.17400246536,0.836912957387,
    -2.534375303222));
#1205 = CARTESIAN_POINT('',(-21.63061935043,7.743957119034,
    -3.996871664582));
#1206 = CARTESIAN_POINT('',(-17.92011664297,12.814676698117,
    -7.626487618475));
#1207 = CARTESIAN_POINT('',(-12.92194302818,14.794669935395,
    -12.54377447969));
#1208 = CARTESIAN_POINT('',(-7.837475569496,13.174914667197,
    -17.54735518481));
#1209 = CARTESIAN_POINT('',(-3.898902740668,8.322257429642,
    -21.40504126007));
#1210 = CARTESIAN_POINT('',(-2.06822119305,1.396791585827,
    -23.15483605412));
#1211 = CARTESIAN_POINT('',(-2.799875357748,-5.925388236188,
    -22.34229513586));
#1212 = CARTESIAN_POINT('',(-5.925594694944,-11.85782012032,
    -19.1356890451));
#1213 = CARTESIAN_POINT('',(-10.69056673722,-14.93953235864,
    -14.28983024924));
#1214 = CARTESIAN_POINT('',(-15.93330565237,-14.39478544144,
    -8.966204580536));
#1215 = CARTESIAN_POINT('',(-20.36637393979,-10.32812946452,
    -4.452249539548));
#1216 = CARTESIAN_POINT('',(-22.89011241901,-3.705780816885,
    -1.847624306759));
#1217 = CARTESIAN_POINT('',(-22.86292714708,3.87380968146,
    -1.793922825123));
#1218 = CARTESIAN_POINT('',(-20.26170541917,10.565751640434,
    -4.314257799466));
#1219 = CARTESIAN_POINT('',(-15.69228081539,14.727765813852,
    -8.80279564968));
#1220 = CARTESIAN_POINT('',(-10.24622237302,15.323190654231,
    -14.16796733848));
#1221 = CARTESIAN_POINT('',(-5.237771339407,12.179055712501,
    -19.09553161853));
#1222 = CARTESIAN_POINT('',(-1.884316358364,6.035007492546,-22.368099846
    ));
#1223 = CARTESIAN_POINT('',(-1.008091452596,-1.630481699167,
    -23.1634379982));
#1224 = CARTESIAN_POINT('',(-2.832187710502,-8.955839430548,
    -21.25845498673));
#1225 = CARTESIAN_POINT('',(-6.921467969812,-14.14847589309,
    -17.08828797385));
#1226 = CARTESIAN_POINT('',(-12.28393033668,-15.9234359806,
    -11.64493885341));
#1227 = CARTESIAN_POINT('',(-17.60895567993,-13.82128435743,
    -6.239026756601));
#1228 = CARTESIAN_POINT('',(-21.5852298216,-8.3266025764,-2.18186586136)
  );
#1229 = CARTESIAN_POINT('',(-23.22122160388,-0.756632689664,
    -0.464987325516));
#1230 = CARTESIAN_POINT('',(-22.0898950797,7.054432441664,
    -1.515427096125));
#1231 = CARTESIAN_POINT('',(-18.43727189791,13.199862583262,
    -5.08716352435));
#1232 = CARTESIAN_POINT('',(-13.12729502037,16.165830886029,
    -10.31625364831));
#1233 = CARTESIAN_POINT('',(-7.435259096796,15.2042669451,
    -15.92740281833));
#1234 = CARTESIAN_POINT('',(-2.73918267568,10.521301950444,
    -20.54259248588));
#1235 = CARTESIAN_POINT('',(-0.183809331752,3.233889427366,
    -23.01707907624));
#1236 = CARTESIAN_POINT('',(-0.399163213297,-4.896493095356,
    -22.72083844112));
#1237 = CARTESIAN_POINT('',(-3.342847376349,-11.88959955238,
    -19.6962675245));
#1238 = CARTESIAN_POINT('',(-8.305529036437,-16.0287262685,
    -14.65269911085));
#1239 = CARTESIAN_POINT('',(-14.07945307837,-16.28210622549,
    -8.797888315352));
#1240 = CARTESIAN_POINT('',(-19.24997468884,-12.55995571357,
    -3.546479951306));
#1241 = CARTESIAN_POINT('',(-22.53974464631,-5.743168835402,
    -0.175823240277));
#1242 = CARTESIAN_POINT('',(-23.12180645895,2.524989253681,0.48712532594
    ));
#1243 = CARTESIAN_POINT('',(-20.82486446369,10.234973708058,
    -1.728929915759));
#1244 = CARTESIAN_POINT('',(-16.17979037469,15.499371411674,
    -6.29311725119));
#1245 = CARTESIAN_POINT('',(-10.29487724286,17.014926340312,
    -12.09714362945));
#1246 = CARTESIAN_POINT('',(-4.589116639101,14.385082093372,
    -17.72201747964));
#1247 = CARTESIAN_POINT('',(-0.447680618485,8.223237621473,
    -21.78256674669));
#1248 = CARTESIAN_POINT('',(1.11674623461,9.944932298047E-03,
    -23.26610684622));
#1249 = CARTESIAN_POINT('',(-0.286016297773,-8.262774757717,
    -21.78245756027));
#1250 = CARTESIAN_POINT('',(-4.323991280119,-14.57456252164,
    -17.66359582436));
#1251 = CARTESIAN_POINT('',(-10.01915107738,-17.37012682007,
    -11.88754927352));
#1252 = CARTESIAN_POINT('',(-15.98190174417,-15.9424259163,
    -5.843911853168));
#1253 = CARTESIAN_POINT('',(-20.74774005123,-10.61123559409,
    -0.997186792546));
#1254 = CARTESIAN_POINT('',(-23.13452294153,-2.652063330318,
    1.470482851321));
#1255 = CARTESIAN_POINT('',(-22.53319306117,6.0089308945,0.950039724531)
  );
#1256 = CARTESIAN_POINT('',(-19.06046965458,13.261059996878,
    -2.441796928496));
#1257 = CARTESIAN_POINT('',(-13.53525779244,17.323484028947,
    -7.886122037064));
#1258 = CARTESIAN_POINT('',(-7.283345240918,17.182480517426,
    -14.05714783502));
#1259 = CARTESIAN_POINT('',(-1.816945837849,12.844251146795,
    -19.44266048452));
#1260 = CARTESIAN_POINT('',(1.533456641381,5.340255253895,
    -22.71217621018));
#1261 = CARTESIAN_POINT('',(1.945334657274,-3.517893359389,
    -23.04316747251));
#1262 = CARTESIAN_POINT('',(-0.69157109519,-11.57575715952,
    -20.32537496648));
#1263 = CARTESIAN_POINT('',(-5.743583326617,-16.86006687311,
    -15.19247598148));
#1264 = CARTESIAN_POINT('',(-11.98294725096,-18.06193197034,
    -8.872225303573));
#1265 = CARTESIAN_POINT('',(-17.88380686349,-14.86094638556,
    -2.89047893747));
#1266 = CARTESIAN_POINT('',(-21.9929536023,-8.009958356576,
    1.299554554909));
#1267 = CARTESIAN_POINT('',(-23.28526406255,0.841779319575,2.67275176872
    ));
#1268 = CARTESIAN_POINT('',(-21.4168929994,9.545589324449,0.885267459136
    ));
#1269 = CARTESIAN_POINT('',(-16.8136993668,15.974937704647,
    -3.63703941989));
#1270 = CARTESIAN_POINT('',(-10.57223039402,18.544985599901,
    -9.797621639107));
#1271 = CARTESIAN_POINT('',(-4.196235428146,16.603190548904,
    -16.09272985141));
#1272 = CARTESIAN_POINT('',(0.767988627243,10.594704339461,
    -20.97606715323));
#1273 = CARTESIAN_POINT('',(3.108993850186,1.960710919436,
    -23.23618562261));
#1274 = CARTESIAN_POINT('',(2.248211353697,-7.207178647567,
    -22.29451637255));
#1275 = CARTESIAN_POINT('',(-1.614695566518,-14.67361431634,
    -18.35072269877));
#1276 = CARTESIAN_POINT('',(-7.545636448259,-18.60453689451,
    -12.33889506346));
#1277 = CARTESIAN_POINT('',(-14.09956114226,-18.01765918523,
    -5.704083615894));
#1278 = CARTESIAN_POINT('',(-19.67014448177,-13.0277605703,
    -5.261352281951E-02));
#1279 = CARTESIAN_POINT('',(-22.88107148278,-4.825580058612,
    3.239200231764));
#1280 = CARTESIAN_POINT('',(-22.92360987323,4.606217013938,
    3.362625375782));
#1281 = CARTESIAN_POINT('',(-19.75767754223,12.972274619398,
    0.277579798342));
#1282 = CARTESIAN_POINT('',(-14.12643761578,18.223152126079,
    -5.272773374535));
#1283 = CARTESIAN_POINT('',(-7.379691068207,19.057356456639,
    -11.93863316854));
#1284 = CARTESIAN_POINT('',(-1.148011879994,15.24382734349,
    -18.08942560319));
#1285 = CARTESIAN_POINT('',(3.053711165687,7.684995160955,-22.2102618953
    ));
#1286 = CARTESIAN_POINT('',(4.196931186363,-1.796596124833,
    -23.27259516241));
#1287 = CARTESIAN_POINT('',(1.99361019923,-10.89769188869,
    -20.98838742171));
#1288 = CARTESIAN_POINT('',(-3.02889715398,-17.39382814681,
    -15.88499331493));
#1289 = CARTESIAN_POINT('',(-9.651631975235,-19.68301895374,
    -9.181371740114));
#1290 = CARTESIAN_POINT('',(-16.25747358567,-17.18074812351,
    -2.494643376109));
#1291 = CARTESIAN_POINT('',(-21.22360365191,-10.46889085004,
    2.552373443697));
#1292 = CARTESIAN_POINT('',(-23.31774436934,-1.160699256289,4.7274009147
    ));
#1293 = CARTESIAN_POINT('',(-22.0014235383,8.486895198488,3.491966837226
    ));
#1294 = CARTESIAN_POINT('',(-17.56564174578,16.120505874535,
    -0.86292820173));
#1295 = CARTESIAN_POINT('',(-11.06480005502,19.864361525963,
    -7.282883138917));
#1296 = CARTESIAN_POINT('',(-4.063812474776,18.781188789444,
    -14.2029839656));
#1297 = CARTESIAN_POINT('',(1.740957471347,13.106676524054,
    -19.92686715815));
#1298 = CARTESIAN_POINT('',(4.935119004547,4.198912414865,
    -23.04014193778));
#1299 = CARTESIAN_POINT('',(4.733279858655,-5.786556685272,
    -22.75741603833));
#1300 = CARTESIAN_POINT('',(1.174537063399,-14.41831778499,
    -19.1177864895));
#1301 = CARTESIAN_POINT('',(-4.882202570552,-19.58112882088,
    -12.98016010198));
#1302 = CARTESIAN_POINT('',(-11.96311033913,-19.99424168831,
    -5.818365579834));
#1303 = CARTESIAN_POINT('',(-18.33567701938,-15.52900618903,
    0.635087853977));
#1304 = CARTESIAN_POINT('',(-22.43020419432,-7.24702159587,
    4.810501782492));
#1305 = CARTESIAN_POINT('',(-23.22400355848,2.852114389742,
    5.685187900212));
#1306 = CARTESIAN_POINT('',(-20.49427058643,12.313556165652,
    3.036341681732));
#1307 = CARTESIAN_POINT('',(-14.87712151028,18.823920421326,
    -2.49992064085));
#1308 = CARTESIAN_POINT('',(-7.717254322408,20.776911236031,
    -9.578901075159));
#1309 = CARTESIAN_POINT('',(-0.743733208841,17.669566946331,
    -16.47153543515));
#1310 = CARTESIAN_POINT('',(4.349940027638,10.231398698862,
    -21.48432191807));
#1311 = CARTESIAN_POINT('',(6.319482206551,0.25335353751,-23.37297734341
    ));
#1312 = CARTESIAN_POINT('',(4.676173945784,-9.843355793909,
    -21.64878232908));
#1313 = CARTESIAN_POINT('',(-0.189519157992,-17.59476257918,
    -16.70220247173));
#1314 = CARTESIAN_POINT('',(-7.098274480441,-21.09543987253,
    -9.712560395722));
#1315 = CARTESIAN_POINT('',(-14.36535019758,-19.4668406835,
    -2.364597925014));
#1316 = CARTESIAN_POINT('',(-20.20902258905,-13.07758105247,
    3.559961220031));
#1317 = CARTESIAN_POINT('',(-23.1850055791,-3.460480713902,
    6.616830963643));
#1318 = CARTESIAN_POINT('',(-22.54093276798,7.055091915679,
    6.053644906097));
#1319 = CARTESIAN_POINT('',(-18.40390486301,15.907405455688,
    1.997503754685));
#1320 = CARTESIAN_POINT('',(-11.75437745282,20.926436349988,
    -4.571136901928));
#1321 = CARTESIAN_POINT('',(-4.191570842781,20.865793174558,
    -12.05305675841));
#1322 = CARTESIAN_POINT('',(2.453485081568,15.712113775974,
    -18.61722592919));
#1323 = CARTESIAN_POINT('',(6.563644619093,6.695161609715,
    -22.64649871314));
#1324 = CARTESIAN_POINT('',(7.131591651747,-4.005501735895,
    -23.13355899223));
#1325 = CARTESIAN_POINT('',(4.009096015256,-13.7873313509,
    -19.93017660217));
#1326 = CARTESIAN_POINT('',(-2.052080010251,-20.25777254739,
    -13.7881138231));
#1327 = CARTESIAN_POINT('',(-9.578756501998,-21.8194456224,
    -6.180550577786));
#1328 = CARTESIAN_POINT('',(-16.73199868079,-18.06441746416,
    1.05357835458));
#1329 = CARTESIAN_POINT('',(-21.75400734983,-9.880263253691,
    6.156473777183));
#1330 = CARTESIAN_POINT('',(-23.39763573697,0.759544905625,
    7.880988917888));
#1331 = CARTESIAN_POINT('',(-21.23358228843,11.271466483455,
    5.797822222923));
#1332 = CARTESIAN_POINT('',(-15.75960351605,19.089220172438,
    0.404730204101));
#1333 = CARTESIAN_POINT('',(-8.284015617066,22.290285674324,
    -6.989970941315));
#1334 = CARTESIAN_POINT('',(-0.61070758823,20.068634265901,
    -14.58239221658));
#1335 = CARTESIAN_POINT('',(5.398507727313,12.937460035725,
    -20.51072077855));
#1336 = CARTESIAN_POINT('',(8.278025902308,2.610974487209,
    -23.30935219998));
#1337 = CARTESIAN_POINT('',(7.318295370147,-8.40759629319,
    -22.26873491425));
#1338 = CARTESIAN_POINT('',(2.743029519942,-17.43280471656,
    -17.61258231048));
#1339 = CARTESIAN_POINT('',(-4.340443872517,-22.25147807974,
    -10.44822216445));
#1340 = CARTESIAN_POINT('',(-12.20677937494,-21.66540492849,
    -2.500999908467));
#1341 = CARTESIAN_POINT('',(-18.93046619135,-15.78914805777,
    4.303573661515));
#1342 = CARTESIAN_POINT('',(-22.85474104747,-6.028995328939,
    8.308735271203));
#1343 = CARTESIAN_POINT('',(-22.99736900042,5.253491800116,
    8.532249977722));
#1344 = CARTESIAN_POINT('',(-19.29391072627,15.312860733066,
    4.909678457132));
#1345 = CARTESIAN_POINT('',(-12.61824502517,21.687839378689,
    -1.685100490393));
#1346 = CARTESIAN_POINT('',(-4.574173988768,22.803530083862,
    -9.648284773236));
#1347 = CARTESIAN_POINT('',(2.892214092569,18.360392490484,-17.033786101
    ));
#1348 = CARTESIAN_POINT('',(7.965737187328,9.413961221965,
    -22.02642244219));
#1349 = CARTESIAN_POINT('',(9.405810437676,-1.875762072781,
    -23.38560893897));
#1350 = CARTESIAN_POINT('',(6.852184712047,-12.76577975271,
    -20.75109645978));
#1351 = CARTESIAN_POINT('',(0.917396076643,-20.59654622103,
    -14.73542107081));
#1352 = CARTESIAN_POINT('',(-6.957735593488,-23.44147096087,
    -6.77940264711));
#1353 = CARTESIAN_POINT('',(-14.85150422951,-20.58085952579,
    1.195252742484));
#1354 = CARTESIAN_POINT('',(-20.82785742413,-12.68371628386,
    7.252492690674));
#1355 = CARTESIAN_POINT('',(-23.40881558904,-1.65154485461,
    9.914337609153));
#1356 = CARTESIAN_POINT('',(-21.93749545162,9.839449760825,
    8.523904225298));
#1357 = CARTESIAN_POINT('',(-16.74257895123,18.987553005403,
    3.409874478472));
#1358 = CARTESIAN_POINT('',(-9.063080355478,23.548647795563,
    -4.188737363717));
#1359 = CARTESIAN_POINT('',(-0.750562858342,22.386683842572,
    -12.42036810728));
#1360 = CARTESIAN_POINT('',(6.179637851319,15.756490448721,
    -19.26968206337));
#1361 = CARTESIAN_POINT('',(10.039411807453,5.248563413923,
    -23.04856926594));
#1362 = CARTESIAN_POINT('',(9.881472517642,-6.592392948011,
    -22.80974322256));
#1363 = CARTESIAN_POINT('',(5.734224610381,-16.88370135408,
    -18.58160856173));
#1364 = CARTESIAN_POINT('',(-1.400311403005,-23.10649841794,
    -11.36618579478));
#1365 = CARTESIAN_POINT('',(-9.786189632169,-23.72222306167,
    -2.899420812052));
#1366 = CARTESIAN_POINT('',(-17.37352634199,-18.55292647971,
    4.768802651342));
#1367 = CARTESIAN_POINT('',(-22.29717810355,-8.83141882325,
    9.773341166469));
#1368 = CARTESIAN_POINT('',(-23.33279643858,3.09261621862,
    10.889846255065));
#1369 = CARTESIAN_POINT('',(-20.19874937341,14.3205113453,7.836685943465
    ));
#1370 = CARTESIAN_POINT('',(-13.6294694026,22.109264736165,
    1.348292726223));
#1371 = CARTESIAN_POINT('',(-5.201207137937,24.541652466593,
    -6.99908278488));
#1372 = CARTESIAN_POINT('',(3.048496456699,20.998098812721,
    -15.16789962594));
#1373 = CARTESIAN_POINT('',(9.115760906948,12.314181351448,
    -21.15427732263));
#1374 = CARTESIAN_POINT('',(11.519509219856,0.583803501061,
    -23.47713888197));
#1375 = CARTESIAN_POINT('',(9.665405284812,-11.34565223029,
    -21.54214819335));
#1376 = CARTESIAN_POINT('',(3.995165362737,-20.56448099929,
    -15.79102151771));
#1377 = CARTESIAN_POINT('',(-4.116230404322,-24.81035628203,
    -7.59873899709));
#1378 = CARTESIAN_POINT('',(-12.6915576893,-23.02347348103,
    1.057475041462));
#1379 = CARTESIAN_POINT('',(-19.63091707332,-15.61092102654,
    8.077721179049));
#1380 = CARTESIAN_POINT('',(-23.22353604558,-4.354369963003,
    11.751226904879));
#1381 = CARTESIAN_POINT('',(-22.56706424075,8.018098378814,
    11.175641853612));
#1382 = CARTESIAN_POINT('',(-17.79160135733,18.493144661084,
    6.481065723764));
#1383 = CARTESIAN_POINT('',(-10.03285958296,24.506075981586,
    -1.196789297042));
#1384 = CARTESIAN_POINT('',(-1.15981767317,24.568758765492,
    -9.98894445327));
#1385 = CARTESIAN_POINT('',(6.67783879903,18.637813789589,-17.7457141719
    ));
#1386 = CARTESIAN_POINT('',(11.57290980216,8.132018561257,
    -22.55989842146));
#1387 = CARTESIAN_POINT('',(12.327170798984,-4.406984224495,
    -23.23327266472));
#1388 = CARTESIAN_POINT('',(8.747062391183,-15.92955822676,
    -19.57227750335));
#1389 = CARTESIAN_POINT('',(1.695625179285,-23.61978135117,
    -12.43995353788));
#1390 = CARTESIAN_POINT('',(-7.113134719624,-25.58359788371,
    -3.550306885411));
#1391 = CARTESIAN_POINT('',(-15.52847605892,-21.31524776321,
    4.945921207461));
#1392 = CARTESIAN_POINT('',(-21.48564511354,-11.82712603383,
    10.983977015643));
#1393 = CARTESIAN_POINT('',(-23.51004674798,0.590179818787,
    13.089265403657));
#1394 = CARTESIAN_POINT('',(-21.07975684906,12.920838462963,
    10.739862258304));
#1395 = CARTESIAN_POINT('',(-14.75726547437,22.156236254519,
    4.498257637174));
#1396 = CARTESIAN_POINT('',(-6.057238974653,26.029057958659,
    -4.120882108978));
#1397 = CARTESIAN_POINT('',(2.918649246079,23.569877216955,
    -13.01588357614));
#1398 = CARTESIAN_POINT('',(9.991789040272,15.349632527911,
    -20.00813661676));
#1399 = CARTESIAN_POINT('',(13.437813228266,3.34738395199,
    -23.37327405119));
#1400 = CARTESIAN_POINT('',(12.409377084361,-9.52609759513,
    -22.26395115372));
#1401 = CARTESIAN_POINT('',(7.146886312166,-20.13423809079,
    -16.92057362795));
#1402 = CARTESIAN_POINT('',(-1.075208979251,-25.87887363726,
    -8.617591582974));
#1403 = CARTESIAN_POINT('',(-10.2546525119,-25.33657201789,
    0.642738703247));
#1404 = CARTESIAN_POINT('',(-18.14657832497,-18.61122587407,
    8.61555126988));
#1405 = CARTESIAN_POINT('',(-22.81009256931,-7.315604571234,
    13.359952267792));
#1406 = CARTESIAN_POINT('',(-23.0831584519,5.815309402776,
    13.713904903953));
#1407 = CARTESIAN_POINT('',(-18.86959589561,17.586517639958,
    9.581229101223));
#1408 = CARTESIAN_POINT('',(-11.16732783595,25.12040898325,
    1.959847795138));
#1409 = CARTESIAN_POINT('',(-1.829821092815,26.560211873969,
    -7.296772194438));
#1410 = CARTESIAN_POINT('',(6.882267941248,21.527535319452,
    -15.92797447493));
#1411 = CARTESIAN_POINT('',(12.850789784098,11.221269510078,
    -21.81560956421));
#1412 = CARTESIAN_POINT('',(14.617477583241,-1.867881244983,
    -23.50141060979));
#1413 = CARTESIAN_POINT('',(11.742630357199,-14.55929417721,
    -20.54567663018));
#1414 = CARTESIAN_POINT('',(4.916889820576,-23.75530753138,
    -13.63904933999));
#1415 = CARTESIAN_POINT('',(-4.2022525322,-27.19727749196,
    -4.439020233649));
#1416 = CARTESIAN_POINT('',(-13.39054563063,-24.02028064252,
    4.830159618348));
#1417 = CARTESIAN_POINT('',(-20.39709797775,-14.97024309143,
    11.917598719039));
#1418 = CARTESIAN_POINT('',(-23.4933682478,-2.229039200649,
    15.094755742662));
#1419 = CARTESIAN_POINT('',(-21.89712957826,11.111489207248,
    13.57940382669));
#1420 = CARTESIAN_POINT('',(-15.96742680507,21.799807524698,
    7.730587807062));
#1421 = CARTESIAN_POINT('',(-7.121963537827,27.217194835894,
    -1.033988706616));
#1422 = CARTESIAN_POINT('',(2.50413586488,26.019322569907,
    -10.57920135575));
#1423 = CARTESIAN_POINT('',(10.57606441248,18.469727352468,
    -18.57024314978));
#1424 = CARTESIAN_POINT('',(15.128028070591,6.382486522581,
    -23.04132005433));
#1425 = CARTESIAN_POINT('',(15.04438010235,-7.313610714686,
    -22.87678533252));
#1426 = CARTESIAN_POINT('',(10.33543870484,-19.28470719805,
    -18.08695718144));
#1427 = CARTESIAN_POINT('',(2.139814963269,-26.60339390401,
    -9.810446686308));
#1428 = CARTESIAN_POINT('',(-7.548493226812,-27.46456176045,
    -4.12517426588E-02));
#1429 = CARTESIAN_POINT('',(-16.3628458033,-21.63054277731,8.8539875874)
  );
#1430 = CARTESIAN_POINT('',(-22.13967509023,-10.49578710103,
    14.711703627904));
#1431 = CARTESIAN_POINT('',(-23.447120586,3.24632823813,16.100035877235)
  );
#1432 = CARTESIAN_POINT('',(-19.93742210179,16.254973337766,
    12.671224146596));
#1433 = CARTESIAN_POINT('',(-12.4363549329,25.354049733203,
    5.251043731266));
#1434 = CARTESIAN_POINT('',(-2.746772756329,28.307636304256,
    -4.357651691738));
#1435 = CARTESIAN_POINT('',(6.787028122723,24.369373183775,
    -13.81056581722));
#1436 = CARTESIAN_POINT('',(13.84886303991,14.47080770651,
    -20.79151398084));
#1437 = CARTESIAN_POINT('',(16.715757157668,1.001232861813,
    -23.57752134503));
#1438 = CARTESIAN_POINT('',(14.680716848323,-12.76899503781,
    -21.46159428211));
#1439 = CARTESIAN_POINT('',(8.229444458902,-23.4824805505,
    -14.92943513913));
#1440 = CARTESIAN_POINT('',(-1.073143293033,-28.51337165942,
    -5.545960633628));
#1441 = CARTESIAN_POINT('',(-10.96012500271,-26.61091881323,
    4.421907829624));
#1442 = CARTESIAN_POINT('',(-19.01259776366,-18.21029090325,
    12.555267344136));
#1443 = CARTESIAN_POINT('',(-23.24906299695,-5.333442060644,
    16.872619330993));
#1444 = CARTESIAN_POINT('',(-22.61056634687,8.89749337845,
    16.315009434485));
#1445 = CARTESIAN_POINT('',(-17.22281668117,21.017185958415,
    11.008146522345));
#1446 = CARTESIAN_POINT('',(-8.370421059906,28.060942142294,
    2.236637654649));
#1447 = CARTESIAN_POINT('',(1.81166916584,28.289902822064,-7.86456581753
    ));
#1448 = CARTESIAN_POINT('',(10.855401624754,21.620221804176,
    -16.82741152287));
#1449 = CARTESIAN_POINT('',(16.560243568569,9.650316615327,
    -22.45136671312));
#1450 = CARTESIAN_POINT('',(17.531013964419,-4.722106455051,
    -23.3412503554));
#1451 = CARTESIAN_POINT('',(13.521477853404,-18.00151657896,
    -19.25082749082));
#1452 = CARTESIAN_POINT('',(5.499096886634,-26.94470938705,
    -11.14755977048));
#1453 = CARTESIAN_POINT('',(-4.585996502313,-29.35287889976,
    -0.981579627972));
#1454 = CARTESIAN_POINT('',(-14.27265361803,-24.61216885248,
    8.785964241318));
#1455 = CARTESIAN_POINT('',(-21.18692396992,-13.84982832957,
    15.781121346771));
#1456 = CARTESIAN_POINT('',(-23.62142606197,0.333677567001,
    18.296510192389));
#1457 = CARTESIAN_POINT('',(-20.95447814387,14.492975488876,
    15.710449027857));
#1458 = CARTESIAN_POINT('',(-13.80610756836,25.174710463118,
    8.64296520592));
#1459 = CARTESIAN_POINT('',(-3.891824219504,29.759791604838,
    -1.190431389375));
#1460 = CARTESIAN_POINT('',(6.391391341716,27.105540816518,
    -11.39276019702));
#1461 = CARTESIAN_POINT('',(14.546976821418,17.830310934459,
    -19.46745892316));
#1462 = CARTESIAN_POINT('',(18.587296292513,4.169717775748,
    -23.42689164069));
#1463 = CARTESIAN_POINT('',(17.520450978304,-10.56216084055,
    -22.27915957291));
#1464 = CARTESIAN_POINT('',(11.596167975102,-22.77677641761,
    -16.27398981614));
#1465 = CARTESIAN_POINT('',(2.249832069359,-29.4852461415,
    -6.846767156834));
#1466 = CARTESIAN_POINT('',(-8.2428885774,-29.02970311374,3.726840243493
    ));
#1467 = CARTESIAN_POINT('',(-17.31773181159,-21.49291136922,
    12.882570231254));
#1468 = CARTESIAN_POINT('',(-22.74610214653,-8.684963259659,
    18.391827319766));
#1469 = CARTESIAN_POINT('',(-23.17992863279,6.291368058444,
    18.90654055959));
#1470 = CARTESIAN_POINT('',(-18.48391315237,19.792270710835,
    14.291411832737));
#1471 = CARTESIAN_POINT('',(-9.773295347696,28.519450592019,
    5.661680781627));
#1472 = CARTESIAN_POINT('',(0.853234055028,30.325898928892,
    -4.883961867532));
#1473 = CARTESIAN_POINT('',(10.821524334009,24.74402607084,
    -14.77136539294));
#1474 = CARTESIAN_POINT('',(17.707904012449,13.106262633475,
    -21.57685831781));
#1475 = CARTESIAN_POINT('',(19.830862859541,-1.772878705397,
    -23.61893041134));
#1476 = CARTESIAN_POINT('',(16.664032848561,-16.27744612959,
    -20.37121364679));
#1477 = CARTESIAN_POINT('',(8.96904773611,-26.86880093596,
    -12.59534178077));
#1478 = CARTESIAN_POINT('',(-1.385210683372,-30.94892432463,
    -2.160196607726));
#1479 = CARTESIAN_POINT('',(-11.87411044293,-27.49766261485,
    8.409589905402));
#1480 = CARTESIAN_POINT('',(-19.93044130927,-17.32761598586,
    16.546807525314));
#1481 = CARTESIAN_POINT('',(-23.57033678155,-2.893028691723,
    20.267589751164));
#1482 = CARTESIAN_POINT('',(-21.87933806887,12.302428078954,
    18.657477792043));
#1483 = CARTESIAN_POINT('',(-15.23951553903,24.556087365138,
    12.09854201577));
#1484 = CARTESIAN_POINT('',(-5.241260885721,30.868511593026,
    2.181174116027));
#1485 = CARTESIAN_POINT('',(5.699945438809,29.677667737076,
    -8.679145454936));
#1486 = CARTESIAN_POINT('',(14.929454229966,21.245353532355,
    -17.82776749252));
#1487 = CARTESIAN_POINT('',(20.199930702238,7.600303093989,
    -23.01735721123));
#1488 = CARTESIAN_POINT('',(20.220963701278,-7.949841440549,
    -22.9575034567));
#1489 = CARTESIAN_POINT('',(14.977391406235,-21.62030925343,
    -17.63304440809));
#1490 = CARTESIAN_POINT('',(5.737831283246,-30.0703813592,
    -8.312597531535));
#1491 = CARTESIAN_POINT('',(-5.24983966507,-31.21976491228,
    2.755960170349));
#1492 = CARTESIAN_POINT('',(-15.3029713936,-24.76066650634,
    12.889978652447));
#1493 = CARTESIAN_POINT('',(-21.95671015961,-12.23953135923,
    19.624604172027));
#1494 = CARTESIAN_POINT('',(-23.56590969211,3.313107217239,
    21.314690458099));
#1495 = CARTESIAN_POINT('',(-19.70940060454,18.116095459028,
    17.539068124096));
#1496 = CARTESIAN_POINT('',(-11.29728419003,28.556931292188,
    9.207838463151));
#1497 = CARTESIAN_POINT('',(-0.353971698645,32.073348242648,
    -1.654587274671));
#1498 = CARTESIAN_POINT('',(10.471331818429,27.782073686159,
    -12.39900403817));
#1499 = CARTESIAN_POINT('',(18.548335975329,16.700479816596,
    -20.39512144151));
#1500 = CARTESIAN_POINT('',(21.907156588188,1.50555627999,-23.6730553008
    ));
#1501 = CARTESIAN_POINT('',(19.721140501488,-14.11273622138,
    -21.40615246053));
#1502 = CARTESIAN_POINT('',(12.512686746786,-26.34753749618,
    -14.11681195226));
#1503 = CARTESIAN_POINT('',(2.030846069761,-32.20298443119,
    -3.554084521673));
#1504 = CARTESIAN_POINT('',(-9.170668475214,-30.22776236425,
    7.72831677687));
#1505 = CARTESIAN_POINT('',(-18.35324912661,-20.87470827228,
    16.991784181834));
#1506 = CARTESIAN_POINT('',(-23.26053893163,-6.397384578692,
    21.979960740426));
#1507 = CARTESIAN_POINT('',(-22.67041172786,9.69284151053,
    21.470720290226));
#1508 = CARTESIAN_POINT('',(-16.69679882709,23.478455502092,
    15.577994143023));
#1509 = CARTESIAN_POINT('',(-6.766758336599,31.5895773204,5.728840406092
    ));
#1510 = CARTESIAN_POINT('',(4.722652258917,32.027751109426,
    -5.679683435856));
#1511 = CARTESIAN_POINT('',(14.985488145018,24.658182354134,
    -15.86163256839));
#1512 = CARTESIAN_POINT('',(21.52461282121,11.249544076445,
    -22.31987049101));
#1513 = CARTESIAN_POINT('',(22.742117236607,-4.950694641125,
    -23.45648815284));
#1514 = CARTESIAN_POINT('',(18.331374959502,-20.00223306691,
    -18.96485912217));
#1515 = CARTESIAN_POINT('',(9.358087292029,-30.23131596799,
    -9.910684701131));
#1516 = CARTESIAN_POINT('',(-1.997657361504,-33.12552363024,
    1.52594670597));
#1517 = CARTESIAN_POINT('',(-12.96321959889,-27.95438564703,
    12.572395696931));
#1518 = CARTESIAN_POINT('',(-20.85842314935,-15.94664991275,
    20.548486000958));
#1519 = CARTESIAN_POINT('',(-22.77081618077,-5.323760771767,
    22.514803534757));
#1520 = CARTESIAN_POINT('',(-22.77081618077,-1.101774360686E-12,
    22.541765785946));
#1521 = CARTESIAN_POINT('',(-22.47248958525,-3.300760029116E-14,
    -21.1554332436));
#1522 = CARTESIAN_POINT('',(-22.47248958525,0.309599668723,
    -21.10150874123));
#1523 = CARTESIAN_POINT('',(-22.23486869909,1.010950435628,
    -21.23128062263));
#1524 = CARTESIAN_POINT('',(-21.28360165722,1.269451914601,
    -22.02077415737));
#1525 = CARTESIAN_POINT('',(-20.52361870756,0.270709339942,
    -22.61898359989));
#1526 = CARTESIAN_POINT('',(-20.69724679406,-1.198311036899,
    -22.28358200626));
#1527 = CARTESIAN_POINT('',(-21.71653476746,-1.7231073073,
    -21.10252052572));
#1528 = CARTESIAN_POINT('',(-22.60978985796,-0.610921439821,
    -20.04749192809));
#1529 = CARTESIAN_POINT('',(-22.37951600394,1.276387394332,
    -20.11599227497));
#1530 = CARTESIAN_POINT('',(-21.01169186792,2.171146391197,
    -21.32204290385));
#1531 = CARTESIAN_POINT('',(-19.62650438031,1.053210797557,
    -22.54545688433));
#1532 = CARTESIAN_POINT('',(-19.50566649467,-1.231863911717,
    -22.50452126284));
#1533 = CARTESIAN_POINT('',(-20.83906293365,-2.584851765139,
    -21.00935131672));
#1534 = CARTESIAN_POINT('',(-22.41089483693,-1.581106323917,
    -19.2757459063));
#1535 = CARTESIAN_POINT('',(-22.64064612364,1.055252352413,
    -18.88422111246));
#1536 = CARTESIAN_POINT('',(-21.09162356269,2.936448081922,
    -20.27147016627));
#1537 = CARTESIAN_POINT('',(-19.00981940125,2.173457542213,
    -22.19150082058));
#1538 = CARTESIAN_POINT('',(-18.27276533193,-0.74228488804,
    -22.76678138277));
#1539 = CARTESIAN_POINT('',(-19.62893636465,-3.199719000112,
    -21.24883684291));
#1540 = CARTESIAN_POINT('',(-21.87761123928,-2.805341440003,
    -18.83838846115));
#1541 = CARTESIAN_POINT('',(-22.86321380981,0.294313420221,
    -17.69101238348));
#1542 = CARTESIAN_POINT('',(-21.46961421826,3.350954266363,
    -18.92283846789));
#1543 = CARTESIAN_POINT('',(-18.76955592335,3.448920223259,
    -21.46112325567));
#1544 = CARTESIAN_POINT('',(-17.16038782757,0.281573823503,
    -22.90851784431));
#1545 = CARTESIAN_POINT('',(-18.16975692249,-3.369880330455,
    -21.73737524227));
#1546 = CARTESIAN_POINT('',(-20.93970897274,-4.074383538558,
    -18.80564968488));
#1547 = CARTESIAN_POINT('',(-22.88416303456,-0.972640816831,
    -16.69942211592));
#1548 = CARTESIAN_POINT('',(-22.03465804654,3.240500241962,
    -17.3871535968));
#1549 = CARTESIAN_POINT('',(-18.9468405965,4.650970359212,
    -20.31319753971));
#1550 = CARTESIAN_POINT('',(-16.326862744,1.760784148771,-22.77140188507
    ));
#1551 = CARTESIAN_POINT('',(-16.59666291118,-2.951807668231,
    -22.33982821076));
#1552 = CARTESIAN_POINT('',(-19.58751590677,-5.14804479232,
    -19.18720170803));
#1553 = CARTESIAN_POINT('',(-22.55585553174,-2.622993918621,
    -16.05708857593));
#1554 = CARTESIAN_POINT('',(-22.63152024726,2.498343487489,
    -15.81965035328));
#1555 = CARTESIAN_POINT('',(-19.51872519141,5.536205479653,
    -18.77067190199));
#1556 = CARTESIAN_POINT('',(-15.9030783995,3.531960368413,
    -22.22454518677));
#1557 = CARTESIAN_POINT('',(-15.08082043549,-1.880532173354,
    -22.88502964364));
#1558 = CARTESIAN_POINT('',(-17.87552089502,-5.788474305454,
    -19.92855567698));
#1559 = CARTESIAN_POINT('',(-21.77212894758,-4.456667701907,
    -15.87017411728));
#1560 = CARTESIAN_POINT('',(-22.85591912189,0.177665661193,
    -14.65157268703));
#1561 = CARTESIAN_POINT('',(-21.74418334745,3.495864544027,
    -15.65545945671));
#1562 = CARTESIAN_POINT('',(-19.65220343586,5.791520649707,
    -17.63959036354));
#1563 = CARTESIAN_POINT('',(-16.7179746045,5.447505456532,
    -20.46597019015));
#1564 = CARTESIAN_POINT('',(-14.88184483909,2.593035678754,
    -22.1942509508));
#1565 = CARTESIAN_POINT('',(-14.16441601669,-1.120781655771,
    -22.80383076844));
#1566 = CARTESIAN_POINT('',(-15.9225042616,-5.79247180589,
    -20.91093126758));
#1567 = CARTESIAN_POINT('',(-20.47416331224,-6.22154221284,
    -16.19749870981));
#1568 = CARTESIAN_POINT('',(-22.73935572666,-1.753365220259,
    -13.79749503944));
#1569 = CARTESIAN_POINT('',(-22.3221058452,2.328535437191,
    -14.10689591615));
#1570 = CARTESIAN_POINT('',(-20.61610352786,5.752390722431,
    -15.70504922873));
#1571 = CARTESIAN_POINT('',(-16.55812744442,6.994730123807,
    -19.62821405622));
#1572 = CARTESIAN_POINT('',(-13.54547586681,2.835016342762,
    -22.50605437789));
#1573 = CARTESIAN_POINT('',(-13.41828986408,-1.511909919786,
    -22.52539137586));
#1574 = CARTESIAN_POINT('',(-14.71154847658,-5.456942371334,
    -21.12428375861));
#1575 = CARTESIAN_POINT('',(-18.66459282044,-7.644684232938,
    -17.0364281588));
#1576 = CARTESIAN_POINT('',(-22.84225746899,-3.216332111894,
    -12.69699000312));
#1577 = CARTESIAN_POINT('',(-22.49721416812,3.063430582785,
    -12.90722204804));
#1578 = CARTESIAN_POINT('',(-20.02447838497,6.256122781337,
    -15.27210882644));
#1579 = CARTESIAN_POINT('',(-17.58948950802,7.172168997925,
    -17.62621094982));
#1580 = CARTESIAN_POINT('',(-15.10280749028,6.337213930188,
    -20.03200621399));
#1581 = CARTESIAN_POINT('',(-13.18282813829,3.924494311932,
    -21.87109881241));
#1582 = CARTESIAN_POINT('',(-12.30924288557,0.532513486656,
    -22.66379731157));
#1583 = CARTESIAN_POINT('',(-12.78676525044,-4.29961805756,
    -22.07842594194));
#1584 = CARTESIAN_POINT('',(-15.7091646046,-7.58655544636,
    -19.04817758302));
#1585 = CARTESIAN_POINT('',(-19.1836765593,-7.11015778162,
    -15.46581662356));
#1586 = CARTESIAN_POINT('',(-21.34581024653,-5.049833920293,
    -13.22279618276));
#1587 = CARTESIAN_POINT('',(-22.56301601972,-1.690082864421,
    -11.92470365601));
#1588 = CARTESIAN_POINT('',(-22.48527893974,2.121753383491,
    -11.92155398242));
#1589 = CARTESIAN_POINT('',(-21.11589163093,5.479928560285,
    -13.21005453767));
#1590 = CARTESIAN_POINT('',(-18.7536186807,7.540854031383,
    -15.49144073433));
#1591 = CARTESIAN_POINT('',(-15.95721298037,7.785311429898,
    -18.20695968109));
#1592 = CARTESIAN_POINT('',(-13.39439786287,6.122309122209,
    -20.68888804503));
#1593 = CARTESIAN_POINT('',(-11.68887201232,2.933094171987,-22.313527142
    ));
#1594 = CARTESIAN_POINT('',(-11.26147732094,-1.023439152286,
    -22.66003507982));
#1595 = CARTESIAN_POINT('',(-12.22644193277,-4.787255701653,
    -21.61418371442));
#1596 = CARTESIAN_POINT('',(-14.35739477137,-7.43223530422,
    -19.40234412226));
#1597 = CARTESIAN_POINT('',(-17.1386905235,-8.292908453723,
    -16.54016161656));
#1598 = CARTESIAN_POINT('',(-19.88741918148,-7.132299772635,
    -13.71054620501));
#1599 = CARTESIAN_POINT('',(-21.91887066509,-4.205983842176,
    -11.59820796783));
#1600 = CARTESIAN_POINT('',(-22.7145083714,-0.206595030118,
    -10.72168350795));
#1601 = CARTESIAN_POINT('',(-22.05170016436,3.900070195754,
    -11.30360496142));
#1602 = CARTESIAN_POINT('',(-20.06253376605,7.108218696248,
    -13.21188460617));
#1603 = CARTESIAN_POINT('',(-17.20640206251,8.61841170762,
    -15.98712955614));
#1604 = CARTESIAN_POINT('',(-14.1618112935,8.036655724988,
    -18.95083357158));
#1605 = CARTESIAN_POINT('',(-11.66289963019,5.476735234502,
    -21.36885848132));
#1606 = CARTESIAN_POINT('',(-10.32003294868,1.539282995102,
    -22.63083840927));
#1607 = CARTESIAN_POINT('',(-10.46832879294,-2.828948103615,
    -22.40165581144));
#1608 = CARTESIAN_POINT('',(-12.08168140563,-6.562697130338,
    -20.70741644518));
#1609 = CARTESIAN_POINT('',(-14.77428952219,-8.737973948849,
    -17.93392157505));
#1610 = CARTESIAN_POINT('',(-17.89048812578,-8.800656737392,
    -14.7368362179));
#1611 = CARTESIAN_POINT('',(-20.66201093627,-6.707366252269,
    -11.88442665384));
#1612 = CARTESIAN_POINT('',(-22.39497167809,-2.942868297317,
    -10.07057915845));
#1613 = CARTESIAN_POINT('',(-22.64105669547,1.591897277241,
    -9.743607387509));
#1614 = CARTESIAN_POINT('',(-21.31070061463,5.795372396053,
    -10.99307671478));
#1615 = CARTESIAN_POINT('',(-18.69971105475,8.632963667952,
    -13.52317952109));
#1616 = CARTESIAN_POINT('',(-15.42168780169,9.39165317187,
    -16.72031602059));
#1617 = CARTESIAN_POINT('',(-12.2616102806,7.858985719625,
    -19.79950678811));
#1618 = CARTESIAN_POINT('',(-9.98551521298,4.38154350943,-21.99471510216
    ));
#1619 = CARTESIAN_POINT('',(-9.152408431849,-0.212970422888,
    -22.74693512973));
#1620 = CARTESIAN_POINT('',(-9.974589375782,-4.812642700188,
    -21.84386743223));
#1621 = CARTESIAN_POINT('',(-12.26126466525,-8.290433916694,
    -19.47630538919));
#1622 = CARTESIAN_POINT('',(-15.46032211685,-9.780320172588,
    -16.19636118402));
#1623 = CARTESIAN_POINT('',(-18.7892327063,-8.892836027548,
    -12.78656384101));
#1624 = CARTESIAN_POINT('',(-21.42406636272,-5.816399084742,
    -10.07084343102));
#1625 = CARTESIAN_POINT('',(-22.7009684556,-1.278164966642,
    -8.713054584574));
#1626 = CARTESIAN_POINT('',(-22.28083080706,3.627693792267,
    -9.052305479541));
#1627 = CARTESIAN_POINT('',(-20.23632461075,7.703770187404,
    -11.01592492229));
#1628 = CARTESIAN_POINT('',(-17.03901777999,9.941679807371,
    -14.13234499948));
#1629 = CARTESIAN_POINT('',(-13.44854288385,9.771460465277,
    -17.64193314205));
#1630 = CARTESIAN_POINT('',(-10.3298315085,7.206447091727,
    -20.67975776383));
#1631 = CARTESIAN_POINT('',(-8.44238210038,2.846863615863,
    -22.48632041839));
#1632 = CARTESIAN_POINT('',(-8.25290407037,-2.260406440464,
    -22.59491169483));
#1633 = CARTESIAN_POINT('',(-9.817547521801,-6.873166158914,
    -20.94938148983));
#1634 = CARTESIAN_POINT('',(-12.76339948376,-9.856033857527,
    -17.9226427743));
#1635 = CARTESIAN_POINT('',(-16.37492756641,-10.45987010137,
    -14.23022793808));
#1636 = CARTESIAN_POINT('',(-19.76538279359,-8.50974219307,
    -10.75888595733));
#1637 = CARTESIAN_POINT('',(-22.09211329468,-4.454306931517,
    -8.351268702676));
#1638 = CARTESIAN_POINT('',(-22.76350829712,0.737063991896,
    -7.598986946676));
#1639 = CARTESIAN_POINT('',(-21.58675385135,5.805916386734,
    -8.694854638875));
#1640 = CARTESIAN_POINT('',(-18.81952207371,9.509773962771,
    -11.38119966294));
#1641 = CARTESIAN_POINT('',(-15.11185475047,10.926678591809,
    -15.00798023262));
#1642 = CARTESIAN_POINT('',(-11.35126712712,9.684569032858,
    -18.6876811024));
#1643 = CARTESIAN_POINT('',(-8.447964695568,6.058456829521,
    -21.51009678039));
#1644 = CARTESIAN_POINT('',(-7.112149931496,0.910136638375,
    -22.76502479089));
#1645 = CARTESIAN_POINT('',(-7.677902204314,-4.516512408212,
    -22.11838576451));
#1646 = CARTESIAN_POINT('',(-10.01729107158,-8.896042598409,
    -19.69811014367));
#1647 = CARTESIAN_POINT('',(-13.56674038017,-11.14517140067,
    -16.06777408151));
#1648 = CARTESIAN_POINT('',(-17.46038800189,-10.69066377706,
    -12.09323970623));
#1649 = CARTESIAN_POINT('',(-20.73890979631,-7.615135615062,
    -8.733831158238));
#1650 = CARTESIAN_POINT('',(-22.58344897725,-2.643761892059,
    -6.808405223738));
#1651 = CARTESIAN_POINT('',(-22.51760786124,3.026534160637,
    -6.793359586175));
#1652 = CARTESIAN_POINT('',(-20.52768450909,8.015221908919,
    -8.702396184761));
#1653 = CARTESIAN_POINT('',(-17.07084672183,11.094277087524,
    -12.07834721845));
#1654 = CARTESIAN_POINT('',(-12.96807622678,11.490435861647,
    -16.10023095993));
#1655 = CARTESIAN_POINT('',(-9.206913736933,9.079204559269,
    -19.78050669621));
#1656 = CARTESIAN_POINT('',(-6.7013908067,4.421992260908,-22.20514287288
    ));
#1657 = CARTESIAN_POINT('',(-6.067508240215,-1.364334188267,
    -22.7581386858));
#1658 = CARTESIAN_POINT('',(-7.469407601169,-6.875231759401,
    -21.27535257128));
#1659 = CARTESIAN_POINT('',(-10.57462530347,-10.75941035332,
    -18.08924811541));
#1660 = CARTESIAN_POINT('',(-14.6304870774,-12.0501552478,
    -13.95249958791));
#1661 = CARTESIAN_POINT('',(-18.64415013851,-10.40581044046,
    -9.857949773234));
#1662 = CARTESIAN_POINT('',(-21.62323951418,-6.199627416327,
    -6.797973643991));
#1663 = CARTESIAN_POINT('',(-22.81875626642,-0.435482133732,
    -5.521570138183));
#1664 = CARTESIAN_POINT('',(-21.91080176681,5.491623295695,
    -6.348637884233));
#1665 = CARTESIAN_POINT('',(-19.09108094108,10.133159451625,
    -9.087471956392));
#1666 = CARTESIAN_POINT('',(-15.02097401508,12.341070673947,
    -13.07669212883));
#1667 = CARTESIAN_POINT('',(-10.67423033473,11.551666730531,
    -17.34254905561));
#1668 = CARTESIAN_POINT('',(-7.101678529768,7.929221695139,-20.834214107
    ));
#1669 = CARTESIAN_POINT('',(-5.174803801064,2.332771362669,
    -22.68020208214));
#1670 = CARTESIAN_POINT('',(-5.370764053905,-3.887459701627,
    -22.40335507573));
#1671 = CARTESIAN_POINT('',(-7.651869027834,-9.215794294514,
    -20.04136334823));
#1672 = CARTESIAN_POINT('',(-11.46992328195,-12.34042553877,
    -16.14242234055));
#1673 = CARTESIAN_POINT('',(-15.89555159089,-12.47633438942,
    -11.63590727804));
#1674 = CARTESIAN_POINT('',(-19.8420280414,-9.562321688648,
    -7.608544073966));
#1675 = CARTESIAN_POINT('',(-22.32970823146,-4.282747116165,
    -5.03997713034));
#1676 = CARTESIAN_POINT('',(-22.72672048679,2.092981568294,
    -4.562078121443));
#1677 = CARTESIAN_POINT('',(-20.90678531866,8.015576025736,
    -6.301126535999));
#1678 = CARTESIAN_POINT('',(-17.28477109248,12.032340132199,
    -9.842254008616));
#1679 = CARTESIAN_POINT('',(-12.72015883844,13.143466443695,
    -14.32597950908));
#1680 = CARTESIAN_POINT('',(-8.310831425482,11.050774206836,
    -18.65442016848));
#1681 = CARTESIAN_POINT('',(-5.126651926414,6.237035610186,
    -21.75771291398));
#1682 = CARTESIAN_POINT('',(-3.947482766958,-0.145060195221,
    -22.85599531987));
#1683 = CARTESIAN_POINT('',(-5.069795378967,-6.548853887202,
    -21.65279595429));
#1684 = CARTESIAN_POINT('',(-8.229810815433,-11.40853191024,
    -18.41189376426));
#1685 = CARTESIAN_POINT('',(-12.66302227298,-13.52198070345,
    -13.89779555313));
#1686 = CARTESIAN_POINT('',(-17.28675098288,-12.34807021676,
    -9.193180089671));
#1687 = CARTESIAN_POINT('',(-20.96215923287,-8.144866766301,
    -5.436885086123));
#1688 = CARTESIAN_POINT('',(-22.77231426805,-1.913551930432,
    -3.545843297374));
#1689 = CARTESIAN_POINT('',(-22.24841039797,4.839940741997,
    -3.988860413887));
#1690 = CARTESIAN_POINT('',(-19.48834686538,10.468849318475,
    -6.668037192908));
#1691 = CARTESIAN_POINT('',(-15.13771165945,13.587126127469,
    -10.93778564526));
#1692 = CARTESIAN_POINT('',(-10.23662863752,13.410688569028,
    -15.75798191363));
#1693 = CARTESIAN_POINT('',(-5.968775997799,9.954371744302,
    -19.94494779979));
#1694 = CARTESIAN_POINT('',(-3.373133353626,4.03515844233,
    -22.45970369039));
#1695 = CARTESIAN_POINT('',(-3.0886536171,-2.92076449603,-22.66329667335
    ));
#1696 = CARTESIAN_POINT('',(-5.19460047437,-9.221599218141,
    -20.47646306251));
#1697 = CARTESIAN_POINT('',(-9.186421165817,-13.32141046246,
    -16.4037556175));
#1698 = CARTESIAN_POINT('',(-14.09420365384,-14.19940249078,
    -11.41508637591));
#1699 = CARTESIAN_POINT('',(-18.71594456442,-11.61395416266,
    -6.712458711755));
#1700 = CARTESIAN_POINT('',(-21.9095340035,-6.168223665179,
    -3.437982519109));
#1701 = CARTESIAN_POINT('',(-22.87252997658,0.8302987283,-2.394099792463
    ));
#1702 = CARTESIAN_POINT('',(-21.34119094898,7.683653148133,
    -3.844552066501));
#1703 = CARTESIAN_POINT('',(-17.65941715921,12.715359818699,
    -7.445439102698));
#1704 = CARTESIAN_POINT('',(-12.69966522332,14.680511976627,
    -12.32430428502));
#1705 = CARTESIAN_POINT('',(-7.653961102846,13.073699493147,
    -17.28912165193));
#1706 = CARTESIAN_POINT('',(-3.745059016313,8.258618878089,
    -21.11713698489));
#1707 = CARTESIAN_POINT('',(-1.927734323805,1.386218063229,
    -22.85357492383));
#1708 = CARTESIAN_POINT('',(-2.653180653325,-5.880323336633,
    -22.04724184075));
#1709 = CARTESIAN_POINT('',(-5.754638333422,-11.76808473337,
    -18.86489740708));
#1710 = CARTESIAN_POINT('',(-10.48319972005,-14.82696636142,
    -14.05544926688));
#1711 = CARTESIAN_POINT('',(-15.68624063828,-14.28678524503,
    -8.771521595087));
#1712 = CARTESIAN_POINT('',(-20.08598532081,-10.25098025138,
    -4.29089015899));
#1713 = CARTESIAN_POINT('',(-22.59088491533,-3.678259230136,
    -1.705103810904));
#1714 = CARTESIAN_POINT('',(-22.56393050316,3.84500541391,
    -1.651171469507));
#1715 = CARTESIAN_POINT('',(-19.98195319262,10.48763192647,
    -4.15226202648));
#1716 = CARTESIAN_POINT('',(-15.44610284065,14.619343497934,
    -8.60722562488));
#1717 = CARTESIAN_POINT('',(-10.0397771537,15.210853654641,
    -13.93266455826));
#1718 = CARTESIAN_POINT('',(-5.067547186279,12.090144706667,
    -18.82400777212));
#1719 = CARTESIAN_POINT('',(-1.737986067351,5.991161719001,
    -22.07268213748));
#1720 = CARTESIAN_POINT('',(-0.867512510522,-1.618591017626,
    -22.86226894074));
#1721 = CARTESIAN_POINT('',(-2.677817835844,-8.891106258416,
    -20.97107686185));
#1722 = CARTESIAN_POINT('',(-6.737121330308,-14.04665504654,
    -16.83088661382));
#1723 = CARTESIAN_POINT('',(-12.06071687138,-15.80930870652,
    -11.42640431918));
#1724 = CARTESIAN_POINT('',(-17.34744476999,-13.72262705182,
    -6.058789667004));
#1725 = CARTESIAN_POINT('',(-21.29531171385,-8.267426540771,
    -2.030035969577));
#1726 = CARTESIAN_POINT('',(-22.91970031383,-0.751340239441,
    -0.324760616026));
#1727 = CARTESIAN_POINT('',(-21.79639861556,7.004553225307,
    -1.36717556073));
#1728 = CARTESIAN_POINT('',(-18.16947517871,13.106951347722,
    -4.913212244016));
#1729 = CARTESIAN_POINT('',(-12.8966181387,16.052500449252,
    -10.10518253045));
#1730 = CARTESIAN_POINT('',(-7.244087886636,15.098099768126,
    -15.67682602895));
#1731 = CARTESIAN_POINT('',(-2.580288046066,10.448137093864,
    -20.25973911595));
#1732 = CARTESIAN_POINT('',(-4.210668924884E-02,3.211533818107,
    -22.7170337192));
#1733 = CARTESIAN_POINT('',(-0.255383763578,-4.862598529519,
    -22.42286989131));
#1734 = CARTESIAN_POINT('',(-3.178227780247,-11.80770410059,
    -19.41913912107));
#1735 = CARTESIAN_POINT('',(-8.10637804788,-15.9187617176,
    -14.41010209987));
#1736 = CARTESIAN_POINT('',(-13.84048373184,-16.17083584426,
    -8.595109662339));
#1737 = CARTESIAN_POINT('',(-18.97559104571,-12.47446058492,
    -3.379115594904));
#1738 = CARTESIAN_POINT('',(-22.24296993047,-5.704256838698,
    -3.084995657946E-02));
#1739 = CARTESIAN_POINT('',(-22.82111345322,2.507847682582,
    0.628180319738));
#1740 = CARTESIAN_POINT('',(-20.53967958769,10.165950499755,
    -1.572366792222));
#1741 = CARTESIAN_POINT('',(-15.92576566586,15.395265495106,
    -6.105393960488));
#1742 = CARTESIAN_POINT('',(-10.08008094982,16.901075104705,
    -11.87019192295));
#1743 = CARTESIAN_POINT('',(-4.412069564269,14.289194752242,
    -17.45731655494));
#1744 = CARTESIAN_POINT('',(-0.29771612645,8.168651319953,
    -21.49078323919));
#1745 = CARTESIAN_POINT('',(1.256886161994,9.944932298051E-03,
    -22.96449877407));
#1746 = CARTESIAN_POINT('',(-0.136051805739,-8.208188456196,
    -21.49067405277));
#1747 = CARTESIAN_POINT('',(-4.146944205287,-14.47867518051,
    -17.39889489965));
#1748 = CARTESIAN_POINT('',(-9.804354784352,-17.25627558446,
    -11.66059756702));
#1749 = CARTESIAN_POINT('',(-15.72787703534,-15.83831999974,
    -5.656188562465));
#1750 = CARTESIAN_POINT('',(-20.46255517523,-10.54221238579,
    -0.840623669009));
#1751 = CARTESIAN_POINT('',(-22.83382993579,-2.634921759219,
    1.61153784512));
#1752 = CARTESIAN_POINT('',(-22.23641834533,5.970018897796,
    1.095013008228));
#1753 = CARTESIAN_POINT('',(-18.78608601144,13.175564868237,
    -2.274432572094));
#1754 = CARTESIAN_POINT('',(-13.29628844592,17.212213647717,
    -7.683343384051));
#1755 = CARTESIAN_POINT('',(-7.08419425236,17.072515966522,
    -13.81455082404));
#1756 = CARTESIAN_POINT('',(-1.652326241747,12.762355695004,
    -19.16553208109));
#1757 = CARTESIAN_POINT('',(1.6772360911,5.306360688058,-22.41420766037)
  );
#1758 = CARTESIAN_POINT('',(2.087037299777,-3.49553775013,
    -22.74312211548));
#1759 = CARTESIAN_POINT('',(-0.532676465575,-11.50259230294,
    -20.04252159656));
#1760 = CARTESIAN_POINT('',(-5.552412116457,-16.75389969614,
    -14.94189919211));
#1761 = CARTESIAN_POINT('',(-11.75227036928,-17.94860153357,
    -8.661154185714));
#1762 = CARTESIAN_POINT('',(-17.61601014429,-14.76803515002,
    -2.716527657136));
#1763 = CARTESIAN_POINT('',(-21.69945713816,-7.960079140218,
    1.447806090303));
#1764 = CARTESIAN_POINT('',(-22.9837427725,0.836486869352,2.812978478211
    ));
#1765 = CARTESIAN_POINT('',(-21.12697489165,9.48641328882,1.037097350919
    ));
#1766 = CARTESIAN_POINT('',(-16.55218845687,15.876280399033,
    -3.456802330293));
#1767 = CARTESIAN_POINT('',(-10.34901692871,18.430858325819,
    -9.579087104881));
#1768 = CARTESIAN_POINT('',(-4.011888788642,16.501369702356,
    -15.83532849138));
#1769 = CARTESIAN_POINT('',(0.922358501901,10.529971167329,
    -20.68868902836));
#1770 = CARTESIAN_POINT('',(3.24957279226,1.948820237895,-22.93501656515
    ));
#1771 = CARTESIAN_POINT('',(2.39454164471,-7.163332874022,
    -21.99909866403));
#1772 = CARTESIAN_POINT('',(-1.444471413389,-14.58470331051,
    -18.07919885237));
#1773 = CARTESIAN_POINT('',(-7.339191228944,-18.49219989492,
    -12.10359228324));
#1774 = CARTESIAN_POINT('',(-13.85338316752,-17.90923686931,
    -5.508513591095));
#1775 = CARTESIAN_POINT('',(-19.39039225522,-12.94964085633,
    0.109382250166));
#1776 = CARTESIAN_POINT('',(-22.58207483886,-4.796775791063,
    3.38195158738));
#1777 = CARTESIAN_POINT('',(-22.62438236955,4.57869542719,3.505145871638
    ));
#1778 = CARTESIAN_POINT('',(-19.47728892325,12.895125406258,
    0.438939178899));
#1779 = CARTESIAN_POINT('',(-13.8793726017,18.115151929665,
    -5.078090389086));
#1780 = CARTESIAN_POINT('',(-7.172324051035,18.94479045942,
    -11.70425218618));
#1781 = CARTESIAN_POINT('',(-0.977055518472,15.154091956537,
    -17.81863396518));
#1782 = CARTESIAN_POINT('',(3.20040587011,7.639930261401,-21.91520860019
    ));
#1783 = CARTESIAN_POINT('',(4.337418055608,-1.786022602235,
    -22.97133403212));
#1784 = CARTESIAN_POINT('',(2.147453923585,-10.83405333714,
    -20.70048314653));
#1785 = CARTESIAN_POINT('',(-2.845382687331,-17.29261297276,
    -15.62675978205));
#1786 = CARTESIAN_POINT('',(-9.429354170374,-19.56886099497,
    -8.96190154544));
#1787 = CARTESIAN_POINT('',(-15.99677410191,-17.08143124409,
    -2.313594860332));
#1788 = CARTESIAN_POINT('',(-20.93417525045,-10.40858687914,
    2.704693041778));
#1789 = CARTESIAN_POINT('',(-23.01627188056,-1.154085027201,
    4.867676425458));
#1790 = CARTESIAN_POINT('',(-21.7075230931,8.438209908889,3.639814391562
    ));
#1791 = CARTESIAN_POINT('',(-17.29708658446,16.028370134707,
    -0.689735363514));
#1792 = CARTESIAN_POINT('',(-10.83319486047,19.751199413024,
    -7.072740333931));
#1793 = CARTESIAN_POINT('',(-3.87176901459,18.674541797633,
    -13.95327942625));
#1794 = CARTESIAN_POINT('',(1.900455999165,13.032500491716,
    -19.64461768643));
#1795 = CARTESIAN_POINT('',(5.077010216157,4.175260369769,
    -22.74028514986));
#1796 = CARTESIAN_POINT('',(4.87678665427,-5.75392828766,-22.45917483441
    ));
#1797 = CARTESIAN_POINT('',(1.338489140981,-14.33735007268,
    -18.83999056755));
#1798 = CARTESIAN_POINT('',(-4.683951503689,-19.47152778666,
    -12.73666316931));
#1799 = CARTESIAN_POINT('',(-11.72505429375,-19.88268212797,
    -5.614673625685));
#1800 = CARTESIAN_POINT('',(-18.06199777679,-15.44263956614,
    0.803156610928));
#1801 = CARTESIAN_POINT('',(-22.13375354082,-7.206867894815,
    4.955799128526));
#1802 = CARTESIAN_POINT('',(-22.92317540629,2.836282526003,
    5.826107747561));
#1803 = CARTESIAN_POINT('',(-20.20852424726,12.245591909992,
    3.192343342092));
#1804 = CARTESIAN_POINT('',(-14.62224567095,18.720364973861,
    -2.313048480649));
#1805 = CARTESIAN_POINT('',(-7.501524380431,20.662968012335,
    -9.352883017601));
#1806 = CARTESIAN_POINT('',(-0.565897198927,17.57296754806,
    -16.20762344553));
#1807 = CARTESIAN_POINT('',(4.500356729183,10.175653572241,
    -21.19299062008));
#1808 = CARTESIAN_POINT('',(6.459627558727,0.252029980319,
    -23.07137469605));
#1809 = CARTESIAN_POINT('',(4.825695757603,-9.789935653162,
    -21.35655614136));
#1810 = CARTESIAN_POINT('',(-1.325512848439E-02,-17.49960018117,
    -16.43671850171));
#1811 = CARTESIAN_POINT('',(-6.884411019581,-20.9816959251,
    -9.484675857047));
#1812 = CARTESIAN_POINT('',(-14.11218107426,-19.36219828828,
    -2.176019048796));
#1813 = CARTESIAN_POINT('',(-19.92440781876,-13.00750816732,
    3.717094449271));
#1814 = CARTESIAN_POINT('',(-22.88445844642,-3.442031739042,
    6.758031830504));
#1815 = CARTESIAN_POINT('',(-22.24384418986,7.017426852583,
    6.198304327504));
#1816 = CARTESIAN_POINT('',(-18.12882401031,15.822793310706,
    2.164170901523));
#1817 = CARTESIAN_POINT('',(-11.51449723694,20.815470101132,
    -4.369269118279));
#1818 = CARTESIAN_POINT('',(-3.991517013245,20.755479884739,
    -11.81136258841));
#1819 = CARTESIAN_POINT('',(2.618779756035,15.629301590362,
    -18.34077260412));
#1820 = CARTESIAN_POINT('',(6.707707083399,6.660005430632,
    -22.34881317792));
#1821 = CARTESIAN_POINT('',(7.273116364721,-3.984445566769,
    -22.83333570567));
#1822 = CARTESIAN_POINT('',(4.16739507587,-13.71518750246,
    -19.64672766325));
#1823 = CARTESIAN_POINT('',(-1.861777058457,-20.15209945271,
    -13.53666877536));
#1824 = CARTESIAN_POINT('',(-9.349009250573,-21.70596209189,
    -5.968549829678));
#1825 = CARTESIAN_POINT('',(-16.4649667095,-17.97074321894,
    1.228294382824));
#1826 = CARTESIAN_POINT('',(-21.46092462624,-9.829196813678,
    6.305139053127));
#1827 = CARTESIAN_POINT('',(-23.09607648358,0.755574945502,
    8.021177664034));
#1828 = CARTESIAN_POINT('',(-20.94318375299,11.213426335571,
    5.949171687018));
#1829 = CARTESIAN_POINT('',(-15.49728664099,18.991235698858,
    0.584161328578));
#1830 = CARTESIAN_POINT('',(-8.059866805703,22.176204422115,
    -6.772371753142));
#1831 = CARTESIAN_POINT('',(-0.42552386708,19.966221430222,
    -14.32582793819));
#1832 = CARTESIAN_POINT('',(5.553412689544,12.871640942291,
    -20.22387774125));
#1833 = CARTESIAN_POINT('',(8.4187077078,2.597768244673,-23.00828600594)
  );
#1834 = CARTESIAN_POINT('',(7.464271265433,-8.364975537944,-21.97296281)
  );
#1835 = CARTESIAN_POINT('',(2.912528271342,-17.3447300403,
    -17.34033306235));
#1836 = CARTESIAN_POINT('',(-4.134918512024,-22.13938517437,
    -10.21199952541));
#1837 = CARTESIAN_POINT('',(-11.96149184007,-21.55657506359,
    -2.304539443799));
#1838 = CARTESIAN_POINT('',(-18.65135826968,-15.71006834123,
    4.466213739381));
#1839 = CARTESIAN_POINT('',(-22.55598576196,-5.998912251499,
    8.451727985223));
#1840 = CARTESIAN_POINT('',(-22.69792116665,5.227256592704,
    8.674550143488));
#1841 = CARTESIAN_POINT('',(-19.01289371283,15.236692388578,
    5.070409443234));
#1842 = CARTESIAN_POINT('',(-12.37029649146,21.58027581557,
    -1.491301024571));
#1843 = CARTESIAN_POINT('',(-4.365883358579,22.690750216387,
    -9.41482740389));
#1844 = CARTESIAN_POINT('',(3.063909370753,18.269844781655,
    -16.76373337965));
#1845 = CARTESIAN_POINT('',(8.112806273872,9.367683252524,-21.7317435292
    ));
#1846 = CARTESIAN_POINT('',(9.546216037053,-1.866507130067,
    -23.08426653881));
#1847 = CARTESIAN_POINT('',(7.005511294077,-12.70324437391,
    -20.46267504227));
#1848 = CARTESIAN_POINT('',(1.100083391062,-20.49595032145,
    -14.47636038569));
#1849 = CARTESIAN_POINT('',(-6.736393637727,-23.32729765873,
    -6.558996603336));
#1850 = CARTESIAN_POINT('',(-14.59162152395,-20.48089641944,
    1.377118036457));
#1851 = CARTESIAN_POINT('',(-20.53892794178,-12.62229248174,
    7.405311207855));
#1852 = CARTESIAN_POINT('',(-23.1074027329,-1.643609735522,
    10.054672752544));
#1853 = CARTESIAN_POINT('',(-21.64320083915,9.791964940641,
    8.671357612362));
#1854 = CARTESIAN_POINT('',(-16.4732717555,18.896205143105,
    3.582315282282));
#1855 = CARTESIAN_POINT('',(-8.830548290186,23.435669213947,
    -3.979521429473));
#1856 = CARTESIAN_POINT('',(-0.557643273689,22.279571367861,
    -12.1715396924));
#1857 = CARTESIAN_POINT('',(6.339748525388,15.681313208897,
    -18.98804473791));
#1858 = CARTESIAN_POINT('',(10.181502202407,5.223618111511,
    -22.74891166136));
#1859 = CARTESIAN_POINT('',(10.024717056276,-6.561035103446,
    -22.51123976166));
#1860 = CARTESIAN_POINT('',(5.897516818991,-16.80367226223,
    -18.30315277081));
#1861 = CARTESIAN_POINT('',(-1.202957217615,-22.99727562933,
    -11.12179198063));
#1862 = CARTESIAN_POINT('',(-9.54904919696,-23.61038931434,
    -2.694813247727));
#1863 = CARTESIAN_POINT('',(-17.10055859628,-18.4656999691,
    4.937582905165));
#1864 = CARTESIAN_POINT('',(-22.00106166888,-8.790028813966,
    9.918972731338));
#1865 = CARTESIAN_POINT('',(-23.03184388472,3.078096189833,
    11.030641700738));
#1866 = CARTESIAN_POINT('',(-19.91245028904,14.253615175776,
    7.992134858629));
#1867 = CARTESIAN_POINT('',(-13.37374700216,22.006273674278,
    1.534318325318));
#1868 = CARTESIAN_POINT('',(-4.984542855727,24.427632567261,
    -6.773999067555));
#1869 = CARTESIAN_POINT('',(3.227127185427,20.900800338986,
    -14.90478235514));
#1870 = CARTESIAN_POINT('',(9.266639286528,12.257284891132,
    -20.86340770267));
#1871 = CARTESIAN_POINT('',(11.659670845682,0.581156564548,
    -23.17555250826));
#1872 = CARTESIAN_POINT('',(9.814494005201,-11.29340542927,
    -21.24948891421));
#1873 = CARTESIAN_POINT('',(4.170652341906,-20.47005633296,
    -15.52476049735));
#1874 = CARTESIAN_POINT('',(-3.903298833516,-24.69673490846,
    -7.369922568361));
#1875 = CARTESIAN_POINT('',(-12.43924849154,-22.91830866971,
    1.246913843232));
#1876 = CARTESIAN_POINT('',(-19.34688097464,-15.53980788142,
    8.235433079902));
#1877 = CARTESIAN_POINT('',(-22.92314549298,-4.33461606368,
    11.892584351814));
#1878 = CARTESIAN_POINT('',(-22.26967204256,7.981685311008,
    11.319997654954));
#1879 = CARTESIAN_POINT('',(-17.51583057975,18.409426870508,
    6.647042945718));
#1880 = CARTESIAN_POINT('',(-9.792071051899,24.395428777492,
    -0.995829828573));
#1881 = CARTESIAN_POINT('',(-0.958858204701,24.458111561398,
    -9.748155922203));
#1882 = CARTESIAN_POINT('',(6.843816020984,18.554095999013,
    -17.46994339432));
#1883 = CARTESIAN_POINT('',(11.717265603502,8.095605493451,
    -22.26250622327));
#1884 = CARTESIAN_POINT('',(12.468528245918,-4.387230325171,
    -22.93288211212));
#1885 = CARTESIAN_POINT('',(8.904774292036,-15.85844508164,
    -19.28824140467));
#1886 = CARTESIAN_POINT('',(1.885063981055,-23.51461653984,
    -12.18764434012));
#1887 = CARTESIAN_POINT('',(-6.884318290895,-25.46997651014,
    -3.337375314604));
#1888 = CARTESIAN_POINT('',(-15.26221503856,-21.22082309689,
    5.121408186629));
#1889 = CARTESIAN_POINT('',(-21.19298583439,-11.77487923282,
    11.133065736032));
#1890 = CARTESIAN_POINT('',(-23.20846037428,0.587532882274,
    13.229427029483));
#1891 = CARTESIAN_POINT('',(-20.78888722911,12.863942002646,
    10.890740637883));
#1892 = CARTESIAN_POINT('',(-14.49414820356,22.058937780784,
    4.676888365902));
#1893 = CARTESIAN_POINT('',(-5.832155257327,25.915038059327,
    -3.904217826768));
#1894 = CARTESIAN_POINT('',(3.104674845174,23.466886155069,
    -12.7601611757));
#1895 = CARTESIAN_POINT('',(10.147237955438,15.282736358386,
    -19.72183753239));
#1896 = CARTESIAN_POINT('',(13.57860867394,3.332863923203,
    -23.07232149733));
#1897 = CARTESIAN_POINT('',(12.55500864923,-9.484707585846,
    -21.96783471905));
#1898 = CARTESIAN_POINT('',(7.315666565988,-20.04701158018,
    -16.64760588224));
#1899 = CARTESIAN_POINT('',(-0.870601414926,-25.76703988992,
    -8.380451147765));
#1900 = CARTESIAN_POINT('',(-10.01025869776,-25.22734922928,
    0.840092888638));
#1901 = CARTESIAN_POINT('',(-17.86812253404,-18.53119678222,
    8.77884347849));
#1902 = CARTESIAN_POINT('',(-22.51158910841,-7.28424672667,
    13.503196806426));
#1903 = CARTESIAN_POINT('',(-22.78350084732,5.790364100364,
    13.855995298906));
#1904 = CARTESIAN_POINT('',(-18.58795857014,17.511340400134,
    9.741339775292));
#1905 = CARTESIAN_POINT('',(-10.91849942107,25.013296508539,
    2.152767379792));
#1906 = CARTESIAN_POINT('',(-1.620605158572,26.447233292353,
    -7.064240129147));
#1907 = CARTESIAN_POINT('',(7.054708745059,21.436187457154,
    -15.6586672792));
#1908 = CARTESIAN_POINT('',(12.998243171162,11.173784689894,
    -21.52131495174));
#1909 = CARTESIAN_POINT('',(14.757812726633,-1.859946125896,
    -23.19999775364));
#1910 = CARTESIAN_POINT('',(11.895448874379,-14.49787037509,
    -20.25674714782));
#1911 = CARTESIAN_POINT('',(5.098755114548,-23.65534442503,
    -13.37916663442));
#1912 = CARTESIAN_POINT('',(-3.981846488426,-27.08310418981,
    -4.217678277888));
#1913 = CARTESIAN_POINT('',(-13.13148494551,-23.91968474295,
    5.012846932768));
#1914 = CARTESIAN_POINT('',(-20.10867656024,-14.90770771264,
    12.070925301069));
#1915 = CARTESIAN_POINT('',(-23.19202584764,-2.219784257935,
    15.235161342039));
#1916 = CARTESIAN_POINT('',(-21.60245066527,11.065211237807,
    13.726472913233));
#1917 = CARTESIAN_POINT('',(-15.69737408372,21.709259815868,
    7.902283085246));
#1918 = CARTESIAN_POINT('',(-6.888506168482,27.10441496842,
    -0.825698076427));
#1919 = CARTESIAN_POINT('',(2.697935330702,25.911759006788,
    -10.33125282204));
#1920 = CARTESIAN_POINT('',(10.736795398582,18.39355900798,
    -18.28922613635));
#1921 = CARTESIAN_POINT('',(15.270328236356,6.356251315169,
    -22.74187222056));
#1922 = CARTESIAN_POINT('',(15.187372816371,-7.283527637246,
    -22.57803004701));
#1923 = CARTESIAN_POINT('',(10.498078782706,-19.20562748152,
    -17.80784925977));
#1924 = CARTESIAN_POINT('',(2.336275427937,-26.4945640391,
    -9.565159151441));
#1925 = CARTESIAN_POINT('',(-7.31227058777,-27.35246885509,
    0.164273617834));
#1926 = CARTESIAN_POINT('',(-16.09059655517,-21.54246810105,
    9.023486338801));
#1927 = CARTESIAN_POINT('',(-21.84390298599,-10.45316634578,
    14.85767952319));
#1928 = CARTESIAN_POINT('',(-23.14605439196,3.233121995593,
    16.240717682727));
#1929 = CARTESIAN_POINT('',(-19.65057906449,16.189154244332,
    12.826129108827));
#1930 = CARTESIAN_POINT('',(-12.17979065451,25.251636897523,
    5.436227452416));
#1931 = CARTESIAN_POINT('',(-2.529173568156,28.193555052047,
    -4.133502880376));
#1932 = CARTESIAN_POINT('',(6.9664592472,24.271388710195,-13.54824894216
    ));
#1933 = CARTESIAN_POINT('',(14.000212504005,14.412767558625,
    -20.5011154454));
#1934 = CARTESIAN_POINT('',(16.855945903813,0.99726290169,
    -23.27596209164));
#1935 = CARTESIAN_POINT('',(14.829382124268,-12.7179285978,
    -21.16851155853));
#1936 = CARTESIAN_POINT('',(8.404160487146,-23.38880630528,
    -14.66240316784));
#1937 = CARTESIAN_POINT('',(-0.861142544924,-28.39988812891,
    -5.316213382203));
#1938 = CARTESIAN_POINT('',(-10.70867995497,-26.50524571855,
    4.612210781417));
#1939 = CARTESIAN_POINT('',(-18.72914882474,-18.13814705481,
    12.71356640475));
#1940 = CARTESIAN_POINT('',(-22.94883971039,-5.312385891518,
    17.014144043967));
#1941 = CARTESIAN_POINT('',(-22.31288081164,8.862337199367,
    16.459071898791));
#1942 = CARTESIAN_POINT('',(-16.9463633561,20.934373772803,
    11.173441196813));
#1943 = CARTESIAN_POINT('',(-8.128726889907,27.950628852475,
    2.436691484185));
#1944 = CARTESIAN_POINT('',(2.013536949489,28.178936573207,
    -7.624685601643));
#1945 = CARTESIAN_POINT('',(11.022068771591,21.535609659194,
    -16.55233067017));
#1946 = CARTESIAN_POINT('',(16.704902989975,9.61265155223,
    -22.15427813499));
#1947 = CARTESIAN_POINT('',(17.67221483128,-4.703657480192,
    -23.04070322273));
#1948 = CARTESIAN_POINT('',(13.678611082643,-17.93144369381,
    -18.96621272052));
#1949 = CARTESIAN_POINT('',(5.687675762853,-26.84006699183,
    -10.89439064717));
#1950 = CARTESIAN_POINT('',(-4.358111963637,-29.23913495233,
    -0.767716167112));
#1951 = CARTESIAN_POINT('',(-14.007169648,-24.51700645448,8.962228270825
    ));
#1952 = CARTESIAN_POINT('',(-20.8946977822,-13.79640818882,
    15.930643158591));
#1953 = CARTESIAN_POINT('',(-23.31982341461,0.33235400981,
    18.436655544565));
#1954 = CARTESIAN_POINT('',(-20.66314684588,14.437230362256,
    15.860865729401));
#1955 = CARTESIAN_POINT('',(-13.54219557874,25.078111064848,
    8.820801215834));
#1956 = CARTESIAN_POINT('',(-3.665806161946,29.645848381141,
    -0.974701447399));
#1957 = CARTESIAN_POINT('',(6.578263501917,27.001985369053,
    -11.13788435769));
#1958 = CARTESIAN_POINT('',(14.702978481779,17.762346678799,
    -19.18171258398));
#1959 = CARTESIAN_POINT('',(18.728216139862,4.153885912009,
    -23.1260634885));
#1960 = CARTESIAN_POINT('',(17.665748324339,-10.5220071395,
    -21.98270891941));
#1961 = CARTESIAN_POINT('',(11.764236732053,-22.69040979472,
    -16.00031057356));
#1962 = CARTESIAN_POINT('',(2.453524023509,-29.37368658116,
    -6.608711111449));
#1963 = CARTESIAN_POINT('',(-7.999391644729,-28.92010207952,
    3.925091310356));
#1964 = CARTESIAN_POINT('',(-17.03993588964,-21.41194365691,
    13.046522308836));
#1965 = CARTESIAN_POINT('',(-22.44786094261,-8.652334862046,
    18.535334115381));
#1966 = CARTESIAN_POINT('',(-22.88007184486,6.267716013348,19.0484317712
    ));
#1967 = CARTESIAN_POINT('',(-18.20166368065,19.718094678497,
    14.450910360555));
#1968 = CARTESIAN_POINT('',(-9.523590808348,28.412803600208,
    5.853724241813));
#1969 = CARTESIAN_POINT('',(1.063376860015,30.212736815953,
    -4.652356672983));
#1970 = CARTESIAN_POINT('',(10.994717172224,24.651890331012,
    -14.50281023162));
#1971 = CARTESIAN_POINT('',(17.855751566787,13.057577343877,
    -21.28295787262));
#1972 = CARTESIAN_POINT('',(19.9711383703,-1.766264476309,
    -23.31745792256));
#1973 = CARTESIAN_POINT('',(16.816352446643,-16.21714215869,
    -20.08178524534));
#1974 = CARTESIAN_POINT('',(9.150096251886,-26.76948405654,
    -12.33464229701));
#1975 = CARTESIAN_POINT('',(-1.165740488698,-30.83476636586,
    -1.937918802865));
#1976 = CARTESIAN_POINT('',(-11.61587691004,-27.3964474408,
    8.593104372051));
#1977 = CARTESIAN_POINT('',(-19.64253703409,-17.26397743431,
    16.700651249669));
#1978 = CARTESIAN_POINT('',(-23.26907565126,-2.882455169124,
    20.408076620409));
#1979 = CARTESIAN_POINT('',(-21.58428477375,12.257363179399,
    18.804172496464));
#1980 = CARTESIAN_POINT('',(-14.96872390101,24.466351978185,
    12.269498377294));
#1981 = CARTESIAN_POINT('',(-5.006879903358,30.755945595808,
    2.388541133199));
#1982 = CARTESIAN_POINT('',(5.894628424258,29.569667540662,
    -8.432080440849));
#1983 = CARTESIAN_POINT('',(15.090813610524,21.168204319215,
    -17.54737887354));
#1984 = CARTESIAN_POINT('',(20.342451198094,7.57278150724,
    -22.71812970755));
#1985 = CARTESIAN_POINT('',(20.363715056894,-7.921037172998,
    -22.65850681278));
#1986 = CARTESIAN_POINT('',(15.139387179221,-21.54218953947,
    -17.35329218154));
#1987 = CARTESIAN_POINT('',(5.933401308046,-29.96195904328,-8.0664195568
    ));
#1988 = CARTESIAN_POINT('',(-5.01453688485,-31.10742791269,
    2.962405389664));
#1989 = CARTESIAN_POINT('',(-15.03144754719,-24.67175550049,
    13.060202805575));
#1990 = CARTESIAN_POINT('',(-21.66129245109,-12.1956855857,
    19.770934463039));
#1991 = CARTESIAN_POINT('',(-23.26474063465,3.301216535728,
    21.455269400173));
#1992 = CARTESIAN_POINT('',(-19.42202247967,18.051362286839,
    17.693437998755));
#1993 = CARTESIAN_POINT('',(-11.03988283,28.455110445747,9.392185102651)
  );
#1994 = CARTESIAN_POINT('',(-0.135437164426,31.959220968362,
    -1.431373809355));
#1995 = CARTESIAN_POINT('',(10.651568908039,27.683416380928,
    -12.13749312825));
#1996 = CARTESIAN_POINT('',(18.700165867085,16.641303780243,
    -20.10520333373));
#1997 = CARTESIAN_POINT('',(22.047383297727,1.500263831134,
    -23.3715340108));
#1998 = CARTESIAN_POINT('',(19.86939203679,-14.06285700761,
    -21.1126559963));
#1999 = CARTESIAN_POINT('',(12.686638027298,-26.25462625576,
    -13.84901523324));
#2000 = CARTESIAN_POINT('',(2.241917187287,-32.08965400362,
    -3.323407639663));
#2001 = CARTESIAN_POINT('',(-8.920091685209,-30.1215951699,7.9194879864)
  );
#2002 = CARTESIAN_POINT('',(-18.07039575787,-20.80154344852,
    17.150678812637));
#2003 = CARTESIAN_POINT('',(-22.96049357235,-6.375028907475,
    22.121663380683));
#2004 = CARTESIAN_POINT('',(-22.37244318229,9.658946827705,
    21.614499744187));
#2005 = CARTESIAN_POINT('',(-16.41967041565,23.396560271199,
    15.742613731118));
#2006 = CARTESIAN_POINT('',(-6.524161340743,31.479612352396,
    5.92799140977));
#2007 = CARTESIAN_POINT('',(4.92543094048,31.916481515767,
    -5.440714117883));
#2008 = CARTESIAN_POINT('',(15.15285244751,24.572685738391,
    -15.58724887134));
#2009 = CARTESIAN_POINT('',(21.669586206701,11.21063488774,
    -22.02309587697));
#2010 = CARTESIAN_POINT('',(22.883172038185,-4.933558372485,
    -23.15579495488));
#2011 = CARTESIAN_POINT('',(18.487938446079,-19.93319984333,
    -18.67967460921));
#2012 = CARTESIAN_POINT('',(9.545809896506,-30.12722898815,
    -9.656659306072));
#2013 = CARTESIAN_POINT('',(-1.770704353292,-33.01163642695,
    1.740741697292));
#2014 = CARTESIAN_POINT('',(-12.69852118094,-27.85856794737,
    12.749445278516));
#2015 = CARTESIAN_POINT('',(-20.56663451341,-15.89191801781,
    20.698445364551));
#2016 = CARTESIAN_POINT('',(-22.47248958525,-5.305775243016,
    22.658224938768));
#2017 = CARTESIAN_POINT('',(-22.47248958525,-1.098157074256E-12,
    22.685187189957));
#2018 = CARTESIAN_POINT('',(-22.36316228696,-3.302098902375E-14,
    -20.67165076173));
#2019 = CARTESIAN_POINT('',(-22.36316228696,0.397231075783,
    -20.61772625935));
#2020 = CARTESIAN_POINT('',(-22.05865592846,1.273657563461,
    -20.8143836131));
#2021 = CARTESIAN_POINT('',(-20.89608329439,1.554786392593,
    -21.81518274004));
#2022 = CARTESIAN_POINT('',(-20.00838425369,0.317664551707,
    -22.5411082736));
#2023 = CARTESIAN_POINT('',(-20.25401993405,-1.432595007001,
    -22.1336990861));
#2024 = CARTESIAN_POINT('',(-21.47952737799,-2.024464940045,
    -20.74641813503));
#2025 = CARTESIAN_POINT('',(-22.52449953757,-0.703804630654,
    -19.53967246832));
#2026 = CARTESIAN_POINT('',(-22.25281692637,1.476890120373,
    -19.64958157238));
#2027 = CARTESIAN_POINT('',(-20.68827022082,2.48172317554,
    -21.05235477079));
#2028 = CARTESIAN_POINT('',(-19.13093287219,1.189901641946,
    -22.44791861229));
#2029 = CARTESIAN_POINT('',(-19.0198992622,-1.394032398573,
    -22.39717871515));
#2030 = CARTESIAN_POINT('',(-20.53609723454,-2.897611514438,
    -20.71920723567));
#2031 = CARTESIAN_POINT('',(-22.29659070948,-1.758504014589,
    -18.7969402536));
#2032 = CARTESIAN_POINT('',(-22.54837434001,1.175409288294,
    -18.38338311593));
#2033 = CARTESIAN_POINT('',(-20.83460991016,3.244301573135,
    -19.93537403865));
#2034 = CARTESIAN_POINT('',(-18.55191194392,2.387540383902,
    -22.05629849775));
#2035 = CARTESIAN_POINT('',(-17.76148688585,-0.81770630304,
    -22.68495004868));
#2036 = CARTESIAN_POINT('',(-19.26060642489,-3.495687700622,
    -21.02405700251));
#2037 = CARTESIAN_POINT('',(-21.71785293201,-3.051256414095,
    -18.40503698826));
#2038 = CARTESIAN_POINT('',(-22.78695550806,0.323289586894,
    -17.17416090507));
#2039 = CARTESIAN_POINT('',(-21.27544110342,3.628328976717,
    -18.52390180257));
#2040 = CARTESIAN_POINT('',(-18.36386145577,3.721092762282,
    -21.27370794309));
#2041 = CARTESIAN_POINT('',(-16.64295712325,0.299699756942,
    -22.83283876848));
#2042 = CARTESIAN_POINT('',(-17.74253441305,-3.622373335841,
    -21.57148797154));
#2043 = CARTESIAN_POINT('',(-20.7221625696,-4.366643865954,
    -18.43008630786));
#2044 = CARTESIAN_POINT('',(-22.80405629416,-1.03745794174,
    -16.18641907616));
#2045 = CARTESIAN_POINT('',(-21.89409443626,3.462387830589,
    -16.93460742692));
#2046 = CARTESIAN_POINT('',(-18.60319956006,4.956693392901,
    -20.06372879599));
#2047 = CARTESIAN_POINT('',(-15.82319351624,1.870823022434,
    -22.68196133268));
#2048 = CARTESIAN_POINT('',(-16.1223300257,-3.138059709495,
    -22.22105131608));
#2049 = CARTESIAN_POINT('',(-19.30505587143,-5.460300650691,
    -18.87655196322));
#2050 = CARTESIAN_POINT('',(-22.45238913102,-2.775759261166,
    -15.56744519649));
#2051 = CARTESIAN_POINT('',(-22.53049447752,2.644736299527,
    -15.32756634286));
#2052 = CARTESIAN_POINT('',(-19.24139682958,5.84791876097,
    -18.45489048366));
#2053 = CARTESIAN_POINT('',(-15.43181793866,3.723983494644,
    -22.10269586745));
#2054 = CARTESIAN_POINT('',(-14.57545549327,-1.983736459182,
    -22.7972848057));
#2055 = CARTESIAN_POINT('',(-17.52678193994,-6.092599267105,
    -19.68418485189));
#2056 = CARTESIAN_POINT('',(-21.6280771885,-4.683556839322,
    -15.4211160962));
#2057 = CARTESIAN_POINT('',(-22.7656588531,0.187848490181,
    -14.14872317565));
#2058 = CARTESIAN_POINT('',(-21.59852147146,3.669704845861,
    -15.20801155254));
#2059 = CARTESIAN_POINT('',(-19.40408190685,6.075430640964,
    -17.29460211239));
#2060 = CARTESIAN_POINT('',(-16.33030454706,5.709589779208,
    -20.26053046743));
#2061 = CARTESIAN_POINT('',(-14.41116728818,2.716053052072,
    -22.07181872155));
#2062 = CARTESIAN_POINT('',(-13.66502600983,-1.174584441944,
    -22.71011099514));
#2063 = CARTESIAN_POINT('',(-15.51207607045,-6.061004399783,
    -20.72824967858));
#2064 = CARTESIAN_POINT('',(-20.27569967121,-6.502187977963,
    -15.80285257069));
#2065 = CARTESIAN_POINT('',(-22.64193936556,-1.830315755636,
    -13.30180162038));
#2066 = CARTESIAN_POINT('',(-22.20606936911,2.431275940873,
    -13.62982261208));
#2067 = CARTESIAN_POINT('',(-20.42559618426,6.002954447683,
    -15.30244679217));
#2068 = CARTESIAN_POINT('',(-16.19462030084,7.293192132461,
    -19.39861141965));
#2069 = CARTESIAN_POINT('',(-13.06012616214,2.953311992907,
    -22.3982943024));
#2070 = CARTESIAN_POINT('',(-12.93235740891,-1.575148878168,
    -22.41821405088));
#2071 = CARTESIAN_POINT('',(-14.28362482875,-5.682115370064,
    -20.95909762628));
#2072 = CARTESIAN_POINT('',(-18.40232216949,-7.954091997048,
    -16.7055890296));
#2073 = CARTESIAN_POINT('',(-22.7481467892,-3.34270817906,
    -12.19799090275));
#2074 = CARTESIAN_POINT('',(-22.388440331,3.184475725609,-12.422886105)
  );
#2075 = CARTESIAN_POINT('',(-19.81990831874,6.499075644518,
    -14.88356911251));
#2076 = CARTESIAN_POINT('',(-17.29195340544,7.448232643496,
    -17.33063727224));
#2077 = CARTESIAN_POINT('',(-14.71192918509,6.578919175519,
    -19.82977473902));
#2078 = CARTESIAN_POINT('',(-12.7216764236,4.07275401342,-21.73914074695
    ));
#2079 = CARTESIAN_POINT('',(-11.81822319252,0.552149717911,
    -22.56170722446));
#2080 = CARTESIAN_POINT('',(-12.3178816156,-4.460197755663,
    -21.95419979662));
#2081 = CARTESIAN_POINT('',(-15.35188572317,-7.865537729203,
    -18.81234668429));
#2082 = CARTESIAN_POINT('',(-18.95495284587,-7.368610250611,
    -15.10143055684));
#2083 = CARTESIAN_POINT('',(-21.19599835725,-5.23182159181,
    -12.77949829189));
#2084 = CARTESIAN_POINT('',(-22.45698170717,-1.750244486976,
    -11.43762818841));
#2085 = CARTESIAN_POINT('',(-22.37633910692,2.197481451531,
    -11.43738403509));
#2086 = CARTESIAN_POINT('',(-20.95855150298,5.673423482647,
    -12.77428488545));
#2087 = CARTESIAN_POINT('',(-18.5139074261,7.804859577959,
    -15.13804220877));
#2088 = CARTESIAN_POINT('',(-15.62134289158,8.055660188678,
    -17.94971998972));
#2089 = CARTESIAN_POINT('',(-12.97191264294,6.333157567428,
    -20.51826348479));
#2090 = CARTESIAN_POINT('',(-11.21043386383,3.033150084611,
    -22.19885551033));
#2091 = CARTESIAN_POINT('',(-10.77134617663,-1.058540316408,
    -22.55705644397));
#2092 = CARTESIAN_POINT('',(-11.77173424459,-4.948964185843,
    -21.47578162244));
#2093 = CARTESIAN_POINT('',(-13.97659994984,-7.68119795959,
    -19.19002916363));
#2094 = CARTESIAN_POINT('',(-16.85231199294,-8.568530622432,
    -16.23343036696));
#2095 = CARTESIAN_POINT('',(-19.69297966195,-7.367501300448,
    -13.31187594439));
#2096 = CARTESIAN_POINT('',(-21.79151751875,-4.343520639781,
    -11.13245133401));
#2097 = CARTESIAN_POINT('',(-22.61306097567,-0.212993554661,
    -10.23002112353));
#2098 = CARTESIAN_POINT('',(-21.92867316775,4.026367372928,
    -10.83352217788));
#2099 = CARTESIAN_POINT('',(-19.87569375458,7.336473177939,
    -12.80561483748));
#2100 = CARTESIAN_POINT('',(-16.92904655572,8.893070760114,
    -15.67137528278));
#2101 = CARTESIAN_POINT('',(-13.78926751654,8.290872565038,
    -18.73026756838));
#2102 = CARTESIAN_POINT('',(-11.21366183138,5.64863835656,
    -21.22498649998));
#2103 = CARTESIAN_POINT('',(-9.831261224772,1.587034460386,
    -22.52650035302));
#2104 = CARTESIAN_POINT('',(-9.986805047244,-2.916970085267,
    -22.29006977698));
#2105 = CARTESIAN_POINT('',(-11.6524235194,-6.765069693633,
    -20.54356455126));
#2106 = CARTESIAN_POINT('',(-14.42959486746,-9.005443481016,
    -17.68550644963));
#2107 = CARTESIAN_POINT('',(-17.64207300039,-9.06812626974,
    -14.39214156314));
#2108 = CARTESIAN_POINT('',(-20.49815904224,-6.909738815308,
    -11.45516876771));
#2109 = CARTESIAN_POINT('',(-22.28338564385,-3.030890279407,
    -9.589055412536));
#2110 = CARTESIAN_POINT('',(-22.5367186388,1.639648743328,
    -9.254835664027));
#2111 = CARTESIAN_POINT('',(-21.1668286341,5.967275516607,
    -10.54383891515));
#2112 = CARTESIAN_POINT('',(-18.47914505002,8.887180510834,
    -13.15063574566));
#2113 = CARTESIAN_POINT('',(-15.10593353122,9.66631221902,
    -16.44296051089));
#2114 = CARTESIAN_POINT('',(-11.85534050644,8.087240211405,
    -19.61266678211));
#2115 = CARTESIAN_POINT('',(-9.515432439773,4.507840667555,
    -21.87168809521));
#2116 = CARTESIAN_POINT('',(-8.660746027897,-0.219368911463,
    -22.64548775352));
#2117 = CARTESIAN_POINT('',(-9.508832778828,-4.950179565707,
    -21.71651424902));
#2118 = CARTESIAN_POINT('',(-11.86259433502,-8.525635316271,
    -19.28186593926));
#2119 = CARTESIAN_POINT('',(-15.15359099868,-10.05594258343,
    -15.90998252203));
#2120 = CARTESIAN_POINT('',(-18.5769174995,-9.141798225717,
    -12.40576926765));
#2121 = CARTESIAN_POINT('',(-21.28566473933,-5.978108432222,
    -9.616135274246));
#2122 = CARTESIAN_POINT('',(-22.59798893495,-1.313264500699,
    -8.222924325059));
#2123 = CARTESIAN_POINT('',(-22.16616084607,3.727746626997,
    -8.573865660374));
#2124 = CARTESIAN_POINT('',(-20.06569689594,7.914624444304,
    -10.59344285694));
#2125 = CARTESIAN_POINT('',(-16.78178404506,10.212017592577,
    -13.79646895424));
#2126 = CARTESIAN_POINT('',(-13.0951331116,10.035486731666,
    -17.40223313414));
#2127 = CARTESIAN_POINT('',(-9.894083089995,7.399902895157,
    -20.52239640218));
#2128 = CARTESIAN_POINT('',(-7.958172078561,2.922665513326,
    -22.37742066005));
#2129 = CARTESIAN_POINT('',(-7.765904115691,-2.320707181216,
    -22.48880186935));
#2130 = CARTESIAN_POINT('',(-9.374108321017,-7.054893490742,
    -20.79971091046));
#2131 = CARTESIAN_POINT('',(-12.39926986916,-10.11495882312,
    -17.69366260874));
#2132 = CARTESIAN_POINT('',(-16.10655393368,-10.73297531565,
    -13.90549179066));
#2133 = CARTESIAN_POINT('',(-19.58590636361,-8.730559069593,
    -10.34525260716));
#2134 = CARTESIAN_POINT('',(-21.97303940922,-4.569092865326,
    -7.877232807987));
#2135 = CARTESIAN_POINT('',(-22.66164147369,0.756245701985,
    -7.107743989943));
#2136 = CARTESIAN_POINT('',(-21.45471073766,5.954397279306,
    -8.233787972413));
#2137 = CARTESIAN_POINT('',(-18.61726364941,9.751416628044,
    -10.99034830709));
#2138 = CARTESIAN_POINT('',(-14.81643105907,11.202671826101,
    -14.71029414386));
#2139 = CARTESIAN_POINT('',(-10.96240285649,9.92774136089,
    -18.48343559287));
#2140 = CARTESIAN_POINT('',(-7.988126183663,6.209624756948,
    -21.37682551214));
#2141 = CARTESIAN_POINT('',(-6.621077289319,0.932508782517,
    -22.66298765291));
#2142 = CARTESIAN_POINT('',(-7.202937332871,-4.628380999407,
    -22.00024085579));
#2143 = CARTESIAN_POINT('',(-9.601855548525,-9.114925249159,
    -19.52043588657));
#2144 = CARTESIAN_POINT('',(-13.23976747815,-11.41779625958,
    -15.80163720338));
#2145 = CARTESIAN_POINT('',(-17.22928088331,-10.950679167,
    -11.73123704465));
#2146 = CARTESIAN_POINT('',(-20.58773972519,-7.79925876252,
    -8.291891449202));
#2147 = CARTESIAN_POINT('',(-22.4768320689,-2.707180744016,
    -6.321912351922));
#2148 = CARTESIAN_POINT('',(-22.4093168432,3.099254539958,
    -6.308540824061));
#2149 = CARTESIAN_POINT('',(-20.37189955515,8.206382769858,
    -8.265071358544));
#2150 = CARTESIAN_POINT('',(-16.83330712155,11.357353532188,
    -11.72277703857));
#2151 = CARTESIAN_POINT('',(-12.63441878719,11.761400114337,
    -15.84077861936));
#2152 = CARTESIAN_POINT('',(-8.786168509064,9.292109102657,
    -19.60814214392));
#2153 = CARTESIAN_POINT('',(-6.223783343817,4.525020200607,
    -22.0896405556));
#2154 = CARTESIAN_POINT('',(-5.577103276186,-1.396257882528,
    -22.65543386967));
#2155 = CARTESIAN_POINT('',(-7.013384536907,-7.034337470931,
    -21.13826585538));
#2156 = CARTESIAN_POINT('',(-10.19179564298,-11.00697479458,
    -17.87896799573));
#2157 = CARTESIAN_POINT('',(-14.34184844993,-12.32592596808,
    -13.64802843521));
#2158 = CARTESIAN_POINT('',(-18.44777587714,-10.64267012015,
    -9.46121425445));
#2159 = CARTESIAN_POINT('',(-21.49474756967,-6.339928938951,
    -6.333355808345));
#2160 = CARTESIAN_POINT('',(-22.71724333177,-0.445078791741,
    -5.029973292681));
#2161 = CARTESIAN_POINT('',(-21.78879835994,5.61506714534,
    -5.877531510944));
#2162 = CARTESIAN_POINT('',(-18.90610456901,10.359599936594,
    -8.679338548303));
#2163 = CARTESIAN_POINT('',(-14.74586860029,12.615396510526,
    -12.75868776345));
#2164 = CARTESIAN_POINT('',(-10.30377548513,11.807112256159,
    -17.11989412504));
#2165 = CARTESIAN_POINT('',(-6.653860082284,8.103616353881,
    -20.68892277433));
#2166 = CARTESIAN_POINT('',(-4.686436412878,2.383670829619,
    -22.57545969017));
#2167 = CARTESIAN_POINT('',(-4.888531218937,-3.972443383351,
    -22.29247813054));
#2168 = CARTESIAN_POINT('',(-7.220961207063,-9.415977721962,
    -19.87916138885));
#2169 = CARTESIAN_POINT('',(-11.12303940941,-12.6070878939,
    -15.89619643293));
#2170 = CARTESIAN_POINT('',(-15.64494077845,-12.74457515451,
    -11.29340831032));
#2171 = CARTESIAN_POINT('',(-19.67650837917,-9.766856191163,
    -7.180953956033));
#2172 = CARTESIAN_POINT('',(-22.21738825083,-4.373795569603,
    -4.559187330808));
#2173 = CARTESIAN_POINT('',(-22.62276093401,2.137578616338,
    -4.072927894061));
#2174 = CARTESIAN_POINT('',(-20.76431217173,8.184964506618,
    -5.850489902775));
#2175 = CARTESIAN_POINT('',(-17.06628380168,12.285294128967,
    -9.467631519256));
#2176 = CARTESIAN_POINT('',(-12.40665724304,13.418421790893,
    -14.04637132433));
#2177 = CARTESIAN_POINT('',(-7.90644002947,11.280812031057,
    -18.46570178433));
#2178 = CARTESIAN_POINT('',(-4.657616073129,6.366169104135,
    -21.63363898711));
#2179 = CARTESIAN_POINT('',(-3.45578102441,-0.148259654491,
    -22.75458728226));
#2180 = CARTESIAN_POINT('',(-4.602922759163,-6.683607612489,
    -21.52655879394));
#2181 = CARTESIAN_POINT('',(-7.829219396722,-11.64204342177,
    -18.21937540281));
#2182 = CARTESIAN_POINT('',(-12.3540325569,-13.79741776486,
    -13.61367548907));
#2183 = CARTESIAN_POINT('',(-17.07238936827,-12.59839671462,
    -8.814431924125));
#2184 = CARTESIAN_POINT('',(-20.8224214483,-8.309158018143,
    -4.983513090529));
#2185 = CARTESIAN_POINT('',(-22.66903402893,-1.951822587374,
    -3.056013756328));
#2186 = CARTESIAN_POINT('',(-22.13454835034,4.937005025988,
    -3.509612681351));
#2187 = CARTESIAN_POINT('',(-19.31943906511,10.67762495288,
    -6.243835213017));
#2188 = CARTESIAN_POINT('',(-14.88269124593,13.856801115388,
    -10.59969627862));
#2189 = CARTESIAN_POINT('',(-9.885386913444,13.675629175523,
    -15.51611385755));
#2190 = CARTESIAN_POINT('',(-5.534622692752,10.150096492335,
    -19.78599132467));
#2191 = CARTESIAN_POINT('',(-2.889557290456,4.114031671167,
    -22.3501699734));
#2192 = CARTESIAN_POINT('',(-2.601172172843,-2.97793902196,
    -22.55766833745));
#2193 = CARTESIAN_POINT('',(-4.749681521135,-9.4009063126,
    -20.32827223559));
#2194 = CARTESIAN_POINT('',(-8.820173679341,-13.57921020763,
    -16.17689332381));
#2195 = CARTESIAN_POINT('',(-13.82358947932,-14.47295135871,
    -11.09259077027));
#2196 = CARTESIAN_POINT('',(-18.53465022777,-11.83667559011,
    -6.300643268249));
#2197 = CARTESIAN_POINT('',(-21.78950729019,-6.2859115159,
    -2.964899452258));
#2198 = CARTESIAN_POINT('',(-22.77080730422,0.846287426568,
    -1.902712684664));
#2199 = CARTESIAN_POINT('',(-21.21035388164,7.829427051992,
    -3.382279353678));
#2200 = CARTESIAN_POINT('',(-17.45913314794,12.955440347651,
    -7.052613333808));
#2201 = CARTESIAN_POINT('',(-12.40650377725,14.956468121098,
    -12.02435595093));
#2202 = CARTESIAN_POINT('',(-7.267096322596,13.318368804812,
    -17.08287665202));
#2203 = CARTESIAN_POINT('',(-3.286470602112,8.412453525413,
    -20.98261561894));
#2204 = CARTESIAN_POINT('',(-1.436858136782,1.411777634906,
    -22.7513413307));
#2205 = CARTESIAN_POINT('',(-2.17731078106,-5.989259551561,
    -21.93000193285));
#2206 = CARTESIAN_POINT('',(-5.337416613453,-11.98500374342,
    -18.68900934689));
#2207 = CARTESIAN_POINT('',(-10.15399415121,-15.0990742278,
    -13.79154505557));
#2208 = CARTESIAN_POINT('',(-15.45299777138,-14.54785611671,
    -8.411654681833));
#2209 = CARTESIAN_POINT('',(-19.93329622015,-10.43747447076,
    -3.850469479491));
#2210 = CARTESIAN_POINT('',(-22.48373539899,-3.744787670648,
    -1.21914354709));
#2211 = CARTESIAN_POINT('',(-22.45622292525,3.914634502439,
    -1.165769267259));
#2212 = CARTESIAN_POINT('',(-19.82772572878,10.676472155441,
    -3.713379710164));
#2213 = CARTESIAN_POINT('',(-15.21071571712,14.881434766895,
    -8.249502968249));
#2214 = CARTESIAN_POINT('',(-9.708343305859,15.482407960822,
    -13.67098862595));
#2215 = CARTESIAN_POINT('',(-4.64855548542,12.305070925003,
    -18.64988969282));
#2216 = CARTESIAN_POINT('',(-1.261235291812,6.097150918084,
    -21.95632313286));
#2217 = CARTESIAN_POINT('',(-0.376858892852,-1.647334581971,
    -22.75981277825));
#2218 = CARTESIAN_POINT('',(-2.220501294498,-9.047586952306,
    -20.83528362304));
#2219 = CARTESIAN_POINT('',(-6.352268176885,-14.29278846153,
    -16.62262998708));
#2220 = CARTESIAN_POINT('',(-11.7698172146,-16.08519067633,
    -11.12419419579));
#2221 = CARTESIAN_POINT('',(-17.14912223423,-13.96111318082,
    -5.664002422606));
#2222 = CARTESIAN_POINT('',(-21.1656584226,-8.410473865842,
    -1.566579480665));
#2223 = CARTESIAN_POINT('',(-22.81809560968,-0.76413377722,
    0.166744459982));
#2224 = CARTESIAN_POINT('',(-21.67539535137,7.125127177257,
    -0.895069044759));
#2225 = CARTESIAN_POINT('',(-17.9863474459,13.33154739529,
    -4.503230196666));
#2226 = CARTESIAN_POINT('',(-12.62375993631,16.326456209515,
    -9.784930952689));
#2227 = CARTESIAN_POINT('',(-6.875731894044,15.354739648019,
    -15.45207224139));
#2228 = CARTESIAN_POINT('',(-2.133909278537,10.624999854467,
    -20.11300810332));
#2229 = CARTESIAN_POINT('',(0.445830586597,3.265574445718,
    -22.61186121489));
#2230 = CARTESIAN_POINT('',(0.227533207784,-4.944532490216,
    -22.31267708251));
#2231 = CARTESIAN_POINT('',(-2.745688080063,-12.00567149042,
    -19.2585690411));
#2232 = CARTESIAN_POINT('',(-7.757311721152,-16.1845810597,
    -14.16605864644));
#2233 = CARTESIAN_POINT('',(-13.58767105805,-16.43981179416,
    -8.254812555973));
#2234 = CARTESIAN_POINT('',(-18.80838600591,-12.68112954016,
    -2.953210854542));
#2235 = CARTESIAN_POINT('',(-22.12989124472,-5.798319527799,
    0.449181137836));
#2236 = CARTESIAN_POINT('',(-22.71750652209,2.549284319341,
    1.117683168772));
#2237 = CARTESIAN_POINT('',(-20.39858456781,10.3328015774,
    -1.120352031943));
#2238 = CARTESIAN_POINT('',(-15.70934659775,15.646922652108,
    -5.72870324844));
#2239 = CARTESIAN_POINT('',(-9.768834306891,17.176289801609,
    -11.58832878573));
#2240 = CARTESIAN_POINT('',(-4.009571038199,14.52098499488,
    -17.26670530085));
#2241 = CARTESIAN_POINT('',(0.170249627764,8.3006037959,-21.36563921325)
  );
#2242 = CARTESIAN_POINT('',(1.748601017993,9.944932298047E-03,
    -22.86310384991));
#2243 = CARTESIAN_POINT('',(0.331913948476,-8.340140932144,
    -21.36553002683));
#2244 = CARTESIAN_POINT('',(-3.744445679217,-14.71046542315,
    -17.20828364557));
#2245 = CARTESIAN_POINT('',(-9.493108141418,-17.53149028137,
    -11.3787344298));
#2246 = CARTESIAN_POINT('',(-15.51145796723,-16.08997715674,
    -5.279497850417));
#2247 = CARTESIAN_POINT('',(-20.32146015535,-10.70906346343,
    -0.388608908731));
#2248 = CARTESIAN_POINT('',(-22.73022300467,-2.676358395979,
    2.101040694155));
#2249 = CARTESIAN_POINT('',(-22.12333965959,6.064081586898,
    1.575044102642));
#2250 = CARTESIAN_POINT('',(-18.61888097165,13.382233823476,
    -1.848527831732));
#2251 = CARTESIAN_POINT('',(-13.04347577213,17.481189597616,
    -7.343046277684));
#2252 = CARTESIAN_POINT('',(-6.735127925632,17.338335308629,
    -13.57050737061));
#2253 = CARTESIAN_POINT('',(-1.219786541563,12.960323084838,
    -19.00496200111));
#2254 = CARTESIAN_POINT('',(2.160153062462,5.388294648756,
    -22.30401485157));
#2255 = CARTESIAN_POINT('',(2.574974575623,-3.549578377741,
    -22.63794961116));
#2256 = CARTESIAN_POINT('',(-8.629769804708E-02,-11.67945506354,
    -19.89579058393));
#2257 = CARTESIAN_POINT('',(-5.184056123865,-17.01053957603,
    -14.71714540454));
#2258 = CARTESIAN_POINT('',(-11.47941216689,-18.22255729383,
    -8.340902607946));
#2259 = CARTESIAN_POINT('',(-17.43288241148,-14.99263119758,
    -2.306545609787));
#2260 = CARTESIAN_POINT('',(-21.57845387398,-8.080653092169,
    1.919912606275));
#2261 = CARTESIAN_POINT('',(-22.88213806835,0.849280407131,
    3.304483554218));
#2262 = CARTESIAN_POINT('',(-20.9973216004,9.62946061389,1.500553839831)
  );
#2263 = CARTESIAN_POINT('',(-16.35386592111,16.114766528034,
    -3.062015085895));
#2264 = CARTESIAN_POINT('',(-10.05811727194,18.706740295633,
    -9.276876981494));
#2265 = CARTESIAN_POINT('',(-3.627035635219,16.74750311735,
    -15.62707186465));
#2266 = CARTESIAN_POINT('',(1.379675043246,10.686451861219,
    -20.55289578954));
#2267 = CARTESIAN_POINT('',(3.74022640993,1.97756380224,-22.83256040266)
  );
#2268 = CARTESIAN_POINT('',(2.871292420249,-7.269322073105,
    -21.88273965941));
#2269 = CARTESIAN_POINT('',(-1.025479712531,-14.79962952885,
    -17.90508077306));
#2270 = CARTESIAN_POINT('',(-7.007757381094,-18.7637542011,
    -11.84191635093));
#2271 = CARTESIAN_POINT('',(-13.617996044,-18.17132813827,
    -5.150790934464));
#2272 = CARTESIAN_POINT('',(-19.23616479138,-13.1384810853,
    0.548264566482));
#2273 = CARTESIAN_POINT('',(-22.47436726095,-4.866404879591,
    3.867353789627));
#2274 = CARTESIAN_POINT('',(-22.51723285321,4.645223867701,
    3.991106135451));
#2275 = CARTESIAN_POINT('',(-19.32459982259,13.081619625644,0.8793598584
    ));
#2276 = CARTESIAN_POINT('',(-13.64612973479,18.376222801343,
    -4.718223475832));
#2277 = CARTESIAN_POINT('',(-6.843118482189,19.216898325804,
    -11.44034797487));
#2278 = CARTESIAN_POINT('',(-0.559833798503,15.371010966595,
    -17.64274590499));
#2279 = CARTESIAN_POINT('',(3.676275742376,7.748866476329,-21.7979686923
    ));
#2280 = CARTESIAN_POINT('',(4.828294242631,-1.811582173913,
    -22.86910043898));
#2281 = CARTESIAN_POINT('',(2.606042337785,-10.98788798446,
    -20.56596178057));
#2282 = CARTESIAN_POINT('',(-2.45851790708,-17.53728228443,
    -15.42051478214));
#2283 = CARTESIAN_POINT('',(-9.136192724303,-19.84481713944,
    -8.661953211353));
#2284 = CARTESIAN_POINT('',(-15.79649009064,-17.32151177304,
    -1.920769091442));
#2285 = CARTESIAN_POINT('',(-20.80333818312,-10.554360783,3.166965754601
    ));
#2286 = CARTESIAN_POINT('',(-22.91454920821,-1.170073725469,
    5.359063533258));
#2287 = CARTESIAN_POINT('',(-21.58749637979,8.55589775961,4.112897458413
    ));
#2288 = CARTESIAN_POINT('',(-17.11579224781,16.251091562152,
    -0.277919920007));
#2289 = CARTESIAN_POINT('',(-10.56258068596,20.024748280959,
    -6.750244728291));
#2290 = CARTESIAN_POINT('',(-3.505521528114,18.932341542805,
    -13.72641713257));
#2291 = CARTESIAN_POINT('',(2.3453749524,13.211807586176,-19.49642685951
    ));
#2292 = CARTESIAN_POINT('',(5.564491660414,4.232434895698,
    -22.63465681396));
#2293 = CARTESIAN_POINT('',(5.36036271744,-5.832801516497,
    -22.34964111742));
#2294 = CARTESIAN_POINT('',(1.772642446027,-14.53307482071,
    -18.68103409244));
#2295 = CARTESIAN_POINT('',(-4.33270977961,-19.73646839316,
    -12.49479511323));
#2296 = CARTESIAN_POINT('',(-11.47003388023,-20.15235711589,
    -5.276584259043));
#2297 = CARTESIAN_POINT('',(-17.89308997653,-15.65141520054,
    1.227358590819));
#2298 = CARTESIAN_POINT('',(-22.0198914932,-7.303932178805,
    5.435046861061));
#2299 = CARTESIAN_POINT('',(-22.81989516718,2.874553182945,
    6.315937288607));
#2300 = CARTESIAN_POINT('',(-20.06878646269,12.409883161834,
    3.645715337686));
#2301 = CARTESIAN_POINT('',(-14.40788405633,18.970691471723,
    -1.934300315103));
#2302 = CARTESIAN_POINT('',(-7.192534664343,20.938405073748,
    -9.068762953531));
#2303 = CARTESIAN_POINT('',(-0.165305780216,17.806479059589,
    -16.01510508409));
#2304 = CARTESIAN_POINT('',(4.967229348986,10.310407297529,
    -21.06675345972));
#2305 = CARTESIAN_POINT('',(6.951329301274,0.255229439589,
    -22.96996665844));
#2306 = CARTESIAN_POINT('',(5.294731610888,-9.919069147111,
    -21.23248221449));
#2307 = CARTESIAN_POINT('',(0.391136267527,-17.72963800539,
    -16.24800011756));
#2308 = CARTESIAN_POINT('',(-6.570909424178,-21.2566512723,
    -9.205067672292));
#2309 = CARTESIAN_POINT('',(-13.89369378346,-19.61515228505,
    -1.801396559435));
#2310 = CARTESIAN_POINT('',(-19.78193467182,-13.17689664821,
    4.167731082493));
#2311 = CARTESIAN_POINT('',(-22.78049889365,-3.486628787086,
    7.247182057886));
#2312 = CARTESIAN_POINT('',(-22.13152420923,7.10847530602,6.679094127036
    ));
#2313 = CARTESIAN_POINT('',(-17.96330434808,16.027327813221,
    2.591761019455));
#2314 = CARTESIAN_POINT('',(-11.2638864245,21.08371086622,
    -4.026770150558));
#2315 = CARTESIAN_POINT('',(-3.644633140707,21.022142239873,
    -11.56513668078));
#2316 = CARTESIAN_POINT('',(3.049687576806,15.82948501781,
    -18.17857064473));
#2317 = CARTESIAN_POINT('',(7.189939918368,6.744989112355,
    -22.23793623273));
#2318 = CARTESIAN_POINT('',(7.761483752907,-4.035345033719,
    -22.7285933137));
#2319 = CARTESIAN_POINT('',(4.615213523355,-13.8895821612,
    -19.50143633058));
#2320 = CARTESIAN_POINT('',(-1.491322208862,-20.40754497834,
    -13.31401384479));
#2321 = CARTESIAN_POINT('',(-9.07390383579,-21.98028792847,
    -5.650545464301));
#2322 = CARTESIAN_POINT('',(-16.27999033743,-18.19718370391,
    1.636427790913));
#2323 = CARTESIAN_POINT('',(-21.33892121937,-9.952640663322,
    6.776245426415));
#2324 = CARTESIAN_POINT('',(-22.99456354892,0.765171603511,
    8.512774509537));
#2325 = CARTESIAN_POINT('',(-20.81469180848,11.353727858195,
    6.413789522664));
#2326 = CARTESIAN_POINT('',(-15.30091237961,19.228095378543,
    0.980896847363));
#2327 = CARTESIAN_POINT('',(-7.771228178242,22.451975142403,
    -6.467900600445));
#2328 = CARTESIAN_POINT('',(-4.269420659722E-02,20.213785871488,
    -14.11554781852));
#2329 = CARTESIAN_POINT('',(6.009435753806,13.030746653822,
    -20.08679102535));
#2330 = CARTESIAN_POINT('',(8.909112671829,2.629691938934,
    -22.90558118981));
#2331 = CARTESIAN_POINT('',(7.941878728316,-8.468003477643,
    -21.85746049273));
#2332 = CARTESIAN_POINT('',(3.33327349921,-17.55763458369,
    -17.16796851006));
#2333 = CARTESIAN_POINT('',(-3.801261072437,-22.41034942706,
    -9.952547184845));
#2334 = CARTESIAN_POINT('',(-11.72395223979,-21.81965150825,
    -1.948969263926));
#2335 = CARTESIAN_POINT('',(-18.49557331574,-15.90122920217,
    4.903538565599));
#2336 = CARTESIAN_POINT('',(-22.44769474391,-6.071632630821,
    8.936546747337));
#2337 = CARTESIAN_POINT('',(-22.59130425831,5.290675444661,
    9.161043015304));
#2338 = CARTESIAN_POINT('',(-18.86172364171,15.420815536036,
    5.512349152269));
#2339 = CARTESIAN_POINT('',(-12.13918937289,21.840291205511,
    -1.129298362987));
#2340 = CARTESIAN_POINT('',(-4.038910456556,22.963375075295,
    -9.148690525754));
#2341 = CARTESIAN_POINT('',(3.479344893814,18.488727432404,
    -16.58605912255));
#2342 = CARTESIAN_POINT('',(8.587771145314,9.479551843718,
    -21.61359862048));
#2343 = CARTESIAN_POINT('',(10.03728867923,-1.88887927421,
    -22.98222940083));
#2344 = CARTESIAN_POINT('',(7.465349805982,-12.85441230134,
    -20.32940377402));
#2345 = CARTESIAN_POINT('',(1.488947661692,-20.73912264948,
    -14.27211487616));
#2346 = CARTESIAN_POINT('',(-6.440969946324,-23.60329089302,
    -6.261310514582));
#2347 = CARTESIAN_POINT('',(-14.38936309965,-20.72253908471,
    1.767969392312));
#2348 = CARTESIAN_POINT('',(-20.40688482808,-12.77077337431,
    7.866377874316));
#2349 = CARTESIAN_POINT('',(-23.00553590947,-1.662791445611,
    10.545915709276));
#2350 = CARTESIAN_POINT('',(-21.52412695368,9.90675087445,9.145393507051
    ));
#2351 = CARTESIAN_POINT('',(-16.29379532552,19.117022019628,
    3.995948632461));
#2352 = CARTESIAN_POINT('',(-8.562174657452,23.708774428223,
    -3.654785282048));
#2353 = CARTESIAN_POINT('',(-0.193513659087,22.538496333453,
    -11.94255952684));
#2354 = CARTESIAN_POINT('',(6.783187726172,15.863040540724,
    -18.83837415853));
#2355 = CARTESIAN_POINT('',(10.668502157085,5.283918852263,
    -22.64280183588));
#2356 = CARTESIAN_POINT('',(10.508927078096,-6.636837000909,
    -22.40234000332));
#2357 = CARTESIAN_POINT('',(6.333265237502,-16.99712806566,
    -18.14579140916));
#2358 = CARTESIAN_POINT('',(-0.849547445369,-23.26130189572,
    -10.88209197272));
#2359 = CARTESIAN_POINT('',(-9.291815462036,-23.88072709954,
    -2.358937202493));
#2360 = CARTESIAN_POINT('',(-16.92993088147,-18.676554226,5.360064970513
    ));
#2361 = CARTESIAN_POINT('',(-21.88639170789,-8.890081648696,
    10.397412550505));
#2362 = CARTESIAN_POINT('',(-22.92886436407,3.11319572389,
    11.520771960255));
#2363 = CARTESIAN_POINT('',(-19.77404866566,14.415324523255,
    8.446843015406));
#2364 = CARTESIAN_POINT('',(-13.16143179537,22.255235872447,
    1.915112898679));
#2365 = CARTESIAN_POINT('',(-4.677811737559,24.703254978105,
    -6.487620405564));
#2366 = CARTESIAN_POINT('',(3.625797515654,21.136001738563,
    -14.71034290521));
#2367 = CARTESIAN_POINT('',(9.732395883483,12.394821756651,
    -20.73605451947));
#2368 = CARTESIAN_POINT('',(12.151333249635,0.587555053123,
    -23.07410513205));
#2369 = CARTESIAN_POINT('',(10.284576778408,-11.4197025874,
    -21.12646190726));
#2370 = CARTESIAN_POINT('',(4.576922116068,-20.69831082474,
    -15.33792049135));
#2371 = CARTESIAN_POINT('',(-3.587544563056,-24.97139395561,
    -7.092567058663));
#2372 = CARTESIAN_POINT('',(-12.2186824868,-23.17252551259,
    1.619457618657));
#2373 = CARTESIAN_POINT('',(-19.20300899411,-15.71171100198,
    8.684670879533));
#2374 = CARTESIAN_POINT('',(-22.8188074363,-4.382367529758,
    12.381356075291));
#2375 = CARTESIAN_POINT('',(-22.15808600833,8.069707293081,
    11.801521400882));
#2376 = CARTESIAN_POINT('',(-17.35197868571,18.61179943358,
    7.076300831829));
#2377 = CARTESIAN_POINT('',(-9.543655926542,24.662898309777,
    -0.651135173772));
#2378 = CARTESIAN_POINT('',(-0.6141635499,24.725581093684,
    -9.499740796847));
#2379 = CARTESIAN_POINT('',(7.273073907094,18.756468562085,
    -17.30609150027));
#2380 = CARTESIAN_POINT('',(12.19878934943,8.183627475524,
    -22.15092018904));
#2381 = CARTESIAN_POINT('',(12.957299969396,-4.43498179125,
    -22.82854405543));
#2382 = CARTESIAN_POINT('',(9.354012091667,-16.03034820219,
    -19.14436942414));
#2383 = CARTESIAN_POINT('',(2.25760775648,-23.76883338272,
    -11.96707833538));
#2384 = CARTESIAN_POINT('',(-6.606962781198,-25.74463555729,
    -3.021621044145));
#2385 = CARTESIAN_POINT('',(-15.07537503256,-21.44907758867,
    5.527677960792));
#2386 = CARTESIAN_POINT('',(-21.06995882744,-11.90117639094,
    11.603148509237));
#2387 = CARTESIAN_POINT('',(-23.10701299807,0.593931370849,
    13.721089433437));
#2388 = CARTESIAN_POINT('',(-20.66153404591,13.001478868165,
    11.356497234838));
#2389 = CARTESIAN_POINT('',(-14.29970875363,22.29413918036,
    5.075558696129));
#2390 = CARTESIAN_POINT('',(-5.545776595337,26.190660470171,
    -3.5974867086));
#2391 = CARTESIAN_POINT('',(3.485469418535,23.715848353237,
    -12.5478459689));
#2392 = CARTESIAN_POINT('',(10.601946112214,15.444445705865,
    -19.58343590901));
#2393 = CARTESIAN_POINT('',(14.068738933456,3.36796345726,
    -22.96934197669));
#2394 = CARTESIAN_POINT('',(13.033448468397,-9.584760420576,
    -21.85316475806));
#2395 = CARTESIAN_POINT('',(7.738148631337,-20.25786583708,
    -16.47697816743));
#2396 = CARTESIAN_POINT('',(-0.534725369692,-26.03737767513,
    -8.12321741284));
#2397 = CARTESIAN_POINT('',(-9.770558689849,-25.49137549567,
    1.193502660884));
#2398 = CARTESIAN_POINT('',(-17.71076117239,-18.72465258565,
    9.214591897002));
#2399 = CARTESIAN_POINT('',(-22.40268935007,-7.360048624132,
    13.987406828246));
#2400 = CARTESIAN_POINT('',(-22.67739102184,5.850664841116,
    14.342995253585));
#2401 = CARTESIAN_POINT('',(-18.43828799077,17.693067731961,
    10.184778976077));
#2402 = CARTESIAN_POINT('',(-10.68951925552,25.272221474132,
    2.516896994393));
#2403 = CARTESIAN_POINT('',(-1.295869011147,26.720338506629,
    -6.795866496413));
#2404 = CARTESIAN_POINT('',(7.468342095237,21.657004333677,
    -15.47919084922));
#2405 = CARTESIAN_POINT('',(13.472279065852,11.288570623704,
    -21.40224106627));
#2406 = CARTESIAN_POINT('',(15.249055683365,-1.879127835984,
    -23.09813093022));
#2407 = CARTESIAN_POINT('',(12.35651554084,-14.64635126766,
    -20.12470403413));
#2408 = CARTESIAN_POINT('',(5.489606470404,-23.8969870903,
    -13.17690821012));
#2409 = CARTESIAN_POINT('',(-3.684160399671,-27.35909742411,
    -3.922254586484));
#2410 = CARTESIAN_POINT('',(-12.92723943598,-24.16285707098,
    5.401711203398));
#2411 = CARTESIAN_POINT('',(-19.97540529199,-15.05887564006,
    12.530763812973));
#2412 = CARTESIAN_POINT('',(-23.08998870966,-2.242156402078,
    15.726233984216));
#2413 = CARTESIAN_POINT('',(-21.48430575656,11.177079829001,
    14.201437784676));
#2414 = CARTESIAN_POINT('',(-15.51969982662,21.928142466618,
    8.317718608307));
#2415 = CARTESIAN_POINT('',(-6.622369290346,27.377039827328,
    -0.498725174404));
#2416 = CARTESIAN_POINT('',(3.059937992286,26.171774396729,
    -10.10014570346));
#2417 = CARTESIAN_POINT('',(11.178735107618,18.577682155438,
    -18.13805606523));
#2418 = CARTESIAN_POINT('',(15.756821108172,6.419670167127,
    -22.63525531222));
#2419 = CARTESIAN_POINT('',(15.672191578485,-7.356248016567,
    -22.46973902896));
#2420 = CARTESIAN_POINT('',(10.935403608923,-19.39678834245,
    -17.65206430583));
#2421 = CARTESIAN_POINT('',(2.691845607811,-26.75764048377,
    -9.327619551156));
#2422 = CARTESIAN_POINT('',(-7.052818247199,-27.62343310778,
    0.497931057421));
#2423 = CARTESIAN_POINT('',(-15.91823200288,-21.75537264444,
    9.444231566669));
#2424 = CARTESIAN_POINT('',(-21.72840066871,-10.55619428548,
    15.335286986072));
#2425 = CARTESIAN_POINT('',(-23.04334957583,3.265045689855,
    16.731122646756));
#2426 = CARTESIAN_POINT('',(-19.51349234859,16.348259955863,
    13.282152173089));
#2427 = CARTESIAN_POINT('',(-11.96951053484,25.499201338789,
    5.819057112899));
#2428 = CARTESIAN_POINT('',(-2.224702415459,28.469325772335,
    -3.844864252915));
#2429 = CARTESIAN_POINT('',(7.363194765984,24.508248389879,
    -13.35187468079));
#2430 = CARTESIAN_POINT('',(14.464830339651,14.55306908125,
    -20.37262350088));
#2431 = CARTESIAN_POINT('',(17.347542749316,1.006859559699,
    -23.17444915698));
#2432 = CARTESIAN_POINT('',(15.300488497557,-12.84137244744,
    -21.04650815165));
#2433 = CARTESIAN_POINT('',(8.812293895236,-23.61524679025,
    -14.47742679577));
#2434 = CARTESIAN_POINT('',(-0.543138179548,-28.67421396549,
    -5.04110796742));
#2435 = CARTESIAN_POINT('',(-10.48602502441,-26.76069124417,
    4.982665631011));
#2436 = CARTESIAN_POINT('',(-18.58385749206,-18.31254171355,
    13.161384852235));
#2437 = CARTESIAN_POINT('',(-22.84409731841,-5.363285358468,
    17.502511432153));
#2438 = CARTESIAN_POINT('',(-22.20200386645,8.94732088109,16.94130473376
    ));
#2439 = CARTESIAN_POINT('',(-16.78416139671,21.134557200251,
    11.604349017583));
#2440 = CARTESIAN_POINT('',(-7.882500982286,28.217291207609,
    2.783575356722));
#2441 = CARTESIAN_POINT('',(2.35603591721,28.447177338296,
    -7.374074789206));
#2442 = CARTESIAN_POINT('',(11.449658889524,21.740144161708,
    -16.38681100795));
#2443 = CARTESIAN_POINT('',(17.185692789508,9.703700005668,
    -22.04195815436));
#2444 = CARTESIAN_POINT('',(18.161365058662,-4.748254528235,
    -22.93674366995));
#2445 = CARTESIAN_POINT('',(14.129247715866,-18.10083217469,
    -18.82373957359));
#2446 = CARTESIAN_POINT('',(6.062298252213,-27.09302098859,
    -10.67590335637));
#2447 = CARTESIAN_POINT('',(-4.078503778882,-29.51409029953,
    -0.454214571709));
#2448 = CARTESIAN_POINT('',(-13.81845126386,-24.7470442787,
    9.366619666837));
#2449 = CARTESIAN_POINT('',(-20.77062385533,-13.92554168277,
    16.399679011875));
#2450 = CARTESIAN_POINT('',(-23.218415377,0.33555346908,18.928357287112)
  );
#2451 = CARTESIAN_POINT('',(-20.53690968552,14.571984087544,
    16.327738349205));
#2452 = CARTESIAN_POINT('',(-13.34967721729,25.311622576376,
    9.221392634545));
#2453 = CARTESIAN_POINT('',(-3.381686097876,29.921285442555,
    -0.66571173131));
#2454 = CARTESIAN_POINT('',(6.957011667463,27.252311866915,
    -10.92352274308));
#2455 = CARTESIAN_POINT('',(15.156350477373,17.926637930641,
    -19.04197479942));
#2456 = CARTESIAN_POINT('',(19.218045680909,4.192156568951,
    -23.02278324939));
#2457 = CARTESIAN_POINT('',(18.144996056874,-10.61907142349,
    -21.86884687179));
#2458 = CARTESIAN_POINT('',(12.188438711944,-22.89918542912,
    -15.83140277329));
#2459 = CARTESIAN_POINT('',(2.79161339015,-29.64336156908,
    -6.353690697932));
#2460 = CARTESIAN_POINT('',(-7.757523588649,-29.18504268602,
    4.276333034434));
#2461 = CARTESIAN_POINT('',(-16.88097941452,-21.60766840495,
    13.480675613883));
#2462 = CARTESIAN_POINT('',(-22.33832722562,-8.731208090883,
    19.018910178551));
#2463 = CARTESIAN_POINT('',(-22.77444350896,6.324890539277,
    19.535913215457));
#2464 = CARTESIAN_POINT('',(-18.05347285373,19.897401772957,
    14.89582931379));
#2465 = CARTESIAN_POINT('',(-9.296728514665,28.67060334538,
    6.219971728288));
#2466 = CARTESIAN_POINT('',(1.385872465655,30.486285683888,
    -4.381742498464));
#2467 = CARTESIAN_POINT('',(11.406532615731,24.874611758457,
    -14.32151589497));
#2468 = CARTESIAN_POINT('',(18.328834633638,13.175265194598,
    -21.16293115931));
#2469 = CARTESIAN_POINT('',(20.462525478099,-1.782253174577,
    -23.2157352502));
#2470 = CARTESIAN_POINT('',(17.278625159466,-16.36291606255,
    -19.950948178));
#2471 = CARTESIAN_POINT('',(9.542922020776,-27.0095645855,
    -12.13435828574));
#2472 = CARTESIAN_POINT('',(-0.865792154611,-31.11072251033,
    -1.644757356794));
#2473 = CARTESIAN_POINT('',(-11.40963191013,-27.64111675246,
    8.979969152302));
#2474 = CARTESIAN_POINT('',(-19.50801566814,-17.41781208163,
    17.15923966387));
#2475 = CARTESIAN_POINT('',(-23.16684205813,-2.908014740802,
    20.898952807431));
#2476 = CARTESIAN_POINT('',(-21.46704486586,12.366299394327,
    19.28004236873));
#2477 = CARTESIAN_POINT('',(-14.79283584082,24.683270988244,
    12.686720097262));
#2478 = CARTESIAN_POINT('',(-4.742975692045,31.028053462192,
    2.717746702045));
#2479 = CARTESIAN_POINT('',(6.254495337513,29.83073841234,
    -8.198837573945));
#2480 = CARTESIAN_POINT('',(15.531234290024,21.354698538601,
    -17.39468977288));
#2481 = CARTESIAN_POINT('',(20.828411461908,7.639309947752,
    -22.6109801912));
#2482 = CARTESIAN_POINT('',(20.849117259141,-7.990666261527,
    -22.55079923487));
#2483 = CARTESIAN_POINT('',(15.578269495537,-21.73102976844,
    -17.1990647177));
#2484 = CARTESIAN_POINT('',(6.291123964677,-30.22405031224,
    -7.831032433272));
#2485 = CARTESIAN_POINT('',(-4.752860952541,-31.37898221887,
    3.293839237513));
#2486 = CARTESIAN_POINT('',(-14.85732946789,-24.88668171884,
    13.479194506435));
#2487 = CARTESIAN_POINT('',(-21.54493344646,-12.30167478477,
    20.247685238576));
#2488 = CARTESIAN_POINT('',(-23.16228447217,3.329960100049,
    21.945923017846));
#2489 = CARTESIAN_POINT('',(-19.28622924085,18.207842980774,
    18.150754540095));
#2490 = CARTESIAN_POINT('',(-10.83162620327,28.701243860656,
    9.777038256084));
#2491 = CARTESIAN_POINT('',(0.166772958978,32.235102938338,
    -1.140474152601));
#2492 = CARTESIAN_POINT('',(11.046356152404,27.921902509624,
    -11.93917059245));
#2493 = CARTESIAN_POINT('',(19.163622356061,16.78435110589,
    -19.97555004254));
#2494 = CARTESIAN_POINT('',(22.538888373615,1.513057367825,
    -23.26992930653));
#2495 = CARTESIAN_POINT('',(20.341498552988,-14.1834309575,
    -20.99165273234));
#2496 = CARTESIAN_POINT('',(13.09662007422,-26.47922230721,-13.6658875)
  );
#2497 = CARTESIAN_POINT('',(2.562168765862,-32.36360975655,
    -3.05054943808));
#2498 = CARTESIAN_POINT('',(-8.695337899165,-30.37823506363,
    8.287843980515));
#2499 = CARTESIAN_POINT('',(-17.92366474237,-20.97840618299,
    17.59705757729));
#2500 = CARTESIAN_POINT('',(-22.85532107347,-6.429069584434,
    22.609600661958));
#2501 = CARTESIAN_POINT('',(-22.26225036324,9.740880881581,
    22.097416705297));
#2502 = CARTESIAN_POINT('',(-16.25910035503,23.594527485092,
    16.175153450659));
#2503 = CARTESIAN_POINT('',(-6.28011785076,31.745432026715,
    6.277057699947));
#2504 = CARTESIAN_POINT('',(5.26572797783,32.185456838382,
    -5.187901375076));
#2505 = CARTESIAN_POINT('',(15.57875731819,24.779355878076,
    -15.42004396186));
#2506 = CARTESIAN_POINT('',(22.149617055046,11.304695340326,
    -21.91001694515));
#2507 = CARTESIAN_POINT('',(23.372675351878,-4.974990785937,
    -23.05218848842));
#2508 = CARTESIAN_POINT('',(18.939952328772,-20.100058898,
    -18.53857871174));
#2509 = CARTESIAN_POINT('',(9.922502267381,-30.37887106196,
    -9.440241896789));
#2510 = CARTESIAN_POINT('',(-1.488844362726,-33.28687977527,
    2.051991486885));
#2511 = CARTESIAN_POINT('',(-12.50790386724,-28.09030269013,
    13.151937744967));
#2512 = CARTESIAN_POINT('',(-20.44150288455,-16.02398671561,
    21.166423515844));
#2513 = CARTESIAN_POINT('',(-22.36316228696,-5.349590946546,
    23.142007420641));
#2514 = CARTESIAN_POINT('',(-22.36316228696,-1.10700291181E-12,
    23.16896967183));
#2515 = CARTESIAN_POINT('',(-22.67188784597,-3.298318104698E-14,
    -20.28228608796));
#2516 = CARTESIAN_POINT('',(-22.67188784597,0.56134454389,
    -20.22836158558));
#2517 = CARTESIAN_POINT('',(-22.24268807421,1.762900600043,
    -20.54971235259));
#2518 = CARTESIAN_POINT('',(-20.68618212979,2.086978077198,
    -21.94444478988));
#2519 = CARTESIAN_POINT('',(-19.56038422002,0.40507441369,
    -22.90846919251));
#2520 = CARTESIAN_POINT('',(-19.940262395,-1.869299154038,
    -22.36681751039));
#2521 = CARTESIAN_POINT('',(-21.55022118185,-2.586316311284,
    -20.59508521641));
#2522 = CARTESIAN_POINT('',(-22.87803681299,-0.876946275655,
    -19.10549607814));
#2523 = CARTESIAN_POINT('',(-22.52915658187,1.850673849692,
    -19.29260280212));
#2524 = CARTESIAN_POINT('',(-20.59786343943,3.060731317806,
    -21.06212243742));
#2525 = CARTESIAN_POINT('',(-18.71959012351,1.44472918518,
    -22.77862224621));
#2526 = CARTESIAN_POINT('',(-18.6268344527,-1.696358781552,
    -22.70960440988));
#2527 = CARTESIAN_POINT('',(-20.48382611831,-3.480684816549,
    -20.69083923714));
#2528 = CARTESIAN_POINT('',(-22.59603805314,-2.089223002597,
    -18.41685379517));
#2529 = CARTESIAN_POINT('',(-22.88889619594,1.399415536574,
    -17.96222214524));
#2530 = CARTESIAN_POINT('',(-20.86800638859,3.818227555373,
    -19.82133844545));
#2531 = CARTESIAN_POINT('',(-18.21078562468,2.786651209966,
    -22.31678570223));
#2532 = CARTESIAN_POINT('',(-17.32086196815,-0.958313091795,
    -23.04493585163));
#2533 = CARTESIAN_POINT('',(-19.08647790095,-4.04745697658,
    -21.11754641169));
#2534 = CARTESIAN_POINT('',(-21.93256084527,-3.509711379055,
    -18.10968996023));
#2535 = CARTESIAN_POINT('',(-23.15733101745,0.37730934147,
    -16.72314628092));
#2536 = CARTESIAN_POINT('',(-21.42599009438,4.145433788108,
    -18.29271369686));
#2537 = CARTESIAN_POINT('',(-18.1200748978,4.228499252941,-21.4368553863
    ));
#2538 = CARTESIAN_POINT('',(-16.19086265837,0.333491617541,
    -23.2042941186));
#2539 = CARTESIAN_POINT('',(-17.45861350412,-4.093091618761,
    -21.77476976571));
#2540 = CARTESIAN_POINT('',(-20.82913714902,-4.911499669401,
    -18.24247261368));
#2541 = CARTESIAN_POINT('',(-23.16725722687,-1.158295371263,
    -15.74257902869));
#2542 = CARTESIAN_POINT('',(-22.14458668654,3.876048971377,
    -16.60347606189));
#2543 = CARTESIAN_POINT('',(-18.47509812566,5.5266474838,-20.11119111563
    ));
#2544 = CARTESIAN_POINT('',(-15.39675433082,2.075966565116,
    -23.02776140334));
#2545 = CARTESIAN_POINT('',(-15.75058206879,-3.485286124147,
    -22.51216015823));
#2546 = CARTESIAN_POINT('',(-19.29101310459,-6.042433772117,
    -18.8099556153));
#2547 = CARTESIAN_POINT('',(-22.77204105858,-3.060557010573,
    -15.16715415417));
#2548 = CARTESIAN_POINT('',(-22.85469643064,2.917653852048,
    -14.92272527498));
#2549 = CARTESIAN_POINT('',(-19.2369209517,6.429040365514,
    -18.37872724679));
#2550 = CARTESIAN_POINT('',(-15.06579784915,4.081968841799,
    -22.3880768422));
#2551 = CARTESIAN_POINT('',(-14.14585501712,-2.176138399588,
    -23.14624616709));
#2552 = CARTESIAN_POINT('',(-17.38917654523,-6.659574100355,
    -19.74115113185));
#2553 = CARTESIAN_POINT('',(-21.87206654415,-5.106542279758,
    -15.0964876258));
#2554 = CARTESIAN_POINT('',(-23.10993074088,0.206832159708,
    -13.72381217312));
#2555 = CARTESIAN_POINT('',(-21.83950911439,3.993792272322,
    -14.88638479485));
#2556 = CARTESIAN_POINT('',(-19.45405581524,6.604719059372,
    -17.16398908924));
#2557 = CARTESIAN_POINT('',(-16.12012058086,6.198188986389,
    -20.39007531887));
#2558 = CARTESIAN_POINT('',(-14.04623390741,2.94539218407,
    -22.35611298756));
#2559 = CARTESIAN_POINT('',(-13.2465645009,-1.274888032789,
    -23.04793338931));
#2560 = CARTESIAN_POINT('',(-15.25946451462,-6.561625005926,
    -20.90022211964));
#2561 = CARTESIAN_POINT('',(-20.41824990942,-7.025390956827,
    -15.57966321772));
#2562 = CARTESIAN_POINT('',(-22.97287027591,-1.973773289431,
    -12.89023159527));
#2563 = CARTESIAN_POINT('',(-22.50228712559,2.622813260358,
    -13.25296574084));
#2564 = CARTESIAN_POINT('',(-20.58297920826,6.470076007097,
    -15.06442465341));
#2565 = CARTESIAN_POINT('',(-16.02948283123,7.849609621736,
    -19.4831097745));
#2566 = CARTESIAN_POINT('',(-12.66783974239,3.173848499188,
    -22.7099416074));
#2567 = CARTESIAN_POINT('',(-12.5389845776,-1.6930441594,-22.73094776742
    ));
#2568 = CARTESIAN_POINT('',(-13.99839679981,-6.101901443243,
    -21.16368654046));
#2569 = CARTESIAN_POINT('',(-18.42591811795,-8.530915466291,
    -16.60135396637));
#2570 = CARTESIAN_POINT('',(-23.08524042326,-3.578308865105,
    -11.78025815393));
#2571 = CARTESIAN_POINT('',(-22.69819769797,3.41013806288,
    -12.03248962327));
#2572 = CARTESIAN_POINT('',(-19.95107445552,6.952008407227,
    -14.67176386096));
#2573 = CARTESIAN_POINT('',(-17.2498045908,7.962893257226,
    -17.29214697212));
#2574 = CARTESIAN_POINT('',(-14.49576413886,7.029526026149,
    -19.96530067049));
#2575 = CARTESIAN_POINT('',(-12.37450189225,4.349151975206,
    -22.00567616353));
#2576 = CARTESIAN_POINT('',(-11.41536631285,0.588757199523,
    -22.88392498937));
#2577 = CARTESIAN_POINT('',(-11.95629260112,-4.759563671111,
    -22.23514969634));
#2578 = CARTESIAN_POINT('',(-15.19835949349,-8.385639507222,
    -18.88523379921));
#2579 = CARTESIAN_POINT('',(-19.0410897617,-7.85043865665,
    -14.93465452625));
#2580 = CARTESIAN_POINT('',(-21.42924920316,-5.57109801671,
    -12.46560833122));
#2581 = CARTESIAN_POINT('',(-22.77184632172,-1.862402744987,
    -11.04212445908));
#2582 = CARTESIAN_POINT('',(-22.68578701099,2.338659960905,
    -11.04729701625));
#2583 = CARTESIAN_POINT('',(-21.17776758555,6.03415267352,
    -12.47442968812));
#2584 = CARTESIAN_POINT('',(-18.5795604616,8.297040489168,
    -14.99175005851));
#2585 = CARTESIAN_POINT('',(-15.50772869862,8.559666639172,
    -17.98269506792));
#2586 = CARTESIAN_POINT('',(-12.69682337979,6.726238626673,
    -20.71271363318));
#2587 = CARTESIAN_POINT('',(-10.83103253708,3.21968256806,
    -22.49761772233));
#2588 = CARTESIAN_POINT('',(-10.37014580279,-1.123978801191,
    -22.87761770305));
#2589 = CARTESIAN_POINT('',(-11.43657319887,-5.2504344774,-21.7303035534
    ));
#2590 = CARTESIAN_POINT('',(-13.77923336538,-8.145334672497,
    -19.30675663332));
#2591 = CARTESIAN_POINT('',(-16.83096404417,-9.082368198588,
    -16.17413920097));
#2592 = CARTESIAN_POINT('',(-19.8430319993,-7.805983384548,
    -13.08118449227));
#2593 = CARTESIAN_POINT('',(-22.06663780531,-4.599928079881,
    -10.77669193269));
#2594 = CARTESIAN_POINT('',(-22.93647689884,-0.22492221177,
    -9.825966085593));
#2595 = CARTESIAN_POINT('',(-22.21185861939,4.261820985745,
    -10.46969761147));
#2596 = CARTESIAN_POINT('',(-20.03991372156,7.762004005769,
    -12.56075575574));
#2597 = CARTESIAN_POINT('',(-16.92452007193,9.405112815598,
    -15.5952626518));
#2598 = CARTESIAN_POINT('',(-13.60728320979,8.764804562313,
    -18.83161276037));
#2599 = CARTESIAN_POINT('',(-10.88869820449,5.969114332732,
    -21.4693110121));
#2600 = CARTESIAN_POINT('',(-9.432595194559,1.676056679806,
    -22.84452726847));
#2601 = CARTESIAN_POINT('',(-9.601651295713,-3.081067922217,
    -22.59458441375));
#2602 = CARTESIAN_POINT('',(-11.3647080932,-7.14234931483,
    -20.75064086269));
#2603 = CARTESIAN_POINT('',(-14.29952919094,-9.504082239823,
    -17.73493301138));
#2604 = CARTESIAN_POINT('',(-17.69149956219,-9.566765028883,
    -14.26207588657));
#2605 = CARTESIAN_POINT('',(-20.70523535348,-7.287018436028,
    -11.16745334171));
#2606 = CARTESIAN_POINT('',(-22.58790028103,-3.194988117173,
    -9.203901660597));
#2607 = CARTESIAN_POINT('',(-22.85474555345,1.728670964245,
    -8.856169634607));
#2608 = CARTESIAN_POINT('',(-21.41115314774,6.287751489977,
    -10.21887528675));
#2609 = CARTESIAN_POINT('',(-18.58049023914,9.361112513389,
    -12.96865144178));
#2610 = CARTESIAN_POINT('',(-15.02982090565,10.178354264541,
    -16.4384340217));
#2611 = CARTESIAN_POINT('',(-11.61048141449,8.512771058044,
    -19.7768867593));
#2612 = CARTESIAN_POINT('',(-9.151607892647,4.743294244859,
    -22.15487352758));
#2613 = CARTESIAN_POINT('',(-8.256690953564,-0.231297501518,
    -22.96890371309));
#2614 = CARTESIAN_POINT('',(-9.153073446229,-5.206587132419,
    -21.99163446686));
#2615 = CARTESIAN_POINT('',(-11.63190275314,-8.964117161303,
    -19.43191840638));
#2616 = CARTESIAN_POINT('',(-15.09430007771,-10.56978061099,
    -15.88863432824));
#2617 = CARTESIAN_POINT('',(-18.69364450654,-9.605934086271,
    -12.20840314584));
#2618 = CARTESIAN_POINT('',(-21.54018754388,-6.279580333194,
    -9.280973354942));
#2619 = CARTESIAN_POINT('',(-22.91854854452,-1.37869994658,
    -7.821725600734));
#2620 = CARTESIAN_POINT('',(-22.46492617268,3.914273372382,
    -8.194461219003));
#2621 = CARTESIAN_POINT('',(-20.26014116331,8.307716338167,
    -10.3183594748));
#2622 = CARTESIAN_POINT('',(-16.81477022775,10.716003585231,
    -13.68284365679));
#2623 = CARTESIAN_POINT('',(-12.94881999433,10.52770627046,
    -17.46790713664));
#2624 = CARTESIAN_POINT('',(-9.594267478282,7.760559157292,
    -20.74157289913));
#2625 = CARTESIAN_POINT('',(-7.568010349563,3.063981661598,
    -22.68694327428));
#2626 = CARTESIAN_POINT('',(-7.370541163785,-2.433124794842,
    -22.80352570649));
#2627 = CARTESIAN_POINT('',(-9.059954918768,-7.393684568923,
    -21.03322519794));
#2628 = CARTESIAN_POINT('',(-12.23297193775,-10.59766809628,
    -17.77932142538));
#2629 = CARTESIAN_POINT('',(-16.11877220021,-11.24212057779,
    -13.81263440936));
#2630 = CARTESIAN_POINT('',(-19.76385412645,-9.142224100526,
    -10.08666572955));
#2631 = CARTESIAN_POINT('',(-22.26359457665,-4.783086268983,
    -7.506038525795));
#2632 = CARTESIAN_POINT('',(-22.98427546516,0.792005827757,
    -6.70447088371));
#2633 = CARTESIAN_POINT('',(-21.72108760031,6.231207603752,
    -7.886771994996));
#2634 = CARTESIAN_POINT('',(-18.75273933971,10.201906811767,
    -10.77423350202));
#2635 = CARTESIAN_POINT('',(-14.77822037554,11.717201173318,
    -14.66786571263));
#2636 = CARTESIAN_POINT('',(-10.74999253957,10.381083268074,
    -18.61520679503));
#2637 = CARTESIAN_POINT('',(-7.643399833251,6.49144447336,
    -21.64091274779));
#2638 = CARTESIAN_POINT('',(-6.218121697523,0.974216778552,
    -22.98530412995));
#2639 = CARTESIAN_POINT('',(-6.83001117561,-4.836935652382,
    -22.29252789829));
#2640 = CARTESIAN_POINT('',(-9.339908911617,-9.522984336898,
    -19.70174340872));
#2641 = CARTESIAN_POINT('',(-13.14274015447,-11.92604600363,
    -15.81802541229));
#2642 = CARTESIAN_POINT('',(-17.31097445874,-11.43542129916,
    -11.56890435446));
#2643 = CARTESIAN_POINT('',(-20.8184585365,-8.142516317772,
    -7.980533523129));
#2644 = CARTESIAN_POINT('',(-22.79061056036,-2.825411397686,
    -5.927494745704));
#2645 = CARTESIAN_POINT('',(-22.71997432129,3.234825867993,
    -5.917244231207));
#2646 = CARTESIAN_POINT('',(-20.59401492134,8.562760610949,
    -7.962316877586));
#2647 = CARTESIAN_POINT('',(-16.90300873411,11.847802334992,
    -11.57243631125));
#2648 = CARTESIAN_POINT('',(-12.52492959735,12.266554019336,
    -15.86962869444));
#2649 = CARTESIAN_POINT('',(-8.51432308259,9.689023309667,
    -19.79934845564));
#2650 = CARTESIAN_POINT('',(-5.845930649672,4.717093382018,
    -22.38685413499));
#2651 = CARTESIAN_POINT('',(-5.175392425055,-1.455772665966,
    -22.97650560604));
#2652 = CARTESIAN_POINT('',(-6.675771258633,-7.330955459058,
    -21.39524001889));
#2653 = CARTESIAN_POINT('',(-9.990635543949,-11.46850484145,
    -17.99948898001));
#2654 = CARTESIAN_POINT('',(-14.31628704214,-12.84004048634,
    -13.59295072824));
#2655 = CARTESIAN_POINT('',(-18.59422130921,-11.08424346771,
    -9.234129707615));
#2656 = CARTESIAN_POINT('',(-21.76774481477,-6.601490607427,
    -5.979719448486));
#2657 = CARTESIAN_POINT('',(-23.04053707187,-0.462969672992,
    -4.626040437816));
#2658 = CARTESIAN_POINT('',(-22.07389207198,5.845201349674,
    -5.511798684134));
#2659 = CARTESIAN_POINT('',(-19.07379888626,10.781748962142,
    -8.431005116296));
#2660 = CARTESIAN_POINT('',(-14.7455369236,13.126817357424,
    -12.67838032538));
#2661 = CARTESIAN_POINT('',(-10.12568552905,12.283334870411,
    -17.21734496637));
#2662 = CARTESIAN_POINT('',(-6.331542527201,8.428737258207,
    -20.93060121465));
#2663 = CARTESIAN_POINT('',(-4.288524178661,2.478561813345,
    -22.89273280962));
#2664 = CARTESIAN_POINT('',(-4.502055524716,-4.13087697102,-22.59831471)
  );
#2665 = CARTESIAN_POINT('',(-6.930169836838,-9.789176175587,
    -20.08931364431));
#2666 = CARTESIAN_POINT('',(-10.98889241254,-13.10422184672,
    -15.94970431504));
#2667 = CARTESIAN_POINT('',(-15.6902739594,-13.24465170932,
    -11.16743601461));
#2668 = CARTESIAN_POINT('',(-19.88047549941,-10.14816627773,
    -6.896347721036));
#2669 = CARTESIAN_POINT('',(-22.52053460463,-4.543535604834,
    -4.175401862247));
#2670 = CARTESIAN_POINT('',(-22.94149348685,2.220720111008,
    -3.673556226458));
#2671 = CARTESIAN_POINT('',(-21.01124450631,8.50075248134,
    -5.522918453437));
#2672 = CARTESIAN_POINT('',(-17.17150430074,12.756871829655,
    -9.281771905432));
#2673 = CARTESIAN_POINT('',(-12.33474424008,13.931016223401,
    -14.03764521252));
#2674 = CARTESIAN_POINT('',(-7.665082764966,11.709667513095,
    -18.62641993407));
#2675 = CARTESIAN_POINT('',(-4.295743280456,6.60691041258,
    -21.91487266502));
#2676 = CARTESIAN_POINT('',(-3.051652611826,-0.154224350307,
    -23.07807658008));
#2677 = CARTESIAN_POINT('',(-4.245082844736,-6.934826619669,
    -21.8037595936));
#2678 = CARTESIAN_POINT('',(-7.594946363268,-12.07737483814,
    -18.3730093215));
#2679 = CARTESIAN_POINT('',(-12.29053097143,-14.31091024873,
    -13.59653795977));
#2680 = CARTESIAN_POINT('',(-17.18530129311,-13.06507601517,
    -8.620880884531));
#2681 = CARTESIAN_POINT('',(-21.07445327098,-8.615443318145,
    -4.650842153086));
#2682 = CARTESIAN_POINT('',(-22.98903301433,-2.023169902044,
    -2.655375656172));
#2683 = CARTESIAN_POINT('',(-22.43481985568,5.117960268632,
    -3.128702061253));
#2684 = CARTESIAN_POINT('',(-19.517089739,11.066841707271,
    -5.965545424361));
#2685 = CARTESIAN_POINT('',(-14.91980368491,14.359551466681,
    -10.48194472488));
#2686 = CARTESIAN_POINT('',(-9.743115650358,14.169553302544,
    -15.57774600587));
#2687 = CARTESIAN_POINT('',(-5.237780823102,10.514982708109,
    -20.00219407956));
#2688 = CARTESIAN_POINT('',(-2.500577439452,4.261073648664,
    -22.65851070964));
#2689 = CARTESIAN_POINT('',(-2.204911588358,-3.084528488109,
    -22.87328980717));
#2690 = CARTESIAN_POINT('',(-4.43276944234,-9.735185384696,
    -20.56454519962));
#2691 = CARTESIAN_POINT('',(-8.64992743654,-14.0598217521,
    -16.26650045185));
#2692 = CARTESIAN_POINT('',(-13.83163074309,-14.98292371659,
    -11.00391039173));
#2693 = CARTESIAN_POINT('',(-18.70920889908,-12.25189124193,
    -6.045445482178));
#2694 = CARTESIAN_POINT('',(-22.07828611739,-6.505314912372,
    -2.595481510301));
#2695 = CARTESIAN_POINT('',(-23.093710034,0.876094876391,-1.499170840122
    ));
#2696 = CARTESIAN_POINT('',(-21.47897915538,8.101190784846,
    -3.033014965178));
#2697 = CARTESIAN_POINT('',(-17.59828970184,13.403018268024,
    -6.832817665147));
#2698 = CARTESIAN_POINT('',(-12.37251055803,15.470928322413,
    -11.97771005539));
#2699 = CARTESIAN_POINT('',(-7.05841362053,13.774501512331,
    -17.21092023932));
#2700 = CARTESIAN_POINT('',(-2.944074786929,8.699244760967,
    -21.24437231936));
#2701 = CARTESIAN_POINT('',(-1.034268792886,1.459427896204,
    -23.07329155983));
#2702 = CARTESIAN_POINT('',(-1.802697446633,-6.192347426882,
    -22.22397615252));
#2703 = CARTESIAN_POINT('',(-5.072140000972,-12.38940205025,
    -18.87364684461));
#2704 = CARTESIAN_POINT('',(-10.05280450592,-15.60636015176,
    -13.81209558609));
#2705 = CARTESIAN_POINT('',(-15.53070970864,-15.03456596496,
    -8.253303629807));
#2706 = CARTESIAN_POINT('',(-20.16118313134,-10.78515237384,
    -3.541943453543));
#2707 = CARTESIAN_POINT('',(-22.79652095868,-3.868815475734,
    -0.825718872634));
#2708 = CARTESIAN_POINT('',(-22.76796810055,4.044442791254,
    -0.773384977193));
#2709 = CARTESIAN_POINT('',(-20.05274469645,11.028523683044,
    -3.407721627727));
#2710 = CARTESIAN_POINT('',(-15.28443015437,15.370046923914,
    -8.095149416246));
#2711 = CARTESIAN_POINT('',(-9.6029995191,15.988661892197,
    -13.69569329794));
#2712 = CARTESIAN_POINT('',(-4.379979128603,12.705754105169,
    -18.83782693487));
#2713 = CARTESIAN_POINT('',(-0.884979704858,6.29474472344,
    -22.25193960505));
#2714 = CARTESIAN_POINT('',(2.531551890212E-02,-1.70092070497,
    -23.08134807524));
#2715 = CARTESIAN_POINT('',(-1.880476609578,-9.339311166074,
    -21.0946691932));
#2716 = CARTESIAN_POINT('',(-6.14733571544,-14.75165067122,
    -16.74692333377));
#2717 = CARTESIAN_POINT('',(-11.74004060951,-16.59951259513,
    -11.07333168612));
#2718 = CARTESIAN_POINT('',(-17.29193553252,-14.40571868932,
    -5.440550009549));
#2719 = CARTESIAN_POINT('',(-21.43649058935,-8.677154485671,
    -1.215108199158));
#2720 = CARTESIAN_POINT('',(-23.14121826552,-0.787984545371,
    0.570506230584));
#2721 = CARTESIAN_POINT('',(-21.96235361189,7.349911081644,
    -0.527471669481));
#2722 = CARTESIAN_POINT('',(-18.1574881489,13.750257868534,
    -4.251450378903));
#2723 = CARTESIAN_POINT('',(-12.62761769827,16.837187129625,
    -9.700434075966));
#2724 = CARTESIAN_POINT('',(-6.701554800262,15.833188875987,
    -15.5456102204));
#2725 = CARTESIAN_POINT('',(-1.814275693553,10.954721997814,
    -20.35200257355));
#2726 = CARTESIAN_POINT('',(0.842940969919,3.366321440183,
    -22.92833248345));
#2727 = CARTESIAN_POINT('',(0.615284325488,-5.097280536452,
    -22.61978908545));
#2728 = CARTESIAN_POINT('',(-2.451854425664,-12.37473862398,
    -19.47176358073));
#2729 = CARTESIAN_POINT('',(-7.619096013203,-16.68014339812,
    -14.22363523963));
#2730 = CARTESIAN_POINT('',(-13.62889934749,-16.94125894113,
    -8.132945151775));
#2731 = CARTESIAN_POINT('',(-19.0092111063,-13.06641884953,
    -2.671746639397));
#2732 = CARTESIAN_POINT('',(-22.43162315788,-5.973678949724,
    0.831552165749));
#2733 = CARTESIAN_POINT('',(-23.0368964613,2.62653391467,1.517712222739)
  );
#2734 = CARTESIAN_POINT('',(-20.64808612049,10.643859115761,
    -0.790211364502));
#2735 = CARTESIAN_POINT('',(-15.8184228481,16.116082677163,
    -5.538987883325));
#2736 = CARTESIAN_POINT('',(-9.701125172279,17.689367735225,
    -11.57539880558));
#2737 = CARTESIAN_POINT('',(-3.771742617937,14.953107479845,
    -17.42389460635));
#2738 = CARTESIAN_POINT('',(0.530127453505,8.546600483055,
    -21.64487792423));
#2739 = CARTESIAN_POINT('',(2.152753877757,9.944932298034E-03,
    -23.18661759491));
#2740 = CARTESIAN_POINT('',(0.691791774217,-8.586137619298,
    -21.6447687378));
#2741 = CARTESIAN_POINT('',(-3.506617258955,-15.14258790811,
    -17.36547295107));
#2742 = CARTESIAN_POINT('',(-9.425399006806,-18.04456821498,
    -11.36580444965));
#2743 = CARTESIAN_POINT('',(-15.62053421758,-16.55913718179,
    -5.089782485303));
#2744 = CARTESIAN_POINT('',(-20.57096170803,-11.0201210018,
    -5.846824128855E-02));
#2745 = CARTESIAN_POINT('',(-23.04961294387,-2.753607991308,
    2.501069748121));
#2746 = CARTESIAN_POINT('',(-22.42507157274,6.239441008823,
    1.957415130556));
#2747 = CARTESIAN_POINT('',(-18.81970607203,13.767523132839,
    -1.567063616587));
#2748 = CARTESIAN_POINT('',(-13.08470406156,17.982636744586,
    -7.221178873487));
#2749 = CARTESIAN_POINT('',(-6.596912217684,17.833897647042,
    -13.6280839638));
#2750 = CARTESIAN_POINT('',(-0.925952887164,13.329390218394,
    -19.21815654075));
#2751 = CARTESIAN_POINT('',(2.547904180166,5.541042694992,
    -22.61112685451));
#2752 = CARTESIAN_POINT('',(2.972084958945,-3.650325372206,
    -22.95442087972));
#2753 = CARTESIAN_POINT('',(0.233335886938,-12.00917720689,
    -20.13478505415));
#2754 = CARTESIAN_POINT('',(-5.009879030084,-17.488988804,
    -14.81068338356));
#2755 = CARTESIAN_POINT('',(-11.48326992885,-18.73328821394,
    -8.256405731222));
#2756 = CARTESIAN_POINT('',(-17.60402311448,-15.41134167083,
    -2.054765792024));
#2757 = CARTESIAN_POINT('',(-21.86541213449,-8.305436996556,
    2.287509981553));
#2758 = CARTESIAN_POINT('',(-23.20526072419,0.873131175281,
    3.708245324822));
#2759 = CARTESIAN_POINT('',(-21.26815376714,9.89614123372,1.852025121338
    ));
#2760 = CARTESIAN_POINT('',(-16.4966792194,16.559372036534,
    -2.838562672837));
#2761 = CARTESIAN_POINT('',(-10.02834066685,19.221062214434,
    -9.226014471821));
#2762 = CARTESIAN_POINT('',(-3.422103173775,17.206365327035,
    -15.75136521133));
#2763 = CARTESIAN_POINT('',(1.719699728167,10.978176074987,
    -20.8122813597));
#2764 = CARTESIAN_POINT('',(4.142400821684,2.031149925239,
    -23.15409569965));
#2765 = CARTESIAN_POINT('',(3.247548007203,-7.466915878461,
    -22.1783561316));
#2766 = CARTESIAN_POINT('',(-0.756903355714,-15.20031270901,
    -18.09301801512));
#2767 = CARTESIAN_POINT('',(-6.902413594335,-19.27000813247,
    -11.86662102293));
#2768 = CARTESIAN_POINT('',(-13.69171048124,-18.65994029529,
    -4.996437382462));
#2769 = CARTESIAN_POINT('',(-19.46118375905,-13.49053261291,
    0.853922648919));
#2770 = CARTESIAN_POINT('',(-22.78611243626,-4.996213168406,
    4.259738079693));
#2771 = CARTESIAN_POINT('',(-22.8300184129,4.769251672788,4.384530809909
    ));
#2772 = CARTESIAN_POINT('',(-19.55248673378,13.429297528715,
    1.187885884347));
#2773 = CARTESIAN_POINT('',(-13.72384167206,18.862932649599,
    -4.559872423805));
#2774 = CARTESIAN_POINT('',(-6.741928836907,19.72418424976,
    -11.46089850539));
#2775 = CARTESIAN_POINT('',(-0.294557186022,15.775409273425,
    -17.8273834027));
#2776 = CARTESIAN_POINT('',(4.050889076803,7.951954351649,
    -22.09194291196));
#2777 = CARTESIAN_POINT('',(5.230883586527,-1.85923243521,
    -23.19105066812));
#2778 = CARTESIAN_POINT('',(2.948438152968,-11.27467922002,
    -20.82771848099));
#2779 = CARTESIAN_POINT('',(-2.249835205014,-17.99341499195,
    -15.54855836944));
#2780 = CARTESIAN_POINT('',(-9.102199505083,-20.35927734076,
    -8.61530731581));
#2781 = CARTESIAN_POINT('',(-15.93564664454,-17.76908969341,
    -1.700973422781));
#2782 = CARTESIAN_POINT('',(-21.07196345686,-10.82612451585,
    3.516230143101));
#2783 = CARTESIAN_POINT('',(-23.23745193799,-1.199881175293,5.7626053778
    ));
#2784 = CARTESIAN_POINT('',(-21.87627520699,8.775301156082,
    4.482315400372));
#2785 = CARTESIAN_POINT('',(-17.29035091911,16.666307213971,
    -2.272213393661E-02));
#2786 = CARTESIAN_POINT('',(-10.57062194973,20.534720638837,
    -6.661564349754));
#2787 = CARTESIAN_POINT('',(-3.335275285312,19.412953087274,
    -13.8160242606));
#2788 = CARTESIAN_POINT('',(2.662287031195,13.546086658271,
    -19.73269982354));
#2789 = CARTESIAN_POINT('',(5.960752244899,4.339024361847,
    -22.95027828368));
#2790 = CARTESIAN_POINT('',(5.749342568445,-5.979843493994,
    -22.65798185366));
#2791 = CARTESIAN_POINT('',(2.069484315677,-14.89796103649,
    -18.89723684732));
#2792 = CARTESIAN_POINT('',(-4.190438516525,-20.23039252018,
    -12.55642726155));
#2793 = CARTESIAN_POINT('',(-11.50714631921,-20.65510746718,
    -5.158832705304));
#2794 = CARTESIAN_POINT('',(-18.09074065042,-16.04063195493,
    1.505648379476));
#2795 = CARTESIAN_POINT('',(-22.32016299854,-7.484887421449,
    5.815957481159));
#2796 = CARTESIAN_POINT('',(-23.13989415257,2.945900497615,
    6.716575388763));
#2797 = CARTESIAN_POINT('',(-20.32081828537,12.716168461837,
    3.978386275129));
#2798 = CARTESIAN_POINT('',(-14.52079598117,19.437370772274,
    -1.740749275508));
#2799 = CARTESIAN_POINT('',(-7.129033078874,21.45189755762,
    -9.051625424238));
#2800 = CARTESIAN_POINT('',(6.896725323793E-02,18.241810475965,
    -16.16873900278));
#2801 = CARTESIAN_POINT('',(5.325069263413,10.561626304709,
    -21.34395425939));
#2802 = CARTESIAN_POINT('',(7.355457713859,0.261194135405,
    -23.29345595626));
#2803 = CARTESIAN_POINT('',(5.656604403561,-10.15981045555,
    -21.5137158924));
#2804 = CARTESIAN_POINT('',(0.632493532032,-18.15849348743,
    -16.4087182673));
#2805 = CARTESIAN_POINT('',(-6.498996421218,-21.76924570481,
    -9.19634156049));
#2806 = CARTESIAN_POINT('',(-13.99891428252,-20.08672998573,
    -1.615536945611));
#2807 = CARTESIAN_POINT('',(-20.0288670064,-13.49268462293,
    4.495302531831));
#2808 = CARTESIAN_POINT('',(-23.09923144649,-3.569770281756,
    7.64655372549));
#2809 = CARTESIAN_POINT('',(-22.43467056303,7.278215341251,
    7.062879595597));
#2810 = CARTESIAN_POINT('',(-18.16727146832,16.408637899796,
    2.876367254453));
#2811 = CARTESIAN_POINT('',(-11.30921960545,21.583787421039,
    -3.900797854849));
#2812 = CARTESIAN_POINT('',(-3.510486143836,21.519276192689,
    -11.61864456289));
#2813 = CARTESIAN_POINT('',(3.34047894703,16.202683471435,
    -18.38872290019));
#2814 = CARTESIAN_POINT('',(7.576415612589,6.903422700024,
    -22.54377281218));
#2815 = CARTESIAN_POINT('',(8.159395987124,-4.130236017445,
    -23.04586643315));
#2816 = CARTESIAN_POINT('',(4.937531078437,-14.21470306553,
    -19.7431147709));
#2817 = CARTESIAN_POINT('',(-1.313232252774,-20.88376759259,
    -13.41146468612));
#2818 = CARTESIAN_POINT('',(-9.073572159095,-22.49170877536,
    -5.570238026235));
#2819 = CARTESIAN_POINT('',(-16.44768465468,-18.61933272946,
    1.88476122292));
#2820 = CARTESIAN_POINT('',(-21.62401493142,-10.18277486765,
    7.141978253225));
#2821 = CARTESIAN_POINT('',(-23.31785728902,0.783062484762,
    8.916707364401));
#2822 = CARTESIAN_POINT('',(-21.08768905358,11.61528952667,
    6.767425882523));
#2823 = CARTESIAN_POINT('',(-15.44735781168,19.669668726102,
    1.207981394196));
#2824 = CARTESIAN_POINT('',(-7.74566677045,22.966089660664,
    -6.412822893474));
#2825 = CARTESIAN_POINT('',(0.158465892441,20.675315918358,
    -14.23606880279));
#2826 = CARTESIAN_POINT('',(6.34704903208,13.327364641948,
    -20.34376518887));
#2827 = CARTESIAN_POINT('',(9.31082352296,2.689206722372,-23.22665292618
    ));
#2828 = CARTESIAN_POINT('',(8.319731422461,-8.660076659054,
    -22.15467407211));
#2829 = CARTESIAN_POINT('',(3.605118925685,-17.9545487907,
    -17.35917482177));
#2830 = CARTESIAN_POINT('',(-3.691771882593,-22.91550333206,
    -9.981397259928));
#2831 = CARTESIAN_POINT('',(-11.79365385235,-22.31010031106,
    -1.798628536599));
#2832 = CARTESIAN_POINT('',(-18.71768868194,-16.25760704326,
    5.206293046556));
#2833 = CARTESIAN_POINT('',(-22.75835222201,-6.207203958856,
    9.327843340193));
#2834 = CARTESIAN_POINT('',(-22.90508274976,5.408906098331,9.55546062152
    ));
#2835 = CARTESIAN_POINT('',(-19.09244245302,15.764073091288,
    5.823707078344));
#2836 = CARTESIAN_POINT('',(-12.22088294831,22.325033337672,
    -0.966965672802));
#2837 = CARTESIAN_POINT('',(-3.94188313288,23.471624819347,
    -9.165078734668));
#2838 = CARTESIAN_POINT('',(3.741291530722,18.896786520143,
    -16.7673666447));
#2839 = CARTESIAN_POINT('',(8.960697302576,9.688106496693,
    -21.90588566298));
#2840 = CARTESIAN_POINT('',(10.440244271025,-1.930587270244,
    -23.30454587787));
#2841 = CARTESIAN_POINT('',(7.810076156395,-13.13623201775,
    -20.59349100967));
#2842 = CARTESIAN_POINT('',(1.701357978611,-21.19246455667,
    -14.40388607832));
#2843 = CARTESIAN_POINT('',(-6.402759262798,-24.11782024024,
    -6.218882083345));
#2844 = CARTESIAN_POINT('',(-14.52483878995,-21.17302926843,
    1.984084197374));
#2845 = CARTESIAN_POINT('',(-20.67326169074,-13.04758369876,
    8.213393851732));
#2846 = CARTESIAN_POINT('',(-23.32816990095,-1.698551571382,
    10.949188815511));
#2847 = CARTESIAN_POINT('',(-21.81468212111,10.120744278108,
    9.516587789243));
#2848 = CARTESIAN_POINT('',(-16.47174308836,19.528687050561,
    4.254535510063));
#2849 = CARTESIAN_POINT('',(-8.574392923989,24.217919690364,
    -3.56192790075));
#2850 = CARTESIAN_POINT('',(-2.721572768405E-02,23.021205606622,
    -12.02821834348));
#2851 = CARTESIAN_POINT('',(7.097341128421,16.201831618906,
    -19.07188844602));
#2852 = CARTESIAN_POINT('',(11.063865108992,5.396336465889,
    -22.95752567302));
#2853 = CARTESIAN_POINT('',(10.899088807094,-6.778153149181,
    -22.71186261756));
#2854 = CARTESIAN_POINT('',(6.633080849216,-17.3577843278,
    -18.36496790611));
#2855 = CARTESIAN_POINT('',(-0.7032343281,-23.75352143451,
    -10.94776597523));
#2856 = CARTESIAN_POINT('',(-9.324801644723,-24.3847130922,
    -2.245311905043));
#2857 = CARTESIAN_POINT('',(-17.12437514884,-19.06964611986,
    5.635148352647));
#2858 = CARTESIAN_POINT('',(-22.1851570345,-9.07660839408,
    10.776816991876));
#2859 = CARTESIAN_POINT('',(-23.24942397364,3.178631169771,
    11.921970684579));
#2860 = CARTESIAN_POINT('',(-20.0285714702,14.716796424227,
    8.782004934711));
#2861 = CARTESIAN_POINT('',(-13.27815880241,22.719371733001,
    2.112479020481));
#2862 = CARTESIAN_POINT('',(-4.61852081659,25.217093005671,
    -6.466272211771));
#2863 = CARTESIAN_POINT('',(3.856489097532,21.574483583595,
    -14.86039537232));
#2864 = CARTESIAN_POINT('',(10.088155216081,12.651229323362,
    -21.0111747373));
#2865 = CARTESIAN_POINT('',(12.555388323968,0.599483643178,
    -23.39752109162));
#2866 = CARTESIAN_POINT('',(10.648401325534,-11.6551561647,
    -21.40964733962));
#2867 = CARTESIAN_POINT('',(4.821781208021,-21.12384167138,
    -15.50214046854));
#2868 = CARTESIAN_POINT('',(-3.511431937486,-25.48343600113,
    -7.08804056947));
#2869 = CARTESIAN_POINT('',(-12.32002767593,-23.64645751514,
    1.801441922542));
#2870 = CARTESIAN_POINT('',(-19.44733350775,-16.03218697536,
    9.009634507932));
#2871 = CARTESIAN_POINT('',(-23.13683435095,-4.471389750657,
    12.780022104701));
#2872 = CARTESIAN_POINT('',(-22.46260064552,8.233805130814,
    12.186675152838));
#2873 = CARTESIAN_POINT('',(-17.55905499691,18.989079054362,
    7.364016257797));
#2874 = CARTESIAN_POINT('',(-9.593082488413,25.161537068804,
    -0.521069497139));
#2875 = CARTESIAN_POINT('',(-0.484097873267,25.22421985271,
    -9.549167358718));
#2876 = CARTESIAN_POINT('',(7.560789333063,19.133748182867,
    -17.51316781147));
#2877 = CARTESIAN_POINT('',(12.583943101386,8.347725313258,
    -22.45543482623));
#2878 = CARTESIAN_POINT('',(13.355965998806,-4.524004012149,
    -23.14657097008));
#2879 = CARTESIAN_POINT('',(9.678975720066,-16.35082417557,
    -19.38869393778));
#2880 = CARTESIAN_POINT('',(2.439592060365,-24.24276538527,
    -12.06842352451));
#2881 = CARTESIAN_POINT('',(-6.602436292005,-26.25667760281,
    -2.945508418575));
#2882 = CARTESIAN_POINT('',(-15.23959500975,-21.87460843531,
    5.772537052745));
#2883 = CARTESIAN_POINT('',(-21.3531442598,-12.13662996825,
    11.966973056364));
#2884 = CARTESIAN_POINT('',(-23.43042895764,0.605859960904,
    14.12514450777));
#2885 = CARTESIAN_POINT('',(-20.93665426374,13.257886434877,
    11.712256567436));
#2886 = CARTESIAN_POINT('',(-14.44976122074,22.732621025393,
    5.306250278007));
#2887 = CARTESIAN_POINT('',(-5.524428401544,26.704498497737,
    -3.538195787631));
#2888 = CARTESIAN_POINT('',(3.682835540336,24.179984213792,
    -12.66457297594));
#2889 = CARTESIAN_POINT('',(10.937108031519,15.745917606837,
    -19.83795871355));
#2890 = CARTESIAN_POINT('',(14.46993765778,3.433398903141,
    -23.28990158625));
#2891 = CARTESIAN_POINT('',(13.412852909768,-9.771287165961,
    -22.15193008467));
#2892 = CARTESIAN_POINT('',(8.013232013471,-20.65095773094,
    -16.6714224348));
#2893 = CARTESIAN_POINT('',(-0.421100072242,-26.54136366778,
    -8.156203595529));
#2894 = CARTESIAN_POINT('',(-9.836232692355,-25.98359503446,
    1.339815778153));
#2895 = CARTESIAN_POINT('',(-17.92993766935,-19.08530884778,
    9.514407508715));
#2896 = CARTESIAN_POINT('',(-22.71221196431,-7.501364772404,
    14.377568557244));
#2897 = CARTESIAN_POINT('',(-22.99211485899,5.963082454742,
    14.73835820549));
#2898 = CARTESIAN_POINT('',(-18.67180227825,18.031858810143,
    10.498932378325));
#2899 = CARTESIAN_POINT('',(-10.77517807216,25.7549307473,2.683194925797
    ));
#2900 = CARTESIAN_POINT('',(-1.203011629849,27.229483768771,
    -6.808084762949));
#2901 = CARTESIAN_POINT('',(7.726928972839,22.06866936461,
    -15.65713861206));
#2902 = CARTESIAN_POINT('',(13.843473348044,11.502564027361,
    -21.6927962337));
#2903 = CARTESIAN_POINT('',(15.652328789599,-1.914887961756,
    -23.42076492169));
#2904 = CARTESIAN_POINT('',(12.703531518257,-14.92316159211,
    -20.39108089678));
#2905 = CARTESIAN_POINT('',(5.705721275466,-24.34747727402,
    -13.31238390042));
#2906 = CARTESIAN_POINT('',(-3.641731968435,-27.87362677132,
    -3.884043902958));
#2907 = CARTESIAN_POINT('',(-13.05901063814,-24.61619897816,
    5.614121520316));
#2908 = CARTESIAN_POINT('',(-20.23949252764,-15.34069535647,
    12.875490163386));
#2909 = CARTESIAN_POINT('',(-23.4123051867,-2.283864398112,
    16.129189576012));
#2910 = CARTESIAN_POINT('',(-21.77659279906,11.385634481977,
    14.574363941938));
#2911 = CARTESIAN_POINT('',(-15.70100734877,22.336201554357,
    8.579665245215));
#2912 = CARTESIAN_POINT('',(-6.63875749926,27.88528957138,
    -0.401697850729));
#2913 = CARTESIAN_POINT('',(3.222270682471,26.65651652889,
    -10.18183927889));
#2914 = CARTESIAN_POINT('',(11.490093033692,18.92093971069,
    -18.36877487654));
#2915 = CARTESIAN_POINT('',(16.151238714388,6.537900820797,
    -22.94903380367));
#2916 = CARTESIAN_POINT('',(16.06348817134,-7.491819344603,
    -22.78039650705));
#2917 = CARTESIAN_POINT('',(11.238158089881,-19.75316618355,
    -17.87417967203));
#2918 = CARTESIAN_POINT('',(2.842186335138,-27.24808928657,
    -9.397321163721));
#2919 = CARTESIAN_POINT('',(-7.081668322281,-28.12858701278,
    0.607420247265));
#2920 = CARTESIAN_POINT('',(-16.10943831459,-22.15228685145,
    9.716076993144));
#2921 = CARTESIAN_POINT('',(-22.02561424809,-10.74826746689,
    15.713139680216));
#2922 = CARTESIAN_POINT('',(-23.3644213122,3.324560473292,
    17.132833497888));
#2923 = CARTESIAN_POINT('',(-19.7704665121,16.64487794399,
    13.619765451363));
#2924 = CARTESIAN_POINT('',(-12.09003151911,25.96073138566,
    6.020217211938));
#2925 = CARTESIAN_POINT('',(-2.169624708488,28.983440290596,
    -3.819302845123));
#2926 = CARTESIAN_POINT('',(7.590279312818,24.949821737438,
    -13.49832011286));
#2927 = CARTESIAN_POINT('',(14.81846669951,14.814630749725,
    -20.64562074598));
#2928 = CARTESIAN_POINT('',(17.75147560418,1.02475044095,-23.49774289708
    ));
#2929 = CARTESIAN_POINT('',(15.666221324366,-13.07150665178,
    -21.3316018637));
#2930 = CARTESIAN_POINT('',(9.060627327243,-24.0373958158,
    -14.64512111301));
#2931 = CARTESIAN_POINT('',(-0.462830741482,-29.18563481239,
    -5.040776290725));
#2932 = CARTESIAN_POINT('',(-10.58347586573,-27.23691385843,5.1607555871
    ));
#2933 = CARTESIAN_POINT('',(-18.82553593238,-18.63766261788,
    13.483702407318));
#2934 = CARTESIAN_POINT('',(-23.16137043787,-5.458176342194,
    17.90042366637));
#2935 = CARTESIAN_POINT('',(-22.50784044591,9.105754468759,
    17.327780427981));
#2936 = CARTESIAN_POINT('',(-16.99431365217,21.507755653876,
    11.895140387808));
#2937 = CARTESIAN_POINT('',(-7.936008864395,28.714425160425,
    2.917722353593));
#2938 = CARTESIAN_POINT('',(2.48200821292,28.947253893114,
    -7.419407970154));
#2939 = CARTESIAN_POINT('',(11.734265124521,22.121454248283,
    -16.59077812818));
#2940 = CARTESIAN_POINT('',(17.569478258069,9.873440040899,
    -22.34510450816));
#2941 = CARTESIAN_POINT('',(18.560736726265,-4.831396022905,
    -23.25547622279));
#2942 = CARTESIAN_POINT('',(14.456819165204,-18.41662014942,
    -19.07067190816));
#2943 = CARTESIAN_POINT('',(6.248157866037,-27.56459868928,
    -10.78112385543));
#2944 = CARTESIAN_POINT('',(-4.06977766708,-30.02668473204,
    -0.382301568749));
#2945 = CARTESIAN_POINT('',(-13.9791694136,-25.17589976074,
    9.607976931342));
#2946 = CARTESIAN_POINT('',(-21.05185753324,-14.16628299122,
    16.761551804548));
#2947 = CARTESIAN_POINT('',(-23.54190467482,0.341518164896,
    19.332485699697));
#2948 = CARTESIAN_POINT('',(-20.81411048519,14.823203094724,
    16.685578263632));
#2949 = CARTESIAN_POINT('',(-13.50331113599,25.746953992752,
    9.455665667999));
#2950 = CARTESIAN_POINT('',(-3.364548568583,30.434777926426,
    -0.602210145842));
#2951 = CARTESIAN_POINT('',(7.150562707058,27.718991167466,
    -11.03643466791));
#2952 = CARTESIAN_POINT('',(15.489021414815,18.232923230643,
    -19.2940066221));
#2953 = CARTESIAN_POINT('',(19.618683781064,4.263503883621,
    -23.34278223478));
#2954 = CARTESIAN_POINT('',(18.525906676972,-10.80002666613,
    -22.16911837712));
#2955 = CARTESIAN_POINT('',(12.466728500601,-23.28840218352,
    -16.02905344718));
#2956 = CARTESIAN_POINT('',(2.909364943889,-30.14611192037,
    -6.390803136909));
#2957 = CARTESIAN_POINT('',(-7.819155736972,-29.67896681304,
    4.41860429752));
#2958 = CARTESIAN_POINT('',(-17.09718216941,-21.97255462072,
    13.777517483532));
#2959 = CARTESIAN_POINT('',(-22.64666796187,-8.87825006838,
    19.407890029556));
#2960 = CARTESIAN_POINT('',(-23.09006497869,6.431480005426,
    19.932173799942));
#2961 = CARTESIAN_POINT('',(-18.28974581776,20.231680845052,
    15.212741392585));
#2962 = CARTESIAN_POINT('',(-9.386335642705,29.151214889848,
    6.39021797109));
#2963 = CARTESIAN_POINT('',(1.474552844191,30.996258041766,
    -4.389783762239));
#2964 = CARTESIAN_POINT('',(11.661730401801,25.289827410277,
    -14.49607456628));
#2965 = CARTESIAN_POINT('',(18.698252575596,13.394668591069,
    -21.4517099865));
#2966 = CARTESIAN_POINT('',(20.866067322641,-1.812060624401,
    -23.53863797998));
#2967 = CARTESIAN_POINT('',(17.627889547966,-16.6346797954,
    -20.21957345174));
#2968 = CARTESIAN_POINT('',(9.762717689438,-27.45714250587,
    -12.27351483964));
#2969 = CARTESIAN_POINT('',(-0.819146259068,-31.62518271165,
    -1.610764137574));
#2970 = CARTESIAN_POINT('',(-11.53767549744,-28.09724945998,
    9.188651854368));
#2971 = CARTESIAN_POINT('',(-19.76977236856,-17.70460331719,
    17.501635479052));
#2972 = CARTESIAN_POINT('',(-23.48879228726,-2.955665002099,
    21.301542151328));
#2973 = CARTESIAN_POINT('',(-21.76101908553,12.569387269648,
    19.654655703158));
#2974 = CARTESIAN_POINT('',(-14.97747333854,25.087669295074,
    12.951996709743));
#2975 = CARTESIAN_POINT('',(-4.763526222565,31.535339386147,
    2.818936347328));
#2976 = CARTESIAN_POINT('',(6.412846389539,30.317448260596,
    -8.276549511209));
#2977 = CARTESIAN_POINT('',(15.839760315971,21.702376441672,
    -17.62257668407));
#2978 = CARTESIAN_POINT('',(21.221836136365,7.763337752838,
    -22.9237657509));
#2979 = CARTESIAN_POINT('',(21.241501549207,-8.120474550342,
    -22.86254441017));
#2980 = CARTESIAN_POINT('',(15.883927577974,-22.08308129604,
    -17.42408368537));
#2981 = CARTESIAN_POINT('',(6.445477516679,-30.71266246926,
    -7.904746870512));
#2982 = CARTESIAN_POINT('',(-4.777565624537,-31.88523615025,
    3.399183024272));
#2983 = CARTESIAN_POINT('',(-15.04526670995,-25.287364899,
    13.747770863253));
#2984 = CARTESIAN_POINT('',(-21.84054991865,-12.49926859013,
    20.623940825529));
#2985 = CARTESIAN_POINT('',(-23.48381976916,3.383546223057,
    22.348097429605));
#2986 = CARTESIAN_POINT('',(-19.545614811,18.499567194525,
    18.490779225007));
#2987 = CARTESIAN_POINT('',(-10.95591954997,29.160106070372,
    9.981970717546));
#2988 = CARTESIAN_POINT('',(0.217635468684,32.749424857079,
    -1.110697547545));
#2989 = CARTESIAN_POINT('',(11.269808565399,28.366508018236,
    -12.08198389069));
#2990 = CARTESIAN_POINT('',(19.515093637686,17.051031725507,
    -20.24638220941));
#2991 = CARTESIAN_POINT('',(22.942650143995,1.536908136376,
    -23.59305196215));
#2992 = CARTESIAN_POINT('',(20.709095928687,-14.40821486264,
    -21.27861099327));
#2993 = CARTESIAN_POINT('',(13.348399891186,-26.89793277903,
    -13.8370282022));
#2994 = CARTESIAN_POINT('',(2.646665644089,-32.87434067936,
    -3.054407201545));
#2995 = CARTESIAN_POINT('',(-8.788875881024,-30.8566842865,
    8.462021077135));
#2996 = CARTESIAN_POINT('',(-18.16265920723,-21.30812833596,
    17.916691156914));
#2997 = CARTESIAN_POINT('',(-23.17179235215,-6.529816560717,
    23.006711055402));
#2998 = CARTESIAN_POINT('',(-22.56936234707,9.893628893485,
    22.485167803888));
#2999 = CARTESIAN_POINT('',(-16.47229493076,23.963594683474,
    16.468987141147));
#3000 = CARTESIAN_POINT('',(-6.337694375804,32.240994242724,
    6.415273339753));
#3001 = CARTESIAN_POINT('',(5.387595253361,32.686904216475,
    -5.229129535844));
#3002 = CARTESIAN_POINT('',(15.860221776285,25.16464475103,
    -15.6208693052));
#3003 = CARTESIAN_POINT('',(22.531987624214,11.480055586293,
    -22.21174839956));
#3004 = CARTESIAN_POINT('',(23.772705272098,-5.052241937322,
    -23.37157929388));
#3005 = CARTESIAN_POINT('',(19.270091360147,-20.41111349741,
    -18.78807862836));
#3006 = CARTESIAN_POINT('',(10.112220725019,-30.84803664283,
    -9.549321239665));
#3007 = CARTESIAN_POINT('',(-1.475920248838,-33.79994716525,
    2.11970648776));
#3008 = CARTESIAN_POINT('',(-12.6650818759,-28.52244551793,
    13.38975486839));
#3009 = CARTESIAN_POINT('',(-20.72076470718,-16.26994144545,
    21.52632445324));
#3010 = CARTESIAN_POINT('',(-22.67188784597,-5.4316476806,
    23.531372094413));
#3011 = CARTESIAN_POINT('',(-22.67188784597,-1.123431283297E-12,
    23.558334345602));
#3012 = CARTESIAN_POINT('',(-23.16839607869,-3.292237632519E-14,
    -20.28393931581));
#3013 = CARTESIAN_POINT('',(-23.16839607869,0.677997971017,
    -20.23001481343));
#3014 = CARTESIAN_POINT('',(-22.65080492608,2.109488752352,
    -20.63975696128));
#3015 = CARTESIAN_POINT('',(-20.81505159922,2.464338621618,
    -22.31373678101));
#3016 = CARTESIAN_POINT('',(-19.52047261865,0.466981862062,
    -23.44654225444));
#3017 = CARTESIAN_POINT('',(-19.99551122878,-2.178836657472,
    -22.80973013718));
#3018 = CARTESIAN_POINT('',(-21.87799591878,-2.984610964101,
    -20.76547194004));
#3019 = CARTESIAN_POINT('',(-23.40631071309,-0.999673066969,
    -19.0753836386));
#3020 = CARTESIAN_POINT('',(-23.0027074293,2.115633530066,
    -19.31721341525));
#3021 = CARTESIAN_POINT('',(-20.8114388549,3.47117490238,-21.34670848251
    ));
#3022 = CARTESIAN_POINT('',(-18.70566376027,1.625367507021,
    -23.29071007001));
#3023 = CARTESIAN_POINT('',(-18.6258647665,-1.910668155062,
    -23.20873555665));
#3024 = CARTESIAN_POINT('',(-20.7244347508,-3.894008142056,
    -20.94839206521));
#3025 = CARTESIAN_POINT('',(-23.08596924025,-2.323659490037,
    -18.42508406863));
#3026 = CARTESIAN_POINT('',(-23.40794385969,1.558206681373,
    -17.94133594205));
#3027 = CARTESIAN_POINT('',(-21.16934218212,4.225066336764,
    -20.01816411249));
#3028 = CARTESIAN_POINT('',(-18.24663355981,3.069568749894,
    -22.77909922766));
#3029 = CARTESIAN_POINT('',(-17.28617836292,-1.05798496813,
    -23.57778091742));
#3030 = CARTESIAN_POINT('',(-19.24070551098,-4.438589497991,
    -21.46148026222));
#3031 = CARTESIAN_POINT('',(-22.36242281887,-3.834696202678,
    -18.1779894472));
#3032 = CARTESIAN_POINT('',(-23.69754103119,0.415602305912,
    -16.68109772774));
#3033 = CARTESIAN_POINT('',(-21.8103717528,4.51199371505,-18.406493499)
  );
#3034 = CARTESIAN_POINT('',(-18.22492403904,4.588184332615,
    -21.83016770562));
#3035 = CARTESIAN_POINT('',(-16.14804863882,0.357445643499,
    -23.74526959871));
#3036 = CARTESIAN_POINT('',(-17.53501262056,-4.426769540843,
    -22.19653210983));
#3037 = CARTESIAN_POINT('',(-21.18263022796,-5.297731432209,
    -18.3871409953));
#3038 = CARTESIAN_POINT('',(-23.70238140069,-1.243953362163,
    -15.70561631543));
#3039 = CARTESIAN_POINT('',(-22.59981509191,4.169280814831,
    -16.64640911708));
#3040 = CARTESIAN_POINT('',(-18.66195294425,5.930670661855,
    -20.42249775761));
#3041 = CARTESIAN_POINT('',(-15.37212656119,2.221386604031,
    -23.55055063353));
#3042 = CARTESIAN_POINT('',(-15.7647232532,-3.731424404052,
    -22.99618043438));
#3043 = CARTESIAN_POINT('',(-19.55872065515,-6.455090295742,
    -19.0404095253));
#3044 = CARTESIAN_POINT('',(-23.27629466275,-3.262441502079,
    -15.16106201057));
#3045 = CARTESIAN_POINT('',(-23.36217541,3.111116832104,-14.91340775618)
  );
#3046 = CARTESIAN_POINT('',(-19.51141017984,6.840979855484,
    -18.6023994792));
#3047 = CARTESIAN_POINT('',(-15.08399934513,4.335733802817,
    -22.86803680678));
#3048 = CARTESIAN_POINT('',(-14.11898630432,-2.312526302878,
    -23.67127634045));
#3049 = CARTESIAN_POINT('',(-17.56929429445,-7.061485372984,
    -20.0591948432));
#3050 = CARTESIAN_POINT('',(-22.32268524464,-5.406383836561,
    -15.14403038587));
#3051 = CARTESIAN_POINT('',(-23.63163668854,0.220289107585,
    -13.70026768602));
#3052 = CARTESIAN_POINT('',(-22.28799999173,4.223528024906,
    -14.93605537807));
#3053 = CARTESIAN_POINT('',(-19.76714284635,6.979915574905,
    -17.3490635187));
#3054 = CARTESIAN_POINT('',(-16.24878958081,6.544542153493,
    -20.75956777948));
#3055 = CARTESIAN_POINT('',(-14.06520573829,3.107963742805,
    -22.83530261725));
#3056 = CARTESIAN_POINT('',(-13.22759186432,-1.345990207844,
    -23.56506748646));
#3057 = CARTESIAN_POINT('',(-15.3580578824,-6.916499778349,
    -21.29979021243));
#3058 = CARTESIAN_POINT('',(-20.79696149447,-7.396273688736,
    -15.69911309322));
#3059 = CARTESIAN_POINT('',(-23.48511920908,-2.075465986522,
    -12.87614412267));
#3060 = CARTESIAN_POINT('',(-22.98992895624,2.758588260086,
    -13.26348537076));
#3061 = CARTESIAN_POINT('',(-20.97220530554,6.801204320749,
    -15.1733600167));
#3062 = CARTESIAN_POINT('',(-16.19008392713,8.244037113247,
    -19.82067013917));
#3063 = CARTESIAN_POINT('',(-12.66742183307,3.330180143386,
    -23.20852097727));
#3064 = CARTESIAN_POINT('',(-12.53779654408,-1.776616550515,
    -23.23029726151));
#3065 = CARTESIAN_POINT('',(-14.07386933849,-6.399475065578,
    -21.58637546234));
#3066 = CARTESIAN_POINT('',(-18.72030661286,-8.939808138435,
    -16.80512693203));
#3067 = CARTESIAN_POINT('',(-23.60185792446,-3.745319049698,
    -11.76180211329));
#3068 = CARTESIAN_POINT('',(-23.19543734807,3.570103253287,
    -12.03341143374));
#3069 = CARTESIAN_POINT('',(-20.32171619617,7.273078712998,
    -14.79928358088));
#3070 = CARTESIAN_POINT('',(-17.49758861606,8.327720565435,
    -17.54252440743));
#3071 = CARTESIAN_POINT('',(-14.62019333248,7.348947563352,
    -20.33903293743));
#3072 = CARTESIAN_POINT('',(-12.40606243315,4.545082111887,
    -22.47227708319));
#3073 = CARTESIAN_POINT('',(-11.40745532493,0.614707133558,
    -23.38999743785));
#3074 = CARTESIAN_POINT('',(-11.97763515188,-4.971775093918,
    -22.71196860614));
#3075 = CARTESIAN_POINT('',(-15.36719144541,-8.754323891857,
    -19.21456330786));
#3076 = CARTESIAN_POINT('',(-19.37981165257,-8.191992208067,
    -15.09409409594));
#3077 = CARTESIAN_POINT('',(-21.87225569962,-5.811600789864,
    -12.52076329532));
#3078 = CARTESIAN_POINT('',(-23.27270634483,-1.941908334247,
    -11.03942589655));
#3079 = CARTESIAN_POINT('',(-23.18280729223,2.438737126667,
    -11.04843819558));
#3080 = CARTESIAN_POINT('',(-21.61082526372,6.289862662176,
    -12.53953347052));
#3081 = CARTESIAN_POINT('',(-18.90376195064,8.645932617684,
    -15.16571003003));
#3082 = CARTESIAN_POINT('',(-15.70485308351,8.916941534022,
    -18.28373214359));
#3083 = CARTESIAN_POINT('',(-12.77948298221,7.004881874139,
    -21.12821549133));
#3084 = CARTESIAN_POINT('',(-10.8397484796,3.351909791233,
    -22.98706324037));
#3085 = CARTESIAN_POINT('',(-10.36340906164,-1.170366159423,
    -23.38251590476));
#3086 = CARTESIAN_POINT('',(-11.47664973558,-5.464137628641,
    -22.18838847726));
#3087 = CARTESIAN_POINT('',(-13.91698821872,-8.474347118939,
    -19.66716324055));
#3088 = CARTESIAN_POINT('',(-17.09349317271,-9.44661208041,
    -16.40977153299));
#3089 = CARTESIAN_POINT('',(-20.22706159503,-8.116810042296,
    -13.19531635711));
#3090 = CARTESIAN_POINT('',(-22.53932427906,-4.78168754171,
    -10.8021669195));
#3091 = CARTESIAN_POINT('',(-23.44339868541,-0.233378075202,
    -9.817205759593));
#3092 = CARTESIAN_POINT('',(-22.69026224419,4.428726914585,
    -10.48945544724));
#3093 = CARTESIAN_POINT('',(-20.43398632047,8.063649910537,
    -12.66484461739));
#3094 = CARTESIAN_POINT('',(-17.19897342709,9.768083907243,
    -15.81897075721));
#3095 = CARTESIAN_POINT('',(-13.75594209352,9.10076058892,
    -19.18111533721));
#3096 = CARTESIAN_POINT('',(-10.9360033823,6.196290037679,
    -21.92016729486));
#3097 = CARTESIAN_POINT('',(-9.427654972777,1.739161832629,
    -23.34762895082));
#3098 = CARTESIAN_POINT('',(-9.606289518693,-3.197391904547,
    -23.08810765134));
#3099 = CARTESIAN_POINT('',(-11.43841739138,-7.409791401851,
    -21.17509302508));
#3100 = CARTESIAN_POINT('',(-14.48499161784,-9.857552140746,
    -18.04763204505));
#3101 = CARTESIAN_POINT('',(-18.0041985959,-9.920234930045,
    -14.44753831342));
#3102 = CARTESIAN_POINT('',(-21.12968751574,-7.554460522711,
    -11.24116264002));
#3103 = CARTESIAN_POINT('',(-23.0814235189,-3.311312100082,
    -9.208539883289));
#3104 = CARTESIAN_POINT('',(-23.35784723524,1.791776118129,
    -8.851229413388));
#3105 = CARTESIAN_POINT('',(-21.86200943157,6.514927192937,
    -10.26618046348));
#3106 = CARTESIAN_POINT('',(-18.92999281395,9.697068543739,
    -13.11731032753));
#3107 = CARTESIAN_POINT('',(-15.25352901489,10.541325349124,
    -16.71288737303));
#3108 = CARTESIAN_POINT('',(-11.7145702689,8.814416976145,
    -20.17095936545));
#3109 = CARTESIAN_POINT('',(-9.171365742078,4.910200148525,
    -22.63327713871));
#3110 = CARTESIAN_POINT('',(-8.247930601763,-0.239753317418,
    -23.47582552546));
#3111 = CARTESIAN_POINT('',(-9.178548481759,-5.388346684,-22.46432089189
    ));
#3112 = CARTESIAN_POINT('',(-11.74603452599,-9.274943649583,
    -19.81594809409));
#3113 = CARTESIAN_POINT('',(-15.32993258342,-10.93402481281,
    -16.15116328309));
#3114 = CARTESIAN_POINT('',(-19.0540507858,-9.934945928507,
    -12.34615832715));
#3115 = CARTESIAN_POINT('',(-21.998273087,-6.4932846253,-9.321049272387)
  );
#3116 = CARTESIAN_POINT('',(-23.42344557694,-1.425085150625,
    -7.814990028871));
#3117 = CARTESIAN_POINT('',(-22.95437389857,4.046496528016,
    -8.203174953676));
#3118 = CARTESIAN_POINT('',(-20.67563885258,8.586367265964,
    -10.40102324609));
#3119 = CARTESIAN_POINT('',(-17.11581517506,11.073263978138,
    -13.87996017005));
#3120 = CARTESIAN_POINT('',(-13.12276510298,10.876625780901,
    -17.79212348856));
#3121 = CARTESIAN_POINT('',(-9.65939932173,8.016217448977,
    -21.17460251625));
#3122 = CARTESIAN_POINT('',(-7.569098569123,3.164156395403,
    -23.18401651529));
#3123 = CARTESIAN_POINT('',(-7.367942394089,-2.512814233435,
    -23.30428593675));
#3124 = CARTESIAN_POINT('',(-9.114923137127,-7.633843294501,
    -21.47641844015));
#3125 = CARTESIAN_POINT('',(-12.39275041747,-10.93984606771,
    -18.11770440624));
#3126 = CARTESIAN_POINT('',(-16.4050954013,-11.60303822045,
    -14.02447266884));
#3127 = CARTESIAN_POINT('',(-20.16765794372,-9.434040962186,
    -10.18102337285));
#3128 = CARTESIAN_POINT('',(-22.74722236957,-4.934779706072,
    -7.520572193437));
#3129 = CARTESIAN_POINT('',(-23.49064296405,0.817355096923,
    -6.696264845391));
#3130 = CARTESIAN_POINT('',(-22.18757612589,6.427430051823,
    -7.918444929977));
#3131 = CARTESIAN_POINT('',(-19.12643599221,10.521245647337,
    -10.89869831009));
#3132 = CARTESIAN_POINT('',(-15.02879602257,12.081935430674,
    -14.91545152616));
#3133 = CARTESIAN_POINT('',(-10.87708334699,10.702443603961,
    -18.98627744817));
#3134 = CARTESIAN_POINT('',(-7.676695815411,6.691217927546,
    -22.10577822619));
#3135 = CARTESIAN_POINT('',(-6.210140735565,1.00378231265,
    -23.49144655247));
#3136 = CARTESIAN_POINT('',(-6.843317169513,-4.984773723976,
    -22.77738336495));
#3137 = CARTESIAN_POINT('',(-9.431884923387,-9.812245054735,
    -20.10792885751));
#3138 = CARTESIAN_POINT('',(-13.35162246821,-12.28632884066,
    -16.10730455912));
#3139 = CARTESIAN_POINT('',(-17.64654660029,-11.7790403027,
    -11.73149367347));
#3140 = CARTESIAN_POINT('',(-21.25967015039,-8.385841193553,
    -8.037483369808));
#3141 = CARTESIAN_POINT('',(-23.29070066372,-2.909221524157,
    -5.925566102912));
#3142 = CARTESIAN_POINT('',(-23.21785203288,3.330928272875,
    -5.91752798018));
#3143 = CARTESIAN_POINT('',(-21.02912781378,8.815386059646,
    -8.025365445713));
#3144 = CARTESIAN_POINT('',(-17.23008013671,12.195466624367,
    -11.74352636922));
#3145 = CARTESIAN_POINT('',(-12.72497807191,12.624642309901,
    -16.16774168044));
#3146 = CARTESIAN_POINT('',(-8.599282142496,9.970383759389,
    -20.2125508563));
#3147 = CARTESIAN_POINT('',(-5.855744370916,4.853248238022,
    -22.87520187431));
#3148 = CARTESIAN_POINT('',(-5.168293822021,-1.497960891878,
    -23.48176566964));
#3149 = CARTESIAN_POINT('',(-6.714109482014,-7.541218959485,
    -21.85506325608));
#3150 = CARTESIAN_POINT('',(-10.12570128979,-11.79566950136,
    -18.36258469473));
#3151 = CARTESIAN_POINT('',(-14.57582937731,-13.20448068403,
    -13.83156985364));
#3152 = CARTESIAN_POINT('',(-18.97569407912,-11.39726142842,
    -9.350818398266));
#3153 = CARTESIAN_POINT('',(-22.23892632878,-6.786903745512,
    -6.006699395038));
#3154 = CARTESIAN_POINT('',(-23.54737224656,-0.475651976386,
    -4.617366723692));
#3155 = CARTESIAN_POINT('',(-22.55364840474,6.008336511087,
    -5.530203811944));
#3156 = CARTESIAN_POINT('',(-19.47033434675,11.080997609786,
    -8.532631116363));
#3157 = CARTESIAN_POINT('',(-15.02296385035,13.489348093133,
    -12.8991148592));
#3158 = CARTESIAN_POINT('',(-10.27710499991,12.620914645959,
    -17.56408695607));
#3159 = CARTESIAN_POINT('',(-6.380723425094,8.659205611921,
    -21.37958177732));
#3160 = CARTESIAN_POINT('',(-4.284118300011,2.545827155286,
    -23.39530014884));
#3161 = CARTESIAN_POINT('',(-4.505756662594,-4.243185738734,
    -23.09277503269));
#3162 = CARTESIAN_POINT('',(-7.001698691528,-10.05372524662,
    -20.51594625018));
#3163 = CARTESIAN_POINT('',(-11.17146171515,-13.45662503629,
    -16.26529647299));
#3164 = CARTESIAN_POINT('',(-16.0000713195,-13.59914082026,
    -11.35580011507));
#3165 = CARTESIAN_POINT('',(-20.30272365041,-10.41846543949,
    -6.972261030598));
#3166 = CARTESIAN_POINT('',(-23.01308790789,-4.663859170494,
    -4.181010019548));
#3167 = CARTESIAN_POINT('',(-23.44509537415,2.279656596319,
    -3.668115799721));
#3168 = CARTESIAN_POINT('',(-21.46394939535,8.724605004166,
    -5.568375024953));
#3169 = CARTESIAN_POINT('',(-17.52375396529,13.091158966778,
    -9.427683701445));
#3170 = CARTESIAN_POINT('',(-12.56142933448,14.294378878374,
    -14.30912157869));
#3171 = CARTESIAN_POINT('',(-7.771653958707,12.013670164452,
    -19.0180102009));
#3172 = CARTESIAN_POINT('',(-4.316884669457,6.777564628565,
    -22.39189273658));
#3173 = CARTESIAN_POINT('',(-3.042840272762,-0.158452542363,
    -23.58505037971));
#3174 = CARTESIAN_POINT('',(-4.269083018877,-7.112908158679,
    -22.27792088003));
#3175 = CARTESIAN_POINT('',(-7.706539353657,-12.38596808304,
    -18.75957779168));
#3176 = CARTESIAN_POINT('',(-12.52317866471,-14.6749095051,
    -13.86205172705));
#3177 = CARTESIAN_POINT('',(-17.54300317624,-13.39589082492,
    -8.761340461965));
#3178 = CARTESIAN_POINT('',(-21.53077303257,-8.832559682916,
    -4.692683852066));
#3179 = CARTESIAN_POINT('',(-23.49353263728,-2.073745850669,
    -2.649037493788));
#3180 = CARTESIAN_POINT('',(-22.92533526601,5.246233954861,
    -3.136348111484));
#3181 = CARTESIAN_POINT('',(-19.93486035267,11.342745666164,
    -6.045936271265));
#3182 = CARTESIAN_POINT('',(-15.22377361022,14.715935950883,
    -10.67613626014));
#3183 = CARTESIAN_POINT('',(-9.91992590692,14.519681143908,
    -15.89909720988));
#3184 = CARTESIAN_POINT('',(-5.305020662157,10.773639485706,
    -20.43311570107));
#3185 = CARTESIAN_POINT('',(-2.502503456495,4.365307249241,
    -23.15474615317));
#3186 = CARTESIAN_POINT('',(-2.201676514137,-3.160086529625,
    -23.37468634196));
#3187 = CARTESIAN_POINT('',(-4.485782118518,-9.972145685931,
    -21.00969398401));
#3188 = CARTESIAN_POINT('',(-8.806907077984,-14.40051270724,
    -16.60768227097));
#3189 = CARTESIAN_POINT('',(-14.11499299353,-15.34442766234,
    -11.21870960185));
#3190 = CARTESIAN_POINT('',(-19.11061029209,-12.54622503111,
    -6.142205549729));
#3191 = CARTESIAN_POINT('',(-22.56065471657,-6.660843329374,
    -2.611274371688));
#3192 = CARTESIAN_POINT('',(-23.60026803332,0.897224474021,
    -1.490774301364));
#3193 = CARTESIAN_POINT('',(-21.94706151142,8.293835857114,
    -3.063094069697));
#3194 = CARTESIAN_POINT('',(-17.97459560697,13.720292688383,
    -6.954673220587));
#3195 = CARTESIAN_POINT('',(-12.62607583767,15.835613564335,
    -12.22230623631));
#3196 = CARTESIAN_POINT('',(-7.188146821123,14.097840161979,
    -17.57934849929));
#3197 = CARTESIAN_POINT('',(-2.979022814868,8.902542374372,
    -21.70758575198));
#3198 = CARTESIAN_POINT('',(-1.026547452962,1.493205722019,
    -23.57917436032));
#3199 = CARTESIAN_POINT('',(-1.814807451787,-6.33631026551,
    -22.71002760793));
#3200 = CARTESIAN_POINT('',(-5.161755493998,-12.67606775147,
    -19.28219281215));
#3201 = CARTESIAN_POINT('',(-10.25873627604,-15.96595976593,
    -14.10432527653));
#3202 = CARTESIAN_POINT('',(-15.8634593876,-15.3795798228,
    -8.418715411415));
#3203 = CARTESIAN_POINT('',(-20.60038729707,-11.03161070019,
    -3.600900748379));
#3204 = CARTESIAN_POINT('',(-23.29590720281,-3.956735027115,
    -0.824494089066));
#3205 = CARTESIAN_POINT('',(-23.26661684772,4.136459952327,
    -0.772897690585));
#3206 = CARTESIAN_POINT('',(-20.48991586396,11.278082339253,
    -3.468711920782));
#3207 = CARTESIAN_POINT('',(-15.61434612673,15.716409270765,
    -8.263394904444));
#3208 = CARTESIAN_POINT('',(-9.80598654425,16.347529958116,
    -13.99086773336));
#3209 = CARTESIAN_POINT('',(-4.467255532895,12.989786265712,
    -19.24871199115));
#3210 = CARTESIAN_POINT('',(-0.895925566977,6.434812982412,
    -22.7391552035));
#3211 = CARTESIAN_POINT('',(3.274272600913E-02,-1.738906283212,
    -23.58693674292));
#3212 = CARTESIAN_POINT('',(-1.917105459884,-9.546105618202,
    -21.55620180345));
#3213 = CARTESIAN_POINT('',(-6.279727347929,-15.07692418221,
    -17.11269316184));
#3214 = CARTESIAN_POINT('',(-11.99659491909,-16.96409981277,
    -11.31493883711));
#3215 = CARTESIAN_POINT('',(-17.6708335929,-14.720886057,-5.559813409732
    ));
#3216 = CARTESIAN_POINT('',(-21.90613734495,-8.866196293201,
    -1.243622904123));
#3217 = CARTESIAN_POINT('',(-23.64793216376,-0.804891631926,
    0.579058668263));
#3218 = CARTESIAN_POINT('',(-22.44343166653,7.509253577608,
    -0.544555075402));
#3219 = CARTESIAN_POINT('',(-18.55646664779,14.047069030682,
    -4.350633340579));
#3220 = CARTESIAN_POINT('',(-12.90801439109,17.199228797147,
    -9.918198843709));
#3221 = CARTESIAN_POINT('',(-6.855747980603,16.172347030502,
    -15.88957850063));
#3222 = CARTESIAN_POINT('',(-1.86535917649,11.188452030392,
    -20.79908055117));
#3223 = CARTESIAN_POINT('',(0.846778440776,3.437737930625,
    -23.43033141487));
#3224 = CARTESIAN_POINT('',(0.612487296654,-5.20555899619,
    -23.11515351718));
#3225 = CARTESIAN_POINT('',(-2.521226697322,-12.63635912746,
    -19.90055276964));
#3226 = CARTESIAN_POINT('',(-7.798781129866,-17.03143251788,
    -14.54211158353));
#3227 = CARTESIAN_POINT('',(-13.93578687442,-17.29671962329,
    -8.324219085402));
#3228 = CARTESIAN_POINT('',(-19.42923197467,-13.33953876169,
    -2.749887231589));
#3229 = CARTESIAN_POINT('',(-22.92317380704,-6.097985928271,
    0.82494135435));
#3230 = CARTESIAN_POINT('',(-23.54096434986,2.681293811139,
    1.523618650741));
#3231 = CARTESIAN_POINT('',(-21.10261225037,10.864358375644,
    -0.833846695184));
#3232 = CARTESIAN_POINT('',(-16.17340573786,16.448655997315,
    -5.682166454128));
#3233 = CARTESIAN_POINT('',(-9.93079026152,18.053073129476,
    -11.8438951769));
#3234 = CARTESIAN_POINT('',(-3.880815302393,15.259426010544,
    -17.81298338246));
#3235 = CARTESIAN_POINT('',(0.50757189292,8.720980077701,-22.12048382421
    ));
#3236 = CARTESIAN_POINT('',(2.161583546685,9.944932298038E-03,
    -23.6936087244));
#3237 = CARTESIAN_POINT('',(0.669236213632,-8.760517213945,
    -22.12037463778));
#3238 = CARTESIAN_POINT('',(-3.615689943411,-15.44890643881,
    -17.75456172717));
#3239 = CARTESIAN_POINT('',(-9.655064096047,-18.40827360923,
    -11.63430082097));
#3240 = CARTESIAN_POINT('',(-15.97551710734,-16.89171050194,
    -5.232961056105));
#3241 = CARTESIAN_POINT('',(-21.02548783791,-11.24062026168,
    -0.102103571972));
#3242 = CARTESIAN_POINT('',(-23.55368083244,-2.808367887777,
    2.506976176123));
#3243 = CARTESIAN_POINT('',(-22.9166222219,6.36374798737,1.950804319157)
  );
#3244 = CARTESIAN_POINT('',(-19.2397269404,14.040643045004,
    -1.645204208779));
#3245 = CARTESIAN_POINT('',(-13.3915915885,18.338097426748,
    -7.412452807114));
#3246 = CARTESIAN_POINT('',(-6.776597334346,18.185186766803,
    -13.9465603077));
#3247 = CARTESIAN_POINT('',(-0.995325158822,13.591010721871,
    -19.64694572966));
#3248 = CARTESIAN_POINT('',(2.545107151332,5.64932115473,-23.10649128624
    ));
#3249 = CARTESIAN_POINT('',(2.975922429802,-3.721741862648,
    -23.45641981114));
#3250 = CARTESIAN_POINT('',(0.182252404001,-12.24290723947,
    -20.58186303178));
#3251 = CARTESIAN_POINT('',(-5.164072210424,-17.82814695852,
    -15.15465166378));
#3252 = CARTESIAN_POINT('',(-11.76366662167,-19.09532988146,
    -8.474170498966));
#3253 = CARTESIAN_POINT('',(-18.00300161337,-15.70815283298,
    -2.1539487537));
#3254 = CARTESIAN_POINT('',(-22.34649018914,-8.46477949252,
    2.270426575632));
#3255 = CARTESIAN_POINT('',(-23.71197462244,0.890038261837,
    3.716797762499));
#3256 = CARTESIAN_POINT('',(-21.73780052274,10.085183041249,
    1.823510416373));
#3257 = CARTESIAN_POINT('',(-16.87557727978,16.87453940422,
    -2.957826073021));
#3258 = CARTESIAN_POINT('',(-10.28489497642,19.585649432074,
    -9.467621622811));
#3259 = CARTESIAN_POINT('',(-3.554494806264,17.531638838028,
    -16.1171350394));
#3260 = CARTESIAN_POINT('',(1.68307087786,11.184970527115,
    -21.27381396996));
#3261 = CARTESIAN_POINT('',(4.149828028791,2.069135503481,
    -23.65968436732));
#3262 = CARTESIAN_POINT('',(3.236602145084,-7.606984137434,
    -22.66557173005));
#3263 = CARTESIAN_POINT('',(-0.844179760005,-15.48434486956,
    -18.50390307139));
#3264 = CARTESIAN_POINT('',(-7.105400619485,-19.62887619839,
    -12.16179545835));
#3265 = CARTESIAN_POINT('',(-14.0216264536,-19.00630264214,
    -5.164682870659));
#3266 = CARTESIAN_POINT('',(-19.89835492656,-13.74009126912,
    0.792932355864));
#3267 = CARTESIAN_POINT('',(-23.28476118343,-5.088230329479,
    4.260225366302));
#3268 = CARTESIAN_POINT('',(-23.32940465704,4.857171224169,
    4.385755593475));
#3269 = CARTESIAN_POINT('',(-19.9916908995,13.675755855071,
    1.128928589511));
#3270 = CARTESIAN_POINT('',(-14.05659135101,19.207946507432,
    -4.725284205413));
#3271 = CARTESIAN_POINT('',(-6.947860607026,20.083783863935,
    -11.75312819583));
#3272 = CARTESIAN_POINT('',(-0.384172679048,16.062074974645,
    -18.23592937024));
#3273 = CARTESIAN_POINT('',(4.038779071649,8.095917190278,
    -22.57799436737));
#3274 = CARTESIAN_POINT('',(5.238604926452,-1.893010261025,
    -23.69693346861));
#3275 = CARTESIAN_POINT('',(2.913490125029,-11.47797683342,
    -21.29093191362));
#3276 = CARTESIAN_POINT('',(-2.379568405608,-18.3167536416,
    -15.91698662941));
#3277 = CARTESIAN_POINT('',(-9.355764784718,-20.72396258268,
    -8.85990349674));
#3278 = CARTESIAN_POINT('',(-16.31195254967,-18.08636411377,
    -1.822828978221));
#3279 = CARTESIAN_POINT('',(-21.5400458129,-11.01876958812,3.48615103858
    ));
#3280 = CARTESIAN_POINT('',(-23.74400993731,-1.221010772922,
    5.771001916558));
#3281 = CARTESIAN_POINT('',(-22.35864380617,8.930829573084,
    4.466522538984));
#3282 = CARTESIAN_POINT('',(-17.69175231213,16.960641003149,
    -0.119482201487));
#3283 = CARTESIAN_POINT('',(-10.85398420017,20.896224584587,
    -6.876363559876));
#3284 = CARTESIAN_POINT('',(-3.492254926757,19.75364404241,
    -14.15720607972));
#3285 = CARTESIAN_POINT('',(2.609274355017,13.783046959506,
    -20.17784860793));
#3286 = CARTESIAN_POINT('',(5.963987319119,4.414582403363,
    -23.45167481847));
#3287 = CARTESIAN_POINT('',(5.747416551401,-6.084077094571,
    -23.15421729718));
#3288 = CARTESIAN_POINT('',(2.002244476623,-15.15661781408,
    -19.32815846883));
#3289 = CARTESIAN_POINT('',(-4.367248773086,-20.58052036154,
    -12.87777846556));
#3290 = CARTESIAN_POINT('',(-11.81111624452,-21.01149195138,
    -5.353024240558));
#3291 = CARTESIAN_POINT('',(-18.50851126408,-16.31653591383,
    1.425257532573));
#3292 = CARTESIAN_POINT('',(-22.81067840887,-7.613161107678,
    5.808311430928));
#3293 = CARTESIAN_POINT('',(-23.64439377552,2.99647644624,6.722913551148
    ));
#3294 = CARTESIAN_POINT('',(-20.77713804696,12.933284826607,
    3.93654457615));
#3295 = CARTESIAN_POINT('',(-14.8784978643,19.768185582023,
    -1.881208852943));
#3296 = CARTESIAN_POINT('',(-7.36168077216,21.815896813982,
    -9.317139191516));
#3297 = CARTESIAN_POINT('',(-4.262573715164E-02,18.550403720868,
    -16.55530747295));
#3298 = CARTESIAN_POINT('',(5.301069089272,10.739707843718,
    -21.81811554581));
#3299 = CARTESIAN_POINT('',(7.364270052923,0.265422327461,
    -23.80042975589));
#3300 = CARTESIAN_POINT('',(5.635463014561,-10.33046467154,
    -21.99073596396));
#3301 = CARTESIAN_POINT('',(0.52592233829,-18.46249613879,
    -16.80030853412));
#3302 = CARTESIAN_POINT('',(-6.725681515618,-22.13260835978,
    -9.467817926654));
#3303 = CARTESIAN_POINT('',(-14.35116394707,-20.42101712286,
    -1.761448741625));
#3304 = CARTESIAN_POINT('',(-20.48157189545,-13.71653714575,
    4.449845960315));
#3305 = CARTESIAN_POINT('',(-23.60283333379,-3.628706767066,
    7.651994152226));
#3306 = CARTESIAN_POINT('',(-22.92722386629,7.398538906911,
    7.057271438296));
#3307 = CARTESIAN_POINT('',(-18.58951961932,16.678937061549,
    2.800453944891));
#3308 = CARTESIAN_POINT('',(-11.61901696555,21.93827653197,
    -4.089161955314));
#3309 = CARTESIAN_POINT('',(-3.693055446447,21.871679382261,
    -11.93423672085));
#3310 = CARTESIAN_POINT('',(3.268950092341,16.467232542475,
    -18.81535550607));
#3311 = CARTESIAN_POINT('',(7.57271447471,7.015731467738,-23.03823313487
    ));
#3312 = CARTESIAN_POINT('',(8.163801865774,-4.197501359385,
    -23.54843377237));
#3313 = CARTESIAN_POINT('',(4.888350180544,-14.44517141924,
    -20.19209533357));
#3314 = CARTESIAN_POINT('',(-1.464651723636,-21.22134736814,
    -13.75820667582));
#3315 = CARTESIAN_POINT('',(-9.350999085846,-22.85423951107,
    -5.790972560049));
#3316 = CARTESIAN_POINT('',(-16.84422011518,-18.9185813771,
    1.783135222853));
#3317 = CARTESIAN_POINT('',(-22.10377126417,-10.34591002907,
    7.123573125416));
#3318 = CARTESIAN_POINT('',(-23.82469246371,0.795744788156,
    8.925381078525));
#3319 = CARTESIAN_POINT('',(-21.55887056759,11.800702664756,
    6.740445935971));
#3320 = CARTESIAN_POINT('',(-15.8288305816,19.982686686811,
    1.091292703545));
#3321 = CARTESIAN_POINT('',(-8.005209105614,23.330529858349,
    -6.651442018875));
#3322 = CARTESIAN_POINT('',(2.340014659342E-02,21.002480578263,
    -14.59916451751));
#3323 = CARTESIAN_POINT('',(6.308710808699,13.537628142375,
    -20.80358842605));
#3324 = CARTESIAN_POINT('',(9.317922125994,2.731394948284,
    -23.73191298978));
#3325 = CARTESIAN_POINT('',(8.309917701217,-8.796231515058,
    -22.64302181143));
#3326 = CARTESIAN_POINT('',(3.520159865779,-18.23590924042,
    -17.77237722243));
#3327 = CARTESIAN_POINT('',(-3.891820357155,-23.27359162263,
    -10.27951024593));
#3328 = CARTESIAN_POINT('',(-12.12072525494,-22.65776460043,
    -1.969718594569));
#3329 = CARTESIAN_POINT('',(-19.15280157437,-16.51023249196,
    5.143244478429));
#3330 = CARTESIAN_POINT('',(-23.2562299336,-6.303306363738,9.32755959122
    ));
#3331 = CARTESIAN_POINT('',(-23.40517285312,5.492716224802,
    9.557389264313));
#3332 = CARTESIAN_POINT('',(-19.53365406691,16.007397967069,
    5.766757231665));
#3333 = CARTESIAN_POINT('',(-12.55645508986,22.668652341213,
    -1.129554991813));
#3334 = CARTESIAN_POINT('',(-4.150765446614,23.831907656374,
    -9.454357881498));
#3335 = CARTESIAN_POINT('',(3.649315518953,19.186047237981,
    -17.17355209349));
#3336 = CARTESIAN_POINT('',(8.947391308672,9.835944568287,
    -22.39074112965));
#3337 = CARTESIAN_POINT('',(10.448225232984,-1.960152804342,
    -23.81068830039));
#3338 = CARTESIAN_POINT('',(7.776780174235,-13.33600547194,
    -21.05835648807));
#3339 = CARTESIAN_POINT('',(1.574267171192,-21.51382489255,
    -14.77495673146));
#3340 = CARTESIAN_POINT('',(-6.65333490983,-24.4825544976,
    -6.466467896878));
#3341 = CARTESIAN_POINT('',(-14.89853544244,-21.492368104,1.859619389306
    ));
#3342 = CARTESIAN_POINT('',(-21.13975021632,-13.24380614683,
    8.181720916751));
#3343 = CARTESIAN_POINT('',(-23.83453739983,-1.723900840548,
    10.957394853829));
#3344 = CARTESIAN_POINT('',(-22.29830991403,10.272437715196,
    9.502054121601));
#3345 = CARTESIAN_POINT('',(-16.87554690563,19.820503912221,
    4.160177866766));
#3346 = CARTESIAN_POINT('',(-8.860716125071,24.578837333019,
    -3.773766160232));
#3347 = CARTESIAN_POINT('',(-0.186994207394,23.363383578045,
    -12.36660132434));
#3348 = CARTESIAN_POINT('',(7.042372910062,16.441990344484,
    -19.51508168823));
#3349 = CARTESIAN_POINT('',(11.066463878688,5.476025904482,
    -23.45828590328));
#3350 = CARTESIAN_POINT('',(10.898000587534,-6.878327882986,
    -23.20893585856));
#3351 = CARTESIAN_POINT('',(6.567949005767,-17.61344261948,
    -18.79799752323));
#3352 = CARTESIAN_POINT('',(-0.877179436752,-24.10244094495,
    -11.27198232714));
#3353 = CARTESIAN_POINT('',(-9.62584659203,-24.7419734851,
    -2.442428418301));
#3354 = CARTESIAN_POINT('',(-17.53987283811,-19.34829704766,
    5.552484581355));
#3355 = CARTESIAN_POINT('',(-22.67460476039,-9.208831549714,
    10.768103257203));
#3356 = CARTESIAN_POINT('',(-23.75432100607,3.225016373817,
    11.928706256443));
#3357 = CARTESIAN_POINT('',(-20.48665701332,14.930500716333,
    8.741929017264));
#3358 = CARTESIAN_POINT('',(-13.63856508167,23.048383575237,
    1.974723839177));
#3359 = CARTESIAN_POINT('',(-4.854153322302,25.581337207483,
    -6.728801166624));
#3360 = CARTESIAN_POINT('',(3.742357324685,21.885310071875,
    -15.24442506004));
#3361 = CARTESIAN_POINT('',(10.062680180551,12.832988874943,
    -21.48386116234));
#3362 = CARTESIAN_POINT('',(12.564148675768,0.607939459078,
    -23.90444290399));
#3363 = CARTESIAN_POINT('',(10.628643476102,-11.82206206837,
    -21.88805095075));
#3364 = CARTESIAN_POINT('',(4.717692353606,-21.42548758948,
    -15.89621307469));
#3365 = CARTESIAN_POINT('',(-3.735140046722,-25.84640708572,
    -7.362493920799));
#3366 = CARTESIAN_POINT('',(-12.66953025073,-23.98241354548,
    1.652783036785));
#3367 = CARTESIAN_POINT('',(-19.89818979158,-16.25936267833,
    8.962329331203));
#3368 = CARTESIAN_POINT('',(-23.63993603273,-4.534494904529,
    12.784962325914));
#3369 = CARTESIAN_POINT('',(-22.95612388341,8.3501291137,12.18203693016)
  );
#3370 = CARTESIAN_POINT('',(-17.98350715915,19.256521141089,
    7.290306959466));
#3371 = CARTESIAN_POINT('',(-9.905781522166,25.515006969883,
    -0.70653192395));
#3372 = CARTESIAN_POINT('',(-0.669560300078,25.577689753789,
    -9.861866392471));
#3373 = CARTESIAN_POINT('',(7.487080034731,19.401190269594,
    -17.93761997371));
#3374 = CARTESIAN_POINT('',(12.579304878708,8.464049296143,
    -22.94895806412));
#3375 = CARTESIAN_POINT('',(13.360906220018,-4.587109166021,
    -23.64967265186));
#3376 = CARTESIAN_POINT('',(9.631670543337,-16.57799987854,
    -19.83955022161));
#3377 = CARTESIAN_POINT('',(2.290933174608,-24.57872141562,
    -12.41792609931));
#3378 = CARTESIAN_POINT('',(-6.876889643334,-26.6196486874,
    -3.169216527811));
#3379 = CARTESIAN_POINT('',(-15.6336676159,-22.17625435341,5.66844819833
    ));
#3380 = CARTESIAN_POINT('',(-21.83154787094,-12.30353587191,
    11.947215206933));
#3381 = CARTESIAN_POINT('',(-23.93735077001,0.614315776804,
    14.13390485957));
#3382 = CARTESIAN_POINT('',(-21.40934068878,13.439645986458,
    11.686781531906));
#3383 = CARTESIAN_POINT('',(-14.83379090846,23.043447513672,
    5.192118505159));
#3384 = CARTESIAN_POINT('',(-5.786957356396,27.068742699549,
    -3.773828293343));
#3385 = CARTESIAN_POINT('',(3.545080359033,24.508996056027,
    -13.0249792552));
#3386 = CARTESIAN_POINT('',(10.897032114072,15.959621898944,
    -20.29604425667));
#3387 = CARTESIAN_POINT('',(14.476673229644,3.479784107187,
    -23.79479861868));
#3388 = CARTESIAN_POINT('',(13.404139175095,-9.903510321594,
    -22.64137781056));
#3389 = CARTESIAN_POINT('',(7.93056824218,-20.92960865874,
    -17.08692012408));
#3390 = CARTESIAN_POINT('',(-0.6182165855,-26.89862406069,
    -8.457248542835));
#3391 = CARTESIAN_POINT('',(-10.16044904426,-26.33251454491,
    1.165870669501));
#3392 = CARTESIAN_POINT('',(-18.36296728646,-19.34096713947,
    9.449275665267));
#3393 = CARTESIAN_POINT('',(-23.20928520531,-7.60153950621,
    14.376480337684));
#3394 = CARTESIAN_POINT('',(-23.49287508925,6.042771893335,
    14.740956975186));
#3395 = CARTESIAN_POINT('',(-19.11499552046,18.272017535721,
    10.443964159967));
#3396 = CARTESIAN_POINT('',(-11.11356105301,26.097108718724,
    2.523416446085));
#3397 = CARTESIAN_POINT('',(-1.41484988933,27.590401411425,
    -7.094407964031));
#3398 = CARTESIAN_POINT('',(7.632571329542,22.36048622627,
    -16.06094242933));
#3399 = CARTESIAN_POINT('',(13.828939680401,11.65425746445,
    -22.17642402662));
#3400 = CARTESIAN_POINT('',(15.660534827918,-1.940237230922,
    -23.92713242057));
#3401 = CARTESIAN_POINT('',(12.671858583275,-15.11938404018,
    -20.85756942236));
#3402 = CARTESIAN_POINT('',(5.581256467398,-24.66681610959,
    -13.68608055292));
#3403 = CARTESIAN_POINT('',(-3.889317781967,-28.23836102868,
    -4.13461954999));
#3404 = CARTESIAN_POINT('',(-13.43008129128,-24.93755931405,
    5.487030712897));
#3405 = CARTESIAN_POINT('',(-20.70435800604,-15.54046881066,
    12.842194181226));
#3406 = CARTESIAN_POINT('',(-23.91844760922,-2.31342993221,
    16.137170537971));
#3407 = CARTESIAN_POINT('',(-22.26144826572,11.533472553571,
    14.561057948034));
#3408 = CARTESIAN_POINT('',(-16.10719279756,22.625462272194,
    8.487689233446));
#3409 = CARTESIAN_POINT('',(-6.92803664609,28.245572408406,
    -0.610580164463));
#3410 = CARTESIAN_POINT('',(3.05968136346,27.00013553243,-10.51741142044
    ));
#3411 = CARTESIAN_POINT('',(11.433143187013,19.164264586471,
    -18.80998649043));
#3412 = CARTESIAN_POINT('',(16.153167357181,6.621710947267,
    -23.44912390703));
#3413 = CARTESIAN_POINT('',(16.063204422368,-7.587921749485,
    -23.27827421865));
#3414 = CARTESIAN_POINT('',(11.175109521754,-20.00579163224,
    -18.30929256446));
#3415 = CARTESIAN_POINT('',(2.671096277167,-27.59575357595,
    -9.724392566315));
#3416 = CARTESIAN_POINT('',(-7.379781308283,-28.48667530335,
    0.407371772702));
#3417 = CARTESIAN_POINT('',(-16.52264071525,-22.43364730117,
    9.631117933238));
#3418 = CARTESIAN_POINT('',(-22.51396198741,-10.8844223229,
    15.703325958973));
#3419 = CARTESIAN_POINT('',(-23.86968137579,3.366748699205,
    17.139932100921));
#3420 = CARTESIAN_POINT('',(-20.23028974929,16.855141444416,
    13.581427227982));
#3421 = CARTESIAN_POINT('',(-12.45312723383,26.287896045564,
    5.88515146609));
#3422 = CARTESIAN_POINT('',(-2.408243833889,29.34788048828,
    -4.078845180286));
#3423 = CARTESIAN_POINT('',(7.473590622167,25.262839698147,
    -13.87979288277));
#3424 = CARTESIAN_POINT('',(14.791486752958,15.000043887811,
    -21.11680225999));
#3425 = CARTESIAN_POINT('',(17.760149318304,1.037432744344,
    -24.00457807177));
#3426 = CARTESIAN_POINT('',(15.647816196557,-13.23464181319,
    -21.81135819646));
#3427 = CARTESIAN_POINT('',(8.959001327175,-24.33664446344,
    -15.04165657351));
#3428 = CARTESIAN_POINT('',(-0.683565275295,-29.5481655481,
    -5.318203217475));
#3429 = CARTESIAN_POINT('',(-10.93021785544,-27.57449363397,
    5.009336116238));
#3430 = CARTESIAN_POINT('',(-19.27451649506,-18.86813097159,
    13.434521509424));
#3431 = CARTESIAN_POINT('',(-23.66393777708,-5.525441684134,
    17.904829545019));
#3432 = CARTESIAN_POINT('',(-23.0023007686,9.218063236473,
    17.324079290102));
#3433 = CARTESIAN_POINT('',(-17.42094625805,21.772304724916,
    11.823611533119));
#3434 = CARTESIAN_POINT('',(-8.251601022348,29.066828349996,
    2.735153050982));
#3435 = CARTESIAN_POINT('',(2.293644112455,29.301743004046,
    -7.729205330253));
#3436 = CARTESIAN_POINT('',(11.658351814959,22.391753410036,
    -17.01302627919));
#3437 = CARTESIAN_POINT('',(17.563870100768,9.993763606559,
    -22.83765781143));
#3438 = CARTESIAN_POINT('',(18.566177153002,-4.890332508216,
    -23.75907811009));
#3439 = CARTESIAN_POINT('',(14.411362593688,-18.64047267224,
    -19.52337679721));
#3440 = CARTESIAN_POINT('',(6.102246070023,-27.89888582641,
    -11.13337351998));
#3441 = CARTESIAN_POINT('',(-4.341254033244,-30.39004738701,
    -0.60898666315));
#3442 = CARTESIAN_POINT('',(-14.37075968042,-25.47990241209,9.5014057376
    ));
#3443 = CARTESIAN_POINT('',(-21.5288776048,-14.3369372072,
    16.740410415548));
#3444 = CARTESIAN_POINT('',(-24.04887847445,0.345746356952,
    19.34129803876));
#3445 = CARTESIAN_POINT('',(-21.28827177161,15.001284633733,
    16.661578089491));
#3446 = CARTESIAN_POINT('',(-13.88987960616,26.055547237656,
    9.344072677609));
#3447 = CARTESIAN_POINT('',(-3.630062335861,30.798777182788,
    -0.834857839128));
#3448 = CARTESIAN_POINT('',(7.010103129624,28.049805977215,
    -11.39413655104));
#3449 = CARTESIAN_POINT('',(15.447179715836,18.450039595414,
    -19.75032638369));
#3450 = CARTESIAN_POINT('',(19.625021943449,4.314079832246,
    -23.84728185773));
#3451 = CARTESIAN_POINT('',(18.518260626741,-10.92830035236,
    -22.65963378746));
#3452 = CARTESIAN_POINT('',(12.386337653698,-23.56430614241,
    -16.44682406084));
#3453 = CARTESIAN_POINT('',(2.715173408636,-30.50249640457,
    -6.69477306222));
#3454 = CARTESIAN_POINT('',(-8.140506940975,-30.0290946544,
    4.241794040958));
#3455 = CARTESIAN_POINT('',(-17.52810379092,-22.23121139832,
    13.710277644478));
#3456 = CARTESIAN_POINT('',(-23.14290340539,-8.982483668957,
    19.405964012512));
#3457 = CARTESIAN_POINT('',(-23.59146151347,6.507038046942,
    19.935408874163));
#3458 = CARTESIAN_POINT('',(-18.73489460215,20.468641146287,
    15.159728716407));
#3459 = CARTESIAN_POINT('',(-9.727517461825,29.491905844985,
    6.233238329645));
#3460 = CARTESIAN_POINT('',(1.259753634069,31.357761987516,
    -4.673146012681));
#3461 = CARTESIAN_POINT('',(11.564970334251,25.584161199454,
    -14.89747595929));
#3462 = CARTESIAN_POINT('',(18.682459714208,13.550197008071,
    -21.93407858568));
#3463 = CARTESIAN_POINT('',(20.8744638614,-1.83319022203,-24.0451959793)
  );
#3464 = CARTESIAN_POINT('',(17.597810443445,-16.82732486767,
    -20.68765580778));
#3465 = CARTESIAN_POINT('',(9.640862133998,-27.77441692623,
    -12.64982074477));
#3466 = CARTESIAN_POINT('',(-1.063742439998,-31.98986795357,
    -1.86432941721));
#3467 = CARTESIAN_POINT('',(-11.90610375741,-28.42058810963,
    9.058918653775));
#3468 = CARTESIAN_POINT('',(-20.23298580118,-17.90790093059,
    17.466687451113));
#3469 = CARTESIAN_POINT('',(-23.99467508775,-2.989442827915,
    21.309263491251));
#3470 = CARTESIAN_POINT('',(-22.24707054094,12.713350108276,
    19.642545698004));
#3471 = CARTESIAN_POINT('',(-15.38601930608,25.374334996293,
    12.862381216716));
#3472 = CARTESIAN_POINT('',(-5.055755913011,31.894939000323,
    2.613004577209));
#3473 = CARTESIAN_POINT('',(6.247434607931,30.662462118429,
    -8.609299190166));
#3474 = CARTESIAN_POINT('',(15.780803021135,21.948834768028,
    -18.0617808498));
#3475 = CARTESIAN_POINT('',(21.223060919932,7.851257304219,
    -23.42315199503));
#3476 = CARTESIAN_POINT('',(21.241988835816,-8.212491711414,
    -23.36119315734));
#3477 = CARTESIAN_POINT('',(15.822937284919,-22.33263995225,
    -17.86125485288));
#3478 = CARTESIAN_POINT('',(6.277232028481,-31.05902481611,
    -8.234662842878));
#3479 = CARTESIAN_POINT('',(-5.072740059951,-32.24410421617,
    3.196195999121));
#3480 = CARTESIAN_POINT('',(-15.45615176622,-25.57139705954,
    13.660494458963));
#3481 = CARTESIAN_POINT('',(-22.3277655171,-12.63933684912,
    20.612994963408));
#3482 = CARTESIAN_POINT('',(-23.98940843684,3.421531801328,
    22.355524636715));
#3483 = CARTESIAN_POINT('',(-20.00714742125,18.706361646598,
    18.454150374694));
#3484 = CARTESIAN_POINT('',(-11.32168937806,29.48537958147,9.84957908507
    ));
#3485 = CARTESIAN_POINT('',(-2.397168228259E-02,33.114012074523,
    -1.367251857142));
#3486 = CARTESIAN_POINT('',(11.150545165171,28.681675386294,
    -12.46088195102));
#3487 = CARTESIAN_POINT('',(19.486578932804,17.240073532335,
    -20.71602896509));
#3488 = CARTESIAN_POINT('',(22.951202581515,1.553815224257,
    -24.09976586023));
#3489 = CARTESIAN_POINT('',(20.692012523065,-14.56755736111,
    -21.75968904822));
#3490 = CARTESIAN_POINT('',(13.249216928946,-27.19474393645,
    -14.23600670053));
#3491 = CARTESIAN_POINT('',(2.428900877411,-33.23638235581,
    -3.334803895432));
#3492 = CARTESIAN_POINT('',(-9.13284416326,-31.19584242417,
    8.307827898807));
#3493 = CARTESIAN_POINT('',(-18.60973718106,-21.54185840034,
    17.865607670177));
#3494 = CARTESIAN_POINT('',(-23.67379129075,-6.601232991108,
    23.010548533434));
#3495 = CARTESIAN_POINT('',(-23.06472676525,10.001907239836,
    22.482370761506));
#3496 = CARTESIAN_POINT('',(-16.90108414525,24.225215401051,
    16.39961489507));
#3497 = CARTESIAN_POINT('',(-6.656170671402,32.592282958222,
    6.235588174786));
#3498 = CARTESIAN_POINT('',(5.196321228526,33.042365661969,
    -5.536016971574));
#3499 = CARTESIAN_POINT('',(15.782081356313,25.437763221863,
    -16.04089034579));
#3500 = CARTESIAN_POINT('',(22.525376487624,11.604365286411,
    -22.70329872353));
#3501 = CARTESIAN_POINT('',(23.778612314162,-5.10700697303,
    -23.8756477965));
#3502 = CARTESIAN_POINT('',(19.226454869706,-20.63160305042,
    -19.24260359848));
#3503 = CARTESIAN_POINT('',(9.969044346412,-31.18062831565,
    -9.904306321623));
#3504 = CARTESIAN_POINT('',(-1.744420778576,-34.16361770886,
    1.890045556933));
#3505 = CARTESIAN_POINT('',(-13.05416264402,-28.82883146479,
    13.280674175948));
#3506 = CARTESIAN_POINT('',(-21.19638699031,-16.44418059486,
    21.503785275807));
#3507 = CARTESIAN_POINT('',(-23.16839607869,-5.489974394163,
    23.529718866564));
#3508 = CARTESIAN_POINT('',(-23.16839607869,-1.135042854059E-12,
    23.556681117753));
#3509 = CARTESIAN_POINT('',(-23.47952368302,-3.288427418271E-14,
    -20.67115318439));
#3510 = CARTESIAN_POINT('',(-23.47952368302,0.65950984437,
    -20.61722868201));
#3511 = CARTESIAN_POINT('',(-22.97552311734,2.056583177732,
    -21.01338024293));
#3512 = CARTESIAN_POINT('',(-21.18270537752,2.406133864421,
    -22.64442447563));
#3513 = CARTESIAN_POINT('',(-19.91407727352,0.457558258002,
    -23.75127907249));
#3514 = CARTESIAN_POINT('',(-20.37448452306,-2.131293818695,
    -23.12909831582));
#3515 = CARTESIAN_POINT('',(-22.2150670848,-2.923344862151,
    -21.12674224693));
#3516 = CARTESIAN_POINT('',(-23.71255419796,-0.980817250025,
    -19.46748162664));
#3517 = CARTESIAN_POINT('',(-23.31736483866,2.07490215746,
    -19.70089747881));
#3518 = CARTESIAN_POINT('',(-21.16606869906,3.408063361356,
    -21.69042011128));
#3519 = CARTESIAN_POINT('',(-19.09527306362,1.597595602149,
    -23.59944223958));
#3520 = CARTESIAN_POINT('',(-19.01348192034,-1.877718190895,
    -23.51945987572));
#3521 = CARTESIAN_POINT('',(-21.07490811179,-3.830457170441,
    -21.29626017713));
#3522 = CARTESIAN_POINT('',(-23.39810809601,-2.287614095911,
    -18.81128668578));
#3523 = CARTESIAN_POINT('',(-23.71560592142,1.533791966081,
    -18.33201535324));
#3524 = CARTESIAN_POINT('',(-21.51047845896,4.16251289062,
    -20.37536930856));
#3525 = CARTESIAN_POINT('',(-18.62858983272,3.026068904917,
    -23.09548442767));
#3526 = CARTESIAN_POINT('',(-17.678979189,-1.042659976725,
    -23.88332156425));
#3527 = CARTESIAN_POINT('',(-19.60446035693,-4.378451036312,
    -21.79606688919));
#3528 = CARTESIAN_POINT('',(-22.68379759628,-3.78472827763,
    -18.55495614271));
#3529 = CARTESIAN_POINT('',(-24.00194928294,0.409714587699,
    -17.07503094891));
#3530 = CARTESIAN_POINT('',(-22.13873934072,4.455633415296,-18.776467384
    ));
#3531 = CARTESIAN_POINT('',(-18.59627105479,4.532881075607,
    -22.15716216279));
#3532 = CARTESIAN_POINT('',(-16.54209955401,0.353762599787,
    -24.04956015643));
#3533 = CARTESIAN_POINT('',(-17.91073396027,-4.375465004276,
    -22.51915224304));
#3534 = CARTESIAN_POINT('',(-21.51574707899,-5.238346498034,
    -18.75236561718));
#3535 = CARTESIAN_POINT('',(-24.00757162403,-1.230783046605,
    -16.098767565));
#3536 = CARTESIAN_POINT('',(-22.91728966217,4.124195051673,
    -17.02727601973));
#3537 = CARTESIAN_POINT('',(-19.02069120475,5.868550214506,
    -20.76210097002));
#3538 = CARTESIAN_POINT('',(-15.76338125567,2.19902759502,
    -23.85763741197));
#3539 = CARTESIAN_POINT('',(-16.15001704024,-3.693579495898,
    -23.30922812026));
#3540 = CARTESIAN_POINT('',(-19.90502743115,-6.391642431239,
    -19.39244422222));
#3541 = CARTESIAN_POINT('',(-23.58623138011,-3.231400820228,
    -15.54946676612));
#3542 = CARTESIAN_POINT('',(-23.67161621088,3.081370996904,
    -15.30230842821));
#3543 = CARTESIAN_POINT('',(-19.85667424129,6.777642238247,
    -18.95547689067));
#3544 = CARTESIAN_POINT('',(-15.46866884033,4.296716256889,
    -23.1817087845));
#3545 = CARTESIAN_POINT('',(-14.51058555426,-2.291556026843,
    -23.97801856343));
#3546 = CARTESIAN_POINT('',(-17.92906841078,-6.999689640919,
    -20.39776219978));
#3547 = CARTESIAN_POINT('',(-22.64086857851,-5.360281799201,
    -15.52418852491));
#3548 = CARTESIAN_POINT('',(-23.93889002672,0.218220039107,
    -14.09135582076));
#3549 = CARTESIAN_POINT('',(-22.60651048833,4.18820508181,
    -15.31588635439));
#3550 = CARTESIAN_POINT('',(-20.10647231563,6.9222273613,-17.70807552233
    ));
#3551 = CARTESIAN_POINT('',(-16.61647418222,6.49128873919,
    -21.09022465098));
#3552 = CARTESIAN_POINT('',(-14.4497567909,3.082967607665,
    -23.14909303755));
#3553 = CARTESIAN_POINT('',(-13.61797705572,-1.335057916918,
    -23.87302376797));
#3554 = CARTESIAN_POINT('',(-15.73036675248,-6.861936127496,
    -21.62582281526));
#3555 = CARTESIAN_POINT('',(-21.12620088261,-7.339248739475,
    -16.068215178));
#3556 = CARTESIAN_POINT('',(-23.79382660733,-2.059830260205,
    -13.26577819733));
#3557 = CARTESIAN_POINT('',(-23.30241981123,2.737712220831,
    -13.64933598868));
#3558 = CARTESIAN_POINT('',(-21.2998280384,6.750291798649,
    -15.54407875675));
#3559 = CARTESIAN_POINT('',(-16.5528588199,8.183392047421,-20.1562367193
    ));
#3560 = CARTESIAN_POINT('',(-13.05495414865,3.306143424199,
    -23.51933013461));
#3561 = CARTESIAN_POINT('',(-12.92544726984,-1.763766905728,
    -23.54098800866));
#3562 = CARTESIAN_POINT('',(-14.44973314385,-6.353721733716,
    -21.9088531299));
#3563 = CARTESIAN_POINT('',(-19.06251106926,-8.876938983643,
    -17.16126394854));
#3564 = CARTESIAN_POINT('',(-23.909893635,-3.719640455137,
    -12.15210787566));
#3565 = CARTESIAN_POINT('',(-23.50645249357,3.545507859429,
    -12.42073776115));
#3566 = CARTESIAN_POINT('',(-20.65219636051,7.223712656506,
    -15.16714488946));
#3567 = CARTESIAN_POINT('',(-17.84695872696,8.271626665802,
    -17.89149576944));
#3568 = CARTESIAN_POINT('',(-14.98852982389,7.299835012714,
    -20.66903791894));
#3569 = CARTESIAN_POINT('',(-12.78867791291,4.514956939854,
    -22.78800307635));
#3570 = CARTESIAN_POINT('',(-11.79613973627,0.61071721021,
    -23.69965449942));
#3571 = CARTESIAN_POINT('',(-12.36182169526,-4.939146598232,
    -23.02612353568));
#3572 = CARTESIAN_POINT('',(-15.7287008057,-8.69763694874,
    -19.55139542048));
#3573 = CARTESIAN_POINT('',(-19.71519964264,-8.139476757053,
    -15.45704757878));
#3574 = CARTESIAN_POINT('',(-22.19160944535,-5.774622367155,
    -12.8997510225));
#3575 = CARTESIAN_POINT('',(-23.5831648411,-1.929683979206,
    -11.42730887319));
#3576 = CARTESIAN_POINT('',(-23.49385616671,2.423349795825,
    -11.43573079401));
#3577 = CARTESIAN_POINT('',(-21.93170868665,6.250546059181,
    -12.9169915205));
#3578 = CARTESIAN_POINT('',(-19.24138252019,8.592288826226,
    -15.5264309334));
#3579 = CARTESIAN_POINT('',(-16.06201235032,8.862008853156,
    -18.6249143497));
#3580 = CARTESIAN_POINT('',(-13.15424174301,6.962039175675,
    -21.45179820344));
#3581 = CARTESIAN_POINT('',(-11.22587642287,3.331579239165,
    -23.29927677001));
#3582 = CARTESIAN_POINT('',(-10.75191292707,-1.163233886815,
    -23.69235351225));
#3583 = CARTESIAN_POINT('',(-11.85795584127,-5.431279772754,
    -22.50542384448));
#3584 = CARTESIAN_POINT('',(-14.28327582781,-8.423759921288,
    -19.99921710437));
#3585 = CARTESIAN_POINT('',(-17.44059615523,-9.390607885304,
    -16.76101002338));
#3586 = CARTESIAN_POINT('',(-20.55548331423,-8.069018994448,
    -13.56523611082));
#3587 = CARTESIAN_POINT('',(-22.85411458991,-4.753741177006,
    -11.18571808157));
#3588 = CARTESIAN_POINT('',(-23.75292515729,-0.232077946774,
    -10.20602076063));
#3589 = CARTESIAN_POINT('',(-23.0041735164,4.403064349832,
    -10.87388564794));
#3590 = CARTESIAN_POINT('',(-20.76086388111,8.017270446264,
    -13.03630852967));
#3591 = CARTESIAN_POINT('',(-17.54424300417,9.712275409561,
    -16.17204265304));
#3592 = CARTESIAN_POINT('',(-14.1205531571,9.049105783445,
    -19.51484574654));
#3593 = CARTESIAN_POINT('',(-11.31619805072,6.161360713844,
    -22.23831409936));
#3594 = CARTESIAN_POINT('',(-9.815882614979,1.729459121157,
    -23.65774278153));
#3595 = CARTESIAN_POINT('',(-9.993044430354,-3.179506549907,
    -23.39969421259));
#3596 = CARTESIAN_POINT('',(-11.81455230318,-7.368670934031,
    -21.49729958619));
#3597 = CARTESIAN_POINT('',(-14.84394396506,-9.803204495437,
    -18.38702117075));
#3598 = CARTESIAN_POINT('',(-18.34358772159,-9.865887284699,
    -14.80649066065));
#3599 = CARTESIAN_POINT('',(-21.45189407686,-7.513340054943,
    -11.61729755181));
#3600 = CARTESIAN_POINT('',(-23.39301008011,-3.293426745353,
    -9.595294794993));
#3601 = CARTESIAN_POINT('',(-23.66796106604,1.782073406494,
    -9.239457055503));
#3602 = CARTESIAN_POINT('',(-22.18015623589,6.479997869407,
    -10.64637513207));
#3603 = CARTESIAN_POINT('',(-19.2637232236,9.645413737688,-13.4819213908
    ));
#3604 = CARTESIAN_POINT('',(-15.60660091013,10.485516852528,
    -17.0581569507));
#3605 = CARTESIAN_POINT('',(-12.0860341823,8.768037509822,
    -20.49783692497));
#3606 = CARTESIAN_POINT('',(-9.555795940677,4.884537587643,
    -22.94718841302));
#3607 = CARTESIAN_POINT('',(-8.636745606767,-0.238453196298,
    -23.78535199337));
#3608 = CARTESIAN_POINT('',(-9.562099636339,-5.360400305496,
    -22.77911121023));
#3609 = CARTESIAN_POINT('',(-12.11595429385,-9.227152627791,
    -20.14436979915));
#3610 = CARTESIAN_POINT('',(-15.68117104711,-10.8780205685,
    -16.49826629232));
#3611 = CARTESIAN_POINT('',(-19.38610470005,-9.884358823756,
    -12.71244588581));
#3612 = CARTESIAN_POINT('',(-22.315308359,-6.460426593999,
    -9.702355473296));
#3613 = CARTESIAN_POINT('',(-23.73328336421,-1.417953209234,
    -8.203493714518));
#3614 = CARTESIAN_POINT('',(-23.26658708875,4.026166601351,
    -8.589303236412));
#3615 = CARTESIAN_POINT('',(-20.99922220568,8.543523386613,
    -10.77578136591));
#3616 = CARTESIAN_POINT('',(-17.45699617087,11.018333527013,
    -14.23712064716));
#3617 = CARTESIAN_POINT('',(-13.48348829158,10.822977779344,
    -18.12974177287));
#3618 = CARTESIAN_POINT('',(-10.03685305719,7.976908794631,
    -21.4954902537));
#3619 = CARTESIAN_POINT('',(-7.956399310361,3.148754063019,
    -23.49505724696));
#3620 = CARTESIAN_POINT('',(-7.755810027116,-2.500561610702,
    -23.61475977664));
#3621 = CARTESIAN_POINT('',(-9.493939577336,-7.596917770711,
    -21.79574347285));
#3622 = CARTESIAN_POINT('',(-12.75565179132,-10.88723460921,
    -18.4531445053));
#3623 = CARTESIAN_POINT('',(-16.74853993423,-11.54754545012,
    -14.37936960882));
#3624 = CARTESIAN_POINT('',(-20.49303928416,-9.389172759119,
    -10.55398350532));
#3625 = CARTESIAN_POINT('',(-23.06033040158,-4.911456132854,
    -7.905805634343));
#3626 = CARTESIAN_POINT('',(-23.80025466024,0.813457528598,
    -7.084994622112));
#3627 = CARTESIAN_POINT('',(-22.50331940017,6.397259935551,
    -8.301043128619));
#3628 = CARTESIAN_POINT('',(-19.45644644961,10.47214581246,
    -11.26702932561));
#3629 = CARTESIAN_POINT('',(-15.37773690861,12.025855838044,
    -15.26485211304));
#3630 = CARTESIAN_POINT('',(-11.24501060286,10.653032953985,
    -19.31669166521));
#3631 = CARTESIAN_POINT('',(-8.059044462982,6.660501827527,
    -22.42177105153));
#3632 = CARTESIAN_POINT('',(-6.598835905746,0.999236473934,
    -23.8010928552));
#3633 = CARTESIAN_POINT('',(-7.228739370981,-4.962042931178,
    -23.0903026364));
#3634 = CARTESIAN_POINT('',(-9.805211242811,-9.767769870698,
    -20.432944011));
#3635 = CARTESIAN_POINT('',(-13.70697389863,-12.23093367466,
    -16.45029460161));
#3636 = CARTESIAN_POINT('',(-17.982418879,-11.72620727879,
    -12.09396286767));
#3637 = CARTESIAN_POINT('',(-21.57929986769,-8.348428859407,
    -8.416195125423));
#3638 = CARTESIAN_POINT('',(-23.60127753874,-2.89633532645,
    -6.313330700803));
#3639 = CARTESIAN_POINT('',(-23.52876907345,3.31615208005,
    -6.304952412521));
#3640 = CARTESIAN_POINT('',(-21.34969523794,8.776543719051,
    -8.403139494471));
#3641 = CARTESIAN_POINT('',(-17.56725944367,12.142011618902,
    -12.10468853517));
#3642 = CARTESIAN_POINT('',(-13.0816877463,12.569584565651,
    -16.50937347897));
#3643 = CARTESIAN_POINT('',(-8.973687350985,9.92712327841,
    -20.53648712072));
#3644 = CARTESIAN_POINT('',(-6.241703525588,4.832313794094,
    -23.18758419255));
#3645 = CARTESIAN_POINT('',(-5.556853325404,-1.491474255443,
    -23.79154763917));
#3646 = CARTESIAN_POINT('',(-7.095682861488,-7.508889965947,
    -22.17183134952));
#3647 = CARTESIAN_POINT('',(-10.4924023617,-11.7453664095,
    -18.69422509573));
#3648 = CARTESIAN_POINT('',(-14.92339159324,-13.14844630444,
    -14.18234911063));
#3649 = CARTESIAN_POINT('',(-19.30450892221,-11.34913345752,
    -9.720345028091));
#3650 = CARTESIAN_POINT('',(-22.5539480342,-6.758395611048,
    -6.390019162531));
#3651 = CARTESIAN_POINT('',(-23.85691203542,-0.473702013109,
    -5.006168407749));
#3652 = CARTESIAN_POINT('',(-22.8673516918,5.983253719407,
    -5.914841997799));
#3653 = CARTESIAN_POINT('',(-19.79683323094,11.034986734973,
    -8.904473705094));
#3654 = CARTESIAN_POINT('',(-15.36777622694,13.433607302229,
    -13.25264395552));
#3655 = CARTESIAN_POINT('',(-10.64129161034,12.569010181513,
    -17.89824181855));
#3656 = CARTESIAN_POINT('',(-6.760629692808,8.623770027986,
    -21.69801698252));
#3657 = CARTESIAN_POINT('',(-4.672263784465,2.53548479534,-23.7054961373
    ));
#3658 = CARTESIAN_POINT('',(-4.892655655458,-4.225917742062,
    -23.40421751274));
#3659 = CARTESIAN_POINT('',(-7.378168856687,-10.0130495935,
    -20.83781755794));
#3660 = CARTESIAN_POINT('',(-11.53085889372,-13.40244140282,
    -16.60424076734));
#3661 = CARTESIAN_POINT('',(-16.33990659103,-13.54463646666,
    -11.71430631645));
#3662 = CARTESIAN_POINT('',(-20.62526908855,-10.3769056831,
    -7.348057065379));
#3663 = CARTESIAN_POINT('',(-23.32482360107,-4.645358861269,
    -4.567615799284));
#3664 = CARTESIAN_POINT('',(-23.75513229602,2.270594836913,
    -4.056420350766));
#3665 = CARTESIAN_POINT('',(-21.78181196801,8.690186635076,
    -5.948853925211));
#3666 = CARTESIAN_POINT('',(-17.85706199709,13.039760760842,
    -9.792717142568));
#3667 = CARTESIAN_POINT('',(-12.91404350437,14.238510176005,
    -14.65484888171));
#3668 = CARTESIAN_POINT('',(-8.142736200854,11.966928339403,
    -19.34526943166));
#3669 = CARTESIAN_POINT('',(-4.701102142396,6.751325747187,
    -22.70601673656));
#3670 = CARTESIAN_POINT('',(-3.431663271049,-0.157802438121,
    -23.89456885433));
#3671 = CARTESIAN_POINT('',(-4.652860940272,-7.085527291756,
    -22.59248443154));
#3672 = CARTESIAN_POINT('',(-8.076849471155,-12.33852043283,
    -19.08760914709));
#3673 = CARTESIAN_POINT('',(-12.87487605723,-14.6189429223,
    -14.20869580745));
#3674 = CARTESIAN_POINT('',(-17.875472904,-13.34502650551,
    -9.127212207115));
#3675 = CARTESIAN_POINT('',(-21.84807980172,-8.799177029534,
    -5.07371855583));
#3676 = CARTESIAN_POINT('',(-23.8034315281,-2.065969562759,
    -3.037480075875));
#3677 = CARTESIAN_POINT('',(-23.23738429473,5.226511277531,
    -3.522640555681));
#3678 = CARTESIAN_POINT('',(-20.25809423304,11.30032414609,
    -6.421043863802));
#3679 = CARTESIAN_POINT('',(-15.56450487703,14.661140174805,
    -11.03374646625));
#3680 = CARTESIAN_POINT('',(-10.28020856567,14.465847355838,
    -16.23715602404));
#3681 = CARTESIAN_POINT('',(-5.682150283468,10.733869800171,
    -20.75432755267));
#3682 = CARTESIAN_POINT('',(-2.889675382464,4.349280847166,
    -23.46591570011));
#3683 = CARTESIAN_POINT('',(-2.589641981951,-3.148469128455,
    -23.68506234706));
#3684 = CARTESIAN_POINT('',(-4.865099232455,-9.935711934796,
    -21.32871834299));
#3685 = CARTESIAN_POINT('',(-9.170238786269,-14.34812988443,
    -16.9426920356));
#3686 = CARTESIAN_POINT('',(-14.45889278643,-15.28884474518,
    -11.57315128187));
#3687 = CARTESIAN_POINT('',(-19.43636101647,-12.5009698387,
    -6.514796298271));
#3688 = CARTESIAN_POINT('',(-22.87395635548,-6.636930110113,
    -2.996314205685));
#3689 = CARTESIAN_POINT('',(-23.90985043919,0.893975699869,
    -1.879533368415));
#3690 = CARTESIAN_POINT('',(-22.26255972683,8.264215779051,
    -3.445937327204));
#3691 = CARTESIAN_POINT('',(-18.30420487961,13.671510266971,
    -7.323405420859));
#3692 = CARTESIAN_POINT('',(-12.97455705375,15.779541508056,
    -12.57216649314));
#3693 = CARTESIAN_POINT('',(-7.555667796724,14.048125337039,
    -17.91016899661));
#3694 = CARTESIAN_POINT('',(-3.361117452698,8.871284418442,
    -22.02383258707));
#3695 = CARTESIAN_POINT('',(-1.415202705045,1.488012223812,
    -23.88886058115));
#3696 = CARTESIAN_POINT('',(-2.200413542101,-6.314175307849,
    -23.02276299053));
#3697 = CARTESIAN_POINT('',(-5.535444754186,-12.63199156334,
    -19.60684502488));
#3698 = CARTESIAN_POINT('',(-10.61454136631,-15.91066964863,
    -14.44686165919));
#3699 = CARTESIAN_POINT('',(-16.19976563309,-15.32653233354,
    -8.780750638834));
#3700 = CARTESIAN_POINT('',(-20.92032566888,-10.99371658341,
    -3.979303849481));
#3701 = CARTESIAN_POINT('',(-23.60659229947,-3.943216986168,
    -1.212150465319));
#3702 = CARTESIAN_POINT('',(-23.57741533798,4.122311884785,
    -1.160440673242));
#3703 = CARTESIAN_POINT('',(-20.81016681873,11.239711532302,
    -3.846802438929));
#3704 = CARTESIAN_POINT('',(-15.95108806783,15.663154445033,
    -8.624994436264));
#3705 = CARTESIAN_POINT('',(-10.16224440278,16.29235231977,
    -14.33295134774));
#3706 = CARTESIAN_POINT('',(-4.841304438881,12.946114996738,
    -19.57300455808));
#3707 = CARTESIAN_POINT('',(-1.28171064971,6.413276834532,
    -23.05171159368));
#3708 = CARTESIAN_POINT('',(-0.355867301782,-1.733065823451,
    -23.89666818804));
#3709 = CARTESIAN_POINT('',(-2.298941663438,-9.514310007015,
    -21.87270707281));
#3710 = CARTESIAN_POINT('',(-6.646839577231,-15.02691186332,
    -17.44392240545));
#3711 = CARTESIAN_POINT('',(-12.34461655788,-16.90804282819,
    -11.66525867123));
#3712 = CARTESIAN_POINT('',(-18.00004430959,-14.67242760476,
    -5.928944165961));
#3713 = CARTESIAN_POINT('',(-22.22139502663,-8.837130233892,
    -1.626706695355));
#3714 = CARTESIAN_POINT('',(-23.95749059944,-0.802292088539,
    0.190275631025));
#3715 = CARTESIAN_POINT('',(-22.75693173269,7.484753925924,
    -0.92939648216));
#3716 = CARTESIAN_POINT('',(-18.88258990343,14.001432930629,
    -4.722851557854));
#3717 = CARTESIAN_POINT('',(-13.2523701523,17.143563202758,
    -10.27218455541));
#3718 = CARTESIAN_POINT('',(-7.219508120274,16.120199882931,
    -16.22415983387));
#3719 = CARTESIAN_POINT('',(-2.244972912882,11.152514948124,
    -21.1178082877));
#3720 = CARTESIAN_POINT('',(0.45872035167,3.426757312242,-23.74061479868
    ));
#3721 = CARTESIAN_POINT('',(0.225449292809,-5.188910678161,
    -23.42645698625));
#3722 = CARTESIAN_POINT('',(-2.898028447178,-12.59613375525,
    -20.2220924927));
#3723 = CARTESIAN_POINT('',(-8.158621765472,-16.97742017784,
    -14.88061242084));
#3724 = CARTESIAN_POINT('',(-14.27606954637,-17.24206588608,
    -8.682277886367));
#3725 = CARTESIAN_POINT('',(-19.75211986789,-13.29754530178,
    -3.125340811281));
#3726 = CARTESIAN_POINT('',(-23.23506366296,-6.078873150742,
    0.438489737356));
#3727 = CARTESIAN_POINT('',(-23.85092962187,2.672874221741,
    1.135242449828));
#3728 = CARTESIAN_POINT('',(-21.42019479876,10.830455586366,
    -1.214605619713));
#3729 = CARTESIAN_POINT('',(-16.50629352353,16.397521298728,
    -6.047620141371));
#3730 = CARTESIAN_POINT('',(-10.28294624331,17.997151729345,
    -12.19008066802));
#3731 = CARTESIAN_POINT('',(-4.251512928679,15.212328108249,
    -18.14062722909));
#3732 = CARTESIAN_POINT('',(0.123571855455,8.694168401985,
    -22.43482525966));
#3733 = CARTESIAN_POINT('',(1.77275788385,9.944932298031E-03,
    -24.00312453448));
#3734 = CARTESIAN_POINT('',(0.285236176167,-8.733705538228,
    -22.43471607323));
#3735 = CARTESIAN_POINT('',(-3.986387569697,-15.40180853652,
    -18.0822055738));
#3736 = CARTESIAN_POINT('',(-10.00722007783,-18.3523522091,
    -11.98048631209));
#3737 = CARTESIAN_POINT('',(-16.30840489302,-16.84057580336,
    -5.598414743348));
#3738 = CARTESIAN_POINT('',(-21.3430703863,-11.2067174724,-0.4828624965)
  );
#3739 = CARTESIAN_POINT('',(-23.86364610444,-2.799948298378,
    2.11859997521));
#3740 = CARTESIAN_POINT('',(-23.22851207782,6.344635209841,
    1.564352702163));
#3741 = CARTESIAN_POINT('',(-19.56261483362,13.998649585095,
    -2.020657788471));
#3742 = CARTESIAN_POINT('',(-13.73187426045,18.283443689541,
    -7.770511608079));
#3743 = CARTESIAN_POINT('',(-7.136437969952,18.131174426765,
    -14.28506114501));
#3744 = CARTESIAN_POINT('',(-1.372126908678,13.550785349664,
    -19.96848545271));
#3745 = CARTESIAN_POINT('',(2.158069147487,5.6326728367,-23.41779475531)
  );
#3746 = CARTESIAN_POINT('',(2.587864340696,-3.710761244265,
    -23.76670319495));
#3747 = CARTESIAN_POINT('',(-0.197361332392,-12.2069701572,
    -20.9005907683));
#3748 = CARTESIAN_POINT('',(-5.527832350095,-17.77599981095,
    -15.48923299703));
#3749 = CARTESIAN_POINT('',(-12.10802238288,-19.03966428707,
    -8.828156210673));
#3750 = CARTESIAN_POINT('',(-18.32912486901,-15.66251673292,
    -2.526166970974));
#3751 = CARTESIAN_POINT('',(-22.65999025529,-8.440279840836,
    1.885585168874));
#3752 = CARTESIAN_POINT('',(-24.02153305811,0.88743871845,3.328014725262
    ));
#3753 = CARTESIAN_POINT('',(-22.05305820442,10.05611698194,
    1.440426625141));
#3754 = CARTESIAN_POINT('',(-17.20478799647,16.82608095198,
    -3.32695682925));
#3755 = CARTESIAN_POINT('',(-10.63291661522,19.529592447485,
    -9.817941456931));
#3756 = CARTESIAN_POINT('',(-3.921607035566,17.481626519135,
    -16.44836428302));
#3757 = CARTESIAN_POINT('',(1.301234674306,11.153174915928,
    -21.59031923932));
#3758 = CARTESIAN_POINT('',(3.761218001,2.06329504372,-23.96941581245));
#3759 = CARTESIAN_POINT('',(2.85081706235,-7.585447989553,
    -22.97812812023));
#3760 = CARTESIAN_POINT('',(-1.218228665991,-15.44067360058,
    -18.82819563832));
#3761 = CARTESIAN_POINT('',(-7.461658478016,-19.57369856005,
    -12.50387907273));
#3762 = CARTESIAN_POINT('',(-14.3583683947,-18.95304781641,
    -5.526282402479));
#3763 = CARTESIAN_POINT('',(-20.21860588133,-13.70172046217,
    0.414841837717));
#3764 = CARTESIAN_POINT('',(-23.59555967369,-5.074082261937,
    3.872682383644));
#3765 = CARTESIAN_POINT('',(-23.6400897537,4.843653183222,3.998099217223
    ));
#3766 = CARTESIAN_POINT('',(-20.31162927132,13.637861738289,
    0.750525488409));
#3767 = CARTESIAN_POINT('',(-14.39289759651,19.154899018174,
    -5.087319432833));
#3768 = CARTESIAN_POINT('',(-7.303665697289,20.028493746634,
    -12.09566457848));
#3769 = CARTESIAN_POINT('',(-0.757861939235,16.017998786512,
    -18.56058158297));
#3770 = CARTESIAN_POINT('',(3.653172981334,8.073782232617,
    -22.89072974997));
#3771 = CARTESIAN_POINT('',(4.849949674368,-1.887816762818,
    -24.00661968944));
#3772 = CARTESIAN_POINT('',(2.531395487199,-11.44671887749,
    -21.6071787487));
#3773 = CARTESIAN_POINT('',(-2.747089381209,-18.26703881666,
    -16.24780712673));
#3774 = CARTESIAN_POINT('',(-9.704246000803,-20.6678905264,
    -9.209763753569));
#3775 = CARTESIAN_POINT('',(-16.64156182231,-18.03758169236,
    -2.191561178494));
#3776 = CARTESIAN_POINT('',(-21.85554402831,-10.98914951006,
    3.103307781075));
#3777 = CARTESIAN_POINT('',(-24.05359234317,-1.217761998771,
    5.382242849506));
#3778 = CARTESIAN_POINT('',(-22.67194544508,8.906916353824,
    4.081482704987));
#3779 = CARTESIAN_POINT('',(-18.0175030365,16.915385810741,
    -0.49207295003));
#3780 = CARTESIAN_POINT('',(-11.19788399307,20.840641667427,
    -7.230805239894));
#3781 = CARTESIAN_POINT('',(-3.855586635041,19.701261219597,
    -14.49221584435));
#3782 = CARTESIAN_POINT('',(2.22995724108,13.746613208371,
    -20.49687296691));
#3783 = CARTESIAN_POINT('',(5.576021851305,4.402965002193,
    -23.76205082357));
#3784 = CARTESIAN_POINT('',(5.360244625433,-6.068050692496,
    -23.46538684413));
#3785 = CARTESIAN_POINT('',(1.625114855312,-15.11684812855,
    -19.64937032044));
#3786 = CARTESIAN_POINT('',(-4.727531431837,-20.52668657347,
    -13.21583727972));
#3787 = CARTESIAN_POINT('',(-12.15184751132,-20.9566961753,
    -5.71063444667));
#3788 = CARTESIAN_POINT('',(-18.83174514446,-16.27411439375,
    1.050149940035));
#3789 = CARTESIAN_POINT('',(-23.12272743759,-7.593438430348,
    5.422018986731));
#3790 = CARTESIAN_POINT('',(-23.95429266635,2.98870015833,6.334470969061
    ));
#3791 = CARTESIAN_POINT('',(-21.09444481611,12.899902173225,
    3.555509872384));
#3792 = CARTESIAN_POINT('',(-15.21096759206,19.717321262611,
    -2.247080598092));
#3793 = CARTESIAN_POINT('',(-7.713378164674,21.759930231181,
    -9.663783271917));
#3794 = CARTESIAN_POINT('',(-0.41293585465,18.502956070658,
    -16.88333882837));
#3795 = CARTESIAN_POINT('',(4.917291167877,10.712326976796,
    -22.13267909733));
#3796 = CARTESIAN_POINT('',(6.975447054635,0.264772223218,
    -24.10994823052));
#3797 = CARTESIAN_POINT('',(5.251245541621,-10.30422579016,
    -22.30485996394));
#3798 = CARTESIAN_POINT('',(0.154840096144,-18.41575431374,
    -17.12756776489));
#3799 = CARTESIAN_POINT('',(-7.078295685511,-22.07673965741,
    -9.813545229675));
#3800 = CARTESIAN_POINT('',(-14.68447197887,-20.36961891692,
    -2.126482182748));
#3801 = CARTESIAN_POINT('',(-20.7994344681,-13.68211877666,
    4.069367060057));
#3802 = CARTESIAN_POINT('',(-23.91287025566,-3.61964500766,7.26368960118
    ));
#3803 = CARTESIAN_POINT('',(-23.23895955947,7.380038597686,6.67066565856
    ));
#3804 = CARTESIAN_POINT('',(-18.91206505745,16.637377305168,
    2.42465791011));
#3805 = CARTESIAN_POINT('',(-11.95885223708,21.88377217837,
    -4.447668156695));
#3806 = CARTESIAN_POINT('',(-4.052452625017,21.817495748795,
    -12.27318101519));
#3807 = CARTESIAN_POINT('',(2.892479927181,16.426556889351,
    -19.13722681382));
#3808 = CARTESIAN_POINT('',(7.185815481846,6.998463471066,
    -23.34967561492));
#3809 = CARTESIAN_POINT('',(7.77565638132,-4.187158999439,
    -23.85862976083));
#3810 = CARTESIAN_POINT('',(4.50844391283,-14.40973583531,
    -20.51053053877));
#3811 = CARTESIAN_POINT('',(-1.828838334072,-21.16944290369,
    -14.0923615383));
#3812 = CARTESIAN_POINT('',(-9.695811462432,-22.79849872017,
    -6.144501656377));
#3813 = CARTESIAN_POINT('',(-17.17071899936,-18.87257050229,
    1.411292634122));
#3814 = CARTESIAN_POINT('',(-22.41747455123,-10.32082723739,
    6.738934939561));
#3815 = CARTESIAN_POINT('',(-24.13423225257,0.793794824878,
    8.536579394469));
#3816 = CARTESIAN_POINT('',(-21.87389227301,11.772194530292,
    6.357126168478));
#3817 = CARTESIAN_POINT('',(-16.15764542469,19.934558715915,
    0.721766073721));
#3818 = CARTESIAN_POINT('',(-8.352771321544,23.274495478764,
    -7.00222127586));
#3819 = CARTESIAN_POINT('',(-0.343300925312,20.952177486407,
    -14.93080491852));
#3820 = CARTESIAN_POINT('',(5.927137429225,13.505299148837,
    -21.12035651949));
#3821 = CARTESIAN_POINT('',(8.929362622611,2.724908311849,
    -24.04169495931));
#3822 = CARTESIAN_POINT('',(7.923958546545,-8.77529707113,
    -22.95540412967));
#3823 = CARTESIAN_POINT('',(3.145754657289,-18.19264875944,
    -18.09631348685));
#3824 = CARTESIAN_POINT('',(-4.248530031541,-23.21853387838,
    -10.62114204445));
#3825 = CARTESIAN_POINT('',(-12.4579045619,-22.60430959497,
    -2.330880760523));
#3826 = CARTESIAN_POINT('',(-19.47336899853,-16.47139015137,
    4.765470429671));
#3827 = CARTESIAN_POINT('',(-23.56714697417,-6.288530170913,
    8.940135158878));
#3828 = CARTESIAN_POINT('',(-23.71574972815,5.479830027095,
    9.169624666422));
#3829 = CARTESIAN_POINT('',(-19.85328378421,15.969985632923,
    5.388045476049));
#3830 = CARTESIAN_POINT('',(-12.89232736857,22.615819317305,
    -1.492024186016));
#3831 = CARTESIAN_POINT('',(-4.50611687704,23.776512490373,
    -9.797347923988));
#3832 = CARTESIAN_POINT('',(3.275989199528,19.141572053944,
    -17.49856724698));
#3833 = CARTESIAN_POINT('',(8.561969107204,9.813213775489,
    -22.70366040109));
#3834 = CARTESIAN_POINT('',(10.059530062802,-1.955606965627,
    -24.12033460312));
#3835 = CARTESIAN_POINT('',(7.394431526664,-13.30528937192,
    -21.37434931342));
#3836 = CARTESIAN_POINT('',(1.20633991532,-21.46441424258,
    -15.10537094851));
#3837 = CARTESIAN_POINT('',(-7.002275795867,-24.42647490497,
    -6.815868483755));
#3838 = CARTESIAN_POINT('',(-15.22854589984,-21.44326826913,
    1.49128837379));
#3839 = CARTESIAN_POINT('',(-21.45549349059,-13.21363603056,
    7.799122718109));
#3840 = CARTESIAN_POINT('',(-24.14414909602,-1.720003272224,
    10.568665077108));
#3841 = CARTESIAN_POINT('',(-22.61141794604,10.249114141978,
    9.116820680695));
#3842 = CARTESIAN_POINT('',(-17.20092824607,19.775635709154,
    3.787217734293));
#3843 = CARTESIAN_POINT('',(-9.204160658001,24.523344562693,
    -4.128663100216));
#3844 = CARTESIAN_POINT('',(-0.549895581246,23.310772119545,
    -12.7020414234));
#3845 = CARTESIAN_POINT('',(6.663356469853,16.405064820693,
    -19.83440672093));
#3846 = CARTESIAN_POINT('',(10.678596245661,5.463773281749,
    -23.76875974317));
#3847 = CARTESIAN_POINT('',(10.510699846295,-6.862925550602,
    -23.51997659024));
#3848 = CARTESIAN_POINT('',(6.190495270303,-17.57413396514,
    -19.11888526068));
#3849 = CARTESIAN_POINT('',(-1.237902625352,-24.0487929434,
    -11.60960061146));
#3850 = CARTESIAN_POINT('',(-9.967027587838,-24.68704303398,
    -2.799588895407));
#3851 = CARTESIAN_POINT('',(-17.86345619121,-19.30545316831,
    5.17772646154));
#3852 = CARTESIAN_POINT('',(-22.98681795057,-9.188501623049,
    10.381974974467));
#3853 = CARTESIAN_POINT('',(-24.06415879333,3.217884432425,
    11.540202570795));
#3854 = CARTESIAN_POINT('',(-20.80369228533,14.897642685032,
    8.360622816355));
#3855 = CARTESIAN_POINT('',(-13.97061899592,22.997796470486,
    1.608436280512));
#3856 = CARTESIAN_POINT('',(-5.205391785989,25.525332963177,
    -7.075904175851));
#3857 = CARTESIAN_POINT('',(3.372437556827,21.837519050083,
    -15.57284676509));
#3858 = CARTESIAN_POINT('',(9.679129025971,12.805042496439,
    -21.79865148067));
#3859 = CARTESIAN_POINT('',(12.175333670765,0.606639337958,
    -24.2139693719));
#3860 = CARTESIAN_POINT('',(10.244213277503,-11.79639950749,
    -22.20196222507));
#3861 = CARTESIAN_POINT('',(4.346228440214,-21.37910812316,
    -16.22309063421));
#3862 = CARTESIAN_POINT('',(-4.088211941964,-25.79059858912,
    -7.707763498471));
#3863 = CARTESIAN_POINT('',(-13.00326066038,-23.93075873943,
    1.288171973518));
#3864 = CARTESIAN_POINT('',(-20.21633659591,-16.2244333548,
    8.582134662615));
#3865 = CARTESIAN_POINT('',(-23.95004986353,-4.524792192896,
    12.396734683799));
#3866 = CARTESIAN_POINT('',(-23.26771044461,8.332243758974,
    11.795282018453));
#3867 = CARTESIAN_POINT('',(-18.30571372028,19.215400673314,
    6.914172047682));
#3868 = CARTESIAN_POINT('',(-10.24517064784,25.46065932455,
    -1.065484271184));
#3869 = CARTESIAN_POINT('',(-1.028512647312,25.523342108456,
    -10.20125551815));
#3870 = CARTESIAN_POINT('',(7.110945122948,19.360069801819,
    -18.25982653484));
#3871 = CARTESIAN_POINT('',(12.192549967001,8.446163941417,
    -23.26054462532));
#3872 = CARTESIAN_POINT('',(12.972678577904,-4.577406454387,
    -23.95978648266));
#3873 = CARTESIAN_POINT('',(9.251475874749,-16.54307055501,
    -20.15769702594));
#3874 = CARTESIAN_POINT('',(1.926322111341,-24.52706660957,
    -12.75165650896));
#3875 = CARTESIAN_POINT('',(-7.222159221006,-26.5638401908,
    -3.522288423053));
#3876 = CARTESIAN_POINT('',(-15.96054517542,-22.12987488709,
    5.296984284938));
#3877 = CARTESIAN_POINT('',(-22.14545914525,-12.27787331103,
    11.562785008334));
#3878 = CARTESIAN_POINT('',(-24.24687723792,0.613015655685,
    13.745089854567));
#3879 = CARTESIAN_POINT('',(-21.72413100711,13.411699607954,
    11.303230377326));
#3880 = CARTESIAN_POINT('',(-15.16221261352,22.99565649188,
    4.822198737301));
#3881 = CARTESIAN_POINT('',(-6.134060365624,27.012738455243,
    -4.12506675703));
#3882 = CARTESIAN_POINT('',(3.178792800368,24.458408951276,
    -13.35703316945));
#3883 = CARTESIAN_POINT('',(10.515725913163,15.926763867643,
    -20.61307952868));
#3884 = CARTESIAN_POINT('',(14.088169543996,3.472652165795,
    -24.10463640594));
#3885 = CARTESIAN_POINT('',(13.018010892359,-9.883180394929,
    -22.95359100074));
#3886 = CARTESIAN_POINT('',(7.555810122364,-20.88676477939,
    -17.41050347718));
#3887 = CARTESIAN_POINT('',(-0.975377062606,-26.84369360956,
    -8.798429538643));
#3888 = CARTESIAN_POINT('',(-10.49806732858,-26.27886654335,
    0.805147480901));
#3889 = CARTESIAN_POINT('',(-18.68385502391,-19.30165848512,
    9.071821929803));
#3890 = CARTESIAN_POINT('',(-23.52032593699,-7.586137173826,
    13.989179596445));
#3891 = CARTESIAN_POINT('',(-23.80334892913,6.030519270602,
    14.35308934216));
#3892 = CARTESIAN_POINT('',(-19.43432055316,18.23509201193,
    10.064947719758));
#3893 = CARTESIAN_POINT('',(-11.44900115207,26.044497260223,
    2.160515072234));
#3894 = CARTESIAN_POINT('',(-1.769746829315,27.5349086411,
    -7.437852496961));
#3895 = CARTESIAN_POINT('',(7.259611197069,22.315618023203,
    -16.38632376977));
#3896 = CARTESIAN_POINT('',(13.443706239495,11.630933891231,
    -22.48953205863));
#3897 = CARTESIAN_POINT('',(15.271805051197,-1.936339662598,
    -24.23674411677));
#3898 = CARTESIAN_POINT('',(12.289260384633,-15.08921392391,
    -21.17331269664));
#3899 = CARTESIAN_POINT('',(5.212925451882,-24.61771627472,
    -14.01609101032));
#3900 = CARTESIAN_POINT('',(-4.238718368845,-28.18228143605,
    -4.483560436027));
#3901 = CARTESIAN_POINT('',(-13.76049550833,-24.88814866407,
    5.119103457026));
#3902 = CARTESIAN_POINT('',(-21.02035083139,-15.50975271064,
    12.459845533655));
#3903 = CARTESIAN_POINT('',(-24.22809391195,-2.308884093494,
    15.748475367789));
#3904 = CARTESIAN_POINT('',(-22.57436753716,11.510741760773,
    14.175635746567));
#3905 = CARTESIAN_POINT('',(-16.43220795105,22.580987088157,
    8.114362914021));
#3906 = CARTESIAN_POINT('',(-7.271026688579,28.190177242406,
    -0.965931594888));
#3907 = CARTESIAN_POINT('',(2.697212169256,26.947302508523,
    -10.85328369915));
#3908 = CARTESIAN_POINT('',(11.054431431397,19.126852252325,
    -19.12961620772));
#3909 = CARTESIAN_POINT('',(15.76540275929,6.60882474956,-23.75970078205
    ));
#3910 = CARTESIAN_POINT('',(15.675779990026,-7.573145556659,
    -23.58919125922));
#3911 = CARTESIAN_POINT('',(10.797335472996,-19.96694929165,
    -18.62985998862));
#3912 = CARTESIAN_POINT('',(2.309934111213,-27.54229857048,
    -10.06157187327));
#3913 = CARTESIAN_POINT('',(-7.721413106812,-28.4316175591,
    5.066209831716E-02));
#3914 = CARTESIAN_POINT('',(-16.84657697967,-22.39038682019,
    9.256712724748));
#3915 = CARTESIAN_POINT('',(-22.82634430566,-10.86348787897,
    15.317366804301));
#3916 = CARTESIAN_POINT('',(-24.17946334533,3.360262062769,
    16.751372597539));
#3917 = CARTESIAN_POINT('',(-20.54705784273,16.822812450879,
    13.199853848508));
#3918 = CARTESIAN_POINT('',(-12.78476763484,26.237592953709,
    5.518450394184));
#3919 = CARTESIAN_POINT('',(-2.759023090874,29.291846108695,
    -4.426407396216));
#3920 = CARTESIAN_POINT('',(7.104063992343,25.214711727252,
    -14.20860772586));
#3921 = CARTESIAN_POINT('',(14.408166985464,14.971535753347,
    -21.43182396541));
#3922 = CARTESIAN_POINT('',(17.371347634247,1.035482781066,
    -24.31411786063));
#3923 = CARTESIAN_POINT('',(15.263178010702,-13.20955902151,
    -22.12506148352));
#3924 = CARTESIAN_POINT('',(8.587158738444,-24.29063358863,
    -15.36815545769));
#3925 = CARTESIAN_POINT('',(-1.037094371623,-29.49242475719,
    -5.663015594062));
#3926 = CARTESIAN_POINT('',(-11.26437271792,-27.52258916953,
    4.645149505802));
#3927 = CARTESIAN_POINT('',(-19.59295170026,-18.83269538766,
    13.054615241711));
#3928 = CARTESIAN_POINT('',(-23.97413376554,-5.515099324188,
    17.516684060565));
#3929 = CARTESIAN_POINT('',(-23.31374324865,9.200795239801,
    16.937180297238));
#3930 = CARTESIAN_POINT('',(-17.7428175658,21.731629071792,
    11.447141367958));
#3931 = CARTESIAN_POINT('',(-8.590545316693,29.012644716531,
    2.375755872413));
#3932 = CARTESIAN_POINT('',(1.935137911074,29.247238650445,
    -8.069040601787));
#3933 = CARTESIAN_POINT('',(11.282555780178,22.350193653655,
    -17.33557171732));
#3934 = CARTESIAN_POINT('',(17.177264321031,9.975263297333,
    -23.14939350461));
#3935 = CARTESIAN_POINT('',(18.177872601956,-4.88127074881,
    -24.06911503196));
#3936 = CARTESIAN_POINT('',(14.030883693429,-18.60605430315,
    -19.84123936987));
#3937 = CARTESIAN_POINT('',(5.7372126289,-27.84748762047,-11.46668155177
    ));
#3938 = CARTESIAN_POINT('',(-4.686981336265,-30.33417868464,
    -0.961600833042));
#3939 = CARTESIAN_POINT('',(-14.69801891119,-25.43316058705,
    9.130323495453));
#3940 = CARTESIAN_POINT('',(-21.84300160478,-14.31069832582,
    16.35619294261));
#3941 = CARTESIAN_POINT('',(-24.35839694907,0.34509625271,
    18.952475040473));
#3942 = CARTESIAN_POINT('',(-21.60283532313,14.97390376681,
    16.277800168097));
#3943 = CARTESIAN_POINT('',(-14.21791096158,26.008099587445,
    8.973762560111));
#3944 = CARTESIAN_POINT('',(-3.976706416262,30.742810599987,
    -1.186555231641));
#3945 = CARTESIAN_POINT('',(6.644231384473,27.998941657802,
    -11.72660627881));
#3946 = CARTESIAN_POINT('',(15.06614501207,18.416656942032,
    -20.06763315283));
#3947 = CARTESIAN_POINT('',(19.236579361362,4.306303544336,
    -24.15718074856));
#3948 = CARTESIAN_POINT('',(18.131968182544,-10.90857767503,
    -22.97168281617));
#3949 = CARTESIAN_POINT('',(12.011230061159,-23.52188462233,
    -16.77005794122));
#3950 = CARTESIAN_POINT('',(2.357563202524,-30.4477006285,
    -7.035504329022));
#3951 = CARTESIAN_POINT('',(-8.478565755139,-29.97526086633,
    3.881511382208));
#3952 = CARTESIAN_POINT('',(-17.84931564253,-22.19144171278,
    13.333148023167));
#3953 = CARTESIAN_POINT('',(-23.45407295233,-8.966457266883,
    19.018792086543));
#3954 = CARTESIAN_POINT('',(-23.90183751857,6.495420645772,
    19.547443406348));
#3955 = CARTESIAN_POINT('',(-19.05391896113,20.432207395152,
    14.780411602471));
#3956 = CARTESIAN_POINT('',(-10.06252722645,29.439523022171,
    5.86990662136));
#3957 = CARTESIAN_POINT('',(0.905311954051,31.302179070356,
    -5.017045805577));
#3958 = CARTESIAN_POINT('',(11.192379585708,25.538906007046,
    -15.22322668366));
#3959 = CARTESIAN_POINT('',(18.297419880211,13.526283788811,
    -22.2473802246));
#3960 = CARTESIAN_POINT('',(20.485704794348,-1.829941447879,
    -24.35477838517));
#3961 = CARTESIAN_POINT('',(17.214967185939,-16.79770478961,
    -21.00315402319));
#3962 = CARTESIAN_POINT('',(9.272129933725,-27.72563450482,
    -12.97943001741));
#3963 = CARTESIAN_POINT('',(-1.413602696827,-31.93379589729,
    -2.212810633295));
#3964 = CARTESIAN_POINT('',(-12.23692425472,-28.37087328469,
    8.691397678173));
#3965 = CARTESIAN_POINT('',(-20.54923263627,-17.87664297466,
    17.084592813283));
#3966 = CARTESIAN_POINT('',(-24.30436130858,-2.984249329707,
    20.920608239169));
#3967 = CARTESIAN_POINT('',(-22.55980592354,12.691215150615,
    19.25693960769));
#3968 = CARTESIAN_POINT('',(-15.71067151881,25.330258808161,
    12.488691956529));
#3969 = CARTESIAN_POINT('',(-5.398292295662,31.839648883021,
    2.257199486946));
#3970 = CARTESIAN_POINT('',(5.885399380511,30.609414629171,
    -8.94560543566));
#3971 = CARTESIAN_POINT('',(15.402399920034,21.910940651246,
    -18.38171922161));
#3972 = CARTESIAN_POINT('',(20.835404543679,7.837739263273,
    -23.73383709169));
#3973 = CARTESIAN_POINT('',(20.854445853158,-8.198343643873,
    -23.6719916476));
#3974 = CARTESIAN_POINT('',(15.444846766772,-22.2942691453,
    -18.18150580765));
#3975 = CARTESIAN_POINT('',(5.915632496662,-31.00576999038,
    -8.571404783974));
#3976 = CARTESIAN_POINT('',(-5.414823674334,-32.18892657782,
    2.83993814059));
#3977 = CARTESIAN_POINT('',(-15.78044433315,-25.52772579057,
    13.286445552977));
#3978 = CARTESIAN_POINT('',(-22.64032190728,-12.61780070122,
    20.227209880675));
#3979 = CARTESIAN_POINT('',(-24.29913988196,3.415691341523,
    21.966914608923));
#3980 = CARTESIAN_POINT('',(-20.32365269061,18.674566035494,
    18.072314171141));
#3981 = CARTESIAN_POINT('',(-11.65291862167,29.435367262419,
    9.482466855766));
#3982 = CARTESIAN_POINT('',(-0.374291516405,33.057955090233,
    -1.715273495935));
#3983 = CARTESIAN_POINT('',(10.781414408948,28.633216933491,
    -12.79009266772));
#3984 = CARTESIAN_POINT('',(19.103495141559,17.211007474089,
    -21.03128664676));
#3985 = CARTESIAN_POINT('',(22.562419544301,1.551215678862,
    -24.40932429593));
#3986 = CARTESIAN_POINT('',(20.307171116261,-14.54305770563,
    -22.07318911433));
#3987 = CARTESIAN_POINT('',(12.876998711758,-27.14910784356,
    -14.56212995626));
#3988 = CARTESIAN_POINT('',(2.07491516554,-33.1807167479,-3.679159656474
    ));
#3989 = CARTESIAN_POINT('',(-9.467425496194,-31.14369530213,
    7.944067758826));
#3990 = CARTESIAN_POINT('',(-18.92846491816,-21.50592126987,
    17.485993934369));
#3991 = CARTESIAN_POINT('',(-23.98407467345,-6.590252463748,
    22.622490443225));
#3992 = CARTESIAN_POINT('',(-23.3760302364,9.985259093675,
    22.095332759744));
#3993 = CARTESIAN_POINT('',(-17.22262386437,24.184989704319,
    16.022813141281));
#3994 = CARTESIAN_POINT('',(-6.994671516137,32.538271230952,
    5.875747546607));
#3995 = CARTESIAN_POINT('',(4.838262441584,32.98771076773,
    -5.876299657547));
#3996 = CARTESIAN_POINT('',(15.406627750142,25.395771946674,
    -16.36377821253));
#3997 = CARTESIAN_POINT('',(22.13892492063,11.585248383619,
    -23.01518862945));
#3998 = CARTESIAN_POINT('',(23.390236018834,-5.098579593735,
    -24.18561297409));
#3999 = CARTESIAN_POINT('',(18.845696123496,-20.59771497464,
    -19.56018632518));
#4000 = CARTESIAN_POINT('',(9.603590322109,-31.12946579746,
    -10.23719377023));
#4001 = CARTESIAN_POINT('',(-2.090605630323,-34.10774914456,
    1.537888935765));
#4002 = CARTESIAN_POINT('',(-13.38180772191,-28.78163128991,
    12.909977780927));
#4003 = CARTESIAN_POINT('',(-21.51072590677,-16.41758249813,
    21.119782719356));
#4004 = CARTESIAN_POINT('',(-23.47952368302,-5.48073033084,
    23.142504997985));
#4005 = CARTESIAN_POINT('',(-23.47952368302,-1.133210069764E-12,
    23.169467249174));
#4006 = CARTESIAN_POINT('',(-23.3672013525,-3.289802970097E-14,
    -21.15549755397));
#4007 = CARTESIAN_POINT('',(-23.3672013525,0.519908110214,
    -21.10157305159));
#4008 = CARTESIAN_POINT('',(-22.96977785082,1.637956193066,
    -21.39114754852));
#4009 = CARTESIAN_POINT('',(-21.51365997773,1.951485233543,
    -22.68549191447));
#4010 = CARTESIAN_POINT('',(-20.44853803932,0.382733013259,
    -23.58884034575));
#4011 = CARTESIAN_POINT('',(-20.79420650221,-1.757976664545,
    -23.08139837572));
#4012 = CARTESIAN_POINT('',(-22.30619355674,-2.443155268571,
    -21.40763781406));
#4013 = CARTESIAN_POINT('',(-23.56193071709,-0.832813917557,
    -19.99012714657));
#4014 = CARTESIAN_POINT('',(-23.23272315638,1.755415425024,
    -20.15756120015));
#4015 = CARTESIAN_POINT('',(-21.39488991312,2.913182406919,
    -21.83362093627));
#4016 = CARTESIAN_POINT('',(-19.59840237649,1.379788707258,
    -23.46833496577));
#4017 = CARTESIAN_POINT('',(-19.50098884352,-1.619314610471,
    -23.4039749916));
#4018 = CARTESIAN_POINT('',(-21.27113428239,-3.332097625995,
    -21.4720560456));
#4019 = CARTESIAN_POINT('',(-23.29371597547,-2.004943949691,
    -19.28770084538));
#4020 = CARTESIAN_POINT('',(-23.57610688699,1.342330746768,
    -18.84353642673));
#4021 = CARTESIAN_POINT('',(-21.63348343462,3.671971077168,
    -20.62438637196));
#4022 = CARTESIAN_POINT('',(-19.07170426029,2.684943693384,
    -23.02439203916));
#4023 = CARTESIAN_POINT('',(-18.20713634834,-0.922481516624,
    -23.72718644398));
#4024 = CARTESIAN_POINT('',(-19.90483962109,-3.906846755409,
    -21.86770966408));
#4025 = CARTESIAN_POINT('',(-22.65183335673,-3.392880914633,
    -18.95894242131));
#4026 = CARTESIAN_POINT('',(-23.83693394694,0.363543204345,
    -17.61206832396));
#4027 = CARTESIAN_POINT('',(-22.16161255722,4.013657284819,
    -19.12561620655));
#4028 = CARTESIAN_POINT('',(-18.95618793652,4.099194221051,
    -22.16926732012));
#4029 = CARTESIAN_POINT('',(-17.08005988283,0.324880262584,
    -23.88362186668));
#4030 = CARTESIAN_POINT('',(-18.30495418793,-3.97313603429,
    -22.49695405444));
#4031 = CARTESIAN_POINT('',(-21.57586390545,-4.772651235245,
    -19.06427082979));
#4032 = CARTESIAN_POINT('',(-23.848688491,-1.127501741596,-16.6296727371
    ));
#4033 = CARTESIAN_POINT('',(-22.85474008956,3.770633554588,
    -17.4618476314));
#4034 = CARTESIAN_POINT('',(-19.28173052354,5.381403122797,
    -20.87308369029));
#4035 = CARTESIAN_POINT('',(-16.27941368718,2.023688770748,
    -23.71362701952));
#4036 = CARTESIAN_POINT('',(-16.61930417535,-3.396800613617,
    -23.21196302421));
#4037 = CARTESIAN_POINT('',(-20.06857933986,-5.894085765527,
    -19.60091435257));
#4038 = CARTESIAN_POINT('',(-23.46457014186,-2.987980521022,
    -16.04315004343));
#4039 = CARTESIAN_POINT('',(-23.54606600728,2.848104854767,
    -15.79988067088));
#4040 = CARTESIAN_POINT('',(-20.01204920697,6.280950129026,
    -19.17212396405));
#4041 = CARTESIAN_POINT('',(-15.93306029351,3.990741576619,
    -23.08933937037));
#4042 = CARTESIAN_POINT('',(-15.02931998161,-2.127107613893,
    -23.83130617514));
#4043 = CARTESIAN_POINT('',(-18.19823088667,-6.515088959066,
    -20.50062176294));
#4044 = CARTESIAN_POINT('',(-22.58387711358,-4.998750703236,
    -15.9532020289));
#4045 = CARTESIAN_POINT('',(-23.79618579183,0.201994452612,
    -14.6060820947));
#4046 = CARTESIAN_POINT('',(-22.55208462586,3.911203390319,
    -15.74233425591));
#4047 = CARTESIAN_POINT('',(-20.2153083487,6.469837742898,
    -17.97126152832));
#4048 = CARTESIAN_POINT('',(-16.9476704966,6.073676712928,
    -21.13105037566));
#4049 = CARTESIAN_POINT('',(-14.91321942015,2.886948502011,
    -23.05765244736));
#4050 = CARTESIAN_POINT('',(-14.12719086453,-1.249327147816,
    -23.73583199822));
#4051 = CARTESIAN_POINT('',(-16.09782647338,-6.434049256935,
    -21.63038513343));
#4052 = CARTESIAN_POINT('',(-21.15591073596,-6.892060424516,
    -16.41052736371));
#4053 = CARTESIAN_POINT('',(-23.66252507743,-1.937215261061,
    -13.76910176629));
#4054 = CARTESIAN_POINT('',(-23.20078806039,2.574002810502,
    -14.12298977858));
#4055 = CARTESIAN_POINT('',(-21.31686011896,6.351036994159,
    -15.89906871524));
#4056 = CARTESIAN_POINT('',(-16.8455533143,7.707814863241,
    -20.23556426397));
#4057 = CARTESIAN_POINT('',(-13.5417957721,3.117648035956,
    -23.40451055022));
#4058 = CARTESIAN_POINT('',(-13.41321746321,-1.663000292605,
    -23.42523985435));
#4059 = CARTESIAN_POINT('',(-14.84507058379,-5.994925178094,
    -21.88553772901));
#4060 = CARTESIAN_POINT('',(-19.19389268392,-8.383920545944,
    -17.40190437293));
#4061 = CARTESIAN_POINT('',(-23.77332474589,-3.51826951871,
    -12.66069880383));
#4062 = CARTESIAN_POINT('',(-23.39324826351,3.352631357516,
    -12.90596403027));
#4063 = CARTESIAN_POINT('',(-20.69163635175,6.836585199041,
    -15.49972693727));
#4064 = CARTESIAN_POINT('',(-18.03453323619,7.831739620187,
    -18.07594329926));
#4065 = CARTESIAN_POINT('',(-15.32483824429,6.914695542217,
    -20.7047515376));
#4066 = CARTESIAN_POINT('',(-13.23696182516,4.278716047156,
    -22.71174120316));
#4067 = CARTESIAN_POINT('',(-12.29201606776,0.579428324866,
    -23.57580020699));
#4068 = CARTESIAN_POINT('',(-12.82242585163,-4.683274700148,
    -22.93754141837));
#4069 = CARTESIAN_POINT('',(-16.01147102399,-8.253099270028,
    -19.64064724125));
#4070 = CARTESIAN_POINT('',(-19.79312668816,-7.727651821607,
    -15.75114257232));
#4071 = CARTESIAN_POINT('',(-22.1437963228,-5.484638443352,
    -13.31958618412));
#4072 = CARTESIAN_POINT('',(-23.46559538084,-1.833820873614,
    -11.9169003725));
#4073 = CARTESIAN_POINT('',(-23.38091643857,2.302682708163,
    -11.92069256121));
#4074 = CARTESIAN_POINT('',(-21.89589125682,5.942226180396,
    -13.32483098939));
#4075 = CARTESIAN_POINT('',(-19.33681740167,8.171615471468,
    -15.80301809098));
#4076 = CARTESIAN_POINT('',(-16.31066923752,8.431228057882,
    -18.74827950156));
#4077 = CARTESIAN_POINT('',(-13.54091344944,6.626067738915,
    -21.43714853607));
#4078 = CARTESIAN_POINT('',(-11.70170499162,3.172147526563,
    -23.19547024032));
#4079 = CARTESIAN_POINT('',(-11.24637342172,-1.107302772265,
    -23.56991505666));
#4080 = CARTESIAN_POINT('',(-12.29597167285,-5.173609237345,
    -22.43943005196));
#4081 = CARTESIAN_POINT('',(-14.60351696117,-8.027056303495,
    -20.05099801007));
#4082 = CARTESIAN_POINT('',(-17.61039189689,-8.951424300488,
    -16.96323632079));
#4083 = CARTESIAN_POINT('',(-20.57878102695,-7.69424271784,
    -13.91396043715));
#4084 = CARTESIAN_POINT('',(-22.77051511794,-4.534586440291,
    -11.6413395926));
#4085 = CARTESIAN_POINT('',(-23.62804678358,-0.221882370128,
    -10.70292117339));
#4086 = CARTESIAN_POINT('',(-22.91368064412,4.201819118784,
    -11.33640055928));
#4087 = CARTESIAN_POINT('',(-20.77205233858,7.653563774958,
    -13.39714211126));
#4088 = CARTESIAN_POINT('',(-17.69966122337,9.274626479356,
    -16.3886464729));
#4089 = CARTESIAN_POINT('',(-14.42764685987,8.644030010125,
    -19.57977408283));
#4090 = CARTESIAN_POINT('',(-11.74549801726,5.887445775362,
    -22.18103617187));
#4091 = CARTESIAN_POINT('',(-10.30817697353,1.653370685302,
    -23.53747046203));
#4092 = CARTESIAN_POINT('',(-10.47378967054,-3.0392500182,
    -23.29097101146));
#4093 = CARTESIAN_POINT('',(-12.21201575355,-7.046205189593,
    -21.47185817488));
#4094 = CARTESIAN_POINT('',(-15.10666214684,-9.377011535282,
    -18.49632502803));
#4095 = CARTESIAN_POINT('',(-18.45289157882,-9.439694324256,
    -15.06920884248));
#4096 = CARTESIAN_POINT('',(-21.42645266572,-7.190874310913,
    -12.01476100201));
#4097 = CARTESIAN_POINT('',(-23.28428687863,-3.153170212948,
    -10.07604003553));
#4098 = CARTESIAN_POINT('',(-23.54768874721,1.70598496936,
    -9.731751413385));
#4099 = CARTESIAN_POINT('',(-22.12287830711,6.20608293332,
    -11.07567509991));
#4100 = CARTESIAN_POINT('',(-19.32865156234,9.240337959855,
    -13.78901509112));
#4101 = CARTESIAN_POINT('',(-15.82320472538,10.047867930837,
    -17.21357517451));
#4102 = CARTESIAN_POINT('',(-12.44686777261,8.40433082244,
    -20.50902537371));
#4103 = CARTESIAN_POINT('',(-10.01831083554,4.683292386948,
    -22.85669555721));
#4104 = CARTESIAN_POINT('',(-9.133646050644,-0.228257676965,
    -23.66047358855));
#4105 = CARTESIAN_POINT('',(-10.01772108862,-5.141245460564,
    -22.695511797));
#4106 = CARTESIAN_POINT('',(-12.46467873109,-8.852376555518,
    -20.16766740096));
#4107 = CARTESIAN_POINT('',(-15.88339713509,-10.43883659786,
    -16.6680622434));
#4108 = CARTESIAN_POINT('',(-19.43788600119,-9.487655934479,
    -13.03268662373));
#4109 = CARTESIAN_POINT('',(-22.24931381982,-6.202754683002,
    -10.14037205153));
#4110 = CARTESIAN_POINT('',(-23.61084631848,-1.362024692073,
    -8.697952799308));
#4111 = CARTESIAN_POINT('',(-23.16277789695,3.866739793146,
    -9.065134467265));
#4112 = CARTESIAN_POINT('',(-20.98457756489,8.207542689367,
    -11.16244804576));
#4113 = CARTESIAN_POINT('',(-17.58035183157,10.587570217318,
    -14.48578702551));
#4114 = CARTESIAN_POINT('',(-13.76009336993,10.402271409092,
    -18.22515873358));
#4115 = CARTESIAN_POINT('',(-10.44465869174,7.668651248977,
    -21.45970665821));
#4116 = CARTESIAN_POINT('',(-8.441424933298,3.027969333621,
    -23.38205366309));
#4117 = CARTESIAN_POINT('',(-8.245281202166,-2.404476830531,
    -23.49731064065));
#4118 = CARTESIAN_POINT('',(-9.913999905855,-7.30734867899,
    -21.74770518339));
#4119 = CARTESIAN_POINT('',(-13.04933814733,-10.4746567853,
    -18.53148018834));
#4120 = CARTESIAN_POINT('',(-16.88964619996,-11.11237244644,
    -14.61028538215));
#4121 = CARTESIAN_POINT('',(-20.49249441796,-9.037317362749,
    -10.92655041059));
#4122 = CARTESIAN_POINT('',(-22.96353853842,-4.728553218574,
    -8.374619536554));
#4123 = CARTESIAN_POINT('',(-23.67604461361,0.782892889189,
    -7.581226707799));
#4124 = CARTESIAN_POINT('',(-22.42719304506,6.160666591184,
    -8.749191522781));
#4125 = CARTESIAN_POINT('',(-19.49220301004,10.087106058669,
    -11.60329480424));
#4126 = CARTESIAN_POINT('',(-15.56194544653,11.586080987605,
    -15.45266561417));
#4127 = CARTESIAN_POINT('',(-11.57810980783,10.265555795477,
    -19.3556144993));
#4128 = CARTESIAN_POINT('',(-8.505235883496,6.419626891422,
    -22.34760167008));
#4129 = CARTESIAN_POINT('',(-7.094796607759,0.963588113316,
    -23.67715419225));
#4130 = CARTESIAN_POINT('',(-7.699033529088,-4.783788587055,
    -22.99203051735));
#4131 = CARTESIAN_POINT('',(-10.18064977756,-9.418996520352,
    -20.42952751531));
#4132 = CARTESIAN_POINT('',(-13.94145377533,-11.79652608181,
    -16.58783676397));
#4133 = CARTESIAN_POINT('',(-18.06414370471,-11.31189194416,
    -12.38426008102));
#4134 = CARTESIAN_POINT('',(-21.53365090766,-8.055042212291,
    -8.833866124504));
#4135 = CARTESIAN_POINT('',(-23.48463640187,-2.795282066191,
    -6.801993876734));
#4136 = CARTESIAN_POINT('',(-23.41479550684,3.200277522393,
    -6.790948018192));
#4137 = CARTESIAN_POINT('',(-21.31139975311,8.471942994888,
    -8.813457018361));
#4138 = CARTESIAN_POINT('',(-17.65923395426,11.722818719473,
    -12.38473606364));
#4139 = CARTESIAN_POINT('',(-13.32681894028,12.137823026255,
    -16.63626432404));
#4140 = CARTESIAN_POINT('',(-9.357586508487,9.587875600957,
    -20.52461000228));
#4141 = CARTESIAN_POINT('',(-6.71620845813,4.668146375685,
    -23.08510129907));
#4142 = CARTESIAN_POINT('',(-6.051750131562,-1.440606204618,
    -23.66867287207));
#4143 = CARTESIAN_POINT('',(-7.535794647764,-7.255366756685,
    -22.1037416023));
#4144 = CARTESIAN_POINT('',(-10.81588586075,-11.35089074269,
    -18.74276363574));
#4145 = CARTESIAN_POINT('',(-15.09678863251,-12.70902601365,
    -14.38097411042));
#4146 = CARTESIAN_POINT('',(-19.33088950327,-10.97171503828,
    -10.06598648609));
#4147 = CARTESIAN_POINT('',(-22.47216315308,-6.534835489052,
    -6.843826082711));
#4148 = CARTESIAN_POINT('',(-23.73213809315,-0.458410446808,
    -5.502964389075));
#4149 = CARTESIAN_POINT('',(-22.7752278048,5.786555055202,
    -6.378987923856));
#4150 = CARTESIAN_POINT('',(-19.80505211655,10.674170533569,
    -9.268276858536));
#4151 = CARTESIAN_POINT('',(-15.51960909056,12.996489326992,
    -13.47283313096));
#4152 = CARTESIAN_POINT('',(-10.94505676151,12.161976588403,
    -17.96649870644));
#4153 = CARTESIAN_POINT('',(-7.187668027754,8.345885009672,
    -21.64300068663));
#4154 = CARTESIAN_POINT('',(-5.163913863892,2.454380251155,
    -23.58586809693));
#4155 = CARTESIAN_POINT('',(-5.374530777065,-4.090502517064,
    -23.29436443019));
#4156 = CARTESIAN_POINT('',(-7.778261355976,-9.694072075478,
    -20.80974709771));
#4157 = CARTESIAN_POINT('',(-11.7970654325,-12.9775346197,
    -16.71005626762));
#4158 = CARTESIAN_POINT('',(-16.45270911353,-13.11721460376,
    -11.97352583301));
#4159 = CARTESIAN_POINT('',(-20.60248514294,-10.05099504807,
    -7.742863050042));
#4160 = CARTESIAN_POINT('',(-23.21726988899,-4.500279870127,
    -5.04719155042));
#4161 = CARTESIAN_POINT('',(-23.63425685917,2.199532732134,
    -4.549317826678));
#4162 = CARTESIAN_POINT('',(-21.72230510113,8.420278591726,
    -6.38038283115));
#4163 = CARTESIAN_POINT('',(-17.91867805858,12.636697235093,
    -10.10312312013));
#4164 = CARTESIAN_POINT('',(-13.12705784816,13.800389122053,
    -14.81385657698));
#4165 = CARTESIAN_POINT('',(-8.500576734211,11.600380043386,
    -19.35945093737));
#4166 = CARTESIAN_POINT('',(-5.161948847632,6.545561054681,
    -22.61719207038));
#4167 = CARTESIAN_POINT('',(-3.928626398074,-0.152704335895,
    -23.76962776637));
#4168 = CARTESIAN_POINT('',(-5.110260692604,-6.870807175387,
    -22.50710671827));
#4169 = CARTESIAN_POINT('',(-8.428635021124,-11.96643707245,
    -19.10784563618));
#4170 = CARTESIAN_POINT('',(-13.08070105431,-14.18005429229,
    -14.37489284943));
#4171 = CARTESIAN_POINT('',(-17.93051500497,-12.94614970536,
    -9.444192145205));
#4172 = CARTESIAN_POINT('',(-21.78421433677,-8.537391044481,
    -5.509606059835));
#4173 = CARTESIAN_POINT('',(-23.68147365506,-2.004988095311,
    -3.531459987977));
#4174 = CARTESIAN_POINT('',(-23.13228775261,5.071846504374,
    -3.999759136863));
#4175 = CARTESIAN_POINT('',(-20.24070903536,10.967655580388,
    -6.810451100542));
#4176 = CARTESIAN_POINT('',(-15.68433377341,14.231432983673,
    -11.28593960892));
#4177 = CARTESIAN_POINT('',(-10.55335901926,14.043684052105,
    -16.3360276095));
#4178 = CARTESIAN_POINT('',(-6.087414222431,10.42199685874,
    -20.72108565277));
#4179 = CARTESIAN_POINT('',(-3.373690839079,4.223602177889,
    -23.35392228255));
#4180 = CARTESIAN_POINT('',(-3.079880375111,-3.057365740888,
    -23.56684599295));
#4181 = CARTESIAN_POINT('',(-5.287517437298,-9.649999312706,
    -21.2783221772));
#4182 = CARTESIAN_POINT('',(-9.467299814816,-13.93734501621,
    -17.01765304611));
#4183 = CARTESIAN_POINT('',(-14.60356919015,-14.85296481214,
    -11.80049691721));
#4184 = CARTESIAN_POINT('',(-19.43871285038,-12.14607968099,
    -6.884466503414));
#4185 = CARTESIAN_POINT('',(-22.77868275317,-6.449403205398,
    -3.463609847053));
#4186 = CARTESIAN_POINT('',(-23.78541069847,0.868498889151,
    -2.37599514819));
#4187 = CARTESIAN_POINT('',(-22.18451162586,8.031935821422,
    -3.896007467236));
#4188 = CARTESIAN_POINT('',(-18.33681535858,13.28895966212,
    -7.662816980946));
#4189 = CARTESIAN_POINT('',(-13.15516087069,15.33982575751,
    -12.76358471526));
#4190 = CARTESIAN_POINT('',(-7.885580961337,13.65826284559,
    -17.95227787105));
#4191 = CARTESIAN_POINT('',(-3.805316934779,8.626160260987,
    -21.95165514405));
#4192 = CARTESIAN_POINT('',(-1.910850370267,1.44728493265,
    -23.76523495499));
#4193 = CARTESIAN_POINT('',(-2.67214975223,-6.140593488895,
    -22.92304881946));
#4194 = CARTESIAN_POINT('',(-5.913729461885,-12.28634712952,
    -19.60058235624));
#4195 = CARTESIAN_POINT('',(-10.85257883282,-15.47708584521,
    -14.58084623173));
#4196 = CARTESIAN_POINT('',(-16.28489361614,-14.91053516665,
    -9.067644694842));
#4197 = CARTESIAN_POINT('',(-20.87709717032,-10.69655180816,
    -4.394554387102));
#4198 = CARTESIAN_POINT('',(-23.49079983415,-3.837208826037,
    -1.699964969705));
#4199 = CARTESIAN_POINT('',(-23.46251210257,4.011363070868,
    -1.647365947708));
#4200 = CARTESIAN_POINT('',(-20.76938958837,10.938808563918,
    -4.259601708347));
#4201 = CARTESIAN_POINT('',(-16.03963276556,15.245531350379,
    -8.908471777589));
#4202 = CARTESIAN_POINT('',(-10.40383246743,15.859650573681,
    -14.46338532214));
#4203 = CARTESIAN_POINT('',(-5.222409480503,12.603645929456,
    -19.56392155551));
#4204 = CARTESIAN_POINT('',(-1.754850514195,6.244390867836,
    -22.95059376825));
#4205 = CARTESIAN_POINT('',(-0.851160319166,-1.687265074952,
    -23.77339720971));
#4206 = CARTESIAN_POINT('',(-2.741114509988,-9.264969569636,
    -21.80255626532));
#4207 = CARTESIAN_POINT('',(-6.973547362953,-14.63471643126,
    -17.48923665879));
#4208 = CARTESIAN_POINT('',(-12.5216163805,-16.46844526948,
    -11.86028088768));
#4209 = CARTESIAN_POINT('',(-18.0295293221,-14.29241755857,
    -6.271481192513));
#4210 = CARTESIAN_POINT('',(-22.14146066582,-8.609194878339,
    -2.078663095222));
#4211 = CARTESIAN_POINT('',(-23.83286288509,-0.781906530256,
    -0.306374122383));
#4212 = CARTESIAN_POINT('',(-22.66321419213,7.292628231895,
    -1.395136061771));
#4213 = CARTESIAN_POINT('',(-18.88786311881,13.643555704103,
    -5.089600381525));
#4214 = CARTESIAN_POINT('',(-13.40062224882,16.707034916819,
    -10.49595449795));
#4215 = CARTESIAN_POINT('',(-7.519928897709,15.711263174442,
    -16.2957610955));
#4216 = CARTESIAN_POINT('',(-2.669717224067,10.870697191643,
    -21.06508601557));
#4217 = CARTESIAN_POINT('',(-3.224437548454E-02,3.340647560363,
    -23.62167211059));
#4218 = CARTESIAN_POINT('',(-0.257515949651,-5.058354958547,
    -23.31551378285));
#4219 = CARTESIAN_POINT('',(-3.300721225878,-12.28068732962,
    -20.19142175306));
#4220 = CARTESIAN_POINT('',(-8.428305883936,-16.55385667376,
    -14.98295034143));
#4221 = CARTESIAN_POINT('',(-14.39238057244,-16.81347256044,
    -8.937988899359));
#4222 = CARTESIAN_POINT('',(-19.73202144707,-12.96823357386,
    -3.517461271166));
#4223 = CARTESIAN_POINT('',(-23.1287188915,-5.928991197522,
    -3.98770731685E-02));
#4224 = CARTESIAN_POINT('',(-23.72949230843,2.606847999104,
    0.641783097337));
#4225 = CARTESIAN_POINT('',(-21.35849198812,10.564590707812,
    -1.648330469406));
#4226 = CARTESIAN_POINT('',(-16.56461402481,15.996524191438,
    -6.361321679153));
#4227 = CARTESIAN_POINT('',(-10.49236748675,17.558617420778,
    -12.35268146364));
#4228 = CARTESIAN_POINT('',(-4.606337313478,14.842987462813,
    -18.15782488335));
#4229 = CARTESIAN_POINT('',(-0.335569725886,8.483911869706,
    -22.34770571737));
#4230 = CARTESIAN_POINT('',(1.275773861507,9.944932298037E-03,
    -23.8781625512));
#4231 = CARTESIAN_POINT('',(-0.173905405174,-8.523449005949,
    -22.34759653095));
#4232 = CARTESIAN_POINT('',(-4.341211954496,-15.03246789108,
    -18.09940322806));
#4233 = CARTESIAN_POINT('',(-10.21664132128,-17.91381790053,
    -12.1430871077));
#4234 = CARTESIAN_POINT('',(-16.36672539429,-16.43957869607,
    -5.91211628113));
#4235 = CARTESIAN_POINT('',(-21.28136757566,-10.94085259385,
    -0.916587346194));
#4236 = CARTESIAN_POINT('',(-23.74220879101,-2.733922075742,
    1.625140622719));
#4237 = CARTESIAN_POINT('',(-23.12216730636,6.19475325662,1.085985891639
    ));
#4238 = CARTESIAN_POINT('',(-19.5425164128,13.669337857169,
    -2.412778248357));
#4239 = CARTESIAN_POINT('',(-13.84818528651,17.854850363904,
    -8.026222621071));
#4240 = CARTESIAN_POINT('',(-7.406122088416,17.707610922686,
    -14.3873990656));
#4241 = CARTESIAN_POINT('',(-1.774819687378,13.235338924034,
    -19.93781471307));
#4242 = CARTESIAN_POINT('',(1.675103905026,5.502117117086,
    -23.30685155191));
#4243 = CARTESIAN_POINT('',(2.096899613541,-3.624651492386,
    -23.64776050686));
#4244 = CARTESIAN_POINT('',(-0.622105643577,-11.92515240072,
    -20.84786849617));
#4245 = CARTESIAN_POINT('',(-5.82825312753,-17.36706310246,
    -15.56083425865));
#4246 = CARTESIAN_POINT('',(-12.2562744794,-18.60313600113,
    -9.05192615321));
#4247 = CARTESIAN_POINT('',(-18.3343980844,-15.3046395064,
    -2.892915794645));
#4248 = CARTESIAN_POINT('',(-22.56627271474,-8.248154146806,
    1.419845589263));
#4249 = CARTESIAN_POINT('',(-23.89690534376,0.867053160167,
    2.831364971854));
#4250 = CARTESIAN_POINT('',(-21.97312384361,9.828181626387,
    0.988470225273));
#4251 = CARTESIAN_POINT('',(-17.23427300897,16.446070905785,
    -3.669493855801));
#4252 = CARTESIAN_POINT('',(-10.80991643783,19.089994888782,
    -10.01296367337));
#4253 = CARTESIAN_POINT('',(-4.248314821288,17.089431087082,
    -16.49367853635));
#4254 = CARTESIAN_POINT('',(0.859061827756,10.903834478549,
    -21.52016843183));
#4255 = CARTESIAN_POINT('',(3.265924983616,2.017494295221,
    -23.84614483412));
#4256 = CARTESIAN_POINT('',(2.377677197865,-7.416562022857,
    -22.8770102948));
#4257 = CARTESIAN_POINT('',(-1.599333707613,-15.0982045333,
    -18.81911263576));
#4258 = CARTESIAN_POINT('',(-7.703246542673,-19.14099681396,
    -12.63431304713));
#4259 = CARTESIAN_POINT('',(-14.44691309243,-18.53542472175,
    -5.809759743804));
#4260 = CARTESIAN_POINT('',(-20.17782865097,-13.40081749378,
    2.042568299487E-03));
#4261 = CARTESIAN_POINT('',(-23.48065643828,-4.96313344802,
    3.385757109178));
#4262 = CARTESIAN_POINT('',(-23.52429728837,4.737645023091,
    3.510284712837));
#4263 = CARTESIAN_POINT('',(-20.26840077275,13.340696963042,
    0.335274950787));
#4264 = CARTESIAN_POINT('',(-14.47802557956,18.738901851285,
    -5.37421348884));
#4265 = CARTESIAN_POINT('',(-7.541703163799,19.594909943215,
    -12.22964915103));
#4266 = CARTESIAN_POINT('',(-1.136146646935,15.67235435269,
    -18.55431891433));
#4267 = CARTESIAN_POINT('',(3.181436771205,7.900200413663,-22.7910155789
    ));
#4268 = CARTESIAN_POINT('',(4.354302009146,-1.847089471656,
    -23.88299406327));
#4269 = CARTESIAN_POINT('',(2.087196005119,-11.20159472004,
    -21.53500130568));
#4270 = CARTESIAN_POINT('',(-3.077002545821,-17.87717632521,
    -16.28991600117));
#4271 = CARTESIAN_POINT('',(-9.884849817743,-20.22817477586,
    -9.401181975687));
#4272 = CARTESIAN_POINT('',(-16.67417230128,-17.65503108751,
    -2.530972738581));
#4273 = CARTESIAN_POINT('',(-21.77749592733,-10.75686955243,
    2.653237641043));
#4274 = CARTESIAN_POINT('',(-23.92915260245,-1.192285188052,
    4.885781069731));
#4275 = CARTESIAN_POINT('',(-22.57667184277,8.719389449108,3.61418706362
    ));
#4276 = CARTESIAN_POINT('',(-18.01985487042,16.560495653034,
    -0.861743155173));
#4277 = CARTESIAN_POINT('',(-11.34256039679,20.404761734384,
    -7.458150875235));
#4278 = CARTESIAN_POINT('',(-4.152647663589,19.290476351385,
    -14.56717685487));
#4279 = CARTESIAN_POINT('',(1.807539036237,13.460900586282,
    -20.44647680112));
#4280 = CARTESIAN_POINT('',(5.085783458146,4.311861614626,
    -23.64383446947));
#4281 = CARTESIAN_POINT('',(4.876229168817,-5.942372023219,
    -23.35339342657));
#4282 = CARTESIAN_POINT('',(1.219850916348,-14.80497518712,
    -19.61612842053));
#4283 = CARTESIAN_POINT('',(-5.000681885435,-20.10452326974,
    -13.31470886518));
#4284 = CARTESIAN_POINT('',(-12.27167640771,-20.52698898417,
    -5.962827589341));
#4285 = CARTESIAN_POINT('',(-18.81435994678,-15.94144582805,
    0.660742703295));
#4286 = CARTESIAN_POINT('',(-23.01763089546,-7.438773657191,
    4.94490040555));
#4287 = CARTESIAN_POINT('',(-23.8323347933,2.927718690882,5.840491056958
    ));
#4288 = CARTESIAN_POINT('',(-21.03057935116,12.638116188172,
    3.11962236838));
#4289 = CARTESIAN_POINT('',(-15.26600969303,19.318444462458,
    -2.564060536183));
#4290 = CARTESIAN_POINT('',(-7.919203161754,21.321041601179,
    -9.829980313895));
#4291 = CARTESIAN_POINT('',(-0.764721404618,18.130872710276,
    -16.90357531746));
#4292 = CARTESIAN_POINT('',(4.459891415546,10.497606860427,
    -22.04730138405));
#4293 = CARTESIAN_POINT('',(6.478483927611,0.259674120993,
    -23.98500714255));
#4294 = CARTESIAN_POINT('',(4.790398836386,-10.09846109765,
    -22.21603529776));
#4295 = CARTESIAN_POINT('',(-0.203000437214,-18.04920601772,
    -17.14174927059));
#4296 = CARTESIAN_POINT('',(-7.291310029301,-21.63861860346,
    -9.972552924943));
#4297 = CARTESIAN_POINT('',(-14.74608804036,-19.96655539117,
    -2.436888160313));
#4298 = CARTESIAN_POINT('',(-20.73992760122,-13.41221073331,
    3.637838154119));
#4299 = CARTESIAN_POINT('',(-23.7919948188,-3.548582902882,
    6.770792125269));
#4300 = CARTESIAN_POINT('',(-23.13140584739,7.234959606544,
    6.191089907424));
#4301 = CARTESIAN_POINT('',(-18.88928111185,16.311466670135,
    2.029851925447));
#4302 = CARTESIAN_POINT('',(-12.07165475958,21.456350315473,
    -4.706887673255));
#4303 = CARTESIAN_POINT('',(-4.318659163794,21.392588965673,
    -12.37899651547));
#4304 = CARTESIAN_POINT('',(2.492387427892,16.107579371325,
    -19.10915635359));
#4305 = CARTESIAN_POINT('',(6.703940360239,6.863048246068,
    -23.23982253237));
#4306 = CARTESIAN_POINT('',(7.284006301893,-4.106054455254,
    -23.73900172046));
#4307 = CARTESIAN_POINT('',(4.081405577884,-14.131850817,-20.45551424288
    ));
#4308 = CARTESIAN_POINT('',(-2.132603485243,-20.76240931058,
    -14.16061842619));
#4309 = CARTESIAN_POINT('',(-9.847644326055,-22.36138074493,
    -6.364690831812));
#4310 = CARTESIAN_POINT('',(-17.17893788497,-18.51175430089,
    1.04748948068));
#4311 = CARTESIAN_POINT('',(-22.32535066423,-10.12412857318,
    6.274789013505));
#4312 = CARTESIAN_POINT('',(-24.0094583103,0.778503258578,8.039783413143
    ));
#4313 = CARTESIAN_POINT('',(-21.79210739189,11.548634408296,
    5.903319248297));
#4314 = CARTESIAN_POINT('',(-16.18402600574,19.557140296673,
    0.376124615719));
#4315 = CARTESIAN_POINT('',(-8.526168360814,22.835075187969,
    -7.200846275648));
#4316 = CARTESIAN_POINT('',(-0.666784424369,20.5577018196,
    -14.97934345852));
#4317 = CARTESIAN_POINT('',(5.487025642948,13.251775939576,
    -21.05226677227));
#4318 = CARTESIAN_POINT('',(8.434465816453,2.674040261024,
    -23.91882019221));
#4319 = CARTESIAN_POINT('',(7.449453614004,-8.611129652721,
    -22.85292123619));
#4320 = CARTESIAN_POINT('',(2.761855499787,-17.85340108199,
    -18.08443636841));
#4321 = CARTESIAN_POINT('',(-4.493661225528,-22.78677233898,
    -10.74803288952));
#4322 = CARTESIAN_POINT('',(-12.5498790725,-22.18511669554,
    -2.610928288989));
#4323 = CARTESIAN_POINT('',(-19.4350735137,-16.1667894272,4.355152905781
    ));
#4324 = CARTESIAN_POINT('',(-23.45317340756,-6.172655613256,
    8.454139553207));
#4325 = CARTESIAN_POINT('',(-23.59910859127,5.378776766836,
    8.680961490491));
#4326 = CARTESIAN_POINT('',(-19.80763482418,15.676598985807,
    4.970374476968));
#4327 = CARTESIAN_POINT('',(-12.97405219428,22.20150398267,
    -1.782321399367));
#4328 = CARTESIAN_POINT('',(-4.74059675374,23.342104897522,
    -9.934890086345));
#4329 = CARTESIAN_POINT('',(2.900550664778,18.792798703597,
    -17.49515075129));
#4330 = CARTESIAN_POINT('',(8.091674949098,9.634959431366,
    -22.60538828204));
#4331 = CARTESIAN_POINT('',(9.56356936079,-1.919958605008,
    -23.99639594017));
#4332 = CARTESIAN_POINT('',(6.948240106149,-13.06441443582,
    -21.30017993196));
#4333 = CARTESIAN_POINT('',(0.873240710352,-21.07693708407,
    -15.14429378259));
#4334 = CARTESIAN_POINT('',(-7.18648433379,-23.98670005453,
    -7.003681984891));
#4335 = CARTESIAN_POINT('',(-15.26430246027,-21.05822851534,
    1.155022895163));
#4336 = CARTESIAN_POINT('',(-21.37936713549,-12.97704268619,
    7.350974323946));
#4337 = CARTESIAN_POINT('',(-24.01993904939,-1.689438632815,
    10.072432991422));
#4338 = CARTESIAN_POINT('',(-22.51462608289,10.066211227699,
    8.648006778484));
#4339 = CARTESIAN_POINT('',(-17.20038337987,19.423780312783,
    3.414650829031));
#4340 = CARTESIAN_POINT('',(-9.345266923738,24.088171559013,
    -4.359578873538));
#4341 = CARTESIAN_POINT('',(-0.843581937262,22.898194295634,
    -12.78037710644));
#4342 = CARTESIAN_POINT('',(6.243296141333,16.115495728973,
    -19.78636843147));
#4343 = CARTESIAN_POINT('',(10.189125070611,5.367688501578,
    -23.65131060718));
#4344 = CARTESIAN_POINT('',(10.025674223359,-6.742140821204,
    -23.40697300636));
#4345 = CARTESIAN_POINT('',(5.782689635753,-17.26587641948,
    -19.08310166519));
#4346 = CARTESIAN_POINT('',(-1.514507703702,-23.62808657315,
    -11.70501757216));
#4347 = CARTESIAN_POINT('',(-10.09038324854,-24.25627972428,
    -3.04825527376));
#4348 = CARTESIAN_POINT('',(-17.84881155042,-18.96947247106,
    4.791059781692));
#4349 = CARTESIAN_POINT('',(-22.88300875878,-9.029074814844,
    9.906143743614));
#4350 = CARTESIAN_POINT('',(-23.9417217476,3.161955915264,
    11.045743486005));
#4351 = CARTESIAN_POINT('',(-20.73769774615,14.639970774035,
    7.922606238116));
#4352 = CARTESIAN_POINT('',(-14.02240029706,22.601093581209,
    1.288195542594));
#4353 = CARTESIAN_POINT('',(-5.407617873968,25.086148992536,
    -7.24570012693));
#4354 = CARTESIAN_POINT('',(3.023713119581,21.46274297781,
    -15.59614436691));
#4355 = CARTESIAN_POINT('',(9.223507573686,12.585887651508,
    -21.71505206745));
#4356 = CARTESIAN_POINT('',(11.678433226887,0.596443818624,
    -24.08909096708));
#4357 = CARTESIAN_POINT('',(9.781698382635,-11.59515430679,
    -22.11146936926));
#4358 = CARTESIAN_POINT('',(3.9853948499,-21.01540143578,-16.23427908296
    ));
#4359 = CARTESIAN_POINT('',(-4.304815757209,-25.35294966743,
    -7.863181722284));
#4360 = CARTESIAN_POINT('',(-13.06818899912,-23.52568296161,
    0.981078273199));
#4361 = CARTESIAN_POINT('',(-20.15905866713,-15.9505184187,
    8.152834694773));
#4362 = CARTESIAN_POINT('',(-23.82977754471,-4.448703755776,
    11.904440325926));
#4363 = CARTESIAN_POINT('',(-23.15898724312,8.191987226598,
    11.314536777901));
#4364 = CARTESIAN_POINT('',(-18.28027230916,18.892934929231,
    6.516708597509));
#4365 = CARTESIAN_POINT('',(-10.35447450502,25.034466364207,
    -1.328202453065));
#4366 = CARTESIAN_POINT('',(-1.291230829193,25.097149148113,
    -10.31055937532));
#4367 = CARTESIAN_POINT('',(6.713481672774,19.037604057736,
    -18.23438512372));
#4368 = CARTESIAN_POINT('',(11.711804726449,8.305907409041,
    -23.15182142383));
#4369 = CARTESIAN_POINT('',(12.480384220031,-4.501318017268,
    -23.83951416384));
#4370 = CARTESIAN_POINT('',(8.822175906907,-16.26915561891,
    -20.10041909715));
#4371 = CARTESIAN_POINT('',(1.619228411022,-24.12199083174,
    -12.8165848477));
#4372 = CARTESIAN_POINT('',(-7.377577444819,-26.12619126911,
    -3.738892238298));
#4373 = CARTESIAN_POINT('',(-15.97173362417,-21.7661681997,
    4.936150694624));
#4374 = CARTESIAN_POINT('',(-22.05496628944,-12.07662811033,
    11.100270113466));
#4375 = CARTESIAN_POINT('',(-24.1219988331,0.602820136351,
    13.248189410689));
#4376 = CARTESIAN_POINT('',(-21.64053159388,13.192544763023,
    10.847608925041));
#4377 = CARTESIAN_POINT('',(-15.18551021533,22.620880419608,
    4.473474300056));
#4378 = CARTESIAN_POINT('',(-6.303856316703,26.573554484601,
    -4.327292845009));
#4379 = CARTESIAN_POINT('',(2.85855206245,24.061706062,-13.40881447059)
  );
#4380 = CARTESIAN_POINT('',(10.077709334924,15.669091956646,
    -20.5470849895));
#4381 = CARTESIAN_POINT('',(13.593710459207,3.416723648634,
    -23.98219936021));
#4382 = CARTESIAN_POINT('',(12.542179661506,-9.723753586725,
    -22.84978180894));
#4383 = CARTESIAN_POINT('',(7.169143442516,-20.55078408214,
    -17.39585883639));
#4384 = CARTESIAN_POINT('',(-1.224043440958,-26.41293029987,
    -8.921785199348));
#4385 = CARTESIAN_POINT('',(-10.59348428929,-25.8581601731,0.52854240255
    ));
#4386 = CARTESIAN_POINT('',(-18.64807142842,-18.99340093947,
    8.664016295252));
#4387 = CARTESIAN_POINT('',(-23.40732235311,-7.465352444428,
    13.504153973508));
#4388 = CARTESIAN_POINT('',(-23.68589979314,5.934434490431,
    13.86361816711));
#4389 = CARTESIAN_POINT('',(-19.3862822637,17.94552292021,9.644887391238
    ));
#4390 = CARTESIAN_POINT('',(-11.52733683512,25.631919436312,
    1.866828716219));
#4391 = CARTESIAN_POINT('',(-2.000662602636,27.09973563742,
    -7.578958762698));
#4392 = CARTESIAN_POINT('',(6.887044291807,21.963762626833,
    -16.38577890357));
#4393 = CARTESIAN_POINT('',(12.974892337284,11.448030976952,
    -22.39274019548));
#4394 = CARTESIAN_POINT('',(14.77557296551,-1.905775023189,
    -24.11253407014));
#4395 = CARTESIAN_POINT('',(11.841111990471,-14.85262057954,
    -21.09718634153));
#4396 = CARTESIAN_POINT('',(4.876659973254,-24.23267652093,
    -14.05184757075));
#4397 = CARTESIAN_POINT('',(-4.42653186998,-27.74250658561,
    -4.66776897395));
#4398 = CARTESIAN_POINT('',(-13.79941834242,-24.50067150557,
    4.786004252057));
#4399 = CARTESIAN_POINT('',(-20.94618144993,-15.26887777454,
    12.01365411314));
#4400 = CARTESIAN_POINT('',(-24.104155249,-2.273235732876,
    15.252514665776));
#4401 = CARTESIAN_POINT('',(-22.47609541811,11.332487416649,
    13.70534158846));
#4402 = CARTESIAN_POINT('',(-16.42879145536,22.232213737811,
    7.73892437927));
#4403 = CARTESIAN_POINT('',(-7.408568850937,27.755769649555,
    -1.200411471588));
#4404 = CARTESIAN_POINT('',(2.406914955906,26.532987173887,
    -10.93500852486));
#4405 = CARTESIAN_POINT('',(10.636760432317,18.833465605209,
    -19.0839672477));
#4406 = CARTESIAN_POINT('',(15.276739583359,6.507771489302,
    -23.64305964518));
#4407 = CARTESIAN_POINT('',(15.189784384355,-7.457270999002,
    -23.47521769261));
#4408 = CARTESIAN_POINT('',(10.387017949106,-19.66234856748,
    -18.59156450379));
#4409 = CARTESIAN_POINT('',(2.029886582747,-27.12310567105,
    -10.15354638386));
#4410 = CARTESIAN_POINT('',(-7.848303951882,-27.9998560197,
    -0.19446909567));
#4411 = CARTESIAN_POINT('',(-16.83469986123,-22.05113914274,
    8.872813567245));
#4412 = CARTESIAN_POINT('',(-22.72386141217,-10.69932046056,
    14.84286187176));
#4413 = CARTESIAN_POINT('',(-24.05658857823,3.309394011944,
    16.25647579138));
#4414 = CARTESIAN_POINT('',(-20.47896809551,16.569289241617,
    12.759742062232));
#4415 = CARTESIAN_POINT('',(-12.83330617484,25.843117286902,
    5.194966895127));
#4416 = CARTESIAN_POINT('',(-2.957648090662,28.852425817901,
    -4.599804435486));
#4417 = CARTESIAN_POINT('',(6.75842253434,24.837293308009,
    -14.23498830692));
#4418 = CARTESIAN_POINT('',(13.954360065284,14.747975631351,
    -21.35003908429));
#4419 = CARTESIAN_POINT('',(16.874551652922,1.020191214766,
    -24.18934391836));
#4420 = CARTESIAN_POINT('',(14.799032084645,-13.01286035731,
    -22.03293759652));
#4421 = CARTESIAN_POINT('',(8.223355585002,-23.92981738722,
    -15.37637434331));
#4422 = CARTESIAN_POINT('',(-1.257283547058,-29.05530678196,
    -5.814848457685));
#4423 = CARTESIAN_POINT('',(-11.3326296058,-27.11555557642,
    4.341384354631));
#4424 = CARTESIAN_POINT('',(-19.53793540437,-18.55481036935,
    12.627576906764));
#4425 = CARTESIAN_POINT('',(-23.85450572517,-5.433994780003,
    17.025033981138));
#4426 = CARTESIAN_POINT('',(-23.2038901661,9.065380014803,
    16.455305175631));
#4427 = CARTESIAN_POINT('',(-17.71474710557,21.412651553767,
    11.04704886867));
#4428 = CARTESIAN_POINT('',(-8.696360816974,28.587737933409,
    2.109549333635));
#4429 = CARTESIAN_POINT('',(1.675918394513,28.819816787548,
    -8.181843124284));
#4430 = CARTESIAN_POINT('',(10.887749795515,22.024283018622,
    -17.31278777171));
#4431 = CARTESIAN_POINT('',(16.697688569895,9.830184306191,
    -23.04183979253));
#4432 = CARTESIAN_POINT('',(17.684975126045,-4.810208644031,
    -23.94823959511));
#4433 = CARTESIAN_POINT('',(13.599354787492,-18.3361462598,
    -19.78173250299));
#4434 = CARTESIAN_POINT('',(5.426806651336,-27.44442409472,
    -11.52829761327));
#4435 = CARTESIAN_POINT('',(-4.845989031534,-29.89605763069,
    -1.174615176832));
#4436 = CARTESIAN_POINT('',(-14.71220041689,-25.06661229103,
    8.772482962096));
#4437 = CARTESIAN_POINT('',(-21.7541769386,-14.10493363332,
    15.895346237374));
#4438 = CARTESIAN_POINT('',(-24.23345586111,0.339998150484,
    18.455511913449));
#4439 = CARTESIAN_POINT('',(-21.51745760986,14.759183650441,
    15.820400415765));
#4440 = CARTESIAN_POINT('',(-14.23814745067,25.636016227063,
    8.621977010143));
#4441 = CARTESIAN_POINT('',(-4.14290345824,30.303921969985,
    -1.392380228721));
#4442 = CARTESIAN_POINT('',(6.327251446383,27.60006485765,
    -11.78164837977));
#4443 = CARTESIAN_POINT('',(14.630257508066,18.154870956979,
    -20.00376768789));
#4444 = CARTESIAN_POINT('',(18.742599449259,4.245322076888,
    -24.03522287551));
#4445 = CARTESIAN_POINT('',(17.654849601363,-10.75391290187,
    -22.86658627405));
#4446 = CARTESIAN_POINT('',(11.621822824419,-23.18921605663,
    -16.75267274354));
#4447 = CARTESIAN_POINT('',(2.105370059853,-30.01799343736,
    -7.15533322541));
#4448 = CARTESIAN_POINT('',(-8.577437340599,-29.5530975626,3.60836092861
    ));
#4449 = CARTESIAN_POINT('',(-17.81607374262,-21.87956877135,
    12.927884084204));
#4450 = CARTESIAN_POINT('',(-23.34207953478,-8.840778597606,
    18.534776629927));
#4451 = CARTESIAN_POINT('',(-23.78362116447,6.404317258205,
    19.05720501319));
#4452 = CARTESIAN_POINT('',(-19.00352279534,20.146494773063,
    14.357993397627));
#4453 = CARTESIAN_POINT('',(-10.13748823696,29.028738153959,
    5.572845592814));
#4454 = CARTESIAN_POINT('',(0.67796631871,30.866299137313,
    -5.161722209295));
#4455 = CARTESIAN_POINT('',(10.822709380566,25.184015849339,
    -15.22557851758));
#4456 = CARTESIAN_POINT('',(17.830124238843,13.338756884095,
    -22.15210662229));
#4457 = CARTESIAN_POINT('',(19.989243014574,-1.80446463716,
    -24.23033864445));
#4458 = CARTESIAN_POINT('',(16.764897045907,-16.56542483198,
    -20.92510592222));
#4459 = CARTESIAN_POINT('',(8.932718373639,-27.34308389996,
    -13.01204049638));
#4460 = CARTESIAN_POINT('',(-1.605020918946,-31.49408014674,
    -2.393414450234));
#4461 = CARTESIAN_POINT('',(-12.27903312917,-27.98101079324,
    8.361484513561));
#4462 = CARTESIAN_POINT('',(-20.47705519324,-17.63151881721,
    16.640393331203));
#4463 = CARTESIAN_POINT('',(-24.18073568242,-2.943522038546,
    20.424960573947));
#4464 = CARTESIAN_POINT('',(-22.46009175246,12.517633331661,
    18.785203397561));
#4465 = CARTESIAN_POINT('',(-15.70440885017,24.984614374339,
    12.110407248829));
#4466 = CARTESIAN_POINT('',(-5.532276868211,31.406065079602,
    2.019162020436));
#4467 = CARTESIAN_POINT('',(5.598505324504,30.193417462282,
    -9.030733418711));
#4468 = CARTESIAN_POINT('',(14.987149382412,21.613775875999,
    -18.33849072305));
#4469 = CARTESIAN_POINT('',(20.347590039293,7.731731103141,
    -23.61804462636));
#4470 = CARTESIAN_POINT('',(20.367520578692,-8.087394829955,
    -23.55708841219));
#4471 = CARTESIAN_POINT('',(15.032047497354,-21.99336617692,
    -18.14072857729));
#4472 = CARTESIAN_POINT('',(5.632155155336,-30.58814689572,
    -8.659949481707));
#4473 = CARTESIAN_POINT('',(-5.545257648736,-31.75622483174,
    2.598350075934));
#4474 = CARTESIAN_POINT('',(-15.77136133058,-25.18525672328,
    12.905340511353));
#4475 = CARTESIAN_POINT('',(-22.53920408185,-12.44891473454,
    19.754070016192));
#4476 = CARTESIAN_POINT('',(-24.17586890363,3.369890593064,
    21.471621591535));
#4477 = CARTESIAN_POINT('',(-20.25350188313,18.425225598039,
    17.630141324598));
#4478 = CARTESIAN_POINT('',(-11.69823287499,29.04317183051,
    9.155759070029));
#4479 = CARTESIAN_POINT('',(-0.569313732879,32.618357531255,
    -1.892273318519));
#4480 = CARTESIAN_POINT('',(10.438877382451,28.253206887812,
    -12.81957768028));
#4481 = CARTESIAN_POINT('',(18.651538741591,16.983072117561,
    -20.95135228585));
#4482 = CARTESIAN_POINT('',(22.065769791084,1.530830122419,
    -24.28469658178));
#4483 = CARTESIAN_POINT('',(19.841431536289,-14.35093201508,
    -21.97947157341));
#4484 = CARTESIAN_POINT('',(12.510249888768,-26.79123061047,
    -14.56740317232));
#4485 = CARTESIAN_POINT('',(1.851145221718,-32.74418847435,
    -3.827411751711));
#4486 = CARTESIAN_POINT('',(-9.539026755391,-30.73475857024,
    7.643646978965));
#4487 = CARTESIAN_POINT('',(-18.87574265062,-21.22410355758,
    17.061249627766));
#4488 = CARTESIAN_POINT('',(-23.8651319767,-6.50414262843,
    22.131525707419));
#4489 = CARTESIAN_POINT('',(-23.26508704934,9.854703216512,
    21.612367533619));
#4490 = CARTESIAN_POINT('',(-17.19195309389,23.869543576174,
    15.620120331736));
#4491 = CARTESIAN_POINT('',(-7.097009494974,32.11470716516,
    5.606063486386));
#4492 = CARTESIAN_POINT('',(4.582551538566,32.559118502723,
    -5.992610793587));
#4493 = CARTESIAN_POINT('',(15.014507082603,25.066458216056,
    -16.34367958405));
#4494 = CARTESIAN_POINT('',(21.660558502201,11.435370211953,
    -22.90884425008));
#4495 = CARTESIAN_POINT('',(22.896775925944,-5.032560511971,
    -24.06417492026));
#4496 = CARTESIAN_POINT('',(18.41197267217,-20.33183660834,
    -19.49848491292));
#4497 = CARTESIAN_POINT('',(9.289886141108,-30.72849419315,
    -10.29551162829));
#4498 = CARTESIAN_POINT('',(-2.253201411966,-33.66916639202,
    1.32846267835));
#4499 = CARTESIAN_POINT('',(-13.39901503173,-28.41238448044,
    12.555163051681));
#4500 = CARTESIAN_POINT('',(-21.42358661066,-16.20712949274,
    20.660621384186));
#4501 = CARTESIAN_POINT('',(-23.3672013525,-5.410929463762,22.6581606284
    ));
#4502 = CARTESIAN_POINT('',(-23.3672013525,-1.119149969923E-12,
    22.68512287959));
#4503 = CARTESIAN_POINT('',(-23.07001548111,-3.293442447358E-14,
    -21.29885464762));
#4504 = CARTESIAN_POINT('',(-23.07001548111,0.415725671579,
    -21.24493014524));
#4505 = CARTESIAN_POINT('',(-22.75128210203,1.329638260144,
    -21.45581451957));
#4506 = CARTESIAN_POINT('',(-21.54376325012,1.615430734281,
    -22.50155986434));
#4507 = CARTESIAN_POINT('',(-20.62889807913,0.327677240413,
    -23.2546515282));
#4508 = CARTESIAN_POINT('',(-20.88985029213,-1.482442042222,
    -22.83192580806));
#4509 = CARTESIAN_POINT('',(-22.15922209928,-2.088558918439,
    -21.40078049378));
#4510 = CARTESIAN_POINT('',(-23.23646556964,-0.72356523531,
    -20.16176351628));
#4511 = CARTESIAN_POINT('',(-22.95597501824,1.519540441096,
    -20.28048056055));
#4512 = CARTESIAN_POINT('',(-21.34958400857,2.54778405649,
    -21.72509806308));
#4513 = CARTESIAN_POINT('',(-19.75562914748,1.218977313731,
    -23.15727941704));
#4514 = CARTESIAN_POINT('',(-19.64668097737,-1.428527090695,
    -23.10445408001));
#4515 = CARTESIAN_POINT('',(-21.20176214941,-2.964137607095,
    -21.38759940083));
#4516 = CARTESIAN_POINT('',(-23.0023852963,-1.796237859368,
    -19.42520274681));
#4517 = CARTESIAN_POINT('',(-23.25885536469,1.200967574996,
    -19.00695917129));
#4518 = CARTESIAN_POINT('',(-21.51004915554,3.309784200067,
    -20.59399187331));
#4519 = CARTESIAN_POINT('',(-19.18461963345,2.433077354731,
    -22.75764788826));
#4520 = CARTESIAN_POINT('',(-18.38284218257,-0.833748986357,
    -23.397651832));
#4521 = CARTESIAN_POINT('',(-19.91236789609,-3.558642366574,
    -21.70635261135));
#4522 = CARTESIAN_POINT('',(-22.41397908817,-3.103564297946,
    -19.04296791213));
#4523 = CARTESIAN_POINT('',(-23.5008427154,0.329453026709,
    -17.79433077777));
#4524 = CARTESIAN_POINT('',(-21.96424698272,3.687328570234,
    -19.16915300331));
#4525 = CARTESIAN_POINT('',(-19.00767522342,3.778985817346,
    -21.96395125548));
#4526 = CARTESIAN_POINT('',(-17.26300379043,0.303555273091,
    -23.54684918134));
#4527 = CARTESIAN_POINT('',(-18.38176901149,-3.676080412348,
    -22.26631045314));
#4528 = CARTESIAN_POINT('',(-21.40599678252,-4.428809737722,
    -19.08030917498));
#4529 = CARTESIAN_POINT('',(-23.51712491094,-1.051245009943,
    -16.80740753941));
#4530 = CARTESIAN_POINT('',(-22.5943034424,3.509584915093,
    -17.56845550083));
#4531 = CARTESIAN_POINT('',(-19.2602125384,5.021722879003,
    -20.74077289769));
#4532 = CARTESIAN_POINT('',(-16.44616734838,1.894229081564,
    -23.39304458058));
#4533 = CARTESIAN_POINT('',(-16.75154390864,-3.177676857019,
    -22.92589451318));
#4534 = CARTESIAN_POINT('',(-19.97508248833,-5.52671971554,
    -19.54058242635));
#4535 = CARTESIAN_POINT('',(-23.16048898019,-2.808253547249,
    -16.19340242735));
#4536 = CARTESIAN_POINT('',(-23.23911346645,2.67587510258,
    -15.95300443397));
#4537 = CARTESIAN_POINT('',(-19.91251499032,5.914222415781,
    -19.11782940296));
#4538 = CARTESIAN_POINT('',(-16.0616853484,3.764828193412,
    -22.80688553774));
#4539 = CARTESIAN_POINT('',(-15.19806863475,-2.005688752371,
    -23.50872874426));
#4540 = CARTESIAN_POINT('',(-18.18271055436,-6.157288831796,
    -20.36231331751));
#4541 = CARTESIAN_POINT('',(-22.32754424032,-4.731817789204,
    -16.05570612441));
#4542 = CARTESIAN_POINT('',(-23.47656774144,0.190014451077,
    -14.77187136735));
#4543 = CARTESIAN_POINT('',(-22.29764603985,3.706681927223,
    -15.84294406419));
#4544 = CARTESIAN_POINT('',(-20.08141257079,6.135820336193,
    -17.95132852848));
#4545 = CARTESIAN_POINT('',(-16.97795223626,5.765336997898,
    -20.94693985827));
#4546 = CARTESIAN_POINT('',(-15.04115868705,2.742219731341,
    -22.77588440272));
#4547 = CARTESIAN_POINT('',(-14.288910063,-1.186028681173,
    -23.42028402201));
#4548 = CARTESIAN_POINT('',(-16.15488294107,-6.118123212096,
    -21.41949988799));
#4549 = CARTESIAN_POINT('',(-20.96359292475,-6.561883348838,
    -16.44901639718));
#4550 = CARTESIAN_POINT('',(-23.35132610164,-1.846683687453,
    -13.92647196434));
#4551 = CARTESIAN_POINT('',(-22.91149547293,2.453129584267,
    -14.25845358829));
#4552 = CARTESIAN_POINT('',(-21.11518179944,6.056251152517,
    -15.94691825703));
#4553 = CARTESIAN_POINT('',(-16.84740761543,7.356677146356,
    -20.07988118509));
#4554 = CARTESIAN_POINT('',(-13.68699668848,2.978474327729,
    -23.1054808561));
#4555 = CARTESIAN_POINT('',(-13.55910398002,-1.588600259031,
    -23.1255245598));
#4556 = CARTESIAN_POINT('',(-14.92271029002,-5.730011284917,
    -21.65406924505));
#4557 = CARTESIAN_POINT('',(-19.07664321353,-8.019905251782,
    -17.36532506559));
#4558 = CARTESIAN_POINT('',(-23.45823666745,-3.369589276645,
    -12.82195810454));
#4559 = CARTESIAN_POINT('',(-23.09541125032,3.21022289728,
    -13.04997226572));
#4560 = CARTESIAN_POINT('',(-20.50650269176,6.5507534643,-15.53103181952
    ));
#4561 = CARTESIAN_POINT('',(-17.95877323451,7.506953364616,
    -17.99787452321));
#4562 = CARTESIAN_POINT('',(-15.35889445694,6.63033161802,
    -20.51686654721));
#4563 = CARTESIAN_POINT('',(-13.35369403628,4.104289917274,
    -22.4411802143));
#4564 = CARTESIAN_POINT('',(-12.44388767158,0.556326485398,
    -23.27009982543));
#4565 = CARTESIAN_POINT('',(-12.94825459331,-4.494354211325,
    -22.65788389894));
#4566 = CARTESIAN_POINT('',(-16.00599783389,-7.924879265443,
    -19.49229165361));
#4567 = CARTESIAN_POINT('',(-19.63640956457,-7.423584947924,
    -15.75403091817));
#4568 = CARTESIAN_POINT('',(-21.89424018799,-5.270531677249,
    -13.41531354118));
#4569 = CARTESIAN_POINT('',(-23.16453534304,-1.763041296396,
    -12.06413163256));
#4570 = CARTESIAN_POINT('',(-23.08327471776,2.213589355762,
    -12.06450550428));
#4571 = CARTESIAN_POINT('',(-21.65519202326,5.714581243027,
    -13.41170144521));
#4572 = CARTESIAN_POINT('',(-19.19302701584,7.861015454777,
    -15.79297969906));
#4573 = CARTESIAN_POINT('',(-16.28000880632,8.113165312313,
    -18.62511115502));
#4574 = CARTESIAN_POINT('',(-13.61215489691,6.378006546817,
    -21.21207831086));
#4575 = CARTESIAN_POINT('',(-11.83877452783,3.054432696197,
    -22.90457192637));
#4576 = CARTESIAN_POINT('',(-11.39719965639,-1.066006586243,
    -23.26526004424));
#4577 = CARTESIAN_POINT('',(-12.40512254801,-4.983360742417,
    -22.17645039906));
#4578 = CARTESIAN_POINT('',(-14.62571005111,-7.734154105355,
    -19.87497614239));
#4579 = CARTESIAN_POINT('',(-17.52150511775,-8.627157438251,
    -16.89829432219));
#4580 = CARTESIAN_POINT('',(-20.38172887505,-7.417530355499,
    -13.95718381132));
#4581 = CARTESIAN_POINT('',(-22.49453648549,-4.372775704928,
    -11.76348944731));
#4582 = CARTESIAN_POINT('',(-23.32159028172,-0.214354566809,
    -10.85554889751));
#4583 = CARTESIAN_POINT('',(-22.63261233763,4.053231690045,
    -11.46364008804));
#4584 = CARTESIAN_POINT('',(-20.56605943765,7.38502454636,
    -13.44930623445));
#4585 = CARTESIAN_POINT('',(-17.60015894252,8.951492714193,
    -16.33431997601));
#4586 = CARTESIAN_POINT('',(-14.44013267429,8.34494631364,
    -19.41345949067));
#4587 = CARTESIAN_POINT('',(-11.84821361957,5.685203385864,
    -21.92449179182));
#4588 = CARTESIAN_POINT('',(-10.45740386302,1.597191540179,
    -23.23441479481));
#4589 = CARTESIAN_POINT('',(-10.61448938254,-2.935692993263,
    -22.99644252172));
#4590 = CARTESIAN_POINT('',(-12.29122517857,-6.808115792032,
    -21.23881997212));
#4591 = CARTESIAN_POINT('',(-15.08638373361,-9.062336172461,
    -18.36277466351));
#4592 = CARTESIAN_POINT('',(-18.31934121427,-9.125018961223,
    -15.04893042929));
#4593 = CARTESIAN_POINT('',(-21.19341446308,-6.952784913652,
    -12.09397042691));
#4594 = CARTESIAN_POINT('',(-22.98975838864,-3.049613187496,
    -10.21673974778));
#4595 = CARTESIAN_POINT('',(-23.24463308049,1.649805823292,
    -9.880978302369));
#4596 = CARTESIAN_POINT('',(-21.86633392611,6.003840545591,
    -11.17839070317));
#4597 = CARTESIAN_POINT('',(-19.16233697198,8.941254260038,
    -13.80150090374));
#4598 = CARTESIAN_POINT('',(-15.76887822507,9.724734171963,
    -17.11407289708));
#4599 = CARTESIAN_POINT('',(-12.49903190224,8.135791581972,
    -20.30303246635));
#4600 = CARTESIAN_POINT('',(-10.14555035213,4.53470498062,
    -22.57562726289));
#4601 = CARTESIAN_POINT('',(-9.286273797732,-0.220729915961,
    -23.35401706372));
#4602 = CARTESIAN_POINT('',(-10.13987089996,-4.9794346453,
    -22.41953320792));
#4603 = CARTESIAN_POINT('',(-12.50790218715,-8.575664344045,
    -19.97061516717));
#4604 = CARTESIAN_POINT('',(-15.81845498186,-10.11456945075,
    -16.57917561889));
#4605 = CARTESIAN_POINT('',(-19.26186442547,-9.194754274232,
    -13.05487942171));
#4606 = CARTESIAN_POINT('',(-21.98633361562,-6.012505172423,
    -10.24952347799));
#4607 = CARTESIAN_POINT('',(-23.30619234702,-1.320730423807,
    -8.848777993025));
#4608 = CARTESIAN_POINT('',(-22.87187761747,3.749028583893,
    -9.202205969007));
#4609 = CARTESIAN_POINT('',(-20.75951105101,7.95947465988,-11.2336857819
    ));
#4610 = CARTESIAN_POINT('',(-17.45717647733,10.269520382054,
    -14.45513360201));
#4611 = CARTESIAN_POINT('',(-13.75006820964,10.091647015738,
    -18.08135511613));
#4612 = CARTESIAN_POINT('',(-10.53150416631,7.44105233466,-21.2190324059
    ));
#4613 = CARTESIAN_POINT('',(-8.585285023626,2.938789121605,
    -23.08436479502));
#4614 = CARTESIAN_POINT('',(-8.39242362199,-2.333533582076,
    -23.19633944309));
#4615 = CARTESIAN_POINT('',(-10.00989351268,-7.093548200057,
    -21.49798279883));
#4616 = CARTESIAN_POINT('',(-13.0519247797,-10.17003402385,
    -18.37506477824));
#4617 = CARTESIAN_POINT('',(-16.77957682963,-10.79106675718,
    -14.56652597473));
#4618 = CARTESIAN_POINT('',(-20.27783833338,-8.777528405951,
    -10.98737771742));
#4619 = CARTESIAN_POINT('',(-22.67781943424,-4.593508658263,
    -8.506509862999));
#4620 = CARTESIAN_POINT('',(-23.37008156445,0.760325789555,
    -7.733360979218));
#4621 = CARTESIAN_POINT('',(-22.15673211464,5.985980232094,
    -8.865823675462));
#4622 = CARTESIAN_POINT('',(-19.30434972528,9.802815759316,
    -11.63731931125));
#4623 = CARTESIAN_POINT('',(-15.48370021317,11.261377570236,
    -15.37708206979));
#4624 = CARTESIAN_POINT('',(-11.60979652796,9.979465862423,
    -19.17009900144));
#4625 = CARTESIAN_POINT('',(-8.620423124013,6.241779261358,
    -22.07858565182));
#4626 = CARTESIAN_POINT('',(-7.246730505722,0.937267498336,
    -23.37139151655));
#4627 = CARTESIAN_POINT('',(-7.832016787854,-4.652176252606,
    -22.70521848084));
#4628 = CARTESIAN_POINT('',(-10.24359732366,-9.161483161795,
    -20.21275119146));
#4629 = CARTESIAN_POINT('',(-13.90032588845,-11.47578552607,
    -16.47513587311));
#4630 = CARTESIAN_POINT('',(-17.91023063462,-11.00598630883,
    -12.38434437338));
#4631 = CARTESIAN_POINT('',(-21.28569266089,-7.838423079036,
    -8.927995593539));
#4632 = CARTESIAN_POINT('',(-23.18426178247,-2.720670389535,
    -6.948539718389));
#4633 = CARTESIAN_POINT('',(-23.1163904616,3.114722687186,
    -6.935524285692));
#4634 = CARTESIAN_POINT('',(-21.06887087211,8.247044058602,
    -8.902157121616));
#4635 = CARTESIAN_POINT('',(-17.51288863777,11.413311782353,
    -12.37725260238));
#4636 = CARTESIAN_POINT('',(-13.29355534832,11.819036157949,
    -16.51569913826));
#4637 = CARTESIAN_POINT('',(-9.426780871841,9.337395428902,
    -20.30158686118));
#4638 = CARTESIAN_POINT('',(-6.852300700613,4.546934983708,
    -22.79518027884));
#4639 = CARTESIAN_POINT('',(-6.202898512529,-1.403048281691,
    -23.36369571336));
#4640 = CARTESIAN_POINT('',(-7.646493050388,-7.068180399058,
    -21.83921442193));
#4641 = CARTESIAN_POINT('',(-10.84047291939,-11.05963353016,
    -18.56434779936));
#4642 = CARTESIAN_POINT('',(-15.0105608359,-12.38458438189,
    -14.31337312929));
#4643 = CARTESIAN_POINT('',(-19.13611355675,-10.69305187602,
    -10.10693365487));
#4644 = CARTESIAN_POINT('',(-22.19752430586,-6.369772080976,
    -6.964636152192));
#4645 = CARTESIAN_POINT('',(-23.42575869721,-0.447120069858,
    -5.655515007269));
#4646 = CARTESIAN_POINT('',(-22.49295525471,5.641324539188,
    -6.507431696211));
#4647 = CARTESIAN_POINT('',(-19.59686666158,10.407765454877,
    -9.322633535771));
#4648 = CARTESIAN_POINT('',(-15.41745959784,12.673747587186,
    -13.42115384594));
#4649 = CARTESIAN_POINT('',(-10.95508497274,11.861447355012,
    -17.80264171747));
#4650 = CARTESIAN_POINT('',(-7.288713776708,8.140711350941,
    -21.38812615994));
#4651 = CARTESIAN_POINT('',(-5.312665056243,2.394497511987,
    -23.28328812684));
#4652 = CARTESIAN_POINT('',(-5.516064725852,-3.99052002312,
    -22.99900170366));
#4653 = CARTESIAN_POINT('',(-7.859411913304,-9.458558175436,
    -20.57476776264));
#4654 = CARTESIAN_POINT('',(-11.77936261321,-12.66380889299,
    -16.57393030916));
#4655 = CARTESIAN_POINT('',(-16.32174195393,-12.80163189273,
    -11.95066421488));
#4656 = CARTESIAN_POINT('',(-20.37140905373,-9.810362149569,
    -7.820110361508));
#4657 = CARTESIAN_POINT('',(-22.92360487994,-4.393162229895,
    -5.187027781732));
#4658 = CARTESIAN_POINT('',(-23.3307558862,2.147064728918,
    -4.698990021904));
#4659 = CARTESIAN_POINT('',(-21.4641150057,8.220994653674,
    -6.484744148843));
#4660 = CARTESIAN_POINT('',(-17.74991788104,12.339099261728,
    -10.11805451993));
#4661 = CARTESIAN_POINT('',(-13.07008109706,13.476906768986,
    -14.71700455034));
#4662 = CARTESIAN_POINT('',(-8.550530969797,11.329742729249,
    -19.15566792404));
#4663 = CARTESIAN_POINT('',(-5.287956672879,6.393636726211,
    -22.33735546739));
#4664 = CARTESIAN_POINT('',(-4.081300426644,-0.148940202469,
    -23.46312496006));
#4665 = CARTESIAN_POINT('',(-5.233723494218,-6.712270698156,
    -22.22981513892));
#4666 = CARTESIAN_POINT('',(-8.474118619526,-11.69171299821,
    -18.90853326004));
#4667 = CARTESIAN_POINT('',(-13.01841612007,-13.85600520703,
    -14.28334900593));
#4668 = CARTESIAN_POINT('',(-17.7569010086,-12.65164295949,
    -9.463977363837));
#4669 = CARTESIAN_POINT('',(-21.5228061135,-8.344103947955,
    -5.617185505364));
#4670 = CARTESIAN_POINT('',(-23.37717347602,-1.959963031106,
    -3.681931389274));
#4671 = CARTESIAN_POINT('',(-22.84043697073,4.957651296666,
    -4.137781141004));
#4672 = CARTESIAN_POINT('',(-20.01361905836,10.722033030514,
    -6.883712299801));
#4673 = CARTESIAN_POINT('',(-15.55855446757,13.914162923119,
    -11.25789013702));
#4674 = CARTESIAN_POINT('',(-10.5407831709,13.731983946305,
    -16.19477468012));
#4675 = CARTESIAN_POINT('',(-6.172383061167,10.191728552659,
    -20.48228803629));
#4676 = CARTESIAN_POINT('',(-3.516805083081,4.130808573699,
    -23.05697926081));
#4677 = CARTESIAN_POINT('',(-3.227589262848,-2.990100454463,
    -23.26530832748));
#4678 = CARTESIAN_POINT('',(-5.385151958822,-9.439046220037,
    -21.02685887794));
#4679 = CARTESIAN_POINT('',(-9.472378103316,-13.6340460659,
    -16.85874597988));
#4680 = CARTESIAN_POINT('',(-14.49613579594,-14.53113716856,
    -11.75410153368));
#4681 = CARTESIAN_POINT('',(-19.22619551573,-11.88405003813,
    -6.943155060326));
#4682 = CARTESIAN_POINT('',(-22.49408464189,-6.310944567417,
    -3.5943791806));
#4683 = CARTESIAN_POINT('',(-23.47927805695,0.849688337579,
    -2.528299011969));
#4684 = CARTESIAN_POINT('',(-21.91263179335,7.860434208828,
    -4.014058522001));
#4685 = CARTESIAN_POINT('',(-18.14663919566,13.006507201303,
    -7.699164366131));
#4686 = CARTESIAN_POINT('',(-13.07425412719,15.015165975962,
    -12.69066268102));
#4687 = CARTESIAN_POINT('',(-7.914915300035,13.37041172552,
    -17.76911475462));
#4688 = CARTESIAN_POINT('',(-3.919033447227,8.445175260307,
    -21.68410985386));
#4689 = CARTESIAN_POINT('',(-2.062553140608,1.417214339465,
    -23.45970340691));
#4690 = CARTESIAN_POINT('',(-2.806197735865,-6.012431067258,
    -22.63517205808));
#4691 = CARTESIAN_POINT('',(-5.978778451679,-12.03114397558,
    -19.3817045887));
#4692 = CARTESIAN_POINT('',(-10.81407765723,-15.15695352626,
    -14.46551862958));
#4693 = CARTESIAN_POINT('',(-16.13349323367,-14.60338776709,
    -9.065216299581));
#4694 = CARTESIAN_POINT('',(-20.63092604736,-10.47714313132,
    -4.486896732324));
#4695 = CARTESIAN_POINT('',(-23.191051823,-3.758938747997,
    -1.845884203106));
#4696 = CARTESIAN_POINT('',(-23.16342064556,3.929445109902,
    -1.792628626981));
#4697 = CARTESIAN_POINT('',(-20.52502833508,10.71663982909,
    -4.350134183901));
#4698 = CARTESIAN_POINT('',(-15.89075508062,14.93718346311,
    -8.903520684789));
#4699 = CARTESIAN_POINT('',(-10.36795284093,15.540169513051,
    -14.34543617091));
#4700 = CARTESIAN_POINT('',(-5.289540835993,12.350787276036,
    -19.34296142228));
#4701 = CARTESIAN_POINT('',(-1.88993487216,6.119695582335,
    -22.66168063255));
#4702 = CARTESIAN_POINT('',(-1.002601238779,-1.65344854465,
    -23.46812751236));
#4703 = CARTESIAN_POINT('',(-2.853334676109,-9.080871520318,
    -21.53650732146));
#4704 = CARTESIAN_POINT('',(-7.000515041806,-14.34514280754,
    -17.3084402022));
#4705 = CARTESIAN_POINT('',(-12.43804866338,-16.14387275371,
    -11.79001982705));
#4706 = CARTESIAN_POINT('',(-17.83704550188,-14.01184089414,
    -6.310136234994));
#4707 = CARTESIAN_POINT('',(-21.86818813199,-8.440901059778,
    -2.198106851306));
#4708 = CARTESIAN_POINT('',(-23.5265914551,-0.766855054636,
    -0.458816774638));
#4709 = CARTESIAN_POINT('',(-22.37976498368,7.150774123244,
    -1.524756492489));
#4710 = CARTESIAN_POINT('',(-18.67750275732,13.379320588485,
    -5.146131965281));
#4711 = CARTESIAN_POINT('',(-13.29582893207,16.384728568283,
    -10.44691903695));
#4712 = CARTESIAN_POINT('',(-7.527487823617,15.409328794607,
    -16.13437339185));
#4713 = CARTESIAN_POINT('',(-2.769069203234,10.662619834528,
    -20.81190525866));
#4714 = CARTESIAN_POINT('',(-0.180489544754,3.27706927553,
    -23.31959816358));
#4715 = CARTESIAN_POINT('',(-0.399854778405,-4.961960432408,
    -23.01934617636));
#4716 = CARTESIAN_POINT('',(-3.383791673827,-12.04778057677,
    -19.95452252737));
#4717 = CARTESIAN_POINT('',(-8.413170701264,-16.24112274387,
    -14.84425674636));
#4718 = CARTESIAN_POINT('',(-14.26400388179,-16.49702491148,
    -8.912536812268));
#4719 = CARTESIAN_POINT('',(-19.50292818856,-12.725089512,
    -3.592725751937));
#4720 = CARTESIAN_POINT('',(-22.83594649181,-5.818327337676,
    -0.178820695118));
#4721 = CARTESIAN_POINT('',(-23.42557647944,2.558098189731,
    0.491696046089));
#4722 = CARTESIAN_POINT('',(-21.09868053931,10.368292000555,
    -1.754313140484));
#4723 = CARTESIAN_POINT('',(-16.39342060293,15.700451937733,
    -6.378686323294));
#4724 = CARTESIAN_POINT('',(-10.4327378055,17.234829945247,
    -12.25848236715));
#4725 = CARTESIAN_POINT('',(-4.654064605564,14.570288445062,
    -17.95626881352));
#4726 = CARTESIAN_POINT('',(-0.460318589747,8.328671035704,
    -22.06912807577));
#4727 = CARTESIAN_POINT('',(1.123084405085,9.944932298041E-03,
    -23.57164431704));
#4728 = CARTESIAN_POINT('',(-0.298654269035,-8.368208171947,
    -22.06901888935));
#4729 = CARTESIAN_POINT('',(-4.388939246582,-14.75976887333,
    -17.89784715824));
#4730 = CARTESIAN_POINT('',(-10.15701164003,-17.590030425,
    -12.04888801122));
#4731 = CARTESIAN_POINT('',(-16.19553197241,-16.14350644236,
    -5.929480925271));
#4732 = CARTESIAN_POINT('',(-21.02155612684,-10.74455388659,
    -1.022570017272));
#4733 = CARTESIAN_POINT('',(-23.43829296202,-2.685172266368,
    1.475053571471));
#4734 = CARTESIAN_POINT('',(-22.82939490667,6.084089396775,
    0.947042269689));
#4735 = CARTESIAN_POINT('',(-19.31342315429,13.426193795314,
    -2.488042729127));
#4736 = CARTESIAN_POINT('',(-13.71980859587,17.538402714937,
    -8.00077053398));
#4737 = CARTESIAN_POINT('',(-7.390986905744,17.39487699279,
    -14.24870547053));
#4738 = CARTESIAN_POINT('',(-1.857890135327,13.002432171187,
    -19.70091548738));
#4739 = CARTESIAN_POINT('',(1.532765076273,5.405722590948,
    -23.01068394542));
#4740 = CARTESIAN_POINT('',(1.948654444272,-3.561073207552,
    -23.34568655985));
#4741 = CARTESIAN_POINT('',(-0.721457622744,-11.7170750436,
    -20.59468773926));
#4742 = CARTESIAN_POINT('',(-5.835812053438,-17.06512872262,
    -15.399446555));
#4743 = CARTESIAN_POINT('',(-12.15148116266,-18.2808296526,
    -9.002890692215));
#4744 = CARTESIAN_POINT('',(-18.12403772291,-15.04040439078,
    -2.949447378401));
#4745 = CARTESIAN_POINT('',(-22.28282350628,-8.106300038156,
    1.290225158545));
#4746 = CARTESIAN_POINT('',(-23.59063391377,0.852001684547,
    2.678922319599));
#4747 = CARTESIAN_POINT('',(-21.69985130979,9.659887807826,
    0.869026469188));
#4748 = CARTESIAN_POINT('',(-17.04178918875,16.165494241359,
    -3.708148898282));
#4749 = CARTESIAN_POINT('',(-10.72634872072,18.765422373014,
    -9.942702612751));
#4750 = CARTESIAN_POINT('',(-4.27528250014,16.799857463357,
    -16.31288207976));
#4751 = CARTESIAN_POINT('',(0.746841661636,10.719736429231,
    -21.25411948797));
#4752 = CARTESIAN_POINT('',(3.114484064003,1.983677764919,
    -23.54087513677));
#4753 = CARTESIAN_POINT('',(2.2425928399,-7.291866737356,-22.5880971591)
  );
#4754 = CARTESIAN_POINT('',(-1.666465063103,-14.84534587988,
    -18.59815250253));
#4755 = CARTESIAN_POINT('',(-7.667366916164,-18.82151575333,
    -12.5163638959));
#4756 = CARTESIAN_POINT('',(-14.29803540749,-18.22707683448,
    -5.804808651003));
#4757 = CARTESIAN_POINT('',(-19.93346739767,-13.17864875895,
    -8.848990725454E-02));
#4758 = CARTESIAN_POINT('',(-23.18156498127,-4.881215487054,
    3.240494429906));
#4759 = CARTESIAN_POINT('',(-23.22454927723,4.659374945051,
    3.364365479435));
#4760 = CARTESIAN_POINT('',(-20.02222964979,13.121288286197,
    0.242932605566));
#4761 = CARTESIAN_POINT('',(-14.32662519708,18.431754451723,
    -5.371785093579));
#4762 = CARTESIAN_POINT('',(-7.503201988216,19.274777624267,
    -12.11432154888));
#4763 = CARTESIAN_POINT('',(-1.201195636729,15.417151198747,
    -18.3354411468));
#4764 = CARTESIAN_POINT('',(3.047388787571,7.772037992025,
    -22.50313881753));
#4765 = CARTESIAN_POINT('',(4.202599238805,-1.817018878471,
    -23.57746251519));
#4766 = CARTESIAN_POINT('',(1.973479492671,-11.02060971936,
    -21.26745601549));
#4767 = CARTESIAN_POINT('',(-3.10633688452,-17.58932520514,
    -16.10675288473));
#4768 = CARTESIAN_POINT('',(-9.803943074245,-19.90351499431,
    -9.328259941445));
#4769 = CARTESIAN_POINT('',(-16.48399613835,-17.37257862669,
    -2.567320123765));
#4770 = CARTESIAN_POINT('',(-21.50561609483,-10.58536793984,
    2.535186586277));
#4771 = CARTESIAN_POINT('',(-23.62301996094,-1.173474636481,
    4.733477205953));
#4772 = CARTESIAN_POINT('',(-22.29207373149,8.580930811127,
    3.483417730072));
#4773 = CARTESIAN_POINT('',(-17.80733753576,16.298466010176,
    -0.920431712084));
#4774 = CARTESIAN_POINT('',(-11.23512700258,20.082934090806,
    -7.411755491707));
#4775 = CARTESIAN_POINT('',(-4.157725952088,18.987177401072,
    -14.40826978863));
#4776 = CARTESIAN_POINT('',(1.709904514713,13.249947493612,
    -20.19501350186));
#4777 = CARTESIAN_POINT('',(4.938074570409,4.244596328202,
    -23.34229680399));
#4778 = CARTESIAN_POINT('',(4.733114924815,-5.849578419029,
    -23.05645040483));
#4779 = CARTESIAN_POINT('',(1.134882077612,-14.57470688104,
    -19.37733080406));
#4780 = CARTESIAN_POINT('',(-4.988106037074,-19.79282316394,
    -13.1734559358));
#4781 = CARTESIAN_POINT('',(-12.14589710187,-20.20971892362,
    -5.934778117443));
#4782 = CARTESIAN_POINT('',(-18.58726996978,-15.69582327818,
    0.587481504037));
#4783 = CARTESIAN_POINT('',(-22.72578011358,-7.324578449483,
    4.806878401408));
#4784 = CARTESIAN_POINT('',(-23.52803461427,2.882693626677,
    5.690019655661));
#4785 = CARTESIAN_POINT('',(-20.76917112789,12.444829091647,
    3.012042922851));
#4786 = CARTESIAN_POINT('',(-15.09239569666,19.023937716587,
    -2.583845754814));
#4787 = CARTESIAN_POINT('',(-7.856918227516,20.996992515916,
    -9.738436470393));
#4788 = CARTESIAN_POINT('',(-0.81020500302,17.856148636032,
    -16.70426294132));
#4789 = CARTESIAN_POINT('',(4.336428613931,10.339070383196,
    -21.7700098047));
#4790 = CARTESIAN_POINT('',(6.325809899041,0.255909987566,
    -23.67850433624));
#4791 = CARTESIAN_POINT('',(4.664391011138,-9.946536769187,
    -21.93619869477));
#4792 = CARTESIAN_POINT('',(-0.252954672799,-17.77856870358,
    -16.93796625727));
#4793 = CARTESIAN_POINT('',(-7.234333278199,-21.3151362504,
    -9.875700898305));
#4794 = CARTESIAN_POINT('',(-14.57732786282,-19.66895741781,
    -2.451819560117));
#4795 = CARTESIAN_POINT('',(-20.48173750579,-13.21292679526,
    3.533476836425));
#4796 = CARTESIAN_POINT('',(-23.48849384584,-3.496114899666,
    6.621119930044));
#4797 = CARTESIAN_POINT('',(-22.83774083834,7.127841966312,
    6.051253676114));
#4798 = CARTESIAN_POINT('',(-18.65820502264,16.070833771627,
    1.952604613981));
#4799 = CARTESIAN_POINT('',(-11.94068759997,21.140767604449,
    -4.684026055122));
#4800 = CARTESIAN_POINT('',(-4.300956344508,21.078863238962,
    -12.24287055702));
#4801 = CARTESIAN_POINT('',(2.411236870565,15.872065471284,
    -18.87417701853));
#4802 = CARTESIAN_POINT('',(6.562406411452,6.763065752124,
    -22.94445980584));
#4803 = CARTESIAN_POINT('',(7.135255109542,-4.046171716087,
    -23.43642175037));
#4804 = CARTESIAN_POINT('',(3.98035982893,-13.92667715826,
    -20.20063971619));
#4805 = CARTESIAN_POINT('',(-2.142631696469,-20.46188007719,
    -13.99676143722));
#4806 = CARTESIAN_POINT('',(-9.745494833333,-22.03863900513,
    -6.313011546794));
#4807 = CARTESIAN_POINT('',(-16.97075243,-18.2453492222,0.993132803445)
  );
#4808 = CARTESIAN_POINT('',(-22.04307811414,-9.97889805717,6.14634524115
    ));
#4809 = CARTESIAN_POINT('',(-23.70307891437,0.767212881628,
    7.887232794949));
#4810 = CARTESIAN_POINT('',(-21.51746854467,11.38357100022,
    5.782509178816));
#4811 = CARTESIAN_POINT('',(-15.98925005922,19.278477134412,
    0.335177446937));
#4812 = CARTESIAN_POINT('',(-8.439940564203,22.510633556211,
    -7.13324529452));
#4813 = CARTESIAN_POINT('',(-0.691371483006,20.266444607066,
    -14.80092762214));
#4814 = CARTESIAN_POINT('',(5.376327240325,13.064589581948,
    -20.78773959191));
#4815 = CARTESIAN_POINT('',(8.283317435486,2.636482338097,-23.6138430335
    ));
#4816 = CARTESIAN_POINT('',(7.313361371521,-8.489918260744,
    -22.56300021597));
#4817 = CARTESIAN_POINT('',(2.692661136433,-17.60292090993,
    -17.86141322731));
#4818 = CARTESIAN_POINT('',(-4.460397633567,-22.46798547068,
    -10.62746770375));
#4819 = CARTESIAN_POINT('',(-12.40353375601,-21.87560975842,
    -2.603444827739));
#4820 = CARTESIAN_POINT('',(-19.1925446327,-15.94189049092,
    4.266452802527));
#4821 = CARTESIAN_POINT('',(-23.15476836232,-6.087100778049,
    8.309563285707));
#4822 = CARTESIAN_POINT('',(-23.29873397188,5.30416509018,8.534415648836
    ));
#4823 = CARTESIAN_POINT('',(-19.55967657741,15.459979852552,
    4.876245007934));
#4824 = CARTESIAN_POINT('',(-12.82013912419,21.895598347341,
    -1.782405691719));
#4825 = CARTESIAN_POINT('',(-4.699468866859,23.021364341782,
    -9.822189195487));
#4826 = CARTESIAN_POINT('',(2.837603118671,18.535285345041,
    -17.27837442744));
#4827 = CARTESIAN_POINT('',(7.958691690331,9.503347096918,
    -22.31857624554));
#4828 = CARTESIAN_POINT('',(9.411635462827,-1.893637990028,
    -23.69063326447));
#4829 = CARTESIAN_POINT('',(6.833052865632,-12.88656680575,
    -21.0311639137));
#4830 = CARTESIAN_POINT('',(0.841553990224,-20.79084715102,
    -14.95877828473));
#4831 = CARTESIAN_POINT('',(-7.108239100428,-23.66199663716,
    -6.928098440513));
#4832 = CARTESIAN_POINT('',(-15.07644917552,-20.77393821598,
    1.12099838815));
#4833 = CARTESIAN_POINT('',(-21.10890620507,-12.8023563271,
    7.234342171265));
#4834 = CARTESIAN_POINT('',(-23.71397600024,-1.66687153318,
    9.920298720003));
#4835 = CARTESIAN_POINT('',(-22.2289069787,9.931166667387,8.516116452038
    ));
#4836 = CARTESIAN_POINT('',(-16.98572729529,19.163991355986,
    3.353823522195));
#4837 = CARTESIAN_POINT('',(-9.235197553409,23.766865869748,
    -4.315819466127));
#4838 = CARTESIAN_POINT('',(-0.846168569627,22.593571534189,
    -12.62396169634));
#4839 = CARTESIAN_POINT('',(6.147402534506,15.90169525004,-19.5366460469
    ));
#4840 = CARTESIAN_POINT('',(10.041982650787,5.296745253123,
    -23.35033940962));
#4841 = CARTESIAN_POINT('',(9.881814133031,-6.652960609188,
    -23.10928413829));
#4842 = CARTESIAN_POINT('',(5.695844161184,-17.03827750517,
    -18.84242741288));
#4843 = CARTESIAN_POINT('',(-1.504482543408,-23.31746217979,
    -11.56121395472));
#4844 = CARTESIAN_POINT('',(-9.967207894304,-23.93822988902,
    -3.017601850259));
#4845 = CARTESIAN_POINT('',(-17.62374503654,-18.72140444157,
    4.719822045548));
#4846 = CARTESIAN_POINT('',(-22.5921084793,-8.911363605591,
    9.769072241873));
#4847 = CARTESIAN_POINT('',(-23.63706777614,3.120661646998,
    10.894918292288));
#4848 = CARTESIAN_POINT('',(-20.47471754194,14.449721263457,
    7.813454811655));
#4849 = CARTESIAN_POINT('',(-13.84637872134,22.308191920962,
    1.266002744615));
#4850 = CARTESIAN_POINT('',(-5.342675720739,24.761881845428,
    -7.156813502419));
#4851 = CARTESIAN_POINT('',(2.980489663525,21.186030766337,
    -15.39909213311));
#4852 = CARTESIAN_POINT('',(9.101357762348,12.424076836244,
    -21.43907347837));
#4853 = CARTESIAN_POINT('',(11.5258054798,0.58891605762,-23.78263444225)
  );
#4854 = CARTESIAN_POINT('',(9.654458866048,-11.44656690046,
    -21.83040107493));
#4855 = CARTESIAN_POINT('',(3.933230720272,-20.74686219531,
    -16.02828617559));
#4856 = CARTESIAN_POINT('',(-4.250489256905,-25.02981590855,
    -7.763679444849));
#4857 = CARTESIAN_POINT('',(-12.90187440877,-23.22659926179,
    0.968592460585));
#4858 = CARTESIAN_POINT('',(-19.90251428612,-15.74827603097,
    8.050119091508));
#4859 = CARTESIAN_POINT('',(-23.52672187799,-4.39252460972,
    11.755213436947));
#4860 = CARTESIAN_POINT('',(-22.86445875311,8.088430201166,
    11.173837065632));
#4861 = CARTESIAN_POINT('',(-18.04723410654,18.654845531932,
    6.437499172629));
#4862 = CARTESIAN_POINT('',(-10.22092414043,24.719791001247,
    -1.307924039916));
#4863 = CARTESIAN_POINT('',(-1.270952416044,24.782473785153,
    -10.17700901073));
#4864 = CARTESIAN_POINT('',(6.634272247895,18.799514660437,
    -18.0013469211));
#4865 = CARTESIAN_POINT('',(11.57110501418,8.202350383609,
    -22.85729293382));
#4866 = CARTESIAN_POINT('',(12.331157331052,-4.445138871212,
    -23.53645849713));
#4867 = CARTESIAN_POINT('',(8.719460303642,-16.06691323118,
    -19.84387471615));
#4868 = CARTESIAN_POINT('',(1.606742598408,-23.82290713192,
    -12.65027025735));
#4869 = CARTESIAN_POINT('',(-7.278075167383,-25.80305751023,
    -3.684565737994));
#4870 = CARTESIAN_POINT('',(-15.7657407168,-21.49762895924,
    4.883986564995));
#4871 = CARTESIAN_POINT('',(-21.77389799512,-11.92804070401,
    10.97303059688));
#4872 = CARTESIAN_POINT('',(-23.81554230827,0.595292375347,
    13.095561663601));
#4873 = CARTESIAN_POINT('',(-21.36455300481,13.030733947758,
    10.725459113703));
#4874 = CARTESIAN_POINT('',(-14.98845798154,22.344168208134,4.430250844)
  );
#4875 = CARTESIAN_POINT('',(-6.214969692192,26.249287337494,
    -4.26235069178));
#4876 = CARTESIAN_POINT('',(2.836359264471,23.768804401753,
    -13.23279289487));
#4877 = CARTESIAN_POINT('',(9.968557908462,15.478842446067,
    -20.28410478529));
#4878 = CARTESIAN_POINT('',(13.442885265489,3.375429380369,
    -23.67754538875));
#4879 = CARTESIAN_POINT('',(12.405108159764,-9.606042377471,
    -22.55888152946));
#4880 = CARTESIAN_POINT('',(7.097905706373,-20.30271605265,
    -17.1707923225));
#4881 = CARTESIAN_POINT('',(-1.193390017458,-26.09488046461,
    -8.798609845109));
#4882 = CARTESIAN_POINT('',(-10.44968067184,-25.54753577974,
    0.538567562845));
#4883 = CARTESIAN_POINT('',(-18.40739717611,-18.76580202515,
    8.577170820683));
#4884 = CARTESIAN_POINT('',(-23.10963348504,-7.376172232411,
    13.36029388318));
#4885 = CARTESIAN_POINT('',(-23.38492859558,5.863491241976,
    13.716475747286));
#4886 = CARTESIAN_POINT('',(-19.13655987914,17.731722441277,
    9.548993784411));
#4887 = CARTESIAN_POINT('',(-11.37092142501,25.327296674867,
    1.864242083853));
#4888 = CARTESIAN_POINT('',(-1.956903195226,26.778429948155,
    -7.46888939237));
#4889 = CARTESIAN_POINT('',(6.826216984972,21.703973670035,
    -16.17112281899));
#4890 = CARTESIAN_POINT('',(12.843002010838,11.312986416641,
    -22.10702109129));
#4891 = CARTESIAN_POINT('',(14.623438694092,-1.883207923554,
    -23.80657102098));
#4892 = CARTESIAN_POINT('',(11.724479837789,-14.67793422045,
    -20.82672541111));
#4893 = CARTESIAN_POINT('',(4.842635466241,-23.94838622157,
    -13.86399428599));
#4894 = CARTESIAN_POINT('',(-4.350948325602,-27.41780316824,
    -4.589523740589));
#4895 = CARTESIAN_POINT('',(-13.61390284455,-24.21458157251,
    4.75431753193));
#4896 = CARTESIAN_POINT('',(-20.67716543167,-15.09103014447,
    11.898466872623));
#4897 = CARTESIAN_POINT('',(-23.7983925733,-2.246915117896,
    15.100580767814));
#4898 = CARTESIAN_POINT('',(-22.18928338161,11.200875082201,
    13.572358329693));
#4899 = CARTESIAN_POINT('',(-16.21201513151,21.974700379255,
    7.675976833164));
#4900 = CARTESIAN_POINT('',(-7.295867960079,27.435029093815,
    -1.159283584707));
#4901 = CARTESIAN_POINT('',(2.406830663554,26.227081538559,
    -10.78109545477));
#4902 = CARTESIAN_POINT('',(10.542630963282,18.616846471954,
    -18.83600900093));
#4903 = CARTESIAN_POINT('',(15.130193741705,6.433159812646,
    -23.34268502578));
#4904 = CARTESIAN_POINT('',(15.045208116855,-7.371716163795,
    -23.17681264737));
#4905 = CARTESIAN_POINT('',(10.298317845851,-19.4374496312,
    -18.3490356228));
#4906 = CARTESIAN_POINT('',(2.037370043998,-26.81359873393,
    -10.00720106737));
#4907 = CARTESIAN_POINT('',(-7.727738766104,-27.68106915139,
    -0.161205503709));
#4908 = CARTESIAN_POINT('',(-16.61167672013,-21.80065897068,
    8.803619203893));
#4909 = CARTESIAN_POINT('',(-22.43394039195,-10.57810906858,
    14.706769629277));
#4910 = CARTESIAN_POINT('',(-23.75161141952,3.271836089018,
    16.105327410414));
#4911 = CARTESIAN_POINT('',(-20.21444091515,16.382102883989,
    12.649043659608));
#4912 = CARTESIAN_POINT('',(-12.65489033846,25.551860074368,
    5.17037983649));
#4913 = CARTESIAN_POINT('',(-2.890047109533,28.527984186143,
    -4.513576638875));
#4914 = CARTESIAN_POINT('',(6.717475365559,24.558630145748,
    -14.0402123604));
#4915 = CARTESIAN_POINT('',(13.833549995803,14.582912223275,
    -21.07540023707));
#4916 = CARTESIAN_POINT('',(16.722001034727,1.008900837816,
    -23.88296452243));
#4917 = CARTESIAN_POINT('',(14.67058831229,-12.86762984129,
    -21.75066504642));
#4918 = CARTESIAN_POINT('',(8.168998907767,-23.66341230853,
    -15.16818888833));
#4919 = CARTESIAN_POINT('',(-1.205604262041,-28.73256504215,
    -5.712698964963));
#4920 = CARTESIAN_POINT('',(-11.16877261684,-26.81502634303,
    4.331356143405));
#4921 = CARTESIAN_POINT('',(-19.28306087767,-18.34963671062,
    12.52653115781));
#4922 = CARTESIAN_POINT('',(-23.55192575508,-5.374112040836,
    16.876282788787));
#4923 = CARTESIAN_POINT('',(-22.90852743957,8.965397520859,
    16.313771226844));
#4924 = CARTESIAN_POINT('',(-17.4797677705,21.177137653725,
    10.965898311342));
#4925 = CARTESIAN_POINT('',(-8.560234858521,28.274012206698,
    2.127252152922));
#4926 = CARTESIAN_POINT('',(1.698780012646,28.504234076524,
    -8.050875964678));
#4927 = CARTESIAN_POINT('',(10.810502484049,21.783650120114,
    -17.08171168251));
#4928 = CARTESIAN_POINT('',(16.557852338585,9.723066665959,
    -22.74817478348));
#4929 = CARTESIAN_POINT('',(17.535302930819,-4.757740640815,
    -23.64473862214));
#4930 = CARTESIAN_POINT('',(13.494993469798,-18.13686232175,
    -19.52354240756));
#4931 = CARTESIAN_POINT('',(5.411875251531,-27.14682612136,
    -11.35953743572));
#4932 = CARTESIAN_POINT('',(-4.749137004896,-29.57257527762,
    -1.117638425731));
#4933 = CARTESIAN_POINT('',(-14.50841740357,-24.79597497689,
    8.722528726511));
#4934 = CARTESIAN_POINT('',(-21.47434033561,-13.95300930485,
    15.769338412125));
#4935 = CARTESIAN_POINT('',(-23.9269530548,0.336234017058,
    18.302837884878));
#4936 = CARTESIAN_POINT('',(-21.2401660305,14.600647173211,
    15.69693761415));
#4937 = CARTESIAN_POINT('',(-14.03883507453,25.361292152819,
    8.576493411741));
#4938 = CARTESIAN_POINT('',(-4.051359614739,29.979872884722,
    -1.330095294483));
#4939 = CARTESIAN_POINT('',(6.307466227752,27.305558111778,
    -11.6080343834));
#4940 = CARTESIAN_POINT('',(14.522678062537,17.961583860454,
    -19.74235946462));
#4941 = CARTESIAN_POINT('',(18.592128047963,4.200297012684,
    -23.73092269648));
#4942 = CARTESIAN_POINT('',(17.51682759722,-10.63971769417,
    -22.57473549217));
#4943 = CARTESIAN_POINT('',(11.548561625161,-22.94359350676,
    -16.52558276654));
#4944 = CARTESIAN_POINT('',(2.133419531751,-29.70072337681,
    -7.029553919568));
#4945 = CARTESIAN_POINT('',(-8.436184411221,-29.2413974568,3.62093677697
    ));
#4946 = CARTESIAN_POINT('',(-17.57727612615,-21.64930046527,
    12.842915245468));
#4947 = CARTESIAN_POINT('',(-23.04513651303,-8.747984993415,
    18.391662385925));
#4948 = CARTESIAN_POINT('',(-23.48208349899,6.337051971781,
    18.909496125452));
#4949 = CARTESIAN_POINT('',(-18.75205949608,19.935541680393,
    14.260358876104));
#4950 = CARTESIAN_POINT('',(-9.978581170726,28.725439203646,
    5.567767304314));
#4951 = CARTESIAN_POINT('',(0.724361702238,30.544471493734,
    -5.054288815084));
#4952 = CARTESIAN_POINT('',(10.764020823654,24.921986206481,
    -15.01306118293));
#4953 = CARTESIAN_POINT('',(17.699354905296,13.200298246114,
    -21.867508511));
#4954 = CARTESIAN_POINT('',(19.836939150794,-1.785654085589,
    -23.92420600293));
#4955 = CARTESIAN_POINT('',(16.646845991142,-16.39392321939,
    -20.65322608971));
#4956 = CARTESIAN_POINT('',(8.896370988454,-27.06063143915,
    -12.82186433346));
#4957 = CARTESIAN_POINT('',(-1.532098884704,-31.1694203652,
    -2.312507706737));
#4958 = CARTESIAN_POINT('',(-12.09587001273,-27.69315967317,
    8.332150174863));
#4959 = CARTESIAN_POINT('',(-20.20950990306,-17.45053381653,
    16.526676818755));
#4960 = CARTESIAN_POINT('',(-23.87520413434,-2.913451445361,
    20.273257803606));
#4961 = CARTESIAN_POINT('',(-22.17221499109,12.389470910024,
    18.651155413926));
#4962 = CARTESIAN_POINT('',(-15.48553108263,24.729411220395,
    12.045358259036));
#4963 = CARTESIAN_POINT('',(-5.416949266054,31.085932760654,
    2.057663196019));
#4964 = CARTESIAN_POINT('',(5.600933719765,29.88627006272,
    -8.879333036233));
#4965 = CARTESIAN_POINT('',(14.894807037191,21.394367199154,
    -18.09231960009));
#4966 = CARTESIAN_POINT('',(20.201670805891,7.653461025102,
    -23.31829661522));
#4967 = CARTESIAN_POINT('',(20.22225789942,-8.005476868991,
    -23.25799695518));
#4968 = CARTESIAN_POINT('',(14.9415150218,-21.77119744209,
    -17.89636732399));
#4969 = CARTESIAN_POINT('',(5.637106248137,-30.27979900846,
    -8.511071796768));
#4970 = CARTESIAN_POINT('',(-5.427308497506,-31.4367437711,
    2.634229702443));
#4971 = CARTESIAN_POINT('',(-15.55040119735,-24.93239806987,
    12.838209155862));
#4972 = CARTESIAN_POINT('',(-22.25029094615,-12.32421944901,
    19.618985658229));
#4973 = CARTESIAN_POINT('',(-23.87059920627,3.336074062713,
    21.320180671919));
#4974 = CARTESIAN_POINT('',(-19.98745293927,18.241127548815,
    17.517921158484));
#4975 = CARTESIAN_POINT('',(-11.51743641839,28.753598206608,
    9.128791391165));
#4976 = CARTESIAN_POINT('',(-0.499052672274,32.293785015824,
    -1.808705601384));
#4977 = CARTESIAN_POINT('',(10.40022234001,27.972630222751,
    -12.6270938601));
#4978 = CARTESIAN_POINT('',(18.532094985432,16.8147783002,
    -20.67807975195));
#4979 = CARTESIAN_POINT('',(21.91332713897,1.515778644534,
    -23.97842515192));
#4980 = CARTESIAN_POINT('',(19.711811105304,-14.20907790215,
    -21.69602236469));
#4981 = CARTESIAN_POINT('',(12.453718305515,-26.52699550293,
    -14.35704281133));
#4982 = CARTESIAN_POINT('',(1.900180681764,-32.42188211057,
    -3.722618434017));
#4983 = CARTESIAN_POINT('',(-9.377639049952,-30.4328242192,
    7.636088051266));
#4984 = CARTESIAN_POINT('',(-18.6225618971,-21.01602614609,
    16.961897651982));
#4985 = CARTESIAN_POINT('',(-23.56305802331,-6.440564446257,
    21.983280531762));
#4986 = CARTESIAN_POINT('',(-22.96891945491,9.758308884217,
    21.470028716927));
#4987 = CARTESIAN_POINT('',(-16.95505384542,23.636636457311,
    15.537049861013));
#4988 = CARTESIAN_POINT('',(-6.958315942909,31.801973926378,
    5.62119871206));
#4989 = CARTESIAN_POINT('',(4.608003706855,32.242669548792,
    -5.864234184136));
#4990 = CARTESIAN_POINT('',(14.939242448515,24.823316618248,
    -16.11458617222));
#4991 = CARTESIAN_POINT('',(21.521615169752,11.324701699408,
    -22.61607213989));
#4992 = CARTESIAN_POINT('',(22.74668832803,-4.983801916731,
    -23.76025854461));
#4993 = CARTESIAN_POINT('',(18.305991033563,-20.1355544957,
    -19.23867449657));
#4994 = CARTESIAN_POINT('',(9.272519545371,-30.43239056363,
    -10.12431625481));
#4995 = CARTESIAN_POINT('',(-2.158998613464,-33.34543850215,
    1.388088657588));
#4996 = CARTESIAN_POINT('',(-13.19746609098,-28.13957015904,
    12.507442888678));
#4997 = CARTESIAN_POINT('',(-21.14499438402,-16.05212917806,
    20.53585793528));
#4998 = CARTESIAN_POINT('',(-23.07001548111,-5.358838244444,
    22.514803534757));
#4999 = CARTESIAN_POINT('',(-23.07001548111,-1.108795072592E-12,
    22.541765785946));
#5000 = CARTESIAN_POINT('',(-22.92041583094,-3.295274514685E-14,
    -21.29885464762));
#5001 = CARTESIAN_POINT('',(-22.92041583094,0.380988276928,
    -21.24493014524));
#5002 = CARTESIAN_POINT('',(-22.62840405621,1.224493898471,
    -21.42909291521));
#5003 = CARTESIAN_POINT('',(-21.50530449947,1.501526663799,
    -22.39041896482));
#5004 = CARTESIAN_POINT('',(-20.64146354547,0.308871169589,
    -23.09248641168));
#5005 = CARTESIAN_POINT('',(-20.87364780086,-1.38881791686,
    -22.69852864917));
#5006 = CARTESIAN_POINT('',(-22.0606322837,-1.968175727139,
    -21.34977065919));
#5007 = CARTESIAN_POINT('',(-23.0772628384,-0.686450299983,
    -20.17136659735));
#5008 = CARTESIAN_POINT('',(-22.81331561677,1.43943337085,
    -20.27354031184));
#5009 = CARTESIAN_POINT('',(-21.28551779762,2.423706584022,
    -21.63956462386));
#5010 = CARTESIAN_POINT('',(-19.76033901472,1.164366541455,
    -23.00296989962));
#5011 = CARTESIAN_POINT('',(-19.6474739107,-1.363738156079,
    -22.95406149651));
#5012 = CARTESIAN_POINT('',(-21.12952352479,-2.839186362307,
    -21.31023837529));
#5013 = CARTESIAN_POINT('',(-22.85477395324,-1.725365053468,
    -19.4232144397));
#5014 = CARTESIAN_POINT('',(-23.10244181759,1.152963256748,
    -19.01377306822));
#5015 = CARTESIAN_POINT('',(-21.41945209873,3.186792823265,
    -20.53498927994));
#5016 = CARTESIAN_POINT('',(-19.17428222917,2.347548490112,
    -22.61838564237));
#5017 = CARTESIAN_POINT('',(-18.39382717305,-0.803617151402,
    -23.23706719135));
#5018 = CARTESIAN_POINT('',(-19.86624312424,-3.440399079739,
    -21.60287773303));
#5019 = CARTESIAN_POINT('',(-22.28452727313,-3.005318107299,
    -19.022820077));
#5020 = CARTESIAN_POINT('',(-23.33803157683,0.317876674572,
    -17.80754226617));
#5021 = CARTESIAN_POINT('',(-21.84854432485,3.576513815624,
    -19.13525601101));
#5022 = CARTESIAN_POINT('',(-18.97647805982,3.670249395483,
    -21.84554876891));
#5023 = CARTESIAN_POINT('',(-17.27644668701,0.296313730388,
    -23.38380663458));
#5024 = CARTESIAN_POINT('',(-18.35917257683,-3.575206217305,
    -22.13930723763));
#5025 = CARTESIAN_POINT('',(-21.29963205321,-4.3120479871,
    -19.03707425411));
#5026 = CARTESIAN_POINT('',(-23.35585127299,-1.025349736966,
    -16.8190815272));
#5027 = CARTESIAN_POINT('',(-22.45718309964,3.4209379766,-17.55597619341
    ));
#5028 = CARTESIAN_POINT('',(-19.20422423291,4.899582604551,
    -20.64716155301));
#5029 = CARTESIAN_POINT('',(-16.45411235851,1.850267139723,
    -23.23549992027));
#5030 = CARTESIAN_POINT('',(-16.74776867364,-3.10326677689,
    -22.78007009801));
#5031 = CARTESIAN_POINT('',(-19.89465158794,-5.40196949382,
    -19.47141367657));
#5032 = CARTESIAN_POINT('',(-23.00854782625,-2.747221832896,
    -16.19574393112));
#5033 = CARTESIAN_POINT('',(-23.08619724911,2.617389295925,
    -15.95632100113));
#5034 = CARTESIAN_POINT('',(-19.83003392051,5.789688960557,
    -19.05071082259));
#5035 = CARTESIAN_POINT('',(-16.05668264034,3.688112490791,
    -22.66228859564));
#5036 = CARTESIAN_POINT('',(-15.20669110457,-1.964457316053,
    -23.35050662427));
#5037 = CARTESIAN_POINT('',(-18.12875893277,-6.035787007638,
    -20.26666528893));
#5038 = CARTESIAN_POINT('',(-22.19181745776,-4.641172667778,
    -16.04183325681));
#5039 = CARTESIAN_POINT('',(-23.31935056835,0.185946280249,
    -14.77948889027));
#5040 = CARTESIAN_POINT('',(-22.16256251965,3.637230496238,
    -15.82842793422));
#5041 = CARTESIAN_POINT('',(-19.98726299655,6.022394652069,
    -17.89587845255));
#5042 = CARTESIAN_POINT('',(-16.93955408956,5.660630948399,
    -20.8357383548));
#5043 = CARTESIAN_POINT('',(-15.03592309899,2.693072712365,
    -22.6315203406));
#5044 = CARTESIAN_POINT('',(-14.29514546948,-1.164533777798,
    -23.26444896536));
#5045 = CARTESIAN_POINT('',(-16.12557696078,-6.010840995514,
    -21.29920621811));
#5046 = CARTESIAN_POINT('',(-20.84960438714,-6.449761764935,
    -16.41340528462));
#5047 = CARTESIAN_POINT('',(-23.19696787924,-1.815940961281,
    -13.93123053657));
#5048 = CARTESIAN_POINT('',(-22.76457622537,2.412083434867,
    -14.25577318568));
#5049 = CARTESIAN_POINT('',(-20.99801461893,5.956147729501,
    -15.91448578737));
#5050 = CARTESIAN_POINT('',(-16.79935607463,7.237437744577,
    -19.97833307572));
#5051 = CARTESIAN_POINT('',(-13.68762281409,2.931213697741,
    -22.95525508032));
#5052 = CARTESIAN_POINT('',(-13.55996292194,-1.56333548379,
    -22.97506596771));
#5053 = CARTESIAN_POINT('',(-14.90039396914,-5.640051782914,
    -21.52678591576));
#5054 = CARTESIAN_POINT('',(-18.98814639503,-7.896292880263,
    -17.30422223391));
#5055 = CARTESIAN_POINT('',(-23.30255778296,-3.319100416384,
    -12.82803733886));
#5056 = CARTESIAN_POINT('',(-22.94559048531,3.161863809691,
    -13.05019338055));
#5057 = CARTESIAN_POINT('',(-20.39495374937,6.45369067833,
    -15.49298111174));
#5058 = CARTESIAN_POINT('',(-17.8843654164,7.396662396264,
    -17.92268269114));
#5059 = CARTESIAN_POINT('',(-15.32177804637,6.533767271388,
    -20.4043833076));
#5060 = CARTESIAN_POINT('',(-13.34465275443,4.045058264331,
    -22.30062184598));
#5061 = CARTESIAN_POINT('',(-12.4467790303,0.548481559076,
    -23.11760881654));
#5062 = CARTESIAN_POINT('',(-12.94230231277,-4.430200561666,
    -22.51423652932));
#5063 = CARTESIAN_POINT('',(-15.95545802245,-7.813422264054,
    -19.39323181488));
#5064 = CARTESIAN_POINT('',(-19.53451031413,-7.32032987057,
    -15.70633051844));
#5065 = CARTESIAN_POINT('',(-21.76081465135,-5.197825267543,
    -13.39913942766));
#5066 = CARTESIAN_POINT('',(-23.01362010282,-1.739005956301,
    -12.06544722261));
#5067 = CARTESIAN_POINT('',(-22.93352027016,2.183335020975,
    -12.0646603017));
#5068 = CARTESIAN_POINT('',(-21.52477411455,5.637277538969,
    -13.39251970375));
#5069 = CARTESIAN_POINT('',(-19.09551742907,7.755541851681,
    -15.74088963566));
#5070 = CARTESIAN_POINT('',(-16.22091590754,8.005157514557,
    -18.53460440362));
#5071 = CARTESIAN_POINT('',(-13.5876658543,6.293769887728,-21.0869677033
    ));
#5072 = CARTESIAN_POINT('',(-11.83663939808,3.014459075368,
    -22.75710740596));
#5073 = CARTESIAN_POINT('',(-11.39973602849,-1.051983220822,
    -23.11312402197));
#5074 = CARTESIAN_POINT('',(-12.3935067949,-4.918756128234,-22.038466502
    ));
#5075 = CARTESIAN_POINT('',(-14.58456515945,-7.634690330299,
    -19.76652138388));
#5076 = CARTESIAN_POINT('',(-17.44263970647,-8.51704284557,
    -16.82756008329));
#5077 = CARTESIAN_POINT('',(-20.26613264927,-7.323564327459,
    -13.92318038692));
#5078 = CARTESIAN_POINT('',(-22.35213839289,-4.317827989663,
    -11.75628788973));
#5079 = CARTESIAN_POINT('',(-23.16884250937,-0.21179827416,
    -10.85869701969));
#5080 = CARTESIAN_POINT('',(-22.48848589271,4.002774347349,
    -11.45816688278));
#5081 = CARTESIAN_POINT('',(-20.4474271109,7.293833952378,
    -13.41833891102));
#5082 = CARTESIAN_POINT('',(-17.51768871748,8.841762898797,
    -16.26719055088));
#5083 = CARTESIAN_POINT('',(-14.39569138446,8.243383424392,
    -19.30830113033));
#5084 = CARTESIAN_POINT('',(-11.83441257548,5.616525883053,
    -21.78869318574));
#5085 = CARTESIAN_POINT('',(-10.45939712923,1.578114217138,
    -23.08282187843));
#5086 = CARTESIAN_POINT('',(-10.61358698846,-2.900527082255,
    -22.84774526563));
#5087 = CARTESIAN_POINT('',(-12.26944190305,-6.727265356519,
    -21.11100359747));
#5088 = CARTESIAN_POINT('',(-15.03081636215,-8.955478662678,
    -18.2687423848));
#5089 = CARTESIAN_POINT('',(-18.22530893555,-9.018161451368,
    -14.99336305784));
#5090 = CARTESIAN_POINT('',(-21.06559808847,-6.871934478241,
    -12.07218715135));
#5091 = CARTESIAN_POINT('',(-22.84106113246,-3.014447276313,
    -10.21583735379));
#5092 = CARTESIAN_POINT('',(-23.09304016428,1.63072849993,
    -9.882971568405));
#5093 = CARTESIAN_POINT('',(-21.73053531971,5.935163043382,
    -11.1645896594));
#5094 = CARTESIAN_POINT('',(-19.05717861225,8.839691369658,
    -13.7570596133));
#5095 = CARTESIAN_POINT('',(-15.70174879878,9.615004358701,
    -17.0316026732));
#5096 = CARTESIAN_POINT('',(-12.468064581,8.04460098396,-20.18440013741)
  );
#5097 = CARTESIAN_POINT('',(-10.14007714275,4.484247645534,
    -22.4315008221));
#5098 = CARTESIAN_POINT('',(-9.289421927703,-0.218173637681,
    -23.20126928358));
#5099 = CARTESIAN_POINT('',(-10.13266932766,-4.924486902902,
    -22.27713513005));
#5100 = CARTESIAN_POINT('',(-12.47389879056,-8.481698367237,
    -19.85501891358));
#5101 = CARTESIAN_POINT('',(-15.74772069046,-10.00445476133,
    -16.50031026012));
#5102 = CARTESIAN_POINT('',(-19.1534097661,-9.095290681834,
    -13.0137344309));
#5103 = CARTESIAN_POINT('',(-21.84834953135,-5.947900213345,
    -10.23790791209));
#5104 = CARTESIAN_POINT('',(-23.15405667824,-1.306707709618,
    -8.851314011637));
#5105 = CARTESIAN_POINT('',(-22.7244124296,3.709056192722,
    -9.200071506708));
#5106 = CARTESIAN_POINT('',(-20.63440170373,7.87523567895,
    -11.20919547901));
#5107 = CARTESIAN_POINT('',(-17.36666734626,10.161516968381,
    -14.39604308291));
#5108 = CARTESIAN_POINT('',(-13.69798263944,9.986165134811,
    -17.98384103617));
#5109 = CARTESIAN_POINT('',(-10.51231394171,7.363764259116,
    -21.08862298032));
#5110 = CARTESIAN_POINT('',(-8.58545583132,2.908505291016,
    -22.93459433715));
#5111 = CARTESIAN_POINT('',(-8.393709043657,-2.309442662476,
    -23.04545437125));
#5112 = CARTESIAN_POINT('',(-9.993775854276,-7.020945799398,
    -21.36450080706));
#5113 = CARTESIAN_POINT('',(-13.00412192406,-10.06659017804,
    -18.27326798371));
#5114 = CARTESIAN_POINT('',(-16.69351823067,-10.68195772008,
    -14.50298492353));
#5115 = CARTESIAN_POINT('',(-20.15626416135,-8.68930923066,
    -10.95935223928));
#5116 = CARTESIAN_POINT('',(-22.5321136707,-4.547650204982,
    -8.50261597637));
#5117 = CARTESIAN_POINT('',(-23.21750135886,0.752662450269,
    -7.736341534642));
#5118 = CARTESIAN_POINT('',(-22.01620772417,5.926660210474,
    -8.856748415758));
#5119 = CARTESIAN_POINT('',(-19.19187725228,9.70627641422,
    -11.60019213408));
#5120 = CARTESIAN_POINT('',(-15.4084484597,11.151114732093,
    -15.30273417309));
#5121 = CARTESIAN_POINT('',(-11.57187548475,9.882315397429,
    -19.05842039447));
#5122 = CARTESIAN_POINT('',(-8.610857200806,6.181385734839,
    -21.93855192486));
#5123 = CARTESIAN_POINT('',(-7.249643018297,0.928329539712,
    -23.2188793538));
#5124 = CARTESIAN_POINT('',(-7.828494039356,-4.60748331513,
    -22.55914157917));
#5125 = CARTESIAN_POINT('',(-10.21629183671,-9.074036734517,
    -20.09045702824));
#5126 = CARTESIAN_POINT('',(-13.83767844941,-11.36686839711,
    -16.38818366198));
#5127 = CARTESIAN_POINT('',(-17.80928358511,-10.9021068245,
    -12.33569177271));
#5128 = CARTESIAN_POINT('',(-21.15280973532,-7.764863519293,
    -8.91127886894));
#5129 = CARTESIAN_POINT('',(-23.03357929674,-2.695333744503,
    -6.949622553945));
#5130 = CARTESIAN_POINT('',(-22.96637680418,3.085669962631,
    -6.935938292944));
#5131 = CARTESIAN_POINT('',(-20.93783165143,8.170672842028,
    -8.883596692121));
#5132 = CARTESIAN_POINT('',(-17.41451144723,11.308209367391,
    -12.32603014275));
#5133 = CARTESIAN_POINT('',(-13.2335784678,11.710782462479,
    -16.42607636862));
#5134 = CARTESIAN_POINT('',(-9.401596680087,9.252337332214,
    -20.17717140277));
#5135 = CARTESIAN_POINT('',(-6.849833701299,4.505773999931,
    -22.64804762799));
#5136 = CARTESIAN_POINT('',(-6.205544279118,-1.390294356247,
    -23.2114502966));
#5137 = CARTESIAN_POINT('',(-7.635402806894,-7.004615625946,
    -21.70070501526));
#5138 = CARTESIAN_POINT('',(-10.800140972,-10.96072835958,
    -18.45508009658));
#5139 = CARTESIAN_POINT('',(-14.93259836233,-12.27441044095,
    -14.24173595268));
#5140 = CARTESIAN_POINT('',(-19.02129028516,-10.59842339503,
    -10.07215727629));
#5141 = CARTESIAN_POINT('',(-22.05558117774,-6.313719822594,
    -6.956979630138));
#5142 = CARTESIAN_POINT('',(-23.27303710851,-0.443286081857,
    -5.658636945799));
#5143 = CARTESIAN_POINT('',(-22.34841987255,5.592007137448,
    -6.502367428194));
#5144 = CARTESIAN_POINT('',(-19.47748978698,10.31729957586,
    -9.292410760204));
#5145 = CARTESIAN_POINT('',(-15.33409043217,12.564150895823,
    -13.35492336144));
#5146 = CARTESIAN_POINT('',(-10.90980912963,11.759393590111,
    -17.69831791041));
#5147 = CARTESIAN_POINT('',(-7.274345683545,8.071038447259,
    -21.25289460293));
#5148 = CARTESIAN_POINT('',(-5.31449678514,2.374162521891,
    -23.13185674777));
#5149 = CARTESIAN_POINT('',(-5.515445622032,-3.956567951915,
    -22.85002115731));
#5150 = CARTESIAN_POINT('',(-7.838287807802,-9.378582327781,
    -20.44629221797));
#5151 = CARTESIAN_POINT('',(-11.72466986235,-12.55727386079,
    -16.47902340986));
#5152 = CARTESIAN_POINT('',(-16.22858688035,-12.6944662655,
    -11.89421963828));
#5153 = CARTESIAN_POINT('',(-20.24425897392,-9.728647991599,
    -7.797660791156));
#5154 = CARTESIAN_POINT('',(-22.77520084476,-4.356787204578,
    -5.185832166739));
#5155 = CARTESIAN_POINT('',(-23.17901175283,2.129247636036,
    -4.701134505104));
#5156 = CARTESIAN_POINT('',(-21.32775754733,8.153321782277,
    -6.47150195704));
#5157 = CARTESIAN_POINT('',(-17.64392904842,12.238040894574,
    -10.07444370238));
#5158 = CARTESIAN_POINT('',(-13.00205169818,13.367058580053,
    -14.63543429905));
#5159 = CARTESIAN_POINT('',(-8.518813212393,11.237839667045,
    -19.03778603127));
#5160 = CARTESIAN_POINT('',(-5.282065205556,6.342046238572,
    -22.19364728454));
#5161 = CARTESIAN_POINT('',(-4.084464272889,-0.147661977441,
    -23.31036146364));
#5162 = CARTESIAN_POINT('',(-5.226967787365,-6.658434855989,
    -22.0869711956));
#5163 = CARTESIAN_POINT('',(-8.440882722436,-11.59842215336,
    -18.79216950696));
#5164 = CARTESIAN_POINT('',(-12.94858416751,-13.74596456709,
    -14.20358130831));
#5165 = CARTESIAN_POINT('',(-17.64926391541,-12.55163431186,
    -9.422014806854));
#5166 = CARTESIAN_POINT('',(-21.38535584277,-8.278467484958,
    -5.605036125924));
#5167 = CARTESIAN_POINT('',(-23.22515794813,-1.944673412639,
    -3.684347266998));
#5168 = CARTESIAN_POINT('',(-22.6926490111,4.91887286986,-4.135969450463
    ));
#5169 = CARTESIAN_POINT('',(-19.88782258316,10.638624485941,
    -6.85990912483));
#5170 = CARTESIAN_POINT('',(-15.4671610862,13.806424305466,
    -11.19968386822));
#5171 = CARTESIAN_POINT('',(-10.48783143764,13.626136774774,
    -16.09812676321));
#5172 = CARTESIAN_POINT('',(-6.152555568274,10.113534004636,
    -20.35251587902));
#5173 = CARTESIAN_POINT('',(-3.516722616161,4.099297706821,
    -22.90746207756));
#5174 = CARTESIAN_POINT('',(-3.229067045779,-2.967258497795,
    -23.11423089438));
#5175 = CARTESIAN_POINT('',(-5.369625480505,-9.367410735258,
    -20.89278570608));
#5176 = CARTESIAN_POINT('',(-9.42542136466,-13.53105176009,
    -16.75610306836));
#5177 = CARTESIAN_POINT('',(-14.41097232216,-14.42185088614,
    -11.68966535729));
#5178 = CARTESIAN_POINT('',(-19.10534762074,-11.79506997031,
    -6.914403305148));
#5179 = CARTESIAN_POINT('',(-22.34875954529,-6.263926761097,
    -3.590104627024));
#5180 = CARTESIAN_POINT('',(-23.32664026115,0.843300647483,
    -2.531337157595));
#5181 = CARTESIAN_POINT('',(-21.77162557189,7.802195663931,
    -4.005465093291));
#5182 = CARTESIAN_POINT('',(-18.03337791931,12.91059194971,
    -7.662825992303));
#5183 = CARTESIAN_POINT('',(-12.99809857769,14.904917955679,
    -12.61721858035));
#5184 = CARTESIAN_POINT('',(-7.876195434766,13.272663196358,
    -17.65823496971));
#5185 = CARTESIAN_POINT('',(-3.908968093947,8.383716344974,
    -21.54457555697));
#5186 = CARTESIAN_POINT('',(-2.065387166829,1.407002962646,
    -23.30726973052));
#5187 = CARTESIAN_POINT('',(-2.803036546807,-5.968909651723,
    -22.48873359697));
#5188 = CARTESIAN_POINT('',(-5.952186573312,-11.94448204795,
    -19.2586968169));
#5189 = CARTESIAN_POINT('',(-10.75232219723,-15.04824294245,
    -14.37767443941));
#5190 = CARTESIAN_POINT('',(-16.03339944302,-14.49908660426,
    -9.015710440059));
#5191 = CARTESIAN_POINT('',(-20.49864999357,-10.40263629792,
    -4.469573135936));
#5192 = CARTESIAN_POINT('',(-23.04058212101,-3.732359782441,
    -1.846754254934));
#5193 = CARTESIAN_POINT('',(-23.01317389632,3.901627395681,
    -1.793275726052));
#5194 = CARTESIAN_POINT('',(-20.39336687712,10.641195734762,
    -4.332195991683));
#5195 = CARTESIAN_POINT('',(-15.791517948,14.832474638481,
    -8.853158167234));
#5196 = CARTESIAN_POINT('',(-10.30708760697,15.431680083641,
    -14.25670175469));
#5197 = CARTESIAN_POINT('',(-5.2636560877,12.264921494268,-19.2192465204
    ));
#5198 = CARTESIAN_POINT('',(-1.887125615262,6.07735153744,
    -22.51489023927));
#5199 = CARTESIAN_POINT('',(-1.005346345687,-1.641965121909,
    -23.31578275528));
#5200 = CARTESIAN_POINT('',(-2.842761193305,-9.018355475433,
    -21.3974811541));
#5201 = CARTESIAN_POINT('',(-6.960991505809,-14.24680935031,
    -17.19836408802));
#5202 = CARTESIAN_POINT('',(-12.36098950003,-16.03365436716,
    -11.71747934023));
#5203 = CARTESIAN_POINT('',(-17.7230005909,-13.91656262579,
    -6.274581495797));
#5204 = CARTESIAN_POINT('',(-21.7267089768,-8.383751818089,
    -2.189986356333));
#5205 = CARTESIAN_POINT('',(-23.37390652949,-0.76174387215,
    -0.461902050077));
#5206 = CARTESIAN_POINT('',(-22.23483003169,7.102603282454,
    -1.520091794307));
#5207 = CARTESIAN_POINT('',(-18.55738732761,13.289591585874,
    -5.116647744815));
#5208 = CARTESIAN_POINT('',(-13.21156197622,16.275279727156,
    -10.38158634263));
#5209 = CARTESIAN_POINT('',(-7.481373460206,15.306797869853,
    -16.03088810509));
#5210 = CARTESIAN_POINT('',(-2.754125939457,10.591960892486,
    -20.67724887227));
#5211 = CARTESIAN_POINT('',(-0.182149438253,3.255479351448,
    -23.16833861991));
#5212 = CARTESIAN_POINT('',(-0.399508995851,-4.929226763882,
    -22.87009230874));
#5213 = CARTESIAN_POINT('',(-3.363319525088,-11.96869006458,
    -19.82539502594));
#5214 = CARTESIAN_POINT('',(-8.359349868851,-16.13492450618,
    -14.74847792861));
#5215 = CARTESIAN_POINT('',(-14.17172848008,-16.38956556848,
    -8.855212563811));
#5216 = CARTESIAN_POINT('',(-19.3764514387,-12.64252261278,
    -3.569602851621));
#5217 = CARTESIAN_POINT('',(-22.68784556906,-5.780748086539,
    -0.177321967697));
#5218 = CARTESIAN_POINT('',(-23.2736914692,2.541543721706,0.489410686014
    ));
#5219 = CARTESIAN_POINT('',(-20.9617725015,10.301632854307,
    -1.741621528121));
#5220 = CARTESIAN_POINT('',(-16.28660548881,15.599911674703,
    -6.335901787242));
#5221 = CARTESIAN_POINT('',(-10.36380752418,17.12487814278,
    -12.1778129983));
#5222 = CARTESIAN_POINT('',(-4.621590622333,14.477685269217,
    -17.83914314658));
#5223 = CARTESIAN_POINT('',(-0.453999604116,8.275954328588,
    -21.92584741123));
#5224 = CARTESIAN_POINT('',(1.119915319848,9.944932298054E-03,
    -23.41887558163));
#5225 = CARTESIAN_POINT('',(-0.292335283404,-8.315491464832,
    -21.92573822481));
#5226 = CARTESIAN_POINT('',(-4.356465263351,-14.66716569748,
    -17.7807214913));
#5227 = CARTESIAN_POINT('',(-10.08808135871,-17.48007862254,
    -11.96821864237));
#5228 = CARTESIAN_POINT('',(-16.08871685829,-16.04296617933,
    -5.886696389219));
#5229 = CARTESIAN_POINT('',(-20.88464808904,-10.67789474034,
    -1.009878404909));
#5230 = CARTESIAN_POINT('',(-23.28640795177,-2.668617798343,
    1.472768211396));
#5231 = CARTESIAN_POINT('',(-22.68129398392,6.046510145637,0.94854099711
    ));
#5232 = CARTESIAN_POINT('',(-19.18694640443,13.343626896096,
    -2.464919828811));
#5233 = CARTESIAN_POINT('',(-13.62753319415,17.430943371942,
    -7.943446285522));
#5234 = CARTESIAN_POINT('',(-7.337166073331,17.288678755108,
    -14.15292665278));
#5235 = CARTESIAN_POINT('',(-1.837417986588,12.923341658991,
    -19.57178798595));
#5236 = CARTESIAN_POINT('',(1.533110858827,5.372988922422,-22.8614300778
    ));
#5237 = CARTESIAN_POINT('',(1.946994550773,-3.539483283471,
    -23.19442701618));
#5238 = CARTESIAN_POINT('',(-0.706514358967,-11.64641610156,
    -20.46003135287));
#5239 = CARTESIAN_POINT('',(-5.789697690027,-16.96259779787,
    -15.29596126824));
#5240 = CARTESIAN_POINT('',(-12.06721420681,-18.17138081147,
    -8.937557997894));
#5241 = CARTESIAN_POINT('',(-18.0039222932,-14.95067538817,
    -2.919963157936));
#5242 = CARTESIAN_POINT('',(-22.13788855429,-8.058129197366,
    1.294889856727));
#5243 = CARTESIAN_POINT('',(-23.43794898816,0.846890502061,2.67583704416
    ));
#5244 = CARTESIAN_POINT('',(-21.55837215459,9.602738566138,
    0.877146964161));
#5245 = CARTESIAN_POINT('',(-16.92774427778,16.070215973003,
    -3.672594159086));
#5246 = CARTESIAN_POINT('',(-10.64928955737,18.655203986457,
    -9.870162125929));
#5247 = CARTESIAN_POINT('',(-4.235758964143,16.701524006131,
    -16.20280596559));
#5248 = CARTESIAN_POINT('',(0.757415144439,10.657220384346,
    -21.1150933206));
#5249 = CARTESIAN_POINT('',(3.111738957095,1.972194342178,
    -23.38853037969));
#5250 = CARTESIAN_POINT('',(2.245402096799,-7.249522692461,
    -22.44130676583));
#5251 = CARTESIAN_POINT('',(-1.64058031481,-14.75948009811,
    -18.47443760065));
#5252 = CARTESIAN_POINT('',(-7.606501682212,-18.71302632392,
    -12.42762947968));
#5253 = CARTESIAN_POINT('',(-14.19879827488,-18.12236800985,
    -5.754446133449));
#5254 = CARTESIAN_POINT('',(-19.80180593972,-13.10320466463,
    -7.055171503754E-02));
#5255 = CARTESIAN_POINT('',(-23.03131823202,-4.853397772833,
    3.239847330835));
#5256 = CARTESIAN_POINT('',(-23.07407957523,4.632795979495,
    3.363495427608));
#5257 = CARTESIAN_POINT('',(-19.88995359601,13.046781452797,
    0.260256201954));
#5258 = CARTESIAN_POINT('',(-14.22653140643,18.327453288901,
    -5.322279234057));
#5259 = CARTESIAN_POINT('',(-7.441446528212,19.166067040453,
    -12.02647735871));
#5260 = CARTESIAN_POINT('',(-1.174603758361,15.330489271119,
    -18.21243337499));
#5261 = CARTESIAN_POINT('',(3.050549976629,7.72851657649,-22.35670035641
    ));
#5262 = CARTESIAN_POINT('',(4.199765212584,-1.806807501652,
    -23.4250288388));
#5263 = CARTESIAN_POINT('',(1.98354484595,-10.95915080402,-21.1279217186
    ));
#5264 = CARTESIAN_POINT('',(-3.06761701925,-17.49157667598,
    -15.99587309983));
#5265 = CARTESIAN_POINT('',(-9.72778752474,-19.79326697402,
    -9.25481584078));
#5266 = CARTESIAN_POINT('',(-16.37073486201,-17.2766633751,
    -2.530981749937));
#5267 = CARTESIAN_POINT('',(-21.36460987337,-10.52712939494,
    2.543780014987));
#5268 = CARTESIAN_POINT('',(-23.47038216514,-1.167086946385,
    4.730439060326));
#5269 = CARTESIAN_POINT('',(-22.14674863489,8.533913004807,
    3.487692283649));
#5270 = CARTESIAN_POINT('',(-17.68648964077,16.209485942356,
    -0.891679956907));
#5271 = CARTESIAN_POINT('',(-11.1499635288,19.973647808384,
    -7.347319315311));
#5272 = CARTESIAN_POINT('',(-4.110769213432,18.884183095258,
    -14.30562687711));
#5273 = CARTESIAN_POINT('',(1.72543099303,13.178312008833,
    -20.06094033001));
#5274 = CARTESIAN_POINT('',(4.936596787478,4.221754371533,
    -23.19121937089));
#5275 = CARTESIAN_POINT('',(4.733197391735,-5.818067552151,
    -22.90693322158));
#5276 = CARTESIAN_POINT('',(1.154709570506,-14.49651233301,
    -19.24755864678));
#5277 = CARTESIAN_POINT('',(-4.935154303813,-19.68697599241,
    -13.07680801889));
#5278 = CARTESIAN_POINT('',(-12.0545037205,-20.10198030596,
    -5.876571848639));
#5279 = CARTESIAN_POINT('',(-18.46147349458,-15.6124147336,
    0.611284679007));
#5280 = CARTESIAN_POINT('',(-22.57799215395,-7.285800022677,
    4.80869009195));
#5281 = CARTESIAN_POINT('',(-23.37601908637,2.86740400821,5.687603777937
    ));
#5282 = CARTESIAN_POINT('',(-20.63172085716,12.379192628649,
    3.024192302291));
#5283 = CARTESIAN_POINT('',(-14.98475860347,18.923929068956,
    -2.541883197832));
#5284 = CARTESIAN_POINT('',(-7.787086274962,20.886951875973,
    -9.658668772776));
#5285 = CARTESIAN_POINT('',(-0.77696910593,17.762857791181,
    -16.58789918824));
#5286 = CARTESIAN_POINT('',(4.343184320784,10.285234541029,
    -21.62716586138));
#5287 = CARTESIAN_POINT('',(6.322646052796,0.254631762538,
    -23.52574083983));
#5288 = CARTESIAN_POINT('',(4.670282478461,-9.894946281548,
    -21.79249051192));
#5289 = CARTESIAN_POINT('',(-0.221236915395,-17.68666564138,
    -16.8200843645));
#5290 = CARTESIAN_POINT('',(-7.16630387932,-21.20528806146,
    -9.794130647013));
#5291 = CARTESIAN_POINT('',(-14.4713390302,-19.56789905065,
    -2.408208742566));
#5292 = CARTESIAN_POINT('',(-20.34538004742,-13.14525392387,
    3.546719028229));
#5293 = CARTESIAN_POINT('',(-23.33674971247,-3.478297806784,
    6.618975446843));
#5294 = CARTESIAN_POINT('',(-22.68933680316,7.091466940996,
    6.052449291105));
#5295 = CARTESIAN_POINT('',(-18.53105494282,15.989119613658,
    1.975054184333));
#5296 = CARTESIAN_POINT('',(-11.8475325264,21.033601977219,
    -4.627581478525));
#5297 = CARTESIAN_POINT('',(-4.246263593644,20.97232820676,
    -12.14796365771));
#5298 = CARTESIAN_POINT('',(2.432360976066,15.792089623629,
    -18.74570147386));
#5299 = CARTESIAN_POINT('',(6.563025515272,6.729113680919,
    -22.79547925949));
#5300 = CARTESIAN_POINT('',(7.133423380645,-4.025836725991,
    -23.2849903713));
#5301 = CARTESIAN_POINT('',(3.994727922093,-13.85700425458,
    -20.06540815918));
#5302 = CARTESIAN_POINT('',(-2.09735585336,-20.35982631229,
    -13.89243763016));
#5303 = CARTESIAN_POINT('',(-9.662125667666,-21.92904231376,
    -6.246781062291));
#5304 = CARTESIAN_POINT('',(-16.8513755554,-18.15488334318,
    1.023355579013));
#5305 = CARTESIAN_POINT('',(-21.89854273198,-9.929580655431,
    6.151409509166));
#5306 = CARTESIAN_POINT('',(-23.55035732567,0.763378893626,
    7.884110856418));
#5307 = CARTESIAN_POINT('',(-21.37552541655,11.327518741838,
    5.79016570087));
#5308 = CARTESIAN_POINT('',(-15.87442678763,19.183848653425,
    0.369953825519));
#5309 = CARTESIAN_POINT('',(-8.361978090634,22.400459615268,
    -7.061608117917));
#5310 = CARTESIAN_POINT('',(-0.651039535618,20.167539436484,
    -14.69165991936));
#5311 = CARTESIAN_POINT('',(5.387417483819,13.001024808837,
    -20.64923018523));
#5312 = CARTESIAN_POINT('',(8.280671668897,2.623728412653,
    -23.46159761674));
#5313 = CARTESIAN_POINT('',(7.315828370834,-8.448757276967,
    -22.41586756511));
#5314 = CARTESIAN_POINT('',(2.717845328187,-17.51786281324,
    -17.7369977689));
#5315 = CARTESIAN_POINT('',(-4.400420753042,-22.35973177521,
    -10.5378449341));
#5316 = CARTESIAN_POINT('',(-12.30515656547,-21.77050734346,
    -2.552222368103));
#5317 = CARTESIAN_POINT('',(-19.06150541203,-15.86551927434,
    4.285013232021));
#5318 = CARTESIAN_POINT('',(-23.00475470489,-6.058048053494,
    8.309149278455));
#5319 = CARTESIAN_POINT('',(-23.14805148615,5.278828445148,
    8.533332813279));
#5320 = CARTESIAN_POINT('',(-19.42679365184,15.386420292809,
    4.892961732533));
#5321 = CARTESIAN_POINT('',(-12.71919207468,21.791718863015,
    -1.733753091056));
#5322 = CARTESIAN_POINT('',(-4.636821427814,22.912447212822,
    -9.735236984361));
#5323 = CARTESIAN_POINT('',(2.86490860562,18.447838917763,
    -17.15608026422));
#5324 = CARTESIAN_POINT('',(7.96221443883,9.458654159442,-22.17249934387
    ));
#5325 = CARTESIAN_POINT('',(9.408722950251,-1.884700031405,
    -23.53812110172));
#5326 = CARTESIAN_POINT('',(6.84261878884,-12.82617327923,
    -20.89113018674));
#5327 = CARTESIAN_POINT('',(0.879475033433,-20.69369668602,
    -14.84709967777));
#5328 = CARTESIAN_POINT('',(-7.032987346958,-23.55173379902,
    -6.853750543812));
#5329 = CARTESIAN_POINT('',(-14.96397670251,-20.67739887089,
    1.158125565318));
#5330 = CARTESIAN_POINT('',(-20.9683818146,-12.74303630548,
    7.243417430969));
#5331 = CARTESIAN_POINT('',(-23.56139579464,-1.659208193895,
    9.917318164578));
#5332 = CARTESIAN_POINT('',(-22.08320121516,9.885308214106,
    8.520010338668));
#5333 = CARTESIAN_POINT('',(-16.86415312326,19.075772180694,
    3.381849000334));
#5334 = CARTESIAN_POINT('',(-9.149138954443,23.657756832655,
    -4.252278414922));
#5335 = CARTESIAN_POINT('',(-0.798365713985,22.49012768838,
    -12.52216490181));
#5336 = CARTESIAN_POINT('',(6.163520192913,15.82909284938,
    -19.40316405514));
#5337 = CARTESIAN_POINT('',(10.04069722912,5.272654333523,
    -23.19945433778));
#5338 = CARTESIAN_POINT('',(9.881643325336,-6.622676778599,
    -22.95951368043));
#5339 = CARTESIAN_POINT('',(5.715034385782,-16.96098942962,
    -18.7120179873));
#5340 = CARTESIAN_POINT('',(-1.452396973207,-23.21198029886,
    -11.46369987475));
#5341 = CARTESIAN_POINT('',(-9.876698763237,-23.83022647535,
    -2.958511331156));
#5342 = CARTESIAN_POINT('',(-17.49863568927,-18.63716546064,
    4.744312348446));
#5343 = CARTESIAN_POINT('',(-22.44464329142,-8.871391214421,
    9.771206704171));
#5344 = CARTESIAN_POINT('',(-23.48493210736,3.106638932809,
    10.892382273677));
#5345 = CARTESIAN_POINT('',(-20.33673345768,14.385116304378,
    7.825070377559));
#5346 = CARTESIAN_POINT('',(-13.73792406197,22.208728328564,
    1.30714773542));
#5347 = CARTESIAN_POINT('',(-5.271941429338,24.651767156011,
    -7.07794814365));
#5348 = CARTESIAN_POINT('',(3.014493060112,21.092064789529,
    -15.28349587953));
#5349 = CARTESIAN_POINT('',(9.108559334648,12.369129093846,
    -21.2966754005));
#5350 = CARTESIAN_POINT('',(11.522657349828,0.586359779341,
    -23.62988666211));
#5351 = CARTESIAN_POINT('',(9.65993207543,-11.39610956538,
    -21.68627463414));
#5352 = CARTESIAN_POINT('',(3.964198041505,-20.6556715973,
    -15.90965384665));
#5353 = CARTESIAN_POINT('',(-4.183359830614,-24.92008609529,
    -7.681209220969));
#5354 = CARTESIAN_POINT('',(-12.79671604903,-23.12503637141,
    1.013033751024));
#5355 = CARTESIAN_POINT('',(-19.76671567972,-15.67959852875,
    8.063920135278));
#5356 = CARTESIAN_POINT('',(-23.37512896179,-4.373447286362,
    11.753220170913));
#5357 = CARTESIAN_POINT('',(-22.71576149693,8.05326428999,
    11.174739459622));
#5358 = CARTESIAN_POINT('',(-17.91941773194,18.573995096508,
    6.459282448197));
#5359 = CARTESIAN_POINT('',(-10.1268918617,24.612933491417,
    -1.252356668479));
#5360 = CARTESIAN_POINT('',(-1.215385044607,24.675616275323,
    -10.082976732));
#5361 = CARTESIAN_POINT('',(6.656055523462,18.718664225013,
    -17.8735305465));
#5362 = CARTESIAN_POINT('',(11.57200740817,8.167184472433,
    -22.70859567764));
#5363 = CARTESIAN_POINT('',(12.329164065018,-4.426061547853,
    -23.38486558092));
#5364 = CARTESIAN_POINT('',(8.733261347413,-15.99823572897,
    -19.70807610975));
#5365 = CARTESIAN_POINT('',(1.651183888846,-23.72134424154,
    -12.54511189762));
#5366 = CARTESIAN_POINT('',(-7.195604943504,-25.69332769697,
    -3.617436311702));
#5367 = CARTESIAN_POINT('',(-15.64710838786,-21.40643836123,
    4.914953886228));
#5368 = CARTESIAN_POINT('',(-21.62977155433,-11.87758336892,
    10.978503806261));
#5369 = CARTESIAN_POINT('',(-23.66279452813,0.592736097067,
    13.092413533629));
#5370 = CARTESIAN_POINT('',(-21.22215492694,12.975786205361,
    10.732660686003));
#5371 = CARTESIAN_POINT('',(-14.87286172795,22.250202231327,
    4.464254240587));
#5372 = CARTESIAN_POINT('',(-6.136104333422,26.139172648076,
    -4.191616400379));
#5373 = CARTESIAN_POINT('',(2.877504255275,23.669340809354,
    -13.1243382355));
#5374 = CARTESIAN_POINT('',(9.980173474367,15.414237486989,
    -20.14612070103));
#5375 = CARTESIAN_POINT('',(13.440349246878,3.361406666179,
    -23.52540971997));
#5376 = CARTESIAN_POINT('',(12.407242622063,-9.566069986301,
    -22.41141634159));
#5377 = CARTESIAN_POINT('',(7.122396009269,-20.21847707172,
    -17.04568297523));
#5378 = CARTESIAN_POINT('',(-1.134299498355,-25.98687705093,
    -8.708100714042));
#5379 = CARTESIAN_POINT('',(-10.35216659187,-25.44205389882,
    0.590653133046));
#5380 = CARTESIAN_POINT('',(-18.27698775054,-18.68851394961,
    8.596361045282));
#5381 = CARTESIAN_POINT('',(-22.95986302717,-7.345888401823,
    13.360123075486));
#5382 = CARTESIAN_POINT('',(-23.23404352374,5.839400322376,
    13.715190325619));
#5383 = CARTESIAN_POINT('',(-19.00307788737,17.659120040617,
    9.565111442817));
#5384 = CARTESIAN_POINT('',(-11.26912463048,25.223852829059,
    1.912044939495));
#5385 = CARTESIAN_POINT('',(-1.893362144021,26.669320911062,
    -7.382830793404));
#5386 = CARTESIAN_POINT('',(6.85424246311,21.615754494743,
    -16.04954864696));
#5387 = CARTESIAN_POINT('',(12.846895897468,11.26712796336,
    -21.96131532775));
#5388 = CARTESIAN_POINT('',(14.620458138666,-1.875544584269,
    -23.65399081538));
#5389 = CARTESIAN_POINT('',(11.733555097494,-14.61861419883,
    -20.68620102064));
#5390 = CARTESIAN_POINT('',(4.879762643409,-23.85184687648,
    -13.75152181299));
#5391 = CARTESIAN_POINT('',(-4.276600428901,-27.3075403301,
    -4.514271987119));
#5392 = CARTESIAN_POINT('',(-13.50222423759,-24.11743110752,
    4.792238575139));
#5393 = CARTESIAN_POINT('',(-20.53713170471,-15.03063661795,
    11.908032795831));
#5394 = CARTESIAN_POINT('',(-23.64588041055,-2.237977159272,
    15.097668255238));
#5395 = CARTESIAN_POINT('',(-22.04320647994,11.156182144725,
    13.575881078192));
#5396 = CARTESIAN_POINT('',(-16.08972096829,21.887253951976,
    7.703282320113));
#5397 = CARTESIAN_POINT('',(-7.208915748953,27.326111964855,
    -1.096636145662));
#5398 = CARTESIAN_POINT('',(2.455483264217,26.123202054233,
    -10.68014840526));
#5399 = CARTESIAN_POINT('',(10.559347687881,18.543286912211,
    -18.70312607536));
#5400 = CARTESIAN_POINT('',(15.129110906148,6.407823167614,
    -23.19200254006));
#5401 = CARTESIAN_POINT('',(15.044794109603,-7.34266343924,
    -23.02679898994));
#5402 = CARTESIAN_POINT('',(10.316878275346,-19.36107841462,
    -18.21799640212));
#5403 = CARTESIAN_POINT('',(2.088592503633,-26.70849631897,
    -9.908823876843));
#5404 = CARTESIAN_POINT('',(-7.638115996458,-27.57281545592,
    -0.101228623185));
#5405 = CARTESIAN_POINT('',(-16.48726126172,-21.715600874,8.828803395646
    ));
#5406 = CARTESIAN_POINT('',(-22.28680774109,-10.5369480848,
    14.70923662859));
#5407 = CARTESIAN_POINT('',(-23.59936600276,3.259082163574,
    16.102681643825));
#5408 = CARTESIAN_POINT('',(-20.07593150847,16.318538110878,
    12.660133903102));
#5409 = CARTESIAN_POINT('',(-12.54562263568,25.452954903785,
    5.210711783878));
#5410 = CARTESIAN_POINT('',(-2.818409932931,28.417810245199,
    -4.435614165307));
#5411 = CARTESIAN_POINT('',(6.752251744141,24.464001664761,
    -13.92538908881));
#5412 = CARTESIAN_POINT('',(13.841206517857,14.526859964892,
    -20.93345710896));
#5413 = CARTESIAN_POINT('',(16.718879096198,1.005066849814,
    -23.73024293373));
#5414 = CARTESIAN_POINT('',(14.675652580306,-12.81831243955,
    -21.60612966427));
#5415 = CARTESIAN_POINT('',(8.199221683335,-23.57294642951,
    -15.04881201373));
#5416 = CARTESIAN_POINT('',(-1.139373777537,-28.62296835079,
    -5.629329799296));
#5417 = CARTESIAN_POINT('',(-11.06444880978,-26.71297257813,
    4.376631986514));
#5418 = CARTESIAN_POINT('',(-19.14782932067,-18.27996380693,
    12.540899250973));
#5419 = CARTESIAN_POINT('',(-23.40049437601,-5.35377705074,
    16.87445105989));
#5420 = CARTESIAN_POINT('',(-22.75954689322,8.931445449655,
    16.314390330665));
#5421 = CARTESIAN_POINT('',(-17.35129222583,21.09716180607,
    10.987022416843));
#5422 = CARTESIAN_POINT('',(-8.465327959213,28.167477174496,
    2.181944903785));
#5423 = CARTESIAN_POINT('',(1.755224589243,28.397068449294,
    -7.957720891104));
#5424 = CARTESIAN_POINT('',(10.832952054401,21.701935962145,
    -16.95456160269));
#5425 = CARTESIAN_POINT('',(16.559047953577,9.686691640643,
    -22.5997707483));
#5426 = CARTESIAN_POINT('',(17.533158447619,-4.739923547933,
    -23.49299448877));
#5427 = CARTESIAN_POINT('',(13.508235661601,-18.06918945035,
    -19.38718494919));
#5428 = CARTESIAN_POINT('',(5.455486069083,-27.0457677542,-11.2535486031
    ));
#5429 = CARTESIAN_POINT('',(-4.667566753604,-29.46272708869,
    -1.049609026851));
#5430 = CARTESIAN_POINT('',(-14.3905355108,-24.70407191469,
    8.754246483914));
#5431 = CARTESIAN_POINT('',(-21.33063215276,-13.90141881721,
    15.775229879449));
#5432 = CARTESIAN_POINT('',(-23.77418955838,0.33495579203,
    18.299674038634));
#5433 = CARTESIAN_POINT('',(-21.09732208718,14.546811331043,
    15.703693321003));
#5434 = CARTESIAN_POINT('',(-13.92247132144,25.268001307969,
    8.609729308831));
#5435 = CARTESIAN_POINT('',(-3.971591917122,29.86983224478,
    -1.260263341929));
#5436 = CARTESIAN_POINT('',(6.349428784734,27.205549464148,
    -11.50039729021));
#5437 = CARTESIAN_POINT('',(14.534827441977,17.895947397456,
    -19.60490919389));
#5438 = CARTESIAN_POINT('',(18.589712170238,4.185007394216,
    -23.57890716858));
#5439 = CARTESIAN_POINT('',(17.518639287762,-10.60093926736,
    -22.42694753254));
#5440 = CARTESIAN_POINT('',(11.572364800132,-22.86018496218,
    -16.39978629134));
#5441 = CARTESIAN_POINT('',(2.191625800555,-29.59298475916,
    -6.938160538201));
#5442 = CARTESIAN_POINT('',(-8.33953649431,-29.13555028527,
    3.673888510232));
#5443 = CARTESIAN_POINT('',(-17.44750396887,-21.57110591725,
    12.862742738361));
#5444 = CARTESIAN_POINT('',(-22.89561932978,-8.716474126537,
    18.391744852846));
#5445 = CARTESIAN_POINT('',(-23.33100606589,6.314210015112,
    18.908018342521));
#5446 = CARTESIAN_POINT('',(-18.61798632422,19.863906195614,
    14.275885354421));
#5447 = CARTESIAN_POINT('',(-9.875938259211,28.622444897833,
    5.61472404297));
#5448 = CARTESIAN_POINT('',(0.788797878633,30.435185211313,
    -4.969125341307));
#5449 = CARTESIAN_POINT('',(10.792772578831,24.833006138661,
    -14.89221328793));
#5450 = CARTESIAN_POINT('',(17.703629458873,13.153280439795,
    -21.72218341441));
#5451 = CARTESIAN_POINT('',(19.833901005168,-1.779266395493,
    -23.77156820713));
#5452 = CARTESIAN_POINT('',(16.655439419852,-16.33568467449,
    -20.51221986825));
#5453 = CARTESIAN_POINT('',(8.932709362282,-26.96471618755,
    -12.70860305711));
#5454 = CARTESIAN_POINT('',(-1.458654784038,-31.05917234491,
    -2.236352157231));
#5455 = CARTESIAN_POINT('',(-11.98499022783,-27.59541114401,
    8.370870040132));
#5456 = CARTESIAN_POINT('',(-20.06997560616,-17.38907490119,
    16.536742172034));
#5457 = CARTESIAN_POINT('',(-23.72277045795,-2.903240068542,
    20.270423777385));
#5458 = CARTESIAN_POINT('',(-22.02577652998,12.345949494489,
    18.654316602983));
#5459 = CARTESIAN_POINT('',(-15.36252331083,24.642749292767,
    12.071950137404));
#5460 = CARTESIAN_POINT('',(-5.329105075887,30.97722217684,
    2.119418656022));
#5461 = CARTESIAN_POINT('',(5.650439579287,29.781968899898,
    -8.779239245584));
#5462 = CARTESIAN_POINT('',(14.912130633579,21.319860365754,
    -17.9600435463));
#5463 = CARTESIAN_POINT('',(20.200800754065,7.626882059545,
    -23.16782691322));
#5464 = CARTESIAN_POINT('',(20.221610800349,-7.977659154769,
    -23.10775020594));
#5465 = CARTESIAN_POINT('',(14.959453214017,-21.69575334776,
    -17.76470586604));
#5466 = CARTESIAN_POINT('',(5.687468765692,-30.17509018383,
    -8.411834664151));
#5467 = CARTESIAN_POINT('',(-5.338574081288,-31.32825434169,
    2.695094936395));
#5468 = CARTESIAN_POINT('',(-15.42668629548,-24.8465322881,
    12.864093904155));
#5469 = CARTESIAN_POINT('',(-22.10350055288,-12.28187540413,
    19.621794915127));
#5470 = CARTESIAN_POINT('',(-23.71825444919,3.32459064,21.31743556501));
#5471 = CARTESIAN_POINT('',(-19.84842677191,18.178611503875,
    17.52849464129));
#5472 = CARTESIAN_POINT('',(-11.40736030421,28.655264749485,
    9.168314927158));
#5473 = CARTESIAN_POINT('',(-0.42651218546,32.183566629071,
    -1.731646438027));
#5474 = CARTESIAN_POINT('',(10.435777079219,27.877351954767,
    -12.51304894913));
#5475 = CARTESIAN_POINT('',(18.54021548038,16.757629057809,
    -20.53660059673));
#5476 = CARTESIAN_POINT('',(21.910241863579,1.510667463374,
    -23.82574022636));
#5477 = CARTESIAN_POINT('',(19.716475803396,-14.16090706387,
    -21.55108741261));
#5478 = CARTESIAN_POINT('',(12.48320252615,-26.43726649559,
    -14.2369273818));
#5479 = CARTESIAN_POINT('',(1.965513375763,-32.31243327836,
    -3.638351477845));
#5480 = CARTESIAN_POINT('',(-9.274153762583,-30.33029327759,
    7.682202414068));
#5481 = CARTESIAN_POINT('',(-18.48790551185,-20.94536723587,
    16.976840916908));
#5482 = CARTESIAN_POINT('',(-23.41179847747,-6.418974462096,
    21.981620636093));
#5483 = CARTESIAN_POINT('',(-22.81966559138,9.725575102249,
    21.470374503577));
#5484 = CARTESIAN_POINT('',(-16.82592633626,23.557546159316,
    15.557522002018));
#5485 = CARTESIAN_POINT('',(-6.862537139754,31.69577528424,
    5.675019559076));
#5486 = CARTESIAN_POINT('',(4.665327982886,32.135210969492,
    -5.771958809995));
#5487 = CARTESIAN_POINT('',(14.962365296766,24.740748277012,
    -15.9881093703));
#5488 = CARTESIAN_POINT('',(21.523113995481,11.28712517114,
    -22.46797131545));
#5489 = CARTESIAN_POINT('',(22.744402782319,-4.967252590412,
    -23.60837334872));
#5490 = CARTESIAN_POINT('',(18.318682996532,-20.0688856378,
    -19.10176680937));
#5491 = CARTESIAN_POINT('',(9.3153034187,-30.33186866323,-10.01750047797
    ));
#5492 = CARTESIAN_POINT('',(-2.078327987484,-33.23545182244,
    1.457017681779));
#5493 = CARTESIAN_POINT('',(-13.08034284494,-28.04703451329,
    12.539919292805));
#5494 = CARTESIAN_POINT('',(-21.00170876669,-15.99927129207,
    20.542171968119));
#5495 = CARTESIAN_POINT('',(-22.92041583094,-5.341469547119,
    22.514803534757));
#5496 = CARTESIAN_POINT('',(-22.92041583094,-1.105284716639E-12,
    22.541765785946));
#5497 = DEFINITIONAL_REPRESENTATION('',(#5498),#5502);
#5498 = LINE('',#5499,#5500);
#5499 = CARTESIAN_POINT('',(3.14159265359,7.227090422429E-17));
#5500 = VECTOR('',#5501,1.);
#5501 = DIRECTION('',(0.,1.));
#5502 = ( GEOMETRIC_REPRESENTATION_CONTEXT(2) 
PARAMETRIC_REPRESENTATION_CONTEXT() REPRESENTATION_CONTEXT('2D SPACE',''
  ) );
#5503 = PCURVE('',#526,#5504);
#5504 = DEFINITIONAL_REPRESENTATION('',(#5505),#5509);
#5505 = LINE('',#5506,#5507);
#5506 = CARTESIAN_POINT('',(-3.14159265359,7.227090422429E-17));
#5507 = VECTOR('',#5508,1.);
#5508 = DIRECTION('',(0.,1.));
#5509 = ( GEOMETRIC_REPRESENTATION_CONTEXT(2) 
PARAMETRIC_REPRESENTATION_CONTEXT() REPRESENTATION_CONTEXT('2D SPACE',''
  ) );
#5510 = ORIENTED_EDGE('',*,*,#5511,.F.);
#5511 = EDGE_CURVE('',#24,#24,#5512,.T.);
#5512 = SURFACE_CURVE('',#5513,(#5518,#5525),.PCURVE_S1.);
#5513 = CIRCLE('',#5514,0.5);
#5514 = AXIS2_PLACEMENT_3D('',#5515,#5516,#5517);
#5515 = CARTESIAN_POINT('',(-22.92041583094,-1.117078449519E-12,
    23.041765785946));
#5516 = DIRECTION('',(2.346500108071E-14,-1.,-2.358746576062E-14));
#5517 = DIRECTION('',(2.30926389122E-14,-2.358746576062E-14,1.));
#5518 = PCURVE('',#526,#5519);
#5519 = DEFINITIONAL_REPRESENTATION('',(#5520),#5524);
#5520 = LINE('',#5521,#5522);
#5521 = CARTESIAN_POINT('',(-6.283185307179,270.17696820872));
#5522 = VECTOR('',#5523,1.);
#5523 = DIRECTION('',(1.,0.));
#5524 = ( GEOMETRIC_REPRESENTATION_CONTEXT(2) 
PARAMETRIC_REPRESENTATION_CONTEXT() REPRESENTATION_CONTEXT('2D SPACE',''
  ) );
#5525 = PCURVE('',#5526,#5531);
#5526 = PLANE('',#5527);
#5527 = AXIS2_PLACEMENT_3D('',#5528,#5529,#5530);
#5528 = CARTESIAN_POINT('',(-22.92041583094,-1.117078449519E-12,
    23.041765785946));
#5529 = DIRECTION('',(-2.346500108071E-14,1.,2.358746576062E-14));
#5530 = DIRECTION('',(-1.,-2.346500108071E-14,2.30926389122E-14));
#5531 = DEFINITIONAL_REPRESENTATION('',(#5532),#5540);
#5532 = ( BOUNDED_CURVE() B_SPLINE_CURVE(2,(#5533,#5534,#5535,#5536,
#5537,#5538,#5539),.UNSPECIFIED.,.T.,.F.) B_SPLINE_CURVE_WITH_KNOTS((1,2
    ,2,2,2,1),(-2.094395102393,0.,2.094395102393,4.188790204786,
6.28318530718,8.377580409573),.UNSPECIFIED.) CURVE() 
GEOMETRIC_REPRESENTATION_ITEM() RATIONAL_B_SPLINE_CURVE((1.,0.5,1.,0.5,
1.,0.5,1.)) REPRESENTATION_ITEM('') );
#5533 = CARTESIAN_POINT('',(2.781842705043E-28,0.5));
#5534 = CARTESIAN_POINT('',(0.866025403784,0.5));
#5535 = CARTESIAN_POINT('',(0.433012701892,-0.25));
#5536 = CARTESIAN_POINT('',(1.224646799142E-16,-1.));
#5537 = CARTESIAN_POINT('',(-0.433012701892,-0.25));
#5538 = CARTESIAN_POINT('',(-0.866025403784,0.5));
#5539 = CARTESIAN_POINT('',(2.781842705043E-28,0.5));
#5540 = ( GEOMETRIC_REPRESENTATION_CONTEXT(2) 
PARAMETRIC_REPRESENTATION_CONTEXT() REPRESENTATION_CONTEXT('2D SPACE',''
  ) );
#5541 = ORIENTED_EDGE('',*,*,#21,.F.);
#5542 = ORIENTED_EDGE('',*,*,#5543,.T.);
#5543 = EDGE_CURVE('',#22,#22,#5544,.T.);
#5544 = SURFACE_CURVE('',#5545,(#5550,#5557),.PCURVE_S1.);
#5545 = CIRCLE('',#5546,0.5);
#5546 = AXIS2_PLACEMENT_3D('',#5547,#5548,#5549);
#5547 = CARTESIAN_POINT('',(-22.92041583094,-3.295274514685E-14,
    -20.79885464762));
#5548 = DIRECTION('',(-1.224646799147E-16,-1.,0.));
#5549 = DIRECTION('',(2.30926389122E-14,-2.82803263277E-30,1.));
#5550 = PCURVE('',#526,#5551);
#5551 = DEFINITIONAL_REPRESENTATION('',(#5552),#5556);
#5552 = LINE('',#5553,#5554);
#5553 = CARTESIAN_POINT('',(-6.28318530718,-4.105082380617E-14));
#5554 = VECTOR('',#5555,1.);
#5555 = DIRECTION('',(1.,0.));
#5556 = ( GEOMETRIC_REPRESENTATION_CONTEXT(2) 
PARAMETRIC_REPRESENTATION_CONTEXT() REPRESENTATION_CONTEXT('2D SPACE',''
  ) );
#5557 = PCURVE('',#5558,#5563);
#5558 = PLANE('',#5559);
#5559 = AXIS2_PLACEMENT_3D('',#5560,#5561,#5562);
#5560 = CARTESIAN_POINT('',(-22.92041583094,-3.295274514685E-14,
    -20.79885464762));
#5561 = DIRECTION('',(1.224646799147E-16,1.,0.));
#5562 = DIRECTION('',(-1.,1.224646799147E-16,2.30926389122E-14));
#5563 = DEFINITIONAL_REPRESENTATION('',(#5564),#5572);
#5564 = ( BOUNDED_CURVE() B_SPLINE_CURVE(2,(#5565,#5566,#5567,#5568,
#5569,#5570,#5571),.UNSPECIFIED.,.T.,.F.) B_SPLINE_CURVE_WITH_KNOTS((1,2
    ,2,2,2,1),(-2.094395102393,0.,2.094395102393,4.188790204786,
6.28318530718,8.377580409573),.UNSPECIFIED.) CURVE() 
GEOMETRIC_REPRESENTATION_ITEM() RATIONAL_B_SPLINE_CURVE((1.,0.5,1.,0.5,
1.,0.5,1.)) REPRESENTATION_ITEM('') );
#5565 = CARTESIAN_POINT('',(-1.136868377216E-13,0.5));
#5566 = CARTESIAN_POINT('',(0.866025403784,0.5));
#5567 = CARTESIAN_POINT('',(0.433012701892,-0.25));
#5568 = CARTESIAN_POINT('',(-1.135643730417E-13,-1.));
#5569 = CARTESIAN_POINT('',(-0.433012701892,-0.25));
#5570 = CARTESIAN_POINT('',(-0.866025403785,0.5));
#5571 = CARTESIAN_POINT('',(-1.136868377216E-13,0.5));
#5572 = ( GEOMETRIC_REPRESENTATION_CONTEXT(2) 
PARAMETRIC_REPRESENTATION_CONTEXT() REPRESENTATION_CONTEXT('2D SPACE',''
  ) );
#5573 = ADVANCED_FACE('',(#5574),#5526,.T.);
#5574 = FACE_BOUND('',#5575,.T.);
#5575 = EDGE_LOOP('',(#5576));
#5576 = ORIENTED_EDGE('',*,*,#5511,.F.);
#5577 = ADVANCED_FACE('',(#5578),#5558,.F.);
#5578 = FACE_BOUND('',#5579,.T.);
#5579 = EDGE_LOOP('',(#5580));
#5580 = ORIENTED_EDGE('',*,*,#5543,.T.);
#5581 = ( GEOMETRIC_REPRESENTATION_CONTEXT(3) 
GLOBAL_UNCERTAINTY_ASSIGNED_CONTEXT((#5585)) 
GLOBAL_UNIT_ASSIGNED_CONTEXT((#5582,#5583,#5584)) REPRESENTATION_CONTEXT
('Context #1','3D Context with UNIT and UNCERTAINTY') );
#5582 = ( LENGTH_UNIT() NAMED_UNIT(*) SI_UNIT(.MILLI.,.METRE.) );
#5583 = ( NAMED_UNIT(*) PLANE_ANGLE_UNIT() SI_UNIT($,.RADIAN.) );
#5584 = ( NAMED_UNIT(*) SI_UNIT($,.STERADIAN.) SOLID_ANGLE_UNIT() );
#5585 = UNCERTAINTY_MEASURE_WITH_UNIT(LENGTH_MEASURE(1.E-03),#5582,
  'distance_accuracy_value','confusion accuracy');
#5586 = PRODUCT_RELATED_PRODUCT_CATEGORY('part',$,(#7));
ENDSEC;
END-ISO-10303-21;
