gap_mm,t_vaneMm,r_outMm,ws_deg,n_plates,V_op_kV,C_min_pF,C_max_pF,kappa,Ca_pF,z,P_eigen_W,P_clamped_est_W,P_clamped_est_per_m,L_es_side_mm,L_tube_mm,rotor_vanes_kg,stator_vanes_kg,ca_plates_kg,I_rotor_kgm2,V_onset_kV,V_onset_handled_kV,corona_ok,gain_ok
3.0,1.5,150.0,18.0,4,7.2644,15.3326,409.945,26.7369,450.9395,1.4874,0.5709,0.8954,17.5577,51.0,694.0,0.8224,0.9918,2.0358,0.0079,9.6538,8.2057,True,True
3.0,1.5,150.0,18.0,6,7.2644,22.9512,644.1993,28.0682,708.6192,1.5429,0.9302,1.5173,20.643,73.5,739.0,1.2336,1.4877,2.5447,0.0119,9.6538,8.2057,True,True
3.0,1.5,150.0,18.0,8,7.2644,30.5698,878.4535,28.736,966.2989,1.5714,1.2884,2.1428,21.3213,100.5,793.0,1.6448,1.9836,3.5626,0.0159,9.6538,8.2057,True,True
3.0,1.5,150.0,18.0,10,7.2644,38.1884,1112.7078,29.1373,1223.9786,1.5887,1.6452,2.7683,22.5063,123.0,838.0,2.056,2.4795,4.0715,0.0199,9.6538,8.2057,True,True
3.0,1.5,150.0,18.0,12,7.2644,45.807,1346.9621,29.4052,1481.6583,1.5999,2.003,3.3957,23.3383,145.5,883.0,2.4673,2.9755,4.5804,0.0238,9.6538,8.2057,True,True
3.0,1.5,150.0,18.0,16,7.2644,61.0442,1815.4706,29.7403,1997.0177,1.6142,2.7167,4.6496,23.8439,195.0,982.0,3.2897,3.9673,6.1073,0.0318,9.6538,8.2057,True,True
3.0,1.5,150.0,22.0,4,7.2644,20.6936,496.3554,23.986,545.9909,1.5019,0.699,1.1078,21.7207,51.0,694.0,0.9581,1.1275,2.0358,0.0096,9.6538,8.2057,True,True
3.0,1.5,150.0,22.0,6,7.2644,31.3756,779.9871,24.8597,857.9858,1.5486,1.1308,1.8516,23.7389,78.0,748.0,1.4372,1.6913,3.0536,0.0145,9.6538,8.2057,True,True
3.0,1.5,150.0,22.0,8,7.2644,42.0577,1063.6187,25.2895,1169.9806,1.5723,1.5618,2.5991,24.7531,105.0,802.0,1.9163,2.2551,4.0715,0.0193,9.6538,8.2057,True,True
3.0,1.5,150.0,22.0,10,7.2644,52.7397,1347.2504,25.5453,1481.9754,1.5864,1.9922,3.347,26.2512,127.5,847.0,2.3953,2.8188,4.5804,0.0241,9.6538,8.2057,True,True
3.0,1.5,150.0,22.0,12,7.2644,63.4217,1630.882,25.7149,1793.9702,1.5958,2.4222,4.0952,26.5063,154.5,901.0,2.8744,3.3826,5.5983,0.0289,9.6538,8.2057,True,True
3.0,1.5,150.0,22.0,16,7.2644,84.7858,2198.1454,25.9259,2417.9599,1.6067,3.2803,5.5862,26.7921,208.5,1009.0,3.8325,4.5101,7.6341,0.0386,9.6538,8.2057,True,True
3.0,1.5,150.0,26.0,4,7.2644,33.323,583.1823,17.5009,641.5005,1.4836,0.8127,1.2711,22.9032,55.5,703.0,1.0939,1.2633,2.5447,0.0113,9.6538,8.2057,True,True
3.0,1.5,150.0,26.0,6,7.2644,51.2219,916.4293,17.8914,1008.0722,1.5224,1.3112,2.1082,25.5545,82.5,757.0,1.6408,1.8949,3.5626,0.017,9.6538,8.2057,True,True
3.0,1.5,150.0,26.0,8,7.2644,69.1207,1249.6763,18.0796,1374.644,1.542,1.8093,2.949,26.9318,109.5,811.0,2.1877,2.5265,4.5804,0.0227,9.6538,8.2057,True,True
3.0,1.5,150.0,26.0,10,7.2644,87.0196,1582.9234,18.1904,1741.2157,1.5527,2.3054,3.7856,27.733,136.5,865.0,2.7346,3.1581,5.5983,0.0283,9.6538,8.2057,True,True
3.0,1.5,150.0,26.0,12,7.2644,104.9185,1916.1704,18.2634,2107.7874,1.5598,2.8012,4.622,28.2689,163.5,919.0,3.2816,3.7898,6.6162,0.034,9.6538,8.2057,True,True
3.0,1.5,150.0,26.0,16,7.2644,140.7162,2582.6644,18.3537,2840.9309,1.5693,3.7944,6.3016,28.973,217.5,1027.0,4.3754,5.053,8.6519,0.0453,9.6538,8.2057,True,True
3.0,2.0,150.0,18.0,4,7.2644,17.5662,411.3903,23.4194,452.5293,1.4766,0.5688,0.8852,15.5297,57.0,706.0,1.0966,1.3224,2.7143,0.0106,10.3184,8.7706,True,True
3.0,2.0,150.0,18.0,6,7.2644,26.4612,646.4704,24.4309,711.1174,1.5307,0.9275,1.5,18.2926,82.0,756.0,1.6448,1.9836,3.3929,0.0159,10.3184,8.7706,True,True
3.0,2.0,150.0,18.0,8,7.2644,35.3562,881.5506,24.9334,969.7056,1.5584,1.2851,2.1184,18.9141,112.0,816.0,2.1931,2.6448,4.7501,0.0212,10.3184,8.7706,True,True
3.0,2.0,150.0,18.0,10,7.2644,44.2511,1116.6307,25.2339,1228.2938,1.5744,1.6414,2.7353,19.966,137.0,866.0,2.7414,3.3061,5.4287,0.0265,10.3184,8.7706,True,True
3.0,2.0,150.0,18.0,12,7.2644,53.1461,1351.7108,25.4339,1486.8819,1.5861,1.9985,3.3569,20.1012,167.0,926.0,3.2897,3.9673,6.7858,0.0318,10.3184,8.7706,True,True
3.0,2.0,150.0,18.0,16,7.2644,70.9361,1821.8711,25.6833,2004.0583,1.6,2.7111,4.5963,21.181,217.0,1026.0,4.3862,5.2897,8.143,0.0424,10.3184,8.7706,True,True
3.0,2.0,150.0,22.0,4,7.2644,23.8054,498.2179,20.9288,548.0397,1.4885,0.6957,1.0921,19.159,57.0,706.0,1.2775,1.5034,2.7143,0.0129,10.3184,8.7706,True,True
3.0,2.0,150.0,22.0,6,7.2644,36.2656,782.9138,21.5883,861.2052,1.5338,1.1264,1.8255,20.9833,87.0,766.0,1.9163,2.2551,4.0715,0.0193,10.3184,8.7706,True,True
3.0,2.0,150.0,22.0,8,7.2644,48.7258,1067.6098,21.9105,1174.3708,1.5568,1.5562,2.5625,21.9014,117.0,826.0,2.555,3.0068,5.4287,0.0257,10.3184,8.7706,True,True
3.0,2.0,150.0,22.0,10,7.2644,61.1861,1352.3057,22.1015,1487.5363,1.5704,1.9854,3.2999,22.448,147.0,886.0,3.1938,3.7585,6.7858,0.0321,10.3184,8.7706,True,True
3.0,2.0,150.0,22.0,12,7.2644,73.6463,1637.0017,22.2279,1800.7018,1.5795,2.4143,4.0375,23.4736,172.0,936.0,3.8325,4.5101,7.4644,0.0386,10.3184,8.7706,True,True
3.0,2.0,150.0,22.0,16,7.2644,98.5668,2206.3935,22.3848,2427.0329,1.5908,3.2732,5.5154,23.7734,232.0,1056.0,5.1101,6.0135,10.1788,0.0514,10.3184,8.7706,True,True
3.0,2.0,150.0,26.0,4,7.2644,38.156,584.8861,15.3288,643.3747,1.4665,0.8055,1.2443,20.0698,62.0,716.0,1.4585,1.6843,3.3929,0.0151,10.3184,8.7706,True,True
3.0,2.0,150.0,26.0,6,7.2644,58.8165,919.1068,15.6267,1011.0175,1.5039,1.3009,2.0645,22.4402,92.0,776.0,2.1877,2.5265,4.7501,0.0227,10.3184,8.7706,True,True
3.0,2.0,150.0,26.0,8,7.2644,79.4771,1253.3274,15.7697,1378.6602,1.5227,1.7958,2.8881,23.673,122.0,836.0,2.9169,3.3687,6.1073,0.0302,10.3184,8.7706,True,True
3.0,2.0,150.0,26.0,10,7.2644,100.1376,1587.5481,15.8537,1746.3029,1.533,2.2888,3.7076,24.3918,152.0,896.0,3.6462,4.2108,7.4644,0.0378,10.3184,8.7706,True,True
3.0,2.0,150.0,26.0,12,7.2644,120.7982,1921.7687,15.9089,2113.9456,1.5398,2.7815,4.5269,24.873,182.0,956.0,4.3754,5.053,8.8216,0.0453,10.3184,8.7706,True,True
3.0,2.0,150.0,26.0,16,7.2644,162.1193,2590.21,15.9772,2849.231,1.5489,3.7685,6.1721,25.5045,242.0,1076.0,5.8339,6.7373,11.5359,0.0605,10.3184,8.7706,True,True
3.0,2.5,150.0,18.0,4,7.2644,19.0269,411.976,21.6522,453.1736,1.469,0.5666,0.8769,13.9191,63.0,718.0,1.3707,1.653,3.3929,0.0132,10.8045,9.1838,True,True
3.0,2.5,150.0,18.0,6,7.2644,28.7566,647.3909,22.5128,712.13,1.5222,0.9245,1.4862,16.422,90.5,773.0,2.056,2.4795,4.2412,0.0199,10.8045,9.1838,True,True
3.0,2.5,150.0,18.0,8,7.2644,38.4863,882.8058,22.9382,971.0863,1.5494,1.2812,2.099,16.9959,123.5,839.0,2.7414,3.3061,5.9376,0.0265,10.8045,9.1838,True,True
3.0,2.5,150.0,18.0,10,7.2644,48.216,1118.2206,23.1919,1230.0427,1.5659,1.6382,2.7144,17.9764,151.0,894.0,3.4267,4.1326,6.7858,0.0331,10.8045,9.1838,True,True
3.0,2.5,150.0,18.0,12,7.2644,57.9457,1353.6355,23.3604,1488.9991,1.5766,1.9929,3.3263,18.0775,184.0,960.0,4.1121,4.9591,8.4823,0.0397,10.8045,9.1838,True,True
3.0,2.5,150.0,18.0,16,7.2644,77.405,1824.4653,23.5704,2006.9118,1.5902,2.7039,4.5544,19.0559,239.0,1070.0,5.4828,6.6121,10.1788,0.053,10.8045,9.1838,True,True
3.0,2.5,150.0,22.0,4,7.2644,25.769,498.6606,19.3512,548.5267,1.4802,0.6929,1.0811,17.1605,63.0,718.0,1.5969,1.8792,3.3929,0.0161,10.8045,9.1838,True,True
3.0,2.5,150.0,22.0,6,7.2644,39.3512,783.6096,19.9132,861.9705,1.5254,1.1224,1.8084,18.8377,96.0,784.0,2.3953,2.8188,5.0894,0.0241,10.8045,9.1838,True,True
3.0,2.5,150.0,22.0,8,7.2644,52.9335,1068.5585,20.1868,1175.4144,1.5472,1.5511,2.5374,19.6701,129.0,850.0,3.1938,3.7585,6.7858,0.0321,10.8045,9.1838,True,True
3.0,2.5,150.0,22.0,10,7.2644,66.5158,1353.5074,20.3487,1488.8582,1.5607,1.9792,3.2677,20.1711,162.0,916.0,3.9922,4.6981,8.4823,0.0402,10.8045,9.1838,True,True
3.0,2.5,150.0,22.0,12,7.2644,80.098,1638.4564,20.4556,1802.302,1.5696,2.407,3.9982,21.0988,189.5,971.0,4.7907,5.6377,9.3305,0.0482,10.8045,9.1838,True,True
3.0,2.5,150.0,22.0,16,7.2644,107.2626,2208.3542,20.5883,2429.1897,1.5806,3.2605,5.4566,21.3564,255.5,1103.0,6.3876,7.5169,12.7235,0.0643,10.8045,9.1838,True,True
3.0,2.5,150.0,26.0,4,7.2644,41.1896,585.1009,14.2051,643.611,1.4558,0.7995,1.2254,17.8893,68.5,729.0,1.8231,2.1054,4.2412,0.0189,10.8045,9.1838,True,True
3.0,2.5,150.0,26.0,6,7.2644,63.5836,919.4443,14.4604,1011.3887,1.4923,1.2921,2.0338,20.0373,101.5,795.0,2.7346,3.1581,5.9376,0.0283,10.8045,9.1838,True,True
3.0,2.5,150.0,26.0,8,7.2644,85.9777,1253.7876,14.5827,1379.1664,1.5101,1.7843,2.8442,21.1463,134.5,861.0,3.6462,4.2108,7.6341,0.0378,10.8045,9.1838,True,True
3.0,2.5,150.0,26.0,10,7.2644,108.3717,1588.131,14.6545,1746.9441,1.5209,2.2745,3.6531,21.8095,167.5,927.0,4.5577,5.2635,9.3305,0.0472,10.8045,9.1838,True,True
3.0,2.5,150.0,26.0,12,7.2644,130.7658,1922.4744,14.7017,2114.7218,1.5275,2.7644,4.4607,22.2479,200.5,993.0,5.4693,6.3163,11.027,0.0567,10.8045,9.1838,True,True
3.0,2.5,150.0,26.0,16,7.2644,175.5539,2591.1611,14.7599,2850.2772,1.5364,3.7458,6.0819,22.8215,266.5,1125.0,7.2923,8.4217,14.4199,0.0756,10.8045,9.1838,True,True
3.0,3.0,150.0,18.0,4,7.2644,20.448,411.6033,20.1293,452.7636,1.4617,0.5634,0.8674,12.5709,69.0,730.0,1.6448,1.9836,4.0715,0.0159,11.0941,9.43,True,True
3.0,3.0,150.0,18.0,6,7.2644,30.9897,646.8051,20.8716,711.4857,1.5142,0.9199,1.4707,14.8553,99.0,790.0,2.4673,2.9755,5.0894,0.0238,11.0941,9.43,True,True
3.0,3.0,150.0,18.0,8,7.2644,41.5315,882.007,21.2371,970.2077,1.5411,1.2753,2.0774,15.3879,135.0,862.0,3.2897,3.9673,7.1251,0.0318,11.0941,9.43,True,True
3.0,3.0,150.0,18.0,10,7.2644,52.0732,1117.2089,21.4546,1228.9298,1.5573,1.6293,2.6839,16.2658,165.0,922.0,4.1121,4.9591,8.143,0.0397,11.0941,9.43,True,True
3.0,3.0,150.0,18.0,12,7.2644,62.6149,1352.4108,21.5989,1487.6518,1.5671,1.9823,3.2874,16.355,201.0,994.0,4.9345,5.9509,10.1788,0.0477,11.0941,9.43,True,True
3.0,3.0,150.0,18.0,16,7.2644,83.6984,1822.8145,21.7784,2005.0959,1.5813,2.6926,4.5083,17.2733,261.0,1114.0,6.5793,7.9345,12.2145,0.0635,11.0941,9.43,True,True
3.0,3.0,150.0,22.0,4,7.2644,27.6522,498.1665,18.0154,547.9831,1.4719,0.6879,1.0669,15.4622,69.0,730.0,1.9163,2.2551,4.0715,0.0193,11.0941,9.43,True,True
3.0,3.0,150.0,22.0,6,7.2644,42.3106,782.833,18.502,861.1163,1.5157,1.115,1.7844,16.9946,105.0,802.0,2.8744,3.3826,6.1073,0.0289,11.0941,9.43,True,True
3.0,3.0,150.0,22.0,8,7.2644,56.969,1067.4995,18.7382,1174.2495,1.5379,1.5413,2.5053,17.768,141.0,874.0,3.8325,4.5101,8.143,0.0386,11.0941,9.43,True,True
3.0,3.0,150.0,22.0,10,7.2644,71.6274,1352.1661,18.8778,1487.3827,1.5511,1.967,3.2266,18.2291,177.0,946.0,4.7907,5.6377,10.1788,0.0482,11.0941,9.43,True,True
3.0,3.0,150.0,22.0,12,7.2644,86.2859,1636.8326,18.9699,1800.5159,1.5599,2.3925,3.948,19.0726,207.0,1006.0,5.7488,6.7652,11.1966,0.0578,11.0941,9.43,True,True
3.0,3.0,150.0,22.0,16,7.2644,115.6027,2206.1657,19.084,2426.7823,1.5708,3.2447,5.3941,19.3339,279.0,1150.0,7.6651,9.0203,15.2681,0.0771,11.0941,9.43,True,True
3.0,3.0,150.0,26.0,4,7.2644,44.067,584.7711,13.27,643.2483,1.4457,0.7929,1.2062,16.0831,75.0,742.0,2.1877,2.5265,5.0894,0.0227,11.0941,9.43,True,True
3.0,3.0,150.0,26.0,6,7.2644,68.1053,918.9261,13.4927,1010.8187,1.4815,1.2823,2.0027,18.0427,111.0,814.0,3.2816,3.7898,7.1251,0.034,11.0941,9.43,True,True
3.0,3.0,150.0,26.0,8,7.2644,92.1436,1253.081,13.5992,1378.3891,1.4989,1.7694,2.7982,19.0351,147.0,886.0,4.3754,5.053,9.1609,0.0453,11.0941,9.43,True,True
3.0,3.0,150.0,26.0,10,7.2644,116.182,1587.236,13.6616,1745.9596,1.5095,2.2583,3.5982,19.6624,183.0,958.0,5.4693,6.3163,11.1966,0.0567,11.0941,9.43,True,True
3.0,3.0,150.0,26.0,12,7.2644,140.2203,1921.3909,13.7027,2113.53,1.516,2.7452,4.3939,20.0636,219.0,1030.0,6.5631,7.5795,13.2324,0.068,11.0941,9.43,True,True
3.0,3.0,150.0,26.0,16,7.2644,188.2969,2589.7008,13.7533,2848.6709,1.5247,3.7202,5.9912,20.5884,291.0,1174.0,8.7508,10.106,17.3039,0.0907,11.0941,9.43,True,True
3.0,4.0,150.0,18.0,4,7.2644,23.2075,410.5102,17.6887,451.5612,1.4471,0.5555,0.8459,10.4432,81.0,754.0,2.1931,2.6448,5.4287,0.0212,11.4209,9.7078,True,True
3.0,4.0,150.0,18.0,6,7.2644,35.3261,645.0874,18.2609,709.5961,1.4983,0.9082,1.4355,12.3748,116.0,824.0,3.2897,3.9673,6.7858,0.0318,11.4209,9.7078,True,True
3.0,4.0,150.0,18.0,8,7.2644,47.4447,879.6646,18.5408,967.6311,1.5244,1.2598,2.0285,12.8383,158.0,908.0,4.3862,5.2897,9.5002,0.0424,11.4209,9.7078,True,True
3.0,4.0,150.0,18.0,10,7.2644,59.5633,1114.2419,18.7069,1225.6661,1.5395,1.6102,2.6199,13.5747,193.0,978.0,5.4828,6.6121,10.8573,0.053,11.4209,9.7078,True,True
3.0,4.0,150.0,18.0,12,7.2644,71.6819,1348.8191,18.8167,1483.701,1.5505,1.9615,3.2159,14.1049,228.0,1048.0,6.5793,7.9345,12.2145,0.0635,11.4209,9.7078,True,True
3.0,4.0,150.0,18.0,16,7.2644,95.9191,1817.9736,18.9532,1999.7709,1.5635,2.6623,4.4041,14.4397,305.0,1202.0,8.7725,10.5794,16.286,0.0847,11.4209,9.7078,True,True
3.0,4.0,150.0,22.0,4,7.2644,31.3467,497.3373,15.8657,547.0711,1.456,0.6784,1.04,12.839,81.0,754.0,2.555,3.0068,5.4287,0.0257,11.4209,9.7078,True,True
3.0,4.0,150.0,22.0,6,7.2644,48.1162,781.5301,16.2425,859.6831,1.4987,1.1018,1.7421,14.1635,123.0,838.0,3.8325,4.5101,8.143,0.0386,11.4209,9.7078,True,True
3.0,4.0,150.0,22.0,8,7.2644,64.8858,1065.7229,16.4246,1172.2952,1.5195,1.524,2.4454,14.8208,165.0,922.0,5.1101,6.0135,10.8573,0.0514,11.4209,9.7078,True,True
3.0,4.0,150.0,22.0,10,7.2644,81.6553,1349.9157,16.5319,1484.9072,1.5323,1.9456,3.1499,15.217,207.0,1006.0,6.3876,7.5169,13.5717,0.0643,11.4209,9.7078,True,True
3.0,4.0,150.0,22.0,12,7.2644,98.4248,1634.1084,16.6026,1797.5193,1.5407,2.3644,3.8506,15.9116,242.0,1076.0,7.6651,9.0203,14.9288,0.0771,11.4209,9.7078,True,True
3.0,4.0,150.0,22.0,16,7.2644,131.9639,2202.494,16.6901,2422.7434,1.5513,3.2074,5.2616,16.1398,326.0,1244.0,10.2201,12.027,20.3575,0.1028,11.4209,9.7078,True,True
3.0,4.0,150.0,26.0,4,7.2644,49.4716,583.9924,11.8046,642.3917,1.4267,0.7796,1.1693,13.2878,88.0,768.0,2.9169,3.3687,6.7858,0.0302,11.4209,9.7078,True,True
3.0,4.0,150.0,26.0,6,7.2644,76.5982,917.7024,11.9807,1009.4726,1.4607,1.2619,1.9412,14.9324,130.0,852.0,4.3754,5.053,9.5002,0.0453,11.4209,9.7078,True,True
3.0,4.0,150.0,26.0,8,7.2644,103.7248,1251.4124,12.0647,1376.5536,1.4781,1.7443,2.7174,15.7988,172.0,936.0,5.8339,6.7373,12.2145,0.0605,11.4209,9.7078,True,True
3.0,4.0,150.0,26.0,10,7.2644,130.8515,1585.1223,12.1139,1743.6346,1.4876,2.2247,3.4896,16.3064,214.0,1020.0,7.2923,8.4217,14.9288,0.0756,11.4209,9.7078,True,True
3.0,4.0,150.0,26.0,12,7.2644,157.9781,1918.8323,12.1462,2110.7155,1.4952,2.7076,4.2703,16.6809,256.0,1104.0,8.7508,10.106,17.6432,0.0907,11.4209,9.7078,True,True
3.0,4.0,150.0,26.0,16,7.2644,212.2313,2586.2522,12.186,2844.8774,1.5029,3.6705,5.8208,17.1201,340.0,1272.0,11.6678,13.4747,23.0719,0.1209,11.4209,9.7078,True,True
4.0,1.5,150.0,18.0,4,9.26,18.1145,312.1842,17.2339,343.4026,1.4069,0.6613,0.9771,15.7594,62.0,720.0,0.8224,0.9918,2.0358,0.0079,11.1633,9.4888,True,True
4.0,1.5,150.0,18.0,6,9.26,27.3228,490.5752,17.9548,539.6327,1.4692,1.0984,1.7001,18.996,89.5,775.0,1.2336,1.4877,2.5447,0.0119,11.1633,9.4888,True,True
4.0,1.5,150.0,18.0,8,9.26,36.5311,668.9661,18.3122,735.8627,1.5015,1.5337,2.4298,19.8352,122.5,841.0,1.6448,1.9836,3.5626,0.0159,11.1633,9.4888,True,True
4.0,1.5,150.0,18.0,10,9.26,45.7394,847.3571,18.5258,932.0928,1.5222,1.9693,3.1659,21.1062,150.0,896.0,2.056,2.4795,4.0715,0.0199,11.1633,9.4888,True,True
4.0,1.5,150.0,18.0,12,9.26,54.9477,1025.7481,18.6677,1128.3229,1.5349,2.4036,3.8986,21.304,183.0,962.0,2.4673,2.9755,5.0894,0.0238,11.1633,9.4888,True,True
4.0,1.5,150.0,18.0,16,9.26,73.3643,1382.53,18.8447,1520.783,1.5515,3.2702,5.3653,22.5434,238.0,1072.0,3.2897,3.9673,6.1073,0.0318,11.1633,9.4888,True,True
4.0,1.5,150.0,22.0,4,9.26,24.2819,377.3049,15.5385,415.0354,1.4211,0.8113,1.2118,19.5451,62.0,720.0,0.9581,1.1275,2.0358,0.0096,11.1633,9.4888,True,True
4.0,1.5,150.0,22.0,6,9.26,37.0144,592.9077,16.0183,652.1985,1.4742,1.3343,2.0727,21.8182,95.0,786.0,1.4372,1.6913,3.0536,0.0145,11.1633,9.4888,True,True
4.0,1.5,150.0,22.0,8,9.26,49.7469,808.5105,16.2525,889.3616,1.5007,1.8546,2.9365,22.9415,128.0,852.0,1.9163,2.2551,4.0715,0.0193,11.1633,9.4888,True,True
4.0,1.5,150.0,22.0,10,9.26,62.4794,1024.1134,16.3912,1126.5247,1.5168,2.3744,3.8027,23.6193,161.0,918.0,2.3953,2.8188,5.0894,0.0241,11.1633,9.4888,True,True
4.0,1.5,150.0,22.0,12,9.26,75.212,1239.7162,16.483,1363.6878,1.5278,2.8955,4.6734,24.7924,188.5,973.0,2.8744,3.3826,5.5983,0.0289,11.1633,9.4888,True,True
4.0,1.5,150.0,22.0,16,9.26,100.677,1670.9218,16.5969,1838.014,1.5418,3.9351,6.4133,25.1994,254.5,1105.0,3.8325,4.5101,7.6341,0.0386,11.1633,9.4888,True,True
4.0,1.5,150.0,26.0,4,9.26,38.0449,442.4251,11.629,486.6676,1.3981,0.9326,1.3687,20.2777,67.5,731.0,1.0939,1.2633,2.5447,0.0113,11.1633,9.4888,True,True
4.0,1.5,150.0,26.0,6,9.26,58.642,695.2394,11.8557,764.7634,1.4411,1.5289,2.318,23.0649,100.5,797.0,1.6408,1.8949,3.5626,0.017,11.1633,9.4888,True,True
4.0,1.5,150.0,26.0,8,9.26,79.2391,948.0538,11.9645,1042.8591,1.4629,2.1222,3.2697,24.4923,133.5,863.0,2.1877,2.5265,4.5804,0.0227,11.1633,9.4888,True,True
4.0,1.5,150.0,26.0,10,9.26,99.8362,1200.8681,12.0284,1320.9549,1.4749,2.7133,4.2174,25.3298,166.5,929.0,2.7346,3.1581,5.5983,0.0283,11.1633,9.4888,True,True
4.0,1.5,150.0,26.0,12,9.26,120.4332,1453.6824,12.0704,1599.0507,1.4838,3.3062,5.172,25.9248,199.5,995.0,3.2816,3.7898,6.6162,0.034,11.1633,9.4888,True,True
4.0,1.5,150.0,26.0,16,9.26,161.6274,1959.3111,12.1224,2155.2422,1.4949,4.4938,7.0858,26.6885,265.5,1127.0,4.3754,5.053,8.6519,0.0453,11.1633,9.4888,True,True
4.0,2.0,150.0,18.0,4,9.26,19.5807,313.5911,16.0153,344.9502,1.3988,0.6597,0.9688,14.2468,68.0,732.0,1.0966,1.3224,2.7143,0.0106,12.0172,10.2146,True,True
4.0,2.0,150.0,18.0,6,9.26,29.6268,492.786,16.6331,542.0646,1.461,1.0969,1.6877,17.2212,98.0,792.0,1.6448,1.9836,3.3929,0.0159,12.0172,10.2146,True,True
4.0,2.0,150.0,18.0,8,9.26,39.6729,671.9809,16.938,739.179,1.4926,1.5321,2.4119,17.9992,134.0,864.0,2.1931,2.6448,4.7501,0.0212,12.0172,10.2146,True,True
4.0,2.0,150.0,18.0,10,9.26,49.719,851.1758,17.1197,936.2933,1.5114,1.9657,3.1362,19.1232,164.0,924.0,2.7414,3.3061,5.4287,0.0265,12.0172,10.2146,True,True
4.0,2.0,150.0,18.0,12,9.26,59.7651,1030.3707,17.2403,1133.4077,1.5245,2.3994,3.8637,19.3184,200.0,996.0,3.2897,3.9673,6.7858,0.0318,12.0172,10.2146,True,True
4.0,2.0,150.0,18.0,16,9.26,79.8573,1388.7605,17.3905,1527.6365,1.5406,3.2652,5.3172,20.4507,260.0,1116.0,4.3862,5.2897,8.143,0.0424,12.0172,10.2146,True,True
4.0,2.0,150.0,22.0,4,9.26,26.2723,378.5056,14.407,416.3561,1.4115,0.8071,1.1968,17.5994,68.0,732.0,1.2775,1.5034,2.7143,0.0129,12.0172,10.2146,True,True
4.0,2.0,150.0,22.0,6,9.26,40.1422,594.7945,14.8172,654.2739,1.4633,1.3289,2.0481,19.6934,104.0,804.0,1.9163,2.2551,4.0715,0.0193,12.0172,10.2146,True,True
4.0,2.0,150.0,22.0,8,9.26,54.0122,811.0834,15.0167,892.1917,1.4898,1.8479,2.9031,20.7364,140.0,876.0,2.555,3.0068,5.4287,0.0257,12.0172,10.2146,True,True
4.0,2.0,150.0,22.0,10,9.26,67.8821,1027.3723,15.1347,1130.1095,1.5055,2.3662,3.7595,21.361,176.0,948.0,3.1938,3.7585,6.7858,0.0321,12.0172,10.2146,True,True
4.0,2.0,150.0,22.0,12,9.26,81.752,1243.6612,15.2126,1368.0273,1.5163,2.8861,4.6205,22.4294,206.0,1008.0,3.8325,4.5101,7.4644,0.0386,12.0172,10.2146,True,True
4.0,2.0,150.0,22.0,16,9.26,109.4918,1676.239,15.3093,1843.8629,1.5291,3.9188,6.3307,22.7724,278.0,1152.0,5.1101,6.0135,10.1788,0.0514,12.0172,10.2146,True,True
4.0,2.0,150.0,26.0,4,9.26,41.0505,443.6256,10.8068,487.9882,1.3865,0.9251,1.3455,18.1826,74.0,744.0,1.4585,1.6843,3.3929,0.0151,12.0172,10.2146,True,True
4.0,2.0,150.0,26.0,6,9.26,63.3651,697.126,11.0017,766.8386,1.4283,1.5162,2.2769,20.6987,110.0,816.0,2.1877,2.5265,4.7501,0.0227,12.0172,10.2146,True,True
4.0,2.0,150.0,26.0,8,9.26,85.6797,950.6264,11.0951,1045.689,1.4488,2.1055,3.2107,21.9908,146.0,888.0,2.9169,3.3687,6.1073,0.0302,12.0172,10.2146,True,True
4.0,2.0,150.0,26.0,10,9.26,107.9943,1204.1267,11.1499,1324.5394,1.4618,2.6957,4.15,22.8024,182.0,960.0,3.6462,4.2108,7.4644,0.0378,12.0172,10.2146,True,True
4.0,2.0,150.0,26.0,12,9.26,130.3089,1457.6271,11.1859,1603.3898,1.4698,3.2854,5.0874,23.3369,218.0,1032.0,4.3754,5.053,8.8216,0.0453,12.0172,10.2146,True,True
4.0,2.0,150.0,26.0,16,9.26,174.9381,1964.6278,11.2304,2161.0906,1.4805,4.4617,6.9627,24.0094,290.0,1176.0,5.8339,6.7373,11.5359,0.0605,12.0172,10.2146,True,True
4.0,2.5,150.0,18.0,4,9.26,21.7535,315.0288,14.4817,346.5317,1.3881,0.655,0.954,12.8917,74.0,744.0,1.3707,1.653,3.3929,0.0132,12.7027,10.7973,True,True
4.0,2.5,150.0,18.0,6,9.26,33.0413,495.0453,14.9826,544.5498,1.4473,1.0906,1.6611,15.5976,106.5,809.0,2.056,2.4795,4.2412,0.0199,12.7027,10.7973,True,True
4.0,2.5,150.0,18.0,8,9.26,44.329,675.0617,15.2284,742.5679,1.4779,1.5243,2.3742,16.3178,145.5,887.0,2.7414,3.3061,5.9376,0.0265,12.7027,10.7973,True,True
4.0,2.5,150.0,18.0,10,9.26,55.6167,855.0782,15.3745,940.586,1.4968,1.9563,3.0888,17.3529,178.0,952.0,3.4267,4.1326,6.7858,0.0331,12.7027,10.7973,True,True
4.0,2.5,150.0,18.0,12,9.26,66.9044,1035.0947,15.4712,1138.6041,1.5094,2.391,3.8095,17.5552,217.0,1030.0,4.1121,4.9591,8.4823,0.0397,12.7027,10.7973,True,True
4.0,2.5,150.0,18.0,16,9.26,89.4799,1395.1276,15.5915,1534.6403,1.525,3.2546,5.2425,18.1715,288.5,1173.0,5.4828,6.6121,11.027,0.053,12.7027,10.7973,True,True
4.0,2.5,150.0,22.0,4,9.26,29.1766,379.8647,13.0195,417.8512,1.3979,0.7997,1.1735,14.5776,80.5,757.0,1.5969,1.8792,4.2412,0.0161,12.7027,10.7973,True,True
4.0,2.5,150.0,22.0,6,9.26,44.7061,596.9303,13.3523,656.6233,1.448,1.3176,2.008,17.7695,113.0,822.0,2.3953,2.8188,5.0894,0.0241,12.7027,10.7973,True,True
4.0,2.5,150.0,22.0,8,9.26,60.2356,813.9959,13.5135,895.3954,1.4742,1.8354,2.8512,18.7581,152.0,900.0,3.1938,3.7585,6.7858,0.0321,12.7027,10.7973,True,True
4.0,2.5,150.0,22.0,10,9.26,75.7651,1031.0614,13.6087,1134.1676,1.4894,2.3511,3.6928,19.334,191.0,978.0,3.9922,4.6981,8.4823,0.0402,12.7027,10.7973,True,True
4.0,2.5,150.0,22.0,12,9.26,91.2946,1248.127,13.6714,1372.9397,1.4991,2.8653,4.5316,20.2758,223.5,1043.0,4.7907,5.6377,9.3305,0.0482,12.7027,10.7973,True,True
4.0,2.5,150.0,22.0,16,9.26,122.3536,1682.2581,13.7491,1850.4839,1.5122,3.8957,6.219,20.627,301.5,1199.0,6.3876,7.5169,12.7235,0.0643,12.7027,10.7973,True,True
4.0,2.5,150.0,26.0,4,9.26,45.3779,444.8424,9.8031,489.3266,1.3693,0.9116,1.3083,16.2518,80.5,757.0,1.8231,2.1054,4.2412,0.0189,12.7027,10.7973,True,True
4.0,2.5,150.0,26.0,6,9.26,70.1653,699.0381,9.9627,768.9419,1.41,1.4958,2.2155,18.5396,119.5,835.0,2.7346,3.1581,5.9376,0.0283,12.7027,10.7973,True,True
4.0,2.5,150.0,26.0,8,9.26,94.9527,953.2337,10.039,1048.5571,1.4298,2.0803,3.1274,19.7311,158.5,913.0,3.6462,4.2108,7.6341,0.0378,12.7027,10.7973,True,True
4.0,2.5,150.0,26.0,10,9.26,119.7401,1207.4294,10.0837,1328.1723,1.4416,2.6616,4.0368,20.4394,197.5,991.0,4.5577,5.2635,9.3305,0.0472,12.7027,10.7973,True,True
4.0,2.5,150.0,26.0,12,9.26,144.5275,1461.625,10.1131,1607.7875,1.4498,3.2447,4.9513,20.9357,236.5,1069.0,5.4693,6.3163,11.027,0.0567,12.7027,10.7973,True,True
4.0,2.5,150.0,26.0,16,9.26,194.1023,1970.0164,10.1494,2167.018,1.4594,4.408,6.7744,21.5402,314.5,1225.0,7.2923,8.4217,14.4199,0.0756,12.7027,10.7973,True,True
4.0,3.0,150.0,18.0,4,9.26,23.1443,315.1096,13.615,346.6206,1.3796,0.6499,0.9403,11.7535,80.0,756.0,1.6448,1.9836,4.0715,0.0159,13.2479,11.2607,True,True
4.0,3.0,150.0,18.0,6,9.26,35.2267,495.1722,14.0567,544.6895,1.4383,1.0837,1.6396,14.2572,115.0,826.0,2.4673,2.9755,5.0894,0.0238,13.2479,11.2607,True,True
4.0,3.0,150.0,18.0,8,9.26,47.3091,675.2349,14.2728,742.7584,1.4689,1.5153,2.345,14.9361,157.0,910.0,3.2897,3.9673,7.1251,0.0318,13.2479,11.2607,True,True
4.0,3.0,150.0,18.0,10,9.26,59.3915,855.2975,14.401,940.8272,1.4868,1.9453,3.0497,15.8838,192.0,980.0,4.1121,4.9591,8.143,0.0397,13.2479,11.2607,True,True
4.0,3.0,150.0,18.0,12,9.26,71.474,1035.3601,14.4858,1138.8961,1.4992,2.3756,3.7575,16.0576,234.0,1064.0,4.9345,5.9509,10.1788,0.0477,13.2479,11.2607,True,True
4.0,3.0,150.0,18.0,16,9.26,95.6388,1395.4854,14.5912,1535.0339,1.5145,3.2343,5.1715,16.6286,311.0,1218.0,6.5793,7.9345,13.2324,0.0635,13.2479,11.2607,True,True
4.0,3.0,150.0,22.0,4,9.26,31.0139,380.2298,12.26,418.2528,1.3895,0.794,1.1576,13.3059,87.0,770.0,1.9163,2.2551,5.0894,0.0193,13.2479,11.2607,True,True
4.0,3.0,150.0,22.0,6,9.26,47.5932,597.504,12.5544,657.2544,1.4387,1.3093,1.9815,16.2417,122.0,840.0,2.8744,3.3826,6.1073,0.0289,13.2479,11.2607,True,True
4.0,3.0,150.0,22.0,8,9.26,64.1726,814.7782,12.6967,896.256,1.4631,1.8226,2.8087,17.126,164.0,924.0,3.8325,4.5101,8.143,0.0386,13.2479,11.2607,True,True
4.0,3.0,150.0,22.0,10,9.26,80.7519,1032.0524,12.7805,1135.2576,1.4786,2.3353,3.6395,17.6676,206.0,1008.0,4.7907,5.6377,10.1788,0.0482,13.2479,11.2607,True,True
4.0,3.0,150.0,22.0,12,9.26,97.3313,1249.3265,12.8358,1374.2592,1.4888,2.8495,4.4735,18.5622,241.0,1078.0,5.7488,6.7652,11.1966,0.0578,13.2479,11.2607,True,True
4.0,3.0,150.0,22.0,16,9.26,130.49,1683.8749,12.9042,1852.2624,1.5016,3.875,6.1397,18.8913,325.0,1246.0,7.6651,9.0203,15.2681,0.0771,13.2479,11.2607,True,True
4.0,3.0,150.0,26.0,4,9.26,48.0858,445.1763,9.258,489.694,1.3591,0.9015,1.2835,14.7524,87.0,770.0,2.1877,2.5265,5.0894,0.0227,13.2479,11.2607,True,True
4.0,3.0,150.0,26.0,6,9.26,74.4206,699.5628,9.4001,769.5191,1.3984,1.4812,2.1745,16.8564,129.0,854.0,3.2816,3.7898,7.1251,0.034,13.2479,11.2607,True,True
4.0,3.0,150.0,26.0,8,9.26,100.7553,953.9493,9.468,1049.3442,1.4183,2.0601,3.0703,17.9552,171.0,938.0,4.3754,5.053,9.1609,0.0453,13.2479,11.2607,True,True
4.0,3.0,150.0,26.0,10,9.26,127.0901,1208.3357,9.5077,1329.1693,1.4298,2.6365,3.9637,18.6091,213.0,1022.0,5.4693,6.3163,11.1966,0.0567,13.2479,11.2607,True,True
4.0,3.0,150.0,26.0,12,9.26,153.4248,1462.7222,9.5338,1608.9944,1.4372,3.215,4.8603,19.06,255.0,1106.0,6.5631,7.5795,13.2324,0.068,13.2479,11.2607,True,True
4.0,3.0,150.0,26.0,16,9.26,206.0943,1971.4951,9.566,2168.6446,1.4478,4.3732,6.6637,19.657,339.0,1274.0,8.7508,10.106,17.3039,0.0907,13.2479,11.2607,True,True
4.0,4.0,150.0,18.0,4,9.26,25.8416,315.3124,12.2017,346.8437,1.365,0.6402,0.9157,9.9527,92.0,780.0,2.1931,2.6448,5.4287,0.0212,13.9159,11.8286,True,True
4.0,4.0,150.0,18.0,6,9.26,39.4654,495.4909,12.5551,545.04,1.4219,1.0691,1.5977,12.1037,132.0,860.0,3.2897,3.9673,6.7858,0.0318,13.9159,11.8286,True,True
4.0,4.0,150.0,18.0,8,9.26,53.0892,675.6695,12.7271,743.2364,1.4509,1.4962,2.285,12.6946,180.0,956.0,4.3862,5.2897,9.5002,0.0424,13.9159,11.8286,True,True
4.0,4.0,150.0,18.0,10,9.26,66.713,855.848,12.8288,941.4328,1.4681,1.9219,2.9726,13.5116,220.0,1036.0,5.4828,6.6121,10.8573,0.053,13.9159,11.8286,True,True
4.0,4.0,150.0,18.0,12,9.26,80.3367,1036.0265,12.896,1139.6291,1.4801,2.3479,3.6631,13.6682,268.0,1132.0,6.5793,7.9345,13.5717,0.0635,13.9159,11.8286,True,True
4.0,4.0,150.0,18.0,16,9.26,107.5843,1396.3835,12.9794,1536.0219,1.4955,3.2014,5.0503,14.1863,356.0,1308.0,8.7725,10.5794,17.6432,0.0847,13.9159,11.8286,True,True
4.0,4.0,150.0,22.0,4,9.26,34.5742,380.4328,11.0034,418.4761,1.3728,0.7804,1.1231,11.2312,100.0,796.0,2.555,3.0068,6.7858,0.0257,13.9159,11.8286,True,True
4.0,4.0,150.0,22.0,6,9.26,53.188,597.823,11.2398,657.6053,1.4203,1.2892,1.9243,13.7453,140.0,876.0,3.8325,4.5101,8.143,0.0386,13.9159,11.8286,True,True
4.0,4.0,150.0,22.0,8,9.26,71.8018,815.2131,11.3537,896.7344,1.4444,1.7981,2.733,14.537,188.0,972.0,5.1101,6.0135,10.8573,0.0514,13.9159,11.8286,True,True
4.0,4.0,150.0,22.0,10,9.26,90.4156,1032.6033,11.4206,1135.8636,1.4587,2.3051,3.5408,15.0036,236.0,1068.0,6.3876,7.5169,13.5717,0.0643,13.9159,11.8286,True,True
4.0,4.0,150.0,22.0,12,9.26,109.0294,1249.9935,11.4647,1374.9928,1.4685,2.8137,4.3529,15.7714,276.0,1148.0,7.6651,9.0203,14.9288,0.0771,13.9159,11.8286,True,True
4.0,4.0,150.0,22.0,16,9.26,146.2571,1684.7738,11.5193,1853.2512,1.4802,3.8238,5.9661,16.0378,372.0,1340.0,10.2201,12.027,20.3575,0.1028,13.9159,11.8286,True,True
4.0,4.0,150.0,26.0,4,9.26,53.0531,445.0929,8.3896,489.6022,1.3404,0.8812,1.2359,12.3591,100.0,796.0,2.9169,3.3687,6.7858,0.0302,13.9159,11.8286,True,True
4.0,4.0,150.0,26.0,6,9.26,82.2263,699.4317,8.5062,769.3749,1.3782,1.4509,2.0969,14.1682,148.0,892.0,4.3754,5.053,9.5002,0.0453,13.9159,11.8286,True,True
4.0,4.0,150.0,26.0,8,9.26,111.3995,953.7706,8.5617,1049.1476,1.3967,2.0188,2.9596,15.1002,196.0,988.0,5.8339,6.7373,12.2145,0.0605,13.9159,11.8286,True,True
4.0,4.0,150.0,26.0,10,9.26,140.5726,1208.1094,8.5942,1328.9203,1.4083,2.5879,3.8279,15.6881,244.0,1084.0,7.2923,8.4217,14.9288,0.0756,13.9159,11.8286,True,True
4.0,4.0,150.0,26.0,12,9.26,169.7458,1462.4482,8.6155,1608.693,1.4154,3.1553,4.6924,16.07,292.0,1180.0,8.7508,10.106,17.6432,0.0907,13.9159,11.8286,True,True
4.0,4.0,150.0,26.0,16,9.26,228.0922,1971.1258,8.6418,2168.2384,1.425,4.2914,6.4284,16.5679,388.0,1372.0,11.6678,13.4747,23.0719,0.1209,13.9159,11.8286,True,True
5.0,1.5,150.0,18.0,4,11.2116,20.6644,253.6074,12.2726,278.9681,1.3338,0.7251,1.0116,13.8577,73.0,746.0,0.8224,0.9918,2.0358,0.0079,12.4257,10.5618,False,True
5.0,1.5,150.0,18.0,6,11.2116,31.3298,398.5259,12.7203,438.3784,1.4002,1.2333,1.813,17.1845,105.5,811.0,1.2336,1.4877,2.5447,0.0119,12.4257,10.5618,False,True
5.0,1.5,150.0,18.0,8,11.2116,41.9952,543.4444,12.9406,597.7888,1.4352,1.7386,2.6243,18.1612,144.5,889.0,1.6448,1.9836,3.5626,0.0159,12.4257,10.5618,False,True
5.0,1.5,150.0,18.0,10,11.2116,52.6606,688.3629,13.0717,757.1991,1.4568,2.2449,3.4435,19.4546,177.0,954.0,2.056,2.4795,4.0715,0.0199,12.4257,10.5618,False,True
5.0,1.5,150.0,18.0,12,11.2116,63.326,833.2813,13.1586,916.6095,1.471,2.7484,4.2597,19.7209,216.0,1032.0,2.4673,2.9755,5.0894,0.0238,12.4257,10.5618,False,True
5.0,1.5,150.0,18.0,16,11.2116,84.6568,1123.1183,13.2667,1235.4302,1.4889,3.7539,5.8939,20.5006,287.5,1175.0,3.2897,3.9673,6.6162,0.0318,12.4257,10.5618,False,True
5.0,1.5,150.0,22.0,4,11.2116,27.4588,305.7039,11.1332,336.2743,1.3475,0.8915,1.2576,15.8183,79.5,759.0,0.9581,1.1275,2.5447,0.0096,12.4257,10.5618,False,True
5.0,1.5,150.0,22.0,6,11.2116,42.0067,480.3919,11.4361,528.4311,1.4036,1.4944,2.2024,19.6647,112.0,824.0,1.4372,1.6913,3.0536,0.0145,12.4257,10.5618,False,True
5.0,1.5,150.0,22.0,8,11.2116,56.5546,655.0799,11.5831,720.5879,1.4327,2.0951,3.1567,20.9053,151.0,902.0,1.9163,2.2551,4.0715,0.0193,12.4257,10.5618,False,True
5.0,1.5,150.0,22.0,10,11.2116,71.1025,829.7679,11.67,912.7446,1.4501,2.6965,4.1156,21.6611,190.0,980.0,2.3953,2.8188,5.0894,0.0241,12.4257,10.5618,False,True
5.0,1.5,150.0,22.0,12,11.2116,85.6504,1004.4558,11.7274,1104.9014,1.4621,3.293,5.0707,22.7898,222.5,1045.0,2.8744,3.3826,5.5983,0.0289,12.4257,10.5618,False,True
5.0,1.5,150.0,22.0,16,11.2116,114.7462,1353.8318,11.7985,1489.2149,1.4769,4.4945,6.9959,23.2809,300.5,1201.0,3.8325,4.5101,7.6341,0.0386,12.4257,10.5618,False,True
5.0,1.5,150.0,26.0,4,11.2116,41.9154,357.8001,8.5363,393.5801,1.322,1.0114,1.3976,17.58,79.5,759.0,1.0939,1.2633,2.5447,0.0113,12.4257,10.5618,False,True
5.0,1.5,150.0,26.0,6,11.2116,64.7241,562.2573,8.687,618.483,1.3672,1.6873,2.4176,20.4016,118.5,837.0,1.6408,1.8949,3.5626,0.017,12.4257,10.5618,False,True
5.0,1.5,150.0,26.0,8,11.2116,87.5329,766.7145,8.7592,843.3859,1.3901,2.3615,3.4446,21.8704,157.5,915.0,2.1877,2.5265,4.5804,0.0227,12.4257,10.5618,False,True
5.0,1.5,150.0,26.0,10,11.2116,110.3417,971.1717,8.8015,1068.2888,1.4035,3.0353,4.4732,22.7645,196.5,993.0,2.7346,3.1581,5.5983,0.0283,12.4257,10.5618,False,True
5.0,1.5,150.0,26.0,12,11.2116,133.1504,1175.6289,8.8293,1293.1917,1.413,3.7072,5.5029,23.367,235.5,1071.0,3.2816,3.7898,6.6162,0.034,12.4257,10.5618,False,True
5.0,1.5,150.0,26.0,16,11.2116,178.768,1584.5432,8.8637,1742.9976,1.4249,5.0544,7.571,24.1499,313.5,1227.0,4.3754,5.053,8.6519,0.0453,12.4257,10.5618,False,True
5.0,2.0,150.0,18.0,4,11.2116,22.0863,254.8528,11.539,280.3381,1.326,0.7211,0.9997,12.6541,79.0,758.0,1.0966,1.3224,2.7143,0.0106,13.4547,11.4365,True,True
5.0,2.0,150.0,18.0,6,11.2116,33.5642,400.483,11.9319,440.5313,1.3914,1.229,1.7943,15.7399,114.0,828.0,1.6448,1.9836,3.3929,0.0159,13.4547,11.4365,True,True
5.0,2.0,150.0,18.0,8,11.2116,45.042,546.1132,12.1245,600.7245,1.4249,1.7331,2.596,16.6409,156.0,912.0,2.1931,2.6448,4.7501,0.0212,13.4547,11.4365,True,True
5.0,2.0,150.0,18.0,10,11.2116,56.5199,691.7433,12.2389,760.9177,1.446,2.2361,3.4025,17.8144,191.0,982.0,2.7414,3.3061,5.4287,0.0265,13.4547,11.4365,True,True
5.0,2.0,150.0,18.0,12,11.2116,67.9978,837.3735,12.3147,921.1109,1.4604,2.7412,4.2157,18.0933,233.0,1066.0,3.2897,3.9673,6.7858,0.0318,13.4547,11.4365,True,True
5.0,2.0,150.0,18.0,16,11.2116,90.9535,1128.6339,12.4089,1241.4973,1.4778,3.7449,5.833,18.8161,310.0,1220.0,4.3862,5.2897,8.8216,0.0424,13.4547,11.4365,True,True
5.0,2.0,150.0,22.0,4,11.2116,29.3808,306.9495,10.4473,337.6444,1.3382,0.8849,1.2389,14.4064,86.0,772.0,1.2775,1.5034,3.3929,0.0129,13.4547,11.4365,True,True
5.0,2.0,150.0,22.0,6,11.2116,45.027,482.3492,10.7124,530.5841,1.3929,1.4852,2.1709,17.9417,121.0,842.0,1.9163,2.2551,4.0715,0.0193,13.4547,11.4365,True,True
5.0,2.0,150.0,22.0,8,11.2116,60.6732,657.7489,10.8408,723.5238,1.4212,2.0837,3.1125,19.0949,163.0,926.0,2.555,3.0068,5.4287,0.0257,13.4547,11.4365,True,True
5.0,2.0,150.0,22.0,10,11.2116,76.3194,833.1486,10.9166,916.4634,1.4387,2.6819,4.0588,19.7989,205.0,1010.0,3.1938,3.7585,6.7858,0.0321,13.4547,11.4365,True,True
5.0,2.0,150.0,22.0,12,11.2116,91.9656,1008.5483,10.9666,1109.4031,1.4497,3.2797,5.0045,20.8519,240.0,1080.0,3.8325,4.5101,7.4644,0.0386,13.4547,11.4365,True,True
5.0,2.0,150.0,22.0,16,11.2116,123.258,1359.3477,11.0285,1495.2825,1.4648,4.4724,6.9002,21.297,324.0,1248.0,5.1101,6.0135,10.1788,0.0514,13.4547,11.4365,True,True
5.0,2.0,150.0,26.0,4,11.2116,44.7297,359.0455,8.027,394.9501,1.3105,0.9978,1.3659,15.882,86.0,772.0,1.4585,1.6843,3.3929,0.0151,13.4547,11.4365,True,True
5.0,2.0,150.0,26.0,6,11.2116,69.1466,564.2144,8.1597,620.6358,1.3543,1.6687,2.3667,18.4899,128.0,856.0,2.1877,2.5265,4.7501,0.0227,13.4547,11.4365,True,True
5.0,2.0,150.0,26.0,8,11.2116,93.5636,769.3833,8.2231,846.3216,1.3765,2.3353,3.3707,19.8274,170.0,940.0,2.9169,3.3687,6.1073,0.0302,13.4547,11.4365,True,True
5.0,2.0,150.0,26.0,10,11.2116,117.9806,974.5521,8.2603,1072.0074,1.39,3.0041,4.3815,20.6676,212.0,1024.0,3.6462,4.2108,7.4644,0.0378,13.4547,11.4365,True,True
5.0,2.0,150.0,26.0,12,11.2116,142.3975,1179.721,8.2847,1297.6931,1.3992,3.6727,5.3946,21.2386,254.0,1108.0,4.3754,5.053,8.8216,0.0453,13.4547,11.4365,True,True
5.0,2.0,150.0,26.0,16,11.2116,191.2314,1590.0588,8.3148,1749.0646,1.4102,5.0029,7.4106,21.9248,338.0,1276.0,5.8339,6.7373,11.5359,0.0605,13.4547,11.4365,True,True
5.0,2.5,150.0,18.0,4,11.2116,23.5239,256.0868,10.8862,281.6954,1.3187,0.7175,0.9887,11.6322,85.0,770.0,1.3707,1.653,3.3929,0.0132,14.2824,12.14,True,True
5.0,2.5,150.0,18.0,6,11.2116,35.8233,402.4221,11.2335,442.6643,1.3826,1.2242,1.7754,14.493,122.5,845.0,2.056,2.4795,4.2412,0.0199,14.2824,12.14,True,True
5.0,2.5,150.0,18.0,8,11.2116,48.1226,548.7574,11.4033,603.6331,1.4154,1.7272,2.5686,15.3347,167.5,935.0,2.7414,3.3061,5.9376,0.0265,14.2824,12.14,True,True
5.0,2.5,150.0,18.0,10,11.2116,60.422,695.0927,11.504,764.6019,1.4353,2.2305,3.3673,16.4257,205.0,1010.0,3.4267,4.1326,6.7858,0.0331,14.2824,12.14,True,True
5.0,2.5,150.0,18.0,12,11.2116,72.7214,841.428,11.5706,925.5708,1.45,2.7329,4.1709,16.6835,250.0,1100.0,4.1121,4.9591,8.4823,0.0397,14.2824,12.14,True,True
5.0,2.5,150.0,18.0,16,11.2116,97.3201,1134.0986,11.6533,1247.5084,1.4669,3.7347,5.7712,17.3571,332.5,1265.0,5.4828,6.6121,11.027,0.053,14.2824,12.14,True,True
5.0,2.5,150.0,22.0,4,11.2116,31.2548,308.183,9.8603,339.0013,1.3295,0.8784,1.2212,13.2025,92.5,785.0,1.5969,1.8792,4.2412,0.0161,14.2824,12.14,True,True
5.0,2.5,150.0,22.0,6,11.2116,47.9719,484.2876,10.0952,532.7164,1.3833,1.4768,2.1428,16.4828,130.0,860.0,2.3953,2.8188,5.0894,0.0241,14.2824,12.14,True,True
5.0,2.5,150.0,22.0,8,11.2116,64.6889,660.3922,10.2087,726.4314,1.4104,2.0721,3.0698,17.5415,175.0,950.0,3.1938,3.7585,6.7858,0.0321,14.2824,12.14,True,True
5.0,2.5,150.0,22.0,10,11.2116,81.4059,836.4968,10.2756,920.1465,1.4274,2.6675,4.0031,18.196,220.0,1040.0,3.9922,4.6981,8.4823,0.0402,14.2824,12.14,True,True
5.0,2.5,150.0,22.0,12,11.2116,98.123,1012.6014,10.3197,1113.8615,1.4388,3.2628,4.9383,18.635,265.0,1130.0,4.7907,5.6377,10.1788,0.0482,14.2824,12.14,True,True
5.0,2.5,150.0,22.0,16,11.2116,131.5571,1364.8106,10.3743,1501.2917,1.4527,4.4507,6.8064,19.5868,347.5,1295.0,6.3876,7.5169,12.7235,0.0643,14.2824,12.14,True,True
5.0,2.5,150.0,26.0,4,11.2116,47.4661,360.0258,7.5849,396.0283,1.2994,0.9845,1.3353,14.4354,92.5,785.0,1.8231,2.1054,4.2412,0.0189,14.2824,12.14,True,False
5.0,2.5,150.0,26.0,6,11.2116,73.4468,565.7548,7.7029,622.3303,1.3425,1.649,2.3167,16.849,137.5,875.0,2.7346,3.1581,5.9376,0.0283,14.2824,12.14,True,True
5.0,2.5,150.0,26.0,8,11.2116,99.4275,771.4838,7.7593,848.6322,1.3636,2.31,3.3004,18.0843,182.5,965.0,3.6462,4.2108,7.6341,0.0378,14.2824,12.14,True,True
5.0,2.5,150.0,26.0,10,11.2116,125.4081,977.2128,7.7923,1074.9341,1.3767,2.9714,4.2892,18.8536,227.5,1055.0,4.5577,5.2635,9.3305,0.0472,14.2824,12.14,True,True
5.0,2.5,150.0,26.0,12,11.2116,151.3888,1182.9418,7.8139,1301.236,1.3855,3.6311,5.2777,19.3676,272.5,1145.0,5.4693,6.3163,11.027,0.0567,14.2824,12.14,True,True
5.0,2.5,150.0,26.0,16,11.2116,203.3501,1594.3998,7.8407,1753.8398,1.3962,4.9534,7.2593,20.0256,362.5,1325.0,7.2923,8.4217,14.4199,0.0756,14.2824,12.14,True,True
5.0,3.0,150.0,18.0,4,11.2116,25.5701,256.9266,10.0479,282.6193,1.3075,0.7083,0.9671,10.6272,91.0,782.0,1.6448,1.9836,4.0715,0.0159,14.9858,12.7379,True,True
5.0,3.0,150.0,18.0,6,11.2116,39.0387,403.7418,10.3421,444.116,1.3691,1.21,1.7362,13.2532,131.0,862.0,2.4673,2.9755,5.0894,0.0238,14.9858,12.7379,True,True
5.0,3.0,150.0,18.0,8,11.2116,52.5073,550.557,10.4853,605.6127,1.4013,1.7106,2.5168,14.0601,179.0,958.0,3.2897,3.9673,7.1251,0.0318,14.9858,12.7379,True,True
5.0,3.0,150.0,18.0,10,11.2116,65.976,697.3722,10.5701,767.1095,1.4206,2.2085,3.2974,15.0564,219.0,1038.0,4.1121,4.9591,8.143,0.0397,14.9858,12.7379,True,True
5.0,3.0,150.0,18.0,12,11.2116,79.4446,844.1875,10.6261,928.6062,1.4341,2.706,4.0815,15.2864,267.0,1134.0,4.9345,5.9509,10.1788,0.0477,14.9858,12.7379,True,True
5.0,3.0,150.0,18.0,16,11.2116,106.3818,1137.8179,10.6956,1251.5997,1.4511,3.7036,5.6572,15.9356,355.0,1310.0,6.5793,7.9345,13.2324,0.0635,14.9858,12.7379,True,True
5.0,3.0,150.0,22.0,4,11.2116,33.9205,308.8801,9.106,339.7681,1.3163,0.8646,1.1891,12.011,99.0,798.0,1.9163,2.2551,5.0894,0.0193,14.9858,12.7379,True,True
5.0,3.0,150.0,22.0,6,11.2116,52.1608,485.383,9.3055,533.9213,1.3684,1.4569,2.0893,15.0313,139.0,878.0,2.8744,3.3826,6.1073,0.0289,14.9858,12.7379,True,True
5.0,3.0,150.0,22.0,8,11.2116,70.4011,661.8859,9.4016,728.0744,1.3951,2.0469,2.9972,16.028,187.0,974.0,3.8325,4.5101,8.143,0.0386,14.9858,12.7379,True,True
5.0,3.0,150.0,22.0,10,11.2116,88.6414,838.3888,9.4582,922.2276,1.411,2.6352,3.9058,16.6202,235.0,1070.0,4.7907,5.6377,10.1788,0.0482,14.9858,12.7379,True,True
5.0,3.0,150.0,22.0,12,11.2116,106.8817,1014.8916,9.4955,1116.3808,1.4219,3.2242,4.8187,17.0273,283.0,1166.0,5.7488,6.7652,12.2145,0.0578,14.9858,12.7379,True,True
5.0,3.0,150.0,22.0,16,11.2116,143.3622,1367.8974,9.5415,1504.6872,1.4354,4.4001,6.6431,17.9059,371.0,1342.0,7.6651,9.0203,15.2681,0.0771,14.9858,12.7379,True,True
5.0,3.0,150.0,26.0,4,11.2116,51.2778,360.9049,7.0382,396.9954,1.2845,0.9631,1.29,13.0305,99.0,798.0,2.1877,2.5265,5.0894,0.0227,14.9858,12.7379,True,False
5.0,3.0,150.0,26.0,6,11.2116,79.4366,567.1363,7.1395,623.8499,1.3255,1.617,2.2408,15.2438,147.0,894.0,3.2816,3.7898,7.1251,0.034,14.9858,12.7379,True,True
5.0,3.0,150.0,26.0,8,11.2116,107.5953,773.3676,7.1877,850.7044,1.3463,2.2689,3.1973,16.3964,195.0,990.0,4.3754,5.053,9.1609,0.0453,14.9858,12.7379,True,True
5.0,3.0,150.0,26.0,10,11.2116,135.7541,979.599,7.216,1077.5589,1.3588,2.9204,4.1567,17.1057,243.0,1086.0,5.4693,6.3163,11.1966,0.0567,14.9858,12.7379,True,True
5.0,3.0,150.0,26.0,12,11.2116,163.9129,1185.8304,7.2345,1304.4134,1.3673,3.5699,5.1155,17.579,291.0,1182.0,6.5631,7.5795,13.2324,0.068,14.9858,12.7379,True,True
5.0,3.0,150.0,26.0,16,11.2116,220.2304,1598.2931,7.2574,1758.1224,1.3776,4.8724,7.0381,18.1862,387.0,1374.0,8.7508,10.106,17.3039,0.0907,14.9858,12.7379,True,True
5.0,4.0,150.0,18.0,4,11.2116,28.1852,257.5072,9.1363,283.2579,1.293,0.6936,0.9357,9.0845,103.0,806.0,2.1931,2.6448,5.4287,0.0212,15.9998,13.5999,True,False
5.0,4.0,150.0,18.0,6,11.2116,43.1482,404.6542,9.3782,445.1196,1.3519,1.1899,1.6844,11.3812,148.0,896.0,3.2897,3.9673,6.7858,0.0318,15.9998,13.5999,True,True
5.0,4.0,150.0,18.0,8,11.2116,58.1112,551.8012,9.4956,606.9813,1.383,1.6847,2.4437,12.0976,202.0,1004.0,4.3862,5.2897,9.5002,0.0424,15.9998,13.5999,True,True
5.0,4.0,150.0,18.0,10,11.2116,73.0742,698.9482,9.5649,768.843,1.402,2.1766,3.2041,12.9722,247.0,1094.0,5.4828,6.6121,10.8573,0.053,15.9998,13.5999,True,True
5.0,4.0,150.0,18.0,12,11.2116,88.0371,846.0951,9.6107,930.7046,1.4145,2.6679,3.9648,13.172,301.0,1202.0,6.5793,7.9345,13.5717,0.0635,15.9998,13.5999,True,True
5.0,4.0,150.0,18.0,16,11.2116,117.9631,1140.3891,9.6673,1254.428,1.4307,3.654,5.4972,13.7431,400.0,1400.0,8.7725,10.5794,17.6432,0.0847,15.9998,13.5999,True,True
5.0,4.0,150.0,22.0,4,11.2116,37.3035,309.3587,8.293,340.2946,1.2997,0.8449,1.1463,10.2344,112.0,824.0,2.555,3.0068,6.7858,0.0257,15.9998,13.5999,True,False
5.0,4.0,150.0,22.0,6,11.2116,57.4769,486.1352,8.4579,534.7487,1.3499,1.4284,2.0187,12.8582,157.0,914.0,3.8325,4.5101,8.143,0.0386,15.9998,13.5999,True,True
5.0,4.0,150.0,22.0,8,11.2116,77.6503,662.9116,8.5371,729.2027,1.3755,2.0096,2.8982,13.7353,211.0,1022.0,5.1101,6.0135,10.8573,0.0514,15.9998,13.5999,True,True
5.0,4.0,150.0,22.0,10,11.2116,97.8237,839.688,8.5837,923.6568,1.3907,2.5888,3.778,14.2565,265.0,1130.0,6.3876,7.5169,13.5717,0.0643,15.9998,13.5999,True,True
5.0,4.0,150.0,22.0,12,11.2116,117.9971,1016.4644,8.6143,1118.1109,1.4012,3.1689,4.662,14.6145,319.0,1238.0,7.6651,9.0203,16.286,0.0771,15.9998,13.5999,True,True
5.0,4.0,150.0,22.0,16,11.2116,158.3439,1370.0173,8.6522,1507.019,1.4141,4.3268,6.4285,15.3793,418.0,1436.0,10.2201,12.027,20.3575,0.1028,15.9998,13.5999,True,True
5.0,4.0,150.0,26.0,4,11.2116,55.8841,361.389,6.4668,397.5279,1.2669,0.9342,1.2328,11.0072,112.0,824.0,2.9169,3.3687,6.7858,0.0302,15.9998,13.5999,True,False
5.0,4.0,150.0,26.0,6,11.2116,86.675,567.8971,6.552,624.6868,1.3059,1.5743,2.1469,12.933,166.0,932.0,4.3754,5.053,9.5002,0.0453,15.9998,13.5999,True,True
5.0,4.0,150.0,26.0,8,11.2116,117.4659,774.4051,6.5926,851.8456,1.3258,2.2126,3.0667,13.9396,220.0,1040.0,5.8339,6.7373,12.2145,0.0605,15.9998,13.5999,True,True
5.0,4.0,150.0,26.0,10,11.2116,148.2569,980.9131,6.6163,1079.0044,1.3378,2.8503,3.9892,14.5593,274.0,1148.0,7.2923,8.4217,14.9288,0.0756,15.9998,13.5999,True,True
5.0,4.0,150.0,26.0,12,11.2116,179.0478,1187.4211,6.6319,1306.1632,1.3454,3.4859,4.9089,14.966,328.0,1256.0,8.7508,10.106,17.6432,0.0907,15.9998,13.5999,True,True
5.0,4.0,150.0,26.0,16,11.2116,240.6296,1600.4372,6.651,1760.4809,1.3557,4.761,6.7595,15.5033,436.0,1472.0,11.6678,13.4747,23.0719,0.1209,15.9998,13.5999,True,True
6.0,1.5,150.0,18.0,4,13.1321,22.9958,214.4661,9.3263,235.9127,1.2682,0.7575,1.0008,11.9145,84.0,772.0,0.8224,0.9918,2.0358,0.0079,13.5417,11.5104,False,False
6.0,1.5,150.0,18.0,6,13.1321,34.9934,337.0181,9.6309,370.7199,1.3365,1.3314,1.8616,15.3215,121.5,847.0,1.2336,1.4877,2.5447,0.0119,13.5417,11.5104,False,True
6.0,1.5,150.0,18.0,8,13.1321,46.991,459.5702,9.78,505.5272,1.3724,1.8987,2.7317,16.4064,166.5,937.0,1.6448,1.9836,3.5626,0.0159,13.5417,11.5104,False,True
6.0,1.5,150.0,18.0,10,13.1321,58.9886,582.1222,9.8684,640.3344,1.3949,2.4672,3.612,17.7059,204.0,1012.0,2.056,2.4795,4.0715,0.0199,13.5417,11.5104,False,True
6.0,1.5,150.0,18.0,12,13.1321,70.9862,704.6743,9.9269,775.1417,1.4094,3.0334,4.4905,18.0343,249.0,1102.0,2.4673,2.9755,5.0894,0.0238,13.5417,11.5104,False,True
6.0,1.5,150.0,18.0,16,13.1321,94.9813,949.7783,9.9996,1044.7562,1.4291,4.1641,6.2572,18.8753,331.5,1267.0,3.2897,3.9673,6.6162,0.0318,13.5417,11.5104,False,True
6.0,1.5,150.0,22.0,4,13.1321,30.2877,257.8799,8.5143,283.6679,1.2813,0.9354,1.2496,13.6569,91.5,787.0,0.9581,1.1275,2.5447,0.0096,13.5417,11.5104,False,False
6.0,1.5,150.0,22.0,6,13.1321,46.4522,405.2398,8.7238,445.7638,1.3387,1.6085,2.2529,17.4642,129.0,862.0,1.4372,1.6913,3.0536,0.0145,13.5417,11.5104,False,True
6.0,1.5,150.0,22.0,8,13.1321,62.6166,552.5998,8.8251,607.8597,1.3688,2.28,3.2708,18.7978,174.0,952.0,1.9163,2.2551,4.0715,0.0193,13.5417,11.5104,False,True
6.0,1.5,150.0,22.0,10,13.1321,78.781,699.9597,8.8849,769.9557,1.3873,2.9476,4.29,19.5892,219.0,1042.0,2.3953,2.8188,5.0894,0.0241,13.5417,11.5104,False,True
6.0,1.5,150.0,22.0,12,13.1321,94.9454,847.3196,8.9243,932.0516,1.3993,3.6143,5.3094,20.1115,264.0,1132.0,2.8744,3.3826,6.1073,0.0289,13.5417,11.5104,False,True
6.0,1.5,150.0,22.0,16,13.1321,127.2742,1142.0395,8.9731,1256.2435,1.4151,4.95,7.3596,21.2398,346.5,1297.0,3.8325,4.5101,7.6341,0.0386,13.5417,11.5104,False,True
6.0,1.5,150.0,26.0,4,13.1321,45.1301,301.2933,6.6761,331.4227,1.2547,1.0418,1.3605,14.8692,91.5,787.0,1.0939,1.2633,2.5447,0.0113,13.5417,11.5104,False,False
6.0,1.5,150.0,26.0,6,13.1321,69.7758,473.461,6.7855,520.8071,1.3008,1.7844,2.423,17.7512,136.5,877.0,1.6408,1.8949,3.5626,0.017,13.5417,11.5104,False,True
6.0,1.5,150.0,26.0,8,13.1321,94.4216,645.6286,6.8377,710.1914,1.3242,2.5235,3.4932,19.2465,181.5,967.0,2.1877,2.5265,4.5804,0.0227,13.5417,11.5104,False,True
6.0,1.5,150.0,26.0,10,13.1321,119.0673,817.7962,6.8684,899.5758,1.3388,3.2622,4.5697,20.1755,226.5,1057.0,2.7346,3.1581,5.5983,0.0283,13.5417,11.5104,False,True
6.0,1.5,150.0,26.0,12,13.1321,143.7131,989.9638,6.8885,1088.9602,1.3481,3.9957,5.6389,20.7695,271.5,1147.0,3.2816,3.7898,6.6162,0.034,13.5417,11.5104,False,True
6.0,1.5,150.0,26.0,16,13.1321,193.0046,1334.2991,6.9133,1467.729,1.3601,5.4677,7.7901,21.5493,361.5,1327.0,4.3754,5.053,8.6519,0.0453,13.5417,11.5104,False,True
6.0,2.0,150.0,18.0,4,13.1321,24.38,215.6974,8.8473,237.2671,1.2611,0.7516,0.9869,10.966,90.0,784.0,1.0966,1.3224,2.7143,0.0106,14.6902,12.4866,False,False
6.0,2.0,150.0,18.0,6,13.1321,37.1686,338.953,9.1194,372.8484,1.3277,1.3238,1.8378,13.3173,138.0,880.0,1.6448,1.9836,4.0715,0.0159,14.6902,12.4866,False,True
6.0,2.0,150.0,18.0,8,13.1321,49.9571,462.2087,9.2521,508.4296,1.3627,1.8893,2.6974,15.1537,178.0,960.0,2.1931,2.6448,4.7501,0.0212,14.6902,12.4866,False,True
6.0,2.0,150.0,18.0,10,13.1321,62.7457,585.4644,9.3308,644.0108,1.3845,2.4559,3.5668,16.3616,218.0,1040.0,2.7414,3.3061,5.4287,0.0265,14.6902,12.4866,False,True
6.0,2.0,150.0,18.0,12,13.1321,75.5342,708.72,9.3828,779.592,1.3991,3.018,4.433,16.6653,266.0,1136.0,3.2897,3.9673,6.7858,0.0318,14.6902,12.4866,False,True
6.0,2.0,150.0,18.0,16,13.1321,101.1114,955.2313,9.4473,1050.7545,1.4178,4.1471,6.1786,17.4536,354.0,1312.0,4.3862,5.2897,8.8216,0.0424,14.6902,12.4866,False,True
6.0,2.0,150.0,22.0,4,13.1321,32.1406,259.1113,8.0618,285.0224,1.2722,0.9248,1.2259,12.5095,98.0,800.0,1.2775,1.5034,3.3929,0.0129,14.6902,12.4866,False,False
6.0,2.0,150.0,22.0,6,13.1321,49.3638,407.1749,8.2484,447.8923,1.3289,1.5948,2.2162,16.0592,138.0,880.0,1.9163,2.2551,4.0715,0.0193,14.6902,12.4866,False,True
6.0,2.0,150.0,22.0,8,13.1321,66.587,555.2385,8.3385,610.7623,1.3577,2.2613,3.2158,17.2894,186.0,976.0,2.555,3.0068,5.4287,0.0257,14.6902,12.4866,False,True
6.0,2.0,150.0,22.0,10,13.1321,83.8102,703.302,8.3916,773.6322,1.3752,2.9268,4.2197,18.0331,234.0,1072.0,3.1938,3.7585,6.7858,0.0321,14.6902,12.4866,False,True
6.0,2.0,150.0,22.0,12,13.1321,101.0334,851.3656,8.4266,936.5022,1.3874,3.5897,5.2251,18.5286,282.0,1168.0,3.8325,4.5101,8.143,0.0386,14.6902,12.4866,False,True
6.0,2.0,150.0,22.0,16,13.1321,135.4798,1147.4928,8.4698,1262.2421,1.4026,4.9165,7.2409,19.5699,370.0,1344.0,5.1101,6.0135,10.1788,0.0514,14.6902,12.4866,False,True
6.0,2.0,150.0,26.0,4,13.1321,47.7706,302.5246,6.3329,332.7771,1.2444,1.0233,1.3245,13.5154,98.0,800.0,1.4585,1.6843,3.3929,0.0151,14.6902,12.4866,False,False
6.0,2.0,150.0,26.0,6,13.1321,73.9253,475.3959,6.4308,522.9355,1.2888,1.7575,2.3628,16.1835,146.0,896.0,2.1877,2.5265,4.7501,0.0227,14.6902,12.4866,False,False
6.0,2.0,150.0,26.0,8,13.1321,100.0799,648.2671,6.4775,713.0938,1.3119,2.4897,3.4121,17.588,194.0,992.0,2.9169,3.3687,6.1073,0.0302,14.6902,12.4866,False,True
6.0,2.0,150.0,26.0,10,13.1321,126.2345,821.1383,6.5049,903.2522,1.3256,3.2191,4.4613,18.435,242.0,1088.0,3.6462,4.2108,7.4644,0.0378,14.6902,12.4866,False,True
6.0,2.0,150.0,26.0,12,13.1321,152.3892,994.0096,6.5228,1093.4105,1.3346,3.9473,5.5104,19.0012,290.0,1184.0,4.3754,5.053,8.8216,0.0453,14.6902,12.4866,False,True
6.0,2.0,150.0,26.0,16,13.1321,204.6985,1339.752,6.545,1473.7272,1.3466,5.4023,7.6151,19.7282,386.0,1376.0,5.8339,6.7373,11.5359,0.0605,14.6902,12.4866,False,True
6.0,2.5,150.0,18.0,4,13.1321,25.7817,216.9119,8.4134,238.603,1.2543,0.7457,0.9734,10.1401,96.0,796.0,1.3707,1.653,3.3929,0.0132,15.6533,13.3053,True,False
6.0,2.5,150.0,18.0,6,13.1321,39.3713,340.8615,8.6576,374.9476,1.319,1.3155,1.8133,12.3357,147.0,898.0,2.056,2.4795,5.0894,0.0199,15.6533,13.3053,True,True
6.0,2.5,150.0,18.0,8,13.1321,52.9609,464.8111,8.7765,511.2922,1.3531,1.8804,2.6642,14.0591,189.5,983.0,2.7414,3.3061,5.9376,0.0265,15.6533,13.3053,True,True
6.0,2.5,150.0,18.0,10,13.1321,66.5504,588.7607,8.8468,647.6368,1.3743,2.4435,3.5207,15.1754,232.0,1068.0,3.4267,4.1326,6.7858,0.0331,15.6533,13.3053,True,True
6.0,2.5,150.0,18.0,12,13.1321,80.14,712.7104,8.8933,783.9814,1.3885,3.0037,4.3759,15.4626,283.0,1170.0,4.1121,4.9591,8.4823,0.0397,15.6533,13.3053,True,True
6.0,2.5,150.0,18.0,16,13.1321,107.3191,960.6096,8.951,1056.6706,1.4066,4.1283,6.0987,16.1983,376.5,1357.0,5.4828,6.6121,11.027,0.053,15.6533,13.3053,True,True
6.0,2.5,150.0,22.0,4,13.1321,33.9308,260.2174,7.6691,286.2392,1.264,0.9141,1.2033,11.5145,104.5,813.0,1.5969,1.8792,4.2412,0.0161,15.6533,13.3053,True,False
6.0,2.5,150.0,22.0,6,13.1321,52.177,408.9131,7.837,449.8044,1.3189,1.5808,2.1789,14.8222,147.0,898.0,2.3953,2.8188,5.0894,0.0241,15.6533,13.3053,True,True
6.0,2.5,150.0,22.0,8,13.1321,70.4232,557.6088,7.918,613.3697,1.3474,2.2428,3.1633,15.9763,198.0,1000.0,3.1938,3.7585,6.7858,0.0321,15.6533,13.3053,True,True
6.0,2.5,150.0,22.0,10,13.1321,88.6694,706.3045,7.9656,776.9349,1.3648,2.9022,4.1505,16.6686,249.0,1102.0,3.9922,4.6981,8.4823,0.0402,15.6533,13.3053,True,True
6.0,2.5,150.0,22.0,12,13.1321,106.9156,855.0001,7.997,940.5001,1.3762,3.5631,5.1414,17.1379,300.0,1204.0,4.7907,5.6377,10.1788,0.0482,15.6533,13.3053,True,True
6.0,2.5,150.0,22.0,16,13.1321,143.4079,1152.3915,8.0358,1267.6306,1.391,4.8793,7.1222,18.0996,393.5,1391.0,6.3876,7.5169,12.7235,0.0643,15.6533,13.3053,True,True
6.0,2.5,150.0,26.0,4,13.1321,50.3347,303.535,6.0303,333.8885,1.2346,1.0042,1.2885,12.3303,104.5,813.0,1.8231,2.1054,4.2412,0.0189,15.6533,13.3053,True,False
6.0,2.5,150.0,26.0,6,13.1321,77.9545,476.9835,6.1187,524.6819,1.2778,1.7301,2.3044,14.8193,155.5,915.0,2.7346,3.1581,5.9376,0.0283,15.6533,13.3053,True,False
6.0,2.5,150.0,26.0,8,13.1321,105.5743,650.432,6.1609,715.4753,1.2998,2.4527,3.3278,16.1153,206.5,1017.0,3.6462,4.2108,7.6341,0.0378,15.6533,13.3053,True,False
6.0,2.5,150.0,26.0,10,13.1321,133.1942,823.8806,6.1856,906.2687,1.3131,3.1733,4.353,16.9049,257.5,1119.0,4.5577,5.2635,9.3305,0.0472,15.6533,13.3053,True,True
6.0,2.5,150.0,26.0,12,13.1321,160.814,997.3291,6.2018,1097.0621,1.3222,3.8947,5.3828,17.4484,308.5,1221.0,5.4693,6.3163,11.027,0.0567,15.6533,13.3053,True,True
6.0,2.5,150.0,26.0,16,13.1321,216.0536,1344.2262,6.2217,1478.6489,1.3334,5.3345,7.4401,18.1244,410.5,1425.0,7.2923,8.4217,14.4199,0.0756,15.6533,13.3053,True,True
6.0,3.0,150.0,18.0,4,13.1321,27.0712,217.5384,8.0358,239.2922,1.2471,0.7366,0.9556,9.3688,102.0,808.0,1.6448,1.9836,4.0715,0.0159,16.4639,13.9943,True,False
6.0,3.0,150.0,18.0,6,13.1321,41.3977,341.846,8.2576,376.0306,1.3105,1.3034,1.7841,11.4366,156.0,916.0,2.4673,2.9755,6.1073,0.0238,16.4639,13.9943,True,True
6.0,3.0,150.0,18.0,8,13.1321,55.7241,466.1536,8.3654,512.769,1.3438,1.8649,2.6228,13.0486,201.0,1006.0,3.2897,3.9673,7.1251,0.0318,16.4639,13.9943,True,True
6.0,3.0,150.0,18.0,10,13.1321,70.0505,590.4613,8.4291,649.5074,1.3646,2.4246,3.4668,13.5952,255.0,1114.0,4.1121,4.9591,9.1609,0.0397,16.4639,13.9943,True,True
6.0,3.0,150.0,18.0,12,13.1321,84.3769,714.7689,8.4711,786.2458,1.3784,2.9835,4.3125,14.3751,300.0,1204.0,4.9345,5.9509,10.1788,0.0477,16.4639,13.9943,True,True
6.0,3.0,150.0,18.0,16,13.1321,113.0298,963.3842,8.5233,1059.7226,1.3961,4.099,6.0068,15.0545,399.0,1402.0,6.5793,7.9345,13.2324,0.0635,16.4639,13.9943,True,True
6.0,3.0,150.0,22.0,4,13.1321,35.641,260.8441,7.3187,286.9286,1.2557,0.9021,1.1791,10.6225,111.0,826.0,1.9163,2.2551,5.0894,0.0193,16.4639,13.9943,True,False
6.0,3.0,150.0,22.0,6,13.1321,54.8644,409.8979,7.4711,450.8877,1.309,1.5634,2.1373,13.701,156.0,916.0,2.8744,3.3826,6.1073,0.0289,16.4639,13.9943,True,True
6.0,3.0,150.0,22.0,8,13.1321,74.0879,558.9517,7.5444,614.8469,1.3373,2.2205,3.1066,14.7931,210.0,1024.0,3.8325,4.5101,8.143,0.0386,16.4639,13.9943,True,True
6.0,3.0,150.0,22.0,10,13.1321,93.3113,708.0055,7.5876,778.8061,1.3538,2.8745,4.0752,15.4362,264.0,1132.0,4.7907,5.6377,10.1788,0.0482,16.4639,13.9943,True,True
6.0,3.0,150.0,22.0,12,13.1321,112.5348,857.0593,7.616,942.7653,1.3654,3.5277,5.0473,15.8721,318.0,1240.0,5.7488,6.7652,12.2145,0.0578,16.4639,13.9943,True,True
6.0,3.0,150.0,22.0,16,13.1321,150.9816,1155.1669,7.651,1270.6836,1.3798,4.8385,7.0015,16.7902,417.0,1438.0,7.6651,9.0203,15.2681,0.0771,16.4639,13.9943,True,True
6.0,3.0,150.0,26.0,4,13.1321,52.6724,304.1573,5.7745,334.573,1.2253,0.985,1.2537,11.2943,111.0,826.0,2.1877,2.5265,5.0894,0.0227,16.4639,13.9943,True,False
6.0,3.0,150.0,26.0,6,13.1321,81.6281,477.9615,5.8554,525.7576,1.2675,1.7009,2.2456,13.61,165.0,934.0,3.2816,3.7898,7.1251,0.034,16.4639,13.9943,True,False
6.0,3.0,150.0,26.0,8,13.1321,110.5838,651.7656,5.8939,716.9422,1.289,2.4152,3.2472,14.8276,219.0,1042.0,4.3754,5.053,9.1609,0.0453,16.4639,13.9943,True,False
6.0,3.0,150.0,26.0,10,13.1321,139.5395,825.5698,5.9164,908.1268,1.3019,3.1268,4.2497,15.5667,273.0,1150.0,5.4693,6.3163,11.1966,0.0567,16.4639,13.9943,True,True
6.0,3.0,150.0,26.0,12,13.1321,168.4952,999.3739,5.9312,1099.3113,1.3103,3.8373,5.252,16.061,327.0,1258.0,6.5631,7.5795,13.2324,0.068,16.4639,13.9943,True,True
6.0,3.0,150.0,26.0,16,13.1321,226.4065,1346.9823,5.9494,1481.6805,1.3217,5.2571,7.2623,16.695,435.0,1474.0,8.7508,10.106,17.3039,0.0907,16.4639,13.9943,True,True
6.0,4.0,150.0,18.0,4,13.1321,30.2795,218.6483,7.221,240.5131,1.2294,0.7119,0.9094,7.977,114.0,832.0,2.1931,2.6448,5.4287,0.0212,17.7829,15.1155,True,False
6.0,4.0,150.0,18.0,6,13.1321,46.4392,343.5902,7.3987,377.9492,1.2899,1.2681,1.7063,9.806,174.0,952.0,3.2897,3.9673,8.143,0.0318,17.7829,15.1155,True,False
6.0,4.0,150.0,18.0,8,13.1321,62.5989,468.5321,7.4847,515.3853,1.3215,1.8201,2.514,11.2234,224.0,1052.0,4.3862,5.2897,9.5002,0.0424,17.7829,15.1155,True,True
6.0,4.0,150.0,18.0,10,13.1321,78.7587,593.474,7.5353,652.8214,1.3407,2.3687,3.323,11.7007,284.0,1172.0,5.4828,6.6121,12.2145,0.053,17.7829,15.1155,True,True
6.0,4.0,150.0,18.0,12,13.1321,94.9184,718.4159,7.5688,790.2575,1.3543,2.9187,4.1394,12.3933,334.0,1272.0,6.5793,7.9345,13.5717,0.0635,17.7829,15.1155,True,True
6.0,4.0,150.0,18.0,16,13.1321,127.2378,968.2997,7.6102,1065.1296,1.371,4.0124,5.766,12.9864,444.0,1492.0,8.7725,10.5794,17.6432,0.0847,17.7829,15.1155,True,True
6.0,4.0,150.0,22.0,4,13.1321,39.7384,261.9657,6.5923,288.1623,1.2361,0.8687,1.1163,9.002,124.0,852.0,2.555,3.0068,6.7858,0.0257,17.7829,15.1155,True,False
6.0,4.0,150.0,22.0,6,13.1321,61.3032,411.6604,6.7152,452.8264,1.2868,1.5149,2.0331,11.6844,174.0,952.0,3.8325,4.5101,8.143,0.0386,17.7829,15.1155,True,False
6.0,4.0,150.0,22.0,8,13.1321,82.868,561.3551,6.7741,617.4906,1.3131,2.1564,2.958,12.6412,234.0,1072.0,5.1101,6.0135,10.8573,0.0514,17.7829,15.1155,True,True
6.0,4.0,150.0,22.0,10,13.1321,104.4328,711.0498,6.8087,782.1548,1.3292,2.7989,3.8902,13.2318,294.0,1192.0,6.3876,7.5169,13.5717,0.0643,17.7829,15.1155,True,True
6.0,4.0,150.0,22.0,12,13.1321,125.9976,860.7445,6.8314,946.8189,1.3396,3.4376,4.8184,13.6114,354.0,1312.0,7.6651,9.0203,16.286,0.0771,17.7829,15.1155,True,True
6.0,4.0,150.0,22.0,16,13.1321,169.1272,1160.1339,6.8595,1276.1472,1.3532,4.7175,6.6848,14.407,464.0,1532.0,10.2201,12.027,20.3575,0.1028,17.7829,15.1155,True,True
6.0,4.0,150.0,26.0,4,13.1321,58.1713,305.2646,5.2477,335.791,1.2038,0.9339,1.1659,9.4023,124.0,852.0,2.9169,3.3687,6.7858,0.0302,17.7829,15.1155,True,False
6.0,4.0,150.0,26.0,6,13.1321,90.2692,479.7015,5.3141,527.6716,1.2441,1.628,2.1065,11.4481,184.0,972.0,4.3754,5.053,9.5002,0.0453,17.7829,15.1155,True,False
6.0,4.0,150.0,26.0,8,13.1321,122.3671,654.1384,5.3457,719.5522,1.264,2.3183,3.0518,12.5072,244.0,1092.0,5.8339,6.7373,12.2145,0.0605,17.7829,15.1155,True,False
6.0,4.0,150.0,26.0,10,13.1321,154.465,828.5753,5.3642,911.4328,1.2762,3.0069,3.9995,13.1563,304.0,1212.0,7.2923,8.4217,14.9288,0.0756,17.7829,15.1155,True,False
6.0,4.0,150.0,26.0,12,13.1321,186.5629,1003.0122,5.3763,1103.3134,1.2841,3.6943,4.947,13.5906,364.0,1332.0,8.7508,10.106,17.6432,0.0907,17.7829,15.1155,True,False
6.0,4.0,150.0,26.0,16,13.1321,250.7587,1351.886,5.3912,1487.0745,1.2944,5.0691,6.8464,13.8592,494.0,1592.0,11.6678,13.4747,24.429,0.1209,17.7829,15.1155,True,False
8.0,1.5,150.0,18.0,4,16.9071,27.0704,165.4125,6.1105,181.9538,1.1586,0.7118,0.8524,8.0412,106.0,824.0,0.8224,0.9918,2.0358,0.0079,15.4581,13.1394,False,False
8.0,1.5,150.0,18.0,6,16.9071,41.3963,259.934,6.2792,285.9274,1.2257,1.3939,1.7746,10.8872,163.0,938.0,1.2336,1.4877,3.0536,0.0119,15.4581,13.1394,False,False
8.0,1.5,150.0,18.0,8,16.9071,55.7222,354.4555,6.3611,389.901,1.2612,2.0617,2.7075,12.8625,210.5,1033.0,1.6448,1.9836,3.5626,0.0159,15.4581,13.1394,False,False
8.0,1.5,150.0,18.0,10,16.9071,70.0481,448.9769,6.4095,493.8746,1.2836,2.7261,3.6489,13.6407,267.5,1147.0,2.056,2.4795,4.5804,0.0199,15.4581,13.1394,False,False
8.0,1.5,150.0,18.0,12,16.9071,84.3741,543.4984,6.4415,597.8482,1.2992,3.3884,4.5951,14.5876,315.0,1242.0,2.4673,2.9755,5.0894,0.0238,15.4581,13.1394,False,False
8.0,1.5,150.0,18.0,16,16.9071,113.0259,732.5413,6.4812,805.7954,1.3186,4.7111,6.4917,15.4749,419.5,1451.0,3.2897,3.9673,6.6162,0.0318,15.4581,13.1394,False,True
8.0,1.5,150.0,22.0,4,16.9071,35.0636,197.9729,5.6461,217.7702,1.1699,0.8931,1.0808,9.3575,115.5,843.0,0.9581,1.1275,2.5447,0.0096,15.4581,13.1394,False,False
8.0,1.5,150.0,22.0,6,16.9071,53.9571,311.1002,5.7657,342.2103,1.2272,1.6782,2.1395,13.1258,163.0,938.0,1.4372,1.6913,3.0536,0.0145,15.4581,13.1394,False,False
8.0,1.5,150.0,22.0,8,16.9071,72.8506,424.2276,5.8233,466.6504,1.257,2.4514,3.2075,14.5794,220.0,1052.0,1.9163,2.2551,4.0715,0.0193,15.4581,13.1394,False,False
8.0,1.5,150.0,22.0,10,16.9071,91.7441,537.355,5.8571,591.0905,1.2755,3.2212,4.2822,15.4591,277.0,1166.0,2.3953,2.8188,5.0894,0.0241,15.4581,13.1394,False,False
8.0,1.5,150.0,22.0,12,16.9071,110.6376,650.4823,5.8794,715.5306,1.288,3.9892,5.3595,16.0465,334.0,1280.0,2.8744,3.3826,6.1073,0.0289,15.4581,13.1394,False,False
8.0,1.5,150.0,22.0,16,16.9071,148.4246,876.7371,5.907,964.4108,1.3041,5.5241,7.5215,17.1527,438.5,1489.0,3.8325,4.5101,7.6341,0.0386,15.4581,13.1394,False,True
8.0,1.5,150.0,26.0,4,16.9071,50.0835,230.5329,4.603,253.5862,1.1455,0.9422,1.1143,9.6474,115.5,843.0,1.0939,1.2633,2.5447,0.0113,15.4581,13.1394,False,False
8.0,1.5,150.0,26.0,6,16.9071,77.5598,362.266,4.6708,398.4926,1.191,1.7703,2.1847,12.6647,172.5,957.0,1.6408,1.8949,3.5626,0.017,15.4581,13.1394,False,False
8.0,1.5,150.0,26.0,8,16.9071,105.036,493.999,4.7031,543.3989,1.2143,2.5884,3.2622,14.2146,229.5,1071.0,2.1877,2.5265,4.5804,0.0227,15.4581,13.1394,False,False
8.0,1.5,150.0,26.0,10,16.9071,132.5123,625.7321,4.7221,688.3053,1.2285,3.4065,4.3476,15.1748,286.5,1185.0,2.7346,3.1581,5.5983,0.0283,15.4581,13.1394,False,False
8.0,1.5,150.0,26.0,12,16.9071,159.9886,757.4652,4.7345,833.2117,1.238,4.2181,5.4289,15.8048,343.5,1299.0,3.2816,3.7898,6.6162,0.034,15.4581,13.1394,False,False
8.0,1.5,150.0,26.0,16,16.9071,214.9412,1020.9314,4.7498,1123.0245,1.2504,5.8479,7.6086,16.2925,467.0,1546.0,4.3754,5.053,9.1609,0.0453,15.4581,13.1394,False,False
8.0,2.0,150.0,18.0,4,16.9071,28.3763,166.5637,5.8698,183.2201,1.1525,0.6983,0.8313,7.4223,112.0,836.0,1.0966,1.3224,2.7143,0.0106,16.7947,14.2755,False,False
8.0,2.0,150.0,18.0,6,16.9071,43.4484,261.743,6.0242,287.9173,1.2176,1.3756,1.7388,10.1093,172.0,956.0,1.6448,1.9836,4.0715,0.0159,16.7947,14.2755,False,False
8.0,2.0,150.0,18.0,8,16.9071,58.5206,356.9223,6.0991,392.6145,1.253,2.0423,2.6629,11.9952,222.0,1056.0,2.1931,2.6448,4.7501,0.0212,16.7947,14.2755,False,False
8.0,2.0,150.0,18.0,10,16.9071,73.5928,452.1016,6.1433,497.3117,1.2747,2.703,3.5909,12.7338,282.0,1176.0,2.7414,3.3061,6.1073,0.0265,16.7947,14.2755,False,False
8.0,2.0,150.0,18.0,12,16.9071,88.6649,547.2809,6.1725,602.0089,1.2895,3.3611,4.5212,13.618,332.0,1276.0,3.2897,3.9673,6.7858,0.0318,16.7947,14.2755,False,False
8.0,2.0,150.0,18.0,16,16.9071,118.8092,737.6394,6.2086,811.4034,1.3087,4.6769,6.3925,14.4628,442.0,1496.0,4.3862,5.2897,8.8216,0.0424,16.7947,14.2755,False,True
8.0,2.0,150.0,22.0,4,16.9071,36.7808,199.1241,5.4138,219.0365,1.1623,0.8731,1.0492,8.5997,122.0,856.0,1.2775,1.5034,3.3929,0.0129,16.7947,14.2755,False,False
8.0,2.0,150.0,22.0,6,16.9071,56.6555,312.9093,5.523,344.2002,1.2181,1.6501,2.0867,12.1322,172.0,956.0,1.9163,2.2551,4.0715,0.0193,16.7947,14.2755,False,False
8.0,2.0,150.0,22.0,8,16.9071,76.5302,426.6945,5.5755,469.364,1.247,2.4158,3.1338,13.5077,232.0,1076.0,2.555,3.0068,5.4287,0.0257,16.7947,14.2755,False,False
8.0,2.0,150.0,22.0,10,16.9071,96.4049,540.4797,5.6063,594.5277,1.2651,3.1779,4.1871,14.3394,292.0,1196.0,3.1938,3.7585,6.7858,0.0321,16.7947,14.2755,False,False
8.0,2.0,150.0,22.0,12,16.9071,116.2796,654.2649,5.6267,719.6914,1.2772,3.9383,5.2429,14.8946,352.0,1316.0,3.8325,4.5101,8.143,0.0386,16.7947,14.2755,False,False
8.0,2.0,150.0,22.0,16,16.9071,156.0291,881.8353,5.6517,970.0188,1.2927,5.4578,7.3613,15.9336,462.0,1536.0,5.1101,6.0135,10.1788,0.0514,16.7947,14.2755,False,False
8.0,2.0,150.0,26.0,4,16.9071,52.4213,231.684,4.4197,254.8524,1.1369,0.9089,1.0661,8.7389,122.0,856.0,1.4585,1.6843,3.3929,0.0151,16.7947,14.2755,False,False
8.0,2.0,150.0,26.0,6,16.9071,81.2335,364.0748,4.4818,400.4823,1.181,1.7217,2.1051,11.5667,182.0,976.0,2.1877,2.5265,4.7501,0.0227,16.7947,14.2755,False,False
8.0,2.0,150.0,26.0,8,16.9071,110.0457,496.4657,4.5114,546.1123,1.2033,2.5269,3.1532,13.0299,242.0,1096.0,2.9169,3.3687,6.1073,0.0302,16.7947,14.2755,False,False
8.0,2.0,150.0,26.0,10,16.9071,138.8579,628.8565,4.5288,691.7422,1.2173,3.3286,4.2063,13.9283,302.0,1216.0,3.6462,4.2108,7.4644,0.0378,16.7947,14.2755,False,False
8.0,2.0,150.0,26.0,12,16.9071,167.6701,761.2474,4.5401,837.3721,1.2266,4.127,5.2583,14.1353,372.0,1356.0,4.3754,5.053,9.5002,0.0453,16.7947,14.2755,False,False
8.0,2.0,150.0,26.0,16,16.9071,225.2945,1026.0291,4.5542,1128.632,1.2382,5.7249,7.3697,14.9792,492.0,1596.0,5.8339,6.7373,12.2145,0.0605,16.7947,14.2755,False,False
8.0,2.5,150.0,18.0,4,16.9071,29.6908,167.6206,5.6455,184.3826,1.1462,0.6837,0.8092,6.8575,118.0,848.0,1.3707,1.653,3.3929,0.0132,17.9151,15.2278,False,False
8.0,2.5,150.0,18.0,6,16.9071,45.5141,263.4038,5.7873,289.7442,1.2102,1.3574,1.7044,9.4166,181.0,974.0,2.056,2.4795,5.0894,0.0199,17.9151,15.2278,False,False
8.0,2.5,150.0,18.0,8,16.9071,61.3374,359.187,5.8559,395.1057,1.2443,2.017,2.6103,11.1789,233.5,1079.0,2.7414,3.3061,5.9376,0.0265,17.9151,15.2278,False,False
8.0,2.5,150.0,18.0,10,16.9071,77.1607,454.9702,5.8964,500.4672,1.2655,2.6734,3.5236,11.884,296.5,1205.0,3.4267,4.1326,7.6341,0.0331,17.9151,15.2278,False,False
8.0,2.5,150.0,18.0,12,16.9071,92.984,550.7534,5.9231,605.8287,1.2798,3.328,4.4403,12.7229,349.0,1310.0,4.1121,4.9591,8.4823,0.0397,17.9151,15.2278,False,False
8.0,2.5,150.0,18.0,16,16.9071,124.6307,742.3197,5.9562,816.5517,1.2985,4.6306,6.2758,13.5108,464.5,1541.0,5.4828,6.6121,11.027,0.053,17.9151,15.2278,False,False
8.0,2.5,150.0,22.0,4,16.9071,38.4374,200.1807,5.208,220.1987,1.1553,0.8528,1.018,7.9222,128.5,869.0,1.5969,1.8792,4.2412,0.0161,17.9151,15.2278,False,False
8.0,2.5,150.0,22.0,6,16.9071,59.2587,314.5696,5.3084,346.0266,1.2096,1.6217,2.0352,11.2441,181.0,974.0,2.3953,2.8188,5.0894,0.0241,17.9151,15.2278,False,False
8.0,2.5,150.0,22.0,8,16.9071,80.0801,428.9586,5.3566,471.8544,1.2381,2.3791,3.0623,12.5503,244.0,1100.0,3.1938,3.7585,6.7858,0.0321,17.9151,15.2278,False,False
8.0,2.5,150.0,22.0,10,16.9071,100.9015,543.3475,5.3849,597.6823,1.2553,3.1341,4.0947,13.3379,307.0,1226.0,3.9922,4.6981,8.4823,0.0402,17.9151,15.2278,False,False
8.0,2.5,150.0,22.0,12,16.9071,121.7228,657.7365,5.4036,723.5101,1.2671,3.8867,5.1297,13.8641,370.0,1352.0,4.7907,5.6377,10.1788,0.0482,17.9151,15.2278,False,False
8.0,2.5,150.0,22.0,16,16.9071,163.3655,886.5144,5.4266,975.1658,1.2821,5.3905,7.2062,14.5287,496.0,1604.0,6.3876,7.5169,13.5717,0.0643,17.9151,15.2278,False,False
8.0,2.5,150.0,26.0,4,16.9071,54.6851,232.6695,4.2547,255.9365,1.1284,0.8739,1.0167,7.9119,128.5,869.0,1.8231,2.1054,4.2412,0.0189,17.9151,15.2278,False,False
8.0,2.5,150.0,26.0,6,16.9071,84.7908,365.6236,4.3121,402.1859,1.1714,1.6729,2.0274,10.5869,191.5,995.0,2.7346,3.1581,5.9376,0.0283,17.9151,15.2278,False,False
8.0,2.5,150.0,26.0,8,16.9071,114.8966,498.5776,4.3394,548.4353,1.1931,2.4619,3.0438,11.9601,254.5,1121.0,3.6462,4.2108,7.6341,0.0378,17.9151,15.2278,False,False
8.0,2.5,150.0,26.0,10,16.9071,145.0024,631.5316,4.3553,694.6848,1.2067,3.2461,4.0633,12.7979,317.5,1247.0,4.5577,5.2635,9.3305,0.0472,17.9151,15.2278,False,False
8.0,2.5,150.0,26.0,12,16.9071,175.1081,764.4856,4.3658,840.9342,1.2157,4.0324,5.0886,13.0143,391.0,1394.0,5.4693,6.3163,11.8752,0.0567,17.9151,15.2278,False,False
8.0,2.5,150.0,26.0,16,16.9071,235.3197,1030.3937,4.3787,1133.4331,1.2271,5.596,7.1332,13.7972,517.0,1646.0,7.2923,8.4217,15.2681,0.0756,17.9151,15.2278,False,False
8.0,3.0,150.0,18.0,4,16.9071,30.9049,168.394,5.4488,185.2334,1.1404,0.6684,0.7867,6.3441,124.0,860.0,1.6448,1.9836,4.0715,0.0159,18.9744,16.1282,False,False
8.0,3.0,150.0,18.0,6,16.9071,47.4219,264.6191,5.5801,291.081,1.2032,1.3361,1.6671,8.7742,190.0,992.0,2.4673,2.9755,6.1073,0.0238,18.9744,16.1282,False,False
8.0,3.0,150.0,18.0,8,16.9071,63.939,360.8442,5.6436,396.9286,1.2362,1.9912,2.5587,10.4438,245.0,1102.0,3.2897,3.9673,7.1251,0.0318,18.9744,16.1282,False,False
8.0,3.0,150.0,18.0,10,16.9071,80.456,457.0693,5.681,502.7762,1.2569,2.6417,3.4561,11.1129,311.0,1234.0,4.1121,4.9591,9.1609,0.0397,18.9744,16.1282,False,False
8.0,3.0,150.0,18.0,12,16.9071,96.9731,553.2944,5.7056,608.6239,1.2709,3.2893,4.3554,11.9,366.0,1344.0,4.9345,5.9509,10.1788,0.0477,18.9744,16.1282,False,False
8.0,3.0,150.0,18.0,16,16.9071,130.0072,745.7447,5.7362,820.3191,1.289,4.5842,6.164,12.657,487.0,1586.0,6.5793,7.9345,13.2324,0.0635,18.9744,16.1282,False,False
8.0,3.0,150.0,22.0,4,16.9071,39.9922,200.8017,5.021,220.8819,1.148,0.8286,0.9824,7.2768,135.0,882.0,1.9163,2.2551,5.0894,0.0193,18.9744,16.1282,False,False
8.0,3.0,150.0,22.0,6,16.9071,61.7021,315.5455,5.114,347.1001,1.2011,1.5885,1.9784,10.4126,190.0,992.0,2.8744,3.3826,6.1073,0.0289,18.9744,16.1282,False,False
8.0,3.0,150.0,22.0,8,16.9071,83.4119,430.2893,5.1586,473.3183,1.229,2.3366,2.9836,11.6548,256.0,1124.0,3.8325,4.5101,8.143,0.0386,18.9744,16.1282,False,False
8.0,3.0,150.0,22.0,10,16.9071,105.1218,545.0331,5.1848,599.5365,1.2458,3.0822,3.9939,12.4034,322.0,1256.0,4.7907,5.6377,10.1788,0.0482,18.9744,16.1282,False,False
8.0,3.0,150.0,22.0,12,16.9071,126.8316,659.777,5.202,725.7547,1.2573,3.8253,5.0065,12.9035,388.0,1388.0,5.7488,6.7652,12.2145,0.0578,18.9744,16.1282,False,False
8.0,3.0,150.0,22.0,16,16.9071,170.2513,889.2646,5.2232,978.1911,1.272,5.3103,7.038,13.5347,520.0,1652.0,7.6651,9.0203,16.286,0.0771,18.9744,16.1282,False,False
8.0,3.0,150.0,26.0,4,16.9071,56.7457,233.3614,4.1124,256.6975,1.1211,0.8401,0.9704,7.1882,135.0,882.0,2.1877,2.5265,5.0894,0.0227,18.9744,16.1282,False,False
8.0,3.0,150.0,26.0,6,16.9071,88.0289,366.7107,4.1658,403.3818,1.1627,1.622,1.9498,9.7007,201.0,1014.0,3.2816,3.7898,7.1251,0.034,18.9744,16.1282,False,False
8.0,3.0,150.0,26.0,8,16.9071,119.3122,500.0601,4.1912,550.0661,1.184,2.3958,2.9374,11.0015,267.0,1146.0,4.3754,5.053,9.1609,0.0453,18.9744,16.1282,False,False
8.0,3.0,150.0,26.0,10,16.9071,150.5954,633.4095,4.206,696.7504,1.1969,3.1663,3.9286,11.4202,344.0,1300.0,5.4693,6.3163,12.2145,0.0567,18.9744,16.1282,False,False
8.0,3.0,150.0,26.0,12,16.9071,181.8786,766.7588,4.2158,843.4347,1.206,3.9359,4.9238,12.0092,410.0,1432.0,6.5631,7.5795,14.2503,0.068,18.9744,16.1282,False,False
8.0,3.0,150.0,26.0,16,16.9071,244.4451,1033.4575,4.2278,1136.8033,1.2167,5.4718,6.9112,12.7514,542.0,1696.0,8.7508,10.106,18.3218,0.0907,18.9744,16.1282,False,False
8.0,4.0,150.0,18.0,4,16.9071,33.3161,169.5585,5.0894,186.5144,1.1283,0.6326,0.7359,5.4113,136.0,884.0,2.1931,2.6448,5.4287,0.0212,20.6379,17.5422,True,False
8.0,4.0,150.0,18.0,6,16.9071,51.211,266.4491,5.203,293.094,1.1882,1.2869,1.5841,7.6157,208.0,1028.0,3.2897,3.9673,8.143,0.0318,20.6379,17.5422,True,False
8.0,4.0,150.0,18.0,8,16.9071,69.1059,363.3397,5.2577,399.6737,1.2202,1.9288,2.4437,9.1182,268.0,1148.0,4.3862,5.2897,9.5002,0.0424,20.6379,17.5422,True,False
8.0,4.0,150.0,18.0,10,16.9071,87.0008,460.2303,5.29,506.2533,1.2396,2.5646,3.3054,9.7218,340.0,1292.0,5.4828,6.6121,12.2145,0.053,20.6379,17.5422,True,False
8.0,4.0,150.0,18.0,12,16.9071,104.8957,557.1209,5.3112,612.833,1.2533,3.2006,4.1746,10.4365,400.0,1412.0,6.5793,7.9345,13.5717,0.0635,20.6379,17.5422,True,False
8.0,4.0,150.0,18.0,16,16.9071,140.6855,750.9021,5.3375,825.9923,1.2703,4.4665,5.9111,11.111,532.0,1676.0,8.7725,10.5794,17.6432,0.0847,20.6379,17.5422,True,False
8.0,4.0,150.0,22.0,4,16.9071,43.0364,202.0153,4.6941,222.2168,1.1347,0.7821,0.9155,6.1856,148.0,908.0,2.555,3.0068,6.7858,0.0257,20.6379,17.5422,True,False
8.0,4.0,150.0,22.0,6,16.9071,66.4857,317.4526,4.7747,349.1978,1.1853,1.5217,1.868,8.4909,220.0,1052.0,3.8325,4.5101,9.5002,0.0386,20.6379,17.5422,True,False
8.0,4.0,150.0,22.0,8,16.9071,89.9351,432.8899,4.8134,476.1789,1.212,2.2512,2.8312,10.1114,280.0,1172.0,5.1101,6.0135,10.8573,0.0514,20.6379,17.5422,True,False
8.0,4.0,150.0,22.0,10,16.9071,113.3845,548.3272,4.836,603.1599,1.228,2.9777,3.7988,10.792,352.0,1316.0,6.3876,7.5169,13.5717,0.0643,20.6379,17.5422,True,False
8.0,4.0,150.0,22.0,12,16.9071,136.8338,663.7645,4.8509,730.141,1.2389,3.7019,4.7685,11.2464,424.0,1460.0,7.6651,9.0203,16.286,0.0771,20.6379,17.5422,True,False
8.0,4.0,150.0,22.0,16,16.9071,183.7325,894.6391,4.8692,984.103,1.2529,5.1446,6.708,11.8098,568.0,1748.0,10.2201,12.027,21.7147,0.1028,20.6379,17.5422,True,False
8.0,4.0,150.0,26.0,4,16.9071,60.6095,234.386,3.8671,257.8246,1.1067,0.7703,0.8773,5.9275,148.0,908.0,2.9169,3.3687,6.7858,0.0302,20.6379,17.5422,True,False
8.0,4.0,150.0,26.0,6,16.9071,94.1006,368.3208,3.9141,405.1529,1.1466,1.5215,1.8013,8.1879,220.0,1052.0,4.3754,5.053,9.5002,0.0453,20.6379,17.5422,True,False
8.0,4.0,150.0,26.0,8,16.9071,127.5918,502.2557,3.9364,552.4812,1.1672,2.2651,2.7343,9.3641,292.0,1196.0,5.8339,6.7373,12.2145,0.0605,20.6379,17.5422,True,False
8.0,4.0,150.0,26.0,10,16.9071,161.0829,636.1905,3.9495,699.8096,1.1794,3.0069,3.671,9.7634,376.0,1364.0,7.2923,8.4217,16.286,0.0756,20.6379,17.5422,True,False
8.0,4.0,150.0,26.0,12,16.9071,194.5741,770.1254,3.958,847.1379,1.1877,3.7443,4.6068,10.283,448.0,1508.0,8.7508,10.106,19.0004,0.0907,20.6379,17.5422,True,False
8.0,4.0,150.0,26.0,16,16.9071,261.5563,1037.995,3.9685,1141.7945,1.198,5.2152,6.4766,10.9402,592.0,1796.0,11.6678,13.4747,24.429,0.1209,20.6379,17.5422,True,False
10.0,1.5,150.0,18.0,4,20.62,30.4435,135.8957,4.4639,149.4853,1.0719,0.4838,0.532,4.1564,128.0,876.0,0.8224,0.9918,2.0358,0.0079,17.1594,14.5855,False,False
10.0,1.5,150.0,18.0,6,20.62,46.697,213.5504,4.5731,234.9055,1.1357,1.237,1.4493,7.3567,197.0,1014.0,1.2336,1.4877,3.0536,0.0119,17.1594,14.5855,False,False
10.0,1.5,150.0,18.0,8,20.62,62.9504,291.2051,4.6259,320.3257,1.1701,1.9675,2.3817,9.3583,254.5,1129.0,1.6448,1.9836,3.5626,0.0159,17.1594,14.5855,False,False
10.0,1.5,150.0,18.0,10,20.62,79.2039,368.8599,4.6571,405.7458,1.1917,2.6885,3.3196,10.2616,323.5,1267.0,2.056,2.4795,4.5804,0.0199,17.1594,14.5855,False,False
10.0,1.5,150.0,18.0,12,20.62,95.4573,446.5146,4.6776,491.166,1.2063,3.4036,4.2587,11.1778,381.0,1382.0,2.4673,2.9755,5.0894,0.0238,17.1594,14.5855,False,False
10.0,1.5,150.0,18.0,16,20.62,127.9642,601.824,4.7031,662.0064,1.2255,4.8345,6.154,12.126,507.5,1635.0,3.2897,3.9673,6.6162,0.0318,17.1594,14.5855,False,False
10.0,1.5,150.0,22.0,4,20.62,38.8521,161.9439,4.1682,178.1382,1.0825,0.6454,0.7174,5.1423,139.5,899.0,0.9581,1.1275,2.5447,0.0096,17.1594,14.5855,False,False
10.0,1.5,150.0,22.0,6,20.62,59.9104,254.4832,4.2477,279.9315,1.1368,1.4877,1.7449,8.3687,208.5,1037.0,1.4372,1.6913,3.5626,0.0145,17.1594,14.5855,False,False
10.0,1.5,150.0,22.0,8,20.62,80.9688,347.0225,4.2859,381.7248,1.1662,2.3119,2.7881,10.4817,266.0,1152.0,1.9163,2.2551,4.0715,0.0193,17.1594,14.5855,False,False
10.0,1.5,150.0,22.0,10,20.62,102.0271,439.5619,4.3083,483.5181,1.1839,3.127,3.8336,11.4436,335.0,1290.0,2.3953,2.8188,5.0894,0.0241,17.1594,14.5855,False,False
10.0,1.5,150.0,22.0,12,20.62,123.0854,532.1012,4.323,585.3113,1.1961,3.942,4.8871,12.0967,404.0,1428.0,2.8744,3.3826,6.1073,0.0289,17.1594,14.5855,False,False
10.0,1.5,150.0,22.0,16,20.62,165.2021,717.1799,4.3412,788.8979,1.2116,5.563,6.9938,12.9037,542.0,1704.0,3.8325,4.5101,8.143,0.0386,17.1594,14.5855,False,False
10.0,1.5,150.0,26.0,4,20.62,53.5874,187.9914,3.5081,206.7906,1.0622,0.5973,0.6503,4.6617,139.5,899.0,1.0939,1.2633,2.5447,0.0113,17.1594,14.5855,False,False
10.0,1.5,150.0,26.0,6,20.62,83.0659,295.4151,3.5564,324.9566,1.1055,1.4366,1.6343,7.8385,208.5,1037.0,1.6408,1.8949,3.5626,0.017,17.1594,14.5855,False,False
10.0,1.5,150.0,26.0,8,20.62,112.5445,402.8387,3.5794,443.1226,1.1284,2.2601,2.6293,9.475,277.5,1175.0,2.1877,2.5265,4.5804,0.0227,17.1594,14.5855,False,False
10.0,1.5,150.0,26.0,10,20.62,142.023,510.2624,3.5928,561.2886,1.1422,3.0796,3.6307,10.1417,358.0,1336.0,2.7346,3.1581,6.1073,0.0283,17.1594,14.5855,False,False
10.0,1.5,150.0,26.0,12,20.62,171.5015,617.6861,3.6016,679.4547,1.1513,3.8928,4.6296,10.842,427.0,1474.0,3.2816,3.7898,7.1251,0.034,17.1594,14.5855,False,False
10.0,1.5,150.0,26.0,16,20.62,230.4585,832.5334,3.6125,915.7867,1.1631,5.515,6.6319,11.7379,565.0,1750.0,4.3754,5.053,9.1609,0.0453,17.1594,14.5855,False,False
10.0,2.0,150.0,18.0,4,20.62,31.6711,136.957,4.3244,150.6527,1.0672,0.4611,0.5046,3.7656,134.0,888.0,1.0966,1.3224,2.7143,0.0106,18.6643,15.8647,False,False
10.0,2.0,150.0,18.0,6,20.62,48.626,215.2181,4.426,236.7399,1.1292,1.2049,1.4028,6.8096,206.0,1032.0,1.6448,1.9836,4.0715,0.0159,18.6643,15.8647,False,False
10.0,2.0,150.0,18.0,8,20.62,65.5809,293.4792,4.4751,322.8271,1.1628,1.9279,2.3177,8.7131,266.0,1152.0,2.1931,2.6448,4.7501,0.0212,18.6643,15.8647,False,False
10.0,2.0,150.0,18.0,10,20.62,82.5359,371.7404,4.504,408.9144,1.1837,2.6412,3.2376,9.5788,338.0,1296.0,2.7414,3.3061,6.1073,0.0265,18.6643,15.8647,False,False
10.0,2.0,150.0,18.0,12,20.62,99.4908,450.0015,4.523,495.0016,1.1979,3.3515,4.162,10.4573,398.0,1416.0,3.2897,3.9673,6.7858,0.0318,18.6643,15.8647,False,False
10.0,2.0,150.0,18.0,16,20.62,133.4006,606.5237,4.5466,667.1761,1.2166,4.7641,6.0166,11.3521,530.0,1680.0,4.3862,5.2897,8.8216,0.0424,18.6643,15.8647,False,False
10.0,2.0,150.0,22.0,4,20.62,40.4395,163.005,4.0308,179.3055,1.0764,0.6114,0.6754,4.6258,146.0,912.0,1.2775,1.5034,3.3929,0.0129,18.6643,15.8647,False,False
10.0,2.0,150.0,22.0,6,20.62,62.405,256.1508,4.1047,281.7658,1.1295,1.4406,1.6778,7.6963,218.0,1056.0,1.9163,2.2551,4.7501,0.0193,18.6643,15.8647,False,False
10.0,2.0,150.0,22.0,8,20.62,84.3704,349.2965,4.14,384.2261,1.1576,2.2498,2.6916,9.6819,278.0,1176.0,2.555,3.0068,5.4287,0.0257,18.6643,15.8647,False,False
10.0,2.0,150.0,22.0,10,20.62,106.3359,442.4422,4.1608,486.6864,1.1748,3.0524,3.711,10.6029,350.0,1320.0,3.1938,3.7585,6.7858,0.0321,18.6643,15.8647,False,False
10.0,2.0,150.0,22.0,12,20.62,128.3013,535.5879,4.1745,589.1467,1.1867,3.8539,4.7369,11.2249,422.0,1464.0,3.8325,4.5101,8.143,0.0386,18.6643,15.8647,False,False
10.0,2.0,150.0,22.0,16,20.62,172.2322,721.8794,4.1913,794.0673,1.2017,5.4499,6.791,11.9982,566.0,1752.0,5.1101,6.0135,10.8573,0.0514,18.6643,15.8647,False,False
10.0,2.0,150.0,26.0,4,20.62,55.6699,189.0523,3.396,207.9575,1.0551,0.5433,0.5872,4.0219,146.0,912.0,1.4585,1.6843,3.3929,0.0151,18.6643,15.8647,False,False
10.0,2.0,150.0,26.0,6,20.62,86.3384,297.0822,3.4409,326.7904,1.0976,1.3605,1.5354,7.0433,218.0,1056.0,2.1877,2.5265,4.7501,0.0227,18.6643,15.8647,False,False
10.0,2.0,150.0,26.0,8,20.62,117.007,405.112,3.4623,445.6232,1.1194,2.1615,2.4928,8.2543,302.0,1224.0,2.9169,3.3687,6.7858,0.0302,18.6643,15.8647,False,False
10.0,2.0,150.0,26.0,10,20.62,147.6755,513.1419,3.4748,564.4561,1.1329,2.9566,3.4548,9.2374,374.0,1368.0,3.6462,4.2108,8.143,0.0378,18.6643,15.8647,False,False
10.0,2.0,150.0,26.0,12,20.62,178.344,621.1718,3.483,683.289,1.1418,3.7479,4.4169,9.9035,446.0,1512.0,4.3754,5.053,9.5002,0.0453,18.6643,15.8647,False,False
10.0,2.0,150.0,26.0,16,20.62,239.681,837.2315,3.4931,920.9547,1.1532,5.3254,6.3448,10.7539,590.0,1800.0,5.8339,6.7373,12.2145,0.0605,18.6643,15.8647,False,False
10.0,2.5,150.0,18.0,4,20.62,32.9072,137.9424,4.1919,151.7367,1.0621,0.4354,0.474,3.386,140.0,900.0,1.3707,1.653,3.3929,0.0132,19.887,16.9039,False,False
10.0,2.5,150.0,18.0,6,20.62,50.5684,216.7667,4.2866,238.4433,1.1228,1.1715,1.3554,6.3044,215.0,1050.0,2.056,2.4795,5.0894,0.0199,19.887,16.9039,False,False
10.0,2.5,150.0,18.0,8,20.62,68.2297,295.5909,4.3323,325.15,1.1554,1.8838,2.2489,8.1043,277.5,1175.0,2.7414,3.3061,5.9376,0.0265,19.887,16.9039,False,False
10.0,2.5,150.0,18.0,10,20.62,85.8909,374.4151,4.3592,411.8566,1.1758,2.5885,3.1497,8.9354,352.5,1325.0,3.4267,4.1326,7.6341,0.0331,19.887,16.9039,False,False
10.0,2.5,150.0,18.0,12,20.62,103.5522,453.2394,4.3769,498.5633,1.1899,3.2915,4.0577,9.7775,415.0,1450.0,4.1121,4.9591,8.4823,0.0397,19.887,16.9039,False,False
10.0,2.5,150.0,18.0,16,20.62,138.8746,610.8878,4.3988,671.9766,1.2077,4.6852,5.87,10.3893,565.0,1750.0,5.4828,6.6121,11.8752,0.053,19.887,16.9039,False,False
10.0,2.5,150.0,22.0,4,20.62,41.9241,163.9337,3.9102,180.3271,1.0708,0.5781,0.635,4.1641,152.5,925.0,1.5969,1.8792,4.2412,0.0161,19.887,16.9039,False,False
10.0,2.5,150.0,22.0,6,20.62,64.7379,257.6102,3.9793,283.3712,1.1225,1.3923,1.6106,7.0795,227.5,1075.0,2.3953,2.8188,5.9376,0.0241,19.887,16.9039,False,False
10.0,2.5,150.0,22.0,8,20.62,87.5517,351.2866,4.0123,386.4152,1.1498,2.1893,2.5999,8.9652,290.0,1200.0,3.1938,3.7585,6.7858,0.0321,19.887,16.9039,False,False
10.0,2.5,150.0,22.0,10,20.62,110.3655,444.963,4.0317,489.4593,1.1669,2.9811,3.5975,9.8562,365.0,1350.0,3.9922,4.6981,8.4823,0.0402,19.887,16.9039,False,False
10.0,2.5,150.0,22.0,12,20.62,133.1793,538.6394,4.0445,592.5034,1.1781,3.765,4.5914,10.4351,440.0,1500.0,4.7907,5.6377,10.1788,0.0482,19.887,16.9039,False,False
10.0,2.5,150.0,22.0,16,20.62,178.8068,725.9923,4.0602,798.5915,1.1928,5.3332,6.592,11.1728,590.0,1800.0,6.3876,7.5169,13.5717,0.0643,19.887,16.9039,False,False
10.0,2.5,150.0,26.0,4,20.62,57.6814,189.9809,3.2936,208.9789,1.0485,0.4891,0.5249,3.4422,152.5,925.0,1.8231,2.1054,4.2412,0.0189,19.887,16.9039,False,False
10.0,2.5,150.0,26.0,6,20.62,89.4994,298.5413,3.3357,328.3955,1.0897,1.2829,1.4365,6.3143,227.5,1075.0,2.7346,3.1581,5.9376,0.0283,19.887,16.9039,False,False
10.0,2.5,150.0,26.0,8,20.62,121.3173,407.1018,3.3557,447.812,1.1111,2.0604,2.3568,7.482,315.0,1250.0,3.6462,4.2108,8.4823,0.0378,19.887,16.9039,False,False
10.0,2.5,150.0,26.0,10,20.62,153.1352,515.6623,3.3674,567.2285,1.1241,2.8309,3.2797,8.4094,390.0,1400.0,4.5577,5.2635,10.1788,0.0472,19.887,16.9039,False,False
10.0,2.5,150.0,26.0,12,20.62,184.9532,624.2228,3.375,686.6451,1.1328,3.5995,4.2053,9.0437,465.0,1550.0,5.4693,6.3163,11.8752,0.0567,19.887,16.9039,False,False
10.0,2.5,150.0,26.0,16,20.62,248.5891,841.3438,3.3845,925.4782,1.1439,5.1315,6.0597,9.8531,615.0,1850.0,7.2923,8.4217,15.2681,0.0756,19.887,16.9039,False,False
10.0,3.0,150.0,18.0,4,20.62,34.0284,138.6477,4.0745,152.5125,1.0575,0.4099,0.4441,3.0419,146.0,912.0,1.6448,1.9836,4.0715,0.0159,21.073,17.912,False,False
10.0,3.0,150.0,18.0,6,20.62,52.3303,217.8749,4.1635,239.6624,1.1167,1.1349,1.3054,5.8275,224.0,1068.0,2.4673,2.9755,6.1073,0.0238,21.073,17.912,False,False
10.0,3.0,150.0,18.0,8,20.62,70.6322,297.1022,4.2063,326.8124,1.1487,1.8399,2.1826,7.5523,289.0,1198.0,3.2897,3.9673,7.1251,0.0318,21.073,17.912,False,False
10.0,3.0,150.0,18.0,10,20.62,88.9341,376.3294,4.2316,413.9624,1.1686,2.5362,3.0658,8.3536,367.0,1354.0,4.1121,4.9591,9.1609,0.0397,21.073,17.912,False,False
10.0,3.0,150.0,18.0,12,20.62,107.236,455.5567,4.2482,501.1124,1.1824,3.228,3.9522,8.8813,445.0,1510.0,4.9345,5.9509,11.1966,0.0477,21.073,17.912,False,False
10.0,3.0,150.0,18.0,16,20.62,143.8399,614.0112,4.2687,675.4123,1.1996,4.6043,5.7262,9.7385,588.0,1796.0,6.5793,7.9345,14.2503,0.0635,21.073,17.912,False,False
10.0,3.0,150.0,22.0,4,20.62,43.3928,164.6266,3.7939,181.0893,1.0648,0.5398,0.5892,3.7058,159.0,938.0,1.9163,2.2551,5.0894,0.0193,21.073,17.912,False,False
10.0,3.0,150.0,22.0,6,20.62,67.0459,258.699,3.8585,284.5689,1.1155,1.3408,1.5403,6.4993,237.0,1094.0,2.8744,3.3826,7.1251,0.0289,21.073,17.912,False,False
10.0,3.0,150.0,22.0,8,20.62,90.699,352.7713,3.8895,388.0485,1.142,2.1209,2.4999,8.2779,302.0,1224.0,3.8325,4.5101,8.143,0.0386,21.073,17.912,False,False
10.0,3.0,150.0,22.0,10,20.62,114.352,446.8437,3.9076,491.5281,1.1587,2.8956,3.4675,9.1251,380.0,1380.0,4.7907,5.6377,10.1788,0.0482,21.073,17.912,False,False
10.0,3.0,150.0,22.0,12,20.62,138.0051,540.9161,3.9195,595.0077,1.1697,3.6675,4.4376,9.6891,458.0,1536.0,5.7488,6.7652,12.2145,0.0578,21.073,17.912,False,False
10.0,3.0,150.0,22.0,16,20.62,185.3112,729.0608,3.9343,801.9668,1.184,5.2065,6.3837,10.3969,614.0,1848.0,7.6651,9.0203,16.286,0.0771,21.073,17.912,False,False
10.0,3.0,150.0,26.0,4,20.62,59.5104,190.6731,3.204,209.7404,1.0423,0.4355,0.4644,2.9205,159.0,938.0,2.1877,2.5265,5.0894,0.0227,21.073,17.912,False,False
10.0,3.0,150.0,26.0,6,20.62,92.3735,299.6292,3.2437,329.5921,1.0826,1.2059,1.3406,5.6567,237.0,1094.0,3.2816,3.7898,7.1251,0.034,21.073,17.912,False,False
10.0,3.0,150.0,26.0,8,20.62,125.2366,408.5853,3.2625,449.4438,1.1034,1.9606,2.2257,6.7856,328.0,1276.0,4.3754,5.053,10.1788,0.0453,21.073,17.912,False,False
10.0,3.0,150.0,26.0,10,20.62,158.0997,517.5414,3.2735,569.2955,1.1161,2.7091,3.1142,7.6705,406.0,1432.0,5.4693,6.3163,12.2145,0.0567,21.073,17.912,False,False
10.0,3.0,150.0,26.0,12,20.62,190.9628,626.4974,3.2807,689.1472,1.1244,3.4494,3.9975,8.2592,484.0,1588.0,6.5631,7.5795,14.2503,0.068,21.073,17.912,False,False
10.0,3.0,150.0,26.0,16,20.62,256.689,844.4096,3.2896,928.8506,1.1353,4.94,5.7856,9.04,640.0,1900.0,8.7508,10.106,18.3218,0.0907,21.073,17.912,False,False
10.0,4.0,150.0,18.0,4,20.62,36.2786,139.908,3.8565,153.8988,1.0478,0.3534,0.379,2.399,158.0,936.0,2.1931,2.6448,5.4287,0.0212,22.9893,19.5409,False,False
10.0,4.0,150.0,18.0,6,20.62,55.8663,219.8554,3.9354,241.841,1.1046,1.0577,1.2022,4.9678,242.0,1104.0,3.2897,3.9673,8.143,0.0318,22.9893,19.5409,False,False
10.0,4.0,150.0,18.0,8,20.62,75.4541,299.8029,3.9733,329.7831,1.135,1.7396,2.0368,6.5282,312.0,1244.0,4.3862,5.2897,9.5002,0.0424,22.9893,19.5409,False,False
10.0,4.0,150.0,18.0,10,20.62,95.0418,379.7503,3.9956,417.7253,1.1541,2.4135,2.8779,7.2673,396.0,1412.0,5.4828,6.6121,12.2145,0.053,22.9893,19.5409,False,False
10.0,4.0,150.0,18.0,12,20.62,114.6296,459.6977,4.0103,505.6675,1.1671,3.0827,3.7209,7.7518,480.0,1580.0,6.5793,7.9345,14.9288,0.0635,22.9893,19.5409,False,False
10.0,4.0,150.0,18.0,16,20.62,153.8051,619.5926,4.0284,681.5518,1.184,4.4216,5.4213,8.551,634.0,1888.0,8.7725,10.5794,19.0004,0.0847,22.9893,19.5409,False,False
10.0,4.0,150.0,22.0,4,20.62,46.1684,165.8304,3.5919,182.4135,1.0538,0.4654,0.5023,2.9204,172.0,964.0,2.555,3.0068,6.7858,0.0257,22.9893,19.5409,False,False
10.0,4.0,150.0,22.0,6,20.62,71.4075,260.5906,3.6493,286.6497,1.1022,1.2337,1.3988,5.4639,256.0,1132.0,3.8325,4.5101,9.5002,0.0386,22.9893,19.5409,False,False
10.0,4.0,150.0,22.0,8,20.62,96.6466,355.3509,3.6768,390.886,1.1277,1.9851,2.3079,6.7878,340.0,1300.0,5.1101,6.0135,12.2145,0.0514,22.9893,19.5409,False,False
10.0,4.0,150.0,22.0,10,20.62,121.8857,450.1111,3.6929,495.1222,1.1432,2.7273,3.2185,7.8499,410.0,1440.0,6.3876,7.5169,13.5717,0.0643,22.9893,19.5409,False,False
10.0,4.0,150.0,22.0,12,20.62,147.1248,544.8714,3.7035,599.3585,1.1538,3.4664,4.1319,8.3643,494.0,1608.0,7.6651,9.0203,16.286,0.0771,22.9893,19.5409,False,False
10.0,4.0,150.0,22.0,16,20.62,197.603,734.3918,3.7165,807.831,1.1674,4.9446,5.9702,9.0184,662.0,1944.0,10.2201,12.027,21.7147,0.1028,22.9893,19.5409,False,False
10.0,4.0,150.0,26.0,4,20.62,62.8685,191.7441,3.0499,210.9185,1.0312,0.3338,0.3517,2.0449,172.0,964.0,2.9169,3.3687,6.7858,0.0302,22.9893,19.5409,False,False
10.0,4.0,150.0,26.0,6,20.62,97.6506,301.3121,3.0856,331.4434,1.0696,1.0577,1.1604,4.5326,256.0,1132.0,4.3754,5.053,9.5002,0.0453,22.9893,19.5409,False,False
10.0,4.0,150.0,26.0,8,20.62,132.4326,410.8802,3.1026,451.9682,1.0895,1.7668,1.978,5.5876,354.0,1328.0,5.8339,6.7373,13.5717,0.0605,22.9893,19.5409,False,False
10.0,4.0,150.0,26.0,10,20.62,167.2146,520.4482,3.1125,572.4931,1.1014,2.4655,2.7934,6.3776,438.0,1496.0,7.2923,8.4217,16.286,0.0756,22.9893,19.5409,False,False
10.0,4.0,150.0,26.0,12,20.62,201.9966,630.0163,3.1189,693.0179,1.1096,3.1673,3.6178,6.9306,522.0,1664.0,8.7508,10.106,19.0004,0.0907,22.9893,19.5409,False,False
10.0,4.0,150.0,26.0,16,20.62,271.5607,849.1524,3.1269,934.0676,1.1199,4.5625,5.2643,7.6294,690.0,2000.0,11.6678,13.4747,24.429,0.1209,22.9893,19.5409,False,False
3.0,1.5,175.0,18.0,4,7.2644,17.4037,572.7667,32.9107,630.0434,1.5441,0.827,1.3499,26.4689,51.0,694.0,1.0705,1.301,2.8628,0.0145,9.6538,8.2057,True,True
3.0,1.5,175.0,18.0,6,7.2644,26.2058,900.062,34.346,990.0682,1.5879,1.3306,2.2379,30.4471,73.5,739.0,1.6058,1.9515,3.5785,0.0218,9.6538,8.2057,True,True
3.0,1.5,175.0,18.0,8,7.2644,35.0078,1227.3573,35.0595,1350.093,1.6098,1.8318,3.1258,31.103,100.5,793.0,2.1411,2.602,5.0099,0.0291,9.6538,8.2057,True,True
3.0,1.5,175.0,18.0,10,7.2644,43.8099,1554.6525,35.4863,1710.1178,1.6222,2.3324,4.0128,32.6243,123.0,838.0,2.6763,3.2525,5.7256,0.0363,9.6538,8.2057,True,True
3.0,1.5,175.0,18.0,12,7.2644,52.612,1881.9478,35.7703,2070.1426,1.6313,2.8357,4.9078,33.7303,145.5,883.0,3.2116,3.903,6.4412,0.0436,9.6538,8.2057,True,True
3.0,1.5,175.0,18.0,16,7.2644,70.2162,2536.5384,36.1247,2790.1922,1.6423,3.8386,6.6914,34.315,195.0,982.0,4.2821,5.204,8.5883,0.0581,9.6538,8.2057,True,True
3.0,1.5,175.0,22.0,4,7.2644,23.5872,695.1886,29.4732,764.7075,1.5545,1.0103,1.661,32.5684,51.0,694.0,1.2614,1.4918,2.8628,0.0177,9.6538,8.2057,True,True
3.0,1.5,175.0,22.0,6,7.2644,35.9227,1092.4393,30.4108,1201.6832,1.591,1.6175,2.7259,34.9469,78.0,748.0,1.8921,2.2378,4.2942,0.0265,9.6538,8.2057,True,True
3.0,1.5,175.0,22.0,8,7.2644,48.2582,1489.6899,30.8691,1638.6589,1.6086,2.2234,3.7911,36.106,105.0,802.0,2.5228,2.9837,5.7256,0.0354,9.6538,8.2057,True,True
3.0,1.5,175.0,22.0,10,7.2644,60.5938,1886.9406,31.1408,2075.6346,1.6197,2.8297,4.8602,38.1194,127.5,847.0,3.1534,3.7296,6.4412,0.0442,9.6538,8.2057,True,True
3.0,1.5,175.0,22.0,12,7.2644,72.9293,2284.1912,31.3206,2512.6103,1.6275,3.437,5.9338,38.4062,154.5,901.0,3.7841,4.4755,7.8726,0.0531,9.6538,8.2057,True,True
3.0,1.5,175.0,22.0,16,7.2644,97.6004,3078.6925,31.5439,3386.5617,1.636,4.6476,8.0681,39.5497,204.0,1000.0,5.0455,5.9674,10.0197,0.0708,9.6538,8.2057,True,True
3.0,1.5,175.0,26.0,4,7.2644,38.5146,816.8592,21.2091,898.5452,1.5357,1.1767,1.9097,34.4086,55.5,703.0,1.4522,1.6827,3.5785,0.0209,9.6538,8.2057,True,True
3.0,1.5,175.0,26.0,6,7.2644,59.3801,1283.636,21.6173,1411.9995,1.5654,1.8799,3.1137,37.7423,82.5,757.0,2.1783,2.5241,5.0099,0.0313,9.6538,8.2057,True,True
3.0,1.5,175.0,26.0,8,7.2644,80.2455,1750.4127,21.8132,1925.4539,1.5803,2.583,4.3219,39.4692,109.5,811.0,2.9045,3.3654,6.4412,0.0417,9.6538,8.2057,True,True
3.0,1.5,175.0,26.0,10,7.2644,101.111,2217.1894,21.9283,2438.9083,1.5888,3.2851,5.528,40.498,136.5,865.0,3.6306,4.2068,7.8726,0.0521,9.6538,8.2057,True,True
3.0,1.5,175.0,26.0,12,7.2644,121.9765,2683.9661,22.004,2952.3627,1.5949,3.9884,6.7389,41.2162,163.5,919.0,4.3567,5.0481,9.304,0.0626,9.6538,8.2057,True,True
3.0,1.5,175.0,26.0,16,7.2644,163.7074,3617.5195,22.0975,3979.2715,1.6012,5.3905,9.1461,42.0511,217.5,1027.0,5.8089,6.7308,12.1668,0.0834,9.6538,8.2057,True,True
3.0,2.0,175.0,18.0,4,7.2644,19.9931,574.8592,28.7529,632.3451,1.5339,0.826,1.3387,23.4867,57.0,706.0,1.4274,1.7347,3.817,0.0194,10.3184,8.7706,True,True
3.0,2.0,175.0,18.0,6,7.2644,30.2748,903.3501,29.8383,993.6852,1.5766,1.3282,2.2168,27.0346,82.0,756.0,2.1411,2.602,4.7713,0.0291,10.3184,8.7706,True,True
3.0,2.0,175.0,18.0,8,7.2644,40.5565,1231.8411,30.3734,1355.0252,1.5979,1.8308,3.0996,27.6749,112.0,816.0,2.8547,3.4693,6.6798,0.0388,10.3184,8.7706,True,True
3.0,2.0,175.0,18.0,10,7.2644,50.8383,1560.3321,30.6921,1716.3653,1.6109,2.3312,3.9809,29.0579,137.0,866.0,3.5684,4.3367,7.6341,0.0484,10.3184,8.7706,True,True
3.0,2.0,175.0,18.0,12,7.2644,61.12,1888.823,30.9035,2077.7053,1.6189,2.8316,4.861,30.0064,162.0,916.0,4.2821,5.204,8.5883,0.0581,10.3184,8.7706,True,True
3.0,2.0,175.0,18.0,16,7.2644,81.6835,2545.8049,31.1667,2800.3854,1.6297,3.8336,6.6277,30.5424,217.0,1026.0,5.7095,6.9387,11.4511,0.0775,10.3184,8.7706,True,True
3.0,2.0,175.0,22.0,4,7.2644,27.1349,697.0202,25.6872,766.7223,1.5428,1.007,1.6423,28.812,57.0,706.0,1.6818,1.9891,3.817,0.0236,10.3184,8.7706,True,True
3.0,2.0,175.0,22.0,6,7.2644,41.4977,1095.3175,26.3947,1204.8493,1.5784,1.6129,2.6952,30.9789,87.0,766.0,2.5228,2.9837,5.7256,0.0354,10.3184,8.7706,True,True
3.0,2.0,175.0,22.0,8,7.2644,55.8605,1493.6148,26.7383,1642.9763,1.5955,2.2175,3.7484,32.0374,117.0,826.0,3.3637,3.9783,7.6341,0.0472,10.3184,8.7706,True,True
3.0,2.0,175.0,22.0,10,7.2644,70.2232,1891.9121,26.9414,2081.1033,1.6062,2.8226,4.8054,33.8405,142.0,876.0,4.2046,4.9728,8.5883,0.059,10.3184,8.7706,True,True
3.0,2.0,175.0,22.0,12,7.2644,84.586,2290.2093,27.0755,2519.2303,1.6131,3.4288,5.8637,34.0915,172.0,936.0,5.0455,5.9674,10.4968,0.0708,10.3184,8.7706,True,True
3.0,2.0,175.0,22.0,16,7.2644,113.3116,3086.8039,27.2417,3395.4843,1.6221,4.6371,7.9776,34.3862,232.0,1056.0,6.7273,7.9565,14.3139,0.0944,10.3184,8.7706,True,True
3.0,2.0,175.0,26.0,4,7.2644,44.2339,818.4393,18.5025,900.2833,1.5187,1.1679,1.8731,30.2106,62.0,716.0,1.9363,2.2436,4.7713,0.0278,10.3184,8.7706,True,True
3.0,2.0,175.0,26.0,6,7.2644,68.3676,1286.119,18.8118,1414.7309,1.5481,1.8688,3.0591,33.251,92.0,776.0,2.9045,3.3654,6.6798,0.0417,10.3184,8.7706,True,True
3.0,2.0,175.0,26.0,8,7.2644,92.5013,1753.7986,18.9597,1929.1785,1.5618,2.5659,4.2396,34.751,122.0,836.0,3.8726,4.4872,8.5883,0.0556,10.3184,8.7706,True,True
3.0,2.0,175.0,26.0,10,7.2644,116.6349,2221.4782,19.0464,2443.6261,1.5707,3.2672,5.4313,35.7325,152.0,896.0,4.8408,5.609,10.4968,0.0695,10.3184,8.7706,True,True
3.0,2.0,175.0,26.0,12,7.2644,140.7686,2689.1579,19.1034,2958.0736,1.5758,3.9629,6.6107,36.3225,182.0,956.0,5.8089,6.7308,12.4054,0.0834,10.3184,8.7706,True,True
3.0,2.0,175.0,26.0,16,7.2644,189.036,3624.5171,19.1737,3986.9688,1.5835,5.3615,8.9903,37.1498,242.0,1076.0,7.7452,8.9744,16.2224,0.1112,10.3184,8.7706,True,True
3.0,2.5,175.0,18.0,4,7.2644,21.6676,575.4876,26.5598,633.0363,1.5271,0.8238,1.329,21.0953,63.0,718.0,1.7842,2.1683,4.7713,0.0242,10.8045,9.1838,True,True
3.0,2.5,175.0,18.0,6,7.2644,32.9063,904.3376,27.4822,994.7714,1.5693,1.3252,2.2008,24.3184,90.5,773.0,2.6763,3.2525,5.9641,0.0363,10.8045,9.1838,True,True
3.0,2.5,175.0,18.0,8,7.2644,44.1449,1233.1876,27.935,1356.5064,1.591,1.8268,3.0787,24.929,123.5,839.0,3.5684,4.3367,8.3498,0.0484,10.8045,9.1838,True,True
3.0,2.5,175.0,18.0,10,7.2644,55.3836,1562.0377,28.204,1718.2414,1.603,2.3265,3.9522,26.1736,151.0,894.0,4.4605,5.4208,9.5426,0.0606,10.8045,9.1838,True,True
3.0,2.5,175.0,18.0,12,7.2644,66.6222,1890.8877,28.3822,2079.9765,1.6109,2.826,4.826,27.0362,178.5,949.0,5.3526,6.505,10.7354,0.0727,10.8045,9.1838,True,True
3.0,2.5,175.0,18.0,16,7.2644,89.0995,2548.5878,28.6038,2803.4466,1.6215,3.8263,6.5799,27.5308,239.0,1070.0,7.1368,8.6733,14.3139,0.0969,10.8045,9.1838,True,True
3.0,2.5,175.0,22.0,4,7.2644,29.5322,697.5857,23.6212,767.3443,1.5343,1.0033,1.6266,25.8188,63.0,718.0,2.1023,2.4864,4.7713,0.0295,10.8045,9.1838,True,True
3.0,2.5,175.0,22.0,6,7.2644,45.265,1096.2062,24.2175,1205.8268,1.5693,1.6075,2.6696,27.8085,96.0,784.0,3.1534,3.7296,7.1569,0.0442,10.8045,9.1838,True,True
3.0,2.5,175.0,22.0,8,7.2644,60.9977,1494.8266,24.5063,1644.3093,1.5861,2.2103,3.7127,28.7807,129.0,850.0,4.2046,4.9728,9.5426,0.059,10.8045,9.1838,True,True
3.0,2.5,175.0,22.0,10,7.2644,76.7304,1893.447,24.6766,2082.7917,1.5967,2.8138,4.76,30.4152,156.5,905.0,5.2557,6.216,10.7354,0.0737,10.8045,9.1838,True,True
3.0,2.5,175.0,22.0,12,7.2644,92.4631,2292.0675,24.789,2521.2742,1.6042,3.4179,5.8109,30.6642,189.5,971.0,6.3069,7.4592,13.1211,0.0885,10.8045,9.1838,True,True
3.0,2.5,175.0,22.0,16,7.2644,123.9285,3089.3083,24.9282,3398.2391,1.6122,4.623,7.9017,30.9263,255.5,1103.0,8.4092,9.9457,17.8924,0.118,10.8045,9.1838,True,True
3.0,2.5,175.0,26.0,4,7.2644,47.9135,819.3269,17.1001,901.2596,1.509,1.1627,1.852,27.0367,68.5,729.0,2.4204,2.8045,5.9641,0.0348,10.8045,9.1838,True,True
3.0,2.5,175.0,26.0,6,7.2644,74.1497,1287.5138,17.3637,1416.2651,1.5371,1.8593,3.0204,29.7578,101.5,795.0,3.6306,4.2068,8.3498,0.0521,10.8045,9.1838,True,True
3.0,2.5,175.0,26.0,8,7.2644,100.386,1755.7006,17.4895,1931.2706,1.5513,2.5558,4.1927,31.1727,134.5,861.0,4.8408,5.609,10.7354,0.0695,10.8045,9.1838,True,True
3.0,2.5,175.0,26.0,10,7.2644,126.6223,2223.8874,17.5632,2446.2761,1.5593,3.2514,5.363,32.0178,167.5,927.0,6.051,7.0113,13.1211,0.0869,10.8045,9.1838,True,True
3.0,2.5,175.0,26.0,12,7.2644,152.8585,2692.0742,17.6115,2961.2816,1.565,3.9478,6.5374,32.6057,200.5,993.0,7.2611,8.4135,15.5067,0.1043,10.8045,9.1838,True,True
3.0,2.5,175.0,26.0,16,7.2644,205.3311,3628.4479,17.6712,3991.2926,1.5717,5.3421,8.8868,33.3462,266.5,1125.0,9.6815,11.218,20.278,0.139,10.8045,9.1838,True,True
3.0,3.0,175.0,18.0,4,7.2644,23.3197,575.315,24.6708,632.8465,1.5209,0.8204,1.3177,19.0964,69.0,730.0,2.1411,2.602,5.7256,0.0291,11.0941,9.43,True,True
3.0,3.0,175.0,18.0,6,7.2644,35.5024,904.0664,25.465,994.473,1.5618,1.3202,2.1814,22.0342,99.0,790.0,3.2116,3.903,7.1569,0.0436,11.0941,9.43,True,True
3.0,3.0,175.0,18.0,8,7.2644,47.685,1232.8178,25.8533,1356.0996,1.5833,1.8202,3.0517,22.6054,135.0,862.0,4.2821,5.204,10.0197,0.0581,11.0941,9.43,True,True
3.0,3.0,175.0,18.0,10,7.2644,59.8677,1561.5692,26.0837,1717.7261,1.5951,2.3183,3.9177,23.7436,165.0,922.0,5.3526,6.505,11.4511,0.0727,11.0941,9.43,True,True
3.0,3.0,175.0,18.0,12,7.2644,72.0504,1890.3206,26.2361,2079.3527,1.6029,2.8163,4.7839,24.5328,195.0,982.0,6.4232,7.806,12.8825,0.0872,11.0941,9.43,True,True
3.0,3.0,175.0,18.0,16,7.2644,96.4157,2547.8235,26.4254,2802.6058,1.6134,3.8133,6.5226,24.9909,261.0,1114.0,8.5642,10.408,17.1767,0.1163,11.0941,9.43,True,True
3.0,3.0,175.0,22.0,4,7.2644,31.7061,697.3369,21.9938,767.0706,1.5265,0.9987,1.6104,23.3395,69.0,730.0,2.5228,2.9837,5.7256,0.0354,11.0941,9.43,True,True
3.0,3.0,175.0,22.0,6,7.2644,48.681,1095.8152,22.5101,1205.3967,1.561,1.6007,2.6435,25.1758,105.0,802.0,3.7841,4.4755,8.5883,0.0531,11.0941,9.43,True,True
3.0,3.0,175.0,22.0,8,7.2644,65.6559,1494.2934,22.7595,1643.7228,1.5784,2.2036,3.6823,26.1156,141.0,874.0,5.0455,5.9674,11.4511,0.0708,11.0941,9.43,True,True
3.0,3.0,175.0,22.0,10,7.2644,82.6308,1892.7717,22.9064,2082.0488,1.588,2.8024,4.7135,27.564,171.0,934.0,6.3069,7.4592,12.8825,0.0885,11.0941,9.43,True,True
3.0,3.0,175.0,22.0,12,7.2644,99.6057,2291.2499,23.0032,2520.3749,1.5954,3.4045,5.7546,27.7998,207.0,1006.0,7.5683,8.9511,15.7453,0.1062,11.0941,9.43,True,True
3.0,3.0,175.0,22.0,16,7.2644,133.5555,3088.2064,23.123,3397.027,1.6034,4.6052,7.8252,28.0475,279.0,1150.0,10.091,11.9348,21.4708,0.1416,11.0941,9.43,True,True
3.0,3.0,175.0,26.0,4,7.2644,51.3108,818.8376,15.9584,900.7213,1.4987,1.1546,1.8257,24.3421,75.0,742.0,2.9045,3.3654,7.1569,0.0417,11.0941,9.43,True,True
3.0,3.0,175.0,26.0,6,7.2644,79.4883,1286.7448,16.1878,1415.4192,1.527,1.849,2.9825,26.8694,111.0,814.0,4.3567,5.0481,10.0197,0.0626,11.0941,9.43,True,True
3.0,3.0,175.0,26.0,8,7.2644,107.6659,1754.652,16.2972,1930.1171,1.5409,2.5422,4.1405,28.1668,147.0,886.0,5.8089,6.7308,12.8825,0.0834,11.0941,9.43,True,True
3.0,3.0,175.0,26.0,10,7.2644,135.8435,2222.5591,16.3612,2444.8151,1.5487,3.2342,5.2961,28.9405,183.0,958.0,7.2611,8.4135,15.7453,0.1043,11.0941,9.43,True,True
3.0,3.0,175.0,26.0,12,7.2644,164.0211,2690.4663,16.4032,2959.513,1.5544,3.9275,6.4565,29.4817,219.0,1030.0,8.7134,10.0962,18.608,0.1251,11.0941,9.43,True,True
3.0,3.0,175.0,26.0,16,7.2644,220.3762,3626.2807,16.455,3988.9088,1.561,5.3094,8.7677,30.1296,291.0,1174.0,11.6178,13.4616,24.3336,0.1668,11.0941,9.43,True,True
3.0,4.0,175.0,18.0,4,7.2644,26.5765,574.4313,21.6143,631.8744,1.5073,0.8126,1.2927,15.9594,81.0,754.0,2.8547,3.4693,7.6341,0.0388,11.4209,9.7078,True,True
3.0,4.0,175.0,18.0,6,7.2644,40.6202,902.6778,22.2224,992.9455,1.5473,1.3087,2.1409,18.456,116.0,824.0,4.2821,5.204,9.5426,0.0581,11.4209,9.7078,True,True
3.0,4.0,175.0,18.0,8,7.2644,54.6639,1230.9242,22.5181,1354.0167,1.5682,1.805,2.9954,18.9584,158.0,908.0,5.7095,6.9387,13.3596,0.0775,11.4209,9.7078,True,True
3.0,4.0,175.0,18.0,10,7.2644,68.7076,1559.1707,22.6929,1715.0878,1.5797,2.2995,3.8459,19.9271,193.0,978.0,7.1368,8.6733,15.2681,0.0969,11.4209,9.7078,True,True
3.0,4.0,175.0,18.0,12,7.2644,82.7513,1887.4172,22.8083,2076.1589,1.5881,2.7937,4.6989,20.6093,228.0,1048.0,8.5642,10.408,17.1767,0.1163,11.4209,9.7078,True,True
3.0,4.0,175.0,18.0,16,7.2644,110.8387,2543.9101,22.9515,2798.3011,1.5975,3.7835,6.4039,20.9963,305.0,1202.0,11.4189,13.8773,22.9022,0.155,11.4209,9.7078,True,True
3.0,4.0,175.0,22.0,4,7.2644,36.0541,695.5008,19.2905,765.0509,1.5116,0.9881,1.5767,19.4651,81.0,754.0,3.3637,3.9783,7.6341,0.0472,11.4209,9.7078,True,True
3.0,4.0,175.0,22.0,6,7.2644,55.5136,1092.9299,19.6876,1202.2228,1.546,1.5849,2.5904,21.0598,123.0,838.0,5.0455,5.9674,11.4511,0.0708,11.4209,9.7078,True,True
3.0,4.0,175.0,22.0,8,7.2644,74.9731,1490.3589,19.8786,1639.3948,1.5622,2.1803,3.6034,21.8387,165.0,922.0,6.7273,7.9565,15.2681,0.0944,11.4209,9.7078,True,True
3.0,4.0,175.0,22.0,10,7.2644,94.4326,1887.7879,19.9908,2076.5667,1.5723,2.7762,4.6201,23.1005,200.0,992.0,8.4092,9.9457,17.1767,0.118,11.4209,9.7078,True,True
3.0,4.0,175.0,22.0,12,7.2644,113.8921,2285.217,20.0648,2513.7387,1.5779,3.37,5.6297,23.2631,242.0,1076.0,10.091,11.9348,20.9937,0.1416,11.4209,9.7078,True,True
3.0,4.0,175.0,22.0,16,7.2644,152.8111,3080.075,20.1561,3388.0826,1.5865,4.5635,7.6675,24.0359,319.0,1230.0,13.4547,15.9131,26.7192,0.1887,11.4209,9.7078,True,True
3.0,4.0,175.0,26.0,4,7.2644,57.6307,817.6747,14.1882,899.4422,1.4813,1.1401,1.7804,20.2315,88.0,768.0,3.8726,4.4872,9.5426,0.0556,11.4209,9.7078,True,True
3.0,4.0,175.0,26.0,6,7.2644,89.4196,1284.9174,14.3695,1413.4091,1.5094,1.8272,2.9111,22.3934,130.0,852.0,5.8089,6.7308,13.3596,0.0834,11.4209,9.7078,True,True
3.0,4.0,175.0,26.0,8,7.2644,121.2086,1752.1601,14.4557,1927.3761,1.5215,2.5105,4.0339,23.4531,172.0,936.0,7.7452,8.9744,17.1767,0.1112,11.4209,9.7078,True,True
3.0,4.0,175.0,26.0,10,7.2644,152.9975,2219.4027,14.5061,2441.343,1.5298,3.1981,5.1686,24.1523,214.0,1020.0,9.6815,11.218,20.9937,0.139,11.4209,9.7078,True,True
3.0,4.0,175.0,26.0,12,7.2644,184.7865,2686.6454,14.5392,2955.31,1.5345,3.8798,6.2912,24.5749,256.0,1104.0,11.6178,13.4616,24.8107,0.1668,11.4209,9.7078,True,True
3.0,4.0,175.0,26.0,16,7.2644,248.3644,3621.1308,14.5799,3983.2439,1.5416,5.2513,8.5571,25.1681,340.0,1272.0,15.4904,17.9488,32.4448,0.2225,11.4209,9.7078,True,True
4.0,1.5,175.0,18.0,4,9.26,20.6585,435.8717,21.099,479.4589,1.474,0.9782,1.5193,24.5052,62.0,720.0,1.0705,1.301,2.8628,0.0145,11.1633,9.4888,True,True
4.0,1.5,175.0,18.0,6,9.26,31.3204,684.9413,21.8688,753.4354,1.5244,1.5927,2.5645,28.6538,89.5,775.0,1.6058,1.9515,3.5785,0.0218,11.1633,9.4888,True,True
4.0,1.5,175.0,18.0,8,9.26,41.9824,934.0108,22.2477,1027.4119,1.5505,2.2044,3.6143,29.5048,122.5,841.0,2.1411,2.602,5.0099,0.0291,11.1633,9.4888,True,True
4.0,1.5,175.0,18.0,10,9.26,52.6444,1183.0804,22.4731,1301.3884,1.5651,2.8141,4.6602,31.068,150.0,896.0,2.6763,3.2525,5.7256,0.0363,11.1633,9.4888,True,True
4.0,1.5,175.0,18.0,12,9.26,63.3063,1432.15,22.6225,1575.365,1.5758,3.4253,5.7138,31.2227,183.0,962.0,3.2116,3.903,7.1569,0.0436,11.1633,9.4888,True,True
4.0,1.5,175.0,18.0,16,9.26,84.6303,1930.2891,22.8085,2123.318,1.5884,4.645,7.8142,32.8328,238.0,1072.0,4.2821,5.204,8.5883,0.0581,11.1633,9.4888,True,True
4.0,1.5,175.0,22.0,4,9.26,27.7721,527.306,18.9869,580.0366,1.4835,1.193,1.866,30.0962,62.0,720.0,1.2614,1.4918,2.8628,0.0177,11.1633,9.4888,True,True
4.0,1.5,175.0,22.0,6,9.26,42.499,828.6237,19.4975,911.4861,1.5264,1.9299,3.1118,32.7562,95.0,786.0,1.8921,2.2378,4.2942,0.0265,11.1633,9.4888,True,True
4.0,1.5,175.0,22.0,8,9.26,57.2259,1129.9415,19.7453,1242.9356,1.5474,2.6643,4.3591,34.0558,128.0,852.0,2.5228,2.9837,5.7256,0.0354,11.1633,9.4888,True,True
4.0,1.5,175.0,22.0,10,9.26,71.9528,1431.2592,19.8916,1574.3851,1.5599,3.3979,5.6069,34.8258,161.0,918.0,3.1534,3.7296,7.1569,0.0442,11.1633,9.4888,True,True
4.0,1.5,175.0,22.0,12,9.26,86.6797,1732.5769,19.9883,1905.8346,1.5689,4.1308,6.8585,36.3844,188.5,973.0,3.7841,4.4755,7.8726,0.0531,11.1633,9.4888,True,True
4.0,1.5,175.0,22.0,16,9.26,116.1335,2335.2124,20.108,2568.7336,1.5791,5.5988,9.3605,36.7799,254.5,1105.0,5.0455,5.9674,10.7354,0.0708,11.1633,9.4888,True,True
4.0,1.5,175.0,26.0,4,9.26,44.2026,618.9165,14.0018,680.8081,1.4584,1.3775,2.1153,31.3383,67.5,731.0,1.4522,1.6827,3.5785,0.0209,11.1633,9.4888,True,True
4.0,1.5,175.0,26.0,6,9.26,68.3184,972.583,14.236,1069.8413,1.4932,2.2214,3.4984,34.8103,100.5,797.0,2.1783,2.5241,5.0099,0.0313,11.1633,9.4888,True,True
4.0,1.5,175.0,26.0,8,9.26,92.4342,1326.2496,14.348,1458.8745,1.5096,3.0647,4.8835,36.5808,133.5,863.0,2.9045,3.3654,6.4412,0.0417,11.1633,9.4888,True,True
4.0,1.5,175.0,26.0,10,9.26,116.55,1679.9161,14.4137,1847.9078,1.5203,3.9087,6.2755,37.6909,166.5,929.0,3.6306,4.2068,7.8726,0.0521,11.1633,9.4888,True,True
4.0,1.5,175.0,26.0,12,9.26,140.6658,2033.5827,14.4568,2236.941,1.5264,4.7492,7.6577,38.3844,199.5,995.0,4.3567,5.0481,9.304,0.0626,11.1633,9.4888,True,True
4.0,1.5,175.0,26.0,16,9.26,188.8974,2740.9158,14.5101,3015.0074,1.5354,6.4391,10.4479,39.3517,265.5,1127.0,5.8089,6.7308,12.1668,0.0834,11.1633,9.4888,True,True
4.0,2.0,175.0,18.0,4,9.26,22.3622,437.355,19.5578,481.0905,1.4661,0.976,1.5073,22.1661,68.0,732.0,1.4274,1.7347,3.817,0.0194,12.0172,10.2146,True,True
4.0,2.0,175.0,18.0,6,9.26,33.9977,687.2722,20.2153,755.9994,1.5162,1.59,2.5454,25.9733,98.0,792.0,2.1411,2.602,4.7713,0.0291,12.0172,10.2146,True,True
4.0,2.0,175.0,18.0,8,9.26,45.6332,937.1893,20.5374,1030.9082,1.5411,2.2012,3.5856,26.7583,134.0,864.0,2.8547,3.4693,6.6798,0.0388,12.0172,10.2146,True,True
4.0,2.0,175.0,18.0,10,9.26,57.2687,1187.1065,20.7287,1305.8171,1.5568,2.813,4.6322,28.2453,164.0,924.0,3.5684,4.3367,7.6341,0.0484,12.0172,10.2146,True,True
4.0,2.0,175.0,18.0,12,9.26,68.9042,1437.0236,20.8554,1580.726,1.5658,3.4209,5.6678,28.339,200.0,996.0,4.2821,5.204,9.5426,0.0581,12.0172,10.2146,True,True
4.0,2.0,175.0,18.0,16,9.26,92.1753,1936.8579,21.0128,2130.5437,1.5789,4.6394,7.755,29.827,260.0,1116.0,5.7095,6.9387,11.4511,0.0775,12.0172,10.2146,True,True
4.0,2.0,175.0,22.0,4,9.26,30.2285,529.6166,17.5204,582.5782,1.475,1.1916,1.8522,27.2385,68.0,732.0,1.6818,1.9891,3.817,0.0236,12.0172,10.2146,True,True
4.0,2.0,175.0,22.0,6,9.26,46.3591,832.2546,17.9524,915.4801,1.5163,1.9263,3.084,29.6535,104.0,804.0,2.5228,2.9837,5.7256,0.0354,12.0172,10.2146,True,True
4.0,2.0,175.0,22.0,8,9.26,62.4896,1134.8927,18.1613,1248.3819,1.5375,2.6626,4.3265,30.9039,140.0,876.0,3.3637,3.9783,7.6341,0.0472,12.0172,10.2146,True,True
4.0,2.0,175.0,22.0,10,9.26,78.6202,1437.5307,18.2845,1581.2838,1.5496,3.396,5.5647,31.6176,176.0,948.0,4.2046,4.9728,9.5426,0.059,12.0172,10.2146,True,True
4.0,2.0,175.0,22.0,12,9.26,94.7508,1740.1688,18.3657,1914.1856,1.5577,4.1289,6.8031,33.0249,206.0,1008.0,5.0455,5.9674,10.4968,0.0708,12.0172,10.2146,True,True
4.0,2.0,175.0,22.0,16,9.26,127.0119,2345.4449,18.4663,2579.9893,1.5684,5.5966,9.2893,33.4149,278.0,1152.0,6.7273,7.9565,14.3139,0.0944,12.0172,10.2146,True,True
4.0,2.0,175.0,26.0,4,9.26,48.0378,621.1106,12.9296,683.2217,1.4463,1.3696,2.0846,28.1698,74.0,744.0,1.9363,2.2436,4.7713,0.0278,12.0172,10.2146,True,True
4.0,2.0,175.0,26.0,6,9.26,74.3451,976.031,13.1284,1073.6341,1.4801,2.2126,3.4519,31.3806,110.0,816.0,2.9045,3.3654,6.6798,0.0417,12.0172,10.2146,True,True
4.0,2.0,175.0,26.0,8,9.26,100.6524,1330.9513,13.2232,1464.0465,1.4967,3.0501,4.8158,32.9848,146.0,888.0,3.8726,4.4872,8.5883,0.0556,12.0172,10.2146,True,True
4.0,2.0,175.0,26.0,10,9.26,126.9597,1685.8717,13.2788,1854.4589,1.5064,3.8908,6.1857,33.9875,182.0,960.0,4.8408,5.609,10.4968,0.0695,12.0172,10.2146,True,True
4.0,2.0,175.0,26.0,12,9.26,153.267,2040.792,13.3153,2244.8713,1.513,4.7328,7.5597,34.6775,218.0,1032.0,5.8089,6.7308,12.4054,0.0834,12.0172,10.2146,True,True
4.0,2.0,175.0,26.0,16,9.26,205.8816,2750.6328,13.3603,3025.696,1.521,6.4114,10.2988,35.5133,290.0,1176.0,7.7452,8.9744,16.2224,0.1112,12.0172,10.2146,True,True
4.0,2.5,175.0,18.0,4,9.26,24.8617,439.293,17.6695,483.2223,1.4553,0.9727,1.4903,20.1393,74.0,744.0,1.7842,2.1683,4.7713,0.0242,12.7027,10.7973,True,True
4.0,2.5,175.0,18.0,6,9.26,37.9256,690.3176,18.2019,759.3493,1.5041,1.5856,2.5168,23.6318,106.5,809.0,2.6763,3.2525,5.9641,0.0363,12.7027,10.7973,True,True
4.0,2.5,175.0,18.0,8,9.26,50.9894,941.3422,18.4615,1035.4764,1.5283,2.1959,3.5453,24.366,145.5,887.0,3.5684,4.3367,8.3498,0.0484,12.7027,10.7973,True,True
4.0,2.5,175.0,18.0,10,9.26,64.0532,1192.3667,18.6152,1311.6034,1.5428,2.8068,4.5776,25.717,178.0,952.0,4.4605,5.4208,9.5426,0.0606,12.7027,10.7973,True,True
4.0,2.5,175.0,18.0,12,9.26,77.1171,1443.3913,18.7169,1587.7304,1.5522,3.4138,5.6038,25.824,217.0,1030.0,5.3526,6.505,11.9282,0.0727,12.7027,10.7973,True,True
4.0,2.5,175.0,18.0,16,9.26,103.2448,1945.4405,18.843,2139.9845,1.5649,4.635,7.6747,27.2153,282.0,1160.0,7.1368,8.6733,14.3139,0.0969,12.7027,10.7973,True,True
4.0,2.5,175.0,22.0,4,9.26,33.5874,530.8731,15.8057,583.9604,1.4618,1.1832,1.8215,24.6148,74.0,744.0,2.1023,2.4864,4.7713,0.0295,12.7027,10.7973,True,True
4.0,2.5,175.0,22.0,6,9.26,51.6374,834.2292,16.1555,917.6521,1.5025,1.9163,3.0382,26.8872,113.0,822.0,3.1534,3.7296,7.1569,0.0442,12.7027,10.7973,True,True
4.0,2.5,175.0,22.0,8,9.26,69.6874,1137.5852,16.3241,1251.3438,1.5224,2.647,4.2562,28.0012,152.0,900.0,4.2046,4.9728,9.5426,0.059,12.7027,10.7973,True,True
4.0,2.5,175.0,22.0,10,9.26,87.7373,1440.9413,16.4234,1585.0354,1.5342,3.3769,5.4745,28.6623,191.0,978.0,5.2557,6.216,11.9282,0.0737,12.7027,10.7973,True,True
4.0,2.5,175.0,22.0,12,9.26,105.7873,1744.2974,16.4887,1918.7271,1.542,4.1062,6.693,29.9464,223.5,1043.0,6.3069,7.4592,13.1211,0.0885,12.7027,10.7973,True,True
4.0,2.5,175.0,22.0,16,9.26,141.8872,2351.0095,16.5696,2586.1105,1.5524,5.5669,9.1392,30.3125,301.5,1199.0,8.4092,9.9457,17.8924,0.118,12.7027,10.7973,True,True
4.0,2.5,175.0,26.0,4,9.26,52.9534,621.9611,11.7454,684.1573,1.4308,1.3545,2.0379,25.315,80.5,757.0,2.4204,2.8045,5.9641,0.0348,12.7027,10.7973,True,True
4.0,2.5,175.0,26.0,6,9.26,82.0696,977.3675,11.909,1075.1043,1.4635,2.1877,3.3722,28.2193,119.5,835.0,3.6306,4.2068,8.3498,0.0521,12.7027,10.7973,True,True
4.0,2.5,175.0,26.0,8,9.26,111.1858,1332.7739,11.9869,1466.0513,1.4796,3.0205,4.7107,29.7203,158.5,913.0,4.8408,5.609,10.7354,0.0695,12.7027,10.7973,True,True
4.0,2.5,175.0,26.0,10,9.26,140.302,1688.1802,12.0325,1856.9983,1.489,3.8541,6.0515,30.6403,197.5,991.0,6.051,7.0113,13.1211,0.0869,12.7027,10.7973,True,True
4.0,2.5,175.0,26.0,12,9.26,169.4183,2043.5866,12.0624,2247.9453,1.4953,4.6839,7.3881,31.2393,236.5,1069.0,7.2611,8.4135,15.5067,0.1043,12.7027,10.7973,True,True
4.0,2.5,175.0,26.0,16,9.26,227.6507,2754.3993,12.0992,3029.8393,1.5024,6.3465,10.0609,31.99,314.5,1225.0,9.6815,11.218,20.278,0.139,12.7027,10.7973,True,True
4.0,3.0,175.0,18.0,4,9.26,26.4789,439.7145,16.6062,483.686,1.4476,0.9678,1.4744,18.4304,80.0,756.0,2.1411,2.602,5.7256,0.0291,13.2479,11.2607,True,True
4.0,3.0,175.0,18.0,6,9.26,40.4668,690.98,17.0752,760.078,1.4956,1.5787,2.4905,21.6569,115.0,826.0,3.2116,3.903,7.1569,0.0436,13.2479,11.2607,True,True
4.0,3.0,175.0,18.0,8,9.26,54.4548,942.2454,17.3033,1036.4699,1.5193,2.1869,3.5086,22.3478,157.0,910.0,4.2821,5.204,10.0197,0.0581,13.2479,11.2607,True,True
4.0,3.0,175.0,18.0,10,9.26,68.4427,1193.5108,17.4381,1312.8619,1.5343,2.7957,4.5327,23.6079,192.0,980.0,5.3526,6.505,11.4511,0.0727,13.2479,11.2607,True,True
4.0,3.0,175.0,18.0,12,9.26,82.4306,1444.7763,17.5272,1589.2539,1.5436,3.4042,5.5547,23.7382,234.0,1064.0,6.4232,7.806,14.3139,0.0872,13.2479,11.2607,True,True
4.0,3.0,175.0,18.0,16,9.26,110.4065,1947.3072,17.6376,2142.0379,1.556,4.6178,7.6,24.9999,304.0,1204.0,8.5642,10.408,17.1767,0.1163,13.2479,11.2607,True,True
4.0,3.0,175.0,22.0,4,9.26,35.6823,531.2266,14.8877,584.3493,1.4537,1.1766,1.8007,22.509,80.0,756.0,2.5228,2.9837,5.7256,0.0354,13.2479,11.2607,True,True
4.0,3.0,175.0,22.0,6,9.26,54.9293,834.7847,15.1974,918.2632,1.4932,1.9063,3.0023,24.6088,122.0,840.0,3.7841,4.4755,8.5883,0.0531,13.2479,11.2607,True,True
4.0,3.0,175.0,22.0,8,9.26,74.1763,1138.3428,15.3464,1252.1771,1.5127,2.6339,4.2062,25.6473,164.0,924.0,5.0455,5.9674,11.4511,0.0708,13.2479,11.2607,True,True
4.0,3.0,175.0,22.0,10,9.26,93.4233,1441.9008,15.4341,1586.0909,1.5257,3.3639,5.4213,26.317,206.0,1008.0,6.3069,7.4592,14.3139,0.0885,13.2479,11.2607,True,True
4.0,3.0,175.0,22.0,12,9.26,112.6703,1745.4589,15.4917,1920.0048,1.5334,4.0908,6.628,27.502,241.0,1078.0,7.5683,8.9511,15.7453,0.1062,13.2479,11.2607,True,True
4.0,3.0,175.0,22.0,16,9.26,151.1644,2352.5751,15.563,2587.8326,1.5428,5.547,9.0467,27.8361,325.0,1246.0,10.091,11.9348,21.4708,0.1416,13.2479,11.2607,True,True
4.0,3.0,175.0,26.0,4,9.26,55.9433,621.6035,11.1113,683.7639,1.4214,1.3429,2.0062,23.0594,87.0,770.0,2.9045,3.3654,7.1569,0.0417,13.2479,11.2607,True,True
4.0,3.0,175.0,26.0,6,9.26,86.768,976.8056,11.2577,1074.4861,1.4529,2.1704,3.3194,25.732,129.0,854.0,4.3567,5.0481,10.0197,0.0626,13.2479,11.2607,True,True
4.0,3.0,175.0,26.0,8,9.26,117.5927,1332.0076,11.3273,1465.2084,1.4686,2.9975,4.6377,27.1212,171.0,938.0,5.8089,6.7308,12.8825,0.0834,13.2479,11.2607,True,True
4.0,3.0,175.0,26.0,10,9.26,148.4174,1687.2096,11.368,1855.9306,1.4785,3.8253,5.961,27.986,213.0,1022.0,7.2611,8.4135,15.7453,0.1043,13.2479,11.2607,True,True
4.0,3.0,175.0,26.0,12,9.26,179.2421,2042.4116,11.3947,2246.6528,1.484,4.6496,7.2747,28.5284,255.0,1106.0,8.7134,10.0962,18.608,0.1251,13.2479,11.2607,True,True
4.0,3.0,175.0,26.0,16,9.26,240.8915,2752.8157,11.4276,3028.0973,1.4916,6.3007,9.9119,29.2386,339.0,1274.0,11.6178,13.4616,24.3336,0.1668,13.2479,11.2607,True,True
4.0,4.0,175.0,18.0,4,9.26,29.6471,439.6252,14.8286,483.5877,1.4334,0.9567,1.4422,15.6765,92.0,780.0,2.8547,3.4693,7.6341,0.0388,13.9159,11.8286,True,True
4.0,4.0,175.0,18.0,6,9.26,45.4455,690.8395,15.2015,759.9235,1.48,1.5625,2.4377,18.4671,132.0,860.0,4.2821,5.204,9.5426,0.0581,13.9159,11.8286,True,True
4.0,4.0,175.0,18.0,8,9.26,61.2438,942.0539,15.382,1036.2593,1.5031,2.1658,3.435,19.0835,180.0,956.0,5.7095,6.9387,13.3596,0.0775,13.9159,11.8286,True,True
4.0,4.0,175.0,18.0,10,9.26,77.0422,1193.2683,15.4885,1312.5951,1.5176,2.7697,4.4384,20.1744,220.0,1036.0,7.1368,8.6733,15.2681,0.0969,13.9159,11.8286,True,True
4.0,4.0,175.0,18.0,12,9.26,92.8405,1444.4827,15.5587,1588.931,1.5259,3.3697,5.4312,20.2658,268.0,1132.0,8.5642,10.408,19.0852,0.1163,13.9159,11.8286,True,True
4.0,4.0,175.0,18.0,16,9.26,124.4372,1946.9114,15.6457,2141.6026,1.5379,4.5723,7.4318,21.3558,348.0,1292.0,11.4189,13.8773,22.9022,0.155,13.9159,11.8286,True,True
4.0,4.0,175.0,22.0,4,9.26,39.8863,530.9308,13.3111,584.0238,1.437,1.1607,1.7543,19.069,92.0,780.0,3.3637,3.9783,7.6341,0.0472,13.9159,11.8286,True,True
4.0,4.0,175.0,22.0,6,9.26,61.5355,834.3198,13.5583,917.7518,1.4757,1.8833,2.9289,20.9209,140.0,876.0,5.0455,5.9674,11.4511,0.0708,13.9159,11.8286,True,True
4.0,4.0,175.0,22.0,8,9.26,83.1848,1137.7088,13.6769,1251.4797,1.4953,2.6035,4.1064,21.8426,188.0,972.0,6.7273,7.9565,15.2681,0.0944,13.9159,11.8286,True,True
4.0,4.0,175.0,22.0,10,9.26,104.8341,1441.0978,13.7465,1585.2076,1.5064,3.3265,5.2886,22.4095,236.0,1068.0,8.4092,9.9457,19.0852,0.118,13.9159,11.8286,True,True
4.0,4.0,175.0,22.0,12,9.26,126.4834,1744.4868,13.7922,1918.9355,1.5138,4.0461,6.4664,23.4291,276.0,1148.0,10.091,11.9348,20.9937,0.1416,13.9159,11.8286,True,True
4.0,4.0,175.0,22.0,16,9.26,169.782,2351.2648,13.8487,2586.3913,1.523,5.4817,8.8174,23.7027,372.0,1340.0,13.4547,15.9131,28.6278,0.1887,13.9159,11.8286,True,True
4.0,4.0,175.0,26.0,4,9.26,62.119,622.1401,10.0153,684.3541,1.4024,1.3212,1.9454,19.4545,100.0,796.0,3.8726,4.4872,9.5426,0.0556,13.9159,11.8286,True,True
4.0,4.0,175.0,26.0,6,9.26,96.4727,977.6487,10.1339,1075.4136,1.4332,2.1387,3.2236,21.7808,148.0,892.0,5.8089,6.7308,13.3596,0.0834,13.9159,11.8286,True,True
4.0,4.0,175.0,26.0,8,9.26,130.8264,1333.1573,10.1903,1466.473,1.4483,2.9555,4.5052,22.9856,196.0,988.0,7.7452,8.9744,17.1767,0.1112,13.9159,11.8286,True,True
4.0,4.0,175.0,26.0,10,9.26,165.1801,1688.6659,10.2232,1857.5325,1.4565,3.7691,5.78,23.6884,244.0,1084.0,9.6815,11.218,20.9937,0.139,13.9159,11.8286,True,True
4.0,4.0,175.0,26.0,12,9.26,199.5338,2044.1745,10.2448,2248.592,1.4631,4.5871,7.0687,24.208,292.0,1180.0,11.6178,13.4616,24.8107,0.1668,13.9159,11.8286,True,True
4.0,4.0,175.0,26.0,16,9.26,268.2412,2755.1918,10.2713,3030.7109,1.4704,6.2176,9.6324,24.8257,388.0,1372.0,15.4904,17.9488,32.4448,0.2225,13.9159,11.8286,True,True
5.0,1.5,175.0,18.0,4,11.2116,23.6491,353.5216,14.9486,388.8738,1.4074,1.0999,1.6258,22.2711,73.0,746.0,1.0705,1.301,2.8628,0.0145,12.4257,10.5618,False,True
5.0,1.5,175.0,18.0,6,11.2116,36.0201,555.5339,15.4229,611.0873,1.463,1.8162,2.7986,26.5267,105.5,811.0,1.6058,1.9515,3.5785,0.0218,12.4257,10.5618,False,True
5.0,1.5,175.0,18.0,8,11.2116,48.391,757.5463,15.6547,833.3009,1.4906,2.5304,3.9779,27.5288,144.5,889.0,2.1411,2.602,5.0099,0.0291,12.4257,10.5618,False,True
5.0,1.5,175.0,18.0,10,11.2116,60.762,959.5586,15.7921,1055.5145,1.5079,3.2436,5.1622,29.1648,177.0,954.0,2.6763,3.2525,5.7256,0.0363,12.4257,10.5618,False,True
5.0,1.5,175.0,18.0,12,11.2116,73.1329,1161.571,15.883,1277.728,1.5197,3.9544,6.346,29.3798,216.0,1032.0,3.2116,3.903,7.1569,0.0436,12.4257,10.5618,False,True
5.0,1.5,175.0,18.0,16,11.2116,97.8748,1565.5956,15.9959,1722.1552,1.5339,5.3791,8.7189,31.0282,281.0,1162.0,4.2821,5.204,8.5883,0.0581,12.4257,10.5618,False,True
5.0,1.5,175.0,22.0,4,11.2116,31.5214,426.6736,13.536,469.341,1.417,1.3418,1.998,27.3693,73.0,746.0,1.2614,1.4918,2.8628,0.0177,12.4257,10.5618,False,True
5.0,1.5,175.0,22.0,6,11.2116,48.3908,670.4871,13.8557,737.5358,1.464,2.1978,3.3889,30.2583,112.0,824.0,1.8921,2.2378,4.2942,0.0265,12.4257,10.5618,False,True
5.0,1.5,175.0,22.0,8,11.2116,65.2601,914.3006,14.0101,1005.7307,1.4872,3.0504,4.7834,31.6782,151.0,902.0,2.5228,2.9837,5.7256,0.0354,12.4257,10.5618,False,True
5.0,1.5,175.0,22.0,10,11.2116,82.1295,1158.1141,14.1011,1273.9255,1.5005,3.8998,6.1739,32.4944,190.0,980.0,3.1534,3.7296,7.1569,0.0442,12.4257,10.5618,False,True
5.0,1.5,175.0,22.0,12,11.2116,98.9989,1401.9276,14.161,1542.1204,1.5102,4.7517,7.5749,34.0443,222.5,1045.0,3.7841,4.4755,7.8726,0.0531,12.4257,10.5618,False,True
5.0,1.5,175.0,22.0,16,11.2116,132.7376,1889.5546,14.2353,2078.5101,1.5217,6.4512,10.3675,34.5009,300.5,1201.0,5.0455,5.9674,10.7354,0.0708,12.4257,10.5618,False,True
5.0,1.5,175.0,26.0,4,11.2116,48.9236,499.9453,10.2189,549.9398,1.3877,1.5327,2.2316,28.0699,79.5,759.0,1.4522,1.6827,3.5785,0.0209,12.4257,10.5618,False,True
5.0,1.5,175.0,26.0,6,11.2116,75.7371,785.6283,10.3731,864.1911,1.4251,2.501,3.7466,31.6168,118.5,837.0,2.1783,2.5241,5.0099,0.0313,12.4257,10.5618,False,True
5.0,1.5,175.0,26.0,8,11.2116,102.5506,1071.3113,10.4467,1178.4424,1.4436,3.464,5.2616,33.4067,157.5,915.0,2.9045,3.3654,6.4412,0.0417,12.4257,10.5618,False,True
5.0,1.5,175.0,26.0,10,11.2116,129.3641,1356.9943,10.4897,1492.6938,1.4545,4.4286,6.7815,34.5112,196.5,993.0,3.6306,4.2068,7.8726,0.0521,12.4257,10.5618,False,True
5.0,1.5,175.0,26.0,12,11.2116,156.1776,1642.6774,10.518,1806.9451,1.4618,5.3985,8.3109,35.2904,235.5,1071.0,4.3567,5.0481,9.304,0.0626,12.4257,10.5618,False,True
5.0,1.5,175.0,26.0,16,11.2116,209.8046,2214.0434,10.5529,2435.4477,1.4708,7.3234,11.3485,36.1993,313.5,1227.0,5.8089,6.7308,12.1668,0.0834,12.4257,10.5618,False,True
5.0,2.0,175.0,18.0,4,11.2116,25.3087,355.0651,14.0294,390.5716,1.4003,1.0968,1.6125,20.4109,79.0,758.0,1.4274,1.7347,3.817,0.0194,13.4547,11.4365,True,True
5.0,2.0,175.0,18.0,6,11.2116,38.6279,557.9595,14.4445,613.7554,1.4542,1.8134,2.7762,24.3526,114.0,828.0,2.1411,2.602,4.7713,0.0291,13.4547,11.4365,True,True
5.0,2.0,175.0,18.0,8,11.2116,51.9472,760.8538,14.6467,836.9392,1.4818,2.5272,3.9477,25.3059,156.0,912.0,2.8547,3.4693,6.6798,0.0388,13.4547,11.4365,True,True
5.0,2.0,175.0,18.0,10,11.2116,65.2664,963.7482,14.7664,1060.123,1.498,3.24,5.1205,26.8087,191.0,982.0,3.5684,4.3367,7.6341,0.0484,13.4547,11.4365,True,True
5.0,2.0,175.0,18.0,12,11.2116,78.5857,1166.6425,14.8455,1283.3068,1.5096,3.9505,6.2946,27.0156,233.0,1066.0,4.2821,5.204,9.5426,0.0581,13.4547,11.4365,True,True
5.0,2.0,175.0,18.0,16,11.2116,105.2242,1572.4312,14.9436,1729.6744,1.5235,5.3746,8.6481,27.8972,310.0,1220.0,5.7095,6.9387,12.4054,0.0775,13.4547,11.4365,True,True
5.0,2.0,175.0,22.0,4,11.2116,33.8855,428.6621,12.6503,471.5284,1.4079,1.3372,1.9772,22.9912,86.0,772.0,1.6818,1.9891,4.7713,0.0236,13.4547,11.4365,True,True
5.0,2.0,175.0,22.0,6,11.2116,52.1057,673.6119,12.9278,740.9731,1.453,2.189,3.3484,27.6728,121.0,842.0,2.5228,2.9837,5.7256,0.0354,13.4547,11.4365,True,True
5.0,2.0,175.0,22.0,8,11.2116,70.326,918.5617,13.0615,1010.4179,1.4756,3.0426,4.7315,29.0278,163.0,926.0,3.3637,3.9783,7.6341,0.0472,13.4547,11.4365,True,True
5.0,2.0,175.0,22.0,10,11.2116,88.5463,1163.5115,13.1402,1279.8627,1.4892,3.8904,6.1097,29.8034,205.0,1010.0,4.2046,4.9728,9.5426,0.059,13.4547,11.4365,True,True
5.0,2.0,175.0,22.0,12,11.2116,106.7665,1408.4613,13.192,1549.3074,1.4987,4.7408,7.496,31.2334,240.0,1080.0,5.0455,5.9674,10.4968,0.0708,13.4547,11.4365,True,True
5.0,2.0,175.0,22.0,16,11.2116,143.207,1898.3609,13.2561,2088.197,1.5099,6.4374,10.2594,31.6649,324.0,1248.0,6.7273,7.9565,14.3139,0.0944,13.4547,11.4365,True,True
5.0,2.0,175.0,26.0,4,11.2116,52.5457,502.0579,9.5547,552.2637,1.3764,1.5204,2.1941,25.5129,86.0,772.0,1.9363,2.2436,4.7713,0.0278,13.4547,11.4365,True,True
5.0,2.0,175.0,26.0,6,11.2116,81.429,788.9481,9.6888,867.8429,1.4121,2.4815,3.6811,28.7588,128.0,856.0,2.9045,3.3654,6.6798,0.0417,13.4547,11.4365,True,True
5.0,2.0,175.0,26.0,8,11.2116,110.3123,1075.8383,9.7527,1183.4221,1.43,3.4423,5.176,30.4468,170.0,940.0,3.8726,4.4872,8.5883,0.0556,13.4547,11.4365,True,True
5.0,2.0,175.0,26.0,10,11.2116,139.1955,1362.7285,9.79,1499.0014,1.4406,4.4019,6.6716,31.47,212.0,1024.0,4.8408,5.609,10.4968,0.0695,13.4547,11.4365,True,True
5.0,2.0,175.0,26.0,12,11.2116,168.0788,1649.6187,9.8146,1814.5806,1.4476,5.361,8.1675,32.1557,254.0,1108.0,5.8089,6.7308,12.4054,0.0834,13.4547,11.4365,True,True
5.0,2.0,175.0,26.0,16,11.2116,225.8454,2223.3991,9.8448,2445.739,1.457,7.2821,11.1711,33.0505,338.0,1276.0,7.7452,8.9744,16.2224,0.1112,13.4547,11.4365,True,True
5.0,2.5,175.0,18.0,4,11.2116,26.9554,356.4606,13.2241,392.1066,1.3923,1.0934,1.5975,18.7943,85.0,770.0,1.7842,2.1683,4.7713,0.0242,14.2824,12.14,True,True
5.0,2.5,175.0,18.0,6,11.2116,41.2156,560.1523,13.5908,616.1675,1.445,1.8088,2.7503,22.4516,122.5,845.0,2.6763,3.2525,5.9641,0.0363,14.2824,12.14,True,True
5.0,2.5,175.0,18.0,8,11.2116,55.4758,763.844,13.769,840.2285,1.472,2.5198,3.9082,23.3325,167.5,935.0,3.5684,4.3367,8.3498,0.0484,14.2824,12.14,True,True
5.0,2.5,175.0,18.0,10,11.2116,69.736,967.5358,13.8743,1064.2894,1.4885,3.2312,5.0716,24.7395,205.0,1010.0,4.4605,5.4208,9.5426,0.0606,14.2824,12.14,True,True
5.0,2.5,175.0,18.0,12,11.2116,83.9962,1171.2275,13.9438,1288.3503,1.4997,3.9445,6.2413,24.9651,250.0,1100.0,5.3526,6.505,11.9282,0.0727,14.2824,12.14,True,True
5.0,2.5,175.0,18.0,16,11.2116,112.5166,1578.611,14.03,1736.4721,1.5133,5.3616,8.5654,25.7607,332.5,1265.0,7.1368,8.6733,15.5067,0.0969,14.2824,12.14,True,True
5.0,2.5,175.0,22.0,4,11.2116,36.0495,429.8966,11.9252,472.8863,1.3995,1.3297,1.9535,21.119,92.5,785.0,2.1023,2.4864,5.9641,0.0295,14.2824,12.14,True,True
5.0,2.5,175.0,22.0,6,11.2116,55.5064,675.5519,12.1707,743.107,1.4431,2.1795,3.3094,25.4566,130.0,860.0,3.1534,3.7296,7.1569,0.0442,14.2824,12.14,True,True
5.0,2.5,175.0,22.0,8,11.2116,74.9633,921.2071,12.2888,1013.3278,1.4652,3.0272,4.6719,26.6963,175.0,950.0,4.2046,4.9728,9.5426,0.059,14.2824,12.14,True,True
5.0,2.5,175.0,22.0,10,11.2116,94.4201,1166.8623,12.3582,1283.5485,1.4791,3.8757,6.0422,27.4646,220.0,1040.0,5.2557,6.216,11.9282,0.0737,14.2824,12.14,True,True
5.0,2.5,175.0,22.0,12,11.2116,113.877,1412.5175,12.4039,1553.7693,1.4883,4.7235,7.4133,28.7896,257.5,1115.0,6.3069,7.4592,13.1211,0.0885,14.2824,12.14,True,True
5.0,2.5,175.0,22.0,16,11.2116,152.7908,1903.828,12.4604,2094.2108,1.4992,6.4148,10.1465,29.1987,347.5,1295.0,8.4092,9.9457,17.8924,0.118,14.2824,12.14,True,True
5.0,2.5,175.0,26.0,4,11.2116,55.5684,502.6153,9.045,552.8768,1.3658,1.5047,2.1536,23.2821,92.5,785.0,2.4204,2.8045,5.9641,0.0348,14.2824,12.14,True,True
5.0,2.5,175.0,26.0,6,11.2116,86.1789,789.824,9.1649,868.8064,1.4007,2.458,3.6148,26.2891,137.5,875.0,3.6306,4.2068,8.3498,0.0521,14.2824,12.14,True,True
5.0,2.5,175.0,26.0,8,11.2116,116.7894,1077.0327,9.222,1184.736,1.4182,3.4109,5.0834,27.8542,182.5,965.0,4.8408,5.609,10.7354,0.0695,14.2824,12.14,True,True
5.0,2.5,175.0,26.0,10,11.2116,147.3999,1364.2415,9.2554,1500.6656,1.4285,4.363,6.5531,28.805,227.5,1055.0,6.051,7.0113,13.1211,0.0869,14.2824,12.14,True,True
5.0,2.5,175.0,26.0,12,11.2116,178.0104,1651.4502,9.2773,1816.5952,1.436,5.3144,8.0267,29.4557,272.5,1145.0,7.2611,8.4135,15.5067,0.1043,14.2824,12.14,True,True
5.0,2.5,175.0,26.0,16,11.2116,239.2314,2225.8677,9.3042,2448.4544,1.4444,7.2205,10.9748,30.2752,362.5,1325.0,9.6815,11.218,20.278,0.139,14.2824,12.14,True,True
5.0,3.0,175.0,18.0,4,11.2116,29.3337,357.8052,12.1978,393.5857,1.3809,1.0859,1.5726,17.2818,91.0,782.0,2.1411,2.602,5.7256,0.0291,14.9858,12.7379,True,True
5.0,3.0,175.0,18.0,6,11.2116,44.9529,562.2652,12.5079,618.4918,1.4327,1.7968,2.7073,20.6662,131.0,862.0,3.2116,3.903,7.1569,0.0436,14.9858,12.7379,True,True
5.0,3.0,175.0,18.0,8,11.2116,60.5722,766.7253,12.658,843.3979,1.4596,2.5072,3.8535,21.528,179.0,958.0,4.2821,5.204,10.0197,0.0581,14.9858,12.7379,True,True
5.0,3.0,175.0,18.0,10,11.2116,76.1915,971.1854,12.7466,1068.304,1.4749,3.2161,4.9988,22.8258,219.0,1038.0,5.3526,6.505,11.4511,0.0727,14.9858,12.7379,True,True
5.0,3.0,175.0,18.0,12,11.2116,91.8107,1175.6455,12.8051,1293.2101,1.4858,3.9227,6.1453,23.0162,267.0,1134.0,6.4232,7.806,14.3139,0.0872,14.9858,12.7379,True,True
5.0,3.0,175.0,18.0,16,11.2116,123.0492,1584.5657,12.8775,1743.0223,1.499,5.3389,8.4431,23.7834,355.0,1310.0,8.5642,10.408,18.608,0.1163,14.9858,12.7379,True,True
5.0,3.0,175.0,22.0,4,11.2116,39.1743,431.0126,11.0024,474.1138,1.3862,1.3167,1.9148,19.3412,99.0,798.0,2.5228,2.9837,7.1569,0.0354,14.9858,12.7379,True,True
5.0,3.0,175.0,22.0,6,11.2116,60.4168,677.3055,11.2106,745.036,1.4296,2.1615,3.2492,23.3754,139.0,878.0,3.7841,4.4755,8.5883,0.0531,14.9858,12.7379,True,True
5.0,3.0,175.0,22.0,8,11.2116,81.6592,923.5984,11.3104,1015.9582,1.451,3.0036,4.5877,24.5329,187.0,974.0,5.0455,5.9674,11.4511,0.0708,14.9858,12.7379,True,True
5.0,3.0,175.0,22.0,10,11.2116,102.9017,1169.8913,11.369,1286.8804,1.4639,3.8469,5.9314,25.2401,235.0,1070.0,6.3069,7.4592,14.3139,0.0885,14.9858,12.7379,True,True
5.0,3.0,175.0,22.0,12,11.2116,124.1441,1416.1842,11.4076,1557.8026,1.4722,4.6843,7.2666,26.4241,275.0,1150.0,7.5683,8.9511,15.7453,0.1062,14.9858,12.7379,True,True
5.0,3.0,175.0,22.0,16,11.2116,166.6291,1908.77,11.4552,2099.647,1.4834,6.3701,9.962,26.8518,371.0,1342.0,10.091,11.9348,21.4708,0.1416,14.9858,12.7379,True,True
5.0,3.0,175.0,26.0,4,11.2116,59.9393,503.3425,8.3975,553.6767,1.3511,1.4814,2.0955,21.1668,99.0,798.0,2.9045,3.3654,7.1569,0.0417,14.9858,12.7379,True,True
5.0,3.0,175.0,26.0,6,11.2116,93.0474,790.9668,8.5007,870.0635,1.3853,2.4233,3.5216,23.9566,147.0,894.0,4.3567,5.0481,10.0197,0.0626,14.9858,12.7379,True,True
5.0,3.0,175.0,26.0,8,11.2116,126.1556,1078.5911,8.5497,1186.4502,1.4022,3.366,4.9558,25.4141,195.0,990.0,5.8089,6.7308,12.8825,0.0834,14.9858,12.7379,True,True
5.0,3.0,175.0,26.0,10,11.2116,159.2638,1366.2154,8.5783,1502.8369,1.4122,4.305,6.3868,26.2832,243.0,1086.0,7.2611,8.4135,15.7453,0.1043,14.9858,12.7379,True,True
5.0,3.0,175.0,26.0,12,11.2116,192.3719,1653.8396,8.5971,1819.2236,1.4188,5.245,7.8204,26.8743,291.0,1182.0,8.7134,10.0962,18.608,0.1251,14.9858,12.7379,True,True
5.0,3.0,175.0,26.0,16,11.2116,258.5882,2229.0882,8.6202,2451.997,1.427,7.1282,10.694,27.6331,387.0,1374.0,11.6178,13.4616,24.3336,0.1668,14.9858,12.7379,True,True
5.0,4.0,175.0,18.0,4,11.2116,32.4162,358.4145,11.0567,394.256,1.3665,1.0698,1.532,14.8739,103.0,806.0,2.8547,3.4693,7.6341,0.0388,15.9998,13.5999,True,True
5.0,4.0,175.0,18.0,6,11.2116,49.7969,563.2228,11.3104,619.5451,1.4167,1.7752,2.6426,17.8555,148.0,896.0,4.2821,5.204,9.5426,0.0581,15.9998,13.5999,True,True
5.0,4.0,175.0,18.0,8,11.2116,67.1775,768.0311,11.4329,844.8342,1.442,2.4778,3.7592,18.6101,202.0,1004.0,5.7095,6.9387,13.3596,0.0775,15.9998,13.5999,True,True
5.0,4.0,175.0,18.0,10,11.2116,84.5582,972.8394,11.505,1070.1233,1.4568,3.1801,4.8779,19.7486,247.0,1094.0,7.1368,8.6733,15.2681,0.0969,15.9998,13.5999,True,True
5.0,4.0,175.0,18.0,12,11.2116,101.9389,1177.6477,11.5525,1295.4125,1.4673,3.8799,5.9973,19.9245,301.0,1202.0,8.5642,10.408,19.0852,0.1163,15.9998,13.5999,True,True
5.0,4.0,175.0,18.0,16,11.2116,136.7003,1587.2643,11.6113,1745.9907,1.48,5.277,8.2321,20.5803,400.0,1400.0,11.4189,13.8773,24.8107,0.155,15.9998,13.5999,True,True
5.0,4.0,175.0,22.0,4,11.2116,43.1963,431.4592,9.9883,474.6052,1.3698,1.2959,1.8606,16.6123,112.0,824.0,3.3637,3.9783,9.5426,0.0472,15.9998,13.5999,True,True
5.0,4.0,175.0,22.0,6,11.2116,66.737,678.0074,10.1594,745.8081,1.4112,2.1289,3.156,20.1018,157.0,914.0,5.0455,5.9674,11.4511,0.0708,15.9998,13.5999,True,True
5.0,4.0,175.0,22.0,8,11.2116,90.2777,924.5555,10.2412,1017.0111,1.4324,2.9605,4.4594,21.1346,211.0,1022.0,6.7273,7.9565,15.2681,0.0944,15.9998,13.5999,True,True
5.0,4.0,175.0,22.0,10,11.2116,113.8185,1171.1037,10.2892,1288.214,1.4448,3.7936,5.7674,21.7637,265.0,1130.0,8.4092,9.9457,19.0852,0.118,15.9998,13.5999,True,True
5.0,4.0,175.0,22.0,12,11.2116,137.3592,1417.6518,10.3208,1559.417,1.4534,4.6258,7.0776,22.8308,310.0,1220.0,10.091,11.9348,20.9937,0.1416,15.9998,13.5999,True,True
5.0,4.0,175.0,22.0,16,11.2116,184.4407,1910.7481,10.3597,2101.8229,1.4635,6.2862,9.6896,23.1809,418.0,1436.0,13.4547,15.9131,28.6278,0.1887,15.9998,13.5999,True,True
5.0,4.0,175.0,26.0,4,11.2116,65.7003,504.3695,7.6768,554.8065,1.3329,1.4502,2.0217,18.0506,112.0,824.0,3.8726,4.4872,9.5426,0.0556,15.9998,13.5999,True,True
5.0,4.0,175.0,26.0,6,11.2116,102.1005,792.5807,7.7627,871.8388,1.3657,2.3794,3.4052,20.513,166.0,932.0,5.8089,6.7308,13.3596,0.0834,15.9998,13.5999,True,True
5.0,4.0,175.0,26.0,8,11.2116,138.5007,1080.7918,7.8035,1188.871,1.3819,3.3036,4.7882,21.7644,220.0,1040.0,7.7452,8.9744,17.1767,0.1112,15.9998,13.5999,True,True
5.0,4.0,175.0,26.0,10,11.2116,174.9009,1369.003,7.8273,1505.9033,1.3915,4.2319,6.1793,22.5522,274.0,1148.0,9.6815,11.218,20.9937,0.139,15.9998,13.5999,True,True
5.0,4.0,175.0,26.0,12,11.2116,211.3011,1657.2142,7.8429,1822.9356,1.3978,5.1573,7.5672,23.0708,328.0,1256.0,11.6178,13.4616,24.8107,0.1668,15.9998,13.5999,True,True
5.0,4.0,175.0,26.0,16,11.2116,284.1015,2233.6365,7.8621,2457.0001,1.4056,7.0064,10.3422,23.7205,436.0,1472.0,15.4904,17.9488,32.4448,0.2225,15.9998,13.5999,True,True
6.0,1.5,175.0,18.0,4,13.1321,26.3957,298.5091,11.309,328.36,1.3461,1.1917,1.6792,19.9906,84.0,772.0,1.0705,1.301,2.8628,0.0145,13.5417,11.5104,False,True
6.0,1.5,175.0,18.0,6,13.1321,40.3362,469.0857,11.6294,515.9942,1.4044,2.0028,2.9535,24.3089,121.5,847.0,1.6058,1.9515,3.5785,0.0218,13.5417,11.5104,False,True
6.0,1.5,175.0,18.0,8,13.1321,54.2766,639.6623,11.7852,703.6285,1.4339,2.809,4.236,25.4413,166.5,937.0,2.1411,2.602,5.0099,0.0291,13.5417,11.5104,False,True
6.0,1.5,175.0,18.0,10,13.1321,68.217,810.2389,11.8774,891.2628,1.4518,3.6128,5.5214,27.0655,204.0,1012.0,2.6763,3.2525,5.7256,0.0363,13.5417,11.5104,False,True
6.0,1.5,175.0,18.0,12,13.1321,82.1574,980.8155,11.9382,1078.8971,1.4637,4.4182,6.8111,27.3537,249.0,1102.0,3.2116,3.903,7.1569,0.0436,13.5417,11.5104,False,True
6.0,1.5,175.0,18.0,16,13.1321,110.0382,1321.9687,12.0137,1454.1656,1.4796,6.0254,9.3975,28.3483,331.5,1267.0,4.2821,5.204,9.304,0.0581,13.5417,11.5104,False,True
6.0,1.5,175.0,22.0,4,13.1321,34.8852,359.4717,10.3044,395.4189,1.3556,1.4548,2.0654,22.5721,91.5,787.0,1.2614,1.4918,3.5785,0.0177,13.5417,11.5104,False,True
6.0,1.5,175.0,22.0,6,13.1321,53.6768,564.8841,10.5238,621.3725,1.4039,2.4141,3.5587,27.5871,129.0,862.0,1.8921,2.2378,4.2942,0.0265,13.5417,11.5104,False,True
6.0,1.5,175.0,22.0,8,13.1321,72.4683,770.2965,10.6294,847.3262,1.4284,3.3714,5.0634,29.1,174.0,952.0,2.5228,2.9837,5.7256,0.0354,13.5417,11.5104,False,True
6.0,1.5,175.0,22.0,10,13.1321,91.2599,975.7089,10.6915,1073.2798,1.4434,4.3283,6.5736,30.0163,219.0,1042.0,3.1534,3.7296,7.1569,0.0442,13.5417,11.5104,False,True
6.0,1.5,175.0,22.0,12,13.1321,110.0514,1181.1214,10.7324,1299.2335,1.4529,5.2824,8.0794,31.4988,256.5,1117.0,3.7841,4.4755,7.8726,0.0531,13.5417,11.5104,False,True
6.0,1.5,175.0,22.0,16,13.1321,147.6345,1591.9462,10.783,1751.1408,1.4658,7.1942,11.1081,32.0581,346.5,1297.0,5.0455,5.9674,10.7354,0.0708,13.5417,11.5104,False,True
6.0,1.5,175.0,26.0,4,13.1321,52.8932,420.522,7.9504,462.5742,1.3246,1.6387,2.269,24.7983,91.5,787.0,1.4522,1.6827,3.5785,0.0209,13.5417,11.5104,False,True
6.0,1.5,175.0,26.0,6,13.1321,81.9751,660.8202,8.0612,726.9023,1.3629,2.7088,3.868,28.3368,136.5,877.0,2.1783,2.5241,5.0099,0.0313,13.5417,11.5104,False,True
6.0,1.5,175.0,26.0,8,13.1321,111.0569,901.1185,8.114,991.2304,1.3822,3.7776,5.4764,30.1729,181.5,967.0,2.9045,3.3654,6.4412,0.0417,13.5417,11.5104,False,True
6.0,1.5,175.0,26.0,10,13.1321,140.1388,1141.4168,8.1449,1255.5585,1.3938,4.8487,7.0924,31.3129,226.5,1057.0,3.6306,4.2068,7.8726,0.0521,13.5417,11.5104,False,True
6.0,1.5,175.0,26.0,12,13.1321,169.2206,1381.7151,8.1652,1519.8866,1.4012,5.9165,8.7042,32.0596,271.5,1147.0,4.3567,5.0481,9.304,0.0626,13.5417,11.5104,False,True
6.0,1.5,175.0,26.0,16,13.1321,227.3843,1862.3116,8.1902,2048.5428,1.4112,8.0547,11.9409,33.0314,361.5,1327.0,5.8089,6.7308,12.1668,0.0834,13.5417,11.5104,False,True
6.0,2.0,175.0,18.0,4,13.1321,28.0148,300.0375,10.71,330.0413,1.339,1.1874,1.6634,18.4826,90.0,784.0,1.4274,1.7347,3.817,0.0194,14.6902,12.4866,False,True
6.0,2.0,175.0,18.0,6,13.1321,42.8804,471.4875,10.9954,518.6363,1.3954,1.9947,2.9214,22.4722,130.0,864.0,2.1411,2.602,4.7713,0.0291,14.6902,12.4866,False,True
6.0,2.0,175.0,18.0,8,13.1321,57.7461,642.9375,11.1339,707.2313,1.4241,2.8006,4.1926,23.5542,178.0,960.0,2.8547,3.4693,6.6798,0.0388,14.6902,12.4866,False,True
6.0,2.0,175.0,18.0,10,13.1321,72.6117,814.3876,11.2157,895.8263,1.4416,3.6043,5.4669,25.0776,218.0,1040.0,3.5684,4.3367,7.6341,0.0484,14.6902,12.4866,False,True
6.0,2.0,175.0,18.0,12,13.1321,87.4773,985.8376,11.2696,1084.4213,1.4538,4.4087,6.7472,25.3654,266.0,1136.0,4.2821,5.204,9.5426,0.0581,14.6902,12.4866,False,True
6.0,2.0,175.0,18.0,16,13.1321,117.2085,1328.7376,11.3365,1461.6113,1.4687,6.0138,9.305,26.2854,354.0,1312.0,5.7095,6.9387,12.4054,0.0775,14.6902,12.4866,False,True
6.0,2.0,175.0,22.0,4,13.1321,37.1695,361.2104,9.7179,397.3314,1.3462,1.4456,2.037,20.7857,98.0,800.0,1.6818,1.9891,4.7713,0.0236,14.6902,12.4866,False,True
6.0,2.0,175.0,22.0,6,13.1321,57.2664,567.6163,9.9119,624.378,1.3932,2.4011,3.5107,25.4402,138.0,880.0,2.5228,2.9837,5.7256,0.0354,14.6902,12.4866,False,True
6.0,2.0,175.0,22.0,8,13.1321,77.3633,774.0223,10.005,851.4245,1.4171,3.3546,4.9952,26.8558,186.0,976.0,3.3637,3.9783,7.6341,0.0472,14.6902,12.4866,False,True
6.0,2.0,175.0,22.0,10,13.1321,97.4602,980.4282,10.0598,1078.4711,1.4316,4.3077,6.485,27.7139,234.0,1072.0,4.2046,4.9728,9.5426,0.059,14.6902,12.4866,False,True
6.0,2.0,175.0,22.0,12,13.1321,117.557,1186.8342,10.0958,1305.5176,1.4415,5.2639,7.9832,28.3093,282.0,1168.0,5.0455,5.9674,11.4511,0.0708,14.6902,12.4866,False,True
6.0,2.0,175.0,22.0,16,13.1321,157.7508,1599.6461,10.1403,1759.6107,1.4534,7.163,10.9594,29.6199,370.0,1344.0,6.7273,7.9565,14.3139,0.0944,14.6902,12.4866,False,True
6.0,2.0,175.0,26.0,4,13.1321,56.3156,422.5247,7.5028,464.7772,1.3129,1.62,2.2218,22.6716,98.0,800.0,1.9363,2.2436,4.7713,0.0278,14.6902,12.4866,False,True
6.0,2.0,175.0,26.0,6,13.1321,87.3532,663.9674,7.601,730.3642,1.35,2.6825,3.7914,25.9688,146.0,896.0,2.9045,3.3654,6.6798,0.0417,14.6902,12.4866,False,True
6.0,2.0,175.0,26.0,8,13.1321,118.3907,905.4101,7.6476,995.9512,1.3687,3.7432,5.3694,27.6775,194.0,992.0,3.8726,4.4872,8.5883,0.0556,14.6902,12.4866,False,True
6.0,2.0,175.0,26.0,10,13.1321,149.4282,1146.8529,7.6749,1261.5381,1.3804,4.8062,6.9577,28.7507,242.0,1088.0,4.8408,5.609,10.4968,0.0695,14.6902,12.4866,False,True
6.0,2.0,175.0,26.0,12,13.1321,180.4657,1388.2956,7.6929,1527.1251,1.387,5.8656,8.5355,29.4329,290.0,1184.0,5.8089,6.7308,12.4054,0.0834,14.6902,12.4866,False,True
6.0,2.0,175.0,26.0,16,13.1321,242.5407,1871.181,7.7149,2058.2991,1.3967,7.9836,11.7045,30.3225,386.0,1376.0,7.7452,8.9744,16.2224,0.1112,14.6902,12.4866,False,True
6.0,2.5,175.0,18.0,4,13.1321,29.6207,301.439,10.1766,331.583,1.3314,1.1817,1.6454,17.14,96.0,796.0,1.7842,2.1683,4.7713,0.0242,15.6533,13.3053,True,True
6.0,2.5,175.0,18.0,6,13.1321,45.404,473.6899,10.4328,521.0589,1.3866,1.9878,2.8916,20.8781,138.5,881.0,2.6763,3.2525,5.9641,0.0363,15.6533,13.3053,True,True
6.0,2.5,175.0,18.0,8,13.1321,61.1873,645.9408,10.5568,710.5349,1.4152,2.7921,4.1517,21.9089,189.5,983.0,3.5684,4.3367,8.3498,0.0484,15.6533,13.3053,True,True
6.0,2.5,175.0,18.0,10,13.1321,76.9706,818.1917,10.6299,900.0109,1.4323,3.594,5.4134,23.3334,232.0,1068.0,4.4605,5.4208,9.5426,0.0606,15.6533,13.3053,True,True
6.0,2.5,175.0,18.0,12,13.1321,92.7539,990.4426,10.6782,1089.4868,1.4441,4.3967,6.6812,23.6085,283.0,1170.0,5.3526,6.505,11.9282,0.0727,15.6533,13.3053,True,True
6.0,2.5,175.0,18.0,16,13.1321,124.3204,1334.9444,10.7379,1468.4388,1.4587,5.9987,9.2141,24.473,376.5,1357.0,7.1368,8.6733,15.5067,0.0969,15.6533,13.3053,True,True
6.0,2.5,175.0,22.0,4,13.1321,39.2347,362.4877,9.239,398.7364,1.3378,1.4357,2.0095,19.2299,104.5,813.0,2.1023,2.4864,5.9641,0.0295,15.6533,13.3053,True,True
6.0,2.5,175.0,22.0,6,13.1321,60.5116,569.6235,9.4135,626.5858,1.3838,2.387,3.4647,23.5696,147.0,898.0,3.1534,3.7296,7.1569,0.0442,15.6533,13.3053,True,True
6.0,2.5,175.0,22.0,8,13.1321,81.7886,776.7593,9.4972,854.4352,1.4071,3.3362,4.9301,24.8996,198.0,1000.0,4.2046,4.9728,9.5426,0.059,15.6533,13.3053,True,True
6.0,2.5,175.0,22.0,10,13.1321,103.0655,983.8951,9.5463,1082.2846,1.4213,4.2849,6.4007,25.7057,249.0,1102.0,5.2557,6.216,11.9282,0.0737,15.6533,13.3053,True,True
6.0,2.5,175.0,22.0,12,13.1321,124.3425,1191.0309,9.5786,1310.134,1.4309,5.237,7.8798,26.2658,300.0,1204.0,6.3069,7.4592,14.3139,0.0885,15.6533,13.3053,True,True
6.0,2.5,175.0,22.0,16,13.1321,166.8964,1605.3025,9.6186,1765.8327,1.4425,7.1279,10.818,27.4917,393.5,1391.0,8.4092,9.9457,17.8924,0.118,15.6533,13.3053,True,True
6.0,2.5,175.0,26.0,4,13.1321,59.1491,423.1586,7.1541,465.4744,1.3034,1.5985,2.1753,20.8163,104.5,813.0,2.4204,2.8045,5.9641,0.0348,15.6533,13.3053,True,True
6.0,2.5,175.0,26.0,6,13.1321,91.8058,664.9635,7.2432,731.4598,1.3397,2.6527,3.7186,23.9136,155.5,915.0,3.6306,4.2068,8.3498,0.0521,15.6533,13.3053,True,True
6.0,2.5,175.0,26.0,8,13.1321,124.4624,906.7684,7.2855,997.4452,1.3579,3.7038,5.2681,25.5113,206.5,1017.0,4.8408,5.609,10.7354,0.0695,15.6533,13.3053,True,True
6.0,2.5,175.0,26.0,10,13.1321,157.1191,1148.5733,7.3102,1263.4306,1.3683,4.751,6.8131,26.4588,257.5,1119.0,6.051,7.0113,13.1211,0.0869,15.6533,13.3053,True,True
6.0,2.5,175.0,26.0,12,13.1321,189.7757,1390.3782,7.3264,1529.416,1.3759,5.8024,8.3704,27.1325,308.5,1221.0,7.2611,8.4135,15.5067,0.1043,15.6533,13.3053,True,True
6.0,2.5,175.0,26.0,16,13.1321,255.0891,1873.988,7.3464,2061.3868,1.3847,7.8993,11.4744,27.9521,410.5,1425.0,9.6815,11.218,20.278,0.139,15.6533,13.3053,True,True
6.0,3.0,175.0,18.0,4,13.1321,31.1509,302.191,9.7009,332.4101,1.3238,1.1732,1.6236,15.9172,102.0,808.0,2.1411,2.602,5.7256,0.0291,16.4639,13.9943,True,True
6.0,3.0,175.0,18.0,6,13.1321,47.8085,474.8715,9.9328,522.3587,1.3784,1.9761,2.8563,18.3094,156.0,916.0,3.2116,3.903,8.5883,0.0436,16.4639,13.9943,True,True
6.0,3.0,175.0,18.0,8,13.1321,64.4661,647.5521,10.0448,712.3073,1.4059,2.7769,4.0998,20.3971,201.0,1006.0,4.2821,5.204,10.0197,0.0581,16.4639,13.9943,True,True
6.0,3.0,175.0,18.0,10,13.1321,81.1237,820.2326,10.1109,902.2559,1.4232,3.5753,5.3483,21.741,246.0,1096.0,5.3526,6.505,11.4511,0.0727,16.4639,13.9943,True,True
6.0,3.0,175.0,18.0,12,13.1321,97.7814,992.9132,10.1544,1092.2045,1.4341,4.3747,6.5984,21.9946,300.0,1204.0,6.4232,7.806,14.3139,0.0872,16.4639,13.9943,True,True
6.0,3.0,175.0,18.0,16,13.1321,131.0966,1338.2743,10.2083,1472.1017,1.449,5.9698,9.1042,22.8175,399.0,1402.0,8.5642,10.408,18.608,0.1163,16.4639,13.9943,True,True
6.0,3.0,175.0,22.0,4,13.1321,41.1504,362.9799,8.8208,399.2778,1.3297,1.4225,1.978,17.8199,111.0,826.0,2.5228,2.9837,7.1569,0.0354,16.4639,13.9943,True,True
6.0,3.0,175.0,22.0,6,13.1321,63.5221,570.3969,8.9795,627.4366,1.3747,2.3678,3.4127,21.8765,156.0,916.0,3.7841,4.4755,8.5883,0.0531,16.4639,13.9943,True,True
6.0,3.0,175.0,22.0,8,13.1321,85.8937,777.814,9.0555,855.5954,1.3976,3.3108,4.8572,23.1295,210.0,1024.0,5.0455,5.9674,11.4511,0.0708,16.4639,13.9943,True,True
6.0,3.0,175.0,22.0,10,13.1321,108.2654,985.231,9.1001,1083.7541,1.4114,4.2535,6.3067,23.8889,264.0,1132.0,6.3069,7.4592,14.3139,0.0885,16.4639,13.9943,True,True
6.0,3.0,175.0,22.0,12,13.1321,130.6371,1192.6481,9.1295,1311.9129,1.4209,5.1933,7.7554,24.3881,318.0,1240.0,7.5683,8.9511,17.1767,0.1062,16.4639,13.9943,True,True
6.0,3.0,175.0,22.0,16,13.1321,175.3804,1607.4822,9.1657,1768.2304,1.4322,7.0783,10.6609,25.5656,417.0,1438.0,10.091,11.9348,21.4708,0.1416,16.4639,13.9943,True,True
6.0,3.0,175.0,26.0,4,13.1321,62.0952,424.4912,6.8361,466.9404,1.2934,1.5798,2.1321,19.2077,111.0,826.0,2.9045,3.3654,7.1569,0.0417,16.4639,13.9943,True,False
6.0,3.0,175.0,26.0,6,13.1321,96.4354,667.0577,6.9171,733.7634,1.3288,2.6233,3.645,22.0912,165.0,934.0,4.3567,5.0481,10.0197,0.0626,16.4639,13.9943,True,True
6.0,3.0,175.0,26.0,8,13.1321,130.7755,909.6241,6.9556,1000.5865,1.3465,3.665,5.1655,23.587,219.0,1042.0,5.8089,6.7308,12.8825,0.0834,16.4639,13.9943,True,True
6.0,3.0,175.0,26.0,10,13.1321,165.1156,1152.1905,6.9781,1267.4096,1.3576,4.7088,6.6957,24.5264,273.0,1150.0,7.2611,8.4135,15.7453,0.1043,16.4639,13.9943,True,True
6.0,3.0,175.0,26.0,12,13.1321,199.4558,1394.757,6.9928,1534.2327,1.3644,5.7447,8.2132,25.1167,327.0,1258.0,8.7134,10.0962,18.608,0.1251,16.4639,13.9943,True,True
6.0,3.0,175.0,26.0,16,13.1321,268.136,1879.8898,7.011,2067.8788,1.3731,7.832,11.2735,25.9161,435.0,1474.0,11.6178,13.4616,24.3336,0.1668,16.4639,13.9943,True,True
6.0,4.0,175.0,18.0,4,13.1321,34.919,303.8801,8.7024,334.2681,1.3066,1.1504,1.5696,13.7682,114.0,832.0,2.8547,3.4693,7.6341,0.0388,17.7829,15.1155,True,True
6.0,4.0,175.0,18.0,6,13.1321,53.7299,477.5258,8.8875,525.2784,1.3578,1.9425,2.7625,15.8765,174.0,952.0,4.2821,5.204,11.4511,0.0581,17.7829,15.1155,True,True
6.0,4.0,175.0,18.0,8,13.1321,72.5408,651.1716,8.9766,716.2888,1.3844,2.7331,3.9691,17.719,224.0,1052.0,5.7095,6.9387,13.3596,0.0775,17.7829,15.1155,True,True
6.0,4.0,175.0,18.0,10,13.1321,91.3517,824.8174,9.029,907.2991,1.4003,3.5211,5.1765,18.8922,274.0,1152.0,7.1368,8.6733,15.2681,0.0969,17.7829,15.1155,True,True
6.0,4.0,175.0,18.0,12,13.1321,110.1625,998.4631,9.0635,1098.3094,1.4113,4.3102,6.3898,19.1312,334.0,1272.0,8.5642,10.408,19.0852,0.1163,17.7829,15.1155,True,True
6.0,4.0,175.0,18.0,16,13.1321,147.7843,1345.7546,9.1062,1480.3301,1.4247,5.8855,8.8147,19.853,444.0,1492.0,11.4189,13.8773,24.8107,0.155,17.7829,15.1155,True,True
6.0,4.0,175.0,22.0,4,13.1321,46.1351,364.751,7.9062,401.2261,1.3091,1.3891,1.8992,15.3158,124.0,852.0,3.3637,3.9783,9.5426,0.0472,17.7829,15.1155,True,True
6.0,4.0,175.0,22.0,6,13.1321,71.3551,573.1802,8.0328,630.4982,1.3524,2.3202,3.2855,18.882,174.0,952.0,5.0455,5.9674,11.4511,0.0708,17.7829,15.1155,True,True
6.0,4.0,175.0,22.0,8,13.1321,96.5752,781.6094,8.0933,859.7703,1.374,3.2481,4.6788,19.9949,234.0,1072.0,6.7273,7.9565,15.2681,0.0944,17.7829,15.1155,True,True
6.0,4.0,175.0,22.0,10,13.1321,121.7952,990.0385,8.1287,1089.0424,1.3871,4.1756,6.0767,20.6689,294.0,1192.0,8.4092,9.9457,19.0852,0.118,17.7829,15.1155,True,True
6.0,4.0,175.0,22.0,12,13.1321,147.0153,1198.4677,8.152,1318.3145,1.3955,5.1003,7.4704,21.1028,354.0,1312.0,10.091,11.9348,22.9022,0.1416,17.7829,15.1155,True,True
6.0,4.0,175.0,22.0,16,13.1321,197.4553,1615.3261,8.1807,1776.8587,1.4067,6.955,10.2753,22.1451,464.0,1532.0,13.4547,15.9131,28.6278,0.1887,17.7829,15.1155,True,True
6.0,4.0,175.0,26.0,4,13.1321,68.5982,425.338,6.2004,467.8718,1.2717,1.5249,2.0206,16.2955,124.0,852.0,3.8726,4.4872,9.5426,0.0556,17.7829,15.1155,True,False
6.0,4.0,175.0,26.0,6,13.1321,106.6544,668.3883,6.2669,735.2272,1.3053,2.5421,3.4649,18.8308,184.0,972.0,5.8089,6.7308,13.3596,0.0834,17.7829,15.1155,True,True
6.0,4.0,175.0,26.0,8,13.1321,144.7105,911.4386,6.2984,1002.5825,1.3221,3.5572,4.9158,20.1466,244.0,1092.0,7.7452,8.9744,17.1767,0.1112,17.7829,15.1155,True,True
6.0,4.0,175.0,26.0,10,13.1321,182.7666,1154.4889,6.3167,1269.9378,1.3326,4.5709,6.3708,20.9565,304.0,1212.0,9.6815,11.218,20.9937,0.139,17.7829,15.1155,True,True
6.0,4.0,175.0,26.0,12,13.1321,220.8227,1397.5393,6.3288,1537.2932,1.3386,5.5834,7.8197,21.4827,364.0,1332.0,11.6178,13.4616,24.8107,0.1668,17.7829,15.1155,True,True
6.0,4.0,175.0,26.0,16,13.1321,296.935,1883.6399,6.3436,2072.0038,1.3472,7.6083,10.7297,22.1688,484.0,1572.0,15.4904,17.9488,32.4448,0.2225,17.7829,15.1155,True,True
8.0,1.5,175.0,18.0,4,16.9071,31.2333,229.585,7.3506,252.5435,1.2395,1.2692,1.6357,15.4311,106.0,824.0,1.0705,1.301,2.8628,0.0145,15.4581,13.1394,False,False
8.0,1.5,175.0,18.0,6,16.9071,47.9381,360.7764,7.5259,396.8541,1.2982,2.2397,3.0348,18.6187,163.0,938.0,1.6058,1.9515,4.2942,0.0218,15.4581,13.1394,False,False
8.0,1.5,175.0,18.0,8,16.9071,64.6429,491.9678,7.6105,541.1646,1.3289,3.2017,4.4489,21.1349,210.5,1033.0,2.1411,2.602,5.0099,0.0291,15.4581,13.1394,False,True
8.0,1.5,175.0,18.0,10,16.9071,81.3477,623.1593,7.6604,685.4752,1.3476,4.1594,5.8677,21.9352,267.5,1147.0,2.6763,3.2525,6.4412,0.0363,15.4581,13.1394,False,True
8.0,1.5,175.0,18.0,12,16.9071,98.0524,754.3507,7.6933,829.7858,1.3606,5.1183,7.2952,23.1592,315.0,1242.0,3.2116,3.903,7.1569,0.0436,15.4581,13.1394,False,True
8.0,1.5,175.0,18.0,16,16.9071,131.462,1016.7335,7.7341,1118.4069,1.3769,7.0337,10.155,24.2074,419.5,1451.0,4.2821,5.204,9.304,0.0581,15.4581,13.1394,False,True
8.0,1.5,175.0,22.0,4,16.9071,40.6248,275.3095,6.7769,302.8404,1.2478,1.5538,2.0169,17.4625,115.5,843.0,1.2614,1.4918,3.5785,0.0177,15.4581,13.1394,False,False
8.0,1.5,175.0,22.0,6,16.9071,62.6962,432.6292,6.9004,475.8921,1.2973,2.6857,3.6361,22.3074,163.0,938.0,1.8921,2.2378,4.2942,0.0265,15.4581,13.1394,False,False
8.0,1.5,175.0,22.0,8,16.9071,84.7675,589.9489,6.9596,648.9438,1.3229,3.8127,5.2724,23.9656,220.0,1052.0,2.5228,2.9837,5.7256,0.0354,15.4581,13.1394,False,True
8.0,1.5,175.0,22.0,10,16.9071,106.8388,747.2686,6.9944,821.9955,1.3378,4.936,6.9088,24.9417,277.0,1166.0,3.1534,3.7296,7.1569,0.0442,15.4581,13.1394,False,True
8.0,1.5,175.0,22.0,12,16.9071,128.9101,904.5883,7.0172,995.0472,1.3488,6.0582,8.5543,25.6115,334.0,1280.0,3.7841,4.4755,8.5883,0.0531,15.4581,13.1394,False,True
8.0,1.5,175.0,22.0,16,16.9071,173.0528,1219.2277,7.0454,1341.1505,1.3617,8.2953,11.8344,26.9883,438.5,1489.0,5.0455,5.9674,10.7354,0.0708,15.4581,13.1394,False,True
8.0,1.5,175.0,26.0,4,16.9071,59.0537,320.9163,5.4343,353.0079,1.2167,1.6869,2.1306,18.447,115.5,843.0,1.4522,1.6827,3.5785,0.0209,15.4581,13.1394,False,False
8.0,1.5,175.0,26.0,6,16.9071,91.6558,504.297,5.5021,554.7268,1.256,2.9098,3.804,22.0521,172.5,957.0,2.1783,2.5241,5.0099,0.0313,15.4581,13.1394,False,False
8.0,1.5,175.0,26.0,8,16.9071,124.258,687.6778,5.5343,756.4456,1.2754,4.1275,5.4866,23.9069,229.5,1071.0,2.9045,3.3654,6.4412,0.0417,15.4581,13.1394,False,False
8.0,1.5,175.0,26.0,10,16.9071,156.8601,871.0585,5.5531,958.1644,1.2875,5.3418,7.1736,25.0388,286.5,1185.0,3.6306,4.2068,7.8726,0.0521,15.4581,13.1394,False,False
8.0,1.5,175.0,26.0,12,16.9071,189.4622,1054.4393,5.5654,1159.8832,1.2956,6.5568,8.8648,25.8072,343.5,1299.0,4.3567,5.0481,9.304,0.0626,15.4581,13.1394,False,False
8.0,1.5,175.0,26.0,16,16.9071,254.6664,1421.2008,5.5806,1563.3208,1.3054,8.9883,12.2516,26.7796,457.5,1527.0,5.8089,6.7308,12.1668,0.0834,15.4581,13.1394,False,True
8.0,2.0,175.0,18.0,4,16.9071,32.768,231.0163,7.05,254.118,1.2327,1.2577,1.6113,14.3866,112.0,836.0,1.4274,1.7347,3.817,0.0194,16.7947,14.2755,False,False
8.0,2.0,175.0,18.0,6,16.9071,50.3498,363.0257,7.2101,399.3282,1.2905,2.2257,2.9964,17.421,172.0,956.0,2.1411,2.602,5.7256,0.0291,16.7947,14.2755,False,False
8.0,2.0,175.0,18.0,8,16.9071,67.9315,495.035,7.2873,544.5385,1.3204,3.1842,4.3941,19.7934,222.0,1056.0,2.8547,3.4693,6.6798,0.0388,16.7947,14.2755,False,True
8.0,2.0,175.0,18.0,10,16.9071,85.5133,627.0443,7.3327,689.7488,1.3387,4.1385,5.7963,20.5542,282.0,1176.0,3.5684,4.3367,8.5883,0.0484,16.7947,14.2755,False,True
8.0,2.0,175.0,18.0,12,16.9071,103.095,759.0537,7.3627,834.959,1.3508,5.0914,7.2005,21.6882,332.0,1276.0,4.2821,5.204,9.5426,0.0581,16.7947,14.2755,False,True
8.0,2.0,175.0,18.0,16,16.9071,138.2585,1023.0723,7.3997,1125.3796,1.3666,6.9989,10.0236,22.6778,442.0,1496.0,5.7095,6.9387,12.4054,0.0775,16.7947,14.2755,False,True
8.0,2.0,175.0,22.0,4,16.9071,42.7682,276.8994,6.4744,304.5893,1.2389,1.5327,1.9742,16.1819,122.0,856.0,1.6818,1.9891,4.7713,0.0236,16.7947,14.2755,False,False
8.0,2.0,175.0,22.0,6,16.9071,66.0642,435.1276,6.5864,478.6404,1.2878,2.6581,3.5704,20.7579,172.0,956.0,2.5228,2.9837,5.7256,0.0354,16.7947,14.2755,False,False
8.0,2.0,175.0,22.0,8,16.9071,89.3603,593.3558,6.64,652.6914,1.3123,3.7766,5.1771,22.3153,232.0,1076.0,3.3637,3.9783,7.6341,0.0472,16.7947,14.2755,False,True
8.0,2.0,175.0,22.0,10,16.9071,112.6564,751.584,6.6715,826.7424,1.3272,4.8923,6.789,23.2501,292.0,1196.0,4.2046,4.9728,9.5426,0.059,16.7947,14.2755,False,True
8.0,2.0,175.0,22.0,12,16.9071,135.9525,909.8122,6.6921,1000.7935,1.3373,6.0034,8.3995,23.8621,352.0,1316.0,5.0455,5.9674,11.4511,0.0708,16.7947,14.2755,False,True
8.0,2.0,175.0,22.0,16,16.9071,182.5447,1226.2687,6.7176,1348.8955,1.3499,8.2327,11.6352,25.1845,462.0,1536.0,6.7273,7.9565,14.3139,0.0944,16.7947,14.2755,False,True
8.0,2.0,175.0,26.0,4,16.9071,62.1862,322.875,5.1921,355.1625,1.2067,1.6528,2.0689,16.9585,122.0,856.0,1.9363,2.2436,4.7713,0.0278,16.7947,14.2755,False,False
8.0,2.0,175.0,26.0,6,16.9071,96.5784,507.375,5.2535,558.1125,1.2447,2.8615,3.7045,20.3546,182.0,976.0,2.9045,3.3654,6.6798,0.0417,16.7947,14.2755,False,False
8.0,2.0,175.0,26.0,8,16.9071,130.9705,691.875,5.2827,761.0625,1.264,4.0623,5.3473,22.0963,242.0,1096.0,3.8726,4.4872,8.5883,0.0556,16.7947,14.2755,False,False
8.0,2.0,175.0,26.0,10,16.9071,165.3626,876.375,5.2997,964.0125,1.2753,5.2644,6.9968,23.1682,302.0,1216.0,4.8408,5.609,10.4968,0.0695,16.7947,14.2755,False,False
8.0,2.0,175.0,26.0,12,16.9071,199.7547,1060.875,5.3109,1166.9626,1.283,6.4648,8.6489,23.892,362.0,1336.0,5.8089,6.7308,12.4054,0.0834,16.7947,14.2755,False,False
8.0,2.0,175.0,26.0,16,16.9071,268.539,1429.8751,5.3246,1572.8626,1.2925,8.86,11.9479,24.2844,492.0,1596.0,7.7452,8.9744,17.1767,0.1112,16.7947,14.2755,False,False
8.0,2.5,175.0,18.0,4,16.9071,34.2805,232.3491,6.7779,255.584,1.2262,1.2454,1.5862,13.4427,118.0,848.0,1.7842,2.1683,4.7713,0.0242,17.9151,15.2278,False,False
8.0,2.5,175.0,18.0,6,16.9071,52.7265,365.12,6.9248,401.632,1.2826,2.2092,2.9545,16.3231,181.0,974.0,2.6763,3.2525,7.1569,0.0363,17.9151,15.2278,False,False
8.0,2.5,175.0,18.0,8,16.9071,71.1725,497.891,6.9955,547.6801,1.3118,3.1633,4.3346,18.5634,233.5,1079.0,3.5684,4.3367,8.3498,0.0484,17.9151,15.2278,False,True
8.0,2.5,175.0,18.0,10,16.9071,89.6186,630.6619,7.0372,693.7281,1.3295,4.1148,5.7208,19.2945,296.5,1205.0,4.4605,5.4208,10.7354,0.0606,17.9151,15.2278,False,True
8.0,2.5,175.0,18.0,12,16.9071,108.0646,763.4328,7.0646,839.7761,1.3418,5.0622,7.1081,20.3669,349.0,1310.0,5.3526,6.505,11.9282,0.0727,17.9151,15.2278,False,True
8.0,2.5,175.0,18.0,16,16.9071,144.9566,1028.9746,7.0985,1131.8721,1.3568,6.9605,9.891,21.2939,464.5,1541.0,7.1368,8.6733,15.5067,0.0969,17.9151,15.2278,False,True
8.0,2.5,175.0,22.0,4,16.9071,44.6642,278.0371,6.2251,305.8408,1.2317,1.514,1.9378,15.0803,128.5,869.0,2.1023,2.4864,5.9641,0.0295,17.9151,15.2278,False,False
8.0,2.5,175.0,22.0,6,16.9071,69.0437,436.9154,6.3281,480.607,1.2787,2.6301,3.5059,19.3699,181.0,974.0,3.1534,3.7296,7.1569,0.0442,17.9151,15.2278,False,False
8.0,2.5,175.0,22.0,8,16.9071,93.4232,595.7937,6.3774,655.3731,1.3031,3.7411,5.0896,20.8589,244.0,1100.0,4.2046,4.9728,9.5426,0.059,17.9151,15.2278,False,True
8.0,2.5,175.0,22.0,10,16.9071,117.8027,754.6721,6.4062,830.1393,1.3172,4.8481,6.6727,21.7351,307.0,1226.0,5.2557,6.216,11.9282,0.0737,17.9151,15.2278,False,True
8.0,2.5,175.0,22.0,12,16.9071,142.1823,913.5504,6.4252,1004.9055,1.3275,5.9541,8.2643,22.3359,370.0,1352.0,6.3069,7.4592,14.3139,0.0885,17.9151,15.2278,False,True
8.0,2.5,175.0,22.0,16,16.9071,190.9413,1231.3071,6.4486,1354.4378,1.3397,8.1585,11.4365,23.5562,485.5,1583.0,8.4092,9.9457,17.8924,0.118,17.9151,15.2278,False,True
8.0,2.5,175.0,26.0,4,16.9071,64.7024,323.6346,5.0019,355.9981,1.1983,1.6162,2.0078,15.6248,128.5,869.0,2.4204,2.8045,5.9641,0.0348,17.9151,15.2278,False,False
8.0,2.5,175.0,26.0,6,16.9071,100.5324,508.5687,5.0588,559.4255,1.2351,2.8075,3.6042,18.821,191.5,995.0,3.6306,4.2068,8.3498,0.0521,17.9151,15.2278,False,False
8.0,2.5,175.0,26.0,8,16.9071,136.3623,693.5027,5.0857,762.853,1.2539,3.9946,5.2129,20.4831,254.5,1121.0,4.8408,5.609,10.7354,0.0695,17.9151,15.2278,False,False
8.0,2.5,175.0,26.0,10,16.9071,172.1922,878.4368,5.1015,966.2805,1.2649,5.1765,6.8196,21.4791,317.5,1247.0,6.051,7.0113,13.1211,0.0869,17.9151,15.2278,False,False
8.0,2.5,175.0,26.0,12,16.9071,208.0222,1063.3709,5.1118,1169.708,1.2725,6.36,8.433,22.163,380.5,1373.0,7.2611,8.4135,15.5067,0.1043,17.9151,15.2278,False,False
8.0,2.5,175.0,26.0,16,16.9071,279.6821,1433.239,5.1245,1576.5629,1.2817,8.7212,11.6545,22.5425,517.0,1646.0,9.6815,11.218,21.4708,0.139,17.9151,15.2278,False,False
8.0,3.0,175.0,18.0,4,16.9071,35.72,233.105,6.5259,256.4155,1.2196,1.2288,1.5559,12.5476,124.0,860.0,2.1411,2.602,5.7256,0.0291,18.9744,16.1282,False,False
8.0,3.0,175.0,18.0,6,16.9071,54.9885,366.3078,6.6615,402.9386,1.2745,2.1851,2.9024,15.2758,190.0,992.0,3.2116,3.903,8.5883,0.0436,18.9744,16.1282,False,False
8.0,3.0,175.0,18.0,8,16.9071,74.257,499.5106,6.7268,549.4617,1.303,3.1324,4.2614,17.3934,245.0,1102.0,4.2821,5.204,10.0197,0.0581,18.9744,16.1282,False,True
8.0,3.0,175.0,18.0,10,16.9071,93.5256,632.7135,6.7651,695.9848,1.3209,4.0791,5.6312,18.1069,311.0,1234.0,5.3526,6.505,12.8825,0.0727,18.9744,16.1282,False,True
8.0,3.0,175.0,18.0,12,16.9071,112.7941,765.9163,6.7904,842.5079,1.3329,5.02,6.9981,19.1205,366.0,1344.0,6.4232,7.806,14.3139,0.0872,18.9744,16.1282,False,True
8.0,3.0,175.0,18.0,16,16.9071,151.3312,1032.3219,6.8216,1135.5541,1.3475,6.9022,9.7358,19.9915,487.0,1586.0,8.5642,10.408,18.608,0.1163,18.9744,16.1282,False,True
8.0,3.0,175.0,22.0,4,16.9071,46.4117,278.6895,6.0047,306.5585,1.2241,1.4901,1.8945,14.0335,135.0,882.0,2.5228,2.9837,7.1569,0.0354,18.9744,16.1282,False,False
8.0,3.0,175.0,22.0,6,16.9071,71.7898,437.9407,6.1003,481.7348,1.2702,2.596,3.4355,18.0816,190.0,992.0,3.7841,4.4755,8.5883,0.0531,18.9744,16.1282,False,False
8.0,3.0,175.0,22.0,8,16.9071,97.1679,597.1918,6.146,656.911,1.294,3.6966,4.9913,19.4972,256.0,1124.0,5.0455,5.9674,11.4511,0.0708,18.9744,16.1282,False,False
8.0,3.0,175.0,22.0,10,16.9071,122.546,756.443,6.1727,832.0873,1.3082,4.7957,6.5521,20.3483,322.0,1256.0,6.3069,7.4592,14.3139,0.0885,18.9744,16.1282,False,True
8.0,3.0,175.0,22.0,12,16.9071,147.9241,915.6942,6.1903,1007.2636,1.3179,5.8888,8.1097,20.9012,388.0,1388.0,7.5683,8.9511,17.1767,0.1062,18.9744,16.1282,False,True
8.0,3.0,175.0,22.0,16,16.9071,198.6804,1234.1965,6.212,1357.6161,1.3303,8.0825,11.2439,22.0902,509.0,1630.0,10.091,11.9348,21.4708,0.1416,18.9744,16.1282,False,True
8.0,3.0,175.0,26.0,4,16.9071,67.2389,324.6963,4.829,357.1659,1.1901,1.5811,1.9495,14.4407,135.0,882.0,2.9045,3.3654,7.1569,0.0417,18.9744,16.1282,False,False
8.0,3.0,175.0,26.0,6,16.9071,104.5182,510.237,4.8818,561.2607,1.2261,2.7567,3.5109,17.4669,201.0,1014.0,4.3567,5.0481,10.0197,0.0626,18.9744,16.1282,False,False
8.0,3.0,175.0,26.0,8,16.9071,141.7976,695.7777,4.9068,765.3555,1.2444,3.9281,5.0839,19.0408,267.0,1146.0,5.8089,6.7308,12.8825,0.0834,18.9744,16.1282,False,False
8.0,3.0,175.0,26.0,10,16.9071,179.0769,881.3184,4.9215,969.4503,1.2551,5.0942,6.6547,19.9842,333.0,1278.0,7.2611,8.4135,15.7453,0.1043,18.9744,16.1282,False,False
8.0,3.0,175.0,26.0,12,16.9071,216.3563,1066.8591,4.931,1173.5451,1.2625,6.2618,8.2321,20.6318,399.0,1410.0,8.7134,10.0962,18.608,0.1251,18.9744,16.1282,False,False
8.0,3.0,175.0,26.0,16,16.9071,290.915,1437.9406,4.9428,1581.7346,1.2715,8.5912,11.3815,20.999,542.0,1696.0,11.6178,13.4616,25.765,0.1668,18.9744,16.1282,False,False
8.0,4.0,175.0,18.0,4,16.9071,38.5467,234.6992,6.0887,258.1691,1.2069,1.1967,1.4982,11.0162,136.0,884.0,2.8547,3.4693,7.6341,0.0388,20.6379,17.5422,True,False
8.0,4.0,175.0,18.0,6,16.9071,59.4305,368.813,6.2058,405.6943,1.2595,2.1386,2.8042,13.4818,208.0,1028.0,4.2821,5.204,11.4511,0.0581,20.6379,17.5422,True,False
8.0,4.0,175.0,18.0,8,16.9071,80.3144,502.9268,6.262,553.2195,1.2868,3.0751,4.1269,15.399,268.0,1148.0,5.7095,6.9387,13.3596,0.0775,20.6379,17.5422,True,False
8.0,4.0,175.0,18.0,10,16.9071,101.1982,637.0407,6.295,700.7447,1.3038,4.006,5.4533,16.0392,340.0,1292.0,7.1368,8.6733,17.1767,0.0969,20.6379,17.5422,True,True
8.0,4.0,175.0,18.0,12,16.9071,122.082,771.1545,6.3167,848.2699,1.3153,4.9374,6.7851,16.9627,400.0,1412.0,8.5642,10.408,19.0852,0.1163,20.6379,17.5422,True,True
8.0,4.0,175.0,18.0,16,16.9071,163.8497,1039.3821,6.3435,1143.3204,1.3297,6.7976,9.4519,17.7668,532.0,1676.0,11.4189,13.8773,24.8107,0.155,20.6379,17.5422,True,True
8.0,4.0,175.0,22.0,4,16.9071,50.1525,280.5916,5.5948,308.6508,1.2097,1.445,1.8136,12.2541,148.0,908.0,3.3637,3.9783,9.5426,0.0472,20.6379,17.5422,True,False
8.0,4.0,175.0,22.0,6,16.9071,77.6682,440.9297,5.6771,485.0227,1.2538,2.5321,3.3042,15.8856,208.0,1028.0,5.0455,5.9674,11.4511,0.0708,20.6379,17.5422,True,False
8.0,4.0,175.0,22.0,8,16.9071,105.1839,601.2678,5.7163,661.3946,1.2766,3.6137,4.8083,17.1726,280.0,1172.0,6.7273,7.9565,15.2681,0.0944,20.6379,17.5422,True,False
8.0,4.0,175.0,22.0,10,16.9071,132.6996,761.6059,5.7393,837.7665,1.2902,4.6881,6.3096,17.925,352.0,1316.0,8.4092,9.9457,19.0852,0.118,20.6379,17.5422,True,False
8.0,4.0,175.0,22.0,12,16.9071,160.2153,921.944,5.7544,1014.1384,1.2993,5.7676,7.8221,18.4484,424.0,1460.0,10.091,11.9348,22.9022,0.1416,20.6379,17.5422,True,False
8.0,4.0,175.0,22.0,16,16.9071,215.2468,1242.6201,5.773,1366.8821,1.3107,7.9187,10.8411,19.4983,556.0,1724.0,13.4547,15.9131,28.6278,0.1887,20.6379,17.5422,True,True
8.0,4.0,175.0,26.0,4,16.9071,71.9249,326.016,4.5327,358.6176,1.1748,1.5083,1.8337,12.3901,148.0,908.0,3.8726,4.4872,9.5426,0.0556,20.6379,17.5422,True,False
8.0,4.0,175.0,26.0,6,16.9071,111.882,512.3108,4.579,563.5419,1.2094,2.651,3.3265,15.1203,220.0,1052.0,5.8089,6.7308,13.3596,0.0834,20.6379,17.5422,True,False
8.0,4.0,175.0,26.0,8,16.9071,151.8391,698.6057,4.601,768.4662,1.2266,3.7882,4.8268,16.5302,292.0,1196.0,7.7452,8.9744,17.1767,0.1112,20.6379,17.5422,True,False
8.0,4.0,175.0,26.0,10,16.9071,191.7962,884.9005,4.6138,973.3906,1.2372,4.9223,6.3308,17.3923,364.0,1340.0,9.6815,11.218,20.9937,0.139,20.6379,17.5422,True,False
8.0,4.0,175.0,26.0,12,16.9071,231.7533,1071.1953,4.6221,1178.3149,1.2439,6.0531,7.8308,17.4795,448.0,1508.0,11.6178,13.4616,26.7192,0.1668,20.6379,17.5422,True,False
8.0,4.0,175.0,26.0,16,16.9071,311.6675,1443.785,4.6325,1588.1635,1.2528,8.3194,10.8467,18.3221,592.0,1796.0,15.4904,17.9488,34.3533,0.2225,20.6379,17.5422,True,False
10.0,1.5,175.0,18.0,4,20.62,35.2896,188.0574,5.329,206.8631,1.1518,1.1717,1.3941,10.8912,128.0,876.0,1.0705,1.301,2.8628,0.0145,17.1594,14.5855,False,False
10.0,1.5,175.0,18.0,6,20.62,54.3123,295.5187,5.4411,325.0706,1.2091,2.2617,2.8371,14.4017,197.0,1014.0,1.6058,1.9515,4.2942,0.0218,17.1594,14.5855,False,False
10.0,1.5,175.0,18.0,8,20.62,73.3349,402.9801,5.4951,443.2781,1.2393,3.3346,4.2967,16.8828,254.5,1129.0,2.1411,2.602,5.0099,0.0291,17.1594,14.5855,False,False
10.0,1.5,175.0,18.0,10,20.62,92.3576,510.4415,5.5268,561.4856,1.258,4.402,5.765,17.8208,323.5,1267.0,2.6763,3.2525,6.4412,0.0363,17.1594,14.5855,False,False
10.0,1.5,175.0,18.0,12,20.62,111.3802,617.9028,5.5477,679.6931,1.2701,5.4644,7.2308,18.9785,381.0,1382.0,3.2116,3.903,7.1569,0.0436,17.1594,14.5855,False,False
10.0,1.5,175.0,18.0,16,20.62,149.4255,832.8255,5.5735,916.1081,1.2866,7.5877,10.1817,20.0624,507.5,1635.0,4.2821,5.204,9.304,0.0581,17.1594,14.5855,False,False
10.0,1.5,175.0,22.0,4,20.62,45.2581,224.7055,4.965,247.176,1.1592,1.4497,1.7369,12.4505,139.5,899.0,1.2614,1.4918,3.5785,0.0177,17.1594,14.5855,False,False
10.0,1.5,175.0,22.0,6,20.62,69.9769,353.1086,5.0461,388.4195,1.2078,2.6975,3.3798,17.1564,197.0,1014.0,1.8921,2.2378,4.2942,0.0265,17.1594,14.5855,False,False
10.0,1.5,175.0,22.0,8,20.62,94.6958,481.5118,5.0848,529.6629,1.2328,3.9308,5.036,18.9321,266.0,1152.0,2.5228,2.9837,5.7256,0.0354,17.1594,14.5855,False,False
10.0,1.5,175.0,22.0,10,20.62,119.4147,609.9149,5.1075,670.9064,1.2484,5.1614,6.7034,20.0101,335.0,1290.0,3.1534,3.7296,7.1569,0.0442,17.1594,14.5855,False,False
10.0,1.5,175.0,22.0,12,20.62,144.1336,738.318,5.1225,812.1498,1.2587,6.3894,8.3727,20.7246,404.0,1428.0,3.7841,4.4755,8.5883,0.0531,17.1594,14.5855,False,False
10.0,1.5,175.0,22.0,16,20.62,193.5714,995.1243,5.1409,1094.6367,1.2714,8.84,11.7105,22.0744,530.5,1681.0,5.0455,5.9674,10.7354,0.0708,17.1594,14.5855,False,False
10.0,1.5,175.0,26.0,4,20.62,63.5837,261.1885,4.1078,287.3073,1.1314,1.4838,1.7313,12.4107,139.5,899.0,1.4522,1.6827,3.5785,0.0209,17.1594,14.5855,False,False
10.0,1.5,175.0,26.0,6,20.62,98.7744,410.4391,4.1553,451.483,1.1697,2.7778,3.3611,16.1204,208.5,1037.0,2.1783,2.5241,5.0099,0.0313,17.1594,14.5855,False,False
10.0,1.5,175.0,26.0,8,20.62,133.9651,559.6896,4.1779,615.6586,1.1891,4.0585,4.9995,18.0163,277.5,1175.0,2.9045,3.3654,6.4412,0.0417,17.1594,14.5855,False,False
10.0,1.5,175.0,26.0,10,20.62,169.1558,708.9402,4.191,779.8342,1.201,5.338,6.6474,19.1843,346.5,1313.0,3.6306,4.2068,7.8726,0.0521,17.1594,14.5855,False,False
10.0,1.5,175.0,26.0,12,20.62,204.3465,858.1908,4.1997,944.0098,1.2089,6.614,8.2955,19.4275,427.0,1474.0,4.3567,5.0481,10.0197,0.0626,17.1594,14.5855,False,False
10.0,1.5,175.0,26.0,16,20.62,274.7279,1156.6919,4.2103,1272.3611,1.2188,9.1613,11.5925,20.5178,565.0,1750.0,5.8089,6.7308,12.8825,0.0834,17.1594,14.5855,False,False
10.0,2.0,175.0,18.0,4,20.62,36.7432,189.4454,5.1559,208.39,1.146,1.1508,1.3617,10.1617,134.0,888.0,1.4274,1.7347,3.817,0.0194,18.6643,15.8647,False,False
10.0,2.0,175.0,18.0,6,20.62,56.5964,297.7,5.2601,327.47,1.2019,2.2325,2.7823,13.5062,206.0,1032.0,2.1411,2.602,5.7256,0.0291,18.6643,15.8647,False,False
10.0,2.0,175.0,18.0,8,20.62,76.4496,405.9545,5.3101,446.55,1.2313,3.2979,4.2196,15.863,266.0,1152.0,2.8547,3.4693,6.6798,0.0388,18.6643,15.8647,False,False
10.0,2.0,175.0,18.0,10,20.62,96.3029,514.209,5.3395,565.63,1.2495,4.3578,5.6651,16.7608,338.0,1296.0,3.5684,4.3367,8.5883,0.0484,18.6643,15.8647,False,False
10.0,2.0,175.0,18.0,12,20.62,116.1561,622.4636,5.3589,684.7099,1.262,5.4168,7.1183,17.8851,398.0,1416.0,4.2821,5.204,9.5426,0.0581,18.6643,15.8647,False,False
10.0,2.0,175.0,18.0,16,20.62,155.8626,838.9727,5.3828,922.8699,1.2776,7.5221,10.0175,18.901,530.0,1680.0,5.7095,6.9387,12.4054,0.0775,18.6643,15.8647,False,False
10.0,2.0,175.0,22.0,4,20.62,47.2654,226.1532,4.7848,248.7686,1.1519,1.4159,1.6849,11.5403,146.0,912.0,1.6818,1.9891,4.7713,0.0236,18.6643,15.8647,False,False
10.0,2.0,175.0,22.0,6,20.62,73.1313,355.3836,4.8595,390.922,1.1993,2.6495,3.2944,15.9923,206.0,1032.0,2.5228,2.9837,5.7256,0.0354,18.6643,15.8647,False,False
10.0,2.0,175.0,22.0,8,20.62,98.9973,484.6141,4.8952,533.0755,1.2233,3.8702,4.9171,17.6874,278.0,1176.0,3.3637,3.9783,7.6341,0.0472,18.6643,15.8647,False,False
10.0,2.0,175.0,22.0,10,20.62,124.8632,613.8445,4.9161,675.2289,1.2385,5.082,6.5435,18.6956,350.0,1320.0,4.2046,4.9728,9.5426,0.059,18.6643,15.8647,False,False
10.0,2.0,175.0,22.0,12,20.62,150.7292,743.0749,4.9299,817.3824,1.2485,6.2974,8.1797,19.3831,422.0,1464.0,5.0455,5.9674,11.4511,0.0708,18.6643,15.8647,False,False
10.0,2.0,175.0,22.0,16,20.62,202.4611,1001.5357,4.9468,1101.6893,1.2612,8.7145,11.4437,20.2185,566.0,1752.0,6.7273,7.9565,15.2681,0.0944,18.6643,15.8647,False,False
10.0,2.0,175.0,26.0,4,20.62,66.2622,262.7821,3.9658,289.0603,1.1236,1.4291,1.6549,11.3348,146.0,912.0,1.9363,2.2436,4.7713,0.0278,18.6643,15.8647,False,False
10.0,2.0,175.0,26.0,6,20.62,102.9835,412.9432,4.0098,454.2376,1.1605,2.6968,3.2351,14.84,218.0,1056.0,2.9045,3.3654,6.6798,0.0417,18.6643,15.8647,False,False
10.0,2.0,175.0,26.0,8,20.62,139.7047,563.1044,4.0307,619.4148,1.1793,3.9534,4.8266,16.6433,290.0,1200.0,3.8726,4.4872,8.5883,0.0556,18.6643,15.8647,False,False
10.0,2.0,175.0,26.0,10,20.62,176.426,713.2656,4.0429,784.5921,1.1909,5.2087,6.427,17.1844,374.0,1368.0,4.8408,5.609,11.4511,0.0695,18.6643,15.8647,False,False
10.0,2.0,175.0,26.0,12,20.62,213.1472,863.4268,4.0508,949.7694,1.1986,6.4605,8.0276,17.999,446.0,1512.0,5.8089,6.7308,13.3596,0.0834,18.6643,15.8647,False,False
10.0,2.0,175.0,26.0,16,20.62,286.5897,1163.7491,4.0607,1280.124,1.2082,8.9591,11.2291,19.0323,590.0,1800.0,7.7452,8.9744,17.1767,0.1112,18.6643,15.8647,False,False
10.0,2.5,175.0,18.0,4,20.62,38.1696,190.6855,4.9957,209.7541,1.1406,1.1296,1.3297,9.4976,140.0,900.0,1.7842,2.1683,4.7713,0.0242,19.887,16.9039,False,False
10.0,2.5,175.0,18.0,6,20.62,58.838,299.6487,5.0928,329.6136,1.1954,2.2044,2.7311,12.7028,215.0,1050.0,2.6763,3.2525,7.1569,0.0363,19.887,16.9039,False,False
10.0,2.5,175.0,18.0,8,20.62,79.5063,408.6119,5.1394,449.4731,1.2241,3.2628,4.1483,14.9487,277.5,1175.0,3.5684,4.3367,8.3498,0.0484,19.887,16.9039,False,False
10.0,2.5,175.0,18.0,10,20.62,100.1747,517.5751,5.1667,569.3326,1.2419,4.3156,5.5733,15.8107,352.5,1325.0,4.4605,5.4208,10.7354,0.0606,19.887,16.9039,False,False
10.0,2.5,175.0,18.0,12,20.62,120.843,626.5382,5.1847,689.192,1.2537,5.3618,6.9958,16.8575,415.0,1450.0,5.3526,6.505,11.9282,0.0727,19.887,16.9039,False,False
10.0,2.5,175.0,18.0,16,20.62,162.1797,844.4646,5.207,928.911,1.2689,7.457,9.8575,17.8417,552.5,1725.0,7.1368,8.6733,15.5067,0.0969,19.887,16.9039,False,False
10.0,2.5,175.0,22.0,4,20.62,48.9879,227.1664,4.6372,249.883,1.1455,1.3816,1.634,10.7146,152.5,925.0,2.1023,2.4864,5.9641,0.0295,19.887,16.9039,False,False
10.0,2.5,175.0,22.0,6,20.62,75.8382,356.9758,4.7071,392.6734,1.1916,2.6002,3.2104,14.1116,227.5,1075.0,3.1534,3.7296,8.3498,0.0442,19.887,16.9039,False,False
10.0,2.5,175.0,22.0,8,20.62,102.6885,486.7852,4.7404,535.4637,1.2154,3.8059,4.8012,16.5557,290.0,1200.0,4.2046,4.9728,9.5426,0.059,19.887,16.9039,False,False
10.0,2.5,175.0,22.0,10,20.62,129.5387,616.5945,4.7599,678.254,1.2298,5.0058,6.3963,17.5241,365.0,1350.0,5.2557,6.216,11.9282,0.0737,19.887,16.9039,False,False
10.0,2.5,175.0,22.0,12,20.62,156.389,746.4039,4.7727,821.0443,1.2399,6.2091,8.0049,18.1929,440.0,1500.0,6.3069,7.4592,14.3139,0.0885,19.887,16.9039,False,False
10.0,2.5,175.0,22.0,16,20.62,210.0895,1006.0227,4.7885,1106.6249,1.2519,8.5969,11.1993,18.9818,590.0,1800.0,8.4092,9.9457,19.0852,0.118,19.887,16.9039,False,False
10.0,2.5,175.0,26.0,4,20.62,68.6423,263.7109,3.8418,290.082,1.116,1.3709,1.5757,10.3324,152.5,925.0,2.4204,2.8045,5.9641,0.0348,19.887,16.9039,False,False
10.0,2.5,175.0,26.0,6,20.62,106.7237,414.4028,3.883,455.8431,1.1523,2.614,3.1115,13.6771,227.5,1075.0,3.6306,4.2068,8.3498,0.0521,19.887,16.9039,False,False
10.0,2.5,175.0,26.0,8,20.62,144.805,565.0947,3.9025,621.6042,1.1704,3.8431,4.6532,15.3826,302.5,1225.0,4.8408,5.609,10.7354,0.0695,19.887,16.9039,False,False
10.0,2.5,175.0,26.0,10,20.62,182.8863,715.7866,3.9138,787.3653,1.1817,5.0727,6.2067,15.9145,390.0,1400.0,6.051,7.0113,14.3139,0.0869,19.887,16.9039,False,False
10.0,2.5,175.0,26.0,12,20.62,220.9677,866.4786,3.9213,953.1264,1.1892,6.2988,7.7601,16.6884,465.0,1550.0,7.2611,8.4135,16.6995,0.1043,19.887,16.9039,False,False
10.0,2.5,175.0,26.0,16,20.62,297.1303,1167.8624,3.9305,1284.6487,1.1985,8.7385,10.8578,17.6549,615.0,1850.0,9.6815,11.218,21.4708,0.139,19.887,16.9039,False,False
10.0,3.0,175.0,18.0,4,20.62,39.5077,191.4016,4.8447,210.5418,1.1348,1.1015,1.2894,8.8318,146.0,912.0,2.1411,2.602,5.7256,0.0291,21.073,17.912,False,False
10.0,3.0,175.0,18.0,6,20.62,60.9407,300.774,4.9355,330.8514,1.1883,2.165,2.665,11.8974,224.0,1068.0,3.2116,3.903,8.5883,0.0436,21.073,17.912,False,False
10.0,3.0,175.0,18.0,8,20.62,82.3737,410.1463,4.9791,451.1609,1.2164,3.21,4.0533,14.0251,289.0,1198.0,4.2821,5.204,10.0197,0.0581,21.073,17.912,False,False
10.0,3.0,175.0,18.0,10,20.62,103.8067,519.5187,5.0047,571.4705,1.2335,4.2498,5.4478,14.8442,367.0,1354.0,5.3526,6.505,12.8825,0.0727,21.073,17.912,False,False
10.0,3.0,175.0,18.0,12,20.62,125.2396,628.891,5.0215,691.7801,1.2454,5.2898,6.8521,15.8613,432.0,1484.0,6.4232,7.806,14.3139,0.0872,21.073,17.912,False,False
10.0,3.0,175.0,18.0,16,20.62,168.1056,847.6357,5.0423,932.3993,1.2602,7.363,9.661,16.8018,575.0,1770.0,8.5642,10.408,18.608,0.1163,21.073,17.912,False,False
10.0,3.0,175.0,22.0,4,20.62,50.6039,227.866,4.5029,250.6526,1.1394,1.3459,1.5825,9.9526,159.0,938.0,2.5228,2.9837,7.1569,0.0354,21.073,17.912,False,False
10.0,3.0,175.0,22.0,6,20.62,78.3776,358.0751,4.5686,393.8826,1.1844,2.5489,3.1265,13.192,237.0,1094.0,3.7841,4.4755,10.0197,0.0531,21.073,17.912,False,False
10.0,3.0,175.0,22.0,8,20.62,106.1513,488.2842,4.5999,537.1126,1.2077,3.7399,4.6856,15.5153,302.0,1224.0,5.0455,5.9674,11.4511,0.0708,21.073,17.912,False,False
10.0,3.0,175.0,22.0,10,20.62,133.925,618.4933,4.6182,680.3427,1.2219,4.9248,6.2488,16.4442,380.0,1380.0,6.3069,7.4592,14.3139,0.0885,21.073,17.912,False,False
10.0,3.0,175.0,22.0,12,20.62,161.6987,748.7025,4.6302,823.5727,1.2314,6.1096,7.818,17.0698,458.0,1536.0,7.5683,8.9511,17.1767,0.1062,21.073,17.912,False,False
10.0,3.0,175.0,22.0,16,20.62,217.246,1009.1207,4.6451,1110.0328,1.2435,8.4709,10.955,17.8419,614.0,1848.0,10.091,11.9348,22.9022,0.1416,21.073,17.912,False,False
10.0,3.0,175.0,26.0,4,20.62,70.9192,264.7316,3.7329,291.2048,1.1091,1.316,1.5023,9.4483,159.0,938.0,2.9045,3.3654,7.1569,0.0417,21.073,17.912,False,False
10.0,3.0,175.0,26.0,6,20.62,110.3017,416.0068,3.7715,457.6075,1.1444,2.5337,2.9936,12.6311,237.0,1094.0,4.3567,5.0481,10.0197,0.0626,21.073,17.912,False,False
10.0,3.0,175.0,26.0,8,20.62,149.6841,567.282,3.7899,624.0102,1.1624,3.7414,4.4964,14.2743,315.0,1250.0,5.8089,6.7308,12.8825,0.0834,21.073,17.912,False,False
10.0,3.0,175.0,26.0,10,20.62,189.0665,718.5572,3.8006,790.4129,1.1732,4.9451,6.003,14.7856,406.0,1432.0,7.2611,8.4135,17.1767,0.1043,21.073,17.912,False,False
10.0,3.0,175.0,26.0,12,20.62,228.449,869.8324,3.8076,956.8156,1.1802,6.1376,7.4991,15.4939,484.0,1588.0,8.7134,10.0962,20.0394,0.1251,21.073,17.912,False,False
10.0,3.0,175.0,26.0,16,20.62,307.2138,1172.3828,3.8162,1289.621,1.1893,8.5332,10.5137,16.4276,640.0,1900.0,11.6178,13.4616,25.765,0.1668,21.073,17.912,False,False
10.0,4.0,175.0,18.0,4,20.62,42.1547,193.0335,4.5792,212.3368,1.1241,1.0489,1.2153,7.6915,158.0,936.0,2.8547,3.4693,7.6341,0.0388,22.9893,19.5409,False,False
10.0,4.0,175.0,18.0,6,20.62,65.1003,303.3383,4.6596,333.6721,1.1755,2.0909,2.5437,10.5112,242.0,1104.0,4.2821,5.204,11.4511,0.0581,22.9893,19.5409,False,False
10.0,4.0,175.0,18.0,8,20.62,88.0459,413.6431,4.698,455.0074,1.2023,3.1166,3.8856,12.4537,312.0,1244.0,5.7095,6.9387,13.3596,0.0775,22.9893,19.5409,False,False
10.0,4.0,175.0,18.0,10,20.62,110.9914,523.9479,4.7206,576.3427,1.2186,4.1364,5.233,13.2146,396.0,1412.0,7.1368,8.6733,17.1767,0.0969,22.9893,19.5409,False,False
10.0,4.0,175.0,18.0,12,20.62,133.937,634.2528,4.7355,697.678,1.23,5.1521,6.5843,14.1293,466.0,1552.0,8.5642,10.408,19.0852,0.1163,22.9893,19.5409,False,False
10.0,4.0,175.0,18.0,16,20.62,179.8281,854.8624,4.7538,940.3487,1.2445,7.1819,9.2962,14.6628,634.0,1888.0,11.4189,13.8773,26.7192,0.155,22.9893,19.5409,False,False
10.0,4.0,175.0,22.0,4,20.62,54.0757,229.7944,4.2495,252.7738,1.1268,1.2724,1.4781,8.5934,172.0,964.0,3.3637,3.9783,9.5426,0.0472,22.9893,19.5409,False,False
10.0,4.0,175.0,22.0,6,20.62,83.8333,361.1055,4.3074,397.216,1.1701,2.4447,2.9592,11.5593,256.0,1132.0,5.0455,5.9674,13.3596,0.0708,22.9893,19.5409,False,False
10.0,4.0,175.0,22.0,8,20.62,113.5909,492.4166,4.335,541.6582,1.1924,3.6057,4.4552,13.6663,326.0,1272.0,6.7273,7.9565,15.2681,0.0944,22.9893,19.5409,False,False
10.0,4.0,175.0,22.0,10,20.62,143.3484,623.7277,4.3511,686.1004,1.2059,4.7604,5.9546,14.5235,410.0,1440.0,8.4092,9.9457,19.0852,0.118,22.9893,19.5409,False,False
10.0,4.0,175.0,22.0,12,20.62,173.106,755.0387,4.3617,830.5426,1.2151,5.9117,7.4556,15.0923,494.0,1608.0,10.091,11.9348,22.9022,0.1416,22.9893,19.5409,False,False
10.0,4.0,175.0,22.0,16,20.62,232.6211,1017.6609,4.3748,1119.427,1.2266,8.2155,10.4678,15.8124,662.0,1944.0,13.4547,15.9131,30.5363,0.1887,22.9893,19.5409,False,False
10.0,4.0,175.0,26.0,4,20.62,75.0628,266.0759,3.5447,292.6835,1.0967,1.209,1.3634,7.9265,172.0,964.0,3.8726,4.4872,9.5426,0.0556,22.9893,19.5409,False,False
10.0,4.0,175.0,26.0,6,20.62,116.8129,418.1193,3.5794,459.9313,1.1306,2.376,2.7701,10.8205,256.0,1132.0,5.8089,6.7308,13.3596,0.0834,22.9893,19.5409,False,False
10.0,4.0,175.0,26.0,8,20.62,158.563,570.1627,3.5958,627.179,1.1474,3.5282,4.1804,11.809,354.0,1328.0,7.7452,8.9744,19.0852,0.1112,22.9893,19.5409,False,False
10.0,4.0,175.0,26.0,10,20.62,200.3132,722.2061,3.6054,794.4267,1.1577,4.6811,5.601,12.7877,438.0,1496.0,9.6815,11.218,22.9022,0.139,22.9893,19.5409,False,False
10.0,4.0,175.0,26.0,12,20.62,242.0633,874.2495,3.6117,961.6745,1.1648,5.8286,7.0202,13.4486,522.0,1664.0,11.6178,13.4616,26.7192,0.1668,22.9893,19.5409,False,False
10.0,4.0,175.0,26.0,16,20.62,325.5636,1178.3363,3.6194,1296.17,1.1732,8.1201,9.8575,14.2863,690.0,2000.0,15.4904,17.9488,34.3533,0.2225,22.9893,19.5409,False,False
3.0,1.5,200.0,18.0,4,7.2644,19.2704,761.722,39.5281,837.8942,1.5845,1.123,1.8844,36.9485,51.0,694.0,1.3568,1.6483,3.817,0.0246,9.6538,8.2057,True,True
3.0,1.5,200.0,18.0,6,7.2644,29.1392,1196.9917,41.0784,1316.6908,1.6202,1.7936,3.0819,41.9302,73.5,739.0,2.0352,2.4725,4.7713,0.037,9.6538,8.2057,True,True
3.0,1.5,200.0,18.0,8,7.2644,39.008,1632.2614,41.8443,1795.4875,1.6366,2.4621,4.2757,42.5447,100.5,793.0,2.7136,3.2967,6.6798,0.0493,9.6538,8.2057,True,True
3.0,1.5,200.0,18.0,10,7.2644,48.8768,2067.5311,42.3009,2274.2842,1.6468,3.131,5.4737,44.5018,123.0,838.0,3.392,4.1209,7.6341,0.0616,9.6538,8.2057,True,True
3.0,1.5,200.0,18.0,12,7.2644,58.7456,2502.8007,42.604,2753.0808,1.6542,3.8006,6.676,45.8831,145.5,883.0,4.0704,4.945,8.5883,0.0739,9.6538,8.2057,True,True
3.0,1.5,200.0,18.0,16,7.2644,78.4832,3373.3401,42.9817,3710.6742,1.662,5.1368,9.068,46.5027,195.0,982.0,5.4272,6.5934,11.4511,0.0986,9.6538,8.2057,True,True
3.0,1.5,200.0,22.0,4,7.2644,26.3218,924.2024,35.1116,1016.6226,1.5918,1.368,2.3067,45.2299,51.0,694.0,1.6113,1.9028,3.817,0.0301,9.6538,8.2057,True,True
3.0,1.5,200.0,22.0,6,7.2644,40.22,1452.318,36.1093,1597.5498,1.6212,2.1781,3.7448,48.0105,78.0,748.0,2.4169,2.8542,5.7256,0.0451,9.6538,8.2057,True,True
3.0,1.5,200.0,22.0,8,7.2644,54.1182,1980.4337,36.5946,2178.477,1.6352,2.987,5.1829,49.3606,105.0,802.0,3.2225,3.8056,7.6341,0.0601,9.6538,8.2057,True,True
3.0,1.5,200.0,22.0,10,7.2644,68.0164,2508.5493,36.8815,2759.4043,1.643,3.795,6.6183,51.9085,127.5,847.0,4.0282,4.757,8.5883,0.0751,9.6538,8.2057,True,True
3.0,1.5,200.0,22.0,12,7.2644,81.9146,3036.665,37.0711,3340.3315,1.6488,4.6039,8.0588,52.1604,154.5,901.0,4.8338,5.7085,10.4968,0.0902,9.6538,8.2057,True,True
3.0,1.5,200.0,22.0,16,7.2644,109.7109,4092.8963,37.3062,4502.1859,1.6563,6.2226,10.9449,53.6514,204.0,1000.0,6.4451,7.6113,13.3596,0.1202,9.6538,8.2057,True,True
3.0,1.5,200.0,26.0,4,7.2644,43.4439,1086.577,25.0111,1195.2347,1.5727,1.5959,2.6565,47.8651,55.5,703.0,1.8657,2.1573,4.7713,0.0355,9.6538,8.2057,True,True
3.0,1.5,200.0,26.0,6,7.2644,67.1261,1707.4782,25.4369,1878.226,1.5961,2.5376,4.2912,52.0145,82.5,757.0,2.7986,3.2359,6.6798,0.0532,9.6538,8.2057,True,True
3.0,1.5,200.0,26.0,8,7.2644,90.8083,2328.3793,25.6406,2561.2173,1.6076,3.4767,5.9243,54.1035,109.5,811.0,3.7315,4.3146,8.5883,0.0709,9.6538,8.2057,True,True
3.0,1.5,200.0,26.0,10,7.2644,114.4905,2949.2805,25.76,3244.2086,1.6152,4.4183,7.5664,55.4317,136.5,865.0,4.6644,5.3932,10.4968,0.0886,9.6538,8.2057,True,True
3.0,1.5,200.0,26.0,12,7.2644,138.1727,3570.1817,25.8385,3927.1998,1.6195,5.3583,9.2027,56.2858,163.5,919.0,5.5972,6.4719,12.4054,0.1064,9.6538,8.2057,True,True
3.0,1.5,200.0,26.0,16,7.2644,185.5371,4811.984,25.9354,5293.1824,1.6254,7.2402,12.4823,57.39,217.5,1027.0,7.463,8.6291,16.2224,0.1418,9.6538,8.2057,True,True
3.0,2.0,200.0,18.0,4,7.2644,22.1914,764.438,34.4475,840.8818,1.5747,1.122,1.8703,32.8125,57.0,706.0,1.8091,2.1978,5.0894,0.0329,10.3184,8.7706,True,True
3.0,2.0,200.0,18.0,6,7.2644,33.7293,1201.2597,35.6147,1321.3857,1.6096,1.7926,3.0586,37.2998,82.0,756.0,2.7136,3.2967,6.3617,0.0493,10.3184,8.7706,True,True
3.0,2.0,200.0,18.0,8,7.2644,45.2672,1638.0815,36.1869,1801.8896,1.6264,2.463,4.249,37.9377,112.0,816.0,3.6181,4.3956,8.9064,0.0657,10.3184,8.7706,True,True
3.0,2.0,200.0,18.0,10,7.2644,56.8052,2074.9032,36.5267,2282.3935,1.6364,3.1323,5.4393,39.7026,137.0,866.0,4.5227,5.4945,10.1788,0.0821,10.3184,8.7706,True,True
3.0,2.0,200.0,18.0,12,7.2644,68.3431,2511.7249,36.7517,2762.8974,1.6427,3.7994,6.6248,40.8938,162.0,916.0,5.4272,6.5934,11.4511,0.0986,10.3184,8.7706,True,True
3.0,2.0,200.0,18.0,16,7.2644,91.4189,3385.3683,37.0314,3723.9052,1.6521,5.1398,9.0162,41.5493,217.0,1026.0,7.2363,8.7912,15.2681,0.1314,10.3184,8.7706,True,True
3.0,2.0,200.0,22.0,4,7.2644,30.3268,925.9141,30.5312,1018.5055,1.5799,1.3633,2.2804,40.0075,57.0,706.0,2.1484,2.5371,5.0894,0.0401,10.3184,8.7706,True,True
3.0,2.0,200.0,22.0,6,7.2644,46.5136,1455.0078,31.2814,1600.5086,1.6085,2.1712,3.702,42.5523,87.0,766.0,3.2225,3.8056,7.6341,0.0601,10.3184,8.7706,True,True
3.0,2.0,200.0,22.0,8,7.2644,62.7003,1984.1015,31.6442,2182.5117,1.6231,2.981,5.1316,43.8601,117.0,826.0,4.2967,5.0742,10.1788,0.0801,10.3184,8.7706,True,True
3.0,2.0,200.0,22.0,10,7.2644,78.8871,2513.1953,31.8581,2764.5148,1.6316,3.7871,6.5556,46.1662,142.0,876.0,5.3709,6.3427,11.4511,0.1002,10.3184,8.7706,True,True
3.0,2.0,200.0,22.0,12,7.2644,95.0738,3042.289,31.9992,3346.5179,1.6372,4.5946,7.9823,46.4089,172.0,936.0,6.4451,7.6113,13.9958,0.1202,10.3184,8.7706,True,True
3.0,2.0,200.0,22.0,16,7.2644,127.4473,4100.4765,32.1739,4510.5242,1.6436,6.2111,10.8361,47.7363,227.0,1046.0,8.5935,10.1484,17.8128,0.1603,10.3184,8.7706,True,True
3.0,2.0,200.0,26.0,4,7.2644,49.8775,1089.1189,21.8359,1198.0308,1.5579,1.5886,2.6177,42.2217,62.0,716.0,2.4877,2.8764,6.3617,0.0473,10.3184,8.7706,True,True
3.0,2.0,200.0,26.0,6,7.2644,77.2361,1711.4725,22.159,1882.6198,1.5814,2.5269,4.2311,45.9905,92.0,776.0,3.7315,4.3146,8.9064,0.0709,10.3184,8.7706,True,True
3.0,2.0,200.0,26.0,8,7.2644,104.5947,2333.8262,22.313,2567.2088,1.5918,3.4624,5.838,47.8525,122.0,836.0,4.9753,5.7528,11.4511,0.0946,10.3184,8.7706,True,True
3.0,2.0,200.0,26.0,10,7.2644,131.9533,2956.1798,22.4032,3251.7978,1.5991,4.4006,7.4562,49.054,152.0,896.0,6.2191,7.191,13.9958,0.1182,10.3184,8.7706,True,True
3.0,2.0,200.0,26.0,12,7.2644,159.3119,3578.5334,22.4624,3936.3868,1.6033,5.3372,9.0687,49.8278,182.0,956.0,7.463,8.6291,16.5405,0.1418,10.3184,8.7706,True,True
3.0,2.0,200.0,26.0,16,7.2644,214.0291,4823.2407,22.5354,5305.5648,1.609,7.2115,12.2993,50.8235,242.0,1076.0,9.9506,11.5055,21.6299,0.1891,10.3184,8.7706,True,True
3.0,2.5,200.0,18.0,4,7.2644,24.0715,763.737,31.7279,840.1107,1.5684,1.1178,1.8552,29.4476,63.0,718.0,2.2613,2.7472,6.3617,0.0411,10.8045,9.1838,True,True
3.0,2.5,200.0,18.0,6,7.2644,36.6838,1200.1582,32.7163,1320.174,1.6029,1.7862,3.0342,33.527,90.5,773.0,3.392,4.1209,7.9522,0.0616,10.8045,9.1838,True,True
3.0,2.5,200.0,18.0,8,7.2644,49.2961,1636.5793,33.199,1800.2372,1.6195,2.4547,4.2158,34.136,123.5,839.0,4.5227,5.4945,11.133,0.0821,10.8045,9.1838,True,True
3.0,2.5,200.0,18.0,10,7.2644,61.9084,2073.0005,33.485,2280.3005,1.6294,3.1221,5.3969,35.7412,151.0,894.0,5.6533,6.8681,12.7235,0.1027,10.8045,9.1838,True,True
3.0,2.5,200.0,18.0,12,7.2644,74.5206,2509.4216,33.6742,2760.3638,1.6357,3.7867,6.5725,36.8208,178.5,949.0,6.784,8.2417,14.3139,0.1232,10.8045,9.1838,True,True
3.0,2.5,200.0,18.0,16,7.2644,99.7452,3382.2639,33.909,3720.4903,1.645,5.1229,8.9452,37.4275,239.0,1070.0,9.0454,10.989,19.0852,0.1643,10.8045,9.1838,True,True
3.0,2.5,200.0,22.0,4,7.2644,32.9787,926.7032,28.1001,1019.3735,1.5733,1.3614,2.2671,35.9862,63.0,718.0,2.6855,3.1714,6.3617,0.0501,10.8045,9.1838,True,True
3.0,2.5,200.0,22.0,6,7.2644,50.6807,1456.2478,28.7337,1601.8726,1.6016,2.1685,3.6806,38.3395,96.0,784.0,4.0282,4.757,9.5426,0.0751,10.8045,9.1838,True,True
3.0,2.5,200.0,22.0,8,7.2644,68.3828,1985.7925,29.0393,2184.3717,1.6151,2.9747,5.0941,39.489,129.0,850.0,5.3709,6.3427,12.7235,0.1002,10.8045,9.1838,True,True
3.0,2.5,200.0,22.0,10,7.2644,86.0849,2515.3371,29.2193,2766.8708,1.6235,3.7792,6.5076,41.5823,156.5,905.0,6.7136,7.9284,14.3139,0.1252,10.8045,9.1838,True,True
3.0,2.5,200.0,22.0,12,7.2644,103.787,3044.8818,29.3378,3349.37,1.629,4.5852,7.9239,41.8149,189.5,971.0,8.0564,9.5141,17.4947,0.1503,10.8045,9.1838,True,True
3.0,2.5,200.0,22.0,16,7.2644,139.1912,4103.9711,29.4844,4514.3682,1.6354,6.1989,10.7572,43.0287,250.0,1092.0,10.7418,12.6854,22.266,0.2003,10.8045,9.1838,True,True
3.0,2.5,200.0,26.0,4,7.2644,53.886,1088.7867,20.2054,1197.6653,1.5481,1.5803,2.5868,37.7632,68.5,729.0,3.1096,3.5955,7.9522,0.0591,10.8045,9.1838,True,True
3.0,2.5,200.0,26.0,6,7.2644,83.5351,1710.9505,20.4818,1882.0455,1.5713,2.5143,4.1812,41.1945,101.5,795.0,4.6644,5.3932,11.133,0.0886,10.8045,9.1838,True,True
3.0,2.5,200.0,26.0,8,7.2644,113.1842,2333.1143,20.6134,2566.4257,1.583,3.449,5.7813,42.9834,134.5,861.0,6.2191,7.191,14.3139,0.1182,10.8045,9.1838,True,True
3.0,2.5,200.0,26.0,10,7.2644,142.8333,2955.2781,20.6904,3250.8059,1.5886,4.3798,7.3692,43.995,167.5,927.0,7.7739,8.9887,17.4947,0.1477,10.8045,9.1838,True,True
3.0,2.5,200.0,26.0,12,7.2644,172.4824,3577.4419,20.7409,3935.1861,1.5927,5.3118,8.9622,44.6994,200.5,993.0,9.3287,10.7864,20.6756,0.1773,10.8045,9.1838,True,True
3.0,2.5,200.0,26.0,16,7.2644,231.7807,4821.7696,20.8032,5303.9465,1.5983,7.1782,12.1561,45.6138,266.5,1125.0,12.4383,14.3819,27.0373,0.2364,10.8045,9.1838,True,True
3.0,3.0,200.0,18.0,4,7.2644,25.8995,763.5231,29.4802,839.8754,1.5624,1.1144,1.8421,26.6967,69.0,730.0,2.7136,3.2967,7.6341,0.0493,11.0941,9.43,True,True
3.0,3.0,200.0,18.0,6,7.2644,39.5563,1199.822,30.332,1319.8042,1.5966,1.7812,3.013,30.434,99.0,790.0,4.0704,4.945,9.5426,0.0739,11.0941,9.43,True,True
3.0,3.0,200.0,18.0,8,7.2644,53.2132,1636.1209,30.7465,1799.733,1.613,2.448,4.1863,31.0097,135.0,862.0,5.4272,6.5934,13.3596,0.0986,11.0941,9.43,True,True
3.0,3.0,200.0,18.0,10,7.2644,66.8701,2072.4198,30.9917,2279.6618,1.6229,3.1108,5.3543,32.4502,165.0,922.0,6.784,8.2417,15.2681,0.1232,11.0941,9.43,True,True
3.0,3.0,200.0,18.0,12,7.2644,80.5269,2508.7187,31.1538,2759.5905,1.629,3.7768,6.5269,33.4711,195.0,982.0,8.1408,9.8901,17.1767,0.1479,11.0941,9.43,True,True
3.0,3.0,200.0,18.0,16,7.2644,107.8406,3381.3165,31.3548,3719.4481,1.6373,5.1099,8.8785,34.0174,261.0,1114.0,10.8544,13.1868,22.9022,0.1971,11.0941,9.43,True,True
3.0,3.0,200.0,22.0,4,7.2644,35.5004,926.6592,26.1028,1019.3251,1.5664,1.3569,2.2491,32.5955,69.0,730.0,3.2225,3.8056,7.6341,0.0601,11.0941,9.43,True,True
3.0,3.0,200.0,22.0,6,7.2644,54.6434,1456.1787,26.6488,1601.7966,1.5943,2.1619,3.6515,34.7764,105.0,802.0,4.8338,5.7085,11.4511,0.0902,11.0941,9.43,True,True
3.0,3.0,200.0,22.0,8,7.2644,73.7865,1985.6983,26.9114,2184.2681,1.6076,2.9659,5.0539,35.8436,141.0,874.0,6.4451,7.6113,15.2681,0.1202,11.0941,9.43,True,True
3.0,3.0,200.0,22.0,10,7.2644,92.9295,2515.2178,27.0659,2766.7396,1.6159,3.7683,6.4564,37.7569,171.0,934.0,8.0564,9.5141,17.1767,0.1503,11.0941,9.43,True,True
3.0,3.0,200.0,22.0,12,7.2644,112.0726,3044.7373,27.1675,3349.2111,1.6213,4.5721,7.8616,37.979,207.0,1006.0,9.6676,11.4169,20.9937,0.1803,11.0941,9.43,True,True
3.0,3.0,200.0,22.0,16,7.2644,150.3587,4103.7764,27.2932,4514.154,1.6276,6.1814,10.6727,39.0943,273.0,1138.0,12.8902,15.2225,26.7192,0.2404,11.0941,9.43,True,True
3.0,3.0,200.0,26.0,4,7.2644,57.5995,1088.1357,18.8914,1196.9493,1.54,1.5737,2.5615,34.1534,75.0,742.0,3.7315,4.3146,9.5426,0.0709,11.0941,9.43,True,True
3.0,3.0,200.0,26.0,6,7.2644,89.3706,1709.9276,19.133,1880.9204,1.562,2.5018,4.1343,37.2463,111.0,814.0,5.5972,6.4719,13.3596,0.1064,11.0941,9.43,True,True
3.0,3.0,200.0,26.0,8,7.2644,121.1418,2331.7195,19.2479,2564.8914,1.5736,3.4321,5.7166,38.8884,147.0,886.0,7.463,8.6291,17.1767,0.1418,11.0941,9.43,True,True
3.0,3.0,200.0,26.0,10,7.2644,152.9129,2953.5113,19.315,3248.8624,1.5799,4.3632,7.2983,39.8817,183.0,958.0,9.3287,10.7864,20.9937,0.1773,11.0941,9.43,True,True
3.0,3.0,200.0,26.0,12,7.2644,184.684,3575.3032,19.359,3932.8335,1.584,5.2918,8.8761,40.53,219.0,1030.0,11.1944,12.9437,24.8107,0.2127,11.0941,9.43,True,True
3.0,3.0,200.0,26.0,16,7.2644,248.2263,4818.8869,19.4133,5300.7756,1.5894,7.1517,12.0396,41.3733,291.0,1174.0,14.9259,17.2583,32.4448,0.2837,11.0941,9.43,True,True
3.0,4.0,200.0,18.0,4,7.2644,29.5341,761.8912,25.797,838.0803,1.5504,1.1055,1.8125,22.3766,81.0,754.0,3.6181,4.3956,10.1788,0.0657,11.4209,9.7078,True,True
3.0,4.0,200.0,18.0,6,7.2644,45.2678,1197.2576,26.4483,1316.9834,1.5832,1.768,2.9639,25.5509,116.0,824.0,5.4272,6.5934,12.7235,0.0986,11.4209,9.7078,True,True
3.0,4.0,200.0,18.0,8,7.2644,61.0015,1632.624,26.7637,1795.8864,1.5992,2.4281,4.1145,26.0413,158.0,908.0,7.2363,8.7912,17.8128,0.1314,11.4209,9.7078,True,True
3.0,4.0,200.0,18.0,10,7.2644,76.7353,2067.9904,26.9497,2274.7895,1.6089,3.0888,5.2676,27.2935,193.0,978.0,9.0454,10.989,20.3575,0.1643,11.4209,9.7078,True,True
3.0,4.0,200.0,18.0,12,7.2644,92.469,2503.3568,27.0724,2753.6925,1.6158,3.7503,6.4249,28.1795,228.0,1048.0,10.8544,13.1868,22.9022,0.1971,11.4209,9.7078,True,True
3.0,4.0,200.0,18.0,16,7.2644,123.9365,3374.0896,27.2243,3711.4986,1.623,5.0695,8.7264,28.6112,305.0,1202.0,14.4726,17.5824,30.5363,0.2629,11.4209,9.7078,True,True
3.0,4.0,200.0,22.0,4,7.2644,40.3259,924.4878,22.9254,1016.9366,1.5521,1.3436,2.2055,27.2281,81.0,754.0,4.2967,5.0742,10.1788,0.0801,11.4209,9.7078,True,True
3.0,4.0,200.0,22.0,6,7.2644,62.2264,1452.7665,23.3465,1598.0432,1.5794,2.1417,3.5815,29.1177,123.0,838.0,6.4451,7.6113,15.2681,0.1202,11.4209,9.7078,True,True
3.0,4.0,200.0,22.0,8,7.2644,84.1269,1981.0453,23.5483,2179.1498,1.5933,2.9417,4.9651,30.0914,165.0,922.0,8.5935,10.1484,20.3575,0.1603,11.4209,9.7078,True,True
3.0,4.0,200.0,22.0,10,7.2644,106.0274,2509.324,23.6667,2760.2564,1.6013,3.7381,6.3432,31.7161,200.0,992.0,10.7418,12.6854,22.9022,0.2003,11.4209,9.7078,True,True
3.0,4.0,200.0,22.0,12,7.2644,127.9279,3037.6028,23.7446,3341.3631,1.6067,4.5358,7.7241,31.9176,242.0,1076.0,12.8902,15.2225,27.9916,0.2404,11.4209,9.7078,True,True
3.0,4.0,200.0,22.0,16,7.2644,171.729,4094.1603,23.8408,4503.5763,1.6128,6.1329,10.4864,32.8726,319.0,1230.0,17.1869,20.2967,35.6257,0.3205,11.4209,9.7078,True,True
3.0,4.0,200.0,26.0,4,7.2644,65.1659,1087.5324,16.6887,1196.2857,1.5231,1.5577,2.5057,28.4738,88.0,768.0,4.9753,5.7528,12.7235,0.0946,11.4209,9.7078,True,True
3.0,4.0,200.0,26.0,6,7.2644,101.2606,1708.9795,16.877,1879.8775,1.5452,2.4801,4.0514,31.1643,130.0,852.0,7.463,8.6291,17.8128,0.1418,11.4209,9.7078,True,True
3.0,4.0,200.0,26.0,8,7.2644,137.3554,2330.4266,16.9664,2563.4693,1.5556,3.4033,5.5996,32.5559,172.0,936.0,9.9506,11.5055,22.9022,0.1891,11.4209,9.7078,True,True
3.0,4.0,200.0,26.0,10,7.2644,173.4502,2951.8737,17.0186,3247.0611,1.5617,4.3224,7.1416,33.3719,214.0,1020.0,12.4383,14.3819,27.9916,0.2364,11.4209,9.7078,True,True
3.0,4.0,200.0,26.0,12,7.2644,209.545,3573.3208,17.0528,3930.6529,1.5657,5.2432,8.6865,33.9315,256.0,1104.0,14.9259,17.2583,33.081,0.2837,11.4209,9.7078,True,True
3.0,4.0,200.0,26.0,16,7.2644,281.7345,4816.215,17.0949,5297.8365,1.571,7.0861,11.7817,34.6522,340.0,1272.0,19.9012,23.0111,43.2597,0.3782,11.4209,9.7078,True,True
4.0,1.5,200.0,18.0,4,9.26,22.947,578.8257,25.2245,636.7083,1.5229,1.3425,2.1593,34.8282,62.0,720.0,1.3568,1.6483,3.817,0.0246,11.1633,9.4888,True,True
4.0,1.5,200.0,18.0,6,9.26,34.9167,909.5832,26.0501,1000.5415,1.5651,2.1618,3.5801,40.0009,89.5,775.0,2.0352,2.4725,4.7713,0.037,11.1633,9.4888,True,True
4.0,1.5,200.0,18.0,8,9.26,46.8864,1240.3408,26.4542,1364.3748,1.585,2.9773,4.9974,40.7954,122.5,841.0,2.7136,3.2967,6.6798,0.0493,11.1633,9.4888,True,True
4.0,1.5,200.0,18.0,10,9.26,58.8561,1571.0983,26.6939,1728.2081,1.5983,3.7955,6.4279,42.8524,150.0,896.0,3.392,4.1209,7.6341,0.0616,11.1633,9.4888,True,True
4.0,1.5,200.0,18.0,12,9.26,70.8258,1901.8558,26.8526,2092.0414,1.6061,4.6102,7.8479,42.8847,183.0,962.0,4.0704,4.945,9.5426,0.0739,11.1633,9.4888,True,True
4.0,1.5,200.0,18.0,16,9.26,94.7651,2563.3709,27.0497,2819.708,1.6165,6.242,10.6992,44.9547,238.0,1072.0,5.4272,6.5934,11.4511,0.0986,11.1633,9.4888,True,True
4.0,1.5,200.0,22.0,4,9.26,31.1143,700.2446,22.5056,770.269,1.5293,1.6328,2.6381,42.5501,62.0,720.0,1.6113,1.9028,3.817,0.0301,11.1633,9.4888,True,True
4.0,1.5,200.0,22.0,6,9.26,47.751,1100.3843,23.0442,1210.4228,1.5645,2.6163,4.3311,45.5908,95.0,786.0,2.4169,2.8542,5.7256,0.0451,11.1633,9.4888,True,True
4.0,1.5,200.0,22.0,8,9.26,64.3878,1500.5241,23.3045,1650.5765,1.5812,3.5978,6.0233,47.057,128.0,852.0,3.2225,3.8056,7.6341,0.0601,11.1633,9.4888,True,True
4.0,1.5,200.0,22.0,10,9.26,81.0245,1900.6638,23.4579,2090.7302,1.5916,4.58,7.7215,47.9597,161.0,918.0,4.0282,4.757,9.5426,0.0751,11.1633,9.4888,True,True
4.0,1.5,200.0,22.0,12,9.26,97.6613,2300.8036,23.559,2530.884,1.5982,5.5641,9.4219,49.9838,188.5,973.0,4.8338,5.7085,10.4968,0.0902,11.1633,9.4888,True,True
4.0,1.5,200.0,22.0,16,9.26,130.9347,3101.0831,23.6842,3411.1914,1.6069,7.5251,12.817,50.3614,254.5,1105.0,6.4451,7.6113,14.3139,0.1202,11.1633,9.4888,True,True
4.0,1.5,200.0,26.0,4,9.26,50.0426,822.4856,16.4357,904.7342,1.5035,1.8912,3.0004,44.4503,67.5,731.0,1.8657,2.1573,4.7713,0.0355,11.1633,9.4888,True,True
4.0,1.5,200.0,26.0,6,9.26,77.4955,1292.4774,16.6781,1421.7251,1.5319,3.0243,4.895,48.7065,100.5,797.0,2.7986,3.2359,6.6798,0.0532,11.1633,9.4888,True,True
4.0,1.5,200.0,26.0,8,9.26,104.9484,1762.4691,16.7937,1938.716,1.5458,4.1575,6.7945,50.8952,133.5,863.0,3.7315,4.3146,8.5883,0.0709,11.1633,9.4888,True,True
4.0,1.5,200.0,26.0,10,9.26,132.4013,2232.4609,16.8613,2455.707,1.5537,5.2891,8.6907,52.1962,166.5,929.0,4.6644,5.3932,10.4968,0.0886,11.1633,9.4888,True,True
4.0,1.5,200.0,26.0,12,9.26,159.8542,2702.4527,16.9057,2972.6979,1.5593,6.4222,10.5936,53.1008,199.5,995.0,5.5972,6.4719,12.4054,0.1064,11.1633,9.4888,True,True
4.0,1.5,200.0,26.0,16,9.26,214.7601,3642.4362,16.9605,4006.6798,1.5652,8.6822,14.3787,54.157,265.5,1127.0,7.463,8.6291,16.2224,0.1418,11.1633,9.4888,True,True
4.0,2.0,200.0,18.0,4,9.26,24.869,580.863,23.3569,638.9493,1.5157,1.3418,2.1473,31.578,68.0,732.0,1.8091,2.1978,5.0894,0.0329,12.0172,10.2146,True,True
4.0,2.0,200.0,18.0,6,9.26,37.937,912.7847,24.0606,1004.0631,1.5572,2.1612,3.5598,36.3242,98.0,792.0,2.7136,3.2967,6.3617,0.0493,12.0172,10.2146,True,True
4.0,2.0,200.0,18.0,8,9.26,51.005,1244.7064,24.4036,1369.177,1.5767,2.9767,4.9685,37.0786,134.0,864.0,3.6181,4.3956,8.9064,0.0657,12.0172,10.2146,True,True
4.0,2.0,200.0,18.0,10,9.26,64.073,1576.628,24.6068,1734.2909,1.5898,3.795,6.3904,38.9656,164.0,924.0,4.5227,5.4945,10.1788,0.0821,12.0172,10.2146,True,True
4.0,2.0,200.0,18.0,12,9.26,77.1409,1908.5497,24.7411,2099.4047,1.5974,4.6101,7.8024,39.012,200.0,996.0,5.4272,6.5934,12.7235,0.0986,12.0172,10.2146,True,True
4.0,2.0,200.0,18.0,16,9.26,103.2769,2572.3931,24.9077,2829.6324,1.6076,6.2422,10.6368,40.9109,260.0,1116.0,7.2363,8.7912,15.2681,0.1314,12.0172,10.2146,True,True
4.0,2.0,200.0,22.0,4,9.26,33.748,702.2289,20.808,772.4517,1.5213,1.6294,2.6179,38.4985,68.0,732.0,2.1484,2.5371,5.0894,0.0401,12.0172,10.2146,True,True
4.0,2.0,200.0,22.0,6,9.26,51.8897,1103.5025,21.2663,1213.8527,1.5551,2.6118,4.2958,41.3061,104.0,804.0,3.2225,3.8056,7.6341,0.0601,12.0172,10.2146,True,True
4.0,2.0,200.0,22.0,8,9.26,70.0313,1504.7761,21.4872,1655.2537,1.5722,3.5955,5.983,42.7356,140.0,876.0,4.2967,5.0742,10.1788,0.0801,12.0172,10.2146,True,True
4.0,2.0,200.0,22.0,10,9.26,88.173,1906.0498,21.6171,2096.6547,1.5816,4.5732,7.6583,43.5132,176.0,948.0,5.3709,6.3427,12.7235,0.1002,12.0172,10.2146,True,True
4.0,2.0,200.0,22.0,12,9.26,106.3147,2307.3234,21.7028,2538.0557,1.5888,5.5554,9.3487,45.3823,206.0,1008.0,6.4451,7.6113,13.9958,0.1202,12.0172,10.2146,True,True
4.0,2.0,200.0,22.0,16,9.26,142.5981,3109.8707,21.8086,3420.8577,1.5966,7.5147,12.7118,45.7258,278.0,1152.0,8.5935,10.1484,19.0852,0.1603,12.0172,10.2146,True,True
4.0,2.0,200.0,26.0,4,9.26,54.1238,823.8075,15.2208,906.1883,1.4923,1.8799,2.9588,39.9842,74.0,744.0,2.4877,2.8764,6.3617,0.0473,12.0172,10.2146,True,True
4.0,2.0,200.0,26.0,6,9.26,83.9089,1294.5547,15.4281,1424.0101,1.5207,3.0107,4.8351,43.9553,110.0,816.0,3.7315,4.3146,8.9064,0.0709,12.0172,10.2146,True,True
4.0,2.0,200.0,26.0,8,9.26,113.6939,1765.3018,15.5268,1941.832,1.5343,4.1397,6.7118,45.9712,146.0,888.0,4.9753,5.7528,11.4511,0.0946,12.0172,10.2146,True,True
4.0,2.0,200.0,26.0,10,9.26,143.479,2236.049,15.5845,2459.6538,1.542,5.2668,8.5848,47.169,182.0,960.0,6.2191,7.191,13.9958,0.1182,12.0172,10.2146,True,True
4.0,2.0,200.0,26.0,12,9.26,173.264,2706.7961,15.6224,2977.4757,1.5468,6.3962,10.4601,47.9821,218.0,1032.0,7.463,8.6291,16.5405,0.1418,12.0172,10.2146,True,True
4.0,2.0,200.0,26.0,16,9.26,232.8342,3648.2904,15.6691,4013.1194,1.5532,8.6469,14.2038,48.9785,290.0,1176.0,9.9506,11.5055,21.6299,0.1891,12.0172,10.2146,True,True
4.0,2.5,200.0,18.0,4,9.26,27.6691,581.9479,21.0324,640.1427,1.5054,1.3362,2.1229,28.6884,74.0,744.0,2.2613,2.7472,6.3617,0.0411,12.7027,10.7973,True,True
4.0,2.5,200.0,18.0,6,9.26,42.3371,914.4895,21.6002,1005.9385,1.5453,2.1535,3.5181,33.0342,106.5,809.0,3.392,4.1209,7.9522,0.0616,12.7027,10.7973,True,True
4.0,2.5,200.0,18.0,8,9.26,57.0052,1247.0312,21.8758,1371.7343,1.5651,2.9668,4.913,33.7661,145.5,887.0,4.5227,5.4945,11.133,0.0821,12.7027,10.7973,True,True
4.0,2.5,200.0,18.0,10,9.26,71.6732,1579.5728,22.0385,1737.5301,1.5771,3.783,6.3159,35.4827,178.0,952.0,5.6533,6.8681,12.7235,0.1027,12.7027,10.7973,True,True
4.0,2.5,200.0,18.0,12,9.26,86.3413,1912.1145,22.146,2103.3259,1.5853,4.5954,7.7149,35.5524,217.0,1030.0,6.784,8.2417,15.9043,0.1232,12.7027,10.7973,True,True
4.0,2.5,200.0,18.0,16,9.26,115.6773,2577.1977,22.2792,2834.9175,1.5953,6.2235,10.5183,37.2988,282.0,1160.0,9.0454,10.989,19.0852,0.1643,12.7027,10.7973,True,True
4.0,2.5,200.0,22.0,4,9.26,37.5661,703.8238,18.7356,774.2062,1.5093,1.6218,2.5837,34.9142,74.0,744.0,2.6855,3.1714,6.3617,0.0501,12.7027,10.7973,True,True
4.0,2.5,200.0,22.0,6,9.26,57.8896,1106.0089,19.1055,1216.6098,1.5422,2.6008,4.24,37.5219,113.0,822.0,4.0282,4.757,9.5426,0.0751,12.7027,10.7973,True,True
4.0,2.5,200.0,22.0,8,9.26,78.2131,1508.1939,19.2831,1659.0133,1.5588,3.5813,5.9053,38.8509,152.0,900.0,5.3709,6.3427,12.7235,0.1002,12.7027,10.7973,True,True
4.0,2.5,200.0,22.0,10,9.26,98.5366,1910.379,19.3875,2101.4169,1.568,4.5556,7.559,39.5758,191.0,978.0,6.7136,7.9284,15.9043,0.1252,12.7027,10.7973,True,True
4.0,2.5,200.0,22.0,12,9.26,118.8601,2312.564,19.4562,2543.8205,1.575,5.5346,9.2275,41.2865,223.5,1043.0,8.0564,9.5141,17.4947,0.1503,12.7027,10.7973,True,True
4.0,2.5,200.0,22.0,16,9.26,159.5071,3116.9342,19.541,3428.6276,1.5826,7.4873,12.5469,41.6151,301.5,1199.0,10.7418,12.6854,23.8565,0.2003,12.7027,10.7973,True,True
4.0,2.5,200.0,26.0,4,9.26,59.8442,825.4088,13.7926,907.9497,1.4781,1.8662,2.9074,36.1166,80.5,757.0,3.1096,3.5955,7.9522,0.0591,12.7027,10.7973,True,True
4.0,2.5,200.0,26.0,6,9.26,92.898,1297.071,13.9623,1426.7781,1.5043,2.9875,4.7425,39.6862,119.5,835.0,4.6644,5.3932,11.133,0.0886,12.7027,10.7973,True,True
4.0,2.5,200.0,26.0,8,9.26,125.9518,1768.7332,14.0429,1945.6066,1.5174,4.1089,6.5836,41.5371,158.5,913.0,6.2191,7.191,14.3139,0.1182,12.7027,10.7973,True,True
4.0,2.5,200.0,26.0,10,9.26,159.0056,2240.3954,14.09,2464.435,1.5249,5.2286,8.4214,42.6401,197.5,991.0,7.7739,8.9887,17.4947,0.1477,12.7027,10.7973,True,True
4.0,2.5,200.0,26.0,12,9.26,192.0594,2712.0576,14.1209,2983.2634,1.5302,6.3499,10.2658,43.4073,236.5,1069.0,9.3287,10.7864,20.6756,0.1773,12.7027,10.7973,True,True
4.0,2.5,200.0,26.0,16,9.26,258.1671,3655.382,14.159,4020.9202,1.5372,8.5944,13.9622,44.395,314.5,1225.0,12.4383,14.3819,27.0373,0.2364,12.7027,10.7973,True,True
4.0,3.0,200.0,18.0,4,9.26,29.4686,581.8557,19.745,640.0413,1.4982,1.3301,2.1023,26.2784,80.0,756.0,2.7136,3.2967,7.6341,0.0493,13.2479,11.2607,True,True
4.0,3.0,200.0,18.0,6,9.26,45.1649,914.3447,20.2446,1005.7792,1.5375,2.1444,3.4845,30.2998,115.0,826.0,4.0704,4.945,9.5426,0.0739,13.2479,11.2607,True,True
4.0,3.0,200.0,18.0,8,9.26,60.8612,1246.8337,20.4865,1371.5171,1.557,2.9548,4.8664,30.996,157.0,910.0,5.4272,6.5934,13.3596,0.0986,13.2479,11.2607,True,True
4.0,3.0,200.0,18.0,10,9.26,76.5576,1579.3227,20.6292,1737.255,1.5696,3.7681,6.2593,32.6004,192.0,980.0,6.784,8.2417,15.2681,0.1232,13.2479,11.2607,True,True
4.0,3.0,200.0,18.0,12,9.26,92.2539,1911.8117,20.7234,2102.9929,1.5769,4.5778,7.6421,32.6587,234.0,1064.0,8.1408,9.8901,19.0852,0.1479,13.2479,11.2607,True,True
4.0,3.0,200.0,18.0,16,9.26,123.6466,2576.7897,20.84,2834.4686,1.5868,6.1997,10.4186,34.2718,304.0,1204.0,10.8544,13.1868,22.9022,0.1971,13.2479,11.2607,True,True
4.0,3.0,200.0,22.0,4,9.26,40.0443,704.7308,17.5988,775.2039,1.5012,1.6159,2.5595,31.9933,80.0,756.0,3.2225,3.8056,7.6341,0.0601,13.2479,11.2607,True,True
4.0,3.0,200.0,22.0,6,9.26,61.7838,1107.4341,17.9243,1218.1776,1.5336,2.5922,4.2006,34.4313,122.0,840.0,4.8338,5.7085,11.4511,0.0902,13.2479,11.2607,True,True
4.0,3.0,200.0,22.0,8,9.26,83.5234,1510.1375,18.0804,1661.1512,1.5499,3.5699,5.8505,35.6738,164.0,924.0,6.4451,7.6113,15.2681,0.1202,13.2479,11.2607,True,True
4.0,3.0,200.0,22.0,10,9.26,105.263,1912.8408,18.172,2104.1249,1.5596,4.5462,7.5005,36.41,206.0,1008.0,8.0564,9.5141,19.0852,0.1503,13.2479,11.2607,True,True
4.0,3.0,200.0,22.0,12,9.26,127.0026,2315.5441,18.2323,2547.0985,1.5658,5.5181,9.1423,37.935,241.0,1078.0,9.6676,11.4169,20.9937,0.1803,13.2479,11.2607,True,True
4.0,3.0,200.0,22.0,16,9.26,170.4817,3120.9508,18.3067,3433.0458,1.5732,7.4649,12.4304,38.2473,325.0,1246.0,12.8902,15.2225,28.6278,0.2404,13.2479,11.2607,True,True
4.0,3.0,200.0,26.0,4,9.26,63.3519,825.9995,13.0383,908.5995,1.4684,1.8549,2.8694,32.9817,87.0,770.0,3.7315,4.3146,9.5426,0.0709,13.2479,11.2607,True,True
4.0,3.0,200.0,26.0,6,9.26,98.4102,1297.9993,13.1897,1427.7992,1.4954,2.9736,4.6906,36.3612,129.0,854.0,5.5972,6.4719,13.3596,0.1064,13.2479,11.2607,True,True
4.0,3.0,200.0,26.0,8,9.26,133.4684,1769.999,13.2616,1946.9989,1.5076,4.0905,6.5089,38.0635,171.0,938.0,7.463,8.6291,17.1767,0.1418,13.2479,11.2607,True,True
4.0,3.0,200.0,26.0,10,9.26,168.5267,2241.9987,13.3035,2466.1986,1.5156,5.2055,8.33,39.1079,213.0,1022.0,9.3287,10.7864,20.9937,0.1773,13.2479,11.2607,True,True
4.0,3.0,200.0,26.0,12,9.26,203.5849,2713.9985,13.331,2985.3983,1.5202,6.3224,10.1496,39.8025,255.0,1106.0,11.1944,12.9437,24.8107,0.2127,13.2479,11.2607,True,True
4.0,3.0,200.0,26.0,16,9.26,273.7014,3657.9979,13.3649,4023.7977,1.5263,8.5492,13.7834,40.6591,339.0,1274.0,14.9259,17.2583,32.4448,0.2837,13.2479,11.2607,True,True
4.0,4.0,200.0,18.0,4,9.26,33.0378,582.3209,17.6259,640.553,1.4845,1.3193,2.0649,22.4442,92.0,780.0,3.6181,4.3956,10.1788,0.0657,13.9159,11.8286,True,True
4.0,4.0,200.0,18.0,6,9.26,50.7737,915.0757,18.0226,1006.5833,1.5234,2.1287,3.4251,25.9478,132.0,860.0,5.4272,6.5934,12.7235,0.0986,13.9159,11.8286,True,True
4.0,4.0,200.0,18.0,8,9.26,68.5096,1247.8305,18.2139,1372.6136,1.5424,2.9373,4.789,26.6056,180.0,956.0,7.2363,8.7912,17.8128,0.1314,13.9159,11.8286,True,True
4.0,4.0,200.0,18.0,10,9.26,86.2455,1580.5853,18.3266,1738.6438,1.5539,3.7426,6.1505,27.9568,220.0,1036.0,9.0454,10.989,20.3575,0.1643,13.9159,11.8286,True,True
4.0,4.0,200.0,18.0,12,9.26,103.9814,1913.3401,18.4008,2104.6741,1.561,4.5477,7.5099,28.0221,268.0,1132.0,10.8544,13.1868,25.4469,0.1971,13.9159,11.8286,True,True
4.0,4.0,200.0,18.0,16,9.26,139.4532,2578.8497,18.4926,2836.7347,1.5705,6.1599,10.2388,29.4217,348.0,1292.0,14.4726,17.5824,30.5363,0.2629,13.9159,11.8286,True,True
4.0,4.0,200.0,22.0,4,9.26,44.711,704.515,15.7571,774.9665,1.4863,1.6011,2.5093,27.2749,92.0,780.0,4.2967,5.0742,10.1788,0.0801,13.9159,11.8286,True,True
4.0,4.0,200.0,22.0,6,9.26,69.1173,1107.095,16.0176,1217.8046,1.5185,2.5703,4.1215,29.4394,140.0,876.0,6.4451,7.6113,15.2681,0.1202,13.9159,11.8286,True,True
4.0,4.0,200.0,22.0,8,9.26,93.5235,1509.6751,16.1422,1660.6426,1.5337,3.5374,5.7326,30.4927,188.0,972.0,8.5935,10.1484,20.3575,0.1603,13.9159,11.8286,True,True
4.0,4.0,200.0,22.0,10,9.26,117.9298,1912.2551,16.2152,2103.4806,1.5431,4.5054,7.3495,31.1418,236.0,1068.0,10.7418,12.6854,25.4469,0.2003,13.9159,11.8286,True,True
4.0,4.0,200.0,22.0,12,9.26,142.3361,2314.8351,16.2632,2546.3186,1.5491,5.4752,8.9684,32.4941,276.0,1148.0,12.8902,15.2225,27.9916,0.2404,13.9159,11.8286,True,True
4.0,4.0,200.0,22.0,16,9.26,191.1487,3119.9951,16.3223,3431.9946,1.5571,7.4077,12.2005,32.797,372.0,1340.0,17.1869,20.2967,38.1704,0.3205,13.9159,11.8286,True,True
4.0,4.0,200.0,26.0,4,9.26,70.4142,826.2919,11.7347,908.9211,1.4509,1.8308,2.7961,27.9609,100.0,796.0,4.9753,5.7528,12.7235,0.0946,13.9159,11.8286,True,True
4.0,4.0,200.0,26.0,6,9.26,109.5081,1298.4588,11.8572,1428.3046,1.4764,2.9376,4.5706,30.8827,148.0,892.0,7.463,8.6291,17.8128,0.1418,13.9159,11.8286,True,True
4.0,4.0,200.0,26.0,8,9.26,148.6019,1770.6256,11.9152,1947.6881,1.4888,4.0424,6.3465,32.3802,196.0,988.0,9.9506,11.5055,22.9022,0.1891,13.9159,11.8286,True,True
4.0,4.0,200.0,26.0,10,9.26,187.6958,2242.7924,11.9491,2467.0716,1.4958,5.1455,8.1191,33.2749,244.0,1084.0,12.4383,14.3819,27.9916,0.2364,13.9159,11.8286,True,True
4.0,4.0,200.0,26.0,12,9.26,226.7896,2714.9592,11.9713,2986.4551,1.5009,6.2504,9.8981,33.8976,292.0,1180.0,14.9259,17.2583,33.081,0.2837,13.9159,11.8286,True,True
4.0,4.0,200.0,26.0,16,9.26,304.9773,3659.2929,11.9986,4025.2221,1.5061,8.4532,13.4358,34.6284,388.0,1372.0,19.9012,23.0111,43.2597,0.3782,13.9159,11.8286,True,True
5.0,1.5,200.0,18.0,4,11.2116,26.3367,468.8393,17.8017,515.7232,1.4639,1.5324,2.3627,32.3661,73.0,746.0,1.3568,1.6483,3.817,0.0246,12.4257,10.5618,False,True
5.0,1.5,200.0,18.0,6,11.2116,40.2434,736.7474,18.3073,810.4221,1.5093,2.4892,3.9654,37.587,105.5,811.0,2.0352,2.4725,4.7713,0.037,12.4257,10.5618,False,True
5.0,1.5,200.0,18.0,8,11.2116,54.1501,1004.6555,18.5532,1105.1211,1.533,3.4454,5.5811,38.6237,144.5,889.0,2.7136,3.2967,6.6798,0.0493,12.4257,10.5618,False,True
5.0,1.5,200.0,18.0,10,11.2116,68.0568,1272.5637,18.6986,1399.8201,1.5472,4.4002,7.1981,40.6675,177.0,954.0,3.392,4.1209,7.6341,0.0616,12.4257,10.5618,False,True
5.0,1.5,200.0,18.0,12,11.2116,81.9635,1540.4718,18.7946,1694.519,1.5566,5.3545,8.8161,40.8155,216.0,1032.0,4.0704,4.945,9.5426,0.0739,12.4257,10.5618,False,True
5.0,1.5,200.0,18.0,16,11.2116,109.7768,2076.2881,18.9137,2283.9169,1.5676,7.2582,12.0403,42.848,281.0,1162.0,5.4272,6.5934,11.4511,0.0986,12.4257,10.5618,False,True
5.0,1.5,200.0,22.0,4,11.2116,35.4102,565.9879,15.9837,622.5867,1.4694,1.8601,2.8796,39.4462,73.0,746.0,1.6113,1.9028,3.817,0.0301,12.4257,10.5618,False,True
5.0,1.5,200.0,22.0,6,11.2116,54.5018,889.4095,16.3189,978.3505,1.508,3.0072,4.7862,42.7338,112.0,824.0,2.4169,2.8542,5.7256,0.0451,12.4257,10.5618,False,True
5.0,1.5,200.0,22.0,8,11.2116,73.5934,1212.8312,16.4802,1334.1143,1.5271,4.1486,6.6923,44.32,151.0,902.0,3.2225,3.8056,7.6341,0.0601,12.4257,10.5618,False,True
5.0,1.5,200.0,22.0,10,11.2116,92.6849,1536.2528,16.575,1689.8781,1.5387,5.2941,8.6095,45.3132,190.0,980.0,4.0282,4.757,9.5426,0.0751,12.4257,10.5618,False,True
5.0,1.5,200.0,22.0,12,11.2116,111.7765,1859.6745,16.6374,2045.6419,1.5459,6.4346,10.5163,47.2642,222.5,1045.0,4.8338,5.7085,10.4968,0.0902,12.4257,10.5618,False,True
5.0,1.5,200.0,22.0,16,11.2116,149.9596,2506.5178,16.7146,2757.1696,1.5555,8.7107,14.3309,47.6902,300.5,1201.0,6.4451,7.6113,14.3139,0.1202,12.4257,10.5618,False,True
5.0,1.5,200.0,26.0,4,11.2116,55.5678,663.7762,11.9453,730.1538,1.4387,2.1337,3.2292,40.6193,79.5,759.0,1.8657,2.1573,4.7713,0.0355,12.4257,10.5618,False,True
5.0,1.5,200.0,26.0,6,11.2116,86.178,1043.0769,12.1038,1147.3846,1.4697,3.4408,5.328,44.9619,118.5,837.0,2.7986,3.2359,6.6798,0.0532,12.4257,10.5618,False,True
5.0,1.5,200.0,26.0,8,11.2116,116.7881,1422.3775,12.1791,1564.6153,1.4847,4.7448,7.4271,47.1562,157.5,915.0,3.7315,4.3146,8.5883,0.0709,12.4257,10.5618,False,True
5.0,1.5,200.0,26.0,10,11.2116,147.3983,1801.6782,12.2232,1981.8461,1.494,6.0501,9.5339,48.5187,196.5,993.0,4.6644,5.3932,10.4968,0.0886,12.4257,10.5618,False,True
5.0,1.5,200.0,26.0,12,11.2116,178.0084,2180.9789,12.2521,2399.0768,1.4992,7.3498,11.6253,49.3643,235.5,1071.0,5.5972,6.4719,12.4054,0.1064,12.4257,10.5618,False,True
5.0,1.5,200.0,26.0,16,11.2116,239.2288,2939.5803,12.2877,3233.5383,1.5077,9.9636,15.8555,50.5758,313.5,1227.0,7.463,8.6291,16.2224,0.1418,12.4257,10.5618,False,True
5.0,2.0,200.0,18.0,4,11.2116,28.2111,470.8935,16.6918,517.9829,1.4562,1.5304,2.3465,29.702,79.0,758.0,1.8091,2.1978,5.0894,0.0329,13.4547,11.4365,True,True
5.0,2.0,200.0,18.0,6,11.2116,43.1889,739.9755,17.1335,813.9731,1.502,2.4895,3.9456,34.6105,114.0,828.0,2.7136,3.2967,6.3617,0.0493,13.4547,11.4365,True,True
5.0,2.0,200.0,18.0,8,11.2116,58.1666,1009.0575,17.3477,1109.9633,1.5239,3.4431,5.542,35.5253,156.0,912.0,3.6181,4.3956,8.9064,0.0657,13.4547,11.4365,True,True
5.0,2.0,200.0,18.0,10,11.2116,73.1444,1278.1396,17.4742,1405.9535,1.5378,4.3978,7.1474,37.4207,191.0,982.0,4.5227,5.4945,10.1788,0.0821,13.4547,11.4365,True,True
5.0,2.0,200.0,18.0,12,11.2116,88.1222,1547.2216,17.5577,1701.9437,1.547,5.3518,8.7533,37.568,233.0,1066.0,5.4272,6.5934,12.7235,0.0986,13.4547,11.4365,True,True
5.0,2.0,200.0,18.0,16,11.2116,118.0777,2085.3856,17.6611,2293.9241,1.5584,7.2553,11.9605,39.4736,303.0,1206.0,7.2363,8.7912,15.2681,0.1314,13.4547,11.4365,True,True
5.0,2.0,200.0,22.0,4,11.2116,37.9594,567.7563,14.9569,624.5319,1.4605,1.8532,2.8503,36.08,79.0,758.0,2.1484,2.5371,5.0894,0.0401,13.4547,11.4365,True,True
5.0,2.0,200.0,22.0,6,11.2116,58.5076,892.1884,15.2491,981.4072,1.4983,2.9973,4.7378,39.1556,121.0,842.0,3.2225,3.8056,7.6341,0.0601,13.4547,11.4365,True,True
5.0,2.0,200.0,22.0,8,11.2116,79.0558,1216.6205,15.3894,1338.2826,1.517,4.1403,6.6319,40.6866,163.0,926.0,4.2967,5.0742,10.1788,0.0801,13.4547,11.4365,True,True
5.0,2.0,200.0,22.0,10,11.2116,99.604,1541.0527,15.4718,1695.158,1.5283,5.2786,8.5227,41.5743,205.0,1010.0,5.3709,6.3427,12.7235,0.1002,13.4547,11.4365,True,True
5.0,2.0,200.0,22.0,12,11.2116,120.1522,1865.4848,15.526,2052.0333,1.5353,6.4165,10.4106,43.3776,240.0,1080.0,6.4451,7.6113,13.9958,0.1202,13.4547,11.4365,True,True
5.0,2.0,200.0,22.0,16,11.2116,161.2486,2514.3491,15.593,2765.784,1.5448,8.6954,14.2004,43.8285,324.0,1248.0,8.5935,10.1484,19.0852,0.1603,13.4547,11.4365,True,True
5.0,2.0,200.0,26.0,4,11.2116,59.4178,665.2591,11.1963,731.785,1.4276,2.119,3.1804,36.9814,86.0,772.0,2.4877,2.8764,6.3617,0.0473,13.4547,11.4365,True,True
5.0,2.0,200.0,26.0,6,11.2116,92.228,1045.4071,11.335,1149.9478,1.4579,3.419,5.2485,41.0042,128.0,856.0,3.7315,4.3146,8.9064,0.0709,13.4547,11.4365,True,True
5.0,2.0,200.0,26.0,8,11.2116,125.0381,1425.5552,11.401,1568.1107,1.4724,4.7161,7.3171,43.0415,170.0,940.0,4.9753,5.7528,11.4511,0.0946,13.4547,11.4365,True,True
5.0,2.0,200.0,26.0,10,11.2116,157.8483,1805.7032,11.4395,1986.2736,1.4815,6.0146,9.3932,44.3073,212.0,1024.0,6.2191,7.191,13.9958,0.1182,13.4547,11.4365,True,True
5.0,2.0,200.0,26.0,12,11.2116,190.6585,2185.8513,11.4647,2404.4364,1.4873,7.3152,11.4719,45.1649,254.0,1108.0,7.463,8.6291,16.5405,0.1418,13.4547,11.4365,True,True
5.0,2.0,200.0,26.0,16,11.2116,256.2788,2946.1474,11.4959,3240.7621,1.4949,9.9074,15.6223,46.22,338.0,1276.0,9.9506,11.5055,21.6299,0.1891,13.4547,11.4365,True,True
5.0,2.5,200.0,18.0,4,11.2116,30.0502,471.8429,15.7018,519.0272,1.4482,1.5252,2.3247,27.3498,85.0,770.0,2.2613,2.7472,6.3617,0.0411,14.2824,12.14,True,True
5.0,2.5,200.0,18.0,6,11.2116,46.0789,741.4674,16.0912,815.6142,1.4932,2.4807,3.9068,31.8926,122.5,845.0,3.392,4.1209,7.9522,0.0616,14.2824,12.14,True,True
5.0,2.5,200.0,18.0,8,11.2116,62.1076,1011.0919,16.2797,1112.2011,1.5153,3.4352,5.496,32.8119,167.5,935.0,4.5227,5.4945,11.133,0.0821,14.2824,12.14,True,True
5.0,2.5,200.0,18.0,10,11.2116,78.1363,1280.7164,16.3908,1408.7881,1.5289,4.3884,7.0883,34.5772,205.0,1010.0,5.6533,6.8681,12.7235,0.1027,14.2824,12.14,True,True
5.0,2.5,200.0,18.0,12,11.2116,94.165,1550.341,16.4641,1705.375,1.5372,5.3353,8.6676,34.6705,250.0,1100.0,6.784,8.2417,15.9043,0.1232,14.2824,12.14,True,True
5.0,2.5,200.0,18.0,16,11.2116,126.2224,2089.59,16.5548,2298.549,1.5492,7.2407,11.8611,35.6724,332.5,1265.0,9.0454,10.989,20.6756,0.1643,14.2824,12.14,True,True
5.0,2.5,200.0,22.0,4,11.2116,40.4397,569.398,14.0802,626.3378,1.4522,1.8479,2.8248,30.5381,92.5,785.0,2.6855,3.1714,7.9522,0.0501,14.2824,12.14,True,True
5.0,2.5,200.0,22.0,6,11.2116,62.4052,894.7683,14.338,984.2452,1.4892,2.9902,4.6958,36.1213,130.0,860.0,4.0282,4.757,9.5426,0.0751,14.2824,12.14,True,True
5.0,2.5,200.0,22.0,8,11.2116,84.3707,1220.1386,14.4616,1342.1525,1.5075,4.127,6.5661,37.5203,175.0,950.0,5.3709,6.3427,12.7235,0.1002,14.2824,12.14,True,True
5.0,2.5,200.0,22.0,10,11.2116,106.3362,1545.5089,14.5342,1700.0598,1.5178,5.2624,8.4342,38.3372,220.0,1040.0,6.7136,7.9284,15.9043,0.1252,14.2824,12.14,True,True
5.0,2.5,200.0,22.0,12,11.2116,128.3017,1870.8792,14.5819,2057.9671,1.5261,6.4037,10.3233,40.0906,257.5,1115.0,8.0564,9.5141,17.4947,0.1503,14.2824,12.14,True,True
5.0,2.5,200.0,22.0,16,11.2116,172.2328,2521.6198,14.6408,2773.7818,1.5346,8.6793,14.0748,40.5029,347.5,1295.0,10.7418,12.6854,23.8565,0.2003,14.2824,12.14,True,True
5.0,2.5,200.0,26.0,4,11.2116,63.0041,666.9314,10.5855,733.6245,1.4178,2.1065,3.1384,33.9292,92.5,785.0,3.1096,3.5955,7.9522,0.0591,14.2824,12.14,True,True
5.0,2.5,200.0,26.0,6,11.2116,97.8636,1048.035,10.7091,1152.8385,1.4474,3.4006,5.1801,37.6731,137.5,875.0,4.6644,5.3932,11.133,0.0886,14.2824,12.14,True,True
5.0,2.5,200.0,26.0,8,11.2116,132.7231,1429.1387,10.7678,1572.0525,1.4616,4.6918,7.2221,39.5734,182.5,965.0,6.2191,7.191,14.3139,0.1182,14.2824,12.14,True,True
5.0,2.5,200.0,26.0,10,11.2116,167.5827,1810.2423,10.8021,1991.2665,1.4705,5.9845,9.2717,40.7548,227.5,1055.0,7.7739,8.9887,17.4947,0.1477,14.2824,12.14,True,True
5.0,2.5,200.0,26.0,12,11.2116,202.4422,2191.346,10.8246,2410.4805,1.4754,7.2715,11.3063,41.4909,272.5,1145.0,9.3287,10.7864,20.6756,0.1773,14.2824,12.14,True,True
5.0,2.5,200.0,26.0,16,11.2116,272.1612,2953.5532,10.8522,3248.9086,1.4835,9.86,15.4211,42.5411,362.5,1325.0,12.4383,14.3819,27.0373,0.2364,14.2824,12.14,True,True
5.0,3.0,200.0,18.0,4,11.2116,32.708,472.6795,14.4515,519.9475,1.4372,1.5136,2.2883,25.1461,91.0,782.0,2.7136,3.2967,7.6341,0.0493,14.9858,12.7379,True,True
5.0,3.0,200.0,18.0,6,11.2116,50.2555,742.7821,14.7801,817.0603,1.4811,2.4655,3.8495,29.3856,131.0,862.0,4.0704,4.945,9.5426,0.0739,14.9858,12.7379,True,True
5.0,3.0,200.0,18.0,8,11.2116,67.8029,1012.8847,14.9387,1114.1732,1.5027,3.4156,5.416,30.2572,179.0,958.0,5.4272,6.5934,13.3596,0.0986,14.9858,12.7379,True,True
5.0,3.0,200.0,18.0,10,11.2116,85.3503,1282.9873,15.032,1411.286,1.516,4.3643,6.9856,31.8975,219.0,1038.0,6.784,8.2417,15.2681,0.1232,14.9858,12.7379,True,True
5.0,3.0,200.0,18.0,12,11.2116,102.8978,1553.0899,15.0935,1708.3989,1.524,5.3067,8.5423,31.9935,267.0,1134.0,8.1408,9.8901,19.0852,0.1479,14.9858,12.7379,True,True
5.0,3.0,200.0,18.0,16,11.2116,137.9927,2093.295,15.1696,2302.6245,1.5357,7.2033,11.6899,32.9294,355.0,1310.0,10.8544,13.1868,24.8107,0.1971,14.9858,12.7379,True,True
5.0,3.0,200.0,22.0,4,11.2116,44.0171,570.8168,12.9681,627.8985,1.4397,1.8344,2.7783,28.0641,99.0,798.0,3.2225,3.8056,9.5426,0.0601,14.9858,12.7379,True,True
5.0,3.0,200.0,22.0,6,11.2116,68.0268,896.9979,13.1859,986.6977,1.4763,2.9707,4.622,33.2518,139.0,878.0,4.8338,5.7085,11.4511,0.0902,14.9858,12.7379,True,True
5.0,3.0,200.0,22.0,8,11.2116,92.0366,1223.1789,13.2901,1345.4968,1.4934,4.1015,6.4605,34.5481,187.0,974.0,6.4451,7.6113,15.2681,0.1202,14.9858,12.7379,True,True
5.0,3.0,200.0,22.0,10,11.2116,116.0464,1549.36,13.3512,1704.296,1.5042,5.2364,8.3118,35.3693,235.0,1070.0,8.0564,9.5141,19.0852,0.1503,14.9858,12.7379,True,True
5.0,3.0,200.0,22.0,12,11.2116,140.0561,1875.541,13.3914,2063.0951,1.5115,6.3662,10.158,36.9381,275.0,1150.0,9.6676,11.4169,20.9937,0.1803,14.9858,12.7379,True,True
5.0,3.0,200.0,22.0,16,11.2116,188.0757,2527.9031,13.4409,2780.6935,1.5205,8.6295,13.8562,37.3484,371.0,1342.0,12.8902,15.2225,28.6278,0.2404,14.9858,12.7379,True,True
5.0,3.0,200.0,26.0,4,11.2116,68.0875,668.0535,9.8117,734.8588,1.4039,2.0836,3.0718,31.0278,99.0,798.0,3.7315,4.3146,9.5426,0.0709,14.9858,12.7379,True,True
5.0,3.0,200.0,26.0,6,11.2116,105.8517,1049.7983,9.9176,1154.7781,1.4326,3.3662,5.0716,34.5005,147.0,894.0,5.5972,6.4719,13.3596,0.1064,14.9858,12.7379,True,True
5.0,3.0,200.0,26.0,8,11.2116,143.616,1431.5431,9.9679,1574.6974,1.4464,4.6463,7.0722,36.2678,195.0,990.0,7.463,8.6291,17.1767,0.1418,14.9858,12.7379,True,True
5.0,3.0,200.0,26.0,10,11.2116,181.3803,1813.288,9.9972,1994.6167,1.4543,5.9279,9.0761,37.3503,243.0,1086.0,9.3287,10.7864,20.9937,0.1773,14.9858,12.7379,True,True
5.0,3.0,200.0,26.0,12,11.2116,219.1445,2195.0328,10.0164,2414.5361,1.4598,7.2035,11.0733,38.0524,291.0,1182.0,11.1944,12.9437,24.8107,0.2127,14.9858,12.7379,True,True
5.0,3.0,200.0,26.0,16,11.2116,294.673,2958.5225,10.04,3254.3747,1.4663,9.7594,15.0742,38.9515,387.0,1374.0,14.9259,17.2583,32.4448,0.2837,14.9858,12.7379,True,True
5.0,4.0,200.0,18.0,4,11.2116,36.1753,473.7595,13.0962,521.1355,1.4238,1.5003,2.2453,21.7988,103.0,806.0,3.6181,4.3956,10.1788,0.0657,15.9998,13.5999,True,True
5.0,4.0,200.0,18.0,6,11.2116,55.704,744.4792,13.3649,818.9272,1.4657,2.4462,3.7768,25.5188,148.0,896.0,5.4272,6.5934,12.7235,0.0986,15.9998,13.5999,True,True
5.0,4.0,200.0,18.0,8,11.2116,75.2328,1015.199,13.4941,1116.7189,1.4866,3.3869,5.3088,26.281,202.0,1004.0,7.2363,8.7912,17.8128,0.1314,15.9998,13.5999,True,True
5.0,4.0,200.0,18.0,10,11.2116,94.7615,1285.9187,13.5701,1414.5105,1.4994,4.3288,6.8478,27.7237,247.0,1094.0,9.0454,10.989,20.3575,0.1643,15.9998,13.5999,True,True
5.0,4.0,200.0,18.0,12,11.2116,114.2903,1556.6384,13.62,1712.3022,1.5079,5.2701,8.3872,27.8646,301.0,1202.0,10.8544,13.1868,25.4469,0.1971,15.9998,13.5999,True,True
5.0,4.0,200.0,18.0,16,11.2116,153.3477,2098.0778,13.6818,2307.8856,1.5184,7.1555,11.4731,28.6828,400.0,1400.0,14.4726,17.5824,33.081,0.2629,15.9998,13.5999,True,True
5.0,4.0,200.0,22.0,4,11.2116,48.4724,571.159,11.7832,628.2749,1.4244,1.8125,2.7139,24.2313,112.0,824.0,4.2967,5.0742,12.7235,0.0801,15.9998,13.5999,True,True
5.0,4.0,200.0,22.0,6,11.2116,75.028,897.5356,11.9627,987.2891,1.4593,2.9382,4.5151,28.7583,157.0,914.0,6.4451,7.6113,15.2681,0.1202,15.9998,13.5999,True,True
5.0,4.0,200.0,22.0,8,11.2116,101.5837,1223.9122,12.0483,1346.3034,1.4765,4.0585,6.3152,29.93,211.0,1022.0,8.5935,10.1484,20.3575,0.1603,15.9998,13.5999,True,True
5.0,4.0,200.0,22.0,10,11.2116,128.1393,1550.2887,12.0985,1705.3176,1.4869,5.1831,8.1261,30.6645,265.0,1130.0,10.7418,12.6854,25.4469,0.2003,15.9998,13.5999,True,True
5.0,4.0,200.0,22.0,12,11.2116,154.695,1876.6653,12.1314,2064.3318,1.494,6.3025,9.9316,32.0374,310.0,1220.0,12.8902,15.2225,27.9916,0.2404,15.9998,13.5999,True,True
5.0,4.0,200.0,22.0,16,11.2116,207.8063,2529.4185,12.172,2782.3603,1.5019,8.5453,13.5424,32.3981,418.0,1436.0,17.1869,20.2967,38.1704,0.3205,15.9998,13.5999,True,True
5.0,4.0,200.0,26.0,4,11.2116,74.712,668.8244,8.952,735.7068,1.3857,2.0479,2.9768,26.579,112.0,824.0,4.9753,5.7528,12.7235,0.0946,15.9998,13.5999,True,True
5.0,4.0,200.0,26.0,6,11.2116,116.2617,1051.0098,9.04,1156.1108,1.4132,3.3117,4.917,29.6204,166.0,932.0,7.463,8.6291,17.8128,0.1418,15.9998,13.5999,True,True
5.0,4.0,200.0,26.0,8,11.2116,157.8114,1433.1951,9.0817,1576.5147,1.4265,4.5738,6.859,31.1771,220.0,1040.0,9.9506,11.5055,22.9022,0.1891,15.9998,13.5999,True,True
5.0,4.0,200.0,26.0,10,11.2116,199.3611,1815.3805,9.106,1996.9186,1.4347,5.837,8.8076,32.1445,274.0,1148.0,12.4383,14.3819,27.9916,0.2364,15.9998,13.5999,True,True
5.0,4.0,200.0,26.0,12,11.2116,240.9108,2197.5659,9.1219,2417.3225,1.4399,7.1029,10.7594,32.8031,328.0,1256.0,14.9259,17.2583,33.081,0.2837,15.9998,13.5999,True,True
5.0,4.0,200.0,26.0,16,11.2116,324.0102,2961.9366,9.1415,3258.1303,1.4462,9.6254,14.6486,33.5977,436.0,1472.0,19.9012,23.0111,43.2597,0.3782,15.9998,13.5999,True,True
6.0,1.5,200.0,18.0,4,13.1321,29.46,395.383,13.421,434.9213,1.4073,1.6897,2.4974,29.7308,84.0,772.0,1.3568,1.6483,3.817,0.0246,13.5417,11.5104,False,True
6.0,1.5,200.0,18.0,6,13.1321,45.1514,621.3161,13.7607,683.4477,1.4563,2.7753,4.2552,35.0226,121.5,847.0,2.0352,2.4725,4.7713,0.037,13.5417,11.5104,False,True
6.0,1.5,200.0,18.0,8,13.1321,60.8428,847.2492,13.9252,931.9741,1.4809,3.8603,6.0262,36.1931,166.5,937.0,2.7136,3.2967,6.6798,0.0493,13.5417,11.5104,False,True
6.0,1.5,200.0,18.0,10,13.1321,76.5342,1073.1823,14.0223,1180.5006,1.4962,4.941,7.7984,38.2275,204.0,1012.0,3.392,4.1209,7.6341,0.0616,13.5417,11.5104,False,True
6.0,1.5,200.0,18.0,12,13.1321,92.2256,1299.1155,14.0863,1429.027,1.5062,6.0249,9.5769,38.4614,249.0,1102.0,4.0704,4.945,9.5426,0.0739,13.5417,11.5104,False,True
6.0,1.5,200.0,18.0,16,13.1321,123.6084,1750.9817,14.1656,1926.0799,1.5188,8.1869,13.1299,39.6076,331.5,1267.0,5.4272,6.5934,12.4054,0.0986,13.5417,11.5104,False,True
6.0,1.5,200.0,22.0,4,13.1321,39.2776,476.3477,12.1277,523.9825,1.4124,2.0489,3.0401,33.2249,91.5,787.0,1.6113,1.9028,4.7713,0.0301,13.5417,11.5104,False,True
6.0,1.5,200.0,22.0,6,13.1321,60.579,748.5464,12.3565,823.401,1.4537,3.343,5.1158,39.6577,129.0,862.0,2.4169,2.8542,5.7256,0.0451,13.5417,11.5104,False,True
6.0,1.5,200.0,22.0,8,13.1321,81.8805,1020.7451,12.4663,1122.8196,1.4733,4.6302,7.1881,41.3109,174.0,952.0,3.2225,3.8056,7.6341,0.0601,13.5417,11.5104,False,True
6.0,1.5,200.0,22.0,10,13.1321,103.182,1292.9438,12.5307,1422.2382,1.4856,5.9191,9.2717,42.3365,219.0,1042.0,4.0282,4.757,9.5426,0.0751,13.5417,11.5104,False,True
6.0,1.5,200.0,22.0,12,13.1321,124.4834,1565.1425,12.5731,1721.6567,1.4939,7.2072,11.3561,44.2732,256.5,1117.0,4.8338,5.7085,10.4968,0.0902,13.5417,11.5104,False,True
6.0,1.5,200.0,22.0,16,13.1321,167.0864,2109.5399,12.6254,2320.4938,1.5048,9.7868,15.5412,44.8519,346.5,1297.0,6.4451,7.6113,14.3139,0.1202,13.5417,11.5104,False,True
6.0,1.5,200.0,26.0,4,13.1321,60.2542,557.8354,9.258,613.619,1.3792,2.3259,3.3641,36.7659,91.5,787.0,1.8657,2.1573,4.7713,0.0355,13.5417,11.5104,False,True
6.0,1.5,200.0,26.0,6,13.1321,93.5423,876.5985,9.3711,964.2584,1.4114,3.7829,5.6088,41.0898,136.5,877.0,2.7986,3.2359,6.6798,0.0532,13.5417,11.5104,False,True
6.0,1.5,200.0,26.0,8,13.1321,126.8304,1195.3617,9.4249,1314.8978,1.4275,5.2382,7.8618,43.3158,181.5,967.0,3.7315,4.3146,8.5883,0.0709,13.5417,11.5104,False,True
6.0,1.5,200.0,26.0,10,13.1321,160.1186,1514.1248,9.4563,1665.5372,1.4373,6.6903,10.1147,44.6566,226.5,1057.0,4.6644,5.3932,10.4968,0.0886,13.5417,11.5104,False,True
6.0,1.5,200.0,26.0,12,13.1321,193.4067,1832.8879,9.4769,2016.1767,1.4433,8.1512,12.3787,45.5937,271.5,1147.0,5.5972,6.4719,12.4054,0.1064,13.5417,11.5104,False,True
6.0,1.5,200.0,26.0,16,13.1321,259.9829,2470.4141,9.5022,2717.4555,1.4514,11.0617,16.8994,46.7481,361.5,1327.0,7.463,8.6291,16.2224,0.1418,13.5417,11.5104,False,True
6.0,2.0,200.0,18.0,4,13.1321,31.2912,397.3833,12.6995,437.1216,1.4,1.6866,2.4789,27.5435,90.0,784.0,1.8091,2.1978,5.0894,0.0329,14.6902,12.4866,False,True
6.0,2.0,200.0,18.0,6,13.1321,48.029,624.4594,13.0017,686.9053,1.448,2.7732,4.2261,32.5087,130.0,864.0,2.7136,3.2967,6.3617,0.0493,14.6902,12.4866,False,True
6.0,2.0,200.0,18.0,8,13.1321,64.7668,851.5355,13.1477,936.6891,1.4727,3.8583,5.9873,33.6366,178.0,960.0,3.6181,4.3956,8.9064,0.0657,14.6902,12.4866,False,True
6.0,2.0,200.0,18.0,10,13.1321,81.5046,1078.6117,13.2338,1186.4729,1.487,4.9394,7.7445,35.525,218.0,1040.0,4.5227,5.4945,10.1788,0.0821,14.6902,12.4866,False,True
6.0,2.0,200.0,18.0,12,13.1321,98.2424,1305.6878,13.2905,1436.2566,1.4967,6.0236,9.5104,35.7534,266.0,1136.0,5.4272,6.5934,12.7235,0.0986,14.6902,12.4866,False,True
6.0,2.0,200.0,18.0,16,13.1321,131.718,1759.8401,13.3607,1935.8241,1.509,8.1862,13.0383,36.8314,354.0,1312.0,7.2363,8.7912,16.5405,0.1314,14.6902,12.4866,False,True
6.0,2.0,200.0,22.0,4,13.1321,41.7452,478.1121,11.4531,525.9234,1.4038,2.0391,3.0059,30.6723,98.0,800.0,2.1484,2.5371,6.3617,0.0401,14.6902,12.4866,False,True
6.0,2.0,200.0,22.0,6,13.1321,64.4567,751.3191,11.6562,826.451,1.4436,3.331,5.0597,36.6646,138.0,880.0,3.2225,3.8056,7.6341,0.0601,14.6902,12.4866,False,True
6.0,2.0,200.0,22.0,8,13.1321,87.1682,1024.526,11.7534,1126.9786,1.4633,4.615,7.1128,38.241,186.0,976.0,4.2967,5.0742,10.1788,0.0801,14.6902,12.4866,False,True
6.0,2.0,200.0,22.0,10,13.1321,109.8797,1297.733,11.8105,1427.5063,1.4754,5.9008,9.175,39.2096,234.0,1072.0,5.3709,6.3427,12.7235,0.1002,14.6902,12.4866,False,True
6.0,2.0,200.0,22.0,12,13.1321,132.5913,1570.9399,11.848,1728.0339,1.4834,7.1856,11.2378,41.0139,274.0,1152.0,6.4451,7.6113,13.9958,0.1202,14.6902,12.4866,False,True
6.0,2.0,200.0,22.0,16,13.1321,178.0143,2117.3538,11.8943,2329.0892,1.4934,9.7593,15.3725,41.5473,370.0,1344.0,8.5935,10.1484,19.0852,0.1603,14.6902,12.4866,False,True
6.0,2.0,200.0,26.0,4,13.1321,63.8917,559.3603,8.7548,615.2963,1.3681,2.3053,3.3054,33.7284,98.0,800.0,2.4877,2.8764,6.3617,0.0473,14.6902,12.4866,False,True
6.0,2.0,200.0,26.0,6,13.1321,99.2585,878.9947,8.8556,966.8942,1.4,3.7526,5.5155,37.7772,146.0,896.0,3.7315,4.3146,8.9064,0.0709,14.6902,12.4866,False,True
6.0,2.0,200.0,26.0,8,13.1321,134.6252,1198.6292,8.9035,1318.4921,1.4151,5.1994,7.7305,39.848,194.0,992.0,4.9753,5.7528,11.4511,0.0946,14.6902,12.4866,False,True
6.0,2.0,200.0,26.0,10,13.1321,169.9919,1518.2636,8.9314,1670.09,1.4246,6.6452,9.9512,41.1206,242.0,1088.0,6.2191,7.191,13.9958,0.1182,14.6902,12.4866,False,True
6.0,2.0,200.0,26.0,12,13.1321,205.3586,1837.8981,8.9497,2021.6879,1.431,8.0876,12.1701,41.9659,290.0,1184.0,7.463,8.6291,16.5405,0.1418,14.6902,12.4866,False,True
6.0,2.0,200.0,26.0,16,13.1321,276.092,2477.167,8.9723,2724.8837,1.4389,10.9778,16.6164,43.0477,386.0,1376.0,9.9506,11.5055,21.6299,0.1891,14.6902,12.4866,False,True
6.0,2.5,200.0,18.0,4,13.1321,33.0848,398.4668,12.0438,438.3135,1.3923,1.6791,2.4535,25.5571,96.0,796.0,2.2613,2.7472,6.3617,0.0411,15.6533,13.3053,True,True
6.0,2.5,200.0,18.0,6,13.1321,50.8476,626.1621,12.3145,688.7783,1.4394,2.7605,4.18,30.1808,138.5,881.0,3.392,4.1209,7.9522,0.0616,15.6533,13.3053,True,True
6.0,2.5,200.0,18.0,8,13.1321,68.6104,853.8574,12.445,939.2432,1.463,3.842,5.9199,31.2395,189.5,983.0,4.5227,5.4945,11.133,0.0821,15.6533,13.3053,True,True
6.0,2.5,200.0,18.0,10,13.1321,86.3732,1081.5528,12.5219,1189.708,1.4776,4.9247,7.6693,33.0572,232.0,1068.0,5.6533,6.8681,12.7235,0.1027,15.6533,13.3053,True,True
6.0,2.5,200.0,18.0,12,13.1321,104.1359,1309.2481,12.5725,1440.1729,1.4871,5.9999,9.408,33.2439,283.0,1170.0,6.784,8.2417,15.9043,0.1232,15.6533,13.3053,True,True
6.0,2.5,200.0,18.0,16,13.1321,139.6615,1764.6387,12.6351,1941.1026,1.4991,8.1551,12.8982,34.2581,376.5,1357.0,9.0454,10.989,20.6756,0.1643,15.6533,13.3053,True,True
6.0,2.5,200.0,22.0,4,13.1321,44.1308,479.7624,10.8714,527.7386,1.3953,2.0306,2.9737,28.4567,104.5,813.0,2.6855,3.1714,7.9522,0.0501,15.6533,13.3053,True,True
6.0,2.5,200.0,22.0,6,13.1321,68.2055,753.9123,11.0535,829.3036,1.4342,3.3151,5.0003,34.0158,147.0,898.0,4.0282,4.757,9.5426,0.0751,15.6533,13.3053,True,True
6.0,2.5,200.0,22.0,8,13.1321,92.2803,1028.0623,11.1407,1130.8685,1.4541,4.5995,7.0408,35.5598,198.0,1000.0,5.3709,6.3427,12.7235,0.1002,15.6533,13.3053,True,True
6.0,2.5,200.0,22.0,10,13.1321,116.355,1302.2122,11.1917,1432.4335,1.4659,5.882,9.0824,36.4756,249.0,1102.0,6.7136,7.9284,15.9043,0.1252,15.6533,13.3053,True,True
6.0,2.5,200.0,22.0,12,13.1321,140.4297,1576.3622,11.2253,1733.9984,1.4737,7.1635,11.1245,38.1629,291.5,1187.0,8.0564,9.5141,17.4947,0.1503,15.6533,13.3053,True,True
6.0,2.5,200.0,22.0,16,13.1321,188.5792,2124.6621,11.2667,2337.1283,1.4828,9.72,15.194,38.6124,393.5,1391.0,10.7418,12.6854,23.8565,0.2003,15.6533,13.3053,True,True
6.0,2.5,200.0,26.0,4,13.1321,67.2735,561.044,8.3397,617.1484,1.3588,2.2881,3.2567,31.165,104.5,813.0,3.1096,3.5955,7.9522,0.0591,15.6533,13.3053,True,True
6.0,2.5,200.0,26.0,6,13.1321,104.5726,881.6405,8.4309,969.8046,1.3894,3.7252,5.4309,34.9256,155.5,915.0,4.6644,5.3932,11.133,0.0886,15.6533,13.3053,True,True
6.0,2.5,200.0,26.0,8,13.1321,141.8717,1202.2371,8.4741,1322.4608,1.4047,5.1593,7.6106,36.8553,206.5,1017.0,6.2191,7.191,14.3139,0.1182,15.6533,13.3053,True,True
6.0,2.5,200.0,26.0,10,13.1321,179.1709,1522.8336,8.4993,1675.117,1.414,6.5996,9.804,38.0738,257.5,1119.0,7.7739,8.9887,17.4947,0.1477,15.6533,13.3053,True,True
6.0,2.5,200.0,26.0,12,13.1321,216.47,1843.4302,8.5159,2027.7732,1.4197,8.0332,11.9854,38.8507,308.5,1221.0,9.3287,10.7864,20.6756,0.1773,15.6533,13.3053,True,True
6.0,2.5,200.0,26.0,16,13.1321,291.0683,2484.6233,8.5362,2733.0856,1.4273,10.9058,16.3653,39.8668,410.5,1425.0,12.4383,14.3819,27.0373,0.2364,15.6533,13.3053,True,True
6.0,3.0,200.0,18.0,4,13.1321,34.8437,400.3231,11.4891,440.3554,1.3852,1.6749,2.4338,23.8606,102.0,808.0,2.7136,3.2967,7.6341,0.0493,16.4639,13.9943,True,True
6.0,3.0,200.0,18.0,6,13.1321,53.6115,629.0792,11.734,691.9871,1.4318,2.7579,4.1525,28.2482,147.0,898.0,4.0704,4.945,9.5426,0.0739,16.4639,13.9943,True,True
6.0,3.0,200.0,18.0,8,13.1321,72.3793,857.8352,11.8519,943.6187,1.4549,3.8393,5.8808,29.2579,201.0,1006.0,5.4272,6.5934,13.3596,0.0986,16.4639,13.9943,True,True
6.0,3.0,200.0,18.0,10,13.1321,91.1471,1086.5913,11.9213,1195.2504,1.4692,4.9164,7.6099,30.9347,246.0,1096.0,6.784,8.2417,15.2681,0.1232,16.4639,13.9943,True,True
6.0,3.0,200.0,18.0,12,13.1321,109.915,1315.3473,11.967,1446.8821,1.4785,5.9969,9.3452,31.1508,300.0,1204.0,8.1408,9.8901,19.0852,0.1479,16.4639,13.9943,True,True
6.0,3.0,200.0,18.0,16,13.1321,147.4506,1772.8594,12.0234,1950.1454,1.4902,8.1521,12.8118,32.1098,399.0,1402.0,10.8544,13.1868,24.8107,0.1971,16.4639,13.9943,True,True
6.0,3.0,200.0,22.0,4,13.1321,46.3506,480.6363,10.3696,528.7,1.3871,2.0184,2.9373,26.4618,111.0,826.0,3.2225,3.8056,9.5426,0.0601,16.4639,13.9943,True,True
6.0,3.0,200.0,22.0,6,13.1321,71.6939,755.2856,10.5349,830.8142,1.4259,3.2983,4.9441,31.6928,156.0,916.0,4.8338,5.7085,11.4511,0.0902,16.4639,13.9943,True,True
6.0,3.0,200.0,22.0,8,13.1321,97.0371,1029.935,10.6138,1132.9285,1.4448,4.5724,6.9514,33.1018,210.0,1024.0,6.4451,7.6113,15.2681,0.1202,16.4639,13.9943,True,True
6.0,3.0,200.0,22.0,10,13.1321,122.3803,1304.5843,10.6601,1435.0427,1.4557,5.8485,8.9637,33.9534,264.0,1132.0,8.0564,9.5141,19.0852,0.1503,16.4639,13.9943,True,True
6.0,3.0,200.0,22.0,12,13.1321,147.7235,1579.2336,10.6905,1737.157,1.4634,7.1236,10.9795,35.5323,309.0,1222.0,9.6676,11.4169,20.9937,0.1803,16.4639,13.9943,True,True
6.0,3.0,200.0,22.0,16,13.1321,198.41,2128.5323,10.7279,2341.3855,1.4735,9.6776,15.0268,36.0354,417.0,1438.0,12.8902,15.2225,28.6278,0.2404,16.4639,13.9943,True,True
6.0,3.0,200.0,26.0,4,13.1321,70.7114,562.1808,7.9504,618.3988,1.3488,2.2655,3.1989,28.8191,111.0,826.0,3.7315,4.3146,9.5426,0.0709,16.4639,13.9943,True,True
6.0,3.0,200.0,26.0,6,13.1321,109.9751,883.4269,8.033,971.7696,1.3786,3.6914,5.3366,32.3433,165.0,934.0,5.5972,6.4719,13.3596,0.1064,16.4639,13.9943,True,True
6.0,3.0,200.0,26.0,8,13.1321,149.2387,1204.673,8.0721,1325.1404,1.3941,5.1164,7.4859,34.1822,219.0,1042.0,7.463,8.6291,17.1767,0.1418,16.4639,13.9943,True,True
6.0,3.0,200.0,26.0,10,13.1321,188.5024,1525.9192,8.095,1678.5111,1.4025,6.5431,9.6358,35.2959,273.0,1150.0,9.3287,10.7864,20.9937,0.1773,16.4639,13.9943,True,True
6.0,3.0,200.0,26.0,12,13.1321,227.7661,1847.1653,8.1099,2031.8819,1.4081,7.9654,11.7802,36.0252,327.0,1258.0,11.1944,12.9437,24.8107,0.2127,16.4639,13.9943,True,True
6.0,3.0,200.0,26.0,16,13.1321,306.2934,2489.6576,8.1283,2738.6234,1.4155,10.8156,16.0863,36.9801,435.0,1474.0,14.9259,17.2583,32.4448,0.2837,16.4639,13.9943,True,True
6.0,4.0,200.0,18.0,4,13.1321,39.0326,400.8762,10.2703,440.9638,1.3671,1.6455,2.3574,20.6793,114.0,832.0,3.6181,4.3956,10.1788,0.0657,17.7829,15.1155,True,True
6.0,4.0,200.0,18.0,6,13.1321,60.194,629.9483,10.4653,692.9431,1.4119,2.7144,4.0261,24.5495,164.0,932.0,5.4272,6.5934,12.7235,0.0986,17.7829,15.1155,True,True
6.0,4.0,200.0,18.0,8,13.1321,81.3555,859.0204,10.5588,944.9224,1.434,3.7818,5.7038,25.4633,224.0,1052.0,7.2363,8.7912,17.8128,0.1314,17.7829,15.1155,True,True
6.0,4.0,200.0,18.0,10,13.1321,102.517,1088.0925,10.6138,1196.9017,1.4477,4.8458,7.3832,26.946,274.0,1152.0,9.0454,10.989,20.3575,0.1643,17.7829,15.1155,True,True
6.0,4.0,200.0,18.0,12,13.1321,123.6784,1317.1646,10.6499,1448.8811,1.456,5.9065,9.0544,27.1089,334.0,1272.0,10.8544,13.1868,25.4469,0.1971,17.7829,15.1155,True,True
6.0,4.0,200.0,18.0,16,13.1321,166.0013,1775.3088,10.6945,1952.8397,1.4672,8.0326,12.4153,27.9625,444.0,1492.0,14.4726,17.5824,33.081,0.2629,17.7829,15.1155,True,True
6.0,4.0,200.0,22.0,4,13.1321,51.8705,482.217,9.2966,530.4387,1.3674,1.9833,2.8421,22.9201,124.0,852.0,4.2967,5.0742,12.7235,0.0801,17.7829,15.1155,True,True
6.0,4.0,200.0,22.0,6,13.1321,80.368,757.7695,9.4288,833.5465,1.4044,3.2462,4.7873,27.5131,174.0,952.0,6.4451,7.6113,15.2681,0.1202,17.7829,15.1155,True,True
6.0,4.0,200.0,22.0,8,13.1321,108.8654,1033.3221,9.4917,1136.6543,1.4224,4.5084,6.7405,28.8054,234.0,1072.0,8.5935,10.1484,20.3575,0.1603,17.7829,15.1155,True,True
6.0,4.0,200.0,22.0,10,13.1321,137.3629,1308.8747,9.5286,1439.7621,1.4334,5.7627,8.6874,29.549,294.0,1192.0,10.7418,12.6854,25.4469,0.2003,17.7829,15.1155,True,True
6.0,4.0,200.0,22.0,12,13.1321,165.8603,1584.4272,9.5528,1742.87,1.4407,7.0214,10.6426,30.0638,354.0,1312.0,12.8902,15.2225,30.5363,0.2404,17.7829,15.1155,True,True
6.0,4.0,200.0,22.0,16,13.1321,222.8552,2135.5324,9.5826,2349.0856,1.4498,9.5426,14.5616,31.3827,464.0,1532.0,17.1869,20.2967,38.1704,0.3205,17.7829,15.1155,True,True
6.0,4.0,200.0,26.0,4,13.1321,78.2507,563.5224,7.2015,619.8746,1.3273,2.2096,3.0665,24.7299,124.0,852.0,4.9753,5.7528,12.7235,0.0946,17.7829,15.1155,True,True
6.0,4.0,200.0,26.0,6,13.1321,121.8225,885.5352,7.2691,974.0887,1.3558,3.6074,5.122,27.8371,184.0,972.0,7.463,8.6291,17.8128,0.1418,17.7829,15.1155,True,True
6.0,4.0,200.0,26.0,8,13.1321,165.3943,1207.548,7.301,1328.3028,1.3699,5.0057,7.1875,29.4569,244.0,1092.0,9.9506,11.5055,22.9022,0.1891,17.7829,15.1155,True,True
6.0,4.0,200.0,26.0,10,13.1321,208.9661,1529.5608,7.3197,1682.5169,1.3785,6.4025,9.2548,30.4433,304.0,1212.0,12.4383,14.3819,27.9916,0.2364,17.7829,15.1155,True,True
6.0,4.0,200.0,26.0,12,13.1321,252.5379,1851.5736,7.3319,2036.731,1.3837,7.7964,11.316,31.0879,364.0,1332.0,14.9259,17.2583,33.081,0.2837,17.7829,15.1155,True,True
6.0,4.0,200.0,26.0,16,13.1321,339.6815,2495.5992,7.3469,2745.1592,1.3908,10.5899,15.4549,31.9315,484.0,1572.0,19.9012,23.0111,43.2597,0.3782,17.7829,15.1155,True,True
8.0,1.5,200.0,18.0,4,16.9071,34.9913,303.3758,8.67,333.7134,1.3055,1.9005,2.5907,24.4408,106.0,824.0,1.3568,1.6483,3.817,0.0246,15.4581,13.1394,False,True
8.0,1.5,200.0,18.0,6,16.9071,53.8435,476.7334,8.8541,524.4067,1.3572,3.2106,4.5638,27.9987,163.0,938.0,2.0352,2.4725,5.7256,0.037,15.4581,13.1394,False,True
8.0,1.5,200.0,18.0,8,16.9071,72.6957,650.0909,8.9426,715.1,1.3833,4.5174,6.5548,31.1392,210.5,1033.0,2.7136,3.2967,6.6798,0.0493,15.4581,13.1394,False,True
8.0,1.5,200.0,18.0,10,16.9071,91.5479,823.4485,8.9947,905.7934,1.3998,5.8205,8.5533,33.1523,258.0,1128.0,3.392,4.1209,7.6341,0.0616,15.4581,13.1394,False,True
8.0,1.5,200.0,18.0,12,16.9071,110.4001,996.8061,9.029,1096.4867,1.4102,7.1251,10.5541,33.5051,315.0,1242.0,4.0704,4.945,9.5426,0.0739,15.4581,13.1394,False,True
8.0,1.5,200.0,18.0,16,16.9071,148.1045,1343.5213,9.0714,1477.8734,1.4236,9.7298,14.5603,34.7086,419.5,1451.0,5.4272,6.5934,12.4054,0.0986,15.4581,13.1394,False,True
8.0,1.5,200.0,22.0,4,16.9071,45.9215,364.1064,7.9289,400.517,1.3095,2.2998,3.1456,27.2344,115.5,843.0,1.6113,1.9028,4.7713,0.0301,15.4581,13.1394,False,True
8.0,1.5,200.0,22.0,6,16.9071,71.0196,572.1672,8.0565,629.3839,1.353,3.8417,5.4426,33.3902,163.0,938.0,2.4169,2.8542,5.7256,0.0451,15.4581,13.1394,False,True
8.0,1.5,200.0,22.0,8,16.9071,96.1176,780.228,8.1174,858.2508,1.3747,5.3784,7.7514,35.2336,220.0,1052.0,3.2225,3.8056,7.6341,0.0601,15.4581,13.1394,False,True
8.0,1.5,200.0,22.0,10,16.9071,121.2156,988.2888,8.1531,1087.1177,1.3879,6.9142,10.0677,36.3454,277.0,1166.0,4.0282,4.757,9.5426,0.0751,15.4581,13.1394,False,True
8.0,1.5,200.0,22.0,12,16.9071,146.3136,1196.3496,8.1766,1315.9845,1.3962,8.4454,12.3772,37.0574,334.0,1280.0,4.8338,5.7085,11.4511,0.0902,15.4581,13.1394,False,True
8.0,1.5,200.0,22.0,16,16.9071,196.5096,1612.4712,8.2056,1773.7183,1.4075,11.5167,17.0251,38.8258,438.5,1489.0,6.4451,7.6113,14.3139,0.1202,15.4581,13.1394,False,True
8.0,1.5,200.0,26.0,4,16.9071,67.7026,425.2197,6.2807,467.7417,1.2745,2.5418,3.376,29.2294,115.5,843.0,1.8657,2.1573,4.7713,0.0355,15.4581,13.1394,False,False
8.0,1.5,200.0,26.0,6,16.9071,105.247,668.2024,6.3489,735.0226,1.3088,4.2321,5.7848,33.535,172.5,957.0,2.7986,3.2359,6.6798,0.0532,15.4581,13.1394,False,True
8.0,1.5,200.0,26.0,8,16.9071,142.7914,911.1851,6.3812,1002.3036,1.3252,5.9199,8.2017,35.7371,229.5,1071.0,3.7315,4.3146,8.5883,0.0709,15.4581,13.1394,False,True
8.0,1.5,200.0,26.0,10,16.9071,180.3358,1154.1678,6.4001,1269.5845,1.3358,7.6119,10.6366,37.126,286.5,1185.0,4.6644,5.3932,10.4968,0.0886,15.4581,13.1394,False,True
8.0,1.5,200.0,26.0,12,16.9071,217.8801,1397.1504,6.4125,1536.8655,1.3423,9.2908,13.0511,37.9944,343.5,1299.0,5.5972,6.4719,12.4054,0.1064,15.4581,13.1394,False,True
8.0,1.5,200.0,26.0,16,16.9071,292.9689,1883.1158,6.4277,2071.4274,1.3505,12.6679,17.9122,39.1523,457.5,1527.0,7.463,8.6291,16.2224,0.1418,15.4581,13.1394,False,True
8.0,2.0,200.0,18.0,4,16.9071,36.732,305.2158,8.3093,335.7374,1.2985,1.8919,2.564,22.8932,112.0,836.0,1.8091,2.1978,5.0894,0.0329,16.7947,14.2755,False,False
8.0,2.0,200.0,18.0,6,16.9071,56.5788,479.6249,8.4771,527.5874,1.3489,3.2005,4.5195,26.2764,172.0,956.0,2.7136,3.2967,7.6341,0.0493,16.7947,14.2755,False,True
8.0,2.0,200.0,18.0,8,16.9071,76.4257,654.0339,8.5578,719.4373,1.3749,4.5053,6.4945,29.2544,222.0,1056.0,3.6181,4.3956,8.9064,0.0657,16.7947,14.2755,False,True
8.0,2.0,200.0,18.0,10,16.9071,96.2725,828.443,8.6052,911.2873,1.3904,5.8059,8.4705,31.1417,272.0,1156.0,4.5227,5.4945,10.1788,0.0821,16.7947,14.2755,False,True
8.0,2.0,200.0,18.0,12,16.9071,116.1194,1002.852,8.6364,1103.1372,1.4011,7.1081,10.4562,31.4945,332.0,1276.0,5.4272,6.5934,12.7235,0.0986,16.7947,14.2755,False,True
8.0,2.0,200.0,18.0,16,16.9071,155.8131,1351.6701,8.6749,1486.8371,1.4142,9.7079,14.4243,32.6341,442.0,1496.0,7.2363,8.7912,16.5405,0.1314,16.7947,14.2755,False,True
8.0,2.0,200.0,22.0,4,16.9071,48.2286,365.7719,7.5841,402.3491,1.3016,2.2825,3.1013,25.4207,122.0,856.0,2.1484,2.5371,6.3617,0.0401,16.7947,14.2755,False,True
8.0,2.0,200.0,22.0,6,16.9071,74.6449,574.7844,7.7002,632.2628,1.3435,3.8153,5.3645,31.1887,172.0,956.0,3.2225,3.8056,7.6341,0.0601,16.7947,14.2755,False,True
8.0,2.0,200.0,22.0,8,16.9071,101.0613,783.7969,7.7557,862.1766,1.3647,5.3439,7.6413,32.9367,232.0,1076.0,4.2967,5.0742,10.1788,0.0801,16.7947,14.2755,False,True
8.0,2.0,200.0,22.0,10,16.9071,127.4776,992.8094,7.7881,1092.0904,1.3775,6.8717,9.9253,33.9908,292.0,1196.0,5.3709,6.3427,12.7235,0.1002,16.7947,14.2755,False,True
8.0,2.0,200.0,22.0,12,16.9071,153.8939,1201.8219,7.8094,1322.0041,1.3856,8.3947,12.2025,34.6661,352.0,1316.0,6.4451,7.6113,15.2681,0.1202,16.7947,14.2755,False,True
8.0,2.0,200.0,22.0,16,16.9071,206.7266,1619.8469,7.8357,1781.8316,1.3966,11.4497,16.7851,36.3315,462.0,1536.0,8.5935,10.1484,19.0852,0.1603,16.7947,14.2755,False,True
8.0,2.0,200.0,26.0,4,16.9071,70.9657,426.7039,6.0128,469.3743,1.2649,2.5038,3.2984,27.0361,122.0,856.0,2.4877,2.8764,6.3617,0.0473,16.7947,14.2755,False,False
8.0,2.0,200.0,26.0,6,16.9071,110.3747,670.5347,6.0751,737.5882,1.2978,4.1788,5.6604,31.101,182.0,976.0,3.7315,4.3146,8.9064,0.0709,16.7947,14.2755,False,False
8.0,2.0,200.0,26.0,8,16.9071,149.7837,914.3655,6.1046,1005.8021,1.3143,5.8502,8.033,33.194,242.0,1096.0,4.9753,5.7528,11.4511,0.0946,16.7947,14.2755,False,True
8.0,2.0,200.0,26.0,10,16.9071,189.1926,1158.1963,6.1218,1274.0159,1.3241,7.5157,10.403,34.4471,302.0,1216.0,6.2191,7.191,13.9958,0.1182,16.7947,14.2755,False,True
8.0,2.0,200.0,26.0,12,16.9071,228.6016,1402.0271,6.1331,1542.2298,1.3304,9.1864,12.7813,35.3074,362.0,1336.0,7.463,8.6291,16.5405,0.1418,16.7947,14.2755,False,True
8.0,2.0,200.0,26.0,16,16.9071,307.4196,1889.6887,6.1469,2078.6576,1.3389,12.5205,17.5394,36.3887,482.0,1576.0,9.9506,11.5055,21.6299,0.1891,16.7947,14.2755,False,True
8.0,2.5,200.0,18.0,4,16.9071,38.4216,306.373,7.974,337.0103,1.2915,1.8767,2.5286,21.4291,118.0,848.0,2.2613,2.7472,6.3617,0.0411,17.9151,15.2278,False,False
8.0,2.5,200.0,18.0,6,16.9071,59.2339,481.4433,8.1278,529.5876,1.3409,3.1812,4.4637,24.6611,181.0,974.0,3.392,4.1209,9.5426,0.0616,17.9151,15.2278,False,True
8.0,2.5,200.0,18.0,8,16.9071,80.0463,656.5136,8.2017,722.165,1.3664,4.4805,6.4154,27.4749,233.5,1079.0,4.5227,5.4945,11.133,0.0821,17.9151,15.2278,False,True
8.0,2.5,200.0,18.0,10,16.9071,100.8586,831.5839,8.245,914.7423,1.3815,5.7754,8.368,28.2225,296.5,1205.0,5.6533,6.8681,14.3139,0.1027,17.9151,15.2278,False,True
8.0,2.5,200.0,18.0,12,16.9071,121.6709,1006.6542,8.2736,1107.3196,1.3919,7.072,10.3299,29.5986,349.0,1310.0,6.784,8.2417,15.9043,0.1232,17.9151,15.2278,False,True
8.0,2.5,200.0,18.0,16,16.9071,163.2956,1356.7948,8.3088,1492.4742,1.4047,9.6604,14.2504,30.6789,464.5,1541.0,9.0454,10.989,20.6756,0.1643,17.9151,15.2278,False,True
8.0,2.5,200.0,22.0,4,16.9071,50.4484,367.2316,7.2794,403.9548,1.2936,2.2631,3.0546,23.7716,128.5,869.0,2.6855,3.1714,7.9522,0.0501,17.9151,15.2278,False,False
8.0,2.5,200.0,22.0,6,16.9071,78.1332,577.0782,7.3858,634.7861,1.3346,3.7874,5.2872,29.2113,181.0,974.0,4.0282,4.757,9.5426,0.0751,17.9151,15.2278,False,True
8.0,2.5,200.0,22.0,8,16.9071,105.818,786.9249,7.4366,865.6174,1.3552,5.3075,7.5329,30.8724,244.0,1100.0,5.3709,6.3427,12.7235,0.1002,17.9151,15.2278,False,True
8.0,2.5,200.0,22.0,10,16.9071,133.5028,996.7715,7.4663,1096.4486,1.3677,6.8267,9.7853,31.874,307.0,1226.0,6.7136,7.9284,15.9043,0.1252,17.9151,15.2278,False,True
8.0,2.5,200.0,22.0,12,16.9071,161.1875,1206.6181,7.4858,1327.2799,1.3762,8.3413,12.0363,32.5304,370.0,1352.0,8.0564,9.5141,19.0852,0.1503,17.9151,15.2278,False,True
8.0,2.5,200.0,22.0,16,16.9071,216.5571,1626.3114,7.5098,1788.9425,1.3864,11.3787,16.5498,34.0881,485.5,1583.0,10.7418,12.6854,23.8565,0.2003,17.9151,15.2278,False,True
8.0,2.5,200.0,26.0,4,16.9071,73.9113,428.127,5.7924,470.9397,1.2567,2.4726,3.2346,25.172,128.5,869.0,3.1096,3.5955,7.9522,0.0591,17.9151,15.2278,False,False
8.0,2.5,200.0,26.0,6,16.9071,115.0035,672.771,5.85,740.0481,1.2885,4.131,5.5523,28.9936,191.5,995.0,4.6644,5.3932,11.133,0.0886,17.9151,15.2278,False,False
8.0,2.5,200.0,26.0,8,16.9071,156.0957,917.415,5.8773,1009.1565,1.305,5.7855,7.8837,30.9771,254.5,1121.0,6.2191,7.191,14.3139,0.1182,17.9151,15.2278,False,True
8.0,2.5,200.0,26.0,10,16.9071,197.1879,1162.059,5.8932,1278.2649,1.3142,7.44,10.2148,32.1725,317.5,1247.0,7.7739,8.9887,17.4947,0.1477,17.9151,15.2278,False,True
8.0,2.5,200.0,26.0,12,16.9071,238.2801,1406.703,5.9036,1547.3733,1.3208,9.097,12.5579,33.0037,380.5,1373.0,9.3287,10.7864,20.6756,0.1773,17.9151,15.2278,False,True
8.0,2.5,200.0,26.0,16,16.9071,320.4645,1895.991,5.9164,2085.5901,1.3286,12.4008,17.2272,34.0123,506.5,1625.0,12.4383,14.3819,27.0373,0.2364,17.9151,15.2278,False,True
8.0,3.0,200.0,18.0,4,16.9071,40.0951,308.0993,7.6842,338.9093,1.2851,1.8684,2.5039,20.1927,124.0,860.0,2.7136,3.2967,7.6341,0.0493,18.9744,16.1282,False,False
8.0,3.0,200.0,18.0,6,16.9071,61.8637,484.1561,7.8262,532.5717,1.3339,3.1708,4.4239,23.2835,190.0,992.0,4.0704,4.945,11.4511,0.0739,18.9744,16.1282,False,True
8.0,3.0,200.0,18.0,8,16.9071,83.6323,660.2129,7.8942,726.2342,1.3583,4.462,6.3482,25.9112,245.0,1102.0,5.4272,6.5934,13.3596,0.0986,18.9744,16.1282,False,True
8.0,3.0,200.0,18.0,10,16.9071,105.4009,836.2697,7.9342,919.8966,1.3735,5.7598,8.2937,26.668,311.0,1234.0,6.784,8.2417,17.1767,0.1232,18.9744,16.1282,False,True
8.0,3.0,200.0,18.0,12,16.9071,127.1695,1012.3264,7.9604,1113.5591,1.3832,7.0503,10.2289,27.9478,366.0,1344.0,8.1408,9.8901,19.0852,0.1479,18.9744,16.1282,False,True
8.0,3.0,200.0,18.0,16,16.9071,170.7067,1364.44,7.9929,1500.884,1.3963,9.6367,14.1232,29.0004,487.0,1586.0,10.8544,13.1868,24.8107,0.1971,18.9744,16.1282,False,True
8.0,3.0,200.0,22.0,4,16.9071,52.4886,368.2327,7.0155,405.056,1.2862,2.242,3.0075,22.2781,135.0,882.0,3.2225,3.8056,9.5426,0.0601,18.9744,16.1282,False,False
8.0,3.0,200.0,22.0,6,16.9071,81.3393,578.6514,7.114,636.5165,1.3264,3.7569,5.2099,27.4207,190.0,992.0,4.8338,5.7085,11.4511,0.0902,18.9744,16.1282,False,True
8.0,3.0,200.0,22.0,8,16.9071,110.19,789.0701,7.161,867.9771,1.3466,5.2674,7.4248,29.0031,256.0,1124.0,6.4451,7.6113,15.2681,0.1202,18.9744,16.1282,False,True
8.0,3.0,200.0,22.0,10,16.9071,139.0406,999.4888,7.1885,1099.4377,1.3589,6.7769,9.6462,29.957,322.0,1256.0,8.0564,9.5141,19.0852,0.1503,18.9744,16.1282,False,True
8.0,3.0,200.0,22.0,12,16.9071,167.8913,1209.9075,7.2065,1330.8982,1.3666,8.288,11.8697,30.592,388.0,1388.0,9.6676,11.4169,22.9022,0.1803,18.9744,16.1282,False,True
8.0,3.0,200.0,22.0,16,16.9071,225.5926,1630.7449,7.2287,1793.8193,1.3771,11.3,16.3169,32.0568,509.0,1630.0,12.8902,15.2225,28.6278,0.2404,18.9744,16.1282,False,True
8.0,3.0,200.0,26.0,4,16.9071,77.0734,429.4966,5.5726,472.4463,1.2475,2.4324,3.1568,23.3838,135.0,882.0,3.7315,4.3146,9.5426,0.0709,18.9744,16.1282,False,False
8.0,3.0,200.0,26.0,6,16.9071,119.9725,674.9232,5.6256,742.4155,1.279,4.0737,5.4312,27.0211,201.0,1014.0,5.5972,6.4719,13.3596,0.1064,18.9744,16.1282,False,False
8.0,3.0,200.0,26.0,8,16.9071,162.8716,920.3498,5.6508,1012.3848,1.2942,5.7103,7.7111,28.8807,267.0,1146.0,7.463,8.6291,17.1767,0.1418,18.9744,16.1282,False,False
8.0,3.0,200.0,26.0,10,16.9071,205.7707,1165.7765,5.6654,1282.3541,1.3039,7.3512,10.0079,30.0539,333.0,1278.0,9.3287,10.7864,20.9937,0.1773,18.9744,16.1282,False,True
8.0,3.0,200.0,26.0,12,16.9071,248.6699,1411.2031,5.675,1552.3234,1.3099,8.9826,12.2899,30.8018,399.0,1410.0,11.1944,12.9437,24.8107,0.2127,18.9744,16.1282,False,True
8.0,3.0,200.0,26.0,16,16.9071,334.4681,1902.0563,5.6868,2092.262,1.318,12.25,16.8712,31.1276,542.0,1696.0,14.9259,17.2583,34.3533,0.2837,18.9744,16.1282,False,True
8.0,4.0,200.0,18.0,4,16.9071,43.2467,309.2886,7.1517,340.2174,1.2717,1.8324,2.428,17.8533,136.0,884.0,3.6181,4.3956,10.1788,0.0657,20.6379,17.5422,True,False
8.0,4.0,200.0,18.0,6,16.9071,66.8162,486.0249,7.2741,534.6274,1.3184,3.1165,4.2938,20.6431,208.0,1028.0,5.4272,6.5934,15.2681,0.0986,20.6379,17.5422,True,True
8.0,4.0,200.0,18.0,8,16.9071,90.3858,662.7612,7.3326,729.0373,1.3419,4.3943,6.1707,23.0251,268.0,1148.0,7.2363,8.7912,17.8128,0.1314,20.6379,17.5422,True,True
8.0,4.0,200.0,18.0,10,16.9071,113.9553,839.4976,7.3669,923.4473,1.3566,5.672,8.0588,23.7023,340.0,1292.0,9.0454,10.989,22.9022,0.1643,20.6379,17.5422,True,True
8.0,4.0,200.0,18.0,12,16.9071,137.5249,1016.2339,7.3895,1117.8573,1.3659,6.9457,9.9412,24.8529,400.0,1412.0,10.8544,13.1868,25.4469,0.1971,20.6379,17.5422,True,True
8.0,4.0,200.0,18.0,16,16.9071,184.664,1369.7065,7.4173,1506.6772,1.3784,9.4983,13.7287,25.8059,532.0,1676.0,14.4726,17.5824,33.081,0.2629,20.6379,17.5422,True,True
8.0,4.0,200.0,22.0,4,16.9071,56.6838,370.1467,6.53,407.1614,1.2713,2.1955,2.9083,19.6508,148.0,908.0,4.2967,5.0742,12.7235,0.0801,20.6379,17.5422,True,False
8.0,4.0,200.0,22.0,6,16.9071,87.9318,581.6591,6.6149,639.825,1.3099,3.6894,5.0478,24.268,208.0,1028.0,6.4451,7.6113,15.2681,0.1202,20.6379,17.5422,True,True
8.0,4.0,200.0,22.0,8,16.9071,119.1797,793.1715,6.6553,872.4886,1.3293,5.1787,7.1985,25.7089,280.0,1172.0,8.5935,10.1484,20.3575,0.1603,20.6379,17.5422,True,True
8.0,4.0,200.0,22.0,10,16.9071,150.4276,1004.6839,6.6789,1105.1523,1.341,6.6669,9.3552,26.5774,352.0,1316.0,10.7418,12.6854,25.4469,0.2003,20.6379,17.5422,True,True
8.0,4.0,200.0,22.0,12,16.9071,181.6755,1216.1963,6.6943,1337.8159,1.3484,8.1564,11.5139,27.1554,424.0,1460.0,12.8902,15.2225,30.5363,0.2404,20.6379,17.5422,True,True
8.0,4.0,200.0,22.0,16,16.9071,244.1713,1639.2211,6.7134,1803.1432,1.3585,11.1257,15.831,28.473,556.0,1724.0,17.1869,20.2967,38.1704,0.3205,20.6379,17.5422,True,True
8.0,4.0,200.0,26.0,4,16.9071,82.294,430.846,5.2354,473.9306,1.2323,2.3616,3.0242,20.4339,148.0,908.0,4.9753,5.7528,12.7235,0.0946,20.6379,17.5422,True,False
8.0,4.0,200.0,26.0,6,16.9071,128.1763,677.0437,5.2821,744.7481,1.2625,3.9664,5.2144,23.702,220.0,1052.0,7.463,8.6291,17.8128,0.1418,20.6379,17.5422,True,False
8.0,4.0,200.0,26.0,8,16.9071,174.0585,923.2414,5.3042,1015.5656,1.2775,5.5691,7.4158,25.3965,292.0,1196.0,9.9506,11.5055,22.9022,0.1891,20.6379,17.5422,True,False
8.0,4.0,200.0,26.0,10,16.9071,219.9408,1169.4392,5.3171,1286.3831,1.2864,7.1684,9.6178,26.4225,364.0,1340.0,12.4383,14.3819,27.9916,0.2364,20.6379,17.5422,True,False
8.0,4.0,200.0,26.0,12,16.9071,265.8231,1415.6369,5.3255,1557.2006,1.2922,8.7673,11.8199,27.1099,436.0,1484.0,14.9259,17.2583,33.081,0.2837,20.6379,17.5422,True,False
8.0,4.0,200.0,26.0,16,16.9071,357.5876,1908.0323,5.3358,2098.8355,1.2994,11.9621,16.2248,27.4067,592.0,1796.0,19.9012,23.0111,45.8044,0.3782,20.6379,17.5422,True,False
10.0,1.5,200.0,18.0,4,20.62,39.677,248.0463,6.2516,272.8509,1.2188,1.9442,2.4602,19.2204,128.0,876.0,1.3568,1.6483,3.817,0.0246,17.1594,14.5855,False,False
10.0,1.5,200.0,18.0,6,20.62,61.2067,389.7871,6.3684,428.7658,1.2704,3.4329,4.5439,23.0657,197.0,1014.0,2.0352,2.4725,5.7256,0.037,17.1594,14.5855,False,False
10.0,1.5,200.0,18.0,8,20.62,82.7364,531.5278,6.4244,584.6806,1.2968,4.9124,6.6486,26.1242,254.5,1129.0,2.7136,3.2967,6.6798,0.0493,17.1594,14.5855,False,False
10.0,1.5,200.0,18.0,10,20.62,104.2661,673.2685,6.4572,740.5954,1.3131,6.3868,8.7608,27.0814,323.5,1267.0,3.392,4.1209,8.5883,0.0616,17.1594,14.5855,False,True
10.0,1.5,200.0,18.0,12,20.62,125.7958,815.0093,6.4788,896.5102,1.3239,7.8584,10.8758,28.5455,381.0,1382.0,4.0704,4.945,9.5426,0.0739,17.1594,14.5855,False,True
10.0,1.5,200.0,18.0,16,20.62,168.8552,1098.4908,6.5055,1208.3399,1.338,10.7989,15.1174,29.788,507.5,1635.0,5.4272,6.5934,12.4054,0.0986,17.1594,14.5855,False,True
10.0,1.5,200.0,22.0,4,20.62,51.3456,296.634,5.7772,326.2974,1.2227,2.3527,2.9874,21.4153,139.5,899.0,1.6113,1.9028,4.7713,0.0301,17.1594,14.5855,False,False
10.0,1.5,200.0,22.0,6,20.62,79.5431,466.1391,5.8602,512.753,1.2657,4.0774,5.3751,27.2849,197.0,1014.0,2.4169,2.8542,5.7256,0.0451,17.1594,14.5855,False,False
10.0,1.5,200.0,22.0,8,20.62,107.7406,635.6443,5.8998,699.2087,1.2874,5.7955,7.7819,29.2552,266.0,1152.0,3.2225,3.8056,7.6341,0.0601,17.1594,14.5855,False,False
10.0,1.5,200.0,22.0,10,20.62,135.9381,805.1494,5.9229,885.6644,1.3007,7.5035,10.188,30.4118,335.0,1290.0,4.0282,4.757,9.5426,0.0751,17.1594,14.5855,False,True
10.0,1.5,200.0,22.0,12,20.62,164.1356,974.6546,5.9381,1072.12,1.3099,9.218,12.6112,31.2158,404.0,1428.0,4.8338,5.7085,11.4511,0.0902,17.1594,14.5855,False,True
10.0,1.5,200.0,22.0,16,20.62,220.5305,1313.6648,5.9568,1445.0313,1.3211,12.6392,17.452,32.8973,530.5,1681.0,6.4451,7.6113,14.3139,0.1202,17.1594,14.5855,False,True
10.0,1.5,200.0,26.0,4,20.62,73.2265,345.5229,4.7186,380.0751,1.1894,2.5012,3.0821,22.0939,139.5,899.0,1.8657,2.1573,4.7713,0.0355,17.1594,14.5855,False,False
10.0,1.5,200.0,26.0,6,20.62,113.9273,542.9645,4.7659,597.2609,1.2234,4.3347,5.5078,26.4163,208.5,1037.0,2.7986,3.2359,6.6798,0.0532,17.1594,14.5855,False,False
10.0,1.5,200.0,26.0,8,20.62,154.6282,740.4061,4.7883,814.4467,1.2406,6.1628,7.9497,28.6475,277.5,1175.0,3.7315,4.3146,8.5883,0.0709,17.1594,14.5855,False,False
10.0,1.5,200.0,26.0,10,20.62,195.329,937.8478,4.8014,1031.6325,1.2504,7.9867,10.3905,29.9869,346.5,1313.0,4.6644,5.3932,10.4968,0.0886,17.1594,14.5855,False,False
10.0,1.5,200.0,26.0,12,20.62,236.0298,1135.2894,4.8099,1248.8183,1.2571,9.8081,12.8345,30.8892,415.5,1451.0,5.5972,6.4719,12.4054,0.1064,17.1594,14.5855,False,False
10.0,1.5,200.0,26.0,16,20.62,317.4315,1530.1726,4.8205,1683.1899,1.2656,13.4447,17.7227,31.3677,565.0,1750.0,7.463,8.6291,17.1767,0.1418,17.1594,14.5855,False,False
10.0,2.0,200.0,18.0,4,20.62,41.3274,249.7279,6.0427,274.7007,1.2131,1.9279,2.4271,18.1128,134.0,888.0,1.8091,2.1978,5.0894,0.0329,18.6643,15.8647,False,False
10.0,2.0,200.0,18.0,6,20.62,63.8002,392.4296,6.1509,431.6726,1.2632,3.4123,4.4887,21.7899,206.0,1032.0,2.7136,3.2967,7.6341,0.0493,18.6643,15.8647,False,False
10.0,2.0,200.0,18.0,8,20.62,86.273,535.1313,6.2028,588.6444,1.2889,4.8829,6.5652,24.6811,266.0,1152.0,3.6181,4.3956,8.9064,0.0657,18.6643,15.8647,False,False
10.0,2.0,200.0,18.0,10,20.62,108.7458,677.833,6.2332,745.6163,1.3047,6.3512,8.6524,25.5987,338.0,1296.0,4.5227,5.4945,11.4511,0.0821,18.6643,15.8647,False,True
10.0,2.0,200.0,18.0,12,20.62,131.2186,820.5346,6.2532,902.5881,1.3158,7.8206,10.7515,27.0138,398.0,1416.0,5.4272,6.5934,12.7235,0.0986,18.6643,15.8647,False,True
10.0,2.0,200.0,18.0,16,20.62,176.1642,1105.938,6.2779,1216.5318,1.3291,10.7451,14.933,28.1754,530.0,1680.0,7.2363,8.7912,16.5405,0.1314,18.6643,15.8647,False,True
10.0,2.0,200.0,22.0,4,20.62,53.5004,298.177,5.5734,327.9947,1.2153,2.3194,2.9257,20.039,146.0,912.0,2.1484,2.5371,6.3617,0.0401,18.6643,15.8647,False,False
10.0,2.0,200.0,22.0,6,20.62,82.9292,468.5639,5.6502,515.4203,1.2573,4.033,5.2783,25.6227,206.0,1032.0,3.2225,3.8056,7.6341,0.0601,18.6643,15.8647,False,False
10.0,2.0,200.0,22.0,8,20.62,112.3579,638.9508,5.6867,702.8459,1.2788,5.7366,7.6473,27.5081,278.0,1176.0,4.2967,5.0742,10.1788,0.0801,18.6643,15.8647,False,False
10.0,2.0,200.0,22.0,10,20.62,141.7867,809.3377,5.7081,890.2714,1.2918,7.4368,10.0227,28.6362,350.0,1320.0,5.3709,6.3427,12.7235,0.1002,18.6643,15.8647,False,False
10.0,2.0,200.0,22.0,12,20.62,171.2155,979.7245,5.7222,1077.697,1.3003,9.1304,12.3927,29.3666,422.0,1464.0,6.4451,7.6113,15.2681,0.1202,18.6643,15.8647,False,True
10.0,2.0,200.0,22.0,16,20.62,230.0731,1320.4983,5.7395,1452.5481,1.3112,12.5238,17.1531,30.9622,554.0,1728.0,8.5935,10.1484,19.0852,0.1603,18.6643,15.8647,False,True
10.0,2.0,200.0,26.0,4,20.62,76.1706,346.9199,4.5545,381.6119,1.1813,2.4433,2.9884,20.4685,146.0,912.0,2.4877,2.8764,6.3617,0.0473,18.6643,15.8647,False,False
10.0,2.0,200.0,26.0,6,20.62,118.5537,545.1598,4.5984,599.6758,1.2142,4.2528,5.3594,24.5846,218.0,1056.0,3.7315,4.3146,8.9064,0.0709,18.6643,15.8647,False,False
10.0,2.0,200.0,26.0,8,20.62,160.9369,743.3997,4.6192,817.7397,1.2306,6.0519,7.7382,26.6834,290.0,1200.0,4.9753,5.7528,11.4511,0.0946,18.6643,15.8647,False,False
10.0,2.0,200.0,26.0,10,20.62,203.3201,941.6397,4.6313,1035.8037,1.2401,7.8492,10.1205,27.9573,362.0,1344.0,6.2191,7.191,13.9958,0.1182,18.6643,15.8647,False,False
10.0,2.0,200.0,26.0,12,20.62,245.7033,1139.8796,4.6393,1253.8676,1.247,9.6388,12.503,28.0337,446.0,1512.0,7.463,8.6291,17.8128,0.1418,18.6643,15.8647,False,False
10.0,2.0,200.0,26.0,16,20.62,330.4696,1536.3595,4.649,1689.9954,1.2553,13.2357,17.2929,29.3099,590.0,1800.0,9.9506,11.5055,22.9022,0.1891,18.6643,15.8647,False,False
10.0,2.5,200.0,18.0,4,20.62,42.9229,250.8659,5.8446,275.9525,1.2066,1.9029,2.3817,17.0124,140.0,900.0,2.2613,2.7472,6.3617,0.0411,19.887,16.9039,False,False
10.0,2.5,200.0,18.0,6,20.62,66.3074,394.2179,5.9453,433.6397,1.2561,3.3794,4.4183,20.5502,215.0,1050.0,3.392,4.1209,9.5426,0.0616,19.887,16.9039,False,False
10.0,2.5,200.0,18.0,8,20.62,89.6919,537.5699,5.9935,591.3268,1.2813,4.8392,6.4644,23.2953,277.5,1175.0,4.5227,5.4945,11.133,0.0821,19.887,16.9039,False,False
10.0,2.5,200.0,18.0,10,20.62,113.0764,680.9218,6.0218,749.014,1.2967,6.2999,8.5254,24.1855,352.5,1325.0,5.6533,6.8681,14.3139,0.1027,19.887,16.9039,False,False
10.0,2.5,200.0,18.0,12,20.62,136.4609,824.2738,6.0404,906.7012,1.307,7.7532,10.5824,25.4997,415.0,1450.0,6.784,8.2417,15.9043,0.1232,19.887,16.9039,False,True
10.0,2.5,200.0,18.0,16,20.62,183.2299,1110.9777,6.0633,1222.0755,1.3204,10.6741,14.7307,26.662,552.5,1725.0,9.0454,10.989,20.6756,0.1643,19.887,16.9039,False,True
10.0,2.5,200.0,22.0,4,20.62,55.5362,299.4716,5.3924,329.4188,1.2083,2.2875,2.8676,18.8038,152.5,925.0,2.6855,3.1714,7.9522,0.0501,19.887,16.9039,False,False
10.0,2.5,200.0,22.0,6,20.62,86.1283,470.5983,5.4639,517.6581,1.2494,3.9851,5.1803,24.0942,215.0,1050.0,4.0282,4.757,9.5426,0.0751,19.887,16.9039,False,False
10.0,2.5,200.0,22.0,8,20.62,116.7204,641.725,5.498,705.8975,1.2701,5.6712,7.5042,25.8764,290.0,1200.0,5.3709,6.3427,12.7235,0.1002,19.887,16.9039,False,False
10.0,2.5,200.0,22.0,10,20.62,147.3125,812.8516,5.5179,894.1368,1.2827,7.3562,9.8388,26.9555,365.0,1350.0,6.7136,7.9284,15.9043,0.1252,19.887,16.9039,False,False
10.0,2.5,200.0,22.0,12,20.62,177.9046,983.9783,5.5309,1082.3761,1.2914,9.0431,12.1838,27.6905,440.0,1500.0,8.0564,9.5141,19.0852,0.1503,19.887,16.9039,False,False
10.0,2.5,200.0,22.0,16,20.62,239.0889,1326.2316,5.547,1458.8547,1.3021,12.4089,16.8678,29.2083,577.5,1775.0,10.7418,12.6854,23.8565,0.2003,19.887,16.9039,False,True
10.0,2.5,200.0,26.0,4,20.62,78.8209,348.2673,4.4185,383.0941,1.174,2.3906,2.904,19.0429,152.5,925.0,3.1096,3.5955,7.9522,0.0591,19.887,16.9039,False,False
10.0,2.5,200.0,26.0,6,20.62,122.7185,547.2772,4.4596,602.005,1.2061,4.1763,5.2249,22.9667,227.5,1075.0,4.6644,5.3932,11.133,0.0886,19.887,16.9039,False,False
10.0,2.5,200.0,26.0,8,20.62,166.6162,746.2871,4.4791,820.9159,1.2221,5.9514,7.5529,24.9682,302.5,1225.0,6.2191,7.191,14.3139,0.1182,19.887,16.9039,False,False
10.0,2.5,200.0,26.0,10,20.62,210.5138,945.2971,4.4904,1039.8268,1.2314,7.7181,9.876,26.1616,377.5,1375.0,7.7739,8.9887,17.4947,0.1477,19.887,16.9039,False,False
10.0,2.5,200.0,26.0,12,20.62,254.4115,1144.307,4.4979,1258.7377,1.2378,9.4876,12.2083,26.2544,465.0,1550.0,9.3287,10.7864,22.266,0.1773,19.887,16.9039,False,False
10.0,2.5,200.0,26.0,16,20.62,342.2067,1542.3268,4.507,1696.5595,1.2459,13.0355,16.8927,27.4678,615.0,1850.0,12.4383,14.3819,28.6278,0.2364,19.887,16.9039,False,False
10.0,3.0,200.0,18.0,4,20.62,44.4959,252.4538,5.6736,277.6991,1.2012,1.8856,2.3485,16.0858,146.0,912.0,2.7136,3.2967,7.6341,0.0493,21.073,17.912,False,False
10.0,3.0,200.0,18.0,6,20.62,68.7793,396.7131,5.7679,436.3844,1.2496,3.3562,4.3634,19.4794,224.0,1068.0,4.0704,4.945,11.4511,0.0739,21.073,17.912,False,False
10.0,3.0,200.0,18.0,8,20.62,93.0627,540.9723,5.813,595.0696,1.2742,4.8099,6.387,22.1004,289.0,1198.0,5.4272,6.5934,13.3596,0.0986,21.073,17.912,False,False
10.0,3.0,200.0,18.0,10,20.62,117.3461,685.2316,5.8394,753.7548,1.2893,6.262,8.4218,22.9478,367.0,1354.0,6.784,8.2417,17.1767,0.1232,21.073,17.912,False,False
10.0,3.0,200.0,18.0,12,20.62,141.6295,829.4909,5.8568,912.44,1.2994,7.7114,10.4588,24.2102,432.0,1484.0,8.1408,9.8901,19.0852,0.1479,21.073,17.912,False,False
10.0,3.0,200.0,18.0,16,20.62,190.1963,1118.0095,5.8782,1229.8105,1.3125,10.6199,14.5603,25.3223,575.0,1770.0,10.8544,13.1868,24.8107,0.1971,21.073,17.912,False,True
10.0,3.0,200.0,22.0,4,20.62,57.4555,300.5655,5.2313,330.622,1.2015,2.2521,2.806,17.6475,159.0,938.0,3.2225,3.8056,9.5426,0.0601,21.073,17.912,False,False
10.0,3.0,200.0,22.0,6,20.62,89.1443,472.3172,5.2983,519.5489,1.2421,3.9367,5.085,22.7011,224.0,1068.0,4.8338,5.7085,11.4511,0.0902,21.073,17.912,False,False
10.0,3.0,200.0,22.0,8,20.62,120.8332,644.0689,5.3302,708.4758,1.2624,5.6128,7.378,24.4306,302.0,1224.0,6.4451,7.6113,15.2681,0.1202,21.073,17.912,False,False
10.0,3.0,200.0,22.0,10,20.62,152.522,815.8206,5.3489,897.4027,1.2747,7.2761,9.6661,25.4372,380.0,1380.0,8.0564,9.5141,19.0852,0.1503,21.073,17.912,False,False
10.0,3.0,200.0,22.0,12,20.62,184.2109,987.5723,5.3611,1086.3295,1.2828,8.9461,11.9664,26.1275,458.0,1536.0,9.6676,11.4169,22.9022,0.1803,21.073,17.912,False,False
10.0,3.0,200.0,22.0,16,20.62,247.5886,1331.0757,5.3762,1464.1833,1.2932,12.2808,16.5712,26.9889,614.0,1848.0,12.8902,15.2225,30.5363,0.2404,21.073,17.912,False,False
10.0,3.0,200.0,26.0,4,20.62,81.6729,349.5714,4.2801,384.5285,1.1662,2.3305,2.8107,17.6775,159.0,938.0,3.7315,4.3146,9.5426,0.0709,21.073,17.912,False,False
10.0,3.0,200.0,26.0,6,20.62,127.2003,549.3265,4.3186,604.2591,1.1974,4.0865,5.0721,21.4013,237.0,1094.0,5.5972,6.4719,13.3596,0.1064,21.073,17.912,False,False
10.0,3.0,200.0,26.0,8,20.62,172.7277,749.0815,4.3368,823.9897,1.2129,5.8332,7.3426,23.3098,315.0,1250.0,7.463,8.6291,17.1767,0.1418,21.073,17.912,False,False
10.0,3.0,200.0,26.0,10,20.62,218.2551,948.8366,4.3474,1043.7203,1.2223,7.5826,9.6251,24.4913,393.0,1406.0,9.3287,10.7864,20.9937,0.1773,21.073,17.912,False,False
10.0,3.0,200.0,26.0,12,20.62,263.7825,1148.5917,4.3543,1263.4509,1.2285,9.3151,11.8896,24.5652,484.0,1588.0,11.1944,12.9437,26.7192,0.2127,21.073,17.912,False,False
10.0,3.0,200.0,26.0,16,20.62,354.8372,1548.1018,4.3629,1702.912,1.2364,12.8068,16.4603,25.7192,640.0,1900.0,14.9259,17.2583,34.3533,0.2837,21.073,17.912,False,False
10.0,4.0,200.0,18.0,4,20.62,47.4324,253.7098,5.3489,279.0808,1.1891,1.8255,2.2487,14.2325,158.0,936.0,3.6181,4.3956,10.1788,0.0657,22.9893,19.5409,False,False
10.0,4.0,200.0,18.0,6,20.62,73.3938,398.6868,5.4322,438.5555,1.2355,3.2701,4.1995,17.3533,242.0,1104.0,5.4272,6.5934,15.2681,0.0986,22.9893,19.5409,False,False
10.0,4.0,200.0,18.0,8,20.62,99.3551,543.6638,5.4719,598.0302,1.2596,4.7048,6.1698,19.775,312.0,1244.0,7.2363,8.7912,17.8128,0.1314,22.9893,19.5409,False,False
10.0,4.0,200.0,18.0,10,20.62,125.3165,688.6409,5.4952,757.505,1.2741,6.1332,8.1433,20.5639,396.0,1412.0,9.0454,10.989,22.9022,0.1643,22.9893,19.5409,False,False
10.0,4.0,200.0,18.0,12,20.62,151.2778,833.6179,5.5105,916.9797,1.2838,7.5587,10.1185,21.7136,466.0,1552.0,10.8544,13.1868,25.4469,0.1971,22.9893,19.5409,False,False
10.0,4.0,200.0,18.0,16,20.62,203.2006,1123.5719,5.5294,1235.9291,1.2959,10.4055,14.0718,22.6964,620.0,1860.0,14.4726,17.5824,33.081,0.2629,22.9893,19.5409,False,False
10.0,4.0,200.0,22.0,4,20.62,61.3097,302.4321,4.9329,332.6754,1.1888,2.1792,2.6838,15.6036,172.0,964.0,4.2967,5.0742,12.7235,0.0801,22.9893,19.5409,False,False
10.0,4.0,200.0,22.0,6,20.62,95.2009,475.2505,4.9921,522.7756,1.2272,3.8281,4.8804,19.064,256.0,1132.0,6.4451,7.6113,17.8128,0.1202,22.9893,19.5409,False,False
10.0,4.0,200.0,22.0,8,20.62,129.0921,648.0689,5.0202,712.8758,1.2466,5.4708,7.0943,21.7617,326.0,1272.0,8.5935,10.1484,20.3575,0.1603,22.9893,19.5409,False,False
10.0,4.0,200.0,22.0,10,20.62,162.9834,820.8872,5.0366,902.976,1.2585,7.1034,9.3063,22.6983,410.0,1440.0,10.7418,12.6854,25.4469,0.2003,22.9893,19.5409,False,False
10.0,4.0,200.0,22.0,12,20.62,196.8746,993.7056,5.0474,1093.0762,1.2666,8.7422,11.5338,23.3477,494.0,1608.0,12.8902,15.2225,30.5363,0.2404,22.9893,19.5409,False,False
10.0,4.0,200.0,22.0,16,20.62,264.6571,1339.3423,5.0607,1473.2766,1.2766,12.0116,15.9821,24.1422,662.0,1944.0,17.1869,20.2967,40.715,0.3205,22.9893,19.5409,False,False
10.0,4.0,200.0,26.0,4,20.62,86.264,351.0272,4.0692,386.13,1.1535,2.223,2.6493,15.4026,172.0,964.0,4.9753,5.7528,12.7235,0.0946,22.9893,19.5409,False,False
10.0,4.0,200.0,26.0,6,20.62,134.4149,551.6142,4.1038,606.7757,1.1837,3.9297,4.8168,18.8156,256.0,1132.0,7.463,8.6291,17.8128,0.1418,22.9893,19.5409,False,False
10.0,4.0,200.0,26.0,8,20.62,182.5657,752.2012,4.1202,827.4214,1.1984,5.6233,6.986,20.547,340.0,1300.0,9.9506,11.5055,22.9022,0.1891,22.9893,19.5409,False,False
10.0,4.0,200.0,26.0,10,20.62,230.7166,952.7882,4.1297,1048.0671,1.2074,7.3155,9.1629,20.9199,438.0,1496.0,12.4383,14.3819,30.5363,0.2364,22.9893,19.5409,False,False
10.0,4.0,200.0,26.0,12,20.62,278.8674,1153.3752,4.1359,1268.7128,1.2134,9.0066,11.3419,21.7279,522.0,1664.0,14.9259,17.2583,35.6257,0.2837,22.9893,19.5409,False,False
10.0,4.0,200.0,26.0,16,20.62,375.1692,1554.5492,4.1436,1710.0042,1.2206,12.3795,15.6905,22.7398,690.0,2000.0,19.9012,23.0111,45.8044,0.3782,22.9893,19.5409,False,False
3.0,1.5,250.0,18.0,4,7.2644,22.4772,1209.3688,53.8042,1330.3056,1.6366,1.8239,3.1677,62.112,51.0,694.0,2.0439,2.4576,6.1073,0.0599,9.6538,8.2057,True,True
3.0,1.5,250.0,18.0,6,7.2644,34.1785,1900.4366,55.6033,2090.4803,1.6611,2.8912,5.101,69.4017,73.5,739.0,3.0658,3.6863,7.6341,0.0898,9.6538,8.2057,True,True
3.0,1.5,250.0,18.0,8,7.2644,45.8797,2591.5045,56.4847,2850.6549,1.6722,3.9599,7.0361,70.0107,100.5,793.0,4.0877,4.9151,10.6877,0.1197,9.6538,8.2057,True,True
3.0,1.5,250.0,18.0,10,7.2644,57.581,3282.5724,57.0079,3610.8296,1.6786,5.024,8.9634,72.8731,123.0,838.0,5.1097,6.1439,12.2145,0.1496,9.6538,8.2057,True,True
3.0,1.5,250.0,18.0,12,7.2644,69.2822,3973.6402,57.3544,4371.0042,1.6838,6.0952,10.9099,74.9818,145.5,883.0,6.1316,7.3727,13.7413,0.1796,9.6538,8.2057,True,True
3.0,1.5,250.0,18.0,16,7.2644,92.6848,5355.7759,57.7849,5891.3535,1.6885,8.2222,14.7607,75.6961,195.0,982.0,8.1755,9.8302,18.3218,0.2394,9.6538,8.2057,True,True
3.0,1.5,250.0,22.0,4,7.2644,30.9285,1468.4928,47.4802,1615.3421,1.6398,2.217,3.8582,75.6501,51.0,694.0,2.451,2.8647,6.1073,0.0731,9.6538,8.2057,True,True
3.0,1.5,250.0,22.0,6,7.2644,47.4591,2307.6315,48.6236,2538.3947,1.6604,3.5094,6.1888,79.3442,78.0,748.0,3.6765,4.2971,9.1609,0.1096,9.6538,8.2057,True,True
3.0,1.5,250.0,22.0,8,7.2644,63.9897,3146.7702,49.1762,3461.4473,1.6696,4.8056,8.5248,81.1885,105.0,802.0,4.902,5.7294,12.2145,0.1462,9.6538,8.2057,True,True
3.0,1.5,250.0,22.0,10,7.2644,80.5203,3985.909,49.5019,4384.4999,1.6753,6.0935,10.8487,85.0882,127.5,847.0,6.1276,7.1618,13.7413,0.1827,9.6538,8.2057,True,True
3.0,1.5,250.0,22.0,12,7.2644,97.0508,4825.0477,49.7167,5307.5525,1.6794,7.3892,13.1894,85.3681,154.5,901.0,7.3531,8.5941,16.795,0.2193,9.6538,8.2057,True,True
3.0,1.5,250.0,22.0,16,7.2644,130.112,6503.3252,49.9825,7153.6577,1.6837,9.9732,17.8499,87.4997,204.0,1000.0,9.8041,11.4588,21.3754,0.2923,9.6538,8.2057,True,True
3.0,1.5,250.0,26.0,4,7.2644,51.6575,1729.0004,33.4705,1901.9005,1.6226,2.5953,4.4664,80.4762,55.5,703.0,2.8582,3.2719,7.6341,0.0863,9.6538,8.2057,True,True
3.0,1.5,250.0,26.0,6,7.2644,80.0332,2717.0007,33.9484,2988.7007,1.6396,4.1067,7.1458,86.6152,82.5,757.0,4.2873,4.9078,10.6877,0.1295,9.6538,8.2057,True,True
3.0,1.5,250.0,26.0,8,7.2644,108.4089,3705.0009,34.1762,4075.501,1.6466,5.6143,9.8137,89.6225,109.5,811.0,5.7163,6.5437,13.7413,0.1726,9.6538,8.2057,True,True
3.0,1.5,250.0,26.0,10,7.2644,136.7846,4693.0011,34.3094,5162.3012,1.651,7.123,12.4864,91.4752,136.5,865.0,7.1454,8.1797,16.795,0.2158,9.6538,8.2057,True,True
3.0,1.5,250.0,26.0,12,7.2644,165.1603,5681.0014,34.3969,6249.1015,1.6542,8.636,15.1695,92.7798,163.5,919.0,8.5745,9.8156,19.8486,0.259,9.6538,8.2057,True,True
3.0,1.5,250.0,26.0,16,7.2644,221.9117,7657.0018,34.5047,8422.702,1.6583,11.6528,20.5228,94.3577,217.5,1027.0,11.4327,13.0874,25.9558,0.3453,9.6538,8.2057,True,True
3.0,2.0,250.0,18.0,4,7.2644,25.9178,1212.2377,46.7724,1333.4615,1.6288,1.8232,3.1504,55.2704,57.0,706.0,2.7252,3.2767,8.143,0.0798,10.3184,8.7706,True,True
3.0,2.0,250.0,18.0,6,7.2644,39.5851,1904.9449,48.1227,2095.4394,1.6529,2.8904,5.0729,61.8644,82.0,756.0,4.0877,4.9151,10.1788,0.1197,10.3184,8.7706,True,True
3.0,2.0,250.0,18.0,8,7.2644,53.2525,2597.6522,48.7799,2857.4174,1.6638,3.9584,6.996,62.4647,112.0,816.0,5.4503,6.5535,14.2503,0.1596,10.3184,8.7706,True,True
3.0,2.0,250.0,18.0,10,7.2644,66.9198,3290.3594,49.1687,3619.3954,1.6701,5.023,8.9135,65.062,137.0,866.0,6.8129,8.1919,16.286,0.1995,10.3184,8.7706,True,True
3.0,2.0,250.0,18.0,12,7.2644,80.5871,3983.0667,49.4256,4381.3733,1.6752,6.0944,10.8494,66.9717,162.0,916.0,8.1755,9.8302,18.3218,0.2394,10.3184,8.7706,True,True
3.0,2.0,250.0,18.0,16,7.2644,107.9218,5368.4812,49.7442,5905.3293,1.6807,8.2291,14.7011,67.7471,217.0,1026.0,10.9006,13.107,24.429,0.3192,10.3184,8.7706,True,True
3.0,2.0,250.0,22.0,4,7.2644,35.7585,1471.8001,41.1594,1618.9801,1.6312,2.2166,3.836,67.2981,57.0,706.0,3.268,3.8196,8.143,0.0974,10.3184,8.7706,True,True
3.0,2.0,250.0,22.0,6,7.2644,55.0491,2312.8287,42.0139,2544.1116,1.6506,3.5094,6.15,70.6895,87.0,766.0,4.902,5.7294,12.2145,0.1462,10.3184,8.7706,True,True
3.0,2.0,250.0,22.0,8,7.2644,74.3397,3153.8574,42.4249,3469.2431,1.6596,4.8008,8.4621,72.3256,117.0,826.0,6.5361,7.6392,16.286,0.1949,10.3184,8.7706,True,True
3.0,2.0,250.0,22.0,10,7.2644,93.6303,3994.886,42.6666,4394.3746,1.6661,6.0934,10.7854,75.9538,142.0,876.0,8.1701,9.549,18.3218,0.2436,10.3184,8.7706,True,True
3.0,2.0,250.0,22.0,12,7.2644,112.9209,4835.9146,42.8257,5319.5061,1.6692,7.383,13.0935,76.1252,172.0,936.0,9.8041,11.4588,22.3933,0.2923,10.3184,8.7706,True,True
3.0,2.0,250.0,22.0,16,7.2644,151.5021,6517.9719,43.0223,7169.7691,1.6734,9.9651,17.72,78.0618,227.0,1046.0,13.0721,15.2785,28.5005,0.3898,10.3184,8.7706,True,True
3.0,2.0,250.0,26.0,4,7.2644,59.3801,1731.9904,29.1679,1905.1895,1.6111,2.5889,4.4217,71.3182,62.0,716.0,3.8109,4.3625,10.1788,0.1151,10.3184,8.7706,True,True
3.0,2.0,250.0,26.0,6,7.2644,92.1687,2721.6992,29.5295,2993.8692,1.626,4.0928,7.0588,76.7265,92.0,776.0,5.7163,6.5437,14.2503,0.1726,10.3184,8.7706,True,True
3.0,2.0,250.0,26.0,8,7.2644,124.9573,3711.4081,29.7014,4082.5489,1.6346,5.601,9.7145,79.6272,122.0,836.0,7.6218,8.725,18.3218,0.2302,10.3184,8.7706,True,True
3.0,2.0,250.0,26.0,10,7.2644,157.746,4701.1169,29.8018,5171.2286,1.6389,7.1065,12.3601,81.3167,152.0,896.0,9.5272,10.9062,22.3933,0.2877,10.3184,8.7706,True,True
3.0,2.0,250.0,26.0,12,7.2644,190.5346,5690.8257,29.8677,6259.9083,1.6411,8.6097,14.996,82.3959,182.0,956.0,11.4327,13.0874,26.4648,0.3453,10.3184,8.7706,True,True
3.0,2.0,250.0,26.0,16,7.2644,256.1118,7670.2433,29.9488,8437.2677,1.6451,11.6285,20.3068,83.9125,242.0,1076.0,15.2436,17.4499,34.6078,0.4604,10.3184,8.7706,True,True
3.0,2.5,250.0,18.0,4,7.2644,28.1977,1213.9326,43.0508,1335.3259,1.6235,1.8211,3.1358,49.7745,63.0,718.0,3.4064,4.0959,10.1788,0.0998,10.8045,9.1838,True,True
3.0,2.5,250.0,18.0,6,7.2644,43.1678,1907.6084,44.1906,2098.3692,1.6472,2.8905,5.0545,55.8513,90.5,773.0,5.1097,6.1439,12.7235,0.1496,10.8045,9.1838,True,True
3.0,2.5,250.0,18.0,8,7.2644,58.1379,2601.2842,44.7434,2861.4126,1.658,3.9551,6.9643,56.3908,123.5,839.0,6.8129,8.1919,17.8128,0.1995,10.8045,9.1838,True,True
3.0,2.5,250.0,18.0,10,7.2644,73.108,3294.96,45.0698,3624.4559,1.6652,5.0226,8.8847,58.8392,151.0,894.0,8.5161,10.2398,20.3575,0.2494,10.8045,9.1838,True,True
3.0,2.5,250.0,18.0,12,7.2644,88.0781,3988.6357,45.2852,4387.4993,1.6693,6.0886,10.7984,60.4953,178.5,949.0,10.2193,12.2878,22.9022,0.2993,10.8045,9.1838,True,True
3.0,2.5,250.0,18.0,16,7.2644,118.0183,5375.9873,45.5522,5913.586,1.6748,8.2217,14.6324,61.2235,239.0,1070.0,13.6258,16.3837,30.5363,0.399,10.8045,9.1838,True,True
3.0,2.5,250.0,22.0,4,7.2644,38.8805,1472.9711,37.8846,1620.2682,1.6249,2.212,3.8123,60.5128,63.0,718.0,4.085,4.7745,10.1788,0.1218,10.8045,9.1838,True,True
3.0,2.5,250.0,22.0,6,7.2644,59.955,2314.6688,38.6068,2546.1357,1.644,3.5021,6.1112,63.6584,96.0,784.0,6.1276,7.1618,15.2681,0.1827,10.8045,9.1838,True,True
3.0,2.5,250.0,22.0,8,7.2644,81.0296,3156.3666,38.9533,3472.0032,1.6538,4.7963,8.4229,65.2938,129.0,850.0,8.1701,9.549,20.3575,0.2436,10.8045,9.1838,True,True
3.0,2.5,250.0,22.0,10,7.2644,102.1041,3998.0643,39.1567,4397.8708,1.6594,6.0819,10.7187,68.4904,156.5,905.0,10.2126,11.9363,22.9022,0.3045,10.8045,9.1838,True,True
3.0,2.5,250.0,22.0,12,7.2644,123.1787,4839.7621,39.2906,5323.7383,1.6633,7.3756,13.0314,68.767,189.5,971.0,12.2551,14.3236,27.9916,0.3654,10.8045,9.1838,True,True
3.0,2.5,250.0,22.0,16,7.2644,165.3278,6523.1576,39.4559,7175.4734,1.6675,9.9552,17.6358,70.5432,250.0,1092.0,16.3401,19.0981,35.6257,0.4872,10.8045,9.1838,True,True
3.0,2.5,250.0,26.0,4,7.2644,64.5953,1733.4787,26.836,1906.8266,1.6021,2.5826,4.3845,64.0078,68.5,729.0,4.7636,5.4531,12.7235,0.1439,10.8045,9.1838,True,True
3.0,2.5,250.0,26.0,6,7.2644,100.364,2724.038,27.1416,2996.4418,1.6175,4.0833,7.0035,69.0001,101.5,795.0,7.1454,8.1797,17.8128,0.2158,10.8045,9.1838,True,True
3.0,2.5,250.0,26.0,8,7.2644,136.1328,3714.5972,27.2866,4086.057,1.626,5.5885,9.6384,71.6608,134.5,861.0,9.5272,10.9062,22.9022,0.2877,10.8045,9.1838,True,True
3.0,2.5,250.0,26.0,10,7.2644,171.9015,4705.1565,27.3712,5175.6721,1.6302,7.0908,12.2633,73.2134,167.5,927.0,11.909,13.6328,27.9916,0.3597,10.8045,9.1838,True,True
3.0,2.5,250.0,26.0,12,7.2644,207.6703,5695.7158,27.4267,6265.2873,1.6324,8.5898,14.8769,74.1992,200.5,993.0,14.2909,16.3593,33.081,0.4316,10.8045,9.1838,True,True
3.0,2.5,250.0,26.0,16,7.2644,279.2078,7676.8343,27.4951,8444.5177,1.6372,11.6026,20.1581,75.6401,266.5,1125.0,19.0545,21.8124,43.2597,0.5755,10.8045,9.1838,True,True
3.0,3.0,250.0,18.0,4,7.2644,30.4049,1213.5404,39.9127,1334.8945,1.6189,1.8176,3.1203,45.2212,69.0,730.0,4.0877,4.9151,12.2145,0.1197,11.0941,9.43,True,True
3.0,3.0,250.0,18.0,6,7.2644,46.6363,1906.9921,40.8908,2097.6913,1.6416,2.8824,5.0222,50.7292,99.0,790.0,6.1316,7.3727,15.2681,0.1796,11.0941,9.43,True,True
3.0,3.0,250.0,18.0,8,7.2644,62.8676,2600.4438,41.3638,2860.4882,1.6532,3.9478,6.93,51.3333,135.0,862.0,8.1755,9.8302,21.3754,0.2394,11.0941,9.43,True,True
3.0,3.0,250.0,18.0,10,7.2644,79.099,3293.8955,41.6427,3623.285,1.6603,5.0141,8.842,53.5879,165.0,922.0,10.2193,12.2878,24.429,0.2993,11.0941,9.43,True,True
3.0,3.0,250.0,18.0,12,7.2644,95.3303,3987.3472,41.8266,4386.0819,1.6644,6.0776,10.7454,55.1044,195.0,982.0,12.2632,14.7454,27.4827,0.3591,11.0941,9.43,True,True
3.0,3.0,250.0,18.0,16,7.2644,127.7931,5374.2505,42.0543,5911.6756,1.6698,8.2071,14.5606,55.7876,261.0,1114.0,16.351,19.6605,36.6435,0.4788,11.0941,9.43,True,True
3.0,3.0,250.0,22.0,4,7.2644,41.8926,1472.2252,35.1428,1619.4477,1.6195,2.2066,3.7895,54.9206,69.0,730.0,4.902,5.7294,12.2145,0.1462,11.0941,9.43,True,True
3.0,3.0,250.0,22.0,6,7.2644,64.6884,2313.4968,35.7637,2544.8465,1.6384,3.4941,6.0754,57.8614,105.0,802.0,7.3531,8.5941,18.3218,0.2193,11.0941,9.43,True,True
3.0,3.0,250.0,22.0,8,7.2644,87.4842,3154.7683,36.061,3470.2452,1.6473,4.7808,8.3605,59.2944,141.0,874.0,9.8041,11.4588,24.429,0.2923,11.0941,9.43,True,True
3.0,3.0,250.0,22.0,10,7.2644,110.28,3996.0399,36.2354,4395.6439,1.6528,6.068,10.6492,62.2761,171.0,934.0,12.2551,14.3236,27.4827,0.3654,11.0941,9.43,True,True
3.0,3.0,250.0,22.0,12,7.2644,133.0758,4837.3114,36.35,5321.0426,1.6567,7.3599,12.9488,62.5544,207.0,1006.0,14.7061,17.1883,33.5899,0.4385,11.0941,9.43,True,True
3.0,3.0,250.0,22.0,16,7.2644,178.6674,6519.8546,36.4916,7171.84,1.6617,9.9338,17.5334,64.2248,273.0,1138.0,19.6082,22.9177,42.7508,0.5847,11.0941,9.43,True,True
3.0,3.0,250.0,26.0,4,7.2644,69.2936,1732.2052,24.9981,1905.4258,1.5955,2.5729,4.3489,57.9853,75.0,742.0,5.7163,6.5437,15.2681,0.1726,11.0941,9.43,True,True
3.0,3.0,250.0,26.0,6,7.2644,107.747,2722.0368,25.2632,2994.2405,1.6107,4.0725,6.9537,62.6463,111.0,814.0,8.5745,9.8156,21.3754,0.259,11.0941,9.43,True,True
3.0,3.0,250.0,26.0,8,7.2644,146.2005,3711.8684,25.3889,4083.0552,1.6182,5.5684,9.5552,65.0015,147.0,886.0,11.4327,13.0874,27.4827,0.3453,11.0941,9.43,True,True
3.0,3.0,250.0,26.0,10,7.2644,184.6539,4701.7,25.4622,5171.8699,1.6224,7.0655,12.1576,66.4348,183.0,958.0,14.2909,16.3593,33.5899,0.4316,11.0941,9.43,True,True
3.0,3.0,250.0,26.0,12,7.2644,223.1074,5691.5315,25.5103,6260.6847,1.6246,8.5594,14.7488,67.3463,219.0,1030.0,17.149,19.6312,39.6972,0.5179,11.0941,9.43,True,True
3.0,3.0,250.0,26.0,16,7.2644,300.0143,7671.1947,25.5694,8438.3141,1.6285,11.5612,19.9723,68.6332,291.0,1174.0,22.8654,26.1749,51.9117,0.6906,11.0941,9.43,True,True
3.0,4.0,250.0,18.0,4,7.2644,34.6962,1210.395,34.8855,1331.4345,1.6082,1.8053,3.0774,37.9925,81.0,754.0,5.4503,6.5535,16.286,0.1596,11.4209,9.7078,True,True
3.0,4.0,250.0,18.0,6,7.2644,53.3798,1902.0493,35.6324,2092.2543,1.6314,2.8663,4.9612,42.7688,116.0,824.0,8.1755,9.8302,20.3575,0.2394,11.4209,9.7078,True,True
3.0,4.0,250.0,18.0,8,7.2644,72.0633,2593.7036,35.992,2853.074,1.6428,3.9223,6.8396,43.2884,158.0,908.0,10.9006,13.107,28.5005,0.3192,11.4209,9.7078,True,True
3.0,4.0,250.0,18.0,10,7.2644,90.7469,3285.358,36.2035,3613.8938,1.649,4.9818,8.7215,45.189,193.0,978.0,13.6258,16.3837,32.572,0.399,11.4209,9.7078,True,True
3.0,4.0,250.0,18.0,12,7.2644,109.4305,3977.0123,36.3428,4374.7135,1.653,6.0395,10.6002,46.4923,228.0,1048.0,16.351,19.6605,36.6435,0.4788,11.4209,9.7078,True,True
3.0,4.0,250.0,18.0,16,7.2644,146.7976,5360.3209,36.515,5896.353,1.6583,8.156,14.3643,47.096,305.0,1202.0,21.8013,26.214,48.858,0.6385,11.4209,9.7078,True,True
3.0,4.0,250.0,22.0,4,7.2644,47.7253,1470.4478,30.8107,1617.4925,1.6084,2.1936,3.7398,46.1708,81.0,754.0,6.5361,7.6392,16.286,0.1949,11.4209,9.7078,True,True
3.0,4.0,250.0,22.0,6,7.2644,73.854,2310.7036,31.2874,2541.774,1.627,3.4776,6.002,48.7968,123.0,838.0,9.8041,11.4588,24.429,0.2923,11.4209,9.7078,True,True
3.0,4.0,250.0,22.0,8,7.2644,99.9827,3150.9595,31.515,3466.0554,1.6366,4.7579,8.2631,50.0796,165.0,922.0,13.0721,15.2785,32.572,0.3898,11.4209,9.7078,True,True
3.0,4.0,250.0,22.0,10,7.2644,126.1115,3991.2153,31.6483,4390.3369,1.6411,6.0396,10.5199,52.5994,200.0,992.0,16.3401,19.0981,36.6435,0.4872,11.4209,9.7078,True,True
3.0,4.0,250.0,22.0,12,7.2644,152.2402,4831.4712,31.7358,5314.6183,1.6449,7.3187,12.7793,52.8072,242.0,1076.0,19.6082,22.9177,44.7865,0.5847,11.4209,9.7078,True,True
3.0,4.0,250.0,22.0,16,7.2644,204.4977,6511.9829,31.8438,7163.1812,1.649,9.8791,17.295,54.2163,319.0,1230.0,26.1442,30.5569,57.0011,0.7796,11.4209,9.7078,True,True
3.0,4.0,250.0,26.0,4,7.2644,78.0547,1730.3738,22.1687,1903.4112,1.5813,2.5555,4.2786,48.6205,88.0,768.0,7.6218,8.725,20.3575,0.2302,11.4209,9.7078,True,True
3.0,4.0,250.0,26.0,6,7.2644,121.5146,2719.1589,22.3772,2991.0748,1.5962,4.0419,6.8352,52.5787,130.0,852.0,11.4327,13.0874,28.5005,0.3453,11.4209,9.7078,True,True
3.0,4.0,250.0,26.0,8,7.2644,164.9745,3707.9439,22.4759,4078.7383,1.6043,5.5327,9.4072,54.6931,172.0,936.0,15.2436,17.4499,36.6435,0.4604,11.4209,9.7078,True,True
3.0,4.0,250.0,26.0,10,7.2644,208.4343,4696.7289,22.5334,5166.4018,1.6084,7.0206,11.9694,55.932,214.0,1020.0,19.0545,21.8124,44.7865,0.5755,11.4209,9.7078,True,True
3.0,4.0,250.0,26.0,12,7.2644,251.8942,5685.514,22.571,6254.0654,1.6114,8.5057,14.5296,56.7561,256.0,1104.0,22.8654,26.1749,52.9296,0.6906,11.4209,9.7078,True,True
3.0,4.0,250.0,26.0,16,7.2644,338.8139,7663.0841,22.6174,8429.3925,1.6143,11.4884,19.6633,57.8333,340.0,1272.0,30.4872,34.8998,69.2156,0.9207,11.4209,9.7078,True,True
4.0,1.5,250.0,18.0,4,9.26,26.8678,916.4713,34.1104,1008.1184,1.5883,2.2007,3.702,59.7101,62.0,720.0,2.0439,2.4576,6.1073,0.0599,11.1633,9.4888,True,True
4.0,1.5,250.0,18.0,6,9.26,41.0779,1440.1692,35.0594,1584.1861,1.6178,3.5047,6.0124,67.1773,89.5,775.0,3.0658,3.6863,7.6341,0.0898,11.1633,9.4888,True,True
4.0,1.5,250.0,18.0,8,9.26,55.2881,1963.8671,35.5206,2160.2538,1.6319,4.8069,8.3227,67.9403,122.5,841.0,4.0877,4.9151,10.6877,0.1197,11.1633,9.4888,True,True
4.0,1.5,250.0,18.0,10,9.26,69.4983,2487.5649,35.7932,2736.3214,1.6407,6.1123,10.6433,70.9551,150.0,896.0,5.1097,6.1439,12.2145,0.1496,11.1633,9.4888,True,True
4.0,1.5,250.0,18.0,12,9.26,83.7084,3011.2628,35.9732,3312.3891,1.6464,7.4164,12.9622,73.0267,177.5,951.0,6.1316,7.3727,13.7413,0.1796,11.1633,9.4888,True,True
4.0,1.5,250.0,18.0,16,9.26,112.1287,4058.6586,36.1964,4464.5244,1.6531,10.0154,17.5799,73.865,238.0,1072.0,8.1755,9.8302,18.3218,0.2394,11.1633,9.4888,True,True
4.0,1.5,250.0,22.0,4,9.26,36.7343,1111.4318,30.256,1222.5749,1.5919,2.675,4.5108,72.7553,62.0,720.0,2.451,2.8647,6.1073,0.0731,11.1633,9.4888,True,True
4.0,1.5,250.0,22.0,6,9.26,56.5824,1746.5356,30.8671,1921.1892,1.6163,4.2499,7.2834,76.6676,95.0,786.0,3.6765,4.2971,9.1609,0.1096,11.1633,9.4888,True,True
4.0,1.5,250.0,22.0,8,9.26,76.4306,2381.6395,31.1608,2619.8035,1.6278,5.8207,10.0512,78.5252,128.0,852.0,4.902,5.7294,12.2145,0.1462,11.1633,9.4888,True,True
4.0,1.5,250.0,22.0,10,9.26,96.2787,3016.7434,31.3334,3318.4177,1.6346,7.3957,12.8271,82.4892,155.5,907.0,6.1276,7.1618,13.7413,0.1827,11.1633,9.4888,True,True
4.0,1.5,250.0,22.0,12,9.26,116.1269,3651.8472,31.4471,4017.032,1.639,8.968,15.5985,82.7509,188.5,973.0,7.3531,8.5941,16.795,0.2193,11.1633,9.4888,True,True
4.0,1.5,250.0,22.0,16,9.26,155.8232,4922.055,31.5874,5414.2605,1.6448,12.1144,21.1512,84.9448,249.0,1094.0,9.8041,11.4588,21.3754,0.2923,11.1633,9.4888,True,True
4.0,1.5,250.0,26.0,4,9.26,59.8466,1306.5141,21.831,1437.1655,1.5672,3.1132,5.1629,76.488,67.5,731.0,2.8582,3.2719,7.6341,0.0863,11.1633,9.4888,True,True
4.0,1.5,250.0,26.0,6,9.26,92.9018,2053.0936,22.0996,2258.4029,1.5866,4.937,8.2958,82.5451,100.5,797.0,4.2873,4.9078,10.6877,0.1295,11.1633,9.4888,True,True
4.0,1.5,250.0,26.0,8,9.26,125.9571,2799.6731,22.2272,3079.6404,1.5961,6.7628,11.4364,85.6656,133.5,863.0,5.7163,6.5437,13.7413,0.1726,11.1633,9.4888,True,True
4.0,1.5,250.0,26.0,10,9.26,159.0123,3546.2525,22.3018,3900.8778,1.602,8.5891,14.5816,87.5772,166.5,929.0,7.1454,8.1797,16.795,0.2158,11.1633,9.4888,True,True
4.0,1.5,250.0,26.0,12,9.26,192.0675,4292.832,22.3506,4722.1152,1.6053,10.4115,17.7139,88.7915,199.5,995.0,8.5745,9.8156,19.8486,0.259,11.1633,9.4888,True,True
4.0,1.5,250.0,26.0,16,9.26,258.1779,5785.991,22.4109,6364.5901,1.6106,14.0609,24.0068,90.421,265.5,1127.0,11.4327,13.0874,25.9558,0.3453,11.1633,9.4888,True,True
4.0,2.0,250.0,18.0,4,9.26,29.1831,920.0035,31.5252,1012.0038,1.5825,2.2038,3.693,54.3081,68.0,732.0,2.7252,3.2767,8.143,0.0798,12.0172,10.2146,True,True
4.0,2.0,250.0,18.0,6,9.26,44.7163,1445.7197,32.3309,1590.2917,1.6116,3.51,5.9969,61.1924,98.0,792.0,4.0877,4.9151,10.1788,0.1197,12.0172,10.2146,True,True
4.0,2.0,250.0,18.0,8,9.26,60.2495,1971.436,32.7212,2168.5796,1.6255,4.8144,8.3007,61.9453,134.0,864.0,5.4503,6.5535,14.2503,0.1596,12.0172,10.2146,True,True
4.0,2.0,250.0,18.0,10,9.26,75.7827,2497.1523,32.9515,2746.8675,1.6341,6.1228,10.6161,64.7322,164.0,924.0,6.8129,8.1919,16.286,0.1995,12.0172,10.2146,True,True
4.0,2.0,250.0,18.0,12,9.26,91.3159,3022.8686,33.1034,3325.1554,1.6389,7.4208,12.9067,66.5294,194.0,984.0,8.1755,9.8302,18.3218,0.2394,12.0172,10.2146,True,True
4.0,2.0,250.0,18.0,16,9.26,122.3823,4074.3011,33.2916,4481.7312,1.6463,10.0316,17.5317,67.4296,260.0,1116.0,10.9006,13.107,24.429,0.3192,12.0172,10.2146,True,True
4.0,2.0,250.0,22.0,4,9.26,39.8789,1114.146,27.9382,1225.5606,1.5848,2.6735,4.487,65.9855,68.0,732.0,3.268,3.8196,8.143,0.0974,12.0172,10.2146,True,True
4.0,2.0,250.0,22.0,6,9.26,61.5241,1750.8009,28.4572,1925.8809,1.6089,4.2481,7.2446,69.6598,104.0,804.0,4.902,5.7294,12.2145,0.1462,12.0172,10.2146,True,True
4.0,2.0,250.0,22.0,8,9.26,83.1692,2387.4557,28.706,2626.2013,1.6202,5.8239,10.0066,71.4759,140.0,876.0,6.5361,7.6392,16.286,0.1949,12.0172,10.2146,True,True
4.0,2.0,250.0,22.0,10,9.26,104.8143,3024.1106,28.8521,3326.5216,1.6268,7.3932,12.7582,75.0481,170.0,936.0,8.1701,9.549,18.3218,0.2436,12.0172,10.2146,True,True
4.0,2.0,250.0,22.0,12,9.26,126.4594,3660.7654,28.9481,4026.842,1.6311,8.9652,15.5146,75.3136,206.0,1008.0,9.8041,11.4588,22.3933,0.2923,12.0172,10.2146,True,True
4.0,2.0,250.0,22.0,16,9.26,169.7496,4934.0752,29.0668,5427.4827,1.6369,12.111,21.0372,77.3425,272.0,1140.0,13.0721,15.2785,28.5005,0.3898,12.0172,10.2146,True,True
4.0,2.0,250.0,26.0,4,9.26,64.8667,1309.5267,20.188,1440.4794,1.5581,3.1056,5.1185,69.1684,74.0,744.0,3.8109,4.3625,10.1788,0.1151,12.0172,10.2146,True,True
4.0,2.0,250.0,26.0,6,9.26,100.7905,2057.8277,20.4169,2263.6105,1.5771,4.9308,8.2326,74.8414,110.0,816.0,5.7163,6.5437,14.2503,0.1726,12.0172,10.2146,True,True
4.0,2.0,250.0,26.0,8,9.26,136.7144,2806.1287,20.5255,3086.7416,1.5873,6.7544,11.3546,77.7715,146.0,888.0,7.6218,8.725,18.3218,0.2302,12.0172,10.2146,True,True
4.0,2.0,250.0,26.0,10,9.26,172.6382,3554.4297,20.5889,3909.8727,1.5922,8.5793,14.4702,79.5064,182.0,960.0,9.5272,10.9062,22.3933,0.2877,12.0172,10.2146,True,True
4.0,2.0,250.0,26.0,12,9.26,208.562,4302.7307,20.6305,4733.0038,1.5963,10.3993,17.5874,80.676,218.0,1032.0,11.4327,13.0874,26.4648,0.3453,12.0172,10.2146,True,True
4.0,2.0,250.0,26.0,16,9.26,280.4097,5799.3327,20.6816,6379.2659,1.6006,14.0441,23.8203,82.1389,290.0,1176.0,15.2436,17.4499,34.6078,0.4604,12.0172,10.2146,True,True
4.0,2.5,250.0,18.0,4,9.26,32.5202,921.9415,28.3498,1014.1357,1.5731,2.1989,3.6613,49.4769,74.0,744.0,3.4064,4.0959,10.1788,0.0998,12.7027,10.7973,True,True
4.0,2.5,250.0,18.0,6,9.26,49.9603,1448.7652,28.9983,1593.6418,1.6024,3.5031,5.9485,55.8546,106.5,809.0,5.1097,6.1439,12.7235,0.1496,12.7027,10.7973,True,True
4.0,2.5,250.0,18.0,8,9.26,67.4004,1975.589,29.3113,2173.1479,1.616,4.8102,8.2418,56.6448,145.5,887.0,6.8129,8.1919,17.8128,0.1995,12.7027,10.7973,True,True
4.0,2.5,250.0,18.0,10,9.26,84.8405,2502.4127,29.4955,2752.654,1.6244,6.1113,10.5295,59.1542,178.0,952.0,8.5161,10.2398,20.3575,0.2494,12.7027,10.7973,True,True
4.0,2.5,250.0,18.0,12,9.26,102.2806,3029.2364,29.6169,3332.1601,1.6291,7.415,12.815,60.8787,210.5,1017.0,10.2193,12.2878,22.9022,0.2993,12.7027,10.7973,True,True
4.0,2.5,250.0,18.0,16,9.26,137.1607,4082.8839,29.7671,4491.1723,1.6355,10.014,17.3792,61.6285,282.0,1160.0,13.6258,16.3837,30.5363,0.399,12.7027,10.7973,True,True
4.0,2.5,250.0,22.0,4,9.26,44.4932,1117.0411,25.1059,1228.7453,1.5738,2.6672,4.4431,60.0415,74.0,744.0,4.085,4.7745,10.1788,0.1218,12.7027,10.7973,True,True
4.0,2.5,250.0,22.0,6,9.26,68.775,1755.3504,25.5231,1930.8854,1.5972,4.2389,7.1735,63.4825,113.0,822.0,6.1276,7.1618,15.2681,0.1827,12.7027,10.7973,True,True
4.0,2.5,250.0,22.0,8,9.26,93.0568,2393.6596,25.7226,2633.0256,1.6091,5.8114,9.9128,65.2155,152.0,900.0,8.1701,9.549,20.3575,0.2436,12.7027,10.7973,True,True
4.0,2.5,250.0,22.0,10,9.26,117.3386,3031.9688,25.8395,3335.1657,1.6156,7.3855,12.6515,68.5718,184.5,965.0,10.2126,11.9363,22.9022,0.3045,12.7027,10.7973,True,True
4.0,2.5,250.0,22.0,12,9.26,141.6205,3670.2781,25.9163,4037.3059,1.6207,8.9557,15.3926,68.8706,223.5,1043.0,12.2551,14.3236,27.9916,0.3654,12.7027,10.7973,True,True
4.0,2.5,250.0,22.0,16,9.26,190.1841,4946.8965,26.0111,5441.5862,1.6254,12.0995,20.8608,69.1902,301.5,1199.0,16.3401,19.0981,38.1704,0.4872,12.7027,10.7973,True,True
4.0,2.5,250.0,26.0,4,9.26,72.0275,1311.8521,18.2132,1443.0373,1.5449,3.0908,5.0481,62.7091,80.5,757.0,4.7636,5.4531,12.7235,0.1439,12.7027,10.7973,True,True
4.0,2.5,250.0,26.0,6,9.26,112.0432,2061.4819,18.399,2267.6301,1.5642,4.9087,8.1241,67.9841,119.5,835.0,7.1454,8.1797,17.8128,0.2158,12.7027,10.7973,True,True
4.0,2.5,250.0,26.0,8,9.26,152.059,2811.1117,18.487,3092.2229,1.5733,6.7249,11.1991,70.6565,158.5,913.0,9.5272,10.9062,22.9022,0.2877,12.7027,10.7973,True,True
4.0,2.5,250.0,26.0,10,9.26,192.0747,3560.7415,18.5383,3916.8157,1.5781,8.5425,14.2721,72.2637,197.5,991.0,11.909,13.6328,27.9916,0.3597,12.7027,10.7973,True,True
4.0,2.5,250.0,26.0,12,9.26,232.0904,4310.3713,18.572,4741.4084,1.582,10.3553,17.3467,73.3475,236.5,1069.0,14.2909,16.3593,33.081,0.4316,12.7027,10.7973,True,True
4.0,2.5,250.0,26.0,16,9.26,312.1218,5809.6309,18.6133,6390.594,1.5863,13.9853,23.4944,74.7039,314.5,1225.0,19.0545,21.8124,43.2597,0.5755,12.7027,10.7973,True,True
4.0,3.0,250.0,18.0,4,9.26,34.7071,922.9582,26.5928,1015.254,1.5674,2.1958,3.6421,45.5265,80.0,756.0,4.0877,4.9151,12.2145,0.1197,13.2479,11.2607,True,True
4.0,3.0,250.0,18.0,6,9.26,53.3969,1450.3629,27.1619,1595.3991,1.5956,3.4986,5.9142,51.4279,115.0,826.0,6.1316,7.3727,15.2681,0.1796,13.2479,11.2607,True,True
4.0,3.0,250.0,18.0,8,9.26,72.0867,1977.7675,27.436,2175.5443,1.6098,4.7994,8.1902,52.1669,157.0,910.0,8.1755,9.8302,21.3754,0.2394,13.2479,11.2607,True,True
4.0,3.0,250.0,18.0,10,9.26,90.7765,2505.1722,27.5972,2755.6894,1.6182,6.1045,10.4747,54.5558,192.0,980.0,10.2193,12.2878,24.429,0.2993,13.2479,11.2607,True,True
4.0,3.0,250.0,18.0,12,9.26,109.4663,3032.5769,27.7033,3335.8346,1.6228,7.407,12.7484,56.1605,227.0,1050.0,12.2632,14.7454,27.4827,0.3591,13.2479,11.2607,True,True
4.0,3.0,250.0,18.0,16,9.26,146.8458,4087.3862,27.8345,4496.1249,1.6291,10.0036,17.289,56.8718,304.0,1204.0,16.351,19.6605,36.6435,0.4788,13.2479,11.2607,True,True
4.0,3.0,250.0,22.0,4,9.26,47.4134,1116.9832,23.5584,1228.6815,1.5671,2.6589,4.4094,55.117,80.0,756.0,4.902,5.7294,12.2145,0.1462,13.2479,11.2607,True,True
4.0,3.0,250.0,22.0,6,9.26,73.3639,1755.2593,23.9254,1930.7853,1.5903,4.2265,7.1194,58.3559,122.0,840.0,7.3531,8.5941,18.3218,0.2193,13.2479,11.2607,True,True
4.0,3.0,250.0,22.0,8,9.26,99.3145,2393.5354,24.1006,2632.889,1.6021,5.7949,9.8382,59.989,164.0,924.0,9.8041,11.4588,24.429,0.2923,13.2479,11.2607,True,True
4.0,3.0,250.0,22.0,10,9.26,125.265,3031.8116,24.2032,3334.9927,1.6084,7.3648,12.5565,63.0979,199.0,994.0,12.2551,14.3236,27.4827,0.3654,13.2479,11.2607,True,True
4.0,3.0,250.0,22.0,12,9.26,151.2155,3670.0877,24.2706,4037.0964,1.6126,8.9303,15.2675,63.3507,241.0,1078.0,14.7061,17.1883,33.5899,0.4385,13.2479,11.2607,True,True
4.0,3.0,250.0,22.0,16,9.26,203.1165,4946.6399,24.3537,5441.3039,1.6182,12.0662,20.7044,63.706,325.0,1246.0,19.6082,22.9177,45.8044,0.5847,13.2479,11.2607,True,True
4.0,3.0,250.0,26.0,4,9.26,76.5717,1312.3639,17.139,1443.6003,1.5361,3.0779,4.9964,57.4303,87.0,770.0,5.7163,6.5437,15.2681,0.1726,13.2479,11.2607,True,True
4.0,3.0,250.0,26.0,6,9.26,119.1842,2062.2862,17.3034,2268.5148,1.5551,4.8888,8.0411,62.3338,129.0,854.0,8.5745,9.8156,21.3754,0.259,13.2479,11.2607,True,True
4.0,3.0,250.0,26.0,8,9.26,161.7966,2812.2084,17.3811,3093.4293,1.5641,6.6982,11.0847,64.8231,171.0,938.0,11.4327,13.0874,27.4827,0.3453,13.2479,11.2607,True,True
4.0,3.0,250.0,26.0,10,9.26,204.409,3562.1307,17.4265,3918.3437,1.5696,8.5086,14.1335,66.3544,213.0,1022.0,14.2909,16.3593,33.5899,0.4316,13.2479,11.2607,True,True
4.0,3.0,250.0,26.0,12,9.26,247.0215,4312.0529,17.4562,4743.2582,1.5726,10.3157,17.171,67.3373,255.0,1106.0,17.149,19.6312,39.6972,0.5179,13.2479,11.2607,True,True
4.0,3.0,250.0,26.0,16,9.26,332.2463,5811.8974,17.4927,6393.0871,1.5768,13.9325,23.2567,68.6038,339.0,1274.0,22.8654,26.1749,51.9117,0.6906,13.2479,11.2607,True,True
4.0,4.0,250.0,18.0,4,9.26,38.921,922.5157,23.7023,1014.7673,1.5563,2.1833,3.5939,39.064,92.0,780.0,5.4503,6.5535,16.286,0.1596,13.9159,11.8286,True,True
4.0,4.0,250.0,18.0,6,9.26,60.0186,1449.6675,24.1536,1594.6343,1.5839,3.4799,5.8366,44.2165,132.0,860.0,8.1755,9.8302,20.3575,0.2394,13.9159,11.8286,True,True
4.0,4.0,250.0,18.0,8,9.26,81.1163,1976.8194,24.3702,2174.5013,1.597,4.7746,8.079,44.8834,180.0,956.0,10.9006,13.107,28.5005,0.3192,13.9159,11.8286,True,True
4.0,4.0,250.0,18.0,10,9.26,102.214,2503.9712,24.4973,2754.3683,1.6044,6.0673,10.3165,46.8932,220.0,1036.0,13.6258,16.3837,32.572,0.399,13.9159,11.8286,True,True
4.0,4.0,250.0,18.0,12,9.26,123.3117,3031.123,24.581,3334.2353,1.6097,7.3626,12.5634,48.3209,260.0,1116.0,16.351,19.6605,36.6435,0.4788,13.9159,11.8286,True,True
4.0,4.0,250.0,18.0,16,9.26,165.5071,4085.4267,24.6843,4493.9694,1.6168,9.9536,17.0639,49.0341,348.0,1292.0,21.8013,26.214,48.858,0.6385,13.9159,11.8286,True,True
4.0,4.0,250.0,22.0,4,9.26,53.0768,1117.5248,21.0549,1229.2773,1.5547,2.6445,4.3482,47.2627,92.0,780.0,6.5361,7.6392,16.286,0.1949,13.9159,11.8286,True,True
4.0,4.0,250.0,22.0,6,9.26,82.2636,1756.1104,21.3474,1931.7214,1.5773,4.2048,7.0212,50.1512,140.0,876.0,9.8041,11.4588,24.429,0.2923,13.9159,11.8286,True,True
4.0,4.0,250.0,22.0,8,9.26,111.4504,2394.696,21.4867,2634.1656,1.5888,5.766,9.7027,51.6103,188.0,972.0,13.0721,15.2785,32.572,0.3898,13.9159,11.8286,True,True
4.0,4.0,250.0,22.0,10,9.26,140.6371,3033.2816,21.5681,3336.6097,1.595,7.3285,12.3835,54.3135,228.0,1052.0,16.3401,19.0981,36.6435,0.4872,13.9159,11.8286,True,True
4.0,4.0,250.0,22.0,12,9.26,169.8239,3671.8672,21.6216,4039.0539,1.5991,8.888,15.0594,54.5631,276.0,1148.0,19.6082,22.9177,44.7865,0.5847,13.9159,11.8286,True,True
4.0,4.0,250.0,22.0,16,9.26,228.1974,4949.0384,21.6875,5443.9422,1.6045,12.0082,20.4195,54.8912,372.0,1340.0,26.1442,30.5569,61.0726,0.7796,13.9159,11.8286,True,True
4.0,4.0,250.0,26.0,4,9.26,84.8518,1312.633,15.4697,1443.8963,1.5213,3.0555,4.9092,49.092,100.0,796.0,7.6218,8.725,20.3575,0.2302,13.9159,11.8286,True,True
4.0,4.0,250.0,26.0,6,9.26,132.1957,2062.7089,15.6034,2268.9798,1.5391,4.8501,7.8896,53.3082,148.0,892.0,11.4327,13.0874,28.5005,0.3453,13.9159,11.8286,True,True
4.0,4.0,250.0,26.0,8,9.26,179.5396,2812.7849,15.6667,3094.0634,1.5478,6.6464,10.8766,55.4928,196.0,988.0,15.2436,17.4499,36.6435,0.4604,13.9159,11.8286,True,True
4.0,4.0,250.0,26.0,10,9.26,226.8835,3562.8609,15.7035,3919.147,1.5531,8.4436,13.8685,56.8382,244.0,1084.0,19.0545,21.8124,44.7865,0.5755,13.9159,11.8286,True,True
4.0,4.0,250.0,26.0,12,9.26,274.2274,4312.9369,15.7276,4744.2306,1.5568,10.237,16.8576,57.7314,292.0,1180.0,22.8654,26.1749,52.9296,0.6906,13.9159,11.8286,True,True
4.0,4.0,250.0,26.0,16,9.26,368.9152,5813.0889,15.7572,6394.3977,1.5601,13.827,22.8202,58.8148,388.0,1372.0,30.4872,34.8998,69.2156,0.9207,13.9159,11.8286,True,True
5.0,1.5,250.0,18.0,4,11.2116,30.9457,740.8941,23.9418,814.9835,1.5406,2.5488,4.1504,56.8551,73.0,746.0,2.0439,2.4576,6.1073,0.0599,12.4257,10.5618,False,True
5.0,1.5,250.0,18.0,6,11.2116,47.486,1164.2621,24.518,1280.6883,1.574,4.0763,6.7912,64.3714,105.5,811.0,3.0658,3.6863,7.6341,0.0898,12.4257,10.5618,False,True
5.0,1.5,250.0,18.0,8,11.2116,64.0264,1587.6301,24.7965,1746.3931,1.5904,5.6058,9.4434,65.3522,144.5,889.0,4.0877,4.9151,10.6877,0.1197,12.4257,10.5618,False,True
5.0,1.5,250.0,18.0,10,11.2116,80.5668,2010.9982,24.9606,2212.098,1.6002,7.1337,12.0962,68.3401,177.0,954.0,5.1097,6.1439,12.2145,0.1496,12.4257,10.5618,False,True
5.0,1.5,250.0,18.0,12,11.2116,97.1072,2434.3662,25.0689,2677.8028,1.6064,8.6546,14.7358,68.2211,216.0,1032.0,6.1316,7.3727,15.2681,0.1796,12.4257,10.5618,False,True
5.0,1.5,250.0,18.0,16,11.2116,130.1879,3281.1022,25.2028,3609.2125,1.6147,11.7133,20.0529,71.3626,281.0,1162.0,8.1755,9.8302,18.3218,0.2394,12.4257,10.5618,False,True
5.0,1.5,250.0,22.0,4,11.2116,41.9658,896.8581,21.3712,986.5439,1.5428,3.0901,5.0395,69.0341,73.0,746.0,2.451,2.8647,6.1073,0.0731,12.4257,10.5618,False,True
5.0,1.5,250.0,22.0,6,11.2116,64.8034,1409.3484,21.7481,1550.2833,1.5707,4.93,8.1957,73.1763,112.0,824.0,3.6765,4.2971,9.1609,0.1096,12.4257,10.5618,False,True
5.0,1.5,250.0,22.0,8,11.2116,87.641,1921.8388,21.9285,2114.0227,1.5841,6.7673,11.3518,75.1778,151.0,902.0,4.902,5.7294,12.2145,0.1462,12.4257,10.5618,False,True
5.0,1.5,250.0,22.0,10,11.2116,110.4786,2434.3291,22.0344,2677.762,1.5915,8.6022,14.5022,76.3272,190.0,980.0,6.1276,7.1618,15.2681,0.1827,12.4257,10.5618,False,True
5.0,1.5,250.0,22.0,12,11.2116,133.3162,2946.8195,22.104,3241.5014,1.597,10.4394,17.6636,79.3868,222.5,1045.0,7.3531,8.5941,16.795,0.2193,12.4257,10.5618,False,True
5.0,1.5,250.0,22.0,16,11.2116,178.9914,3971.8002,22.1899,4368.9802,1.6041,14.1161,23.998,79.8601,300.5,1201.0,9.8041,11.4588,22.9022,0.2923,12.4257,10.5618,False,True
5.0,1.5,250.0,26.0,4,11.2116,66.8103,1052.9313,15.76,1158.2244,1.5134,3.5722,5.7072,71.7889,79.5,759.0,2.8582,3.2719,7.6341,0.0863,12.4257,10.5618,False,True
5.0,1.5,250.0,26.0,6,11.2116,103.8448,1654.6063,15.9335,1820.067,1.5353,5.6928,9.2363,77.943,118.5,837.0,4.2873,4.9078,10.6877,0.1295,12.4257,10.5618,False,True
5.0,1.5,250.0,26.0,8,11.2116,140.8793,2256.2814,16.0157,2481.9095,1.546,7.8066,12.7601,81.0167,157.5,915.0,5.7163,6.5437,13.7413,0.1726,12.4257,10.5618,False,True
5.0,1.5,250.0,26.0,10,11.2116,177.9138,2857.9564,16.0637,3143.752,1.5523,9.9272,16.2963,82.933,196.5,993.0,7.1454,8.1797,16.795,0.2158,12.4257,10.5618,False,True
5.0,1.5,250.0,26.0,12,11.2116,214.9482,3459.6314,16.0952,3805.5946,1.5571,12.044,19.8372,84.2345,235.5,1071.0,8.5745,9.8156,19.8486,0.259,12.4257,10.5618,False,True
5.0,1.5,250.0,26.0,16,11.2116,289.0172,4662.9815,16.1339,5129.2796,1.5618,16.2807,26.9006,85.8074,313.5,1227.0,11.4327,13.0874,25.9558,0.3453,12.4257,10.5618,False,True
5.0,2.0,250.0,18.0,4,11.2116,33.2007,743.9671,22.4081,818.3638,1.5341,2.5506,4.1347,52.3374,79.0,758.0,2.7252,3.2767,8.143,0.0798,13.4547,11.4365,True,True
5.0,2.0,250.0,18.0,6,11.2116,51.0297,1169.0912,22.91,1286.0003,1.5668,4.0799,6.7645,59.3374,114.0,828.0,4.0877,4.9151,10.1788,0.1197,13.4547,11.4365,True,True
5.0,2.0,250.0,18.0,8,11.2116,68.8587,1594.2152,23.152,1753.6368,1.583,5.6113,9.4056,60.2925,156.0,912.0,5.4503,6.5535,14.2503,0.1596,13.4547,11.4365,True,True
5.0,2.0,250.0,18.0,10,11.2116,86.6877,2019.3393,23.2944,2221.2732,1.5926,7.1334,12.0346,63.0085,191.0,982.0,6.8129,8.1919,16.286,0.1995,13.4547,11.4365,True,True
5.0,2.0,250.0,18.0,12,11.2116,104.5167,2444.4634,23.3883,2688.9097,1.5987,8.6637,14.6757,62.9858,233.0,1066.0,8.1755,9.8302,20.3575,0.2394,13.4547,11.4365,True,True
5.0,2.0,250.0,18.0,16,11.2116,140.1747,3294.7115,23.5043,3624.1827,1.6068,11.7137,19.9495,65.84,303.0,1206.0,10.9006,13.107,24.429,0.3192,13.4547,11.4365,True,True
5.0,2.0,250.0,22.0,4,11.2116,45.0213,899.5976,19.9816,989.5574,1.5349,3.0866,5.0064,63.372,79.0,758.0,3.268,3.8196,8.143,0.0974,13.4547,11.4365,True,True
5.0,2.0,250.0,22.0,6,11.2116,69.605,1413.6534,20.3097,1555.0188,1.5623,4.9256,8.1416,67.2856,121.0,842.0,4.902,5.7294,12.2145,0.1462,13.4547,11.4365,True,True
5.0,2.0,250.0,22.0,8,11.2116,94.1886,1927.7092,20.4665,2120.4801,1.5754,6.7619,11.2765,69.1807,163.0,926.0,6.5361,7.6392,16.286,0.1949,13.4547,11.4365,True,True
5.0,2.0,250.0,22.0,10,11.2116,118.7722,2441.765,20.5584,2685.9415,1.5835,8.5955,14.413,70.3074,205.0,1010.0,8.1701,9.549,20.3575,0.2436,13.4547,11.4365,True,True
5.0,2.0,250.0,22.0,12,11.2116,143.3558,2955.8208,20.6188,3251.4029,1.5888,10.4315,17.5544,73.1434,240.0,1080.0,9.8041,11.4588,22.3933,0.2923,13.4547,11.4365,True,True
5.0,2.0,250.0,22.0,16,11.2116,192.523,3983.9324,20.6933,4382.3256,1.595,14.1067,23.8375,73.5726,324.0,1248.0,13.0721,15.2785,30.5363,0.3898,13.4547,11.4365,True,True
5.0,2.0,250.0,26.0,4,11.2116,71.5656,1055.747,14.7522,1161.3217,1.5034,3.5625,5.6518,65.719,86.0,772.0,3.8109,4.3625,10.1788,0.1151,13.4547,11.4365,True,True
5.0,2.0,250.0,26.0,6,11.2116,111.3173,1659.031,14.9036,1824.9342,1.5249,5.6728,9.137,71.3832,128.0,856.0,5.7163,6.5437,14.2503,0.1726,13.4547,11.4365,True,True
5.0,2.0,250.0,26.0,8,11.2116,151.069,2262.3151,14.9754,2488.5466,1.5354,7.7881,12.6362,74.3306,170.0,940.0,7.6218,8.725,18.3218,0.2302,13.4547,11.4365,True,True
5.0,2.0,250.0,26.0,10,11.2116,190.8208,2865.5991,15.0172,3152.159,1.5415,9.8948,16.1225,76.0494,212.0,1024.0,9.5272,10.9062,22.3933,0.2877,13.4547,11.4365,True,True
5.0,2.0,250.0,26.0,12,11.2116,230.5725,3468.8831,15.0447,3815.7714,1.5455,12.0049,19.6147,77.2232,254.0,1108.0,11.4327,13.0874,26.4648,0.3453,13.4547,11.4365,True,True
5.0,2.0,250.0,26.0,16,11.2116,310.076,4675.4511,15.0784,5142.9963,1.5507,16.2281,26.6118,78.733,338.0,1276.0,15.2436,17.4499,34.6078,0.4604,13.4547,11.4365,True,True
5.0,2.5,250.0,18.0,4,11.2116,35.4103,745.9721,21.0665,820.5693,1.5275,2.5485,4.1123,48.3796,85.0,770.0,3.4064,4.0959,10.1788,0.0998,14.2824,12.14,True,True
5.0,2.5,250.0,18.0,6,11.2116,54.5019,1172.2419,21.5083,1289.4661,1.5598,4.0772,6.7275,54.9182,122.5,845.0,5.1097,6.1439,12.7235,0.1496,14.2824,12.14,True,True
5.0,2.5,250.0,18.0,8,11.2116,73.5935,1598.5117,21.7208,1758.3628,1.5764,5.6083,9.3593,55.8761,167.5,935.0,6.8129,8.1919,17.8128,0.1995,14.2824,12.14,True,True
5.0,2.5,250.0,18.0,10,11.2116,92.6851,2024.7814,21.8458,2227.2596,1.5851,7.1367,11.9798,58.4379,205.0,1010.0,8.5161,10.2398,20.3575,0.2494,14.2824,12.14,True,True
5.0,2.5,250.0,18.0,12,11.2116,111.7767,2451.0512,21.9281,2696.1563,1.5911,8.6596,14.5945,58.378,250.0,1100.0,10.2193,12.2878,25.4469,0.2993,14.2824,12.14,True,True
5.0,2.5,250.0,18.0,16,11.2116,149.9599,3303.5908,22.0298,3633.9498,1.5999,11.7205,19.8696,61.1373,325.0,1250.0,13.6258,16.3837,30.5363,0.399,14.2824,12.14,True,True
5.0,2.5,250.0,22.0,4,11.2116,48.0505,902.0883,18.7737,992.2971,1.5279,3.0821,4.9747,58.5253,85.0,770.0,4.085,4.7745,10.1788,0.1218,14.2824,12.14,True,True
5.0,2.5,250.0,22.0,6,11.2116,74.3651,1417.5673,19.0623,1559.324,1.5541,4.9196,8.086,62.1998,130.0,860.0,6.1276,7.1618,15.2681,0.1827,14.2824,12.14,True,True
5.0,2.5,250.0,22.0,8,11.2116,100.6797,1933.0463,19.2,2126.3509,1.5669,6.7543,11.1993,63.9957,175.0,950.0,8.1701,9.549,20.3575,0.2436,14.2824,12.14,True,True
5.0,2.5,250.0,22.0,10,11.2116,126.9943,2448.5253,19.2806,2693.3778,1.5749,8.5941,14.3272,65.1234,220.0,1040.0,10.2126,11.9363,25.4469,0.3045,14.2824,12.14,True,True
5.0,2.5,250.0,22.0,12,11.2116,153.3089,2964.0043,19.3335,3260.4047,1.5801,10.4313,17.4515,67.7727,257.5,1115.0,12.2551,14.3236,27.9916,0.3654,14.2824,12.14,True,True
5.0,2.5,250.0,22.0,16,11.2116,205.938,3994.9623,19.3989,4394.4585,1.5862,14.0929,23.6735,68.1253,347.5,1295.0,16.3401,19.0981,38.1704,0.4872,14.2824,12.14,True,True
5.0,2.5,250.0,26.0,4,11.2116,75.9524,1057.5195,13.9234,1163.2714,1.4944,3.5468,5.5909,60.4417,92.5,785.0,4.7636,5.4531,12.7235,0.1439,14.2824,12.14,True,True
5.0,2.5,250.0,26.0,6,11.2116,118.211,1661.8163,14.0581,1827.998,1.5155,5.655,9.0484,65.8065,137.5,875.0,7.1454,8.1797,17.8128,0.2158,14.2824,12.14,True,True
5.0,2.5,250.0,26.0,8,11.2116,160.4695,2266.1132,14.1218,2492.7245,1.5257,7.7569,12.5013,68.5002,182.5,965.0,9.5272,10.9062,22.9022,0.2877,14.2824,12.14,True,True
5.0,2.5,250.0,26.0,10,11.2116,202.728,2870.41,14.1589,3157.451,1.5317,9.8657,15.9665,70.1825,227.5,1055.0,11.909,13.6328,27.9916,0.3597,14.2824,12.14,True,True
5.0,2.5,250.0,26.0,12,11.2116,244.9865,3474.7069,14.1833,3822.1776,1.5364,11.9696,19.4343,71.3185,272.5,1145.0,14.2909,16.3593,33.081,0.4316,14.2824,12.14,True,True
5.0,2.5,250.0,26.0,16,11.2116,329.5036,4683.3006,14.2132,5151.6307,1.5408,16.1816,26.354,72.7006,362.5,1325.0,19.0545,21.8124,43.2597,0.5755,14.2824,12.14,True,True
5.0,3.0,250.0,18.0,4,11.2116,38.6242,747.7981,19.3609,822.5779,1.5179,2.5396,4.0703,44.7288,91.0,782.0,4.0877,4.9151,12.2145,0.1197,14.9858,12.7379,True,True
5.0,3.0,250.0,18.0,6,11.2116,59.5523,1175.1114,19.7324,1292.6225,1.5502,4.0686,6.6692,50.9103,131.0,862.0,6.1316,7.3727,15.2681,0.1796,14.9858,12.7379,True,True
5.0,3.0,250.0,18.0,8,11.2116,80.4804,1602.4246,19.9107,1762.667,1.565,5.5918,9.2594,51.7284,179.0,958.0,8.1755,9.8302,21.3754,0.2394,14.9858,12.7379,True,True
5.0,3.0,250.0,18.0,10,11.2116,101.4085,2029.7378,20.0155,2232.7116,1.5742,7.1167,11.8587,54.1492,219.0,1038.0,10.2193,12.2878,24.429,0.2993,14.9858,12.7379,True,True
5.0,3.0,250.0,18.0,12,11.2116,122.3366,2457.051,20.0843,2702.7561,1.5808,8.6434,14.4674,54.185,267.0,1134.0,12.2632,14.7454,30.5363,0.3591,14.9858,12.7379,True,True
5.0,3.0,250.0,18.0,16,11.2116,164.1928,3311.6775,20.1694,3642.8452,1.5879,11.6887,19.657,56.6483,347.0,1294.0,16.351,19.6605,36.6435,0.4788,14.9858,12.7379,True,True
5.0,3.0,250.0,22.0,4,11.2116,52.3241,903.2645,17.2629,993.5909,1.5167,3.0683,4.9137,53.9965,91.0,782.0,4.902,5.7294,12.2145,0.1462,14.9858,12.7379,True,True
5.0,3.0,250.0,22.0,6,11.2116,81.0807,1419.4156,17.5062,1561.3572,1.5431,4.899,7.9912,57.4906,139.0,878.0,7.3531,8.5941,18.3218,0.2193,14.9858,12.7379,True,True
5.0,3.0,250.0,22.0,8,11.2116,109.8373,1935.5667,17.6221,2129.1234,1.5556,6.7271,11.0683,59.1887,187.0,974.0,9.8041,11.4588,24.429,0.2923,14.9858,12.7379,True,True
5.0,3.0,250.0,22.0,10,11.2116,138.5939,2451.7179,17.6899,2696.8897,1.5626,8.5522,14.1388,60.1652,235.0,1070.0,12.2551,14.3236,30.5363,0.3654,14.9858,12.7379,True,True
5.0,3.0,250.0,22.0,12,11.2116,167.3505,2967.869,17.7345,3264.6559,1.5677,10.3807,17.2217,62.6245,275.0,1150.0,14.7061,17.1883,33.5899,0.4385,14.9858,12.7379,True,True
5.0,3.0,250.0,22.0,16,11.2116,224.8637,4000.1713,17.7893,4400.1884,1.5744,14.0392,23.3974,63.0658,371.0,1342.0,19.6082,22.9177,45.8044,0.5847,14.9858,12.7379,True,True
5.0,3.0,250.0,26.0,4,11.2116,82.5502,1059.2831,12.832,1165.2114,1.4806,3.5208,5.4951,55.5061,99.0,798.0,5.7163,6.5437,15.2681,0.1726,14.9858,12.7379,True,True
5.0,3.0,250.0,26.0,6,11.2116,128.5789,1664.5878,12.946,1831.0466,1.5018,5.6159,8.899,60.5375,147.0,894.0,8.5745,9.8156,21.3754,0.259,14.9858,12.7379,True,True
5.0,3.0,250.0,26.0,8,11.2116,174.6076,2269.8924,13.0,2496.8817,1.511,7.7046,12.2894,63.0226,195.0,990.0,11.4327,13.0874,27.4827,0.3453,14.9858,12.7379,True,True
5.0,3.0,250.0,26.0,10,11.2116,220.6363,2875.1971,13.0314,3162.7168,1.5176,9.8003,15.7042,64.6265,243.0,1086.0,14.2909,16.3593,33.5899,0.4316,14.9858,12.7379,True,True
5.0,3.0,250.0,26.0,12,11.2116,266.6649,3480.5017,13.052,3828.5519,1.5214,11.8916,19.1063,65.6574,291.0,1182.0,17.149,19.6312,39.6972,0.5179,14.9858,12.7379,True,True
5.0,3.0,250.0,26.0,16,11.2116,358.7223,4691.111,13.0773,5160.2221,1.5264,16.0774,25.9228,66.984,387.0,1374.0,22.8654,26.1749,51.9117,0.6906,14.9858,12.7379,True,True
5.0,4.0,250.0,18.0,4,11.2116,42.7331,748.7619,17.5218,823.6381,1.5055,2.5244,4.0107,38.9393,103.0,806.0,5.4503,6.5535,16.286,0.1596,15.9998,13.5999,True,True
5.0,4.0,250.0,18.0,6,11.2116,66.0092,1176.6259,17.8252,1294.2885,1.537,4.0463,6.5726,44.4091,148.0,896.0,8.1755,9.8302,20.3575,0.2394,15.9998,13.5999,True,True
5.0,4.0,250.0,18.0,8,11.2116,89.2852,1604.4898,17.9704,1764.9388,1.5514,5.5625,9.1256,45.1764,202.0,1004.0,10.9006,13.107,28.5005,0.3192,15.9998,13.5999,True,True
5.0,4.0,250.0,18.0,10,11.2116,112.5613,2032.3538,18.0555,2235.5892,1.5604,7.0803,11.6877,47.3186,247.0,1094.0,13.6258,16.3837,32.572,0.399,15.9998,13.5999,True,True
5.0,4.0,250.0,18.0,12,11.2116,135.8374,2460.2178,18.1115,2706.2395,1.5669,8.6,14.2591,47.3723,301.0,1202.0,16.351,19.6605,40.715,0.4788,15.9998,13.5999,True,True
5.0,4.0,250.0,18.0,16,11.2116,182.3895,3315.9457,18.1806,3647.5402,1.5737,11.6312,19.3741,49.5502,391.0,1382.0,21.8013,26.214,48.858,0.6385,15.9998,13.5999,True,True
5.0,4.0,250.0,22.0,4,11.2116,57.7186,904.3126,15.6676,994.7439,1.5029,3.0469,4.8321,46.9135,103.0,806.0,6.5361,7.6392,16.286,0.1949,15.9998,13.5999,True,True
5.0,4.0,250.0,22.0,6,11.2116,89.5578,1421.0627,15.8675,1563.169,1.5286,4.8671,7.8597,50.0618,157.0,914.0,9.8041,11.4588,24.429,0.2923,15.9998,13.5999,True,True
5.0,4.0,250.0,22.0,8,11.2116,121.3971,1937.8128,15.9626,2131.5941,1.5408,6.6847,10.8868,51.5961,211.0,1022.0,13.0721,15.2785,32.572,0.3898,15.9998,13.5999,True,True
5.0,4.0,250.0,22.0,10,11.2116,153.2363,2454.5629,16.0182,2700.0192,1.5484,8.5083,13.9293,52.5634,265.0,1130.0,16.3401,19.0981,40.715,0.4872,15.9998,13.5999,True,True
5.0,4.0,250.0,22.0,12,11.2116,185.0755,2971.313,16.0546,3268.4443,1.5533,10.3172,16.9486,54.6731,310.0,1220.0,19.6082,22.9177,44.7865,0.5847,15.9998,13.5999,True,True
5.0,4.0,250.0,22.0,16,11.2116,248.7539,4004.8132,16.0995,4405.2945,1.5591,13.9552,23.0154,55.0608,418.0,1436.0,26.1442,30.5569,61.0726,0.7796,15.9998,13.5999,True,True
5.0,4.0,250.0,26.0,4,11.2116,90.3475,1060.353,11.7364,1166.3883,1.4654,3.4874,5.3829,48.062,112.0,824.0,7.6218,8.725,20.3575,0.2302,15.9998,13.5999,True,True
5.0,4.0,250.0,26.0,6,11.2116,140.8318,1666.269,11.8316,1832.8959,1.4852,5.5596,8.7057,52.4442,166.0,932.0,11.4327,13.0874,28.5005,0.3453,15.9998,13.5999,True,True
5.0,4.0,250.0,26.0,8,11.2116,191.3161,2272.185,11.8766,2499.4035,1.4948,7.6373,12.0425,54.7385,220.0,1040.0,15.2436,17.4499,36.6435,0.4604,15.9998,13.5999,True,True
5.0,4.0,250.0,26.0,10,11.2116,241.8004,2878.101,11.9028,3165.911,1.5005,9.7163,15.3821,56.1391,274.0,1148.0,19.0545,21.8124,44.7865,0.5755,15.9998,13.5999,True,True
5.0,4.0,250.0,26.0,12,11.2116,292.2847,3484.0169,11.9199,3832.4186,1.5048,11.7903,18.7237,57.0843,328.0,1256.0,22.8654,26.1749,52.9296,0.6906,15.9998,13.5999,True,True
5.0,4.0,250.0,26.0,16,11.2116,393.2533,4695.8489,11.941,5165.4338,1.5097,15.9425,25.4052,58.2689,436.0,1472.0,30.4872,34.8998,69.2156,0.9207,15.9998,13.5999,True,True
6.0,1.5,250.0,18.0,4,13.1321,34.7195,623.6632,17.9629,686.0296,1.4931,2.8592,4.5028,53.6047,84.0,772.0,2.0439,2.4576,6.1073,0.0599,13.5417,11.5104,False,True
6.0,1.5,250.0,18.0,6,13.1321,53.4163,980.0422,18.3473,1078.0465,1.5299,4.6054,7.444,61.2678,121.5,847.0,3.0658,3.6863,7.6341,0.0898,13.5417,11.5104,False,True
6.0,1.5,250.0,18.0,8,13.1321,72.1131,1336.4212,18.5323,1470.0634,1.5474,6.3404,10.3735,62.3034,166.5,937.0,4.0877,4.9151,10.6877,0.1197,13.5417,11.5104,False,True
6.0,1.5,250.0,18.0,10,13.1321,90.81,1692.8002,18.6411,1862.0803,1.5588,8.0818,13.3262,65.3243,204.0,1012.0,5.1097,6.1439,12.2145,0.1496,13.5417,11.5104,False,True
6.0,1.5,250.0,18.0,12,13.1321,109.5068,2049.1792,18.7128,2254.0972,1.5653,9.8158,16.2571,65.2896,249.0,1102.0,6.1316,7.3727,15.2681,0.1796,13.5417,11.5104,False,True
6.0,1.5,250.0,18.0,16,13.1321,146.9005,2761.9372,18.8014,3038.131,1.574,13.2892,22.1415,68.3379,324.0,1252.0,8.1755,9.8302,18.3218,0.2394,13.5417,11.5104,False,True
6.0,1.5,250.0,22.0,4,13.1321,46.7068,753.6308,16.1353,828.9938,1.4946,3.4644,5.4617,65.0205,84.0,772.0,2.451,2.8647,6.1073,0.0731,13.5417,11.5104,False,True
6.0,1.5,250.0,22.0,6,13.1321,72.2536,1184.2769,16.3906,1302.7046,1.5245,5.5488,8.9349,69.263,129.0,862.0,3.6765,4.2971,9.1609,0.1096,13.5417,11.5104,False,True
6.0,1.5,250.0,22.0,8,13.1321,97.8004,1614.923,16.5124,1776.4153,1.5399,7.6367,12.4296,71.4343,174.0,952.0,4.902,5.7294,12.2145,0.1462,13.5417,11.5104,False,True
6.0,1.5,250.0,22.0,10,13.1321,123.3472,2045.5692,16.5838,2250.1261,1.5487,9.7212,15.9183,72.6865,219.0,1042.0,6.1276,7.1618,15.2681,0.1827,13.5417,11.5104,False,True
6.0,1.5,250.0,22.0,12,13.1321,148.8939,2476.2153,16.6307,2723.8369,1.5542,11.8088,19.4101,75.6728,256.5,1117.0,7.3531,8.5941,16.795,0.2193,13.5417,11.5104,False,True
6.0,1.5,250.0,22.0,16,13.1321,199.9875,3337.5076,16.6886,3671.2584,1.5615,15.9715,26.3849,76.1469,346.5,1297.0,9.8041,11.4588,22.9022,0.2923,13.5417,11.5104,False,True
6.0,1.5,250.0,26.0,4,13.1321,72.8024,883.696,12.1383,972.0655,1.4605,3.9699,6.1059,66.7317,91.5,787.0,2.8582,3.2719,7.6341,0.0863,13.5417,11.5104,False,True
6.0,1.5,250.0,26.0,6,13.1321,113.2609,1388.6651,12.2608,1527.5316,1.4849,6.3556,9.95,72.8935,136.5,877.0,4.2873,4.9078,10.6877,0.1295,13.5417,11.5104,False,True
6.0,1.5,250.0,26.0,8,13.1321,153.7194,1893.6342,12.3188,2082.9976,1.4964,8.7378,13.7934,75.9969,181.5,967.0,5.7163,6.5437,13.7413,0.1726,13.5417,11.5104,False,True
6.0,1.5,250.0,26.0,10,13.1321,194.178,2398.6033,12.3526,2638.4636,1.5036,11.1159,17.6373,77.8691,226.5,1057.0,7.1454,8.1797,16.795,0.2158,13.5417,11.5104,False,True
6.0,1.5,250.0,26.0,12,13.1321,234.6365,2903.5724,12.3748,3193.9296,1.5083,13.4985,21.4895,79.1512,271.5,1147.0,8.5745,9.8156,19.8486,0.259,13.5417,11.5104,False,True
6.0,1.5,250.0,26.0,16,13.1321,315.5535,3913.5106,12.4021,4304.8617,1.5138,18.267,29.1933,80.7561,361.5,1327.0,11.4327,13.0874,25.9558,0.3453,13.5417,11.5104,False,True
6.0,2.0,250.0,18.0,4,13.1321,36.9277,626.6153,16.9687,689.2768,1.4862,2.8599,4.4815,49.7942,90.0,784.0,2.7252,3.2767,8.143,0.0798,14.6902,12.4866,False,True
6.0,2.0,250.0,18.0,6,13.1321,56.8863,984.6811,17.3096,1083.1492,1.5223,4.6075,7.4076,56.9817,130.0,864.0,4.0877,4.9151,10.1788,0.1197,14.6902,12.4866,False,True
6.0,2.0,250.0,18.0,8,13.1321,76.845,1342.747,17.4734,1477.0217,1.5401,6.3508,10.3382,58.08,178.0,960.0,5.4503,6.5535,14.2503,0.1596,14.6902,12.4866,False,True
6.0,2.0,250.0,18.0,10,13.1321,96.8037,1700.8129,17.5697,1870.8941,1.5505,8.0872,13.2596,60.8239,218.0,1040.0,6.8129,8.1919,16.286,0.1995,14.6902,12.4866,False,True
6.0,2.0,250.0,18.0,12,13.1321,116.7623,2058.8787,17.6331,2264.7666,1.5576,9.833,16.2008,60.9052,266.0,1136.0,8.1755,9.8302,20.3575,0.2394,14.6902,12.4866,False,True
6.0,2.0,250.0,18.0,16,13.1321,156.6796,2775.0104,17.7114,3052.5115,1.5662,13.3121,22.0623,63.7638,346.0,1296.0,10.9006,13.107,24.429,0.3192,14.6902,12.4866,False,True
6.0,2.0,250.0,22.0,4,13.1321,49.67,756.2994,15.2265,831.9293,1.4869,3.4577,5.4212,60.2357,90.0,784.0,3.268,3.8196,8.143,0.0974,14.6902,12.4866,False,True
6.0,2.0,250.0,22.0,6,13.1321,76.9101,1188.4705,15.4527,1307.3175,1.5162,5.5457,8.878,64.3336,138.0,880.0,4.902,5.7294,12.2145,0.1462,14.6902,12.4866,False,True
6.0,2.0,250.0,22.0,8,13.1321,104.1501,1620.6416,15.5606,1782.7057,1.5306,7.6256,12.3312,66.2967,186.0,976.0,6.5361,7.6392,16.286,0.1949,14.6902,12.4866,False,True
6.0,2.0,250.0,22.0,10,13.1321,131.3901,2052.8127,15.6238,2258.0939,1.5391,9.7078,15.7921,67.4878,234.0,1072.0,8.1701,9.549,20.3575,0.2436,14.6902,12.4866,False,True
6.0,2.0,250.0,22.0,12,13.1321,158.6301,2484.9838,15.6653,2733.4821,1.5453,11.7929,19.2657,70.3129,274.0,1152.0,9.8041,11.4588,22.3933,0.2923,14.6902,12.4866,False,True
6.0,2.0,250.0,22.0,16,13.1321,213.1102,3349.3259,15.7164,3684.2585,1.5517,15.9505,26.1737,70.7399,370.0,1344.0,13.0721,15.2785,30.5363,0.3898,14.6902,12.4866,False,True
6.0,2.0,250.0,26.0,4,13.1321,77.3165,886.4295,11.4649,975.0725,1.4509,3.9536,6.038,61.6123,98.0,800.0,3.8109,4.3625,10.1788,0.1151,14.6902,12.4866,False,True
6.0,2.0,250.0,26.0,6,13.1321,120.3545,1392.9607,11.5738,1532.2567,1.4747,6.332,9.8404,67.4,146.0,896.0,5.7163,6.5437,14.2503,0.1726,14.6902,12.4866,False,True
6.0,2.0,250.0,26.0,8,13.1321,163.3926,1899.4918,11.6253,2089.441,1.486,8.7068,13.6419,70.3189,194.0,992.0,7.6218,8.725,18.3218,0.2302,14.6902,12.4866,False,True
6.0,2.0,250.0,26.0,10,13.1321,206.4306,2406.023,11.6554,2646.6253,1.493,11.0775,17.4439,72.082,242.0,1088.0,9.5272,10.9062,22.3933,0.2877,14.6902,12.4866,False,True
6.0,2.0,250.0,26.0,12,13.1321,249.4686,2912.5542,11.675,3203.8096,1.4969,13.4529,21.2435,73.2536,290.0,1184.0,11.4327,13.0874,26.4648,0.3453,14.6902,12.4866,False,True
6.0,2.0,250.0,26.0,16,13.1321,335.5446,3925.6165,11.6992,4318.1781,1.5029,18.2064,28.8733,74.8013,386.0,1376.0,15.2436,17.4499,34.6078,0.4604,14.6902,12.4866,False,True
6.0,2.5,250.0,18.0,4,13.1321,39.0882,628.6591,16.0831,691.525,1.4798,2.8558,4.4546,46.4025,96.0,796.0,3.4064,4.0959,10.1788,0.0998,15.6533,13.3053,True,True
6.0,2.5,250.0,18.0,6,13.1321,60.2815,987.8929,16.388,1086.6822,1.5154,4.6023,7.3633,53.1645,138.5,881.0,5.1097,6.1439,12.7235,0.1496,15.6533,13.3053,True,True
6.0,2.5,250.0,18.0,8,13.1321,81.4748,1347.1267,16.5343,1481.8394,1.5322,6.3444,10.2709,54.2002,189.5,983.0,6.8129,8.1919,17.8128,0.1995,15.6533,13.3053,True,True
6.0,2.5,250.0,18.0,10,13.1321,102.668,1706.3605,16.6202,1876.9965,1.5424,8.0799,13.1733,56.7814,232.0,1068.0,8.5161,10.2398,20.3575,0.2494,15.6533,13.3053,True,True
6.0,2.5,250.0,18.0,12,13.1321,123.8613,2065.5943,16.6767,2272.1537,1.5501,9.8238,16.1022,56.8981,283.0,1170.0,10.2193,12.2878,25.4469,0.2993,15.6533,13.3053,True,True
6.0,2.5,250.0,18.0,16,13.1321,166.2479,2784.0618,16.7465,3062.468,1.5585,13.3015,21.9292,58.2449,376.5,1357.0,13.6258,16.3837,33.081,0.399,15.6533,13.3053,True,True
6.0,2.5,250.0,22.0,4,13.1321,52.5787,758.5366,14.4267,834.3903,1.4788,3.449,5.3758,55.998,96.0,796.0,4.085,4.7745,10.1788,0.1218,15.6533,13.3053,True,True
6.0,2.5,250.0,22.0,6,13.1321,81.4808,1191.9862,14.629,1311.1848,1.5082,5.5332,8.8079,59.9178,147.0,898.0,6.1276,7.1618,15.2681,0.1827,15.6533,13.3053,True,True
6.0,2.5,250.0,22.0,8,13.1321,110.3829,1625.4357,14.7254,1787.9792,1.5223,7.6173,12.2464,61.8505,198.0,1000.0,8.1701,9.549,20.3575,0.2436,15.6533,13.3053,True,True
6.0,2.5,250.0,22.0,10,13.1321,139.285,2058.8852,14.7818,2264.7737,1.5307,9.688,15.6672,62.9204,249.0,1102.0,10.2126,11.9363,25.4469,0.3045,15.6533,13.3053,True,True
6.0,2.5,250.0,22.0,12,13.1321,168.1871,2492.3347,14.8188,2741.5682,1.5359,11.7697,19.1038,65.5361,291.5,1187.0,12.2551,14.3236,27.9916,0.3654,15.6533,13.3053,True,True
6.0,2.5,250.0,22.0,16,13.1321,225.9914,3359.2337,14.8644,3695.1571,1.543,15.9367,25.9943,66.0592,393.5,1391.0,16.3401,19.0981,38.1704,0.4872,15.6533,13.3053,True,True
6.0,2.5,250.0,26.0,4,13.1321,81.4806,888.2868,10.9018,977.1155,1.4422,3.9353,5.9715,57.1431,104.5,813.0,4.7636,5.4531,12.7235,0.1439,15.6533,13.3053,True,True
6.0,2.5,250.0,26.0,6,13.1321,126.8981,1395.8793,11.0,1535.4672,1.4649,6.3051,9.7286,62.5635,155.5,915.0,7.1454,8.1797,17.8128,0.2158,15.6533,13.3053,True,True
6.0,2.5,250.0,26.0,8,13.1321,172.3156,1903.4717,11.0464,2093.8189,1.4766,8.6708,13.4935,65.3438,206.5,1017.0,9.5272,10.9062,22.9022,0.2877,15.6533,13.3053,True,True
6.0,2.5,250.0,26.0,10,13.1321,217.7331,2411.0642,11.0735,2652.1706,1.4828,11.0331,17.2467,66.9776,257.5,1119.0,11.909,13.6328,27.9916,0.3597,15.6533,13.3053,True,True
6.0,2.5,250.0,26.0,12,13.1321,263.1506,2918.6567,11.0912,3210.5223,1.4873,13.3993,21.0134,68.1149,308.5,1221.0,14.2909,16.3593,33.081,0.4316,15.6533,13.3053,True,True
6.0,2.5,250.0,26.0,16,13.1321,353.9856,3933.8416,11.113,4327.2257,1.4925,18.1362,28.5482,69.545,410.5,1425.0,19.0545,21.8124,43.2597,0.5755,15.6533,13.3053,True,True
6.0,3.0,250.0,18.0,4,13.1321,41.0991,629.8708,15.3257,692.8578,1.4732,2.8515,4.4267,43.3987,102.0,808.0,4.0877,4.9151,12.2145,0.1197,16.4639,13.9943,True,True
6.0,3.0,250.0,18.0,6,13.1321,63.4414,989.7969,15.6017,1088.7766,1.5082,4.5917,7.3094,49.7235,147.0,898.0,6.1316,7.3727,15.2681,0.1796,16.4639,13.9943,True,True
6.0,3.0,250.0,18.0,8,13.1321,85.7837,1349.7231,15.734,1484.6954,1.5255,6.3306,10.2006,50.7495,201.0,1006.0,8.1755,9.8302,21.3754,0.2394,16.4639,13.9943,True,True
6.0,3.0,250.0,18.0,10,13.1321,108.1261,1709.6492,15.8116,1880.6141,1.5355,8.063,13.0834,53.1846,246.0,1096.0,10.2193,12.2878,24.429,0.2993,16.4639,13.9943,True,True
6.0,3.0,250.0,18.0,12,13.1321,130.4684,2069.5754,15.8627,2276.5329,1.5424,9.8042,15.9846,53.2818,300.0,1204.0,12.2632,14.7454,30.5363,0.3591,16.4639,13.9943,True,True
6.0,3.0,250.0,18.0,16,13.1321,175.1531,2789.4277,15.9257,3068.3704,1.5507,13.2758,21.769,54.5589,399.0,1402.0,16.351,19.6605,39.6972,0.4788,16.4639,13.9943,True,True
6.0,3.0,250.0,22.0,4,13.1321,55.2624,759.8662,13.7501,835.8528,1.4719,3.4369,5.3302,48.0195,111.0,826.0,4.902,5.7294,15.2681,0.1462,16.4639,13.9943,True,True
6.0,3.0,250.0,22.0,6,13.1321,85.6981,1194.0754,13.9335,1313.4829,1.5001,5.5157,8.7299,55.9611,156.0,916.0,7.3531,8.5941,18.3218,0.2193,16.4639,13.9943,True,True
6.0,3.0,250.0,22.0,8,13.1321,116.1337,1628.2846,14.0208,1791.1131,1.5147,7.5942,12.1442,57.8295,210.0,1024.0,9.8041,11.4588,24.429,0.2923,16.4639,13.9943,True,True
6.0,3.0,250.0,22.0,10,13.1321,146.5694,2062.4939,14.0718,2268.7432,1.5229,9.6693,15.5527,58.9117,264.0,1132.0,12.2551,14.3236,30.5363,0.3654,16.4639,13.9943,True,True
6.0,3.0,250.0,22.0,12,13.1321,177.005,2496.7031,14.1053,2746.3734,1.5281,11.7482,18.9653,61.3762,309.0,1222.0,14.7061,17.1883,33.5899,0.4385,16.4639,13.9943,True,True
6.0,3.0,250.0,22.0,16,13.1321,237.8763,3365.1216,14.1465,3701.6337,1.535,15.8914,25.778,61.8177,417.0,1438.0,19.6082,22.9177,45.8044,0.5847,16.4639,13.9943,True,True
6.0,3.0,250.0,26.0,4,13.1321,85.5049,889.5238,10.4032,978.4762,1.4332,3.914,5.8995,53.1483,111.0,826.0,5.7163,6.5437,15.2681,0.1726,16.4639,13.9943,True,True
6.0,3.0,250.0,26.0,6,13.1321,133.222,1397.8231,10.4924,1537.6054,1.4555,6.2668,9.603,58.2002,165.0,934.0,8.5745,9.8156,21.3754,0.259,16.4639,13.9943,True,True
6.0,3.0,250.0,26.0,8,13.1321,180.939,1906.1224,10.5346,2096.7346,1.467,8.6198,13.3204,60.8236,219.0,1042.0,11.4327,13.0874,27.4827,0.3453,16.4639,13.9943,True,True
6.0,3.0,250.0,26.0,10,13.1321,228.6561,2414.4217,10.5592,2655.8639,1.473,10.9815,17.0449,62.4357,273.0,1150.0,14.2909,16.3593,33.5899,0.4316,16.4639,13.9943,True,True
6.0,3.0,250.0,26.0,12,13.1321,276.3732,2922.721,10.5753,3214.9931,1.4774,13.3375,20.7681,63.5111,327.0,1258.0,17.149,19.6312,39.6972,0.5179,16.4639,13.9943,True,True
6.0,3.0,250.0,26.0,16,13.1321,371.8073,3939.3196,10.5951,4333.2516,1.4825,18.0339,28.1845,64.7919,435.0,1474.0,22.8654,26.1749,51.9117,0.6906,16.4639,13.9943,True,True
6.0,4.0,250.0,18.0,4,13.1321,46.2109,632.1331,13.6793,695.3464,1.4571,2.8256,4.335,38.0266,114.0,832.0,5.4503,6.5535,16.286,0.1596,17.7829,15.1155,True,True
6.0,4.0,250.0,18.0,6,13.1321,71.4743,993.352,13.898,1092.6872,1.4908,4.559,7.1679,43.7064,164.0,932.0,8.1755,9.8302,20.3575,0.2394,17.7829,15.1155,True,True
6.0,4.0,250.0,18.0,8,13.1321,96.7377,1354.5709,14.0025,1490.0279,1.5067,6.2882,9.9994,44.6401,224.0,1052.0,10.9006,13.107,28.5005,0.3192,17.7829,15.1155,True,True
6.0,4.0,250.0,18.0,10,13.1321,122.0011,1715.7898,14.0637,1887.3687,1.5164,8.0104,12.825,46.8067,274.0,1152.0,13.6258,16.3837,32.572,0.399,17.7829,15.1155,True,True
6.0,4.0,250.0,18.0,12,13.1321,147.2644,2077.0087,14.1039,2284.7095,1.5237,9.7417,15.6773,46.9381,334.0,1272.0,16.351,19.6605,40.715,0.4788,17.7829,15.1155,True,True
6.0,4.0,250.0,18.0,16,13.1321,197.7912,2799.4464,14.1535,3079.3911,1.5316,13.1935,21.351,48.0879,444.0,1492.0,21.8013,26.214,52.9296,0.6385,17.7829,15.1155,True,True
6.0,4.0,250.0,22.0,4,13.1321,61.9319,761.9211,12.3026,838.1133,1.4538,3.4013,5.2055,41.9797,124.0,852.0,6.5361,7.6392,20.3575,0.1949,17.7829,15.1155,True,True
6.0,4.0,250.0,22.0,6,13.1321,96.1788,1197.3047,12.4487,1317.0351,1.4809,5.4629,8.5281,49.0123,174.0,952.0,9.8041,11.4588,24.429,0.2923,17.7829,15.1155,True,True
6.0,4.0,250.0,22.0,8,13.1321,130.4256,1632.6882,12.5182,1795.957,1.4949,7.5243,11.8648,50.7044,234.0,1072.0,13.0721,15.2785,32.572,0.3898,17.7829,15.1155,True,True
6.0,4.0,250.0,22.0,10,13.1321,164.6724,2068.0717,12.5587,2274.8789,1.5028,9.5824,15.1958,51.6865,294.0,1192.0,16.3401,19.0981,40.715,0.4872,17.7829,15.1155,True,True
6.0,4.0,250.0,22.0,12,13.1321,198.9192,2503.4552,12.5853,2753.8007,1.5085,11.6436,18.5391,53.8927,344.0,1292.0,19.6082,22.9177,44.7865,0.5847,17.7829,15.1155,True,True
6.0,4.0,250.0,22.0,16,13.1321,267.4129,3374.2222,12.618,3711.6445,1.5145,15.7535,25.1885,54.2856,464.0,1532.0,26.1442,30.5569,61.0726,0.7796,17.7829,15.1155,True,True
6.0,4.0,250.0,26.0,4,13.1321,95.0434,891.8396,9.3835,981.0235,1.4124,3.8518,5.7154,46.0919,124.0,852.0,7.6218,8.725,20.3575,0.2302,17.7829,15.1155,True,True
6.0,4.0,250.0,26.0,6,13.1321,148.211,1401.4622,9.4559,1541.6084,1.4343,6.1792,9.321,50.6577,184.0,972.0,11.4327,13.0874,28.5005,0.3453,17.7829,15.1155,True,True
6.0,4.0,250.0,26.0,8,13.1321,201.3786,1911.0848,9.49,2102.1933,1.4446,8.5032,12.9258,52.9748,244.0,1092.0,15.2436,17.4499,36.6435,0.4604,17.7829,15.1155,True,True
6.0,4.0,250.0,26.0,10,13.1321,254.5462,2420.7074,9.5099,2662.7782,1.451,10.8235,16.531,54.3784,304.0,1212.0,19.0545,21.8124,44.7865,0.5755,17.7829,15.1155,True,True
6.0,4.0,250.0,26.0,12,13.1321,307.7139,2930.33,9.5229,3223.363,1.4552,13.1623,20.1656,55.3999,364.0,1332.0,22.8654,26.1749,52.9296,0.6906,17.7829,15.1155,True,True
6.0,4.0,250.0,26.0,16,13.1321,414.0491,3949.5753,9.5389,4344.5328,1.4601,17.8004,27.369,56.5475,484.0,1572.0,30.4872,34.8998,69.2156,0.9207,17.7829,15.1155,True,True
8.0,1.5,250.0,18.0,4,16.9071,41.4508,476.8718,11.5045,524.559,1.4038,3.3739,4.9735,46.9198,106.0,824.0,2.0439,2.4576,6.1073,0.0599,15.4581,13.1394,False,True
8.0,1.5,250.0,18.0,6,16.9071,63.9942,749.37,11.71,824.307,1.4444,5.504,8.3651,54.4959,153.5,919.0,3.0658,3.6863,7.6341,0.0898,15.4581,13.1394,False,True
8.0,1.5,250.0,18.0,8,16.9071,86.5375,1021.8682,11.8084,1124.0551,1.4642,7.6345,11.774,55.9336,210.5,1033.0,4.0877,4.9151,10.6877,0.1197,15.4581,13.1394,False,True
8.0,1.5,250.0,18.0,10,16.9071,109.0808,1294.3664,11.8661,1423.8031,1.4763,9.7617,15.1884,58.8699,258.0,1128.0,5.1097,6.1439,12.2145,0.1496,15.4581,13.1394,False,True
8.0,1.5,250.0,18.0,12,16.9071,131.6242,1566.8646,11.9041,1723.5511,1.4844,11.8874,18.6038,59.0596,315.0,1242.0,6.1316,7.3727,15.2681,0.1796,15.4581,13.1394,False,True
8.0,1.5,250.0,18.0,16,16.9071,176.7108,2111.861,11.9509,2323.0471,1.4937,16.128,25.41,60.5722,419.5,1451.0,8.1755,9.8302,19.8486,0.2394,15.4581,13.1394,False,True
8.0,1.5,250.0,22.0,4,16.9071,54.9355,574.3449,10.4549,631.7794,1.4042,4.0706,6.0024,51.9687,115.5,843.0,2.451,2.8647,7.6341,0.0731,15.4581,13.1394,False,True
8.0,1.5,250.0,22.0,6,16.9071,85.1843,902.5421,10.5952,992.7963,1.4374,6.5988,9.9775,61.2119,163.0,938.0,3.6765,4.2971,9.1609,0.1096,15.4581,13.1394,False,True
8.0,1.5,250.0,22.0,8,16.9071,115.4332,1230.7392,10.6619,1353.8131,1.4538,9.1307,13.9741,63.5186,220.0,1052.0,4.902,5.7294,12.2145,0.1462,15.4581,13.1394,False,True
8.0,1.5,250.0,22.0,10,16.9071,145.682,1558.9363,10.701,1714.8299,1.4637,11.6651,17.9829,64.9203,277.0,1166.0,6.1276,7.1618,15.2681,0.1827,15.4581,13.1394,False,True
8.0,1.5,250.0,22.0,12,16.9071,175.9308,1887.1334,10.7266,2075.8467,1.4704,14.1878,21.9799,67.7346,324.5,1261.0,7.3531,8.5941,16.795,0.2193,15.4581,13.1394,False,True
8.0,1.5,250.0,22.0,16,16.9071,236.4285,2543.5276,10.7581,2797.8804,1.4779,19.2421,29.9733,68.3542,438.5,1489.0,9.8041,11.4588,22.9022,0.2923,15.4581,13.1394,False,True
8.0,1.5,250.0,26.0,4,16.9071,82.527,671.8977,8.1415,739.0875,1.3665,4.5832,6.5629,56.8216,115.5,843.0,2.8582,3.2719,7.6341,0.0863,15.4581,13.1394,False,True
8.0,1.5,250.0,26.0,6,16.9071,128.5425,1055.8393,8.2139,1161.4232,1.3922,7.4169,10.8364,62.8199,172.5,957.0,4.2873,4.9078,10.6877,0.1295,15.4581,13.1394,False,True
8.0,1.5,250.0,26.0,8,16.9071,174.5579,1439.7809,8.2482,1583.759,1.4054,10.2597,15.142,65.9782,229.5,1071.0,5.7163,6.5437,13.7413,0.1726,15.4581,13.1394,False,True
8.0,1.5,250.0,26.0,10,16.9071,220.5733,1823.7224,8.2681,2006.0947,1.4126,13.083,19.4158,67.769,286.5,1185.0,7.1454,8.1797,16.795,0.2158,15.4581,13.1394,False,True
8.0,1.5,250.0,26.0,12,16.9071,266.5888,2207.664,8.2812,2428.4304,1.4176,15.9232,23.7198,69.0532,343.5,1299.0,8.5745,9.8156,19.8486,0.259,15.4581,13.1394,False,True
8.0,1.5,250.0,26.0,16,16.9071,358.6197,2975.5471,8.2972,3273.1018,1.4236,21.5839,32.2974,70.5954,457.5,1527.0,11.4327,13.0874,25.9558,0.3453,15.4581,13.1394,False,True
8.0,2.0,250.0,18.0,4,16.9071,43.5595,479.5453,11.009,527.4999,1.3973,3.3715,4.945,44.1516,112.0,836.0,2.7252,3.2767,8.143,0.0798,16.7947,14.2755,False,True
8.0,2.0,250.0,18.0,6,16.9071,67.3078,753.5712,11.1959,828.9283,1.4369,5.5056,8.3216,51.3677,162.0,936.0,4.0877,4.9151,10.1788,0.1197,16.7947,14.2755,False,True
8.0,2.0,250.0,18.0,8,16.9071,91.0561,1027.5971,11.2853,1130.3568,1.4563,7.6377,11.7112,52.7533,222.0,1056.0,5.4503,6.5535,14.2503,0.1596,16.7947,14.2755,False,True
8.0,2.0,250.0,18.0,10,16.9071,114.8044,1301.623,11.3377,1431.7853,1.4682,9.756,15.0901,55.4783,272.0,1156.0,6.8129,8.1919,16.286,0.1995,16.7947,14.2755,False,True
8.0,2.0,250.0,18.0,12,16.9071,138.5527,1575.6489,11.3722,1733.2138,1.4761,11.8812,18.4828,55.671,332.0,1276.0,8.1755,9.8302,20.3575,0.2394,16.7947,14.2755,False,True
8.0,2.0,250.0,18.0,16,16.9071,186.0492,2123.7007,11.4147,2336.0708,1.4859,16.1384,25.2835,57.2024,442.0,1496.0,10.9006,13.107,26.4648,0.3192,16.7947,14.2755,False,True
8.0,2.0,250.0,22.0,4,16.9071,57.7163,576.8005,9.9937,634.4806,1.3962,4.0548,5.9426,48.7099,122.0,856.0,3.268,3.8196,10.1788,0.0974,16.7947,14.2755,False,True
8.0,2.0,250.0,22.0,6,16.9071,89.5541,906.4009,10.1213,997.0409,1.4287,6.5828,9.8885,57.4915,172.0,956.0,4.902,5.7294,12.2145,0.1462,16.7947,14.2755,False,True
8.0,2.0,250.0,22.0,8,16.9071,121.392,1236.0012,10.1819,1359.6013,1.4453,9.1104,13.8558,59.7234,232.0,1076.0,6.5361,7.6392,16.286,0.1949,16.7947,14.2755,False,True
8.0,2.0,250.0,22.0,10,16.9071,153.2299,1565.6015,10.2173,1722.1616,1.4543,11.6281,17.8035,60.9709,292.0,1196.0,8.1701,9.549,20.3575,0.2436,16.7947,14.2755,False,True
8.0,2.0,250.0,22.0,12,16.9071,185.0677,1895.2018,10.2406,2084.722,1.4603,14.1444,21.7509,63.5991,342.0,1296.0,9.8041,11.4588,22.3933,0.2923,16.7947,14.2755,False,True
8.0,2.0,250.0,22.0,16,16.9071,248.7435,2554.4024,10.2692,2809.8427,1.4689,19.1839,29.6875,64.2586,462.0,1536.0,13.0721,15.2785,30.5363,0.3898,16.7947,14.2755,False,True
8.0,2.0,250.0,26.0,4,16.9071,86.6119,674.4033,7.7865,741.8436,1.3569,4.5539,6.4719,53.0485,122.0,856.0,3.8109,4.3625,10.1788,0.1151,16.7947,14.2755,False,True
8.0,2.0,250.0,26.0,6,16.9071,134.9615,1059.7766,7.8524,1165.7542,1.3826,7.3711,10.6891,58.7311,182.0,976.0,5.7163,6.5437,14.2503,0.1726,16.7947,14.2755,False,True
8.0,2.0,250.0,26.0,8,16.9071,183.3112,1445.1498,7.8836,1589.6648,1.3948,10.1943,14.9241,61.6699,242.0,1096.0,7.6218,8.725,18.3218,0.2302,16.7947,14.2755,False,True
8.0,2.0,250.0,26.0,10,16.9071,231.6609,1830.5231,7.9017,2013.5754,1.4019,13.0102,19.1502,63.4113,302.0,1216.0,9.5272,10.9062,22.3933,0.2877,16.7947,14.2755,False,True
8.0,2.0,250.0,26.0,12,16.9071,280.0105,2215.8964,7.9136,2437.4861,1.4067,15.8247,23.3791,64.5831,362.0,1336.0,11.4327,13.0874,26.4648,0.3453,16.7947,14.2755,False,True
8.0,2.0,250.0,26.0,16,16.9071,376.7098,2986.643,7.9282,3285.3073,1.413,21.462,31.8603,66.1002,482.0,1576.0,15.2436,17.4499,34.6078,0.4604,16.7947,14.2755,False,True
8.0,2.5,250.0,18.0,4,16.9071,45.595,481.3712,10.5575,529.5083,1.3901,3.3605,4.9016,41.5387,118.0,848.0,3.4064,4.0959,10.1788,0.0998,17.9151,15.2278,False,True
8.0,2.5,250.0,18.0,6,16.9071,70.5065,756.4405,10.7287,832.0845,1.429,5.4897,8.2481,48.3761,170.5,953.0,5.1097,6.1439,12.7235,0.1496,17.9151,15.2278,False,True
8.0,2.5,250.0,18.0,8,16.9071,95.4179,1031.5097,10.8104,1134.6607,1.4486,7.6176,11.6137,49.7375,233.5,1079.0,6.8129,8.1919,17.8128,0.1995,17.9151,15.2278,False,True
8.0,2.5,250.0,18.0,10,16.9071,120.3294,1306.579,10.8584,1437.2369,1.4602,9.7424,14.981,52.3813,286.0,1184.0,8.5161,10.2398,20.3575,0.2494,17.9151,15.2278,False,True
8.0,2.5,250.0,18.0,12,16.9071,145.2408,1581.6483,10.8898,1739.8131,1.4679,11.8656,18.3492,52.5764,349.0,1310.0,10.2193,12.2878,25.4469,0.2993,17.9151,15.2278,False,True
8.0,2.5,250.0,18.0,16,16.9071,195.0637,2131.7868,10.9287,2344.9655,1.4768,16.1013,25.061,53.9527,464.5,1541.0,13.6258,16.3837,33.081,0.399,17.9151,15.2278,False,True
8.0,2.5,250.0,22.0,4,16.9071,60.4471,578.9378,9.5776,636.8316,1.3885,4.041,5.8869,45.8122,128.5,869.0,4.085,4.7745,12.7235,0.1218,17.9151,15.2278,False,True
8.0,2.5,250.0,22.0,6,16.9071,93.8454,909.7594,9.6942,1000.7354,1.4208,6.5582,9.7933,54.1066,181.0,974.0,6.1276,7.1618,15.2681,0.1827,17.9151,15.2278,False,True
8.0,2.5,250.0,22.0,8,16.9071,127.2437,1240.581,9.7496,1364.6391,1.4359,9.0748,13.7051,56.1684,244.0,1100.0,8.1701,9.549,20.3575,0.2436,17.9151,15.2278,False,True
8.0,2.5,250.0,22.0,10,16.9071,160.642,1571.4027,9.782,1728.5429,1.4459,11.5966,17.6452,57.4761,307.0,1226.0,10.2126,11.9363,25.4469,0.3045,17.9151,15.2278,False,True
8.0,2.5,250.0,22.0,12,16.9071,194.0403,1902.2243,9.8032,2092.4467,1.4517,14.1073,21.5579,58.2646,370.0,1352.0,12.2551,14.3236,30.5363,0.3654,17.9151,15.2278,False,True
8.0,2.5,250.0,22.0,16,16.9071,260.837,2563.8675,9.8294,2820.2542,1.4595,19.1363,29.4117,60.5803,485.5,1583.0,16.3401,19.0981,38.1704,0.4872,17.9151,15.2278,False,True
8.0,2.5,250.0,26.0,4,16.9071,90.3756,676.1708,7.4818,743.7879,1.3482,4.5189,6.3776,49.6314,128.5,869.0,4.7636,5.4531,12.7235,0.1439,17.9151,15.2278,False,True
8.0,2.5,250.0,26.0,6,16.9071,140.8759,1062.5541,7.5425,1168.8095,1.3728,7.3203,10.5345,55.0107,191.5,995.0,7.1454,8.1797,17.8128,0.2158,17.9151,15.2278,False,True
8.0,2.5,250.0,26.0,8,16.9071,191.3763,1448.9374,7.5711,1593.8312,1.3853,10.1236,14.7116,57.8061,254.5,1121.0,9.5272,10.9062,22.9022,0.2877,17.9151,15.2278,False,True
8.0,2.5,250.0,26.0,10,16.9071,241.8766,1835.3207,7.5878,2018.8528,1.3927,12.9181,18.8812,59.4683,317.5,1247.0,11.909,13.6328,27.9916,0.3597,17.9151,15.2278,False,True
8.0,2.5,250.0,26.0,12,16.9071,292.3769,2221.704,7.5988,2443.8744,1.3969,15.7184,23.0477,60.5722,380.5,1373.0,14.2909,16.3593,33.081,0.4316,17.9151,15.2278,False,True
8.0,2.5,250.0,26.0,16,16.9071,393.3776,2994.4707,7.6122,3293.9177,1.4031,21.3198,31.411,62.0158,506.5,1625.0,19.0545,21.8124,43.2597,0.5755,17.9151,15.2278,False,True
8.0,3.0,250.0,18.0,4,16.9071,47.5095,482.8781,10.1638,531.166,1.3839,3.3508,4.8641,39.2267,124.0,860.0,4.0877,4.9151,12.2145,0.1197,18.9744,16.1282,False,True
8.0,3.0,250.0,18.0,6,16.9071,73.515,758.8085,10.3218,834.6894,1.4221,5.4718,8.179,45.6926,179.0,970.0,6.1316,7.3727,15.2681,0.1796,18.9744,16.1282,False,True
8.0,3.0,250.0,18.0,8,16.9071,99.5204,1034.7389,10.3973,1138.2128,1.4408,7.5944,11.5115,46.9859,245.0,1102.0,8.1755,9.8302,21.3754,0.2394,18.9744,16.1282,False,True
8.0,3.0,250.0,18.0,10,16.9071,125.5259,1310.6693,10.4414,1441.7362,1.4522,9.7141,14.8496,49.4987,300.0,1212.0,10.2193,12.2878,24.429,0.2993,18.9744,16.1282,False,True
8.0,3.0,250.0,18.0,12,16.9071,151.5313,1586.5996,10.4704,1745.2596,1.4597,11.8322,18.1884,49.6951,366.0,1344.0,12.2632,14.7454,30.5363,0.3591,18.9744,16.1282,False,True
8.0,3.0,250.0,18.0,16,16.9071,203.5422,2138.4604,10.5062,2352.3064,1.4691,16.0752,24.8808,51.09,487.0,1586.0,16.351,19.6605,39.6972,0.4788,18.9744,16.1282,False,True
8.0,3.0,250.0,22.0,4,16.9071,62.9132,580.2334,9.2228,638.2567,1.3814,4.0187,5.8222,43.1272,135.0,882.0,4.902,5.7294,15.2681,0.1462,18.9744,16.1282,False,True
8.0,3.0,250.0,22.0,6,16.9071,97.7208,911.7953,9.3306,1002.9748,1.4126,6.5292,9.6893,50.9964,190.0,992.0,7.3531,8.5941,18.3218,0.2193,18.9744,16.1282,False,True
8.0,3.0,250.0,22.0,8,16.9071,132.5284,1243.3572,9.3818,1367.6929,1.4285,9.0405,13.5783,53.0404,256.0,1124.0,9.8041,11.4588,24.429,0.2923,18.9744,16.1282,False,True
8.0,3.0,250.0,22.0,10,16.9071,167.336,1574.9191,9.4117,1732.4111,1.4372,11.5413,17.4472,54.184,322.0,1256.0,12.2551,14.3236,30.5363,0.3654,18.9744,16.1282,False,True
8.0,3.0,250.0,22.0,12,16.9071,202.1435,1906.4811,9.4313,2097.1292,1.4435,14.0566,21.3498,55.0251,388.0,1388.0,14.7061,17.1883,36.6435,0.4385,18.9744,16.1282,False,True
8.0,3.0,250.0,22.0,16,16.9071,271.7587,2569.6049,9.4555,2826.5654,1.4512,19.048,29.0958,57.1626,509.0,1630.0,19.6082,22.9177,45.8044,0.5847,18.9744,16.1282,False,True
8.0,3.0,250.0,26.0,4,16.9071,94.0057,677.623,7.2083,745.3853,1.3394,4.4801,6.2787,46.5087,135.0,882.0,5.7163,6.5437,15.2681,0.1726,18.9744,16.1282,False,True
8.0,3.0,250.0,26.0,6,16.9071,146.5805,1064.8361,7.2645,1171.3197,1.364,7.26,10.3758,51.6208,201.0,1014.0,8.5745,9.8156,21.3754,0.259,18.9744,16.1282,False,True
8.0,3.0,250.0,26.0,8,16.9071,199.1552,1452.0493,7.291,1597.2542,1.3762,10.05,14.5021,54.3149,267.0,1146.0,11.4327,13.0874,27.4827,0.3453,18.9744,16.1282,False,True
8.0,3.0,250.0,26.0,10,16.9071,251.7299,1839.2624,7.3065,2023.1886,1.383,12.8203,18.5972,55.8474,333.0,1278.0,14.2909,16.3593,33.5899,0.4316,18.9744,16.1282,False,True
8.0,3.0,250.0,26.0,12,16.9071,304.3046,2226.4755,7.3166,2449.1231,1.3876,15.6074,22.7213,56.9457,399.0,1410.0,17.149,19.6312,39.6972,0.5179,18.9744,16.1282,False,True
8.0,3.0,250.0,26.0,16,16.9071,409.454,3000.9018,7.329,3300.992,1.3931,21.1625,30.9407,58.2687,531.0,1674.0,22.8654,26.1749,51.9117,0.6906,18.9744,16.1282,False,True
8.0,4.0,250.0,18.0,4,16.9071,51.4118,485.1882,9.4373,533.7071,1.3706,3.3192,4.7683,35.0609,136.0,884.0,5.4503,6.5535,16.286,0.1596,20.6379,17.5422,True,True
8.0,4.0,250.0,18.0,6,16.9071,79.6472,762.4387,9.5727,838.6825,1.4075,5.4294,8.0259,38.5862,208.0,1028.0,8.1755,9.8302,24.429,0.2394,20.6379,17.5422,True,True
8.0,4.0,250.0,18.0,8,16.9071,107.8825,1039.6891,9.6372,1143.658,1.4261,7.5386,11.3017,42.1707,268.0,1148.0,10.9006,13.107,28.5005,0.3192,20.6379,17.5422,True,True
8.0,4.0,250.0,18.0,10,16.9071,136.1178,1316.9395,9.675,1448.6334,1.4371,9.6455,14.5803,44.4521,328.0,1268.0,13.6258,16.3837,32.572,0.399,20.6379,17.5422,True,True
8.0,4.0,250.0,18.0,12,16.9071,164.3532,1594.1899,9.6998,1753.6089,1.4444,11.7509,17.8594,44.6486,400.0,1412.0,16.351,19.6605,40.715,0.4788,20.6379,17.5422,True,True
8.0,4.0,250.0,18.0,16,16.9071,220.8239,2148.6908,9.7303,2363.5598,1.4528,15.951,24.3942,45.8537,532.0,1676.0,21.8013,26.214,52.9296,0.6385,20.6379,17.5422,True,True
8.0,4.0,250.0,22.0,4,16.9071,67.9925,582.5526,8.5679,640.8078,1.3669,3.9771,5.6968,38.4921,148.0,908.0,6.5361,7.6392,20.3575,0.1949,20.6379,17.5422,True,True
8.0,4.0,250.0,22.0,6,16.9071,105.7025,915.4398,8.6605,1006.9837,1.397,6.4602,9.4731,45.5438,208.0,1028.0,9.8041,11.4588,24.429,0.2923,20.6379,17.5422,True,True
8.0,4.0,250.0,22.0,8,16.9071,143.4125,1248.327,8.7044,1373.1597,1.4123,8.9484,13.2767,47.4168,280.0,1172.0,13.0721,15.2785,32.572,0.3898,20.6379,17.5422,True,True
8.0,4.0,250.0,22.0,10,16.9071,181.1225,1581.2141,8.7301,1739.3356,1.4207,11.4267,17.0612,48.4692,352.0,1316.0,16.3401,19.0981,40.715,0.4872,20.6379,17.5422,True,True
8.0,4.0,250.0,22.0,12,16.9071,218.8325,1914.1013,8.7469,2105.5115,1.4273,13.9196,20.8881,49.2644,424.0,1460.0,19.6082,22.9177,48.858,0.5847,20.6379,17.5422,True,True
8.0,4.0,250.0,22.0,16,16.9071,294.2525,2579.8757,8.7676,2837.8633,1.4341,18.8675,28.4573,51.1821,556.0,1724.0,26.1442,30.5569,61.0726,0.7796,20.6379,17.5422,True,True
8.0,4.0,250.0,26.0,4,16.9071,101.0338,679.9281,6.7297,747.9209,1.3237,4.4001,6.0886,41.1394,148.0,908.0,7.6218,8.725,20.3575,0.2302,20.6379,17.5422,True,True
8.0,4.0,250.0,26.0,6,16.9071,157.6245,1068.4584,6.7785,1175.3043,1.3469,7.149,10.0792,45.8146,220.0,1052.0,11.4327,13.0874,28.5005,0.3453,20.6379,17.5422,True,True
8.0,4.0,250.0,26.0,8,16.9071,214.2152,1456.9888,6.8015,1602.6877,1.3587,9.8828,14.0646,48.1665,292.0,1196.0,15.2436,17.4499,36.6435,0.4604,20.6379,17.5422,True,True
8.0,4.0,250.0,26.0,10,16.9071,270.806,1845.5191,6.8149,2030.071,1.3651,12.6249,18.0593,49.6134,364.0,1340.0,19.0545,21.8124,44.7865,0.5755,20.6379,17.5422,True,True
8.0,4.0,250.0,26.0,12,16.9071,327.3967,2234.0495,6.8237,2457.4544,1.3701,15.3735,22.0769,50.6351,436.0,1484.0,22.8654,26.1749,52.9296,0.6906,20.6379,17.5422,True,True
8.0,4.0,250.0,26.0,16,16.9071,440.5782,3011.1102,6.8345,3312.2212,1.3754,20.8498,30.066,51.8379,580.0,1772.0,30.4872,34.8998,69.2156,0.9207,20.6379,17.5422,True,True
10.0,1.5,250.0,18.0,4,20.62,47.2222,388.6281,8.2298,427.4909,1.3232,3.7275,5.1557,40.2788,128.0,876.0,2.0439,2.4576,6.1073,0.0599,17.1594,14.5855,False,True
10.0,1.5,250.0,18.0,6,20.62,73.0634,610.7013,8.3585,671.7715,1.3652,6.1918,8.8574,44.9614,197.0,1014.0,3.0658,3.6863,9.1609,0.0898,17.1594,14.5855,False,True
10.0,1.5,250.0,18.0,8,20.62,98.9046,832.7745,8.42,916.052,1.3861,8.6441,12.5697,49.3899,254.5,1129.0,4.0877,4.9151,10.6877,0.1197,17.1594,14.5855,False,True
10.0,1.5,250.0,18.0,10,20.62,124.7458,1054.8477,8.456,1160.3325,1.3985,11.0952,16.2887,52.2074,312.0,1244.0,5.1097,6.1439,12.2145,0.1496,17.1594,14.5855,False,True
10.0,1.5,250.0,18.0,12,20.62,150.5871,1276.9209,8.4796,1404.613,1.4075,13.5557,20.038,52.5932,381.0,1382.0,6.1316,7.3727,15.2681,0.1796,17.1594,14.5855,False,True
10.0,1.5,250.0,18.0,16,20.62,202.2695,1721.0674,8.5088,1893.1741,1.4181,18.4624,27.5122,54.2113,507.5,1635.0,8.1755,9.8302,19.8486,0.2394,17.1594,14.5855,False,True
10.0,1.5,250.0,22.0,4,20.62,61.7564,466.4971,7.5538,513.1469,1.323,4.4776,6.192,44.3872,139.5,899.0,2.451,2.8647,7.6341,0.0731,17.1594,14.5855,False,True
10.0,1.5,250.0,22.0,6,20.62,95.9029,733.0669,7.6438,806.3736,1.3576,7.3721,10.4827,53.2119,197.0,1014.0,3.6765,4.2971,9.1609,0.1096,17.1594,14.5855,False,True
10.0,1.5,250.0,22.0,8,20.62,130.0495,999.6367,7.6866,1099.6004,1.3747,10.2553,14.7804,55.5655,266.0,1152.0,4.902,5.7294,12.2145,0.1462,17.1594,14.5855,False,True
10.0,1.5,250.0,22.0,10,20.62,164.196,1266.2065,7.7116,1392.8272,1.3846,13.1535,19.1042,57.0276,335.0,1290.0,6.1276,7.1618,15.2681,0.1827,17.1594,14.5855,False,True
10.0,1.5,250.0,22.0,12,20.62,198.3425,1532.7763,7.7279,1686.0539,1.3915,16.031,23.4082,57.9412,404.0,1428.0,7.3531,8.5941,18.3218,0.2193,17.1594,14.5855,False,True
10.0,1.5,250.0,22.0,16,20.62,266.6356,2065.9159,7.7481,2272.5075,1.4,21.8173,32.0679,60.4484,530.5,1681.0,9.8041,11.4588,22.9022,0.2923,17.1594,14.5855,False,True
10.0,1.5,250.0,26.0,4,20.62,89.9578,544.6484,6.0545,599.1133,1.2846,4.9317,6.6066,47.3593,139.5,899.0,2.8582,3.2719,7.6341,0.0863,17.1594,14.5855,False,False
10.0,1.5,250.0,26.0,6,20.62,140.2194,855.8761,6.1038,941.4637,1.3113,8.1073,11.1046,53.2596,208.5,1037.0,4.2873,4.9078,10.6877,0.1295,17.1594,14.5855,False,True
10.0,1.5,250.0,26.0,8,20.62,190.481,1167.1038,6.1271,1283.8142,1.3247,11.2798,15.6214,56.2932,277.5,1175.0,5.7163,6.5437,13.7413,0.1726,17.1594,14.5855,False,True
10.0,1.5,250.0,26.0,10,20.62,240.7425,1478.3315,6.1407,1626.1646,1.3324,14.4498,20.1358,58.112,346.5,1313.0,7.1454,8.1797,16.795,0.2158,17.1594,14.5855,False,True
10.0,1.5,250.0,26.0,12,20.62,291.0041,1789.5591,6.1496,1968.515,1.3379,17.6227,24.6667,59.3663,415.5,1451.0,8.5745,9.8156,19.8486,0.259,17.1594,14.5855,False,True
10.0,1.5,250.0,26.0,16,20.62,391.5273,2412.0145,6.1605,2653.2159,1.3441,23.9375,33.673,60.8365,553.5,1727.0,11.4327,13.0874,25.9558,0.3453,17.1594,14.5855,False,True
10.0,2.0,250.0,18.0,4,20.62,49.2316,391.0495,7.9431,430.1544,1.3173,3.7177,5.1176,38.1909,134.0,888.0,2.7252,3.2767,8.143,0.0798,18.6643,15.8647,False,True
10.0,2.0,250.0,18.0,6,20.62,76.2211,614.5063,8.0622,675.9569,1.3579,6.1758,8.7841,42.6412,206.0,1032.0,4.0877,4.9151,12.2145,0.1197,18.6643,15.8647,False,True
10.0,2.0,250.0,18.0,8,20.62,103.2106,837.9631,8.119,921.7594,1.3784,8.6302,12.4742,46.8955,266.0,1152.0,5.4503,6.5535,14.2503,0.1596,18.6643,15.8647,False,True
10.0,2.0,250.0,18.0,10,20.62,130.2001,1061.42,8.1522,1167.562,1.391,11.0838,16.1785,49.6272,326.0,1272.0,6.8129,8.1919,16.286,0.1995,18.6643,15.8647,False,True
10.0,2.0,250.0,18.0,12,20.62,157.1897,1284.8768,8.1741,1413.3645,1.3987,13.5362,19.8748,49.9367,398.0,1416.0,8.1755,9.8302,20.3575,0.2394,18.6643,15.8647,False,True
10.0,2.0,250.0,18.0,16,20.62,211.1687,1731.7905,8.201,1904.9695,1.409,18.4247,27.2674,51.4479,530.0,1680.0,10.9006,13.107,26.4648,0.3192,18.6643,15.8647,False,True
10.0,2.0,250.0,22.0,4,20.62,64.3706,468.8493,7.2836,515.7342,1.3158,4.4521,6.1207,41.9228,146.0,912.0,3.268,3.8196,10.1788,0.0974,18.6643,15.8647,False,True
10.0,2.0,250.0,22.0,6,20.62,100.011,736.7632,7.3668,810.4395,1.3497,7.3405,10.3722,50.3506,206.0,1032.0,4.902,5.7294,12.2145,0.1462,18.6643,15.8647,False,True
10.0,2.0,250.0,22.0,8,20.62,135.6514,1004.677,7.4063,1105.1447,1.3659,10.2211,14.6292,52.6231,278.0,1176.0,6.5361,7.6392,16.286,0.1949,18.6643,15.8647,False,True
10.0,2.0,250.0,22.0,10,20.62,171.2918,1272.5909,7.4294,1399.85,1.376,13.0926,18.8895,53.9699,350.0,1320.0,8.1701,9.549,20.3575,0.2436,18.6643,15.8647,False,True
10.0,2.0,250.0,22.0,12,20.62,206.9321,1540.5048,7.4445,1694.5553,1.3828,15.9704,23.1627,54.8878,422.0,1464.0,9.8041,11.4588,24.429,0.2923,18.6643,15.8647,False,True
10.0,2.0,250.0,22.0,16,20.62,278.2129,2076.3325,7.4631,2283.9658,1.3911,21.7114,31.6938,57.209,554.0,1728.0,13.0721,15.2785,30.5363,0.3898,18.6643,15.8647,False,True
10.0,2.0,250.0,26.0,4,20.62,93.6743,546.9329,5.8387,601.6261,1.2761,4.8825,6.4938,44.4781,146.0,912.0,3.8109,4.3625,10.1788,0.1151,18.6643,15.8647,False,False
10.0,2.0,250.0,26.0,6,20.62,146.0596,859.4659,5.8843,945.4125,1.3021,8.0348,10.9223,50.1022,218.0,1056.0,5.7163,6.5437,14.2503,0.1726,18.6643,15.8647,False,True
10.0,2.0,250.0,26.0,8,20.62,198.4449,1171.999,5.9059,1289.1989,1.3153,11.1794,15.3626,52.9746,290.0,1200.0,7.6218,8.725,18.3218,0.2302,18.6643,15.8647,False,True
10.0,2.0,250.0,26.0,10,20.62,250.8303,1484.532,5.9185,1632.9852,1.3227,14.3193,19.7975,54.6894,362.0,1344.0,9.5272,10.9062,22.3933,0.2877,18.6643,15.8647,False,True
10.0,2.0,250.0,26.0,12,20.62,303.2156,1797.0651,5.9267,1976.7716,1.3276,17.4574,24.2325,55.8352,434.0,1488.0,11.4327,13.0874,26.4648,0.3453,18.6643,15.8647,False,True
10.0,2.0,250.0,26.0,16,20.62,407.9862,2422.1312,5.9368,2664.3443,1.3341,23.7473,33.1378,57.3319,578.0,1776.0,15.2436,17.4499,34.6078,0.4604,18.6643,15.8647,False,True
10.0,2.5,250.0,18.0,4,20.62,51.1635,392.7907,7.6772,432.0698,1.3109,3.6992,5.0652,36.18,140.0,900.0,3.4064,4.0959,10.1788,0.0998,19.887,16.9039,False,True
10.0,2.5,250.0,18.0,6,20.62,79.2569,617.2426,7.7879,678.9668,1.3512,6.1547,8.7073,40.4991,215.0,1050.0,5.1097,6.1439,15.2681,0.1496,19.887,16.9039,False,True
10.0,2.5,250.0,18.0,8,20.62,107.3503,841.6944,7.8406,925.8639,1.3707,8.5962,12.3508,44.5072,277.5,1175.0,6.8129,8.1919,17.8128,0.1995,19.887,16.9039,False,True
10.0,2.5,250.0,18.0,10,20.62,135.4437,1066.1463,7.8715,1172.7609,1.3831,11.037,16.0113,45.4221,352.5,1325.0,8.5161,10.2398,22.9022,0.2494,19.887,16.9039,False,True
10.0,2.5,250.0,18.0,12,20.62,163.5372,1290.5981,7.8918,1419.6579,1.3911,13.4867,19.6871,47.4387,415.0,1450.0,10.2193,12.2878,25.4469,0.2993,19.887,16.9039,False,True
10.0,2.5,250.0,18.0,16,20.62,219.724,1739.5018,7.9168,1913.452,1.4012,18.3732,27.0298,48.9228,552.5,1725.0,13.6258,16.3837,33.081,0.399,19.887,16.9039,False,True
10.0,2.5,250.0,22.0,4,20.62,66.843,470.7289,7.0423,517.8017,1.3086,4.4257,6.0483,39.6613,152.5,925.0,4.085,4.7745,12.7235,0.1218,19.887,16.9039,False,True
10.0,2.5,250.0,22.0,6,20.62,103.8961,739.7168,7.1198,813.6885,1.3422,7.2974,10.2501,47.6748,215.0,1050.0,6.1276,7.1618,15.2681,0.1827,19.887,16.9039,False,True
10.0,2.5,250.0,22.0,8,20.62,140.9493,1008.7047,7.1565,1109.5752,1.3581,10.1641,14.4584,49.8564,290.0,1200.0,8.1701,9.549,20.3575,0.2436,19.887,16.9039,False,True
10.0,2.5,250.0,22.0,10,20.62,178.0024,1277.6926,7.178,1405.4619,1.368,13.0317,18.6839,51.1887,365.0,1350.0,10.2126,11.9363,25.4469,0.3045,19.887,16.9039,False,True
10.0,2.5,250.0,22.0,12,20.62,215.0555,1546.6805,7.192,1701.3486,1.3746,15.8976,22.911,52.0704,440.0,1500.0,12.2551,14.3236,30.5363,0.3654,19.887,16.9039,False,True
10.0,2.5,250.0,22.0,16,20.62,289.1618,2084.6564,7.2093,2293.122,1.3822,21.6137,31.3346,54.259,577.5,1775.0,16.3401,19.0981,38.1704,0.4872,19.887,16.9039,False,True
10.0,2.5,250.0,26.0,4,20.62,97.1,548.6272,5.6501,603.4899,1.2679,4.8249,6.3727,41.7881,152.5,925.0,4.7636,5.4531,12.7235,0.1439,19.887,16.9039,False,False
10.0,2.5,250.0,26.0,6,20.62,151.4428,862.1285,5.6928,948.3413,1.2938,7.9499,10.7323,47.1749,227.5,1075.0,7.1454,8.1797,17.8128,0.2158,19.887,16.9039,False,False
10.0,2.5,250.0,26.0,8,20.62,205.7857,1175.6298,5.7129,1293.1927,1.3062,11.0649,15.0922,49.8914,302.5,1225.0,9.5272,10.9062,22.9022,0.2877,19.887,16.9039,False,True
10.0,2.5,250.0,26.0,10,20.62,260.1285,1489.131,5.7246,1638.0441,1.3135,14.1762,19.4519,51.5283,377.5,1375.0,11.909,13.6328,27.9916,0.3597,19.887,16.9039,False,True
10.0,2.5,250.0,26.0,12,20.62,314.4713,1802.6323,5.7323,1982.8955,1.3187,17.2875,23.8232,52.648,452.5,1525.0,14.2909,16.3593,33.081,0.4316,19.887,16.9039,False,True
10.0,2.5,250.0,26.0,16,20.62,423.157,2429.6348,5.7417,2672.5983,1.3246,23.5184,32.566,52.9528,615.0,1850.0,19.0545,21.8124,45.8044,0.5755,19.887,16.9039,False,True
10.0,3.0,250.0,18.0,4,20.62,52.9479,394.1649,7.4444,433.5814,1.305,3.6803,5.0147,34.3474,146.0,912.0,4.0877,4.9151,12.2145,0.1197,21.073,17.912,False,True
10.0,3.0,250.0,18.0,6,20.62,82.0609,619.402,7.5481,681.3422,1.3441,6.1226,8.6126,38.4489,224.0,1068.0,6.1316,7.3727,18.3218,0.1796,21.073,17.912,False,True
10.0,3.0,250.0,18.0,8,20.62,111.174,844.6391,7.5975,929.103,1.3642,8.5651,12.2433,42.3645,289.0,1198.0,8.1755,9.8302,21.3754,0.2394,21.073,17.912,False,True
10.0,3.0,250.0,18.0,10,20.62,140.2871,1069.8762,7.6263,1176.8638,1.3758,10.9984,15.8655,43.2302,367.0,1354.0,10.2193,12.2878,27.4827,0.2993,21.073,17.912,False,True
10.0,3.0,250.0,18.0,12,20.62,169.4001,1295.1133,7.6453,1424.6246,1.3837,13.4252,19.4852,45.1047,432.0,1484.0,12.2632,14.7454,30.5363,0.3591,21.073,17.912,False,True
10.0,3.0,250.0,18.0,16,20.62,227.6263,1745.5874,7.6687,1920.1462,1.3936,18.3123,26.7832,46.5795,575.0,1770.0,16.351,19.6605,39.6972,0.4788,21.073,17.912,False,True
10.0,3.0,250.0,22.0,4,20.62,69.2231,472.0516,6.8193,519.2567,1.3019,4.3935,5.9712,37.5547,159.0,938.0,4.902,5.7294,15.2681,0.1462,21.073,17.912,False,True
10.0,3.0,250.0,22.0,6,20.62,107.6362,741.7953,6.8917,815.9748,1.3344,7.2495,10.119,45.1743,224.0,1068.0,7.3531,8.5941,18.3218,0.2193,21.073,17.912,False,True
10.0,3.0,250.0,22.0,8,20.62,146.0494,1011.5391,6.926,1112.693,1.3505,10.1017,14.2829,47.2944,302.0,1224.0,9.8041,11.4588,24.429,0.2923,21.073,17.912,False,True
10.0,3.0,250.0,22.0,10,20.62,184.4626,1281.2828,6.946,1409.4111,1.3602,12.9541,18.4586,48.5752,380.0,1380.0,12.2551,14.3236,30.5363,0.3654,21.073,17.912,False,True
10.0,3.0,250.0,22.0,12,20.62,222.8758,1551.0266,6.9592,1706.1292,1.3662,15.7971,22.6154,49.3786,458.0,1536.0,14.7061,17.1883,36.6435,0.4385,21.073,17.912,False,True
10.0,3.0,250.0,22.0,16,20.62,299.7021,2090.5141,6.9753,2299.5655,1.3742,21.4903,30.9596,51.5135,601.0,1822.0,19.6082,22.9177,45.8044,0.5847,21.073,17.912,False,True
10.0,3.0,250.0,26.0,4,20.62,100.386,550.0119,5.479,605.0131,1.2602,4.7654,6.2525,39.3237,159.0,938.0,5.7163,6.5437,15.2681,0.1726,21.073,17.912,False,False
10.0,3.0,250.0,26.0,6,20.62,156.6066,864.3044,5.519,950.7348,1.2855,7.8611,10.5387,44.4673,237.0,1094.0,8.5745,9.8156,21.3754,0.259,21.073,17.912,False,False
10.0,3.0,250.0,26.0,8,20.62,212.8272,1178.5969,5.5378,1296.4566,1.2976,10.9465,14.8248,47.063,315.0,1250.0,11.4327,13.0874,27.4827,0.3453,21.073,17.912,False,False
10.0,3.0,250.0,26.0,10,20.62,269.0478,1492.8894,5.5488,1642.1783,1.3052,14.0301,19.1204,48.6524,393.0,1406.0,14.2909,16.3593,33.5899,0.4316,21.073,17.912,False,True
10.0,3.0,250.0,26.0,12,20.62,325.2684,1807.1819,5.556,1987.9001,1.3103,17.119,23.4289,49.7429,471.0,1562.0,17.149,19.6312,39.6972,0.5179,21.073,17.912,False,True
10.0,3.0,250.0,26.0,16,20.62,437.7096,2435.7669,5.5648,2679.3436,1.3161,23.2936,32.0308,50.0482,640.0,1900.0,22.8654,26.1749,54.9653,0.6906,21.073,17.912,False,True
10.0,4.0,250.0,18.0,4,20.62,56.6488,396.6729,7.0023,436.3402,1.2926,3.6328,4.8993,31.0085,158.0,936.0,5.4503,6.5535,16.286,0.1596,22.9893,19.5409,False,False
10.0,4.0,250.0,18.0,6,20.62,87.8767,623.3431,7.0934,685.6774,1.3308,6.0546,8.4262,34.8192,242.0,1104.0,8.1755,9.8302,24.429,0.2394,22.9893,19.5409,False,True
10.0,4.0,250.0,18.0,8,20.62,119.1046,850.0134,7.1367,935.0147,1.3497,8.4752,11.9763,38.3854,312.0,1244.0,10.9006,13.107,28.5005,0.3192,22.9893,19.5409,False,True
10.0,4.0,250.0,18.0,10,20.62,150.3325,1076.6836,7.162,1184.352,1.3609,10.887,15.5213,39.1952,396.0,1412.0,13.6258,16.3837,36.6435,0.399,22.9893,19.5409,False,True
10.0,4.0,250.0,18.0,12,20.62,181.5604,1303.3538,7.1786,1433.6892,1.369,13.2982,19.0801,40.9445,466.0,1552.0,16.351,19.6605,40.715,0.4788,22.9893,19.5409,False,True
10.0,4.0,250.0,18.0,16,20.62,244.0162,1756.6943,7.1991,1932.3637,1.3785,18.1235,26.1985,42.2556,620.0,1860.0,21.8013,26.214,52.9296,0.6385,22.9893,19.5409,False,True
10.0,4.0,250.0,22.0,4,20.62,73.9424,474.4796,6.4169,521.9276,1.2884,4.3198,5.8055,33.7526,172.0,964.0,6.5361,7.6392,20.3575,0.1949,22.9893,19.5409,False,False
10.0,4.0,250.0,22.0,6,20.62,115.0524,745.6108,6.4806,820.1719,1.3198,7.1458,9.8565,40.7293,242.0,1104.0,9.8041,11.4588,24.429,0.2923,22.9893,19.5409,False,True
10.0,4.0,250.0,22.0,8,20.62,156.1624,1016.742,6.5108,1118.4162,1.3352,9.9565,13.9067,42.6585,326.0,1272.0,13.0721,15.2785,32.572,0.3898,22.9893,19.5409,False,True
10.0,4.0,250.0,22.0,10,20.62,197.2723,1287.8732,6.5284,1416.6605,1.3441,12.772,17.9674,43.8229,410.0,1440.0,16.3401,19.0981,40.715,0.4872,22.9893,19.5409,False,True
10.0,4.0,250.0,22.0,12,20.62,238.3823,1559.0044,6.5399,1714.9048,1.3503,15.5867,22.0359,44.6072,494.0,1608.0,19.6082,22.9177,48.858,0.5847,22.9893,19.5409,False,True
10.0,4.0,250.0,22.0,16,20.62,320.6022,2101.2668,6.5541,2311.3935,1.358,21.2171,30.1798,46.5738,648.0,1916.0,26.1442,30.5569,61.0726,0.7796,22.9893,19.5409,False,True
10.0,4.0,250.0,26.0,4,20.62,106.6365,552.4097,5.1803,607.6507,1.2462,4.6523,6.0307,35.0624,172.0,964.0,7.6218,8.725,20.3575,0.2302,22.9893,19.5409,False,False
10.0,4.0,250.0,26.0,6,20.62,166.4288,868.0724,5.2159,954.8797,1.2706,7.686,10.1748,39.7455,256.0,1132.0,11.4327,13.0874,28.5005,0.3453,22.9893,19.5409,False,False
10.0,4.0,250.0,26.0,8,20.62,226.2211,1183.7351,5.2326,1302.1087,1.2823,10.7128,14.3228,42.1259,340.0,1300.0,15.2436,17.4499,36.6435,0.4604,22.9893,19.5409,False,False
10.0,4.0,250.0,26.0,10,20.62,286.0134,1499.3979,5.2424,1649.3376,1.2895,13.7541,18.5016,43.6357,424.0,1468.0,19.0545,21.8124,44.7865,0.5755,22.9893,19.5409,False,False
10.0,4.0,250.0,26.0,12,20.62,345.8057,1815.0606,5.2488,1996.5666,1.294,16.7791,22.6557,44.5978,508.0,1636.0,22.8654,26.1749,52.9296,0.6906,22.9893,19.5409,False,False
10.0,4.0,250.0,26.0,16,20.62,465.3903,2446.386,5.2566,2691.0246,1.2995,22.8311,30.9697,44.8837,690.0,2000.0,30.4872,34.8998,73.2871,0.9207,22.9893,19.5409,False,False
3.0,1.5,300.0,18.0,4,7.2644,25.2545,1756.0913,69.5358,1931.7004,1.668,2.6769,4.7437,93.014,51.0,694.0,2.8836,3.4195,8.9064,0.1239,9.6538,8.2057,True,True
3.0,1.5,300.0,18.0,6,7.2644,38.5428,2759.572,71.5976,3035.5292,1.6859,4.2321,7.5853,103.2015,73.5,739.0,4.3254,5.1292,11.133,0.1858,9.6538,8.2057,True,True
3.0,1.5,300.0,18.0,8,7.2644,51.8311,3763.0528,72.6023,4139.3581,1.6934,5.7845,10.4164,103.6462,100.5,793.0,5.7672,6.8389,15.5862,0.2478,9.6538,8.2057,True,True
3.0,1.5,300.0,18.0,10,7.2644,65.1194,4766.5335,73.1969,5243.1869,1.699,7.3372,13.259,107.797,123.0,838.0,7.209,8.5486,17.8128,0.3097,9.6538,8.2057,True,True
3.0,1.5,300.0,18.0,12,7.2644,78.4076,5770.0143,73.59,6347.0157,1.7024,8.8946,16.1071,110.7019,145.5,883.0,8.6509,10.2584,20.0394,0.3717,9.6538,8.2057,True,True
3.0,1.5,300.0,18.0,16,7.2644,104.9842,7776.9757,74.0776,8554.6733,1.7058,12.0003,21.7775,111.6793,195.0,982.0,11.5345,13.6778,26.7192,0.4955,9.6538,8.2057,True,True
3.0,1.5,300.0,22.0,4,7.2644,34.9397,2136.8723,61.1589,2350.5595,1.6695,3.2598,5.7822,113.3774,51.0,694.0,3.4774,4.0132,8.9064,0.1513,9.6538,8.2057,True,True
3.0,1.5,300.0,22.0,6,7.2644,53.7624,3357.9421,62.459,3693.7364,1.6842,5.1507,9.2218,118.2281,78.0,748.0,5.2161,6.0198,13.3596,0.227,9.6538,8.2057,True,True
3.0,1.5,300.0,22.0,8,7.2644,72.585,4579.012,63.0848,5036.9132,1.6906,7.0342,12.6447,120.4259,105.0,802.0,6.9548,8.0264,17.8128,0.3027,9.6538,8.2057,True,True
3.0,1.5,300.0,22.0,10,7.2644,91.4077,5800.0819,63.4529,6380.0901,1.695,8.9273,16.0924,126.2152,127.5,847.0,8.6934,10.033,20.0394,0.3784,9.6538,8.2057,True,True
3.0,1.5,300.0,22.0,12,7.2644,110.2304,7021.1518,63.6952,7723.2669,1.6976,10.8097,19.517,126.3237,154.5,901.0,10.4321,12.0396,24.4926,0.454,9.6538,8.2057,True,True
3.0,1.5,300.0,22.0,16,7.2644,147.8757,9463.2915,63.9949,10409.6206,1.701,14.5925,26.4029,129.4261,204.0,1000.0,13.9095,16.0529,31.1725,0.6054,9.6538,8.2057,True,True
3.0,1.5,300.0,26.0,4,7.2644,58.8415,2513.359,42.714,2764.6949,1.6546,3.8172,6.7068,120.8428,55.5,703.0,4.0711,4.607,11.133,0.1788,9.6538,8.2057,True,True
3.0,1.5,300.0,26.0,6,7.2644,91.3224,3949.5642,43.2486,4344.5206,1.6661,6.0262,10.6662,129.2872,82.5,757.0,6.1067,6.9105,15.5862,0.2682,9.6538,8.2057,True,True
3.0,1.5,300.0,26.0,8,7.2644,123.8033,5385.7693,43.5026,5924.3462,1.6719,8.234,14.6274,133.5837,109.5,811.0,8.1423,9.2139,20.0394,0.3576,9.6538,8.2057,True,True
3.0,1.5,300.0,26.0,10,7.2644,156.2842,6821.9745,43.6511,7504.1719,1.6754,10.4366,18.5818,136.1306,136.5,865.0,10.1778,11.5174,24.4926,0.447,9.6538,8.2057,True,True
3.0,1.5,300.0,26.0,12,7.2644,188.765,8258.1796,43.7485,9083.9976,1.6774,12.6488,22.5488,137.913,163.5,919.0,12.2134,13.8209,28.9458,0.5364,9.6538,8.2057,True,True
3.0,1.5,300.0,26.0,16,7.2644,253.7268,11130.5899,43.8684,12243.6489,1.68,17.0542,30.4534,140.0156,217.5,1027.0,16.2846,18.4279,37.8523,0.7152,9.6538,8.2057,True,True
3.0,2.0,300.0,18.0,4,7.2644,29.1707,1758.9653,60.299,1934.8618,1.6618,2.6762,4.7239,82.8754,57.0,706.0,3.8448,4.5593,11.8752,0.1652,10.3184,8.7706,True,True
3.0,2.0,300.0,18.0,6,7.2644,44.6969,2764.0883,61.8408,3040.4972,1.6786,4.2314,7.5491,92.0625,82.0,756.0,5.7672,6.8389,14.844,0.2478,10.3184,8.7706,True,True
3.0,2.0,300.0,18.0,8,7.2644,60.223,3769.2114,62.5876,4146.1325,1.6869,5.7836,10.3724,92.6109,112.0,816.0,7.6896,9.1185,20.7816,0.3304,10.3184,8.7706,True,True
3.0,2.0,300.0,18.0,10,7.2644,75.7491,4774.3344,63.0282,5251.7679,1.6915,7.3365,13.1957,96.3193,137.0,866.0,9.6121,11.3982,23.7504,0.413,10.3184,8.7706,True,True
3.0,2.0,300.0,18.0,12,7.2644,91.2753,5779.4575,63.319,6357.4032,1.6948,8.8951,16.0323,98.9648,162.0,916.0,11.5345,13.6778,26.7192,0.4955,10.3184,8.7706,True,True
3.0,2.0,300.0,18.0,16,7.2644,122.3275,7789.7035,63.6791,8568.6739,1.6991,11.9988,21.6849,99.9304,217.0,1026.0,15.3793,18.2371,35.6257,0.6607,10.3184,8.7706,True,True
3.0,2.0,300.0,22.0,4,7.2644,40.3954,2141.5809,53.0155,2355.739,1.6622,3.2596,5.7551,100.9665,57.0,706.0,4.6365,5.351,11.8752,0.2018,10.3184,8.7706,True,True
3.0,2.0,300.0,22.0,6,7.2644,62.3356,3365.3414,53.9874,3701.8756,1.6767,5.1507,9.1782,105.4961,87.0,766.0,6.9548,8.0264,17.8128,0.3027,10.3184,8.7706,True,True
3.0,2.0,300.0,22.0,8,7.2644,84.2759,4589.1019,54.4533,5048.0121,1.683,7.0345,12.5846,107.5611,117.0,826.0,9.273,10.7019,23.7504,0.4036,10.3184,8.7706,True,True
3.0,2.0,300.0,22.0,10,7.2644,106.2161,5812.8625,54.7268,6394.1487,1.6873,8.9278,16.0158,112.7877,142.0,876.0,11.5913,13.3774,26.7192,0.5045,10.3184,8.7706,True,True
3.0,2.0,300.0,22.0,12,7.2644,128.1563,7036.623,54.9066,7740.2853,1.6899,10.8103,19.424,112.93,172.0,936.0,13.9095,16.0529,32.6569,0.6054,10.3184,8.7706,True,True
3.0,2.0,300.0,22.0,16,7.2644,172.0368,9484.144,55.1286,10432.5584,1.6932,14.5807,26.2535,115.6543,227.0,1046.0,18.546,21.4038,41.5633,0.8072,10.3184,8.7706,True,True
3.0,2.0,300.0,26.0,4,7.2644,67.8445,2517.6178,37.1087,2769.3796,1.6438,3.8097,6.6472,107.2127,62.0,716.0,5.4282,6.1426,14.844,0.2384,10.3184,8.7706,True,True
3.0,2.0,300.0,26.0,6,7.2644,105.4699,3956.2566,37.5108,4351.8823,1.6559,6.014,10.5756,114.9527,92.0,776.0,8.1423,9.2139,20.7816,0.3576,10.3184,8.7706,True,True
3.0,2.0,300.0,26.0,8,7.2644,143.0953,5394.8954,37.7014,5934.3849,1.6616,8.2176,14.5031,118.8779,122.0,836.0,10.8564,12.2853,26.7192,0.4768,10.3184,8.7706,True,True
3.0,2.0,300.0,26.0,10,7.2644,180.7207,6833.5341,37.8127,7516.8875,1.6641,10.4179,18.4162,121.1595,152.0,896.0,13.5705,15.3566,32.6569,0.596,10.3184,8.7706,True,True
3.0,2.0,300.0,26.0,12,7.2644,218.3462,8272.1729,37.8856,9099.3902,1.667,12.6241,22.3569,122.8403,182.0,956.0,16.2846,18.4279,38.5945,0.7152,10.3184,8.7706,True,True
3.0,2.0,300.0,26.0,16,7.2644,293.597,11149.4504,37.9754,12264.3954,1.6687,17.0242,30.1818,124.7181,242.0,1076.0,21.7127,24.5705,50.4697,0.9536,10.3184,8.7706,True,True
3.0,2.5,300.0,18.0,4,7.2644,31.7443,1760.659,55.4638,1936.7249,1.6566,2.6738,4.7041,74.6676,63.0,718.0,4.806,5.6991,14.844,0.2065,10.8045,9.1838,True,True
3.0,2.5,300.0,18.0,6,7.2644,48.741,2766.7498,56.7643,3043.4248,1.6742,4.2282,7.5223,83.1197,90.5,773.0,7.209,8.5486,18.555,0.3097,10.8045,9.1838,True,True
3.0,2.5,300.0,18.0,8,7.2644,65.7378,3772.8407,57.3923,4150.1248,1.6824,5.7837,10.3432,83.7507,123.5,839.0,9.6121,11.3982,25.977,0.413,10.8045,9.1838,True,True
3.0,2.5,300.0,18.0,10,7.2644,82.7345,4778.9315,57.7622,5256.8247,1.6869,7.337,13.1589,87.1452,151.0,894.0,12.0151,14.2477,29.6881,0.5162,10.8045,9.1838,True,True
3.0,2.5,300.0,18.0,12,7.2644,99.7313,5785.0224,58.0061,6363.5246,1.6902,8.8875,15.9727,89.4827,178.5,949.0,14.4181,17.0973,33.3991,0.6194,10.8045,9.1838,True,True
3.0,2.5,300.0,18.0,16,7.2644,133.7248,7797.2041,58.3079,8576.9245,1.6945,12.001,21.6262,90.4862,239.0,1070.0,19.2241,22.7964,44.5321,0.8259,10.8045,9.1838,True,True
3.0,2.5,300.0,22.0,4,7.2644,43.9734,2139.3521,48.6511,2353.2873,1.6578,3.2518,5.7252,90.8762,63.0,718.0,5.7956,6.6887,14.844,0.2522,10.8045,9.1838,True,True
3.0,2.5,300.0,22.0,6,7.2644,67.9581,3361.839,49.4693,3698.0229,1.6713,5.1342,9.1173,94.9717,96.0,784.0,8.6934,10.033,22.266,0.3784,10.8045,9.1838,True,True
3.0,2.5,300.0,22.0,8,7.2644,91.9429,4584.3259,49.8606,5042.7585,1.6784,7.0182,12.5197,97.0518,129.0,850.0,11.5913,13.3774,29.6881,0.5045,10.8045,9.1838,True,True
3.0,2.5,300.0,22.0,10,7.2644,115.9277,5806.8128,50.0899,6387.4941,1.6818,8.8995,15.9099,101.6606,156.5,905.0,14.4891,16.7217,33.3991,0.6306,10.8045,9.1838,True,True
3.0,2.5,300.0,22.0,12,7.2644,139.9125,7029.2997,50.2407,7732.2297,1.6844,10.7858,19.3128,101.9145,189.5,971.0,17.3869,20.0661,40.8211,0.7567,10.8045,9.1838,True,True
3.0,2.5,300.0,22.0,16,7.2644,187.882,9474.2735,50.4267,10421.7009,1.6877,14.5477,26.1032,104.413,250.0,1092.0,23.1825,26.7548,51.9541,1.009,10.8045,9.1838,True,True
3.0,2.5,300.0,26.0,4,7.2644,73.7014,2518.6376,34.1735,2770.5014,1.6374,3.803,6.6079,96.4654,68.5,729.0,6.7852,7.6783,18.555,0.298,10.8045,9.1838,True,True
3.0,2.5,300.0,26.0,6,7.2644,114.6736,3957.8591,34.5141,4353.645,1.6494,6.0037,10.5131,103.5776,101.5,795.0,10.1778,11.5174,25.977,0.447,10.8045,9.1838,True,True
3.0,2.5,300.0,26.0,8,7.2644,155.6458,5397.0806,34.6754,5936.7887,1.655,8.2046,14.419,107.2044,134.5,861.0,13.5705,15.3566,33.3991,0.596,10.8045,9.1838,True,True
3.0,2.5,300.0,26.0,10,7.2644,196.618,6836.3021,34.7695,7519.9323,1.6575,10.4004,18.3074,109.2976,167.5,927.0,16.9631,19.1957,40.8211,0.745,10.8045,9.1838,True,True
3.0,2.5,300.0,26.0,12,7.2644,237.5903,8275.5236,34.8311,9103.0759,1.6603,12.6045,22.2274,110.8597,200.5,993.0,20.3557,23.0349,48.2431,0.894,10.8045,9.1838,True,True
3.0,2.5,300.0,26.0,16,7.2644,319.5347,11153.9666,34.9069,12269.3632,1.662,16.996,30.0033,112.5828,266.5,1125.0,27.1409,30.7132,63.0871,1.1921,10.8045,9.1838,True,True
3.0,3.0,300.0,18.0,4,7.2644,34.2497,1760.3937,51.3987,1936.4331,1.6533,2.671,4.6889,67.955,69.0,730.0,5.7672,6.8389,17.8128,0.2478,11.0941,9.43,True,True
3.0,3.0,300.0,18.0,6,7.2644,52.6782,2766.333,52.5138,3042.9663,1.6698,4.2237,7.4934,75.6911,99.0,790.0,8.6509,10.2584,22.266,0.3717,11.0941,9.43,True,True
3.0,3.0,300.0,18.0,8,7.2644,71.1066,3772.2722,53.0509,4149.4995,1.6779,5.7731,10.2954,76.2623,135.0,862.0,11.5345,13.6778,31.1725,0.4955,11.0941,9.43,True,True
3.0,3.0,300.0,18.0,10,7.2644,89.535,4778.2115,53.367,5256.0326,1.6825,7.3235,13.0977,79.3801,165.0,922.0,14.4181,17.0973,35.6257,0.6194,11.0941,9.43,True,True
3.0,3.0,300.0,18.0,12,7.2644,107.9634,5784.1508,53.5751,6362.5658,1.6857,8.878,15.9106,81.5927,195.0,982.0,17.3017,20.5167,40.0789,0.7433,11.0941,9.43,True,True
3.0,3.0,300.0,18.0,16,7.2644,144.8203,7796.0293,53.8324,8575.6322,1.69,11.978,21.5237,82.4664,261.0,1114.0,23.0689,27.3556,53.4385,0.9911,11.0941,9.43,True,True
3.0,3.0,300.0,22.0,4,7.2644,47.4058,2141.1036,45.1654,2355.2139,1.653,3.2481,5.7011,82.6239,69.0,730.0,6.9548,8.0264,17.8128,0.3027,11.0941,9.43,True,True
3.0,3.0,300.0,22.0,6,7.2644,73.352,3364.5913,45.8691,3701.0505,1.6673,5.1324,9.0909,86.58,105.0,802.0,10.4321,12.0396,26.7192,0.454,11.0941,9.43,True,True
3.0,3.0,300.0,22.0,8,7.2644,99.2982,4588.0791,46.2051,5046.887,1.6734,7.0171,12.4782,88.4982,141.0,874.0,13.9095,16.0529,35.6257,0.6054,11.0941,9.43,True,True
3.0,3.0,300.0,22.0,10,7.2644,125.2443,5811.5668,46.4018,6392.7235,1.6777,8.8966,15.8637,92.77,171.0,934.0,17.3869,20.0661,40.0789,0.7567,11.0941,9.43,True,True
3.0,3.0,300.0,22.0,12,7.2644,151.1905,7035.0546,46.5311,7738.56,1.6793,10.7747,19.2315,92.906,207.0,1006.0,20.8643,24.0793,48.9853,0.9081,11.0941,9.43,True,True
3.0,3.0,300.0,22.0,16,7.2644,203.0829,9482.0301,46.6905,10430.2331,1.6826,14.5435,26.0123,95.2833,273.0,1138.0,27.819,32.1057,62.3449,1.2108,11.0941,9.43,True,True
3.0,3.0,300.0,26.0,4,7.2644,79.0101,2517.6064,31.8644,2769.367,1.6317,3.7939,6.5677,87.5697,75.0,742.0,8.1423,9.2139,22.266,0.3576,11.0941,9.43,True,True
3.0,3.0,300.0,26.0,6,7.2644,123.0158,3956.2386,32.1604,4351.8624,1.6427,5.9906,10.4451,94.0997,111.0,814.0,12.2134,13.8209,31.1725,0.5364,11.0941,9.43,True,True
3.0,3.0,300.0,26.0,8,7.2644,167.0216,5394.8708,32.3004,5934.3578,1.6482,8.1861,14.3241,97.4432,147.0,886.0,16.2846,18.4279,40.0789,0.7152,11.0941,9.43,True,True
3.0,3.0,300.0,26.0,10,7.2644,211.0273,6833.503,32.3821,7516.8533,1.6516,10.3766,18.1965,99.4345,183.0,958.0,20.3557,23.0349,48.9853,0.894,11.0941,9.43,True,True
3.0,3.0,300.0,26.0,12,7.2644,255.033,8272.1352,32.4355,9099.3487,1.6535,12.5764,22.0812,100.8275,219.0,1030.0,24.4268,27.6418,57.8917,1.0729,11.0941,9.43,True,True
3.0,3.0,300.0,26.0,16,7.2644,343.0445,11149.3996,32.5013,12264.3395,1.656,16.9574,29.8218,102.4803,291.0,1174.0,32.5691,36.8558,75.7045,1.4305,11.0941,9.43,True,True
3.0,4.0,300.0,18.0,4,7.2644,39.1823,1757.5879,44.8567,1933.3466,1.6448,2.6592,4.6428,57.3184,81.0,754.0,7.6896,9.1185,23.7504,0.3304,11.4209,9.7078,True,True
3.0,4.0,300.0,18.0,6,7.2644,60.4294,2761.9238,45.705,3038.1161,1.662,4.2053,7.424,64.0002,116.0,824.0,11.5345,13.6778,29.6881,0.4955,11.4209,9.7078,True,True
3.0,4.0,300.0,18.0,8,7.2644,81.6764,3766.2597,46.112,4142.8856,1.6692,5.7486,10.1949,64.5247,158.0,908.0,15.3793,18.2371,41.5633,0.6607,11.4209,9.7078,True,True
3.0,4.0,300.0,18.0,10,7.2644,102.9234,4770.5956,46.3509,5247.6552,1.6746,7.2922,12.9769,67.2378,193.0,978.0,19.2241,22.7964,47.5009,0.8259,11.4209,9.7078,True,True
3.0,4.0,300.0,18.0,12,7.2644,124.1705,5774.9315,46.5081,6352.4247,1.6778,8.8407,15.7646,69.143,228.0,1048.0,23.0689,27.3556,53.4385,0.9911,11.4209,9.7078,True,True
3.0,4.0,300.0,18.0,16,7.2644,166.6645,7783.6033,46.7022,8561.9637,1.6811,11.9282,21.3142,69.8828,305.0,1202.0,30.7586,36.4742,71.2513,1.3214,11.4209,9.7078,True,True
3.0,4.0,300.0,22.0,4,7.2644,54.082,2136.0613,39.4967,2349.6674,1.6433,3.2324,5.6382,69.6077,81.0,754.0,9.273,10.7019,23.7504,0.4036,11.4209,9.7078,True,True
3.0,4.0,300.0,22.0,6,7.2644,83.8432,3356.6677,40.0351,3692.3345,1.6574,5.1042,8.984,73.041,123.0,838.0,13.9095,16.0529,35.6257,0.6054,11.4209,9.7078,True,True
3.0,4.0,300.0,22.0,8,7.2644,113.6044,4577.2741,40.2914,5035.0016,1.6644,6.9785,12.3384,74.7782,165.0,922.0,18.546,21.4038,47.5009,0.8072,11.4209,9.7078,True,True
3.0,4.0,300.0,22.0,10,7.2644,143.3655,5797.8806,40.4412,6377.6686,1.6677,8.8485,15.6778,78.3892,200.0,992.0,23.1825,26.7548,53.4385,1.009,11.4209,9.7078,True,True
3.0,4.0,300.0,22.0,12,7.2644,173.1267,7018.487,40.5396,7720.3357,1.6702,10.7261,19.0344,78.6546,242.0,1076.0,27.819,32.1057,65.3137,1.2108,11.4209,9.7078,True,True
3.0,4.0,300.0,22.0,16,7.2644,232.649,9459.6999,40.6608,10405.6699,1.6734,14.4653,25.7229,80.6361,319.0,1230.0,37.092,42.8076,83.1265,1.6144,11.4209,9.7078,True,True
3.0,4.0,300.0,26.0,4,7.2644,89.3578,2515.1101,28.1465,2766.6211,1.619,3.772,6.4761,73.5922,88.0,768.0,10.8564,12.2853,29.6881,0.4768,11.4209,9.7078,True,True
3.0,4.0,300.0,26.0,6,7.2644,139.2766,3952.3159,28.3775,4347.5475,1.6307,5.9564,10.305,79.2689,130.0,852.0,16.2846,18.4279,41.5633,0.7152,11.4209,9.7078,True,True
3.0,4.0,300.0,26.0,8,7.2644,189.1954,5389.5217,28.4865,5928.4739,1.6361,8.1399,14.1322,82.164,172.0,936.0,21.7127,24.5705,53.4385,0.9536,11.4209,9.7078,True,True
3.0,4.0,300.0,26.0,10,7.2644,239.1141,6826.7275,28.5501,7509.4002,1.6394,10.329,17.9715,83.979,214.0,1020.0,27.1409,30.7132,65.3137,1.1921,11.4209,9.7078,True,True
3.0,4.0,300.0,26.0,12,7.2644,289.0329,8263.9333,28.5917,9090.3266,1.6413,12.5061,21.7857,85.1002,256.0,1104.0,32.5691,36.8558,77.1889,1.4305,11.4209,9.7078,True,True
3.0,4.0,300.0,26.0,16,7.2644,388.8704,11138.3449,28.6428,12252.1793,1.6438,16.881,29.4543,86.6303,340.0,1272.0,43.4255,49.1411,100.9394,1.9073,11.4209,9.7078,True,True
4.0,1.5,300.0,18.0,4,9.26,30.2764,1328.5328,43.8801,1461.3861,1.6301,3.2473,5.6159,90.5791,62.0,720.0,2.8836,3.4195,8.9064,0.1239,11.1633,9.4888,True,True
4.0,1.5,300.0,18.0,6,9.26,46.4344,2087.6944,44.9601,2296.4639,1.6523,5.1475,9.0308,100.9033,89.5,775.0,4.3254,5.1292,11.133,0.1858,11.1633,9.4888,True,True
4.0,1.5,300.0,18.0,8,9.26,62.5924,2846.856,45.4825,3131.5416,1.6619,7.0453,12.4364,101.5213,122.5,841.0,5.7672,6.8389,15.5862,0.2478,11.1633,9.4888,True,True
4.0,1.5,300.0,18.0,10,9.26,78.7504,3606.0176,45.7905,3966.6194,1.6683,8.9456,15.8557,105.7047,150.0,896.0,7.209,8.5486,17.8128,0.3097,11.1633,9.4888,True,True
4.0,1.5,300.0,18.0,12,9.26,94.9083,4365.1792,45.9936,4801.6971,1.6728,10.8415,19.2713,108.571,177.5,951.0,8.6509,10.2584,20.0394,0.3717,11.1633,9.4888,True,True
4.0,1.5,300.0,18.0,16,9.26,127.2243,5883.5024,46.2451,6471.8527,1.6777,14.6345,26.0943,109.6399,238.0,1072.0,11.5345,13.6778,26.7192,0.4955,11.1633,9.4888,True,True
4.0,1.5,300.0,22.0,4,9.26,41.5911,1615.2657,38.8368,1776.7923,1.6312,3.9514,6.8383,110.2954,62.0,720.0,3.4774,4.0132,8.9064,0.1513,11.1633,9.4888,True,True
4.0,1.5,300.0,22.0,6,9.26,64.2146,2538.2746,39.528,2792.1021,1.6491,6.2558,10.9526,115.291,95.0,786.0,5.2161,6.0198,13.3596,0.227,11.1633,9.4888,True,True
4.0,1.5,300.0,22.0,8,9.26,86.8381,3461.2836,39.8591,3807.412,1.6579,8.5539,15.0611,117.6647,128.0,852.0,6.9548,8.0264,17.8128,0.3027,11.1633,9.4888,True,True
4.0,1.5,300.0,22.0,10,9.26,109.4615,4384.2926,40.0533,4822.7218,1.6628,10.8539,19.1713,123.2883,155.5,907.0,8.6934,10.033,20.0394,0.3784,11.1633,9.4888,True,True
4.0,1.5,300.0,22.0,12,9.26,132.085,5307.3015,40.181,5838.0317,1.6655,13.1506,23.2667,123.4307,188.5,973.0,10.4321,12.0396,24.4926,0.454,11.1633,9.4888,True,True
4.0,1.5,300.0,22.0,16,9.26,177.332,7153.3195,40.3386,7868.6514,1.67,17.7624,31.5176,126.5766,249.0,1094.0,13.9095,16.0529,31.1725,0.6054,11.1633,9.4888,True,True
4.0,1.5,300.0,26.0,4,9.26,68.4318,1897.6152,27.73,2087.3767,1.6091,4.6077,7.8593,116.4342,67.5,731.0,4.0711,4.607,11.133,0.1788,11.1633,9.4888,True,True
4.0,1.5,300.0,26.0,6,9.26,106.3928,2981.9668,28.0279,3280.1634,1.6237,7.2857,12.5471,124.8465,100.5,797.0,6.1067,6.9105,15.5862,0.2682,11.1633,9.4888,True,True
4.0,1.5,300.0,26.0,8,9.26,144.3539,4066.3183,28.1691,4472.9502,1.6305,9.957,17.2239,129.0178,133.5,863.0,8.1423,9.2139,20.0394,0.3576,11.1633,9.4888,True,True
4.0,1.5,300.0,26.0,10,9.26,182.3149,5150.6699,28.2515,5665.7369,1.6342,12.6308,21.9025,131.5465,166.5,929.0,10.1778,11.5174,24.4926,0.447,11.1633,9.4888,True,True
4.0,1.5,300.0,26.0,12,9.26,220.276,6235.0214,28.3055,6858.5236,1.6379,15.3121,26.6143,133.405,199.5,995.0,12.2134,13.8209,28.9458,0.5364,11.1633,9.4888,True,True
4.0,1.5,300.0,26.0,16,9.26,296.198,8403.7245,28.372,9244.097,1.6405,20.6589,35.9703,135.4812,265.5,1127.0,16.2846,18.4279,37.8523,0.7152,11.1633,9.4888,True,True
4.0,2.0,300.0,18.0,4,9.26,32.8946,1331.9898,40.4927,1465.1888,1.6246,3.2505,5.6012,82.3704,68.0,732.0,3.8448,4.5593,11.8752,0.1652,12.0172,10.2146,True,True
4.0,2.0,300.0,18.0,6,9.26,50.5486,2093.1269,41.4082,2302.4396,1.6456,5.1478,8.9925,91.7603,98.0,792.0,5.7672,6.8389,14.844,0.2478,12.0172,10.2146,True,True
4.0,2.0,300.0,18.0,8,9.26,68.2027,2854.2639,41.8497,3139.6903,1.6568,7.0469,12.399,92.5302,134.0,864.0,7.6896,9.1185,20.7816,0.3304,12.0172,10.2146,True,True
4.0,2.0,300.0,18.0,10,9.26,85.8567,3615.401,42.1097,3976.9411,1.6623,8.9471,15.7973,96.3253,164.0,924.0,9.6121,11.3982,23.7504,0.413,12.0172,10.2146,True,True
4.0,2.0,300.0,18.0,12,9.26,103.5107,4376.538,42.281,4814.1918,1.6658,10.8427,19.1877,98.9058,194.0,984.0,11.5345,13.6778,26.7192,0.4955,12.0172,10.2146,True,True
4.0,2.0,300.0,18.0,16,9.26,138.8188,5898.8121,42.4929,6488.6933,1.6715,14.6529,26.0252,100.0968,260.0,1116.0,15.3793,18.2371,35.6257,0.6607,12.0172,10.2146,True,True
4.0,2.0,300.0,22.0,4,9.26,45.2209,1616.8288,35.754,1778.5116,1.6253,3.9469,6.8043,100.0627,68.0,732.0,4.6365,5.351,11.8752,0.2018,12.0172,10.2146,True,True
4.0,2.0,300.0,22.0,6,9.26,69.9186,2540.7309,36.3384,2794.804,1.643,6.2432,10.8875,104.6873,104.0,804.0,6.9548,8.0264,17.8128,0.3027,12.0172,10.2146,True,True
4.0,2.0,300.0,22.0,8,9.26,94.6163,3464.6331,36.6177,3811.0964,1.6517,8.546,14.9874,107.053,140.0,876.0,9.273,10.7019,23.7504,0.4036,12.0172,10.2146,True,True
4.0,2.0,300.0,22.0,10,9.26,119.3139,4388.5352,36.7814,4827.3887,1.6566,10.8442,19.0776,112.221,170.0,936.0,11.5913,13.3774,26.7192,0.5045,12.0172,10.2146,True,True
4.0,2.0,300.0,22.0,12,9.26,144.0116,5312.4374,36.889,5843.6811,1.6592,13.1375,23.1502,112.3797,206.0,1008.0,13.9095,16.0529,32.6569,0.6054,12.0172,10.2146,True,True
4.0,2.0,300.0,22.0,16,9.26,193.4069,7160.2417,37.0216,7876.2659,1.6627,17.7293,31.3135,115.1231,272.0,1140.0,18.546,21.4038,41.5633,0.8072,12.0172,10.2146,True,True
4.0,2.0,300.0,26.0,4,9.26,74.1923,1900.6166,25.6174,2090.6782,1.6017,4.5998,7.8075,105.5072,74.0,744.0,5.4282,6.1426,14.844,0.2384,12.0172,10.2146,True,True
4.0,2.0,300.0,26.0,6,9.26,115.445,2986.6832,25.871,3285.3515,1.6153,7.2733,12.4567,113.2423,110.0,816.0,8.1423,9.2139,20.7816,0.3576,12.0172,10.2146,True,True
4.0,2.0,300.0,26.0,8,9.26,156.6977,4072.7498,25.9911,4480.0248,1.622,9.9417,17.1016,117.1342,146.0,888.0,10.8564,12.2853,26.7192,0.4768,12.0172,10.2146,True,True
4.0,2.0,300.0,26.0,10,9.26,197.9505,5158.8164,26.0611,5674.698,1.6256,12.6104,21.7447,119.4766,182.0,960.0,13.5705,15.3566,32.6569,0.596,12.0172,10.2146,True,True
4.0,2.0,300.0,26.0,12,9.26,239.2032,6244.883,26.107,6869.3713,1.6292,15.2892,26.4252,121.2166,218.0,1032.0,16.2846,18.4279,38.5945,0.7152,12.0172,10.2146,True,True
4.0,2.0,300.0,26.0,16,9.26,321.7087,8417.0162,26.1635,9258.7178,1.6318,20.6284,35.7145,123.1536,290.0,1176.0,21.7127,24.5705,50.4697,0.9536,12.0172,10.2146,True,True
4.0,2.5,300.0,18.0,4,9.26,36.712,1335.4864,36.3774,1469.035,1.617,3.2467,5.5667,75.2255,74.0,744.0,4.806,5.6991,14.844,0.2065,12.7027,10.7973,True,True
4.0,2.5,300.0,18.0,6,9.26,56.5474,2098.6214,37.1126,2308.4836,1.6376,5.1472,8.945,83.9902,106.5,809.0,7.209,8.5486,18.555,0.3097,12.7027,10.7973,True,True
4.0,2.5,300.0,18.0,8,9.26,76.3828,2861.7565,37.466,3147.9321,1.6477,7.0461,12.3254,84.7103,145.5,887.0,9.6121,11.3982,25.977,0.413,12.7027,10.7973,True,True
4.0,2.5,300.0,18.0,10,9.26,96.2182,3624.8915,37.6736,3987.3807,1.654,8.9467,15.713,88.2755,178.0,952.0,12.0151,14.2477,29.6881,0.5162,12.7027,10.7973,True,True
4.0,2.5,300.0,18.0,12,9.26,116.0536,4388.0266,37.8103,4826.8293,1.6584,10.8434,19.098,90.7267,210.5,1017.0,14.4181,17.0973,33.3991,0.6194,12.7027,10.7973,True,True
4.0,2.5,300.0,18.0,16,9.26,155.7245,5914.2967,37.9792,6505.7264,1.6631,14.653,25.8857,91.7931,282.0,1160.0,19.2241,22.7964,44.5321,0.8259,12.7027,10.7973,True,True
4.0,2.5,300.0,22.0,4,9.26,50.4378,1619.8826,32.1164,1781.8709,1.6163,3.941,6.754,91.2702,74.0,744.0,5.7956,6.6887,14.844,0.2522,12.7027,10.7973,True,True
4.0,2.5,300.0,22.0,6,9.26,78.1166,2545.5299,32.5863,2800.0829,1.6337,6.2406,10.8173,95.7279,113.0,822.0,8.6934,10.033,22.266,0.3784,12.7027,10.7973,True,True
4.0,2.5,300.0,22.0,8,9.26,105.7953,3471.1771,32.8103,3818.2948,1.6422,8.5338,14.8746,97.8593,152.0,900.0,11.5913,13.3774,29.6881,0.5045,12.7027,10.7973,True,True
4.0,2.5,300.0,22.0,10,9.26,133.474,4396.8243,32.9414,4836.5068,1.647,10.829,18.9337,102.6219,184.5,965.0,14.4891,16.7217,33.3991,0.6306,12.7027,10.7973,True,True
4.0,2.5,300.0,22.0,12,9.26,161.1528,5322.4716,33.0275,5854.7187,1.6495,13.1208,22.9781,102.8102,223.5,1043.0,17.3869,20.0661,40.8211,0.7567,12.7027,10.7973,True,True
4.0,2.5,300.0,22.0,16,9.26,216.5103,7173.766,33.1336,7891.1426,1.6539,17.7231,31.1264,105.5132,295.0,1186.0,23.1825,26.7548,51.9541,1.009,12.7027,10.7973,True,True
4.0,2.5,300.0,26.0,4,9.26,82.4877,1904.3697,23.0867,2094.8067,1.5894,4.5847,7.7183,95.8791,80.5,757.0,6.7852,7.6783,18.555,0.298,12.7027,10.7973,True,True
4.0,2.5,300.0,26.0,6,9.26,128.4807,2992.5809,23.2921,3291.839,1.6035,7.251,12.3217,103.1104,119.5,835.0,10.1778,11.5174,25.977,0.447,12.7027,10.7973,True,True
4.0,2.5,300.0,26.0,8,9.26,174.4737,4080.7922,23.3892,4488.8714,1.6108,9.9199,16.9396,106.8741,158.5,913.0,13.5705,15.3566,33.3991,0.596,12.7027,10.7973,True,True
4.0,2.5,300.0,26.0,10,9.26,220.4667,5169.0035,23.4457,5685.9038,1.6144,12.5845,21.5407,109.0669,197.5,991.0,16.9631,19.1957,40.8211,0.745,12.7027,10.7973,True,True
4.0,2.5,300.0,26.0,12,9.26,266.4597,6257.2147,23.4828,6882.9362,1.6171,15.2585,26.163,110.6259,236.5,1069.0,20.3557,23.0349,48.2431,0.894,12.7027,10.7973,True,True
4.0,2.5,300.0,26.0,16,9.26,358.4457,8433.6372,23.5284,9277.0009,1.6205,20.585,35.3757,112.4824,314.5,1225.0,27.1409,30.7132,63.0871,1.1921,12.7027,10.7973,True,True
4.0,3.0,300.0,18.0,4,9.26,39.1726,1336.7427,34.1244,1470.4169,1.6118,3.2448,5.5443,69.304,80.0,756.0,5.7672,6.8389,17.8128,0.2478,13.2479,11.2607,True,True
4.0,3.0,300.0,18.0,6,9.26,60.4141,2100.5956,34.7699,2310.6552,1.633,5.1445,8.9138,77.5109,115.0,826.0,8.6509,10.2584,22.266,0.3717,13.2479,11.2607,True,True
4.0,3.0,300.0,18.0,8,9.26,81.6556,2864.4486,35.0796,3150.8935,1.6431,7.0427,12.2824,78.2317,157.0,910.0,11.5345,13.6778,31.1725,0.4955,13.2479,11.2607,True,True
4.0,3.0,300.0,18.0,10,9.26,102.8971,3628.3016,35.2614,3991.1317,1.6493,8.9416,15.6565,81.5445,192.0,980.0,14.4181,17.0973,35.6257,0.6194,13.2479,11.2607,True,True
4.0,3.0,300.0,18.0,12,9.26,124.1386,4392.1545,35.381,4831.37,1.6527,10.8377,19.0186,83.7825,227.0,1050.0,17.3017,20.5167,40.0789,0.7433,13.2479,11.2607,True,True
4.0,3.0,300.0,18.0,16,9.26,166.6216,5919.8604,35.5288,6511.8465,1.6574,14.632,25.7543,84.7181,304.0,1204.0,23.0689,27.3556,53.4385,0.9911,13.2479,11.2607,True,True
4.0,3.0,300.0,22.0,4,9.26,53.7771,1622.2401,30.166,1784.4642,1.6113,3.9392,6.7287,84.1086,80.0,756.0,6.9548,8.0264,17.8128,0.3027,13.2479,11.2607,True,True
4.0,3.0,300.0,22.0,6,9.26,83.3641,2549.2345,30.5795,2804.158,1.6276,6.2325,10.7605,88.2005,122.0,840.0,10.4321,12.0396,26.7192,0.454,13.2479,11.2607,True,True
4.0,3.0,300.0,22.0,8,9.26,112.951,3476.2289,30.7764,3823.8518,1.6369,8.5317,14.8198,90.3647,164.0,924.0,13.9095,16.0529,35.6257,0.6054,13.2479,11.2607,True,True
4.0,3.0,300.0,22.0,10,9.26,142.538,4403.2233,30.8916,4843.5456,1.6416,10.8266,18.8639,94.7936,199.0,994.0,17.3869,20.0661,40.0789,0.7567,13.2479,11.2607,True,True
4.0,3.0,300.0,22.0,12,9.26,172.1249,5330.2176,30.9672,5863.2394,1.6441,13.1166,22.8909,94.9828,241.0,1078.0,20.8643,24.0793,48.9853,0.9081,13.2479,11.2607,True,True
4.0,3.0,300.0,22.0,16,9.26,231.2988,7184.2064,31.0603,7902.627,1.6476,17.7017,30.9622,97.3654,318.0,1232.0,27.819,32.1057,62.3449,1.2108,13.2479,11.2607,True,True
4.0,3.0,300.0,26.0,4,9.26,87.6042,1904.7087,21.7422,2095.1795,1.5824,4.5716,7.66,88.0463,87.0,770.0,8.1423,9.2139,22.266,0.3576,13.2479,11.2607,True,True
4.0,3.0,300.0,26.0,6,9.26,136.5209,2993.1136,21.9242,3292.425,1.5962,7.2311,12.229,94.7982,129.0,854.0,12.2134,13.8209,31.1725,0.5364,13.2479,11.2607,True,True
4.0,3.0,300.0,26.0,8,9.26,185.4377,4081.5186,22.0102,4489.6704,1.6035,9.8932,16.8123,98.3173,171.0,938.0,16.2846,18.4279,40.0789,0.7152,13.2479,11.2607,True,True
4.0,3.0,300.0,26.0,10,9.26,234.3544,5169.9235,22.0603,5686.9159,1.6071,12.5508,21.3789,100.3705,213.0,1022.0,20.3557,23.0349,48.9853,0.894,13.2479,11.2607,True,True
4.0,3.0,300.0,26.0,12,9.26,283.2711,6258.3285,22.0931,6884.1613,1.6097,15.2181,25.9667,101.83,255.0,1106.0,24.4268,27.6418,57.8917,1.0729,13.2479,11.2607,True,True
4.0,3.0,300.0,26.0,16,9.26,381.1045,8435.1383,22.1334,9278.6522,1.613,20.5308,35.1103,103.5701,339.0,1274.0,32.5691,36.8558,75.7045,1.4305,13.2479,11.2607,True,True
4.0,4.0,300.0,18.0,4,9.26,44.0204,1335.8662,30.3465,1469.4528,1.602,3.2317,5.4865,59.6359,92.0,780.0,7.6896,9.1185,23.7504,0.3304,13.9159,11.8286,True,True
4.0,4.0,300.0,18.0,6,9.26,68.0321,2099.2184,30.8563,2309.1402,1.6221,5.12,8.8082,66.729,132.0,860.0,11.5345,13.6778,29.6881,0.4955,13.9159,11.8286,True,True
4.0,4.0,300.0,18.0,8,9.26,92.0438,2862.5705,31.1001,3148.8275,1.6328,7.0103,12.1449,67.4718,180.0,956.0,15.3793,18.2371,41.5633,0.6607,13.9159,11.8286,True,True
4.0,4.0,300.0,18.0,10,9.26,116.0554,3625.9226,31.243,3988.5149,1.638,8.9012,15.4732,70.3325,220.0,1036.0,19.2241,22.7964,47.5009,0.8259,13.9159,11.8286,True,True
4.0,4.0,300.0,18.0,12,9.26,140.0671,4389.2747,31.3369,4828.2022,1.6423,10.7989,18.8239,72.3996,260.0,1116.0,23.0689,27.3556,53.4385,0.9911,13.9159,11.8286,True,True
4.0,4.0,300.0,18.0,16,9.26,188.0904,5915.979,31.4528,6507.5769,1.6469,14.5802,25.4908,73.2495,348.0,1292.0,30.7586,36.4742,71.2513,1.3214,13.9159,11.8286,True,True
4.0,4.0,300.0,22.0,4,9.26,60.2645,1620.664,26.8925,1782.7304,1.5994,3.9166,6.6377,72.1485,92.0,780.0,9.273,10.7019,23.7504,0.4036,13.9159,11.8286,True,True
4.0,4.0,300.0,22.0,6,9.26,93.5585,2546.7577,27.221,2801.4334,1.6171,6.2028,10.6359,75.9706,140.0,876.0,13.9095,16.0529,35.6257,0.6054,13.9159,11.8286,True,True
4.0,4.0,300.0,22.0,8,9.26,126.8525,3472.8514,27.3771,3820.1365,1.6245,8.4843,14.6193,77.7622,188.0,972.0,18.546,21.4038,47.5009,0.8072,13.9159,11.8286,True,True
4.0,4.0,300.0,22.0,10,9.26,160.1465,4398.945,27.4683,4838.8396,1.6292,10.767,18.6089,81.618,228.0,1052.0,23.1825,26.7548,53.4385,1.009,13.9159,11.8286,True,True
4.0,4.0,300.0,22.0,12,9.26,193.4405,5325.0387,27.528,5857.5426,1.6325,13.0581,22.6175,81.9474,276.0,1148.0,27.819,32.1057,65.3137,1.2108,13.9159,11.8286,True,True
4.0,4.0,300.0,22.0,16,9.26,260.0285,7177.2261,27.6017,7894.9487,1.6368,17.6206,30.6054,84.0807,364.0,1324.0,37.092,42.8076,83.1265,1.6144,13.9159,11.8286,True,True
4.0,4.0,300.0,26.0,4,9.26,97.4309,1904.5309,19.5475,2094.984,1.5691,4.5442,7.5461,75.4614,100.0,796.0,10.8564,12.2853,29.6881,0.4768,13.9159,11.8286,True,True
4.0,4.0,300.0,26.0,6,9.26,151.9628,2992.8343,19.6945,3292.1177,1.5827,7.189,12.0478,81.404,148.0,892.0,16.2846,18.4279,41.5633,0.7152,13.9159,11.8286,True,True
4.0,4.0,300.0,26.0,8,9.26,206.4947,4081.1376,19.7639,4489.2514,1.5889,9.8371,16.5554,84.4662,196.0,988.0,21.7127,24.5705,53.4385,0.9536,13.9159,11.8286,True,True
4.0,4.0,300.0,26.0,10,9.26,261.0267,5169.441,19.8043,5686.3851,1.5932,12.4797,21.063,86.3237,244.0,1084.0,27.1409,30.7132,65.3137,1.1921,13.9159,11.8286,True,True
4.0,4.0,300.0,26.0,12,9.26,315.5586,6257.7443,19.8307,6883.5188,1.5949,15.1171,25.5433,87.4772,292.0,1180.0,32.5691,36.8558,77.1889,1.4305,13.9159,11.8286,True,True
4.0,4.0,300.0,26.0,16,9.26,424.6225,8434.3511,19.8632,9277.7862,1.5982,20.3972,34.541,89.0231,388.0,1372.0,43.4255,49.1411,100.9394,1.9073,13.9159,11.8286,True,True
5.0,1.5,300.0,18.0,4,11.2116,34.9488,1072.4579,30.6866,1179.7037,1.5904,3.781,6.3695,87.2531,73.0,746.0,2.8836,3.4195,8.9064,0.1239,12.4257,10.5618,False,True
5.0,1.5,300.0,18.0,6,11.2116,53.7767,1685.291,31.3387,1853.8201,1.616,6.0103,10.2982,97.613,105.5,811.0,4.3254,5.1292,11.133,0.1858,12.4257,10.5618,False,True
5.0,1.5,300.0,18.0,8,11.2116,72.6045,2298.1241,31.6526,2527.9366,1.6281,8.2416,14.2339,98.5046,144.5,889.0,5.7672,6.8389,15.5862,0.2478,12.4257,10.5618,False,True
5.0,1.5,300.0,18.0,10,11.2116,91.4324,2910.9572,31.8373,3202.053,1.6351,10.4632,18.1542,102.5659,177.0,954.0,7.209,8.5486,17.8128,0.3097,12.4257,10.5618,False,True
5.0,1.5,300.0,18.0,12,11.2116,110.2603,3523.7904,31.9588,3876.1694,1.6398,12.6888,22.0818,105.4024,209.5,1019.0,8.6509,10.2584,20.0394,0.3717,12.4257,10.5618,False,True
5.0,1.5,300.0,18.0,16,11.2116,147.916,4749.4566,32.1091,5224.4022,1.6459,17.1424,29.951,106.5871,281.0,1162.0,11.5345,13.6778,26.7192,0.4955,12.4257,10.5618,False,True
5.0,1.5,300.0,22.0,4,11.2116,47.6163,1301.8701,27.3409,1432.0571,1.5908,4.5932,7.7396,106.0224,73.0,746.0,3.4774,4.0132,8.9064,0.1513,12.4257,10.5618,False,True
5.0,1.5,300.0,22.0,6,11.2116,73.6827,2045.7959,27.7649,2250.3755,1.612,7.2876,12.4544,111.2003,112.0,824.0,5.2161,6.0198,13.3596,0.227,12.4257,10.5618,False,True
5.0,1.5,300.0,22.0,8,11.2116,99.7492,2789.7217,27.9674,3068.6938,1.622,9.9799,17.1682,113.6965,151.0,902.0,6.9548,8.0264,17.8128,0.3027,12.4257,10.5618,False,True
5.0,1.5,300.0,22.0,10,11.2116,125.8156,3533.6474,28.0859,3887.0122,1.6274,12.6739,21.8785,119.229,183.5,967.0,8.6934,10.033,20.0394,0.3784,12.4257,10.5618,False,True
5.0,1.5,300.0,22.0,12,11.2116,151.8821,4277.5732,28.1638,4705.3305,1.6317,15.3623,26.5943,119.5251,222.5,1045.0,10.4321,12.0396,24.4926,0.454,12.4257,10.5618,False,True
5.0,1.5,300.0,22.0,16,11.2116,204.015,5765.4247,28.2598,6341.9672,1.6364,20.7437,36.0197,119.866,300.5,1201.0,13.9095,16.0529,33.3991,0.6054,12.4257,10.5618,False,True
5.0,1.5,300.0,26.0,4,11.2116,76.6657,1527.7422,19.9273,1680.5164,1.5632,5.3288,8.8133,110.8593,79.5,759.0,4.0711,4.607,11.133,0.1788,12.4257,10.5618,False,True
5.0,1.5,300.0,26.0,6,11.2116,119.3319,2400.7378,20.1182,2640.8115,1.5803,8.4427,14.1258,119.205,118.5,837.0,6.1067,6.9105,15.5862,0.2682,12.4257,10.5618,False,True
5.0,1.5,300.0,26.0,8,11.2116,161.998,3273.7333,20.2085,3601.1066,1.5878,11.5546,19.4313,123.3731,157.5,915.0,8.1423,9.2139,20.0394,0.3576,12.4257,10.5618,False,True
5.0,1.5,300.0,26.0,10,11.2116,204.6641,4146.7289,20.2611,4561.4017,1.5926,14.6681,24.7452,125.9296,196.5,993.0,10.1778,11.5174,24.4926,0.447,12.4257,10.5618,False,True
5.0,1.5,300.0,26.0,12,11.2116,247.3303,5019.7244,20.2956,5521.6968,1.5959,17.7933,30.0846,127.7478,235.5,1071.0,12.2134,13.8209,28.9458,0.5364,12.4257,10.5618,False,True
5.0,1.5,300.0,26.0,16,11.2116,332.6625,6765.7155,20.3381,7442.2871,1.6002,24.0168,40.7243,129.902,313.5,1227.0,16.2846,18.4279,37.8523,0.7152,12.4257,10.5618,False,True
5.0,2.0,300.0,18.0,4,11.2116,37.5066,1075.9407,28.6867,1183.5348,1.585,3.7846,6.3523,80.4084,79.0,758.0,3.8448,4.5593,11.8752,0.1652,13.4547,11.4365,True,True
5.0,2.0,300.0,18.0,6,11.2116,57.796,1690.764,29.254,1859.8404,1.6101,6.0165,10.2694,90.0825,114.0,828.0,5.7672,6.8389,14.844,0.2478,13.4547,11.4365,True,True
5.0,2.0,300.0,18.0,8,11.2116,78.0855,2305.5872,29.5264,2536.1459,1.6212,8.2428,14.1724,90.8488,156.0,912.0,7.6896,9.1185,20.7816,0.3304,13.4547,11.4365,True,True
5.0,2.0,300.0,18.0,10,11.2116,98.375,2920.4105,29.6865,3212.4515,1.629,10.4747,18.1021,94.7757,191.0,982.0,9.6121,11.3982,23.7504,0.413,13.4547,11.4365,True,True
5.0,2.0,300.0,18.0,12,11.2116,118.6644,3535.2337,29.7919,3888.7571,1.6336,12.7029,22.0181,97.4254,226.0,1052.0,11.5345,13.6778,26.7192,0.4955,13.4547,11.4365,True,True
5.0,2.0,300.0,18.0,16,11.2116,159.2434,4764.8802,29.922,5241.3683,1.6396,17.1619,29.8639,98.5609,303.0,1206.0,15.3793,18.2371,35.6257,0.6607,13.4547,11.4365,True,True
5.0,2.0,300.0,22.0,4,11.2116,51.1516,1303.8349,25.4896,1434.2184,1.5839,4.5866,7.6931,97.3807,79.0,758.0,4.6365,5.351,11.8752,0.2018,13.4547,11.4365,True,True
5.0,2.0,300.0,22.0,6,11.2116,79.2382,2048.8834,25.8573,2253.7718,1.6049,7.2781,12.3794,102.3088,121.0,842.0,6.9548,8.0264,17.8128,0.3027,13.4547,11.4365,True,True
5.0,2.0,300.0,22.0,8,11.2116,107.3248,2793.932,26.0325,3073.3252,1.6147,9.9675,17.0646,104.6905,163.0,926.0,9.273,10.7019,23.7504,0.4036,13.4547,11.4365,True,True
5.0,2.0,300.0,22.0,10,11.2116,135.4115,3538.9805,26.135,3892.8785,1.6208,12.6591,21.7595,109.8964,198.0,996.0,11.5913,13.3774,26.7192,0.5045,13.4547,11.4365,True,True
5.0,2.0,300.0,22.0,12,11.2116,163.4981,4284.029,26.2023,4712.4319,1.6242,15.344,26.4336,110.1398,240.0,1080.0,13.9095,16.0529,32.6569,0.6054,13.4547,11.4365,True,True
5.0,2.0,300.0,22.0,16,11.2116,219.6713,5774.126,26.2853,6351.5387,1.6288,20.7196,35.8018,110.4994,324.0,1248.0,18.546,21.4038,44.5321,0.8072,13.4547,11.4365,True,True
5.0,2.0,300.0,26.0,4,11.2116,82.1407,1530.8558,18.637,1683.9414,1.5549,5.3161,8.7425,101.6575,86.0,772.0,5.4282,6.1426,14.844,0.2384,13.4547,11.4365,True,True
5.0,2.0,300.0,26.0,6,11.2116,127.9353,2405.6306,18.8035,2646.1936,1.5709,8.424,14.0053,109.4162,128.0,856.0,8.1423,9.2139,20.7816,0.3576,13.4547,11.4365,True,True
5.0,2.0,300.0,26.0,8,11.2116,173.73,3280.4053,18.8822,3608.4459,1.5791,11.5409,19.2945,113.497,170.0,940.0,10.8564,12.2853,26.7192,0.4768,13.4547,11.4365,True,True
5.0,2.0,300.0,26.0,10,11.2116,219.5246,4155.1801,18.9281,4570.6981,1.5837,14.6513,24.5709,115.9005,212.0,1024.0,13.5705,15.3566,32.6569,0.596,13.4547,11.4365,True,True
5.0,2.0,300.0,26.0,12,11.2116,265.3193,5029.9549,18.9581,5532.9504,1.587,17.7542,29.8404,117.4817,254.0,1108.0,16.2846,18.4279,38.5945,0.7152,13.4547,11.4365,True,True
5.0,2.0,300.0,26.0,16,11.2116,356.9086,6779.5044,18.9951,7457.4548,1.5904,23.9677,40.3765,119.4571,338.0,1276.0,21.7127,24.5705,50.4697,0.9536,13.4547,11.4365,True,True
5.0,2.5,300.0,18.0,4,11.2116,40.0302,1078.5347,26.943,1186.3881,1.5795,3.7849,6.3296,74.4656,85.0,770.0,4.806,5.6991,14.844,0.2065,14.2824,12.14,True,True
5.0,2.5,300.0,18.0,6,11.2116,61.7617,1694.8402,27.4416,1864.3242,1.6036,6.0177,10.2268,83.484,122.5,845.0,7.209,8.5486,18.555,0.3097,14.2824,12.14,True,True
5.0,2.5,300.0,18.0,8,11.2116,83.4932,2311.1457,27.6806,2542.2603,1.6153,8.2446,14.1206,84.3018,167.5,935.0,9.6121,11.3982,25.977,0.413,14.2824,12.14,True,True
5.0,2.5,300.0,18.0,10,11.2116,105.2247,2927.4512,27.8209,3220.1964,1.6222,10.4778,18.0264,87.9337,205.0,1010.0,12.0151,14.2477,29.6881,0.5162,14.2824,12.14,True,True
5.0,2.5,300.0,18.0,12,11.2116,126.9563,3543.7568,27.9132,3898.1324,1.6275,12.7062,21.9369,87.7477,250.0,1100.0,14.4181,17.0973,37.1101,0.6194,14.2824,12.14,True,True
5.0,2.5,300.0,18.0,16,11.2116,170.4193,4776.3678,28.0272,5254.0046,1.6326,17.1672,29.7371,91.4988,325.0,1250.0,19.2241,22.7964,44.5321,0.8259,14.2824,12.14,True,True
5.0,2.5,300.0,22.0,4,11.2116,54.5391,1306.686,23.9587,1437.3546,1.5777,4.5841,7.6564,90.0752,85.0,770.0,5.7956,6.6887,14.844,0.2522,14.2824,12.14,True,True
5.0,2.5,300.0,22.0,6,11.2116,84.5614,2053.3638,24.2825,2258.7001,1.5983,7.2749,12.3199,94.7686,130.0,860.0,8.6934,10.033,22.266,0.3784,14.2824,12.14,True,True
5.0,2.5,300.0,22.0,8,11.2116,114.5837,2800.0415,24.4366,3080.0456,1.608,9.9635,16.9823,97.0417,175.0,950.0,11.5913,13.3774,29.6881,0.5045,14.2824,12.14,True,True
5.0,2.5,300.0,22.0,10,11.2116,144.6061,3546.7192,24.5268,3901.3911,1.614,12.6543,21.6543,98.4285,220.0,1040.0,14.4891,16.7217,37.1101,0.6306,14.2824,12.14,True,True
5.0,2.5,300.0,22.0,12,11.2116,174.6284,4293.3969,24.5859,4722.7366,1.6174,15.3386,26.3056,102.1578,257.5,1115.0,17.3869,20.0661,40.8211,0.7567,14.2824,12.14,True,True
5.0,2.5,300.0,22.0,16,11.2116,234.673,5786.7524,24.6588,6365.4276,1.6219,20.7127,35.6282,102.5271,347.5,1295.0,23.1825,26.7548,55.6651,1.009,14.2824,12.14,True,True
5.0,2.5,300.0,26.0,4,11.2116,87.3343,1533.4122,17.558,1686.7534,1.5465,5.3026,8.6698,93.728,92.5,785.0,6.7852,7.6783,18.555,0.298,14.2824,12.14,True,True
5.0,2.5,300.0,26.0,6,11.2116,136.0968,2409.6477,17.7054,2650.6124,1.5629,8.4035,13.8959,101.0613,137.5,875.0,10.1778,11.5174,25.977,0.447,14.2824,12.14,True,True
5.0,2.5,300.0,26.0,8,11.2116,184.8592,3285.8832,17.7751,3614.4715,1.5702,11.5132,19.1331,104.8388,182.5,965.0,13.5705,15.3566,33.3991,0.596,14.2824,12.14,True,True
5.0,2.5,300.0,26.0,10,11.2116,233.6217,4162.1187,17.8156,4578.3306,1.5748,14.6166,24.3652,107.0999,227.5,1055.0,16.9631,19.1957,40.8211,0.745,14.2824,12.14,True,True
5.0,2.5,300.0,26.0,12,11.2116,282.3841,5038.3542,17.8422,5542.1897,1.578,17.7138,29.5926,108.5965,272.5,1145.0,20.3557,23.0349,48.2431,0.894,14.2824,12.14,True,True
5.0,2.5,300.0,26.0,16,11.2116,379.9091,6790.8253,17.8749,7469.9078,1.5814,23.9139,40.0411,110.4583,362.5,1325.0,27.1409,30.7132,63.0871,1.1921,14.2824,12.14,True,True
5.0,3.0,300.0,18.0,4,11.2116,43.6679,1081.4565,24.7655,1189.6021,1.571,3.7805,6.2859,69.0761,91.0,782.0,5.7672,6.8389,17.8128,0.2478,14.9858,12.7379,True,True
5.0,3.0,300.0,18.0,6,11.2116,67.4782,1699.4316,25.1849,1869.3748,1.5954,6.0117,10.1612,77.5661,131.0,862.0,8.6509,10.2584,22.266,0.3717,14.9858,12.7379,True,True
5.0,3.0,300.0,18.0,8,11.2116,91.2884,2317.4067,25.3855,2549.1474,1.6069,8.2367,14.0292,78.3757,179.0,958.0,11.5345,13.6778,31.1725,0.4955,14.9858,12.7379,True,True
5.0,3.0,300.0,18.0,10,11.2116,115.0987,2935.3819,25.5032,3228.9201,1.6137,10.4684,17.9098,81.7797,219.0,1038.0,14.4181,17.0973,35.6257,0.6194,14.9858,12.7379,True,True
5.0,3.0,300.0,18.0,12,11.2116,138.9089,3553.357,25.5805,3908.6927,1.6181,12.6959,21.7836,81.5866,267.0,1134.0,17.3017,20.5167,44.5321,0.7433,14.9858,12.7379,True,True
5.0,3.0,300.0,18.0,16,11.2116,186.5294,4789.3073,25.6759,5268.238,1.6239,17.1535,29.5451,85.1443,347.0,1294.0,23.0689,27.3556,53.4385,0.9911,14.9858,12.7379,True,True
5.0,3.0,300.0,22.0,4,11.2116,59.4654,1309.8364,22.0269,1440.8201,1.5686,4.5789,7.601,83.5272,91.0,782.0,6.9548,8.0264,17.8128,0.3027,14.9858,12.7379,True,True
5.0,3.0,300.0,22.0,6,11.2116,92.3027,2058.3144,22.2996,2264.1459,1.5881,7.2609,12.2124,87.859,139.0,878.0,10.4321,12.0396,26.7192,0.454,14.9858,12.7379,True,True
5.0,3.0,300.0,22.0,8,11.2116,125.1401,2806.7924,22.4292,3087.4716,1.5976,9.9452,16.8339,90.021,187.0,974.0,13.9095,16.0529,35.6257,0.6054,14.9858,12.7379,True,True
5.0,3.0,300.0,22.0,10,11.2116,157.9774,3555.2704,22.5049,3910.7974,1.6034,12.6307,21.4631,91.3323,235.0,1070.0,17.3869,20.0661,44.5321,0.7567,14.9858,12.7379,True,True
5.0,3.0,300.0,22.0,12,11.2116,190.8148,4303.7483,22.5546,4734.1232,1.6067,15.3117,26.0755,94.8199,275.0,1150.0,20.8643,24.0793,48.9853,0.9081,14.9858,12.7379,True,True
5.0,3.0,300.0,22.0,16,11.2116,256.4895,5800.7043,22.6158,6380.7747,1.6111,20.6772,35.3162,95.1919,371.0,1342.0,27.819,32.1057,66.7981,1.2108,14.9858,12.7379,True,True
5.0,3.0,300.0,26.0,4,11.2116,94.8849,1535.8598,16.1865,1689.4458,1.5351,5.28,8.5652,86.5175,99.0,798.0,8.1423,9.2139,22.266,0.3576,14.9858,12.7379,True,True
5.0,3.0,300.0,26.0,6,11.2116,147.9621,2413.494,16.3116,2654.8434,1.5504,8.3696,13.7217,93.3452,147.0,894.0,12.2134,13.8209,31.1725,0.5364,14.9858,12.7379,True,True
5.0,3.0,300.0,26.0,8,11.2116,201.0392,3291.1282,16.3706,3620.2411,1.5583,11.4684,18.9043,96.945,195.0,990.0,16.2846,18.4279,40.0789,0.7152,14.9858,12.7379,True,True
5.0,3.0,300.0,26.0,10,11.2116,254.1163,4168.7624,16.4049,4585.6387,1.5627,14.5605,24.0741,99.0706,243.0,1086.0,20.3557,23.0349,48.9853,0.894,14.9858,12.7379,True,True
5.0,3.0,300.0,26.0,12,11.2116,307.1934,5046.3966,16.4274,5551.0363,1.5659,17.6453,29.2372,100.4714,291.0,1182.0,24.4268,27.6418,57.8917,1.0729,14.9858,12.7379,True,True
5.0,3.0,300.0,26.0,16,11.2116,413.3476,6801.665,16.4551,7481.8315,1.5692,23.8224,39.5604,102.2232,387.0,1374.0,32.5691,36.8558,75.7045,1.4305,14.9858,12.7379,True,True
5.0,4.0,300.0,18.0,4,11.2116,48.4012,1081.9505,22.3538,1190.1456,1.5598,3.7644,6.2116,60.3066,103.0,806.0,7.6896,9.1185,23.7504,0.3304,15.9998,13.5999,True,True
5.0,4.0,300.0,18.0,6,11.2116,74.9162,1700.2079,22.6948,1870.2287,1.5829,5.9817,10.026,67.7433,148.0,896.0,11.5345,13.6778,29.6881,0.4955,15.9998,13.5999,True,True
5.0,4.0,300.0,18.0,8,11.2116,101.4312,2318.4654,22.8575,2550.3119,1.595,8.2044,13.8636,68.6315,202.0,1004.0,15.3793,18.2371,41.5633,0.6607,15.9998,13.5999,True,True
5.0,4.0,300.0,18.0,10,11.2116,127.9462,2936.7228,22.9528,3230.3951,1.6016,10.4289,17.6999,71.6595,247.0,1094.0,19.2241,22.7964,47.5009,0.8259,15.9998,13.5999,True,True
5.0,4.0,300.0,18.0,12,11.2116,154.4612,3554.9802,23.0154,3910.4783,1.6067,12.6479,21.5394,71.5594,301.0,1202.0,23.0689,27.3556,59.3761,0.9911,15.9998,13.5999,True,True
5.0,4.0,300.0,18.0,16,11.2116,207.4911,4791.4951,23.0925,5270.6446,1.6116,17.0907,29.1994,74.6787,391.0,1382.0,30.7586,36.4742,71.2513,1.3214,15.9998,13.5999,True,True
5.0,4.0,300.0,22.0,4,11.2116,65.6841,1309.7138,19.9396,1440.6852,1.5562,4.549,7.4876,72.6955,103.0,806.0,9.273,10.7019,23.7504,0.4036,15.9998,13.5999,True,True
5.0,4.0,300.0,22.0,6,11.2116,102.0751,2058.1217,20.1628,2263.9339,1.576,7.2223,12.0492,76.7463,157.0,914.0,13.9095,16.0529,35.6257,0.6054,15.9998,13.5999,True,True
5.0,4.0,300.0,22.0,8,11.2116,138.466,2806.5296,20.2687,3087.1826,1.5853,9.8935,16.6094,78.7177,211.0,1022.0,18.546,21.4038,47.5009,0.8072,15.9998,13.5999,True,True
5.0,4.0,300.0,22.0,10,11.2116,174.857,3554.9375,20.3305,3910.4313,1.591,12.5659,21.1773,79.9142,265.0,1130.0,23.1825,26.7548,59.3761,1.009,15.9998,13.5999,True,True
5.0,4.0,300.0,22.0,12,11.2116,211.2479,4303.3454,20.3711,4733.68,1.5942,15.2337,25.7284,82.9949,310.0,1220.0,27.819,32.1057,65.3137,1.2108,15.9998,13.5999,True,True
5.0,4.0,300.0,22.0,16,11.2116,284.0298,5800.1612,20.421,6380.1773,1.5986,20.573,34.8466,83.3651,418.0,1436.0,37.092,42.8076,89.0642,1.6144,15.9998,13.5999,True,True
5.0,4.0,300.0,26.0,4,11.2116,104.1119,1536.7883,14.7609,1690.4672,1.5206,5.2412,8.4165,75.147,112.0,824.0,10.8564,12.2853,29.6881,0.4768,15.9998,13.5999,True,True
5.0,4.0,300.0,26.0,6,11.2116,162.4616,2414.9531,14.8648,2656.4484,1.5355,8.3101,13.4841,81.2298,166.0,932.0,16.2846,18.4279,41.5633,0.7152,15.9998,13.5999,True,True
5.0,4.0,300.0,26.0,8,11.2116,220.8113,3293.1178,14.9137,3622.4296,1.5432,11.3767,18.5585,84.3569,220.0,1040.0,21.7127,24.5705,53.4385,0.9536,15.9998,13.5999,True,True
5.0,4.0,300.0,26.0,10,11.2116,279.1609,4171.2826,14.9422,4588.4109,1.5482,14.4602,23.6712,86.3911,274.0,1148.0,27.1409,30.7132,65.3137,1.1921,15.9998,13.5999,True,True
5.0,4.0,300.0,26.0,12,11.2116,337.5106,5049.4474,14.9609,5554.3921,1.5505,17.5253,28.7343,87.6046,328.0,1256.0,32.5691,36.8558,77.1889,1.4305,15.9998,13.5999,True,True
5.0,4.0,300.0,26.0,16,11.2116,454.21,6805.7769,14.9838,7486.3546,1.5537,23.6617,38.8805,89.1755,436.0,1472.0,43.4255,49.1411,100.9394,1.9073,15.9998,13.5999,True,True
6.0,1.5,300.0,18.0,4,13.1321,39.2835,901.5209,22.9491,991.673,1.5514,4.2805,7.0227,83.6037,84.0,772.0,2.8836,3.4195,8.9064,0.1239,13.5417,11.5104,False,True
6.0,1.5,300.0,18.0,6,13.1321,60.5884,1416.6758,23.382,1558.3433,1.5789,6.8267,11.4115,93.9217,121.5,847.0,4.3254,5.1292,11.133,0.1858,13.5417,11.5104,False,True
6.0,1.5,300.0,18.0,8,13.1321,81.8933,1931.8306,23.5896,2125.0137,1.5931,9.3696,15.8127,94.9714,166.5,937.0,5.7672,6.8389,15.5862,0.2478,13.5417,11.5104,False,True
6.0,1.5,300.0,18.0,10,13.1321,103.1982,2446.9854,23.7115,2691.684,1.6007,11.9081,20.198,99.01,204.0,1012.0,7.209,8.5486,17.8128,0.3097,13.5417,11.5104,False,True
6.0,1.5,300.0,18.0,12,13.1321,124.503,2962.1402,23.7917,3258.3543,1.6061,14.4505,24.5998,98.7943,249.0,1102.0,8.6509,10.2584,22.266,0.3717,13.5417,11.5104,False,True
6.0,1.5,300.0,18.0,16,13.1321,167.1128,3992.4499,23.8908,4391.6949,1.6125,19.5409,33.4054,103.1031,324.0,1252.0,11.5345,13.6778,26.7192,0.4955,13.5417,11.5104,False,True
6.0,1.5,300.0,22.0,4,13.1321,53.1018,1092.7125,20.5777,1201.9837,1.5511,5.1911,8.5146,101.3646,84.0,772.0,3.4774,4.0132,8.9064,0.1513,13.5417,11.5104,False,True
6.0,1.5,300.0,22.0,6,13.1321,82.3028,1717.1196,20.8634,1888.8315,1.5743,8.2579,13.7607,106.672,129.0,862.0,5.2161,6.0198,13.3596,0.227,13.5417,11.5104,False,True
6.0,1.5,300.0,22.0,8,13.1321,111.5038,2341.5267,20.9995,2575.6794,1.5844,11.3157,18.9858,109.1139,174.0,952.0,6.9548,8.0264,17.8128,0.3027,13.5417,11.5104,False,True
6.0,1.5,300.0,22.0,10,13.1321,140.7049,2965.9338,21.0791,3262.5272,1.5916,14.3835,24.2495,110.7284,219.0,1042.0,8.6934,10.033,22.266,0.3784,13.5417,11.5104,False,True
6.0,1.5,300.0,22.0,12,13.1321,169.9059,3590.341,21.1314,3949.3751,1.5958,17.4451,29.4932,114.9833,256.5,1117.0,10.4321,12.0396,24.4926,0.454,13.5417,11.5104,False,True
6.0,1.5,300.0,22.0,16,13.1321,228.3079,4839.1552,21.1957,5323.0707,1.6013,23.5722,39.9992,115.4379,346.5,1297.0,13.9095,16.0529,33.3991,0.6054,13.5417,11.5104,False,True
6.0,1.5,300.0,26.0,4,13.1321,83.8208,1280.935,15.2818,1409.0285,1.5183,5.9825,9.5912,104.8215,91.5,787.0,4.0711,4.607,11.133,0.1788,13.5417,11.5104,False,True
6.0,1.5,300.0,26.0,6,13.1321,130.5756,2012.8979,15.4156,2214.1877,1.5372,9.5101,15.4501,113.1875,136.5,877.0,6.1067,6.9105,15.5862,0.2682,13.5417,11.5104,False,True
6.0,1.5,300.0,26.0,8,13.1321,177.3303,2744.8607,15.4788,3019.3468,1.5454,13.0351,21.2971,117.3394,181.5,967.0,8.1423,9.2139,20.0394,0.3576,13.5417,11.5104,False,True
6.0,1.5,300.0,26.0,10,13.1321,224.0851,3476.8236,15.5156,3824.506,1.5509,16.5624,27.1626,119.9232,226.5,1057.0,10.1778,11.5174,24.4926,0.447,13.5417,11.5104,False,True
6.0,1.5,300.0,26.0,12,13.1321,270.8398,4208.7865,15.5398,4629.6651,1.5547,20.0806,33.0197,121.6196,271.5,1147.0,12.2134,13.8209,28.9458,0.5364,13.5417,11.5104,False,True
6.0,1.5,300.0,26.0,16,13.1321,364.3493,5672.7122,15.5694,6239.9834,1.5589,27.1252,44.731,123.7372,361.5,1327.0,16.2846,18.4279,37.8523,0.7152,13.5417,11.5104,False,True
6.0,2.0,300.0,18.0,4,13.1321,41.7887,904.9097,21.6544,995.4006,1.5454,4.2838,6.9991,77.7677,90.0,784.0,3.8448,4.5593,11.8752,0.1652,14.6902,12.4866,False,True
6.0,2.0,300.0,18.0,6,13.1321,64.5251,1422.0009,22.038,1564.201,1.5724,6.8332,11.3725,87.4811,130.0,864.0,5.7672,6.8389,14.844,0.2478,14.6902,12.4866,False,True
6.0,2.0,300.0,18.0,8,13.1321,87.2614,1939.0921,22.2216,2133.0014,1.5864,9.3784,15.7567,88.5207,178.0,960.0,7.6896,9.1185,20.7816,0.3304,14.6902,12.4866,False,True
6.0,2.0,300.0,18.0,10,13.1321,109.9978,2456.1834,22.3294,2701.8017,1.5938,11.9196,20.1259,92.3205,218.0,1040.0,9.6121,11.3982,23.7504,0.413,14.6902,12.4866,False,True
6.0,2.0,300.0,18.0,12,13.1321,132.7342,2973.2746,22.4002,3270.6021,1.5992,14.4648,24.5113,92.1479,266.0,1136.0,11.5345,13.6778,29.6881,0.4955,14.6902,12.4866,False,True
6.0,2.0,300.0,18.0,16,13.1321,178.207,4007.4571,22.4877,4408.2028,1.6055,19.5608,33.2844,96.1977,346.0,1296.0,15.3793,18.2371,35.6257,0.6607,14.6902,12.4866,False,True
6.0,2.0,300.0,22.0,4,13.1321,56.5499,1094.835,19.3605,1204.3185,1.5435,5.1813,8.4543,93.9362,90.0,784.0,4.6365,5.351,11.8752,0.2018,14.6902,12.4866,False,True
6.0,2.0,300.0,22.0,6,13.1321,87.7213,1720.455,19.6127,1892.5005,1.5663,8.2437,13.6631,99.0077,138.0,880.0,6.9548,8.0264,17.8128,0.3027,14.6902,12.4866,False,True
6.0,2.0,300.0,22.0,8,13.1321,118.8927,2346.075,19.7327,2580.6825,1.5771,11.2976,18.8619,101.4079,186.0,976.0,9.273,10.7019,23.7504,0.4036,14.6902,12.4866,False,True
6.0,2.0,300.0,22.0,10,13.1321,150.0641,2971.695,19.8028,3268.8645,1.5833,14.3605,24.0772,102.894,234.0,1072.0,11.5913,13.3774,29.6881,0.5045,14.6902,12.4866,False,True
6.0,2.0,300.0,22.0,12,13.1321,181.2354,3597.315,19.8488,3957.0465,1.5874,17.4177,29.2835,106.8742,274.0,1152.0,13.9095,16.0529,32.6569,0.6054,14.6902,12.4866,False,True
6.0,2.0,300.0,22.0,16,13.1321,243.5782,4848.555,19.9055,5333.4105,1.5929,23.5362,39.7147,107.337,370.0,1344.0,18.546,21.4038,44.5321,0.8072,14.6902,12.4866,False,True
6.0,2.0,300.0,26.0,4,13.1321,89.0349,1284.0133,14.4215,1412.4146,1.5094,5.9694,9.5105,97.0464,98.0,800.0,5.4282,6.1426,14.844,0.2384,14.6902,12.4866,False,True
6.0,2.0,300.0,26.0,6,13.1321,138.7692,2017.7352,14.5402,2219.5087,1.5273,9.4814,15.297,104.7741,146.0,896.0,8.1423,9.2139,20.7816,0.3576,14.6902,12.4866,False,True
6.0,2.0,300.0,26.0,8,13.1321,188.5035,2751.4571,14.5963,3026.6028,1.536,12.9966,21.0964,108.7441,194.0,992.0,10.8564,12.2853,26.7192,0.4768,14.6902,12.4866,False,True
6.0,2.0,300.0,26.0,10,13.1321,238.2377,3485.179,14.629,3833.6969,1.5414,16.5136,26.9054,111.1795,242.0,1088.0,13.5705,15.3566,32.6569,0.596,14.6902,12.4866,False,True
6.0,2.0,300.0,26.0,12,13.1321,287.972,4218.9008,14.6504,4640.7909,1.5444,20.024,32.6929,112.7342,290.0,1184.0,16.2846,18.4279,38.5945,0.7152,14.6902,12.4866,False,True
6.0,2.0,300.0,26.0,16,13.1321,387.4405,5686.3446,14.6767,6254.9791,1.5485,27.05,44.2883,114.7366,386.0,1376.0,21.7127,24.5705,50.4697,0.9536,14.6902,12.4866,False,True
6.0,2.5,300.0,18.0,4,13.1321,44.2576,907.5524,20.5061,998.3076,1.5387,4.2832,6.9658,72.5601,96.0,796.0,4.806,5.6991,14.844,0.2065,15.6533,13.3053,True,True
6.0,2.5,300.0,18.0,6,13.1321,68.4049,1426.1538,20.8487,1568.7691,1.566,6.8332,11.3233,81.7568,138.5,881.0,7.209,8.5486,18.555,0.3097,15.6533,13.3053,True,True
6.0,2.5,300.0,18.0,8,13.1321,92.5521,1944.7551,21.0125,2139.2306,1.5798,9.3789,15.6879,82.7857,189.5,983.0,9.6121,11.3982,25.977,0.413,15.6533,13.3053,True,True
6.0,2.5,300.0,18.0,10,13.1321,116.6993,2463.3565,21.1086,2709.6921,1.5871,11.9208,20.0376,86.369,232.0,1068.0,12.0151,14.2477,29.6881,0.5162,15.6533,13.3053,True,True
6.0,2.5,300.0,18.0,12,13.1321,140.8466,2981.9579,21.1717,3280.1536,1.5924,14.4666,24.4035,86.2315,283.0,1170.0,14.4181,17.0973,37.1101,0.6194,15.6533,13.3053,True,True
6.0,2.5,300.0,18.0,16,13.1321,189.141,4019.1606,21.2495,4421.0766,1.5986,19.5638,33.1374,90.0472,368.0,1340.0,19.2241,22.7964,44.5321,0.8259,15.6533,13.3053,True,True
6.0,2.5,300.0,22.0,4,13.1321,59.8117,1097.6795,18.3522,1207.4475,1.5367,5.1765,8.4068,87.5709,96.0,796.0,5.7956,6.6887,14.844,0.2522,15.6533,13.3053,True,True
6.0,2.5,300.0,22.0,6,13.1321,92.847,1724.925,18.5781,1897.4175,1.5592,8.2372,13.5859,92.4214,147.0,898.0,8.6934,10.033,22.266,0.3784,15.6533,13.3053,True,True
6.0,2.5,300.0,22.0,8,13.1321,125.8822,2352.1704,18.6855,2587.3874,1.5698,11.3007,18.7738,94.8169,198.0,1000.0,11.5913,13.3774,29.6881,0.5045,15.6533,13.3053,True,True
6.0,2.5,300.0,22.0,10,13.1321,158.9175,2979.4158,18.7482,3277.3574,1.5759,14.3507,23.9405,96.1468,249.0,1102.0,14.4891,16.7217,37.1101,0.6306,15.6533,13.3053,True,True
6.0,2.5,300.0,22.0,12,13.1321,191.9528,3606.6613,18.7893,3967.3274,1.5799,17.4063,29.1171,99.8871,291.5,1187.0,17.3869,20.0661,40.8211,0.7567,15.6533,13.3053,True,True
6.0,2.5,300.0,22.0,16,13.1321,258.0233,4861.1522,18.84,5347.2674,1.5853,23.5215,39.4886,100.3521,393.5,1391.0,23.1825,26.7548,55.6651,1.009,15.6533,13.3053,True,True
6.0,2.5,300.0,26.0,4,13.1321,93.9659,1286.3391,13.6894,1414.973,1.5012,5.9476,9.4207,90.1504,104.5,813.0,6.7852,7.6783,18.555,0.298,15.6533,13.3053,True,True
6.0,2.5,300.0,26.0,6,13.1321,146.5178,2021.39,13.7962,2223.529,1.5187,9.4588,15.1695,97.553,155.5,915.0,10.1778,11.5174,25.977,0.447,15.6533,13.3053,True,True
6.0,2.5,300.0,26.0,8,13.1321,199.0697,2756.4409,13.8466,3032.085,1.5273,12.9668,20.9207,101.3111,206.5,1017.0,13.5705,15.3566,33.3991,0.596,15.6533,13.3053,True,True
6.0,2.5,300.0,26.0,10,13.1321,251.6216,3491.4919,13.876,3840.641,1.5326,16.4592,26.6534,103.5085,257.5,1119.0,16.9631,19.1957,40.8211,0.745,15.6533,13.3053,True,True
6.0,2.5,300.0,26.0,12,13.1321,304.1735,4226.5428,13.8952,4649.1971,1.5355,19.9797,32.4211,105.0926,308.5,1221.0,20.3557,23.0349,48.2431,0.894,15.6533,13.3053,True,True
6.0,2.5,300.0,26.0,16,13.1321,409.2773,5696.6446,13.9188,6266.3091,1.5403,26.9901,43.9413,107.0433,410.5,1425.0,27.1409,30.7132,63.0871,1.1921,15.6533,13.3053,True,True
6.0,3.0,300.0,18.0,4,13.1321,46.5929,909.1781,19.5132,1000.0959,1.533,4.2782,6.9301,67.9419,102.0,808.0,5.7672,6.8389,17.8128,0.2478,16.4639,13.9943,True,True
6.0,3.0,300.0,18.0,6,13.1321,72.0745,1428.7084,19.8227,1571.5793,1.5592,6.819,11.2473,76.5121,147.0,898.0,8.6509,10.2584,22.266,0.3717,16.4639,13.9943,True,True
6.0,3.0,300.0,18.0,8,13.1321,97.5561,1948.2388,19.9704,2143.0627,1.5728,9.3702,15.599,77.6069,201.0,1006.0,11.5345,13.6778,31.1725,0.4955,16.4639,13.9943,True,True
6.0,3.0,300.0,18.0,10,13.1321,123.0378,2467.7691,20.057,2714.546,1.5808,11.9096,19.9336,81.031,246.0,1096.0,14.4181,17.0973,35.6257,0.6194,16.4639,13.9943,True,True
6.0,3.0,300.0,18.0,12,13.1321,148.5194,2987.2995,20.1139,3286.0294,1.586,14.4534,24.2768,80.9225,300.0,1204.0,17.3017,20.5167,44.5321,0.7433,16.4639,13.9943,True,True
6.0,3.0,300.0,18.0,16,13.1321,199.4827,4026.3602,20.184,4428.9962,1.5913,19.5264,32.9129,84.3922,390.0,1384.0,23.0689,27.3556,53.4385,0.9911,16.4639,13.9943,True,True
6.0,3.0,300.0,22.0,4,13.1321,62.8558,1099.0678,17.4856,1208.9746,1.5303,5.1653,8.3514,81.8766,102.0,808.0,6.9548,8.0264,17.8128,0.3027,16.4639,13.9943,True,True
6.0,3.0,300.0,22.0,6,13.1321,97.6305,1727.1066,17.6902,1899.8172,1.5525,8.2207,13.4967,86.517,156.0,916.0,10.4321,12.0396,26.7192,0.454,16.4639,13.9943,True,True
6.0,3.0,300.0,22.0,8,13.1321,132.4052,2355.1453,17.7874,2590.6598,1.5629,11.279,18.6505,88.8117,210.0,1024.0,13.9095,16.0529,35.6257,0.6054,16.4639,13.9943,True,True
6.0,3.0,300.0,22.0,10,13.1321,167.18,2983.1841,17.8441,3281.5025,1.569,14.3237,23.7833,90.0883,264.0,1132.0,17.3869,20.0661,44.5321,0.7567,16.4639,13.9943,True,True
6.0,3.0,300.0,22.0,12,13.1321,201.9547,3611.2228,17.8814,3972.3451,1.5729,17.374,28.9259,93.6112,309.0,1222.0,20.8643,24.0793,48.9853,0.9081,16.4639,13.9943,True,True
6.0,3.0,300.0,22.0,16,13.1321,271.5041,4867.3003,17.9272,5354.0303,1.5782,23.4787,39.2293,94.0749,417.0,1438.0,27.819,32.1057,66.7981,1.2108,16.4639,13.9943,True,True
6.0,3.0,300.0,26.0,4,13.1321,98.664,1288.1834,13.0563,1417.0018,1.4928,5.9249,9.3289,84.0443,111.0,826.0,8.1423,9.2139,22.266,0.3576,16.4639,13.9943,True,True
6.0,3.0,300.0,26.0,6,13.1321,153.9006,2024.2882,13.1532,2226.7171,1.5108,9.4241,15.0292,91.086,165.0,934.0,12.2134,13.8209,31.1725,0.5364,16.4639,13.9943,True,True
6.0,3.0,300.0,26.0,8,13.1321,209.1371,2760.3931,13.199,3036.4324,1.5192,12.9202,20.7276,94.6464,219.0,1042.0,16.2846,18.4279,40.0789,0.7152,16.4639,13.9943,True,True
6.0,3.0,300.0,26.0,10,13.1321,264.3737,3496.4979,13.2256,3846.1477,1.5244,16.4188,26.4364,96.8365,273.0,1150.0,20.3557,23.0349,48.9853,0.894,16.4639,13.9943,True,True
6.0,3.0,300.0,26.0,12,13.1321,319.6103,4232.6027,13.243,4655.863,1.5273,19.9095,32.1221,98.2327,327.0,1258.0,24.4268,27.6418,57.8917,1.0729,16.4639,13.9943,True,True
6.0,3.0,300.0,26.0,16,13.1321,430.0834,5704.8123,13.2644,6275.2936,1.5312,26.8974,43.5154,100.0355,435.0,1474.0,32.5691,36.8558,75.7045,1.4305,16.4639,13.9943,True,True
6.0,4.0,300.0,18.0,4,13.1321,52.4069,912.0306,17.4029,1003.2337,1.5182,4.2562,6.8231,59.852,114.0,832.0,7.6896,9.1185,23.7504,0.3304,17.7829,15.1155,True,True
6.0,4.0,300.0,18.0,6,13.1321,81.2108,1433.1909,17.6478,1576.51,1.5443,6.7937,11.091,67.628,164.0,932.0,11.5345,13.6778,29.6881,0.4955,17.7829,15.1155,True,True
6.0,4.0,300.0,18.0,8,13.1321,110.0147,1954.3513,17.7645,2149.7864,1.5574,9.3274,15.3659,68.5979,224.0,1052.0,15.3793,18.2371,41.5633,0.6607,17.7829,15.1155,True,True
6.0,4.0,300.0,18.0,10,13.1321,138.8186,2475.5116,17.8327,2723.0628,1.5644,11.8578,19.6274,71.6327,274.0,1152.0,19.2241,22.7964,47.5009,0.8259,17.7829,15.1155,True,True
6.0,4.0,300.0,18.0,12,13.1321,167.6225,2996.672,17.8775,3296.3392,1.5694,14.3918,23.9038,71.5683,334.0,1272.0,23.0689,27.3556,59.3761,0.9911,17.7829,15.1155,True,True
6.0,4.0,300.0,18.0,16,13.1321,225.2303,4038.9926,17.9327,4442.8919,1.5761,19.4641,32.4746,74.8262,434.0,1472.0,30.7586,36.4742,71.2513,1.3214,17.7829,15.1155,True,True
6.0,4.0,300.0,22.0,4,13.1321,70.5996,1101.8356,15.6068,1212.0192,1.5142,5.1344,8.208,72.0,114.0,832.0,9.273,10.7019,23.7504,0.4036,17.7829,15.1155,True,True
6.0,4.0,300.0,22.0,6,13.1321,109.7994,1731.456,15.7693,1904.6016,1.5349,8.1666,13.2456,76.124,174.0,952.0,13.9095,16.0529,35.6257,0.6054,17.7829,15.1155,True,True
6.0,4.0,300.0,22.0,8,13.1321,148.9992,2361.0764,15.8462,2597.184,1.5457,11.2063,18.3127,78.2595,234.0,1072.0,18.546,21.4038,47.5009,0.8072,17.7829,15.1155,True,True
6.0,4.0,300.0,22.0,10,13.1321,188.1989,2990.6967,15.8911,3289.7664,1.5515,14.2475,23.3767,79.5125,294.0,1192.0,23.1825,26.7548,59.3761,1.009,17.7829,15.1155,True,True
6.0,4.0,300.0,22.0,12,13.1321,227.3987,3620.3171,15.9206,3982.3488,1.5561,17.2823,28.4458,82.6912,344.0,1292.0,27.819,32.1057,65.3137,1.2108,17.7829,15.1155,True,True
6.0,4.0,300.0,22.0,16,13.1321,305.7983,4879.5578,15.9568,5367.5136,1.5605,23.3574,38.5588,83.1009,464.0,1532.0,37.092,42.8076,89.0642,1.6144,17.7829,15.1155,True,True
6.0,4.0,300.0,26.0,4,13.1321,109.824,1290.6454,11.7519,1419.71,1.474,5.8624,9.106,73.4353,124.0,852.0,10.8564,12.2853,29.6881,0.4768,17.7829,15.1155,True,True
6.0,4.0,300.0,26.0,6,13.1321,171.4377,2028.1571,11.8303,2230.9728,1.4913,9.3295,14.6728,79.7435,184.0,972.0,16.2846,18.4279,41.5633,0.7152,17.7829,15.1155,True,True
6.0,4.0,300.0,26.0,8,13.1321,233.0514,2765.6688,11.8672,3042.2357,1.4994,12.7934,20.2376,82.941,244.0,1092.0,21.7127,24.5705,53.4385,0.9536,17.7829,15.1155,True,True
6.0,4.0,300.0,26.0,10,13.1321,294.665,3503.1805,11.8887,3853.4985,1.5043,16.2595,25.8118,84.9073,304.0,1212.0,27.1409,30.7132,65.3137,1.1921,17.7829,15.1155,True,True
6.0,4.0,300.0,26.0,12,13.1321,356.2787,4240.6921,11.9027,4664.7614,1.5071,19.7184,31.3649,86.1674,364.0,1332.0,32.5691,36.8558,77.1889,1.4305,17.7829,15.1155,True,True
6.0,4.0,300.0,26.0,16,13.1321,479.5061,5715.7155,11.92,6287.287,1.5109,26.642,42.491,87.7913,484.0,1572.0,43.4255,49.1411,100.9394,1.9073,17.7829,15.1155,True,True
8.0,1.5,300.0,18.0,4,16.9071,47.0458,687.538,14.6142,756.2918,1.4738,5.1618,8.0166,75.6287,106.0,824.0,2.8836,3.4195,8.9064,0.1239,15.4581,13.1394,False,True
8.0,1.5,300.0,18.0,6,16.9071,72.7863,1080.4169,14.8437,1188.4586,1.5056,8.2977,13.1843,85.8915,153.5,919.0,4.3254,5.1292,11.133,0.1858,15.4581,13.1394,False,True
8.0,1.5,300.0,18.0,8,16.9071,98.5267,1473.2958,14.9533,1620.6254,1.5209,11.4267,18.3527,87.1861,210.5,1033.0,5.7672,6.8389,15.5862,0.2478,15.4581,13.1394,False,True
8.0,1.5,300.0,18.0,10,16.9071,124.2672,1866.1747,15.0174,2052.7922,1.5304,14.5586,23.5396,91.2388,258.0,1128.0,7.209,8.5486,17.8128,0.3097,15.4581,13.1394,False,True
8.0,1.5,300.0,18.0,12,16.9071,150.0077,2259.0536,15.0596,2484.9589,1.5364,17.6961,28.7332,91.2164,315.0,1242.0,8.6509,10.2584,22.266,0.3717,15.4581,13.1394,False,True
8.0,1.5,300.0,18.0,16,16.9071,201.4886,3044.8113,15.1116,3349.2925,1.5445,23.9486,39.1023,93.2117,419.5,1451.0,11.5345,13.6778,28.9458,0.4955,15.4581,13.1394,False,True
8.0,1.5,300.0,22.0,4,16.9071,62.7003,830.9457,13.2527,914.0403,1.4722,6.2378,9.676,83.7751,115.5,843.0,3.4774,4.0132,11.133,0.1513,15.4581,13.1394,False,True
8.0,1.5,300.0,22.0,6,16.9071,97.3861,1305.7719,13.4082,1436.349,1.4978,9.9865,15.7801,96.8102,163.0,938.0,5.2161,6.0198,13.3596,0.227,15.4581,13.1394,False,True
8.0,1.5,300.0,22.0,8,16.9071,132.072,1780.598,13.482,1958.6578,1.5107,13.7357,21.904,99.5634,220.0,1052.0,6.9548,8.0264,17.8128,0.3027,15.4581,13.1394,False,True
8.0,1.5,300.0,22.0,10,16.9071,166.7579,2255.4241,13.5251,2480.9665,1.518,17.4787,28.0159,101.1404,277.0,1166.0,8.6934,10.033,22.266,0.3784,15.4581,13.1394,False,True
8.0,1.5,300.0,22.0,12,16.9071,201.4437,2730.2502,13.5534,3003.2753,1.5232,21.2282,34.1513,105.2427,324.5,1261.0,10.4321,12.0396,24.4926,0.454,15.4581,13.1394,False,True
8.0,1.5,300.0,22.0,16,16.9071,270.8155,3679.9025,13.5882,4047.8928,1.5293,28.7327,46.4219,105.8652,438.5,1489.0,13.9095,16.0529,33.3991,0.6054,15.4581,13.1394,False,True
8.0,1.5,300.0,26.0,4,16.9071,95.6003,972.1085,10.1685,1069.3193,1.4336,7.0917,10.6924,92.5747,115.5,843.0,4.0711,4.607,11.133,0.1788,15.4581,13.1394,False,True
8.0,1.5,300.0,26.0,6,16.9071,149.0862,1527.599,10.2464,1680.3589,1.4539,11.3414,17.3592,100.6331,172.5,957.0,6.1067,6.9105,15.5862,0.2682,15.4581,13.1394,False,True
8.0,1.5,300.0,26.0,8,16.9071,202.572,2083.0896,10.2832,2291.3986,1.4641,15.585,24.0337,104.722,229.5,1071.0,8.1423,9.2139,20.0394,0.3576,15.4581,13.1394,False,True
8.0,1.5,300.0,26.0,10,16.9071,256.0579,2638.5802,10.3046,2902.4382,1.4701,19.8436,30.7341,107.2744,286.5,1185.0,10.1778,11.5174,24.4926,0.447,15.4581,13.1394,False,True
8.0,1.5,300.0,26.0,12,16.9071,309.5438,3194.0707,10.3186,3513.4778,1.4739,24.0926,37.4208,108.9397,343.5,1299.0,12.2134,13.8209,28.9458,0.5364,15.4581,13.1394,False,True
8.0,1.5,300.0,26.0,16,16.9071,416.5155,4305.0518,10.3359,4735.557,1.4791,32.5975,50.8191,111.08,457.5,1527.0,16.2846,18.4279,37.8523,0.7152,15.4581,13.1394,False,True
8.0,2.0,300.0,18.0,4,16.9071,49.4392,690.6517,13.9697,759.7169,1.4673,5.1615,7.9783,71.2347,112.0,836.0,3.8448,4.5593,11.8752,0.1652,16.7947,14.2755,False,True
8.0,2.0,300.0,18.0,6,16.9071,76.5473,1085.3098,14.1783,1193.8408,1.4985,8.2991,13.1199,80.9871,162.0,936.0,5.7672,6.8389,14.844,0.2478,16.7947,14.2755,False,True
8.0,2.0,300.0,18.0,8,16.9071,103.6554,1479.9679,14.2778,1627.9647,1.5134,11.4297,18.2619,82.2608,222.0,1056.0,7.6896,9.1185,20.7816,0.3304,16.7947,14.2755,False,True
8.0,2.0,300.0,18.0,10,16.9071,130.7635,1874.626,14.336,2062.0886,1.5228,14.5633,23.4224,86.1117,272.0,1156.0,9.6121,11.3982,23.7504,0.413,16.7947,14.2755,False,True
8.0,2.0,300.0,18.0,12,16.9071,157.8716,2269.2841,14.3742,2496.2125,1.5287,17.7017,28.5881,86.1086,332.0,1276.0,11.5345,13.6778,29.6881,0.4955,16.7947,14.2755,False,True
8.0,2.0,300.0,18.0,16,16.9071,212.0878,3058.6004,14.4214,3364.4604,1.5366,23.9586,38.9055,88.0215,442.0,1496.0,15.3793,18.2371,38.5945,0.6607,16.7947,14.2755,False,True
8.0,2.0,300.0,22.0,4,16.9071,65.9439,833.1089,12.6336,916.4197,1.464,6.2176,9.5874,78.5856,122.0,856.0,4.6365,5.351,14.844,0.2018,16.7947,14.2755,False,True
8.0,2.0,300.0,22.0,6,16.9071,102.4833,1309.1711,12.7745,1440.0882,1.4898,9.9677,15.6606,91.0499,172.0,956.0,6.9548,8.0264,17.8128,0.3027,16.7947,14.2755,False,True
8.0,2.0,300.0,22.0,8,16.9071,139.0227,1785.2333,12.8413,1963.7566,1.5025,13.7117,21.7384,93.7001,232.0,1076.0,9.273,10.7019,23.7504,0.4036,16.7947,14.2755,False,True
8.0,2.0,300.0,22.0,10,16.9071,175.5621,2261.2955,12.8803,2487.425,1.5096,17.4495,27.8044,95.2206,292.0,1196.0,11.5913,13.3774,29.6881,0.5045,16.7947,14.2755,False,True
8.0,2.0,300.0,22.0,12,16.9071,212.1015,2737.3577,12.9059,3011.0935,1.5147,21.1937,33.8933,99.1034,342.0,1296.0,13.9095,16.0529,32.6569,0.6054,16.7947,14.2755,False,True
8.0,2.0,300.0,22.0,16,16.9071,285.1802,3689.4821,12.9374,4058.4303,1.5207,28.6571,46.0225,99.6158,462.0,1536.0,18.546,21.4038,44.5321,0.8072,16.7947,14.2755,False,True
8.0,2.0,300.0,26.0,4,16.9071,100.3492,974.9863,9.7159,1072.4849,1.4245,7.0538,10.5622,86.5752,122.0,856.0,5.4282,6.1426,14.844,0.2384,16.7947,14.2755,False,True
8.0,2.0,300.0,26.0,6,16.9071,156.5488,1532.1213,9.7869,1685.3334,1.4449,11.297,17.1766,94.3768,182.0,976.0,8.1423,9.2139,20.7816,0.3576,16.7947,14.2755,False,True
8.0,2.0,300.0,26.0,8,16.9071,212.7483,2089.2563,9.8203,2298.1819,1.4542,15.5262,23.7705,98.2251,242.0,1096.0,10.8564,12.2853,26.7192,0.4768,16.7947,14.2755,False,True
8.0,2.0,300.0,26.0,10,16.9071,268.9479,2646.3913,9.8398,2911.0304,1.4607,19.7705,30.4124,100.7032,302.0,1216.0,13.5705,15.3566,32.6569,0.596,16.7947,14.2755,False,True
8.0,2.0,300.0,26.0,12,16.9071,325.1474,3203.5263,9.8525,3523.8789,1.4645,24.0048,37.0289,102.2899,362.0,1336.0,16.2846,18.4279,38.5945,0.7152,16.7947,14.2755,False,True
8.0,2.0,300.0,26.0,16,16.9071,437.5465,4317.7963,9.8682,4749.5759,1.4689,32.4821,50.2653,104.2848,482.0,1576.0,21.7127,24.5705,50.4697,0.9536,16.7947,14.2755,False,True
8.0,2.5,300.0,18.0,4,16.9071,51.777,693.201,13.3882,762.5211,1.4609,5.1567,7.9335,67.2331,118.0,848.0,4.806,5.6991,14.844,0.2065,17.9151,15.2278,False,True
8.0,2.5,300.0,18.0,6,16.9071,80.2211,1089.3158,13.5789,1198.2474,1.4915,8.2932,13.0456,76.5139,170.5,953.0,7.209,8.5486,18.555,0.3097,17.9151,15.2278,False,True
8.0,2.5,300.0,18.0,8,16.9071,108.6651,1485.4307,13.6698,1633.9737,1.5062,11.4228,18.1578,77.7634,233.5,1079.0,9.6121,11.3982,25.977,0.413,17.9151,15.2278,False,True
8.0,2.5,300.0,18.0,10,16.9071,137.1091,1881.5455,13.723,2069.7001,1.5154,14.5556,23.2885,81.4284,286.0,1184.0,12.0151,14.2477,29.6881,0.5162,17.9151,15.2278,False,True
8.0,2.5,300.0,18.0,12,16.9071,165.5531,2277.6604,13.7579,2505.4264,1.5219,17.6929,28.4383,81.4851,349.0,1310.0,14.4181,17.0973,37.1101,0.6194,17.9151,15.2278,False,True
8.0,2.5,300.0,18.0,16,16.9071,222.4411,3069.89,13.8009,3376.879,1.5289,23.9483,38.6819,83.2765,464.5,1541.0,19.2241,22.7964,48.2431,0.8259,17.9151,15.2278,False,True
8.0,2.5,300.0,22.0,4,16.9071,68.9954,835.7967,12.1138,919.3764,1.4568,6.2048,9.5172,74.0636,128.5,869.0,5.7956,6.6887,18.555,0.2522,17.9151,15.2278,False,True
8.0,2.5,300.0,22.0,6,16.9071,107.2785,1313.3948,12.2429,1444.7343,1.4828,9.9491,15.5525,85.9254,181.0,974.0,8.6934,10.033,22.266,0.3784,17.9151,15.2278,False,True
8.0,2.5,300.0,22.0,8,16.9071,145.5616,1790.9929,12.304,1970.0922,1.4952,13.6875,21.5881,88.4757,244.0,1100.0,11.5913,13.3774,29.6881,0.5045,17.9151,15.2278,False,True
8.0,2.5,300.0,22.0,10,16.9071,183.8447,2268.591,12.3397,2495.4501,1.5022,17.42,27.6123,89.9423,307.0,1226.0,14.4891,16.7217,37.1101,0.6306,17.9151,15.2278,False,True
8.0,2.5,300.0,22.0,12,16.9071,222.1277,2746.1891,12.3631,3020.808,1.5073,21.1583,33.6584,93.6255,359.5,1331.0,17.3869,20.0661,40.8211,0.7567,17.9151,15.2278,False,True
8.0,2.5,300.0,22.0,16,16.9071,298.6939,3701.3853,12.3919,4071.5239,1.5124,28.6123,45.6826,94.094,485.5,1583.0,23.1825,26.7548,55.6651,1.009,17.9151,15.2278,False,True
8.0,2.5,300.0,26.0,4,16.9071,104.8392,977.2982,9.3219,1075.028,1.4159,7.0217,10.4467,81.2975,128.5,869.0,6.7852,7.6783,18.555,0.298,17.9151,15.2278,False,True
8.0,2.5,300.0,26.0,6,16.9071,163.6045,1535.7543,9.387,1689.3297,1.436,11.2367,16.9717,88.6249,191.5,995.0,10.1778,11.5174,25.977,0.447,17.9151,15.2278,False,True
8.0,2.5,300.0,26.0,8,16.9071,222.3698,2094.2104,9.4177,2303.6314,1.4458,15.4629,23.5253,92.4373,254.5,1121.0,13.5705,15.3566,33.3991,0.596,17.9151,15.2278,False,True
8.0,2.5,300.0,26.0,10,16.9071,281.1351,2652.6665,9.4356,2917.9332,1.4514,19.6692,30.0512,94.6493,317.5,1247.0,16.9631,19.1957,40.8211,0.745,17.9151,15.2278,False,True
8.0,2.5,300.0,26.0,12,16.9071,339.9004,3211.1226,9.4472,3532.2349,1.4552,23.8836,36.5904,96.1641,380.5,1373.0,20.3557,23.0349,48.2431,0.894,17.9151,15.2278,False,True
8.0,2.5,300.0,26.0,16,16.9071,457.431,4328.0348,9.4616,4760.8383,1.4594,32.3205,49.6712,98.0676,506.5,1625.0,27.1409,30.7132,63.0871,1.1921,17.9151,15.2278,False,True
8.0,3.0,300.0,18.0,4,16.9071,54.0021,694.9774,12.8694,764.4751,1.4547,5.1461,7.8813,63.5588,124.0,860.0,5.7672,6.8389,17.8128,0.2478,18.9744,16.1282,False,True
8.0,3.0,300.0,18.0,6,16.9071,83.7176,1092.1073,13.0451,1201.3181,1.4849,8.2784,12.96,72.4025,179.0,970.0,8.6509,10.2584,22.266,0.3717,18.9744,16.1282,False,True
8.0,3.0,300.0,18.0,8,16.9071,113.4331,1489.2373,13.1288,1638.161,1.5,11.4159,18.0667,73.7416,245.0,1102.0,11.5345,13.6778,31.1725,0.4955,18.9744,16.1282,False,True
8.0,3.0,300.0,18.0,10,16.9071,143.1486,1886.3672,13.1777,2075.0039,1.509,14.532,23.1464,77.1548,300.0,1212.0,14.4181,17.0973,35.6257,0.6194,18.9744,16.1282,False,True
8.0,3.0,300.0,18.0,12,16.9071,172.8641,2283.4971,13.2098,2511.8469,1.5147,17.6657,28.2517,77.1904,366.0,1344.0,17.3017,20.5167,44.5321,0.7433,18.9744,16.1282,False,True
8.0,3.0,300.0,18.0,16,16.9071,232.295,3077.757,13.2493,3385.5327,1.5216,23.9128,38.4279,78.9074,487.0,1586.0,23.0689,27.3556,57.8917,0.9911,18.9744,16.1282,False,True
8.0,3.0,300.0,22.0,4,16.9071,71.8243,837.412,11.6592,921.1532,1.4506,6.1846,9.4433,69.9501,135.0,882.0,6.9548,8.0264,22.266,0.3027,18.9744,16.1282,False,True
8.0,3.0,300.0,22.0,6,16.9071,111.724,1315.9331,11.7784,1447.5265,1.4756,9.9198,15.4261,81.1898,190.0,992.0,10.4321,12.0396,26.7192,0.454,18.9744,16.1282,False,True
8.0,3.0,300.0,22.0,8,16.9071,151.6236,1794.4543,11.8349,1973.8997,1.4878,13.6488,21.4131,83.645,256.0,1124.0,13.9095,16.0529,35.6257,0.6054,18.9744,16.1282,False,True
8.0,3.0,300.0,22.0,10,16.9071,191.5232,2272.9754,11.8679,2500.273,1.4947,17.372,27.3888,85.0585,322.0,1256.0,17.3869,20.0661,44.5321,0.7567,18.9744,16.1282,False,True
8.0,3.0,300.0,22.0,12,16.9071,231.4228,2751.4966,11.8895,3026.6462,1.4997,21.1011,33.3863,88.5578,377.0,1366.0,20.8643,24.0793,48.9853,0.9081,18.9744,16.1282,False,True
8.0,3.0,300.0,22.0,16,16.9071,311.2221,3708.5389,11.9161,4079.3928,1.5054,28.5662,45.3838,89.1626,509.0,1630.0,27.819,32.1057,66.7981,1.2108,18.9744,16.1282,False,True
8.0,3.0,300.0,26.0,4,16.9071,109.0771,979.0552,8.9758,1076.9607,1.4086,6.9829,10.3312,76.5276,135.0,882.0,8.1423,9.2139,22.266,0.3576,18.9744,16.1282,False,True
8.0,3.0,300.0,26.0,6,16.9071,170.2641,1538.5153,9.0361,1692.3669,1.4277,11.1856,16.79,83.5322,201.0,1014.0,12.2134,13.8209,31.1725,0.5364,18.9744,16.1282,False,True
8.0,3.0,300.0,26.0,8,16.9071,231.451,2097.9755,9.0644,2307.773,1.4373,15.3949,23.2748,87.1715,267.0,1146.0,16.2846,18.4279,40.0789,0.7152,18.9744,16.1282,False,True
8.0,3.0,300.0,26.0,10,16.9071,292.6379,2657.4356,9.081,2923.1791,1.4429,19.5851,29.7331,89.2887,333.0,1278.0,20.3557,23.0349,48.9853,0.894,18.9744,16.1282,False,True
8.0,3.0,300.0,26.0,12,16.9071,353.8249,3216.8957,9.0918,3538.5853,1.4465,23.7827,36.2038,90.7364,399.0,1410.0,24.4268,27.6418,57.8917,1.0729,18.9744,16.1282,False,True
8.0,3.0,300.0,26.0,16,16.9071,476.1988,4335.8159,9.1051,4769.3975,1.4507,32.1857,49.1472,92.5559,531.0,1674.0,32.5691,36.8558,75.7045,1.4305,18.9744,16.1282,False,True
8.0,4.0,300.0,18.0,4,16.9071,58.3992,697.6523,11.9463,767.4176,1.4424,5.1169,7.7658,57.1013,136.0,884.0,7.6896,9.1185,23.7504,0.3304,20.6379,17.5422,True,True
8.0,4.0,300.0,18.0,6,16.9071,90.6272,1096.3108,12.0969,1205.9419,1.4717,8.2365,12.7722,65.1641,196.0,1004.0,11.5345,13.6778,29.6881,0.4955,20.6379,17.5422,True,True
8.0,4.0,300.0,18.0,8,16.9071,122.8553,1494.9693,12.1685,1644.4662,1.4864,11.3611,17.8054,66.438,268.0,1148.0,15.3793,18.2371,41.5633,0.6607,20.6379,17.5422,True,True
8.0,4.0,300.0,18.0,10,16.9071,155.0834,1893.6278,12.2104,2082.9905,1.4951,14.48,22.8367,69.624,328.0,1268.0,19.2241,22.7964,47.5009,0.8259,20.6379,17.5422,True,True
8.0,4.0,300.0,18.0,12,16.9071,187.3115,2292.2862,12.2378,2521.5149,1.5007,17.5852,27.8438,69.6094,400.0,1412.0,23.0689,27.3556,59.3761,0.9911,20.6379,17.5422,True,True
8.0,4.0,300.0,18.0,16,16.9071,251.7677,3089.6032,12.2716,3398.5635,1.5073,23.8061,37.8726,71.1891,532.0,1676.0,30.7586,36.4742,77.1889,1.3214,20.6379,17.5422,True,True
8.0,4.0,300.0,22.0,4,16.9071,77.7441,840.8535,10.8157,924.9388,1.4373,6.1484,9.2955,62.8074,148.0,908.0,9.273,10.7019,29.6881,0.4036,20.6379,17.5422,True,True
8.0,4.0,300.0,22.0,6,16.9071,121.0264,1321.3412,10.9178,1453.4753,1.4615,9.8671,15.1869,73.0141,208.0,1028.0,13.9095,16.0529,35.6257,0.6054,20.6379,17.5422,True,True
8.0,4.0,300.0,22.0,8,16.9071,164.3087,1801.8289,10.9661,1982.0117,1.4726,13.5652,21.0496,75.1773,280.0,1172.0,18.546,21.4038,47.5009,0.8072,20.6379,17.5422,True,True
8.0,4.0,300.0,22.0,10,16.9071,207.5911,2282.3166,10.9943,2510.5482,1.4806,17.286,26.9786,76.6439,352.0,1316.0,23.1825,26.7548,59.3761,1.009,20.6379,17.5422,True,True
8.0,4.0,300.0,22.0,12,16.9071,250.8734,2762.8043,11.0127,3039.0847,1.4847,20.9764,32.8361,79.6992,412.0,1436.0,27.819,32.1057,65.3137,1.2108,20.6379,17.5422,True,True
8.0,4.0,300.0,22.0,16,16.9071,337.4381,3723.7796,11.0354,4096.1576,1.4903,28.4004,44.6361,80.2807,556.0,1724.0,37.092,42.8076,89.0642,1.6144,20.6379,17.5422,True,True
8.0,4.0,300.0,26.0,4,16.9071,117.3611,982.1167,8.3683,1080.3283,1.3935,6.9098,10.1053,68.2791,148.0,908.0,10.8564,12.2853,29.6881,0.4768,20.6379,17.5422,True,True
8.0,4.0,300.0,26.0,6,16.9071,183.2817,1543.3262,8.4205,1697.6588,1.4119,11.0657,16.4132,74.6055,220.0,1052.0,16.2846,18.4279,41.5633,0.7152,20.6379,17.5422,True,True
8.0,4.0,300.0,26.0,8,16.9071,249.2023,2104.5357,8.4451,2314.9893,1.4212,15.2346,22.7556,77.9301,292.0,1196.0,21.7127,24.5705,53.4385,0.9536,20.6379,17.5422,True,True
8.0,4.0,300.0,26.0,10,16.9071,315.123,2665.7452,8.4594,2932.3198,1.4266,19.3845,29.0719,79.8679,364.0,1340.0,27.1409,30.7132,65.3137,1.1921,20.6379,17.5422,True,True
8.0,4.0,300.0,26.0,12,16.9071,381.0436,3226.9548,8.4687,3549.6502,1.4301,23.5418,35.4004,81.1935,436.0,1484.0,32.5691,36.8558,77.1889,1.4305,20.6379,17.5422,True,True
8.0,4.0,300.0,26.0,16,16.9071,512.8848,4349.3738,8.4802,4784.3112,1.4347,31.8628,48.0797,82.896,580.0,1772.0,43.4255,49.1411,100.9394,1.9073,20.6379,17.5422,True,True
10.0,1.5,300.0,18.0,4,20.62,53.7328,558.6699,10.3972,614.5369,1.4011,5.871,8.6363,67.4711,128.0,876.0,2.8836,3.4195,8.9064,0.1239,17.1594,14.5855,False,True
10.0,1.5,300.0,18.0,6,20.62,83.2943,877.9098,10.5399,965.7008,1.4347,9.53,14.3803,77.5216,185.5,991.0,4.3254,5.1292,11.133,0.1858,17.1594,14.5855,False,True
10.0,1.5,300.0,18.0,8,20.62,112.8559,1197.1498,10.6078,1316.8648,1.4516,13.1804,20.1392,79.1322,254.5,1129.0,5.7672,6.8389,15.5862,0.2478,17.1594,14.5855,False,True
10.0,1.5,300.0,18.0,10,20.62,142.4175,1516.3897,10.6475,1668.0287,1.4618,16.8444,25.9317,83.1146,312.0,1244.0,7.209,8.5486,17.8128,0.3097,17.1594,14.5855,False,True
10.0,1.5,300.0,18.0,12,20.62,171.9791,1835.6297,10.6736,2019.1926,1.4681,20.4918,31.6927,83.1828,381.0,1382.0,8.6509,10.2584,22.266,0.3717,17.1594,14.5855,False,True
10.0,1.5,300.0,18.0,16,20.62,231.1022,2474.1096,10.7057,2721.5205,1.4765,27.7983,43.2583,85.2379,507.5,1635.0,11.5345,13.6778,28.9458,0.4955,17.1594,14.5855,False,True
10.0,1.5,300.0,22.0,4,20.62,70.7368,673.6724,9.5236,741.0396,1.3987,7.0726,10.3852,74.4458,139.5,899.0,3.4774,4.0132,11.133,0.1513,17.1594,14.5855,False,True
10.0,1.5,300.0,22.0,6,20.62,110.0149,1058.628,9.6226,1164.4908,1.4268,11.4261,17.1397,87.0035,197.0,1014.0,5.2161,6.0198,13.3596,0.227,17.1594,14.5855,False,True
10.0,1.5,300.0,22.0,8,20.62,149.2931,1443.5836,9.6695,1587.942,1.4403,15.7717,23.8974,89.8399,266.0,1152.0,6.9548,8.0264,17.8128,0.3027,17.1594,14.5855,False,True
10.0,1.5,300.0,22.0,10,20.62,188.5713,1828.5393,9.6968,2011.3932,1.4486,20.1224,30.6799,91.5817,335.0,1290.0,8.6934,10.033,22.266,0.3784,17.1594,14.5855,False,True
10.0,1.5,300.0,22.0,12,20.62,227.8494,2213.4949,9.7147,2434.8444,1.4533,24.453,37.4115,95.3159,392.5,1405.0,10.4321,12.0396,24.4926,0.454,17.1594,14.5855,False,True
10.0,1.5,300.0,22.0,16,20.62,306.4058,2983.4061,9.7368,3281.7468,1.4603,33.1663,51.005,96.1451,530.5,1681.0,13.9095,16.0529,33.3991,0.6054,17.1594,14.5855,False,True
10.0,1.5,300.0,26.0,4,20.62,104.7829,786.5996,7.5069,865.2595,1.3574,7.9122,11.2487,80.6357,139.5,899.0,4.0711,4.607,11.133,0.1788,17.1594,14.5855,False,True
10.0,1.5,300.0,26.0,6,20.62,163.5159,1236.0851,7.5594,1359.6936,1.3792,12.7609,18.4567,88.5216,208.5,1037.0,6.1067,6.9105,15.5862,0.2682,17.1594,14.5855,False,True
10.0,1.5,300.0,26.0,8,20.62,222.249,1685.5705,7.5842,1854.1276,1.3896,17.5996,25.661,92.4721,277.5,1175.0,8.1423,9.2139,20.0394,0.3576,17.1594,14.5855,False,True
10.0,1.5,300.0,26.0,10,20.62,280.9821,2135.056,7.5985,2348.5616,1.3963,22.4405,32.8891,94.9181,346.5,1313.0,10.1778,11.5174,24.4926,0.447,17.1594,14.5855,False,True
10.0,1.5,300.0,26.0,12,20.62,339.7152,2584.5415,7.608,2842.9957,1.4001,27.291,40.1166,96.5502,415.5,1451.0,12.2134,13.8209,28.9458,0.5364,17.1594,14.5855,False,True
10.0,1.5,300.0,26.0,16,20.62,457.1813,3483.5125,7.6195,3831.8637,1.4053,37.0023,54.6069,98.6574,553.5,1727.0,16.2846,18.4279,37.8523,0.7152,17.1594,14.5855,False,True
10.0,2.0,300.0,18.0,4,20.62,56.0281,561.7828,10.0268,617.9611,1.3947,5.8676,8.589,64.097,134.0,888.0,3.8448,4.5593,11.8752,0.1652,18.6643,15.8647,False,True
10.0,2.0,300.0,18.0,6,20.62,86.9012,882.8015,10.1587,971.0817,1.4282,9.5306,14.3114,73.7703,194.0,1008.0,5.7672,6.8389,14.844,0.2478,18.6643,15.8647,False,True
10.0,2.0,300.0,18.0,8,20.62,117.7744,1203.8203,10.2214,1324.2023,1.4447,13.1918,20.0551,75.395,266.0,1152.0,7.6896,9.1185,20.7816,0.3304,18.6643,15.8647,False,True
10.0,2.0,300.0,18.0,10,20.62,148.6476,1524.839,10.2581,1677.3229,1.4541,16.8417,25.7819,79.0855,326.0,1272.0,9.6121,11.3982,23.7504,0.413,18.6643,15.8647,False,True
10.0,2.0,300.0,18.0,12,20.62,179.5208,1845.8577,10.2821,2030.4435,1.4609,20.5122,31.5583,79.2922,398.0,1416.0,11.5345,13.6778,29.6881,0.4955,18.6643,15.8647,False,True
10.0,2.0,300.0,18.0,16,20.62,241.2671,2487.8952,10.3118,2736.6847,1.4692,27.7966,43.0252,81.1796,530.0,1680.0,15.3793,18.2371,38.5945,0.6607,18.6643,15.8647,False,True
10.0,2.0,300.0,22.0,4,20.62,73.7932,675.7546,9.1574,743.3301,1.3911,7.0378,10.2736,70.3673,146.0,912.0,4.6365,5.351,14.844,0.2018,18.6643,15.8647,False,True
10.0,2.0,300.0,22.0,6,20.62,114.8178,1061.9001,9.2486,1168.0901,1.4181,11.3735,16.9486,82.2746,206.0,1032.0,6.9548,8.0264,17.8128,0.3027,18.6643,15.8647,False,True
10.0,2.0,300.0,22.0,8,20.62,155.8425,1448.0456,9.2917,1592.8501,1.4318,15.7028,23.6435,85.0485,278.0,1176.0,9.273,10.7019,23.7504,0.4036,18.6643,15.8647,False,True
10.0,2.0,300.0,22.0,10,20.62,196.8672,1834.191,9.3169,2017.6101,1.4394,20.0365,30.3402,86.6863,350.0,1320.0,11.5913,13.3774,29.6881,0.5045,18.6643,15.8647,False,True
10.0,2.0,300.0,22.0,12,20.62,237.8919,2220.3365,9.3334,2442.3702,1.4452,24.3781,37.0742,87.8537,422.0,1464.0,13.9095,16.0529,35.6257,0.6054,18.6643,15.8647,False,True
10.0,2.0,300.0,22.0,16,20.62,319.9412,2992.6275,9.3537,3291.8902,1.4515,33.0308,50.4662,91.0942,554.0,1728.0,18.546,21.4038,44.5321,0.8072,18.6643,15.8647,False,True
10.0,2.0,300.0,26.0,4,20.62,109.1316,789.2518,7.2321,868.177,1.349,7.855,11.0932,75.9805,146.0,912.0,5.4282,6.1426,14.844,0.2384,18.6643,15.8647,False,True
10.0,2.0,300.0,26.0,6,20.62,170.3496,1240.2529,7.2806,1364.2782,1.3704,12.6741,18.2047,83.5078,218.0,1056.0,8.1423,9.2139,20.7816,0.3576,18.6643,15.8647,False,True
10.0,2.0,300.0,26.0,8,20.62,231.5677,1691.2539,7.3035,1860.3793,1.3805,17.4956,25.3302,87.3455,290.0,1200.0,10.8564,12.2853,26.7192,0.4768,18.6643,15.8647,False,True
10.0,2.0,300.0,26.0,10,20.62,292.7857,2142.255,7.3168,2356.4805,1.3865,22.327,32.4764,89.7138,362.0,1344.0,13.5705,15.3566,32.6569,0.596,18.6643,15.8647,False,True
10.0,2.0,300.0,26.0,12,20.62,354.0038,2593.256,7.3255,2852.5816,1.3908,27.1343,39.601,91.2464,434.0,1488.0,16.2846,18.4279,38.5945,0.7152,18.6643,15.8647,False,True
10.0,2.0,300.0,26.0,16,20.62,476.4399,3495.2581,7.3362,3844.7839,1.3959,36.7491,53.8419,93.1521,578.0,1776.0,21.7127,24.5705,50.4697,0.9536,18.6643,15.8647,False,True
10.0,2.5,300.0,18.0,4,20.62,58.2517,564.1721,9.6851,620.5893,1.3883,5.8554,8.529,60.9217,140.0,900.0,4.806,5.6991,14.844,0.2065,19.887,16.9039,False,True
10.0,2.5,300.0,18.0,6,20.62,90.3955,886.5561,9.8075,975.2118,1.4212,9.5204,14.2208,66.1431,215.0,1050.0,7.209,8.5486,22.266,0.3097,19.887,16.9039,False,True
10.0,2.5,300.0,18.0,8,20.62,122.5394,1208.9402,9.8657,1329.8342,1.4374,13.1699,19.9127,71.7574,277.5,1175.0,9.6121,11.3982,25.977,0.413,19.887,16.9039,False,True
10.0,2.5,300.0,18.0,10,20.62,154.6832,1531.3243,9.8997,1684.4567,1.4472,16.8342,25.6392,75.4094,340.0,1300.0,12.0151,14.2477,29.6881,0.5162,19.887,16.9039,False,True
10.0,2.5,300.0,18.0,12,20.62,186.827,1853.7083,9.9221,2039.0791,1.4539,20.4817,31.3488,75.5392,415.0,1450.0,14.4181,17.0973,37.1101,0.6194,19.887,16.9039,False,True
10.0,2.5,300.0,18.0,16,20.62,251.1147,2498.4764,9.9495,2748.3241,1.4614,27.7888,42.7672,77.4067,552.5,1725.0,19.2241,22.7964,48.2431,0.8259,19.887,16.9039,False,True
10.0,2.5,300.0,22.0,4,20.62,76.5975,678.1069,8.8529,745.9176,1.3846,7.0207,10.1974,66.8683,152.5,925.0,5.7956,6.6887,18.555,0.2522,19.887,16.9039,False,True
10.0,2.5,300.0,22.0,6,20.62,119.2246,1065.5966,8.9377,1172.1563,1.4117,11.3406,16.8176,78.2215,215.0,1050.0,8.6934,10.033,22.266,0.3784,19.887,16.9039,False,True
10.0,2.5,300.0,22.0,8,20.62,161.8517,1453.0863,8.9779,1598.3949,1.4246,15.6703,23.4669,80.9202,290.0,1200.0,11.5913,13.3774,29.6881,0.5045,19.887,16.9039,False,True
10.0,2.5,300.0,22.0,10,20.62,204.4789,1840.5759,9.0013,2024.6335,1.432,19.9978,30.1154,82.5078,365.0,1350.0,14.4891,16.7217,37.1101,0.6306,19.887,16.9039,False,True
10.0,2.5,300.0,22.0,12,20.62,247.106,2228.0656,9.0166,2450.8722,1.4371,24.304,36.7396,83.4992,440.0,1500.0,17.3869,20.0661,44.5321,0.7567,19.887,16.9039,False,True
10.0,2.5,300.0,22.0,16,20.62,332.3602,3003.045,9.0355,3303.3495,1.4439,32.9701,50.0908,86.7372,577.5,1775.0,23.1825,26.7548,55.6651,1.009,19.887,16.9039,False,True
10.0,2.5,300.0,26.0,4,20.62,113.1773,791.4508,6.993,870.5959,1.3409,7.8029,10.9486,71.7942,152.5,925.0,6.7852,7.6783,18.555,0.298,19.887,16.9039,False,True
10.0,2.5,300.0,26.0,6,20.62,176.7072,1243.7084,7.0382,1368.0793,1.3619,12.5956,17.971,78.9934,227.5,1075.0,10.1778,11.5174,25.977,0.447,19.887,16.9039,False,True
10.0,2.5,300.0,26.0,8,20.62,240.2371,1695.966,7.0596,1865.5626,1.3723,17.3919,25.019,82.7074,302.5,1225.0,13.5705,15.3566,33.3991,0.596,19.887,16.9039,False,True
10.0,2.5,300.0,26.0,10,20.62,303.767,2148.2236,7.0719,2363.046,1.3782,22.1799,32.0541,84.9114,377.5,1375.0,16.9631,19.1957,40.8211,0.745,19.887,16.9039,False,True
10.0,2.5,300.0,26.0,12,20.62,367.2968,2600.4813,7.0801,2860.5294,1.3824,26.9779,39.1165,86.4453,452.5,1525.0,20.3557,23.0349,48.2431,0.894,19.887,16.9039,False,True
10.0,2.5,300.0,26.0,16,20.62,494.3566,3504.9965,7.09,3855.4961,1.3873,36.5538,53.2042,88.3057,602.5,1825.0,27.1409,30.7132,63.0871,1.1921,19.887,16.9039,False,True
10.0,3.0,300.0,18.0,4,20.62,60.3307,565.6782,9.3763,622.2461,1.3826,5.8341,8.4607,57.95,146.0,912.0,5.7672,6.8389,17.8128,0.2478,21.073,17.912,False,True
10.0,3.0,300.0,18.0,6,20.62,93.6625,888.9229,9.4907,977.8152,1.415,9.4886,14.1072,62.9784,224.0,1068.0,8.6509,10.2584,26.7192,0.3717,21.073,17.912,False,True
10.0,3.0,300.0,18.0,8,20.62,126.9943,1212.1677,9.5451,1333.3844,1.431,13.1278,19.7539,68.3525,289.0,1198.0,11.5345,13.6778,31.1725,0.4955,21.073,17.912,False,True
10.0,3.0,300.0,18.0,10,20.62,160.3262,1535.4124,9.5768,1688.9536,1.4406,16.7831,25.4366,71.8549,354.0,1328.0,14.4181,17.0973,35.6257,0.6194,21.073,17.912,False,True
10.0,3.0,300.0,18.0,12,20.62,193.658,1858.6571,9.5976,2044.5228,1.4466,20.4206,31.0866,71.9598,432.0,1484.0,17.3017,20.5167,44.5321,0.7433,21.073,17.912,False,True
10.0,3.0,300.0,18.0,16,20.62,260.3217,2505.1465,9.6233,2755.6611,1.4545,27.7081,42.4298,73.791,575.0,1770.0,23.0689,27.3556,57.8917,0.9911,21.073,17.912,False,True
10.0,3.0,300.0,22.0,4,20.62,79.2807,679.8938,8.5758,747.8832,1.3779,6.9896,10.0987,63.5142,159.0,938.0,6.9548,8.0264,22.266,0.3027,21.073,17.912,False,True
10.0,3.0,300.0,22.0,6,20.62,123.4411,1068.4046,8.6552,1175.245,1.4044,11.3023,16.6684,74.4125,224.0,1068.0,10.4321,12.0396,26.7192,0.454,21.073,17.912,False,True
10.0,3.0,300.0,22.0,8,20.62,167.6014,1456.9153,8.6927,1602.6069,1.4171,15.6078,23.2413,76.958,302.0,1224.0,13.9095,16.0529,35.6257,0.6054,21.073,17.912,False,True
10.0,3.0,300.0,22.0,10,20.62,211.7618,1845.4261,8.7146,2029.9687,1.425,19.9199,29.8399,78.5261,380.0,1380.0,17.3869,20.0661,44.5321,0.7567,21.073,17.912,False,True
10.0,3.0,300.0,22.0,12,20.62,255.9222,2233.9368,8.729,2457.3305,1.43,24.24,36.448,79.5808,458.0,1536.0,20.8643,24.0793,53.4385,0.9081,21.073,17.912,False,True
10.0,3.0,300.0,22.0,16,20.62,344.243,3010.9583,8.7466,3312.0542,1.4366,32.848,49.6368,82.5904,601.0,1822.0,27.819,32.1057,66.7981,1.2108,21.073,17.912,False,True
10.0,3.0,300.0,26.0,4,20.62,117.098,793.2031,6.7738,872.5234,1.3336,7.7475,10.807,67.9686,159.0,938.0,8.1423,9.2139,22.266,0.3576,21.073,17.912,False,True
10.0,3.0,300.0,26.0,6,20.62,182.8683,1246.462,6.8162,1371.1082,1.3542,12.5117,17.7427,74.8639,237.0,1094.0,12.2134,13.8209,31.1725,0.5364,21.073,17.912,False,True
10.0,3.0,300.0,26.0,8,20.62,248.6386,1699.7209,6.8361,1869.693,1.3644,17.2794,24.7034,78.4236,315.0,1250.0,16.2846,18.4279,40.0789,0.7152,21.073,17.912,False,True
10.0,3.0,300.0,26.0,10,20.62,314.4089,2152.9798,6.8477,2368.2778,1.3702,22.0387,31.6512,80.5375,393.0,1406.0,20.3557,23.0349,48.9853,0.894,21.073,17.912,False,True
10.0,3.0,300.0,26.0,12,20.62,380.1792,2606.2387,6.8553,2866.8626,1.3743,26.7876,38.5965,81.9458,471.0,1562.0,24.4268,27.6418,57.8917,1.0729,21.073,17.912,False,True
10.0,3.0,300.0,26.0,16,20.62,511.7197,3512.7565,6.8646,3864.0322,1.3786,36.3108,52.4934,83.7215,627.0,1874.0,32.5691,36.8558,75.7045,1.4305,21.073,17.912,False,True
10.0,4.0,300.0,18.0,4,20.62,64.5051,568.7745,8.8175,625.652,1.3711,5.7982,8.3328,52.7391,158.0,936.0,7.6896,9.1185,23.7504,0.3304,22.9893,19.5409,False,True
10.0,4.0,300.0,18.0,6,20.62,100.2222,893.7885,8.9181,983.1674,1.4024,9.4249,13.8785,57.3493,242.0,1104.0,11.5345,13.6778,35.6257,0.4955,22.9893,19.5409,False,True
10.0,4.0,300.0,18.0,8,20.62,135.9394,1218.8025,8.9658,1340.6828,1.4179,13.0592,19.4573,62.3633,312.0,1244.0,15.3793,18.2371,41.5633,0.6607,22.9893,19.5409,False,True
10.0,4.0,300.0,18.0,10,20.62,171.6566,1543.8165,8.9936,1698.1982,1.4266,16.6789,25.0146,65.4833,382.0,1384.0,19.2241,22.7964,47.5009,0.8259,22.9893,19.5409,False,True
10.0,4.0,300.0,18.0,12,20.62,207.3738,1868.8305,9.0119,2055.7136,1.4329,20.2973,30.5866,65.6365,466.0,1552.0,23.0689,27.3556,59.3761,0.9911,22.9893,19.5409,False,True
10.0,4.0,300.0,18.0,16,20.62,278.8081,2518.8585,9.0344,2770.7444,1.44,27.5461,41.7302,67.3068,620.0,1860.0,30.7586,36.4742,77.1889,1.3214,22.9893,19.5409,False,True
10.0,4.0,300.0,22.0,4,20.62,84.8368,683.3371,8.0547,751.6708,1.3651,6.9283,9.91,57.6165,172.0,964.0,9.273,10.7019,29.6881,0.4036,22.9893,19.5409,False,True
10.0,4.0,300.0,22.0,6,20.62,132.1721,1073.8154,8.1244,1181.1969,1.3907,11.2105,16.36,67.6032,242.0,1104.0,13.9095,16.0529,35.6257,0.6054,22.9893,19.5409,False,True
10.0,4.0,300.0,22.0,8,20.62,179.5073,1464.2937,8.1573,1610.723,1.403,15.4853,22.8123,69.9764,326.0,1272.0,18.546,21.4038,47.5009,0.8072,22.9893,19.5409,False,True
10.0,4.0,300.0,22.0,10,20.62,226.8426,1854.772,8.1765,2040.2492,1.4106,19.767,29.2899,71.4387,410.0,1440.0,23.1825,26.7548,59.3761,1.009,22.9893,19.5409,False,True
10.0,4.0,300.0,22.0,12,20.62,274.1779,2245.2503,8.189,2469.7753,1.4154,24.0277,35.7339,72.3359,494.0,1608.0,27.819,32.1057,71.2513,1.2108,22.9893,19.5409,False,True
10.0,4.0,300.0,22.0,16,20.62,368.8485,3026.2069,8.2045,3328.8276,1.4212,32.6064,48.7053,75.1624,648.0,1916.0,37.092,42.8076,89.0642,1.6144,22.9893,19.5409,False,True
10.0,4.0,300.0,26.0,4,20.62,124.573,796.1721,6.3912,875.7893,1.3196,7.6261,10.5172,61.1467,172.0,964.0,10.8564,12.2853,29.6881,0.4768,22.9893,19.5409,False,True
10.0,4.0,300.0,26.0,6,20.62,194.6147,1251.1276,6.4287,1376.2404,1.3395,12.327,17.2763,67.4854,256.0,1132.0,16.2846,18.4279,41.5633,0.7152,22.9893,19.5409,False,True
10.0,4.0,300.0,26.0,8,20.62,264.6565,1706.0831,6.4464,1876.6914,1.3488,17.0298,24.0474,70.7276,340.0,1300.0,21.7127,24.5705,53.4385,0.9536,22.9893,19.5409,False,True
10.0,4.0,300.0,26.0,10,20.62,334.6982,2161.0386,6.4567,2377.1425,1.3549,21.7264,30.8282,72.708,424.0,1468.0,27.1409,30.7132,65.3137,1.1921,22.9893,19.5409,False,True
10.0,4.0,300.0,26.0,12,20.62,404.7399,2615.9941,6.4634,2877.5935,1.3584,26.431,37.6071,74.0297,508.0,1636.0,32.5691,36.8558,77.1889,1.4305,22.9893,19.5409,False,True
10.0,4.0,300.0,26.0,16,20.62,544.8234,3525.9051,6.4716,3878.4956,1.363,35.8084,51.1374,75.647,676.0,1972.0,43.4255,49.1411,100.9394,1.9073,22.9893,19.5409,False,True
